{"type":"FeatureCollection","features":[{"type":"Feature","properties":{"id":"900","municipality":"2900702","density":"Densa","type":"Área urbanizada","state":"BA"},"geometry":{"type":"Polygon","coordinates":[[[-38.443056902,-12.114999004],[-38.4441276589999,-12.116158991],[-38.446589537,-12.114300826],[-38.4481727429999,-12.1119949339999],[-38.4458756989999,-12.1104639449999],[-38.444960471,-12.111072893],[-38.4442466319999,-12.110031879],[-38.4430271579999,-12.1094965],[-38.4421943469999,-12.110091365],[-38.439814886,-12.114493368],[-38.441807685,-12.115891302],[-38.443056902,-12.114999004]]]}},{"type":"Feature","properties":{"id":"901","municipality":"2900702","density":"Densa","type":"Outros equipamentos urbanos","state":"BA"},"geometry":{"type":"Polygon","coordinates":[[[-38.4300280689999,-12.166017194],[-38.428065013,-12.16497618],[-38.4283921889999,-12.164113625],[-38.427529635,-12.16369722],[-38.4276783509999,-12.163221327],[-38.426786053,-12.162804922],[-38.4263696469999,-12.163370044],[-38.4251204299999,-12.162953638],[-38.424525565,-12.163280814],[-38.423573781,-12.165214126],[-38.4226814829999,-12.1651248959999],[-38.421878415,-12.1667607759999],[-38.425923498,-12.169497156],[-38.42821373,-12.170151508],[-38.4300280689999,-12.166017194]]]}},{"type":"Feature","properties":{"id":"902","municipality":"2900702","density":"Densa","type":"Área urbanizada","state":"BA"},"geometry":{"type":"Polygon","coordinates":[[[-38.388358572,-12.152792513],[-38.3866794479999,-12.154384786],[-38.3885612249999,-12.156932422],[-38.39105096,-12.156295513],[-38.388358572,-12.152792513]]]}},{"type":"Feature","properties":{"id":"903","municipality":"2900702","density":"Densa","type":"Área urbanizada","state":"BA"},"geometry":{"type":"Polygon","coordinates":[[[-38.4475184419999,-12.141545802],[-38.4482416289999,-12.1396405199999],[-38.452396285,-12.1392086179999],[-38.4532373869999,-12.1401431749999],[-38.453167295,-12.1392086179999],[-38.45361121,-12.139231982],[-38.4545924949999,-12.140306723],[-38.453704666,-12.138647883],[-38.4518355509999,-12.138577792],[-38.4518355509999,-12.136661949],[-38.45129818,-12.1367086769999],[-38.4509710849999,-12.138577792],[-38.448354324,-12.1380637849999],[-38.447511015,-12.1386484669999],[-38.4458751349999,-12.138053601],[-38.445740696,-12.137185098],[-38.4465735639999,-12.135954446],[-38.447492933,-12.135760701],[-38.4473144729999,-12.134035592],[-38.4482662579999,-12.1336489289999],[-38.446999215,-12.12860139],[-38.448260868,-12.1280406549999],[-38.44833096,-12.126989278],[-38.4502935309999,-12.126451908],[-38.4499430719999,-12.1250967989999],[-38.4477001339999,-12.125564078],[-38.446228205,-12.1252603469999],[-38.4454338309999,-12.1257743529999],[-38.444779641,-12.124442609],[-38.4467188479999,-12.1234379599999],[-38.446695484,-12.122456674],[-38.4458543819999,-12.1221529429999],[-38.442980618,-12.124068786],[-38.442536703,-12.12397533],[-38.441602146,-12.123134228],[-38.440877863,-12.1211950209999],[-38.4396162109999,-12.120494103],[-38.4385881979999,-12.1216623],[-38.438004099,-12.120377284],[-38.4375601839999,-12.1204240109999],[-38.436835902,-12.11958291],[-38.4362751679999,-12.1198866409999],[-38.4355508859999,-12.1194427259999],[-38.435854617,-12.1186717159999],[-38.4362518039999,-12.1188119],[-38.437466728,-12.11804089],[-38.4364387149999,-12.1174567909999],[-38.436812538,-12.1166156899999],[-38.436321896,-12.1163119579999],[-38.4384947419999,-12.112527],[-38.4383311939999,-12.112199905],[-38.4350368789999,-12.117433427],[-38.4303874549999,-12.11484003],[-38.4299201759999,-12.1149334859999],[-38.4291258019999,-12.1172231519999],[-38.427046412,-12.118204437],[-38.432770577,-12.120494103],[-38.4326303929999,-12.121054838],[-38.4330275799999,-12.121335205],[-38.4321233369999,-12.1227172509999],[-38.4311880559999,-12.1229192069999],[-38.4255665789999,-12.1225622869999],[-38.424168646,-12.127767358],[-38.4251204299999,-12.1291058049999],[-38.425001457,-12.130384765],[-38.4237522399999,-12.12842171],[-38.4225030229999,-12.127321209],[-38.424168646,-12.121342814],[-38.423781983,-12.1176843919999],[-38.422859942,-12.116345946],[-38.417625128,-12.112836241],[-38.417595385,-12.109475252],[-38.4159000189999,-12.106709128],[-38.4152159239999,-12.1072147639999],[-38.416137965,-12.108523467],[-38.416137965,-12.109415765],[-38.415067208,-12.109772684],[-38.4141154229999,-12.107720399],[-38.4135800439999,-12.1076906559999],[-38.412092881,-12.109713198],[-38.410932894,-12.112984957],[-38.4128959489999,-12.115780824],[-38.40706627,-12.1178033649999],[-38.4069770399999,-12.1188443799999],[-38.4062632019999,-12.11866592],[-38.406114486,-12.118190028],[-38.4016529959999,-12.1179520819999],[-38.401712483,-12.119022839],[-38.4068283239999,-12.119974624],[-38.4064119179999,-12.120956151],[-38.4033186189999,-12.120391029],[-38.40278324,-12.12158076],[-38.399362765,-12.119617704],[-38.3988273859999,-12.1203612859999],[-38.399005846,-12.120956151],[-38.400582239,-12.121967422],[-38.3996007109999,-12.1239602209999],[-38.3999278869999,-12.12422791],[-38.3986489269999,-12.126518141],[-38.3986191829999,-12.126934547],[-38.3993032779999,-12.127410439],[-38.3973104799999,-12.129641184],[-38.3973104799999,-12.131128347],[-38.398024318,-12.1315744959999],[-38.3962099789999,-12.137463662],[-38.396061263,-12.14391795],[-38.395436654,-12.144988707],[-38.3952581949999,-12.147516885],[-38.3959720329999,-12.149539427],[-38.3950729119999,-12.151411895],[-38.3958507749999,-12.151411895],[-38.3959697479999,-12.153018032],[-38.394807546,-12.1533031],[-38.3949310189999,-12.154863471],[-38.3957340869999,-12.155071673],[-38.4004930089999,-12.1534060509999],[-38.4022776049999,-12.1536737399999],[-38.4034375919999,-12.153049132],[-38.4044786059999,-12.151294279],[-38.404984242,-12.151383509],[-38.4048950119999,-12.151799915],[-38.4058467959999,-12.1514727389999],[-38.405400647,-12.149420453],[-38.406382175,-12.1478143169999],[-38.4069472969999,-12.1485281559999],[-38.4075124189999,-12.148409183],[-38.408315487,-12.147576371],[-38.4080775409999,-12.146148695],[-38.4093565009999,-12.1453456269999],[-38.408731893,-12.1435610309999],[-38.40706627,-12.142847192],[-38.408850866,-12.140497475],[-38.409683677,-12.1414790019999],[-38.4091185549999,-12.1423713],[-38.412271341,-12.1450184509999],[-38.411557503,-12.146327154],[-38.4100405959999,-12.145970235],[-38.410219056,-12.148082007],[-38.409951366,-12.148617385],[-38.408850866,-12.148676872],[-38.4088211219999,-12.150610184],[-38.40989188,-12.1508481299999],[-38.4101893119999,-12.154655268],[-38.409029325,-12.15504193],[-38.4091185549999,-12.155577309],[-38.407452932,-12.155904485],[-38.40697704,-12.15522039],[-38.4057278229999,-12.155279876],[-38.403794511,-12.154179376],[-38.40287247,-12.1553988489999],[-38.4031104159999,-12.155904485],[-38.4023370909999,-12.157302418],[-38.4028129829999,-12.1578080539999],[-38.4015935099999,-12.160038798],[-38.4038539979999,-12.1613772449999],[-38.406352432,-12.161763907],[-38.40697704,-12.1613475019999],[-38.4084939469999,-12.159711622],[-38.4084939469999,-12.158938298],[-38.4093565009999,-12.157986513],[-38.407690878,-12.156737296],[-38.407839595,-12.1564398629999],[-38.408731893,-12.156142431],[-38.4108734079999,-12.156529093],[-38.411557503,-12.1558152549999],[-38.412985179,-12.156618323],[-38.415662073,-12.15667781],[-38.416018992,-12.1563803769999],[-38.417119493,-12.1568562689999],[-38.417119493,-12.1572726749999],[-38.418241258,-12.1573712219999],[-38.417790246,-12.1586407369999],[-38.4167789749999,-12.158343305],[-38.416570772,-12.158878684],[-38.416124623,-12.158878684],[-38.4160056499999,-12.159354576],[-38.416570772,-12.1596817519999],[-38.416303082,-12.1605145629999],[-38.416719488,-12.160811996],[-38.416332826,-12.1611986579999],[-38.415886677,-12.160871482],[-38.415440528,-12.161436604],[-38.4164220549999,-12.16185301],[-38.418933832,-12.1574511339999],[-38.419974846,-12.157213188],[-38.4207481709999,-12.15768908],[-38.4229789149999,-12.1545065509999],[-38.424287619,-12.154328092],[-38.424406592,-12.153049132],[-38.4231871179999,-12.152067604],[-38.4234250639999,-12.151294279],[-38.424317362,-12.151294279],[-38.424138903,-12.150401981],[-38.4236035239999,-12.150074805],[-38.42384147,-12.149777373],[-38.425090687,-12.149777373],[-38.425031201,-12.150550697],[-38.4258342689999,-12.1507291569999],[-38.427380918,-12.1503722379999],[-38.428005527,-12.148974305],[-38.4277080939999,-12.1467435599999],[-38.4291952569999,-12.146089208],[-38.429760379,-12.146713817],[-38.4286598789999,-12.149509683],[-38.4289275679999,-12.1514727389999],[-38.428273216,-12.15221632],[-38.425715296,-12.1518891439999],[-38.42538812,-12.1521865769999],[-38.4256855519999,-12.154655268],[-38.4301767849999,-12.153554767],[-38.430533704,-12.154328092],[-38.4323480429999,-12.154030659],[-38.4320208669999,-12.1512645359999],[-38.4354413419999,-12.149807116],[-38.4350546799999,-12.148914818],[-38.434311098,-12.149420453],[-38.433567517,-12.149241994],[-38.433210598,-12.148587642],[-38.4371069649999,-12.145672802],[-38.4398433449999,-12.14683279],[-38.441538711,-12.148141493],[-38.4435017669999,-12.150342495],[-38.443025874,-12.1506696709999],[-38.443144847,-12.1510563329999],[-38.443828942,-12.150877873],[-38.444691497,-12.15221632],[-38.44225255,-12.152662469],[-38.442312036,-12.153168105],[-38.44189563,-12.1531978479999],[-38.441419738,-12.152275807],[-38.441687428,-12.150283008],[-38.4401407779999,-12.1496584],[-38.43933771,-12.1527219559999],[-38.440111035,-12.155666539],[-38.4404382109999,-12.154744497],[-38.4424607519999,-12.1539711729999],[-38.443977659,-12.1600090549999],[-38.4471007009999,-12.161228529],[-38.4487663239999,-12.159205987],[-38.446416606,-12.15641012],[-38.445345849,-12.1567670389999],[-38.444275091,-12.154922957],[-38.4454350789999,-12.1541198889999],[-38.4467437819999,-12.1556962819999],[-38.4489447839999,-12.156618323],[-38.449123243,-12.157986513],[-38.449956055,-12.158849068],[-38.450491433,-12.1586408649999],[-38.451205272,-12.159919825],[-38.4514134739999,-12.1584921489999],[-38.4500155409999,-12.156112688],[-38.4494206759999,-12.154060402],[-38.453525246,-12.154922957],[-38.453168327,-12.15658858],[-38.452692435,-12.157064472],[-38.452900638,-12.1578080539999],[-38.453644219,-12.1575998509999],[-38.4548636929999,-12.1584921489999],[-38.455874964,-12.15641012],[-38.4572728969999,-12.156826526],[-38.4586410869999,-12.15632089],[-38.4612584939999,-12.157153702],[-38.462596941,-12.158432662],[-38.463578469,-12.158789581],[-38.4620913059999,-12.1572726749999],[-38.4619425889999,-12.156618323],[-38.459979534,-12.155488079],[-38.4571539239999,-12.155279876],[-38.455577531,-12.154685011],[-38.45730264,-12.1520973469999],[-38.4558154769999,-12.1512645359999],[-38.455577531,-12.150312751],[-38.454982666,-12.150074805],[-38.452841151,-12.152662469],[-38.4520380829999,-12.152067604],[-38.449201681,-12.153485542],[-38.448498635,-12.151948631],[-38.4463162229999,-12.1537164959999],[-38.443912224,-12.1498963459999],[-38.4455481029999,-12.14930148],[-38.444864008,-12.147368168],[-38.4469460359999,-12.146475871],[-38.448641402,-12.1449292209999],[-38.454055125,-12.1436944939999],[-38.45491959,-12.142736573],[-38.456017696,-12.142619753],[-38.4579923049999,-12.1434047189999],[-38.4619779019999,-12.142006786],[-38.461739956,-12.1409360289999],[-38.465249661,-12.1415606369999],[-38.466201445,-12.143107287],[-38.466826054,-12.1428693409999],[-38.466082472,-12.141709353],[-38.4691460279999,-12.140638596],[-38.469116285,-12.139478609],[-38.466945027,-12.139924758],[-38.4662609319999,-12.136980175],[-38.465636323,-12.136980175],[-38.4648035119999,-12.1374263239999],[-38.4647142819999,-12.1390324599999],[-38.462810713,-12.139062203],[-38.462364564,-12.1401032169999],[-38.459985103,-12.1390324599999],[-38.460244219,-12.138133176],[-38.4594199809999,-12.1371586339999],[-38.4585871699999,-12.1401329609999],[-38.4599256169999,-12.140608853],[-38.460371766,-12.1420365289999],[-38.4574569259999,-12.142690881],[-38.4553868689999,-12.141848743],[-38.454218672,-12.1422225659999],[-38.453774757,-12.1430169399999],[-38.453097203,-12.143227215],[-38.451718731,-12.143157124],[-38.449094835,-12.141664775],[-38.4475184419999,-12.141545802]]]}},{"type":"Feature","properties":{"id":"904","municipality":"2900702","density":"Densa","type":"Área urbanizada","state":"BA"},"geometry":{"type":"Polygon","coordinates":[[[-38.377122893,-11.9605204989999],[-38.3778676149999,-11.960079745],[-38.3785059479999,-11.95840792],[-38.377898011,-11.957465619],[-38.378353964,-11.9572072459999],[-38.3796914239999,-11.958271135],[-38.379995392,-11.959183039],[-38.3804513439999,-11.958879071],[-38.37963063,-11.957283238],[-38.377518051,-11.9558393889999],[-38.3783691619999,-11.9543955399999],[-38.377989202,-11.954228357],[-38.377107694,-11.955520222],[-38.3758614239999,-11.955018675],[-38.3755422579999,-11.955550619],[-38.377548448,-11.9579215709999],[-38.375770234,-11.960368515],[-38.377122893,-11.9605204989999]]]}},{"type":"Feature","properties":{"id":"905","municipality":"2903201","density":"Densa","type":"Vazio intraurbano","state":"BA"},"geometry":{"type":"Polygon","coordinates":[[[-45.003006606,-12.145114672],[-45.002292768,-12.1466315779999],[-45.002560457,-12.1484459169999],[-45.0035717279999,-12.1478807949999],[-45.003423012,-12.146691064],[-45.003839418,-12.146691064],[-45.00431531,-12.1476725919999],[-45.0062486219999,-12.146869524],[-45.0062783649999,-12.145798767],[-45.007468096,-12.1442521169999],[-45.007468096,-12.143508535],[-45.006010676,-12.140861385],[-45.0033040389999,-12.1400880599999],[-45.0020845649999,-12.140326006],[-45.000984064,-12.1412183039999],[-45.001340984,-12.14428186],[-45.003006606,-12.145114672]]]}},{"type":"Feature","properties":{"id":"906","municipality":"2903201","density":"Densa","type":"Outros equipamentos urbanos","state":"BA"},"geometry":{"type":"Polygon","coordinates":[[[-45.0211037009999,-12.148246577],[-45.0202626559999,-12.1486978689999],[-45.020649318,-12.149411707],[-45.023079267,-12.148480778],[-45.0226937949999,-12.1476777099999],[-45.021890727,-12.147838323],[-45.02169799,-12.1472922369999],[-45.020894922,-12.147774078],[-45.0211037009999,-12.148246577]]]}},{"type":"Feature","properties":{"id":"907","municipality":"2903201","density":"Densa","type":"Área urbanizada","state":"BA"},"geometry":{"type":"Polygon","coordinates":[[[-45.028938479,-12.22028403],[-45.028789763,-12.220819409],[-45.026261586,-12.220759922],[-45.025785694,-12.22174145],[-45.02019396,-12.2213547879999],[-45.021205231,-12.2244480869999],[-45.0250421119999,-12.2276306159999],[-45.027094397,-12.226321912],[-45.0303364129999,-12.225786534],[-45.029414372,-12.224983466],[-45.0289682229999,-12.223912708],[-45.028938479,-12.222157856],[-45.030098467,-12.2206112059999],[-45.028938479,-12.22028403]]]}},{"type":"Feature","properties":{"id":"908","municipality":"2903201","density":"Densa","type":"Área urbanizada","state":"BA"},"geometry":{"type":"Polygon","coordinates":[[[-44.997888879,-12.11362728],[-44.9947836819999,-12.1177318499999],[-44.997960263,-12.1201232089999],[-44.996568278,-12.1215151929999],[-44.9998519339999,-12.124049319],[-44.998852561,-12.125227153],[-45.0018149899999,-12.1270831319999],[-45.001672222,-12.129153263],[-45.000208853,-12.1290818789999],[-44.999887626,-12.130973551],[-45.0014937619999,-12.1312947779999],[-45.001029767,-12.1364344139999],[-45.0001017779999,-12.136684257],[-45.0000389529999,-12.1377553149999],[-44.998901014,-12.137663857],[-44.9989633989999,-12.1371015469999],[-44.9984572559999,-12.136764119],[-44.997423881,-12.1367430299999],[-44.997967602,-12.1394014869999],[-44.996688642,-12.140383014],[-44.993894954,-12.138993524],[-44.993156131,-12.137708615],[-44.9937343399999,-12.136648565],[-44.990939663,-12.134721202],[-44.9907148039999,-12.133243557],[-44.9915821169999,-12.131219825],[-44.991003908,-12.13080223],[-44.991293013,-12.1298706709999],[-44.989783245,-12.128553639],[-44.989269281,-12.1297421799999],[-44.9881771089999,-12.13044888],[-44.98795225,-12.131573175],[-44.9856072909999,-12.130545248],[-44.9848684679999,-12.132119261],[-44.9822022819999,-12.130834352],[-44.983037473,-12.129485198],[-44.9810779869999,-12.1287142529999],[-44.980628269,-12.1297421799999],[-44.970638102,-12.123124899],[-44.968807106,-12.12691538],[-44.966301534,-12.133886011],[-44.963217753,-12.1327938389999],[-44.961611616,-12.13729102],[-44.96402699,-12.1386052029999],[-44.9645796989999,-12.1374537259999],[-44.964758159,-12.135490671],[-44.966037119,-12.135966563],[-44.965739686,-12.1369778339999],[-44.9668401869999,-12.1374537259999],[-44.966602241,-12.138316281],[-44.9659478889999,-12.1382270509999],[-44.965977632,-12.137751159],[-44.9649068749999,-12.137840389],[-44.964872231,-12.138758459],[-44.966397902,-12.1388971559999],[-44.965209361,-12.141723956],[-44.964181434,-12.141691833],[-44.964149312,-12.139475365],[-44.96212558,-12.139218383],[-44.961740107,-12.141627588],[-44.958720571,-12.1414027289999],[-44.9584635889999,-12.1425591469999],[-44.961579494,-12.142751883],[-44.961836475,-12.143490706],[-44.9634426119999,-12.1439404239999],[-44.9638280839999,-12.142976742],[-44.9650808709999,-12.143008865],[-44.96353898,-12.147056328],[-44.965498466,-12.1483412369999],[-44.9674579519999,-12.148951569],[-44.9658375389999,-12.153852069],[-44.966515686,-12.154030528],[-44.9662301499999,-12.154851442],[-44.9701562609999,-12.156172043],[-44.971512554,-12.153923452],[-44.973546993,-12.154565907],[-44.97404668,-12.153280998],[-44.9761881949999,-12.154030528],[-44.977030524,-12.152003227],[-44.977705101,-12.152003227],[-44.977833592,-12.151585632],[-44.980853128,-12.152163841],[-44.983519314,-12.1509110549999],[-44.9846114859999,-12.151360773],[-44.9857357819999,-12.149690391],[-44.9865388499999,-12.151778368],[-44.985318186,-12.1538021],[-44.985575168,-12.154026959],[-44.9838726639999,-12.155183377],[-44.9847399769999,-12.1557615859999],[-44.9844829959999,-12.156532531],[-44.9850612049999,-12.156918004],[-44.9856394139999,-12.156211304],[-44.9879201269999,-12.1571428629999],[-44.9881449859999,-12.156789513],[-44.9900402269999,-12.1572713539999],[-44.9899759809999,-12.1595520669999],[-44.9884340909999,-12.1595520669999],[-44.988466213,-12.158845367],[-44.988080741,-12.158845367],[-44.986731586,-12.159616313],[-44.9861402229999,-12.163440829],[-44.986442482,-12.163535285],[-44.9862626289999,-12.167703697],[-44.988144986,-12.1679039749999],[-44.988016495,-12.168482185],[-44.989237159,-12.168739166],[-44.988967557,-12.169801687],[-44.9902008399999,-12.1706022839999],[-44.9903848239999,-12.17017299],[-44.99106914,-12.170392488],[-44.9916632919999,-12.168671495],[-44.9930918849999,-12.1688034119999],[-44.9936058489999,-12.167454257],[-44.994248304,-12.1676791159999],[-44.99444104,-12.167357889],[-44.9938628309999,-12.167100907],[-44.993927076,-12.1667475569999],[-44.9962720349999,-12.166843926],[-44.996368403,-12.1661693479999],[-44.999741289,-12.166329962],[-45.0000946389999,-12.165205667],[-45.001154689,-12.16536628],[-45.001411671,-12.164145617],[-45.002439598,-12.1637280209999],[-45.003692384,-12.161543676],[-45.0051379069999,-12.1619291489999],[-45.004977293,-12.161222449],[-45.0062622019999,-12.1614473079999],[-45.006133711,-12.164145617],[-45.006615552,-12.165173544],[-45.00635857,-12.16642633],[-45.00481668,-12.1676469939999],[-45.004077857,-12.169124639],[-45.006390693,-12.171116248],[-45.007611357,-12.170634407],[-45.009313861,-12.170634407],[-45.0092174929999,-12.1698313389999],[-45.0084465469999,-12.169734971],[-45.008575038,-12.1681609569999],[-45.008864143,-12.167582748],[-45.0102454199999,-12.167229398],[-45.010406033,-12.166715435],[-45.0111448559999,-12.16642633],[-45.0106951379999,-12.1652699119999],[-45.0110163649999,-12.1649486849999],[-45.010277543,-12.1639850029999],[-45.010604515,-12.159627169],[-45.008575038,-12.159070227],[-45.008093197,-12.1594235759999],[-45.007739847,-12.15852414],[-45.0092482219999,-12.1564488459999],[-45.0085819729999,-12.156044338],[-45.0087485349999,-12.153450726],[-45.0094785369999,-12.153488301],[-45.0099241929999,-12.152292332],[-45.007386497,-12.152003227],[-45.0069367789999,-12.151425018],[-45.005202152,-12.1511680369999],[-45.0050415389999,-12.1505577049999],[-45.0044954519999,-12.150589827],[-45.004431207,-12.1497867589999],[-45.003082053,-12.149690391],[-45.00294265,-12.148715598],[-45.006654609,-12.148215911],[-45.0080822859999,-12.1471451539999],[-45.009417367,-12.147855827],[-45.0105595089999,-12.146892145],[-45.011665958,-12.143929716],[-45.0141261169999,-12.143575962],[-45.0167197289999,-12.1396498519999],[-45.0184474219999,-12.139147],[-45.018340346,-12.138433161],[-45.019304028,-12.137790707],[-45.018911417,-12.1364344139999],[-45.017162513,-12.1364701059999],[-45.0176621999999,-12.1357205759999],[-45.0183403459999,-12.1356135],[-45.0188757249999,-12.134221515],[-45.017519432,-12.133614753],[-45.018019119,-12.132543995],[-45.0189471089999,-12.1322941519999],[-45.0200892499999,-12.130795091],[-45.023943977,-12.1295101819999],[-45.023337214,-12.1278683539999],[-45.0267279459999,-12.1265834449999],[-45.027441785,-12.1281895819999],[-45.029833143,-12.1272258999999],[-45.028940845,-12.125048693],[-45.028048547,-12.1254056119999],[-45.0270491739999,-12.1229071779999],[-45.0279771629999,-12.122693027],[-45.0276916279999,-12.120837047],[-45.026406719,-12.121336734],[-45.0260854919999,-12.120480128],[-45.0240153609999,-12.121408118],[-45.023658442,-12.120551512],[-45.022123689,-12.121193966],[-45.0226590679999,-12.123085638],[-45.024051053,-12.1254413039999],[-45.0256928809999,-12.124834542],[-45.0260497999999,-12.1260837589999],[-45.021802462,-12.127404359],[-45.021552619,-12.1265834449999],[-45.020232018,-12.1269760559999],[-45.0206246289999,-12.128118198],[-45.0193754119999,-12.1284751169999],[-45.015627761,-12.117981694],[-45.015913296,-12.117838926],[-45.0156634529999,-12.1170893959999],[-45.015128074,-12.1169466279999],[-45.0145570029999,-12.1150549569999],[-45.012950867,-12.114983573],[-45.0122370289999,-12.114448194],[-45.0134148619999,-12.113591588],[-45.012736716,-12.113306053],[-45.012593948,-12.112413755],[-45.008310918,-12.111806993],[-45.007275853,-12.112092528],[-45.006776166,-12.1130205179999],[-45.0056697159999,-12.1130205179999],[-45.005062954,-12.1140198909999],[-45.003813737,-12.114305427],[-45.003527758,-12.114019448],[-45.0014882049999,-12.117586671],[-45.000417447,-12.1164564269999],[-45.0005663049999,-12.113760087],[-44.997888879,-12.11362728]],[[-45.000984064,-12.1412183039999],[-45.0020845649999,-12.140326006],[-45.0033040389999,-12.1400880599999],[-45.006010676,-12.140861385],[-45.007468096,-12.143508535],[-45.007468096,-12.1442521169999],[-45.0062783649999,-12.145798767],[-45.0062486219999,-12.146869524],[-45.00431531,-12.1476725919999],[-45.003839418,-12.146691064],[-45.003423012,-12.146691064],[-45.0035717279999,-12.1478807949999],[-45.002560457,-12.1484459169999],[-45.002292768,-12.1466315779999],[-45.003006606,-12.145114672],[-45.001340984,-12.14428186],[-45.000984064,-12.1412183039999]]]}},{"type":"Feature","properties":{"id":"909","municipality":"2910727","density":"Densa","type":"Área urbanizada","state":"BA"},"geometry":{"type":"Polygon","coordinates":[[[-39.582961822,-16.263952112],[-39.5833484839999,-16.265350046],[-39.583794633,-16.265320302],[-39.584062323,-16.2643982609999],[-39.5850735939999,-16.264011599],[-39.58504385,-16.26347622],[-39.586382297,-16.262494692],[-39.5862335809999,-16.2620485429999],[-39.582961822,-16.263952112]]]}},{"type":"Feature","properties":{"id":"910","municipality":"2910727","density":"Densa","type":"Área urbanizada","state":"BA"},"geometry":{"type":"Polygon","coordinates":[[[-39.6511999759999,-16.367300601],[-39.651299384,-16.3656390589999],[-39.6501222379999,-16.3653027309999],[-39.6499436199999,-16.367015066],[-39.6511999759999,-16.367300601]]]}},{"type":"Feature","properties":{"id":"911","municipality":"2910727","density":"Densa","type":"Área urbanizada","state":"BA"},"geometry":{"type":"Polygon","coordinates":[[[-39.5597754409999,-16.361216049],[-39.559132986,-16.360716362],[-39.558062229,-16.3608234379999],[-39.557776694,-16.360145291],[-39.556456093,-16.360073908],[-39.557062855,-16.363607407],[-39.5600502029999,-16.363323277],[-39.5597754409999,-16.361216049]]]}},{"type":"Feature","properties":{"id":"912","municipality":"2910727","density":"Densa","type":"Outros equipamentos urbanos","state":"BA"},"geometry":{"type":"Polygon","coordinates":[[[-39.58110756,-16.2750862139999],[-39.581672682,-16.2745805779999],[-39.580988587,-16.273985713],[-39.5817619119999,-16.273480078],[-39.5814049919999,-16.272795983],[-39.579947573,-16.273807254],[-39.58110756,-16.2750862139999]]]}},{"type":"Feature","properties":{"id":"913","municipality":"2910727","density":"Densa","type":"Área urbanizada","state":"BA"},"geometry":{"type":"Polygon","coordinates":[[[-39.6027728879999,-16.351888634],[-39.599346464,-16.3559241999999],[-39.601059676,-16.357294769],[-39.604543207,-16.353354382],[-39.6027728879999,-16.351888634]]]}},{"type":"Feature","properties":{"id":"914","municipality":"2910727","density":"Densa","type":"Área urbanizada","state":"BA"},"geometry":{"type":"Polygon","coordinates":[[[-39.5761257089999,-16.3322604369999],[-39.575097782,-16.3321640689999],[-39.5750656589999,-16.3351836049999],[-39.5734595229999,-16.3348302549999],[-39.5724315959999,-16.335247851],[-39.571500037,-16.3348945009999],[-39.571275178,-16.334219924],[-39.57047211,-16.334123555],[-39.5700545139999,-16.333095628],[-39.5692835689999,-16.333384733],[-39.5694120599999,-16.334155678],[-39.5675168189999,-16.3341878009999],[-39.566777996,-16.331682228],[-39.564015442,-16.332549542],[-39.567805923,-16.33547271],[-39.5684162549999,-16.3375928099999],[-39.5677416779999,-16.339102578],[-39.568833851,-16.341447536],[-39.572303105,-16.342250605],[-39.5729776819999,-16.343407023],[-39.573234664,-16.346137454],[-39.5727849459999,-16.3497673219999],[-39.57166065,-16.349638831],[-39.571628528,-16.346426559],[-39.5706006,-16.3464586809999],[-39.570298409,-16.3506560509999],[-39.569945059,-16.351137891],[-39.5702341629999,-16.3531937459999],[-39.5741531359999,-16.353386482],[-39.5741852579999,-16.352358555],[-39.576369604,-16.352583414],[-39.576241113,-16.3535792179999],[-39.57550229,-16.353547096],[-39.5753416759999,-16.354157427],[-39.574763467,-16.3543180409999],[-39.5756629039999,-16.3557314409999],[-39.5745707309999,-16.3577551719999],[-39.5753416759999,-16.3580764],[-39.5753095539999,-16.358590363],[-39.5745064859999,-16.359232818],[-39.573189454,-16.357947909],[-39.571551195,-16.3576266819999],[-39.5703626539999,-16.358847345],[-39.569431095,-16.3590079589999],[-39.568820764,-16.35961829],[-39.566989768,-16.359875272],[-39.566604296,-16.359554045],[-39.566250946,-16.357112718],[-39.566732787,-16.356406018],[-39.566379437,-16.3534507269999],[-39.565736982,-16.353290114],[-39.5655442459999,-16.3522621869999],[-39.5647733,-16.3512663819999],[-39.5654478779999,-16.350142087],[-39.5654478779999,-16.3492747729999],[-39.5659618409999,-16.349306896],[-39.5663151909999,-16.348664442],[-39.5664436819999,-16.3468655689999],[-39.565865473,-16.346447974],[-39.565640614,-16.348150478],[-39.561432537,-16.346255237],[-39.5605652239999,-16.347797128],[-39.5605973459999,-16.348664442],[-39.560790083,-16.3495317549999],[-39.5616573959999,-16.3502384549999],[-39.560918574,-16.350848787],[-39.561047064,-16.3523264319999],[-39.561978623,-16.353771955],[-39.562556832,-16.357690927],[-39.5617537639999,-16.358847345],[-39.561432537,-16.3602607449999],[-39.561689519,-16.360774708],[-39.562588955,-16.360967445],[-39.5622034829999,-16.363119667],[-39.562428342,-16.366203449],[-39.563841741,-16.367231376],[-39.56512665,-16.3670065169999],[-39.564901791,-16.368259303],[-39.5653193869999,-16.371921294],[-39.564098723,-16.371857048],[-39.5633599009999,-16.3699296849999],[-39.5609828189999,-16.370475771],[-39.561143433,-16.3718249249999],[-39.5618822549999,-16.371921294],[-39.562042869,-16.3733668159999],[-39.5629510279999,-16.373286091],[-39.5632579809999,-16.37455691],[-39.565280523,-16.374390347],[-39.565223019,-16.3735916749999],[-39.566732787,-16.37388078],[-39.566764909,-16.3732383249999],[-39.569141991,-16.372884975],[-39.569174114,-16.37352743],[-39.5704269,-16.3738486569999],[-39.5686922729999,-16.377093052],[-39.569077745,-16.377446402],[-39.568934848,-16.379600807],[-39.5678249589999,-16.3883038829999],[-39.568820764,-16.388657233],[-39.568563782,-16.391773137],[-39.569302604,-16.3918695049999],[-39.569174114,-16.392704696],[-39.5704269,-16.392865309],[-39.5732025409999,-16.391077144],[-39.5737165049999,-16.389149781],[-39.5743268359999,-16.3894710079999],[-39.57448745,-16.39078804],[-39.5749692909999,-16.391205635],[-39.5755153769999,-16.388892799],[-39.577250004,-16.38902129],[-39.5777960899999,-16.384973827],[-39.578727649,-16.385070195],[-39.578085195,-16.3826288679999],[-39.5756117449999,-16.38076575],[-39.5756117449999,-16.3779068279999],[-39.5764469359999,-16.377874705],[-39.578342177,-16.380091173],[-39.579755577,-16.3797699459999],[-39.5801410489999,-16.379127491],[-39.579691331,-16.3775856],[-39.581490204,-16.377360741],[-39.585053844,-16.3843127],[-39.584092144,-16.384845336],[-39.581747185,-16.384202882],[-39.581040486,-16.3881860989999],[-39.5803016629999,-16.388892799],[-39.580430154,-16.3895994989999],[-39.583417567,-16.390049217],[-39.5827429899999,-16.392458421],[-39.57977144,-16.3927597859999],[-39.5789148339999,-16.393426035],[-39.5794383159999,-16.394235052],[-39.5789148339999,-16.3950202739999],[-39.580342511,-16.3964955399999],[-39.58399142,-16.394230052],[-39.5843812489999,-16.3952530979999],[-39.58521644,-16.394000312],[-39.588075362,-16.395188853],[-39.5892960259999,-16.3952852209999],[-39.5899384799999,-16.394610644],[-39.588492957,-16.3937754529999],[-39.5872722939999,-16.3921371939999],[-39.587208049,-16.3912377579999],[-39.5876898889999,-16.390691672],[-39.5890711659999,-16.3909807759999],[-39.590131216,-16.391880212],[-39.5919943339999,-16.390627426],[-39.5932471209999,-16.391077144],[-39.5943714159999,-16.392747526],[-39.595431466,-16.3931329989999],[-39.5965557609999,-16.392972385],[-39.59713397,-16.391751722],[-39.5965236379999,-16.390884408],[-39.5947890109999,-16.390306199],[-39.594564152,-16.390659549],[-39.592797402,-16.389503131],[-39.591384003,-16.3877042579999],[-39.5904524439999,-16.3823397639999],[-39.590099094,-16.381536695],[-39.589488762,-16.381311836],[-39.589392394,-16.380380277],[-39.590516689,-16.3790632459999],[-39.591127021,-16.377392864],[-39.592572543,-16.3766540409999],[-39.5919622119999,-16.375786728],[-39.589745744,-16.376204323],[-39.589520885,-16.375433378],[-39.5923476839999,-16.3745981869999],[-39.5926046659999,-16.3739878549999],[-39.5932149979999,-16.373955733],[-39.5950138699999,-16.3751442729999],[-39.5958811839999,-16.374887292],[-39.5962987789999,-16.3736023829999],[-39.594821134,-16.3710646879999],[-39.594564152,-16.369715533],[-39.595592079,-16.369008833],[-39.595688448,-16.36849487],[-39.596330902,-16.3683985019999],[-39.5964272699999,-16.366663874],[-39.5977764249999,-16.366406893],[-39.597101847,-16.361235134],[-39.595752693,-16.3583762119999],[-39.594210802,-16.3569949349999],[-39.593568348,-16.35705918],[-39.593311366,-16.357541021],[-39.591255512,-16.3569949349999],[-39.592026457,-16.355163939],[-39.5901954619999,-16.354682099],[-39.587208049,-16.3545857299999],[-39.587304417,-16.352208649],[-39.5858910169999,-16.352112281],[-39.585955262,-16.350698881],[-39.5852164399999,-16.350441899],[-39.5853449309999,-16.3490927449999],[-39.584638231,-16.349060622],[-39.584980417,-16.346320873],[-39.583457562,-16.346035338],[-39.582315421,-16.346939533],[-39.580491845,-16.346931578],[-39.5806871359999,-16.3430536729999],[-39.583642426,-16.343246409],[-39.5837726249999,-16.34222218],[-39.585696298,-16.342386597],[-39.5858152709999,-16.341529991],[-39.585006254,-16.341411018],[-39.5851728169999,-16.3403402599999],[-39.585743887,-16.340411644],[-39.5858390659999,-16.339674011],[-39.584117718,-16.339507449],[-39.5842206349999,-16.338267387],[-39.5851200709999,-16.338267387],[-39.585120071,-16.337785546],[-39.584317003,-16.337785546],[-39.58415639,-16.3373358279999],[-39.581361713,-16.3373358279999],[-39.581490204,-16.333866574],[-39.579755577,-16.3340593099999],[-39.579337981,-16.3353120959999],[-39.5782136859999,-16.335633323],[-39.5781815629999,-16.335986673],[-39.577185759,-16.335890305],[-39.577250004,-16.3324852969999],[-39.577699722,-16.331810719],[-39.577346372,-16.328502079],[-39.576157832,-16.328405711],[-39.5761257089999,-16.3322604369999]]]}},{"type":"Feature","properties":{"id":"915","municipality":"2910800","density":"Densa","type":"Área urbanizada","state":"BA"},"geometry":{"type":"Polygon","coordinates":[[[-38.9232475058676,-12.2229818113615],[-38.921242300092,-12.2248397162799],[-38.9195528822597,-12.2249348942299],[-38.9193625245608,-12.224649358581],[-38.9174113671409,-12.225958061915],[-38.9195766774217,-12.2300983238785],[-38.9214326559923,-12.2287896214438],[-38.9202905151951,-12.2264101601008],[-38.9230744843999,-12.2255535540533],[-38.924525956008,-12.2235310120465],[-38.9232475058676,-12.2229818113615]]]}},{"type":"Feature","properties":{"id":"916","municipality":"2910800","density":"Densa","type":"Área urbanizada","state":"BA"},"geometry":{"type":"Polygon","coordinates":[[[-39.011137608214,-12.1405861332434],[-39.0164616522834,-12.1400091138295],[-39.0163545763026,-12.1391525077819],[-39.0109948399399,-12.1400388571075],[-39.011137608214,-12.1405861332434]]]}},{"type":"Feature","properties":{"id":"917","municipality":"2910800","density":"Densa","type":"Área urbanizada","state":"BA"},"geometry":{"type":"Polygon","coordinates":[[[-38.8810291732577,-12.3281334372083],[-38.8791660549694,-12.3291292421208],[-38.8786199686366,-12.3290007505841],[-38.8771744460438,-12.3258206012397],[-38.8747973652062,-12.3256599877182],[-38.8747331194378,-12.32627031892],[-38.8772386918121,-12.3269448967895],[-38.8777205323766,-12.3290328743676],[-38.878427232231,-12.3294504691638],[-38.8786842144049,-12.3301892919022],[-38.8784593551151,-12.3310887281622],[-38.877206568928,-12.3308317459882],[-38.8769174638698,-12.3312172187996],[-38.8758252921035,-12.3309281137414],[-38.8761465191465,-12.3304783960611],[-38.8736409467722,-12.3297716962068],[-38.8735445781197,-12.3304462740762],[-38.8745403830322,-12.3307996231041],[-38.8736409467722,-12.33324094971],[-38.8749258549442,-12.3333373192618],[-38.8755361870453,-12.3320845321754],[-38.878427232231,-12.3330803370878],[-38.8783308635785,-12.3336585463048],[-38.8765641139426,-12.3355216636938],[-38.8770459554065,-12.3357786458678],[-38.878427232231,-12.3347185960863],[-38.8791339320853,-12.3349755782603],[-38.8801939818667,-12.334590105449],[-38.8792945456067,-12.332855477798],[-38.8799691225769,-12.3317311822482],[-38.8805152089097,-12.3318596728856],[-38.880836436852,-12.3310566052781],[-38.8821213459233,-12.3311529730312],[-38.8822498356614,-12.3317633051324],[-38.8836953591535,-12.3318596728856],[-38.8836632362693,-12.3324378821025],[-38.8840487090806,-12.3324378821025],[-38.8840487090806,-12.3314420780894],[-38.8861366857594,-12.3309923604091],[-38.8861366857594,-12.3302535367713],[-38.8847232860508,-12.329803819091],[-38.8846911631666,-12.3307353782351],[-38.8837274820376,-12.3307996231041],[-38.8837274820376,-12.3301571690181],[-38.8830529050675,-12.3301250461339],[-38.8830207821833,-12.3307996231041],[-38.8820249772708,-12.3306711333661],[-38.8820892230391,-12.3301571690181],[-38.8812861554317,-12.3294183462796],[-38.8822498356614,-12.328904382831],[-38.883129642419,-12.3273589230758],[-38.88208565363,-12.3268175950559],[-38.8810291732577,-12.3281334372083]]]}},{"type":"Feature","properties":{"id":"918","municipality":"2910800","density":"Densa","type":"Área urbanizada","state":"BA"},"geometry":{"type":"Polygon","coordinates":[[[-38.8964205547647,-12.2402586233367],[-38.894302834808,-12.2402348281747],[-38.8945169867695,-12.2454458481473],[-38.8970370157456,-12.2456736221399],[-38.8972449021305,-12.2501580240735],[-38.8980479697379,-12.2501580240735],[-38.8980158477531,-12.2486803785965],[-38.8984976892169,-12.2486803785965],[-38.8985278857532,-12.2456908018889],[-38.89970421158,-12.245755178059],[-38.8998469789549,-12.2435660744147],[-38.8984668919335,-12.2440419659639],[-38.8984668919335,-12.2398779088384],[-38.8964919393514,-12.2398779088384],[-38.8964205547647,-12.2402586233367]]]}},{"type":"Feature","properties":{"id":"919","municipality":"2910800","density":"Densa","type":"Área urbanizada","state":"BA"},"geometry":{"type":"Polygon","coordinates":[[[-38.9040465871802,-12.2460096960905],[-38.9040754653104,-12.2481477398263],[-38.9051792149488,-12.2482949057852],[-38.9051792149488,-12.2525029829263],[-38.9046652506008,-12.2525351058105],[-38.9045427026836,-12.2540301999337],[-38.9064522502711,-12.2543195253258],[-38.9066845325651,-12.2520796981195],[-38.9070454358981,-12.2521308497589],[-38.9071414151442,-12.2474029545826],[-38.907974226929,-12.2474624411387],[-38.9086285781463,-12.2396964751122],[-38.9053865626397,-12.2394287856099],[-38.9052675904269,-12.2406809773452],[-38.9058029676328,-12.2407702071793],[-38.9050878977882,-12.2460171307859],[-38.9040465871802,-12.2460096960905]]]}},{"type":"Feature","properties":{"id":"920","municipality":"2910800","density":"Densa","type":"Área urbanizada","state":"BA"},"geometry":{"type":"Polygon","coordinates":[[[-38.915650565621,-12.2184461040045],[-38.9143894517118,-12.2200165478254],[-38.9185059194126,-12.2247040859248],[-38.9190531946492,-12.2243471665884],[-38.9176493133651,-12.2227767227675],[-38.9182441789256,-12.2221818581062],[-38.9193149360355,-12.2234191768535],[-38.9196718553718,-12.2230622584165],[-38.915650565621,-12.2184461040045]]]}},{"type":"Feature","properties":{"id":"921","municipality":"2910800","density":"Densa","type":"Área urbanizada","state":"BA"},"geometry":{"type":"Polygon","coordinates":[[[-38.8709014328548,-12.3485382279568],[-38.8699405872882,-12.3487426627436],[-38.8697799737667,-12.3495778541346],[-38.8704224278527,-12.3496099770188],[-38.870369292309,-12.3508091483235],[-38.8661775072861,-12.3572231113575],[-38.865071057883,-12.3567948083337],[-38.865392284926,-12.3563665053099],[-38.8640359921673,-12.3547960596903],[-38.8610735632943,-12.356402196704],[-38.8591818924303,-12.3563665053099],[-38.8595388108674,-12.3587221705917],[-38.8619658607358,-12.3586864791976],[-38.8623941637596,-12.3574015701264],[-38.8639646075806,-12.3571160353767],[-38.8664273497424,-12.358400944448],[-38.8668913450595,-12.3606495337489],[-38.8661061226994,-12.3598643122882],[-38.8647141376473,-12.3600427719563],[-38.8646427548592,-12.3608279943164],[-38.8668199613721,-12.3611492213594],[-38.8669627287469,-12.3628267411611],[-38.8675694923381,-12.3629338171419],[-38.8674981077514,-12.3583652521546],[-38.8677836434004,-12.3579726414242],[-38.86806917815,-12.3582581761738],[-38.8685205838578,-12.3575467989456],[-38.8688187091161,-12.358079717405],[-38.8684260983857,-12.358757862885],[-38.8703177692496,-12.3605317513392],[-38.8714956023401,-12.3586043881819],[-38.8744937226072,-12.3593182259553],[-38.8749934102176,-12.3562487211016],[-38.8743509552323,-12.3559631863519],[-38.8745034703588,-12.3539644116282],[-38.8737085011464,-12.3525367621618],[-38.8748149496502,-12.3523226110996],[-38.8745651071939,-12.351787232095],[-38.8739226522086,-12.3518943080758],[-38.8707007941063,-12.3506169910812],[-38.8709972457262,-12.3489189379586],[-38.8721023650321,-12.3503238633556],[-38.8734586577908,-12.3480395808619],[-38.872744819118,-12.3475398941508],[-38.8734270951842,-12.3462269846875],[-38.8716449113835,-12.3450702290078],[-38.8709014328548,-12.3485382279568]]]}},{"type":"Feature","properties":{"id":"922","municipality":"2910800","density":"Densa","type":"Área urbanizada","state":"BA"},"geometry":{"type":"Polygon","coordinates":[[[-38.8991107336733,-12.2677532949786],[-38.897117935844,-12.2672774034294],[-38.8966717866735,-12.2675450920323],[-38.8996461126779,-12.2709060806511],[-38.9021742904112,-12.2701327563216],[-38.8991107336733,-12.2677532949786]]]}},{"type":"Feature","properties":{"id":"923","municipality":"2910800","density":"Densa","type":"Área urbanizada","state":"BA"},"geometry":{"type":"Polygon","coordinates":[[[-39.108810685065,-12.1222527401718],[-39.1078589001681,-12.1228238096711],[-39.1076209539438,-12.1239183619428],[-39.1062408669224,-12.1242038975918],[-39.1054318502996,-12.1256791643619],[-39.1085251494161,-12.1253460392882],[-39.1085727388408,-12.1262978232859],[-39.1091913977647,-12.1264881800854],[-39.1096672911125,-12.1262026453357],[-39.1106190751102,-12.1233472924436],[-39.108810685065,-12.1222527401718]]]}},{"type":"Feature","properties":{"id":"924","municipality":"2910800","density":"Densa","type":"Área urbanizada","state":"BA"},"geometry":{"type":"Polygon","coordinates":[[[-38.880189682208,-12.2413426247623],[-38.8799041465591,-12.2403432522393],[-38.8793687675545,-12.240378942734],[-38.8796543032035,-12.2413783170556],[-38.8791189250983,-12.2418423123728],[-38.8787620048626,-12.2418066200794],[-38.8790475414108,-12.2411641659934],[-38.8779410911084,-12.2402718676525],[-38.8772629447291,-12.2413783170556],[-38.8793330761605,-12.2425918424395],[-38.8800469139339,-12.2424133827714],[-38.8806893689192,-12.243020144564],[-38.879868455165,-12.2435555235685],[-38.880189682208,-12.2441265948664],[-38.8819385856971,-12.2439124429049],[-38.8823311973268,-12.2425561501462],[-38.880189682208,-12.2413426247623]]]}},{"type":"Feature","properties":{"id":"925","municipality":"2910800","density":"Densa","type":"Área urbanizada","state":"BA"},"geometry":{"type":"Polygon","coordinates":[[[-38.9051095543624,-12.226560066294],[-38.9065134356465,-12.2271073424299],[-38.9072041977155,-12.2251044685963],[-38.9059229488849,-12.2246062046126],[-38.9051095543624,-12.226560066294]]]}},{"type":"Feature","properties":{"id":"926","municipality":"2910800","density":"Densa","type":"Área urbanizada","state":"BA"},"geometry":{"type":"Polygon","coordinates":[[[-38.9165309668306,-12.2266956948504],[-38.9170306544411,-12.2263149812513],[-38.9149129326856,-12.2233882437724],[-38.9138659698386,-12.2248159211178],[-38.9165309668306,-12.2266956948504]]]}},{"type":"Feature","properties":{"id":"927","municipality":"2910800","density":"Densa","type":"Área urbanizada","state":"BA"},"geometry":{"type":"Polygon","coordinates":[[[-38.9124357159355,-12.2443364237869],[-38.9124952015923,-12.2435333561794],[-38.9110314911104,-12.2434988716755],[-38.9110100557694,-12.2443341862736],[-38.9124357159355,-12.2443364237869]]]}},{"type":"Feature","properties":{"id":"928","municipality":"2910800","density":"Densa","type":"Vazio intraurbano","state":"BA"},"geometry":{"type":"Polygon","coordinates":[[[-38.9644717566662,-12.2738759496153],[-38.965274825173,-12.2744113277206],[-38.964977393292,-12.2749467067251],[-38.9644122710094,-12.2745600450101],[-38.962597931949,-12.2781589789537],[-38.9604564168301,-12.2777723172386],[-38.9614676882832,-12.2817876570747],[-38.9629251080073,-12.2792892226195],[-38.9656912310654,-12.2804789537407],[-38.9664942986729,-12.2791702504067],[-38.9681896646212,-12.2796461419558],[-38.9687845301819,-12.2788728176264],[-38.9711342482469,-12.2794081957316],[-38.971223478081,-12.2773261680682],[-38.9723239793681,-12.2772666806128],[-38.9723239793681,-12.2764636130053],[-38.972859356574,-12.2761661811243],[-38.9730378171415,-12.2739949227275],[-38.9726511536278,-12.2734298013442],[-38.9692306793523,-12.2731026252859],[-38.9688440167379,-12.2737272332252],[-38.9651261087828,-12.2726862193934],[-38.9644717566662,-12.2738759496153]]]}},{"type":"Feature","properties":{"id":"929","municipality":"2910800","density":"Densa","type":"Área urbanizada","state":"BA"},"geometry":{"type":"Polygon","coordinates":[[[-38.989502046682,-12.1988572501619],[-38.9916435618009,-12.1994223724445],[-38.9918220223684,-12.1983218711574],[-38.9896210197942,-12.1977567488748],[-38.989502046682,-12.1988572501619]]]}},{"type":"Feature","properties":{"id":"930","municipality":"2910800","density":"Densa","type":"Área urbanizada","state":"BA"},"geometry":{"type":"Polygon","coordinates":[[[-38.8665714049463,-12.2054666106954],[-38.867827761442,-12.2060757529936],[-38.8676317757857,-12.2081282298339],[-38.8692173659886,-12.209273749384],[-38.8693125439387,-12.2080364288381],[-38.8702833638861,-12.2073321076906],[-38.8684749738409,-12.2047622913466],[-38.8683988309413,-12.2039247203495],[-38.8680561892417,-12.2039437562993],[-38.8680371532919,-12.204552897698],[-38.866704654796,-12.2044957907481],[-38.8665714049463,-12.2054666106954]]]}},{"type":"Feature","properties":{"id":"931","municipality":"2910800","density":"Densa","type":"Área urbanizada","state":"BA"},"geometry":{"type":"Polygon","coordinates":[[[-38.9643568646775,-12.1999351352982],[-38.9650112167941,-12.2000541084103],[-38.9650409600722,-12.2011546078988],[-38.9632563642897,-12.2009761491299],[-38.9631671335563,-12.2031474066275],[-38.959895375671,-12.2129150935567],[-38.9548687643819,-12.2113981881758],[-38.9557313194448,-12.207025928104],[-38.9551661971622,-12.2068474693352],[-38.9536790341601,-12.2108925533486],[-38.9527510444251,-12.2107735802365],[-38.952899759916,-12.2097623087835],[-38.9520966923085,-12.2093459028911],[-38.9517695162501,-12.2101192281198],[-38.9513233670797,-12.2099110251737],[-38.9509069620866,-12.2103274310661],[-38.9476054600239,-12.2092269297789],[-38.9495090280192,-12.2035162230952],[-38.9475162301898,-12.2029213584339],[-38.9471890541315,-12.2036649403847],[-38.9459993230103,-12.2033377643263],[-38.9457316344074,-12.2041110886558],[-38.9444526743514,-12.2036054529292],[-38.9446608772976,-12.20298084499],[-38.9442147281272,-12.2027726420437],[-38.9435008885551,-12.205657738214],[-38.9423409016112,-12.2051818457655],[-38.9425193621787,-12.2047356965951],[-38.9411214281114,-12.2042300617679],[-38.9409429693425,-12.2047356965951],[-38.9401399008357,-12.2044977512701],[-38.9384504830034,-12.2064608058215],[-38.9353869271649,-12.2088700113419],[-38.9368740901671,-12.2102084579539],[-38.9389263745525,-12.2095838491153],[-38.9401458489517,-12.2113387016198],[-38.9413950657296,-12.2108330658932],[-38.9419601880122,-12.2116658767787],[-38.9383315098912,-12.2130935541242],[-38.9363387120618,-12.2144320007362],[-38.9366956313982,-12.2149673797408],[-38.9359817918262,-12.2151755817876],[-38.9337510477726,-12.2122012557833],[-38.9322638847704,-12.216169007094],[-38.9334536149923,-12.2178346297643],[-38.9331963450352,-12.218403617333],[-38.9317768299367,-12.2194808225818],[-38.9317768299367,-12.220026909814],[-38.9310058852134,-12.2203802597412],[-38.9307887555966,-12.2210513851133],[-38.9299141667054,-12.2197406780898],[-38.928159314201,-12.2226257742601],[-38.9276239360958,-12.2244698556992],[-38.9274198736282,-12.2258597480289],[-38.9307320830192,-12.225745534129],[-38.931131832568,-12.2264921009297],[-38.929200328932,-12.2274620278503],[-38.9262557462057,-12.2270753661352],[-38.9252444747527,-12.2274025421936],[-38.92453063608,-12.228235353079],[-38.9261070289162,-12.2299307190274],[-38.9253337036874,-12.2309717328591],[-38.924590122636,-12.2310907059713],[-38.924590122636,-12.2317748022653],[-38.9238465406853,-12.2319235177561],[-38.9236383386384,-12.2310907059713],[-38.9223593776831,-12.2316260849758],[-38.9220916890801,-12.2330537623212],[-38.9195040247908,-12.2332917076461],[-38.9191471063538,-12.2346301551575],[-38.9185224966159,-12.2345706677021],[-38.9181655781788,-12.2351060467066],[-38.9173625096721,-12.2348978437605],[-38.9167081575554,-12.2354629660431],[-38.9166784151766,-12.2362065479937],[-38.9187306995621,-12.2367716702763],[-38.9184035244031,-12.2383480631126],[-38.917273279838,-12.2382885756572],[-38.9167676450108,-12.2369798723232],[-38.9161132928941,-12.2368906433885],[-38.9160835496161,-12.2363255211059],[-38.9152804820086,-12.2362660336505],[-38.9152507378312,-12.2375271493584],[-38.9157861168358,-12.2375271493584],[-38.9156671437237,-12.2409178803558],[-38.9161430361721,-12.2409773669119],[-38.9161727803495,-12.2417209488627],[-38.9168271306675,-12.2418101777975],[-38.9170650777911,-12.2410368543673],[-38.9183737811251,-12.2413045429702],[-38.9180763483448,-12.2429404223626],[-38.9177194290084,-12.2429701656406],[-38.9177491731858,-12.2434460580891],[-38.9169758479569,-12.243327084977],[-38.9169461037797,-12.2436840043133],[-38.9184630109591,-12.2444275853648],[-38.9198312008492,-12.2445257382722],[-38.923221932746,-12.2434252369851],[-38.9286946932055,-12.2407186013823],[-38.9286054633714,-12.2422949942186],[-38.929497760813,-12.2425924260995],[-38.9303900591539,-12.2412837227656],[-38.9312228700394,-12.2415811546465],[-38.9307767217683,-12.2429790887139],[-38.9311931267613,-12.2437821572207],[-38.9307172352122,-12.2445257382722],[-38.9300628830956,-12.2444365084381],[-38.9298249368713,-12.2451206029334],[-38.9305387746446,-12.2454180357137],[-38.930211600385,-12.2464293071668],[-38.9288434086963,-12.2461616176645],[-38.9279511121541,-12.2477974970568],[-38.925869082692,-12.2471431449401],[-38.9256311373671,-12.2475298075546],[-38.9267018953761,-12.2496118361173],[-38.9247983255822,-12.2498497823415],[-38.924649609192,-12.251664121402],[-38.9228947566876,-12.2505636210143],[-38.9231029596338,-12.249373889893],[-38.924233204199,-12.2484221058954],[-38.924649609192,-12.2485410790076],[-38.9242926898557,-12.2470836592834],[-38.9252444747527,-12.2467564832251],[-38.9253634478648,-12.24562623866],[-38.9234003924141,-12.2454180357137],[-38.9232814193021,-12.2465482802789],[-38.9218239995779,-12.2465185370008],[-38.9217347697438,-12.2513666886217],[-38.9205152962439,-12.2514856617339],[-38.9205152962439,-12.251991296561],[-38.9188794168515,-12.2520210398391],[-38.9194147949568,-12.2463698197114],[-38.9178086588425,-12.2462805907766],[-38.9173030240153,-12.2521876032752],[-38.9180466050667,-12.2523660620441],[-38.9181060916228,-12.2534070758758],[-38.920604526078,-12.2534368200532],[-38.920634269356,-12.2542101443826],[-38.9211101609052,-12.2542696309387],[-38.9210513407467,-12.2553577998225],[-38.9202447720785,-12.2555867654169],[-38.9204053856,-12.2564862007775],[-38.9217224175555,-12.2566468151983],[-38.9219151539612,-12.2576426192115],[-38.9227291986935,-12.2576426192115],[-38.9241989993842,-12.2603194108121],[-38.9254839075562,-12.2596412644328],[-38.9256266758304,-12.2602480271247],[-38.924306075365,-12.2613901679219],[-38.9238420800479,-12.2623895422435],[-38.9225571709766,-12.2627464606805],[-38.9224857872892,-12.2622824662628],[-38.92327100875,-12.2618184709456],[-38.9230568576878,-12.2613187842345],[-38.9236279280864,-12.2609975571915],[-38.9215577966549,-12.2591415768223],[-38.9210224194491,-12.2591772691156],[-38.9213079541987,-12.2602837194181],[-38.922307327621,-12.2603551031055],[-38.922343019015,-12.2611046331723],[-38.9218790245973,-12.2620326229072],[-38.9209510348623,-12.2624252336376],[-38.9202728875837,-12.2641384457326],[-38.9231996250626,-12.263567375334],[-38.9235565452983,-12.2639956783578],[-38.9257694432052,-12.2628535366613],[-38.926197746229,-12.2635673753341],[-38.9263405136038,-12.2666190340411],[-38.9287675643716,-12.2655839683254],[-38.9298383223806,-12.2672971804205],[-38.9278752660306,-12.2683679366309],[-38.928232185367,-12.2689033156354],[-38.9273041956321,-12.26943869464],[-38.9276254226751,-12.2700097659379],[-38.9268758926083,-12.2703666852743],[-38.9265903569594,-12.2699026899571],[-38.9257694432052,-12.2703666852743],[-38.9234494693175,-12.26943869464],[-38.9234494693175,-12.2687962396547],[-38.9248414543696,-12.2686891645732],[-38.9247343783888,-12.267832559425],[-38.9230925499811,-12.2679039431125],[-38.9230211662937,-12.2689033156354],[-38.9222002516403,-12.2688319319481],[-38.9214150301795,-12.2672971804205],[-38.9204156558578,-12.2673328718145],[-38.9204870404445,-12.2687962396547],[-38.9188809043302,-12.2688676242414],[-38.9161326256202,-12.2698669976638],[-38.9141338787754,-12.2721155887634],[-38.9139197268139,-12.2747210983],[-38.9168464651922,-12.2768983048129],[-38.9184526013065,-12.2751494013237],[-38.9204513481512,-12.2751137090304],[-38.9218433332032,-12.2724011244123],[-38.9229854740004,-12.2713660577973],[-38.927304195632,-12.2715445183648],[-38.9316943009511,-12.2704380689616],[-38.9332647447721,-12.2728294274361],[-38.9326579829795,-12.2733648064406],[-38.9309804631778,-12.271722978033],[-38.9301952408177,-12.2724011244123],[-38.9287318720782,-12.2718300531144],[-38.9277324986559,-12.2724368158064],[-38.9290887914145,-12.2732934218539],[-38.9278395737373,-12.2744355626511],[-38.9295884781257,-12.2763986181017],[-38.9330872815527,-12.2738842962232],[-38.9339550886564,-12.2748334613951],[-38.9333004370655,-12.275124417258],[-38.9335502813204,-12.2765520937042],[-38.9324081396239,-12.2775871594199],[-38.9321939876624,-12.2792289869282],[-38.9308020026103,-12.2807994316484],[-38.9299453965628,-12.2809421990232],[-38.9290887914145,-12.2799071342068],[-38.9281608016796,-12.2803711286247],[-38.9281286787955,-12.2815132703211],[-38.9277717603584,-12.2816560367966],[-38.9246665632113,-12.278086846131],[-38.9235958061015,-12.2789434521785],[-38.9242382601875,-12.2799428256009],[-38.9235958061015,-12.2803354372306],[-38.9226321240732,-12.2793003706156],[-38.9214185986893,-12.2795859062645],[-38.9215970583575,-12.2802997449372],[-38.9202407655988,-12.2805495882928],[-38.9207222356426,-12.2822033354156],[-38.9185931293694,-12.2821580869261],[-38.9188637929296,-12.2830860766611],[-38.9170464789119,-12.282738080398],[-38.9135278508296,-12.2832407411672],[-38.9139145143433,-12.2837434028357],[-38.9130638564118,-12.2840913990988],[-38.9064905946652,-12.2768994784282],[-38.9045572833919,-12.2774794719001],[-38.908655904946,-12.2822354187296],[-38.9096225610323,-12.2818487570145],[-38.9124838629399,-12.2844780608138],[-38.9120198676227,-12.2848647243275],[-38.9131025227631,-12.2858313804138],[-38.9137615423613,-12.2853429298323],[-38.9147651713755,-12.2865660383919],[-38.9111692105906,-12.2886540150707],[-38.9118652031166,-12.2900073337714],[-38.909003901209,-12.2918246468899],[-38.9087332367494,-12.291244653418],[-38.9060266011467,-12.2916313160324],[-38.9062972638076,-12.2927526366248],[-38.9045186170405,-12.2941832880282],[-38.9037452918117,-12.2934099627995],[-38.9012706534179,-12.2949179460064],[-38.9011159880124,-12.2942606198317],[-38.8975213195532,-12.2958332867767],[-38.8951846236714,-12.2936656247687],[-38.8932810547768,-12.2958071398875],[-38.8953035967835,-12.29759173567],[-38.8952339263046,-12.2979633121571],[-38.8907921009746,-12.2980499123735],[-38.8895934476794,-12.2993258983715],[-38.894774724374,-12.3012592096447],[-38.8945813926171,-12.3020325348736],[-38.889516115876,-12.3005632180181],[-38.8891681187136,-12.3011432105906],[-38.8914494280486,-12.3021485339277],[-38.8917587579602,-12.3016072059078],[-38.8929574112555,-12.3020712012249],[-38.8926094149925,-12.3033085208715],[-38.8934600720247,-12.3038498479921],[-38.8922614187295,-12.3045845068694],[-38.8905987701171,-12.3038498479921],[-38.8903667729082,-12.3043138433092],[-38.8890907869102,-12.3035405180804],[-38.8885881261411,-12.3040431788496],[-38.8871188092856,-12.3031538563653],[-38.8867321457719,-12.303733848938],[-38.8881241308239,-12.3050871676386],[-38.8887427906472,-12.3045071741667],[-38.8916427589061,-12.3070591461626],[-38.8921840860267,-12.3066724844476],[-38.8924160841349,-12.3071364788654],[-38.8911014308863,-12.3081031349517],[-38.8863841504082,-12.3047005050243],[-38.8852628289164,-12.3060538237249],[-38.886848144826,-12.307445808777],[-38.8854948261253,-12.3079098031948],[-38.8848761672013,-12.3087604611263],[-38.8825561924143,-12.3072524770201],[-38.8817055353821,-12.3079098031948],[-38.8838708438643,-12.3097657826647],[-38.8830975186355,-12.3105004424414],[-38.8837161793581,-12.3112351004195],[-38.8822855279547,-12.3124337537148],[-38.8813575391191,-12.3116604293853],[-38.8803522157821,-12.3120470911003],[-38.8803908830327,-12.3134777416045],[-38.8797722232095,-12.3139030705702],[-38.8784189036095,-12.3126657509236],[-38.8780322418944,-12.3129750808353],[-38.8774909138745,-12.3134777416045],[-38.8780709082458,-12.3142124013812],[-38.8772589166656,-12.3152950556223],[-38.8775682465772,-12.3161843790059],[-38.8790375643321,-12.3151790565682],[-38.8796948896074,-12.31630037806],[-38.8807388792958,-12.3156817182366],[-38.879965554067,-12.3144443976908],[-38.8812028737136,-12.3135164079559],[-38.8832135176896,-12.3160683799517],[-38.8849148326533,-12.3150630584134],[-38.8849148326533,-12.3140190696243],[-38.886848144826,-12.3135937406586],[-38.8869641438801,-12.3139804032729],[-38.8873528560494,-12.3138968085908],[-38.8874474719232,-12.3147246992854],[-38.8881541717776,-12.3145319619804],[-38.8879567463067,-12.3137669401921],[-38.8905601037657,-12.3132070789435],[-38.8918360897637,-12.3117377611887],[-38.8941878313033,-12.3104838238693],[-38.8950861649945,-12.3106056703154],[-38.8929048027144,-12.3125689559925],[-38.8951890852081,-12.3147818538994],[-38.8957244642126,-12.3143178585823],[-38.8985056617069,-12.31581557333],[-38.8986800150706,-12.3130910798894],[-38.8994533402994,-12.3118150938914],[-38.9008839899041,-12.3122017556065],[-38.901077321661,-12.3118924256949],[-38.9003585861798,-12.3094873228816],[-38.9041319553255,-12.3084897966667],[-38.9049826123576,-12.3075231405804],[-38.904711947898,-12.3070204798112],[-38.9050599450604,-12.3068271489537],[-38.9038226254138,-12.3060538237249],[-38.9032812973939,-12.3065178190421],[-38.9034746291508,-12.3069044807571],[-38.9008066581008,-12.3083737976126],[-38.9009360471608,-12.3088137198772],[-38.8992579643835,-12.3088926884467],[-38.8992222720901,-12.3077862390436],[-38.8983656660426,-12.3082145420674],[-38.8986155093982,-12.3090711481149],[-38.8982942823552,-12.3091782240957],[-38.897509059995,-12.3081074660867],[-38.8966524539475,-12.3086428450912],[-38.8942967868672,-12.3085357691104],[-38.8932694508245,-12.3094571919958],[-38.8923000850808,-12.308721794775],[-38.8948133907254,-12.307445808777],[-38.893730735585,-12.3060924900763],[-38.8945427271651,-12.3052804993955],[-38.8954707169,-12.3055124966044],[-38.8959733776692,-12.304777837727],[-38.8969787001069,-12.3049325031325],[-38.897094699161,-12.3040818461002],[-38.8947360580226,-12.3031925218174],[-38.8972493636671,-12.3009112142811],[-38.8977322312574,-12.2971127162788],[-38.8992986748939,-12.2963485974098],[-38.8996080048055,-12.297508585253],[-38.9006906590466,-12.2972379207934],[-38.9008453235528,-12.2984365740886],[-38.9013866515727,-12.2990165675605],[-38.9028173029761,-12.2983205759338],[-38.9023146413076,-12.2976632497591],[-38.9046346160946,-12.2961939320043],[-38.9060266011467,-12.2989005694057],[-38.9068385918275,-12.2992872320201],[-38.9073025871446,-12.2984365740886],[-38.9063359310583,-12.296503261916],[-38.9067612591248,-12.2963872637612],[-38.9062972638076,-12.2955366058296],[-38.9067999245768,-12.2951886095667],[-38.9063359310583,-12.2944539506892],[-38.906993257233,-12.2941832880282],[-38.9081532441769,-12.2973539198475],[-38.9091972320666,-12.2971992553413],[-38.9088105703515,-12.2954979403776],[-38.9100865563494,-12.2949179460064],[-38.9110532124358,-12.2955366058296],[-38.9125611947433,-12.2956526048838],[-38.9129088393714,-12.2963950806684],[-38.9118560480181,-12.2968443810633],[-38.9125483056598,-12.2984083021014],[-38.9156255096095,-12.2967878325924],[-38.9152018389937,-12.2984542898336],[-38.9160049083998,-12.2986624927798],[-38.9163915701148,-12.2964912352823],[-38.9156688740193,-12.2956754116909],[-38.9168159538931,-12.2947699697583],[-38.9166295163391,-12.2977701953382],[-38.9173730982898,-12.2981866012306],[-38.9179033961248,-12.2972686659161],[-38.9201379110357,-12.2987849309797],[-38.9203496069488,-12.2994052275691],[-38.9221629729428,-12.2974761152305],[-38.9230889472971,-12.2983249250552],[-38.9263298557382,-12.2955084210767],[-38.9254424640984,-12.2946210294369],[-38.9260597803345,-12.294080876831],[-38.9250180587364,-12.2930777388465],[-38.922240136573,-12.2955470028919],[-38.9212369985886,-12.2942737886044],[-38.9219314793543,-12.2936178896538],[-38.9198094561414,-12.2918045236598],[-38.9200023670156,-12.2900297412795],[-38.9189992281318,-12.2898754122205],[-38.9186905700138,-12.2917659418447],[-38.9182275828366,-12.2920745999627],[-38.9194639959666,-12.2933453582017],[-38.9186223150677,-12.2937845978809],[-38.9175218137806,-12.2930410168294],[-38.9174623272246,-12.2915835971053],[-38.9151398622148,-12.2934734567346],[-38.9137211825865,-12.2910513216611],[-38.9152291657933,-12.2899300010686],[-38.9141851770043,-12.2880740215988],[-38.9198691153673,-12.2838980682412],[-38.9206333772285,-12.2844756991941],[-38.9196696952002,-12.2853679966357],[-38.9205263012478,-12.2864030623514],[-38.9222395133428,-12.2853679966357],[-38.9238456485578,-12.2872775136463],[-38.925416093278,-12.2861710651425],[-38.9249164065669,-12.2854572255705],[-38.9255945529462,-12.2849218483646],[-38.9250591739417,-12.2842080087925],[-38.9255231692588,-12.2837797057688],[-38.9248450228795,-12.2831729439761],[-38.9252376336099,-12.2824591062027],[-38.9242025678942,-12.2812098894248],[-38.9250591739417,-12.2806745104203],[-38.925701628927,-12.2817452666307],[-38.9263797753063,-12.2813883481937],[-38.9271649967672,-12.2824234139094],[-38.9259871636766,-12.283351402745],[-38.9264154667004,-12.2841366260045],[-38.9275576083969,-12.2835655547065],[-38.9268080783301,-12.2875987406893],[-38.9275576083969,-12.2878128926508],[-38.9270936130798,-12.2900257923564],[-38.9265225426811,-12.2899544077696],[-38.9261299319508,-12.2913107014277],[-38.9288068251748,-12.2917390026529],[-38.9281643710888,-12.2924885336189],[-38.9295920466356,-12.2940232860458],[-38.9305914209573,-12.2925599182056],[-38.931019723981,-12.2929882212294],[-38.9314837192982,-12.2924885336189],[-38.9309483402936,-12.2912036254469],[-38.9319834060093,-12.2904897858749],[-38.9315194106922,-12.2900257923564],[-38.9333239597329,-12.288052064651],[-38.9348606124272,-12.2879664698767],[-38.9353103301076,-12.2883840646728],[-38.9379444938432,-12.2869434811567],[-38.9380153388368,-12.2899544077696],[-38.9398180478645,-12.2906180076149],[-38.9420560584403,-12.2891973962428],[-38.9415488390077,-12.288276887968],[-38.9421912930937,-12.2877415089635],[-38.9414219833378,-12.286125956048],[-38.9427628023614,-12.2857500016612],[-38.9432767649107,-12.2858784931978],[-38.9433088877949,-12.2865851930522],[-38.9440345066871,-12.2866111079163],[-38.9440115811695,-12.2884910390302],[-38.9449752631978,-12.2886338073043],[-38.9452607979474,-12.2893119527844],[-38.9447611112362,-12.290311327106],[-38.942349792309,-12.2897304693856],[-38.9391612576858,-12.2919611333995],[-38.9380407608723,-12.2909538828154],[-38.9374625516554,-12.2911144972362],[-38.9373019390332,-12.2920781792645],[-38.9382299017885,-12.2925717901559],[-38.9378725723613,-12.2932023722916],[-38.9383365667791,-12.2942374380073],[-38.9404423896045,-12.294522972757],[-38.9406208492727,-12.2966287955824],[-38.9376941117938,-12.2966287955824],[-38.9374085770442,-12.2960934165779],[-38.9363378190351,-12.2965931041884],[-38.9357667486365,-12.295914957809],[-38.9349815271757,-12.2967715638566],[-38.937551344419,-12.3000480809541],[-38.9389076371777,-12.2999053135793],[-38.9399070106,-12.3018683690299],[-38.9414060707335,-12.3027606673709],[-38.9424768287426,-12.3056517116571],[-38.9441543494436,-12.3062941657431],[-38.9442971159191,-12.3067224687669],[-38.9459032529327,-12.3064369340173],[-38.9464743233313,-12.3086141414294],[-38.9474380053596,-12.3089710598665],[-38.9504361256266,-12.3087569088042],[-38.9506859689822,-12.3100418178756],[-38.9516709343661,-12.3099754146337],[-38.9520394279772,-12.3125884191202],[-38.9536634102382,-12.3122017556065],[-38.9537097603971,-12.3127116100527],[-38.9531799931621,-12.313127496137],[-38.9459845030823,-12.3156211713799],[-38.9465845577311,-12.317709972737],[-38.9473550725785,-12.3175628112747],[-38.9480165338359,-12.319352064646],[-38.9488612427521,-12.3190427347344],[-38.9493966208573,-12.3201848773302],[-38.954060364694,-12.3184478700731],[-38.9538224193691,-12.317662647713],[-38.954619852724,-12.3169346330269],[-38.9545817808245,-12.3159257420793],[-38.9532492832278,-12.3163635626283],[-38.9532112122276,-12.3154117777313],[-38.9543723889746,-12.3149739571824],[-38.9542092276737,-12.3145445866633],[-38.9567567093546,-12.3134390761524],[-38.9568727084087,-12.3165710416203],[-38.9590766841416,-12.3169963696867],[-38.9591926822964,-12.3158363827428],[-38.9586513551758,-12.3155270528312],[-38.9589606850875,-12.3142897331846],[-38.9578780299471,-12.3140190696243],[-38.9583766923304,-12.310065393603],[-38.9595090107322,-12.3101845852503],[-38.9594376270448,-12.3111839586727],[-38.960900994885,-12.3115051857157],[-38.9611884640763,-12.3122219004203],[-38.9621402480739,-12.3122219004203],[-38.9625269106883,-12.3104670470166],[-38.963211006083,-12.3104373037385],[-38.9631379226769,-12.3122564532727],[-38.9640302210178,-12.3123754263848],[-38.9642979096208,-12.3117210742681],[-38.9647440587912,-12.3138328461089],[-38.9652199512397,-12.3137733586535],[-38.9650414915715,-12.3127918322772],[-38.9698645646978,-12.3111577677167],[-38.9695552347863,-12.3101524452791],[-38.9689752413143,-12.3102684443332],[-38.9687432441054,-12.3108484378051],[-38.9682019169848,-12.3099977807729],[-38.9664619356697,-12.309417787301],[-38.9657272767923,-12.3095724518072],[-38.9653406150772,-12.3113510985743],[-38.9660752730554,-12.3113124331222],[-38.9661912721095,-12.3119729806685],[-38.9651604646837,-12.3122564532727],[-38.9645953433004,-12.3110964663288],[-38.964208680686,-12.3110964663288],[-38.9642520199147,-12.3092773167947],[-38.963211006083,-12.3093962899068],[-38.963240749361,-12.3087419377902],[-38.9622889653634,-12.3086527079561],[-38.9623484510201,-12.3095450062969],[-38.9619023018497,-12.3095747486757],[-38.9618130720156,-12.3073737479001],[-38.9624674241323,-12.3072250306107],[-38.9625269106883,-12.3064814495592],[-38.9607423149059,-12.3059758138327],[-38.96083154474,-12.3050835172904],[-38.958600799787,-12.3050240298351],[-38.9586900296212,-12.3045778806646],[-38.9597607867309,-12.3044886508306],[-38.9597905309082,-12.3031204609405],[-38.961247949733,-12.3031799483959],[-38.9613669237445,-12.3024661088238],[-38.9599392472984,-12.3023768798891],[-38.9599987329551,-12.3014548382701],[-38.9637761283656,-12.3014548382701],[-38.9637761283656,-12.3006517697633],[-38.9630920329709,-12.3006815139407],[-38.9630920329709,-12.3001758782141],[-38.9615453834127,-12.3001461349362],[-38.9610992342422,-12.3008897168869],[-38.9610694909642,-12.2993430673287],[-38.9637761283656,-12.2993133240506],[-38.9638951005784,-12.2987987652508],[-38.9649361153094,-12.2987987652508],[-38.9649658576881,-12.2978767236318],[-38.9655309799707,-12.2978767236318],[-38.9655309799707,-12.3004941311992],[-38.9671668602624,-12.3004346446431],[-38.967107372807,-12.2995126030241],[-38.9677914682017,-12.2994233740894],[-38.9677617249236,-12.2968059674214],[-38.9661853320874,-12.29668699341],[-38.9661853320874,-12.2962111009615],[-38.9638653581997,-12.2966275068539],[-38.9639545871344,-12.2955567497442],[-38.9628243425693,-12.2955567497442],[-38.9629135733027,-12.2950511140177],[-38.9591064364129,-12.2945752215692],[-38.9590766922355,-12.2941588156768],[-38.9619617893051,-12.2932070316791],[-38.9613371795671,-12.2919726860906],[-38.9606233417937,-12.2917942273217],[-38.9617535863589,-12.2906639827565],[-38.9625566539664,-12.2911993617611],[-38.9633597215738,-12.2905747529224],[-38.9630325464148,-12.2897419420369],[-38.9644007363049,-12.2895634823688],[-38.9649658576881,-12.2906342403779],[-38.964489966139,-12.2908721857028],[-38.9649658576881,-12.2915265369201],[-38.965471494314,-12.2913480781513],[-38.9660068724192,-12.2924485794384],[-38.966809940926,-12.2918537129784],[-38.966809940926,-12.2909614146375],[-38.9659771291412,-12.2904855230884],[-38.9667801967486,-12.2901880912074],[-38.9674048055873,-12.2906044962005],[-38.9683565895849,-12.2904557798103],[-38.9682673597508,-12.2899798882612],[-38.9692191446478,-12.2895337390908],[-38.9689514551455,-12.2881655492007],[-38.9713606597666,-12.2876599125749],[-38.9711227144417,-12.2864404399743],[-38.9722529581075,-12.2861727495727],[-38.9721934706521,-12.2874517096287],[-38.9734129450513,-12.2876301701962],[-38.9736508912756,-12.2880465760886],[-38.9747216483853,-12.2879573462545],[-38.9748108782194,-12.2874219672499],[-38.9753165139459,-12.2873922239719],[-38.9754354870581,-12.2878681164204],[-38.9765359874458,-12.2885224676377],[-38.9773390559526,-12.2877491433083],[-38.9769821357169,-12.2867676151333],[-38.9773985416094,-12.2857860878576],[-38.9765954740019,-12.2850127626289],[-38.9777554609457,-12.2841799517434],[-38.9777852042238,-12.2834661130706],[-38.9765062441678,-12.2823656126828],[-38.9785585285532,-12.280890346812],[-38.9788262189548,-12.2811580363143],[-38.9802538954009,-12.2793436972538],[-38.9808487609615,-12.2797303598681],[-38.9812056802979,-12.2792842106977],[-38.9808487609615,-12.2788678048053],[-38.9857415270498,-12.2727317700551],[-38.9861281896642,-12.2729697162794],[-38.9870799736618,-12.2719881881043],[-38.9864795673781,-12.2714813427897],[-38.9885630267622,-12.2690024137304],[-38.9894504193013,-12.2663402388109],[-38.9896393156019,-12.2574383346114],[-38.9889538001777,-12.2529941413665],[-38.9913927471775,-12.252845424077],[-38.9924635051865,-12.2534402896376],[-38.9926717072334,-12.2529643980885],[-38.9921065849509,-12.2521910728597],[-38.9922850446191,-12.2512839033294],[-38.9894594350049,-12.247209076038],[-38.9876748392224,-12.2478634281546],[-38.9872584342293,-12.2467926710449],[-38.9882399606056,-12.2463167776971],[-38.9880615018368,-12.2447106415828],[-38.9900542996662,-12.2426880995761],[-38.9896973812291,-12.2422122080269],[-38.990946598007,-12.241319909686],[-38.9889835425564,-12.2391932666559],[-38.9874071497201,-12.2404424843331],[-38.9889240560003,-12.2423163099497],[-38.9873476631641,-12.2435952700056],[-38.9868717707156,-12.2428219447769],[-38.9858605001619,-12.2434762968936],[-38.9856225539377,-12.2432086073913],[-38.9865148522785,-12.2423163099497],[-38.9864851090005,-12.241305039396],[-38.9858605001619,-12.2406506872793],[-38.9845815401059,-12.2417511876671],[-38.9842246207696,-12.241305039396],[-38.9865743388346,-12.2374860035762],[-38.986009216552,-12.23605832713],[-38.9888645703436,-12.2351065431324],[-38.9891025156685,-12.2343927035604],[-38.9877938123345,-12.2341547582354],[-38.9893702051708,-12.2328757981795],[-38.9877640690565,-12.2302881338902],[-38.9880912451149,-12.2301691607781],[-38.9891322589465,-12.2315968381236],[-38.9906194219487,-12.2321917027848],[-38.9925527341213,-12.2317752968924],[-38.9931178564039,-12.2344521910158],[-38.9954378311909,-12.2340952716794],[-38.9956162899598,-12.2334111771841],[-38.994515789572,-12.2307342830607],[-38.9924635051865,-12.2308532561728],[-38.9923445311751,-12.2301691607781],[-38.9929393967357,-12.2294255797267],[-38.990704971757,-12.2294397206665],[-38.9907541511831,-12.2286036767183],[-38.9879206338301,-12.2282883150537],[-38.9881209883928,-12.2270461192829],[-38.9897568677851,-12.2267486856033],[-38.9897866110632,-12.2244287108163],[-38.9902922458904,-12.2239379480778],[-38.9920470992941,-12.2236702576762],[-38.9916901799578,-12.2209338778961],[-38.9925527341213,-12.2211420808423],[-38.9929691400138,-12.2242353799588],[-38.9948132223523,-12.2234323123513],[-38.9942481000697,-12.2216477156695],[-38.9946942492402,-12.2213800270666],[-38.9953188580788,-12.2225995005665],[-38.9964193575673,-12.221826176237],[-38.9959732101955,-12.2209933653515],[-38.9966870479688,-12.2206067018378],[-38.9969844798498,-12.2213800270666],[-38.998144467693,-12.2207554182279],[-38.9988583063657,-12.2212610539544],[-39.0024869835874,-12.2203390132348],[-39.0026059566995,-12.2187031329432],[-39.0033197953722,-12.2188518502327],[-39.0028736462017,-12.2198928640644],[-39.0039146609328,-12.2210528510082],[-39.0045095255941,-12.2206661892932],[-39.0044797832154,-12.2195954312841],[-39.0048961882085,-12.2194169716159],[-39.0054613095917,-12.220457986347],[-39.0053720797576,-12.2212015673984],[-39.0046582419843,-12.2218559186157],[-39.0052531066455,-12.2228969333468],[-39.0069276532885,-12.221796432959],[-39.0047266516136,-12.2185544165531],[-39.0018712978221,-12.2163831590555],[-38.9967554566989,-12.2151934279343],[-38.9915206433629,-12.2160262397192],[-38.9912826971387,-12.2153421452238],[-38.9932754958674,-12.2131411426496],[-38.9971421202126,-12.2139144678784],[-38.9977072415959,-12.21160936518],[-38.9967852008763,-12.2108955274066],[-38.9972610933248,-12.2103304051241],[-38.997826214708,-12.2104493782362],[-38.9979451878201,-12.209943743409],[-38.9972313500467,-12.208962215234],[-38.9974892873007,-12.2082958751545],[-38.9983993589432,-12.2079166427388],[-38.9985278495806,-12.2073063106377],[-38.9970823269878,-12.2070172073782],[-38.9972778530904,-12.207955992575],[-38.9958334159793,-12.2075642820659],[-38.9961903353157,-12.2067612126598],[-38.9953872668089,-12.2065827538909],[-38.9947626588695,-12.2076237677227],[-38.990211940029,-12.2065232673349],[-38.9903606564191,-12.2052145640009],[-38.9893493849661,-12.2050063610547],[-38.9893791282441,-12.2037511952614],[-38.9906878315781,-12.2037809394387],[-38.9907175748561,-12.201014814582],[-38.9894088706228,-12.2008958423692],[-38.9891411820199,-12.203305046091],[-38.98816360007,-12.2032295102337],[-38.9880446269579,-12.2039730912851],[-38.9869441265702,-12.2037946316169],[-38.9872713017292,-12.2025156706616],[-38.9862897753528,-12.202545414839],[-38.9860220849512,-12.2042705240654],[-38.9868251525587,-12.2045977001237],[-38.98679541018,-12.205281794619],[-38.9887772461729,-12.2057829490238],[-38.9881299105669,-12.2116629027207],[-38.9873863304148,-12.2116629027207],[-38.986969923623,-12.2127336607298],[-38.987891965242,-12.2131500657229],[-38.9877729921299,-12.2134474994026],[-38.9850960980064,-12.2143397968441],[-38.9845904631793,-12.2141018506199],[-38.9838766254059,-12.2146669729024],[-38.9838468812286,-12.2130905800662],[-38.9823299749483,-12.2132690388351],[-38.9815863929976,-12.215499783788],[-38.9808130686682,-12.2157377300122],[-38.9815566497195,-12.2141613371759],[-38.9810510148924,-12.2139233909517],[-38.9803966627757,-12.2146967161805],[-38.9798910270492,-12.2145479997903],[-38.9802776896636,-12.2139828784071],[-38.9792961623879,-12.213239295557],[-38.9783443783903,-12.213239295557],[-38.9766787548206,-12.2121685393466],[-38.9759946603253,-12.2129716069541],[-38.9742398078208,-12.2110680380595],[-38.9738531452064,-12.2113357266624],[-38.9712059952605,-12.2097295914474],[-38.971146507805,-12.2089265229407],[-38.9726336708072,-12.2080937120551],[-38.9754890245988,-12.2093131846557],[-38.9764705518744,-12.2089562662187],[-38.9765300393298,-12.2081531977119],[-38.9738234019284,-12.2072014137143],[-38.974775185926,-12.2064280893848],[-38.975370052386,-12.2064280893848],[-38.9760419430811,-12.2049934746691],[-38.9769092573563,-12.2009460119489],[-38.9767486429355,-12.1998217172984],[-38.9764274158925,-12.1998217172984],[-38.9760419430812,-12.2037728122654],[-38.9755601016174,-12.2049292298001],[-38.9749724971829,-12.2051338291628],[-38.9698407794284,-12.2034835057592],[-38.9703761584329,-12.2019071129229],[-38.9716848608676,-12.2023532620933],[-38.9721607542154,-12.2016989099766],[-38.9751350802197,-12.2025912083176],[-38.9759678911053,-12.2007768692571],[-38.9754027688226,-12.2004496931987],[-38.975700201603,-12.1997061121473],[-38.9746294435939,-12.1994384217457],[-38.9748079041614,-12.1987840696291],[-38.9734099709933,-12.1982397693498],[-38.9729340776455,-12.1992807831816],[-38.9711792260404,-12.1984479722961],[-38.9715658877554,-12.1974069566657],[-38.9709412798161,-12.1971392680627],[-38.9710899962063,-12.1965146592241],[-38.9701679545874,-12.1962469697218],[-38.9696920630382,-12.1971095247847],[-38.9685320751951,-12.1968418352825],[-38.9680561827466,-12.1978828500135],[-38.9652194197404,-12.1965741457802],[-38.9651599331843,-12.1949382672872],[-38.9634348239579,-12.1944623739394],[-38.9632266210117,-12.1954141588363],[-38.9643568646775,-12.1967228621703],[-38.9643568646775,-12.1999351352982]],[[-38.9371897504066,-12.2432526579838],[-38.9406102246821,-12.2436095773201],[-38.9408779141843,-12.2447398209859],[-38.9403425360791,-12.24482905082],[-38.9395692108504,-12.2458700646517],[-38.9404317650139,-12.2472085121631],[-38.9396881839625,-12.2482197827168],[-38.9391230616799,-12.2503910411136],[-38.9401938187897,-12.2503612978356],[-38.9414132931889,-12.251075135609],[-38.9378738449019,-12.2512535961765],[-38.9371005196732,-12.2505695007818],[-38.9350779776665,-12.2502720680015],[-38.9352266940567,-12.2489038781115],[-38.934304653337,-12.2486361886092],[-38.9348995179983,-12.2472977419972],[-38.9357025874044,-12.2475356882214],[-38.9361487347762,-12.2456618617055],[-38.9356728432271,-12.2455131462147],[-38.9371897504066,-12.2432526579838]],[[-38.9688440167379,-12.2737272332252],[-38.9692306793523,-12.2731026252859],[-38.9726511536278,-12.2734298013442],[-38.9730378171415,-12.2739949227275],[-38.972859356574,-12.2761661811243],[-38.9723239793681,-12.2764636130053],[-38.9723239793681,-12.2772666806128],[-38.971223478081,-12.2773261680682],[-38.9711342482469,-12.2794081957316],[-38.9687845301819,-12.2788728176264],[-38.9681896646212,-12.2796461419558],[-38.9664942986729,-12.2791702504067],[-38.9656912310654,-12.2804789537407],[-38.9629251080073,-12.2792892226195],[-38.9614676882832,-12.2817876570747],[-38.9604564168301,-12.2777723172386],[-38.962597931949,-12.2781589789537],[-38.9644122710094,-12.2745600450101],[-38.964977393292,-12.2749467067251],[-38.965274825173,-12.2744113277206],[-38.9644717566662,-12.2738759496153],[-38.9651261087828,-12.2726862193934],[-38.9688440167379,-12.2737272332252]],[[-38.9373371933568,-12.2789256060319],[-38.941343435651,-12.2824828743851],[-38.9414926808425,-12.2837794161871],[-38.9432674641221,-12.283200681766],[-38.9436563066931,-12.2855661397655],[-38.9370449568592,-12.2850433018069],[-38.9337444566413,-12.2874755263744],[-38.9286640578,-12.283030175702],[-38.9295563552416,-12.2822092619479],[-38.9321618647782,-12.2824947966975],[-38.9335181584362,-12.2809600451699],[-38.9360522842854,-12.281102813444],[-38.9363378190351,-12.2789969897192],[-38.9373371933568,-12.2789256060319]]]}},{"type":"Feature","properties":{"id":"932","municipality":"2910800","density":"Densa","type":"Área urbanizada","state":"BA"},"geometry":{"type":"Polygon","coordinates":[[[-38.8978912610728,-12.2844452139754],[-38.8981589496757,-12.2854564854284],[-38.8977722879607,-12.2858431471435],[-38.8975640850145,-12.2886092702016],[-38.897117935844,-12.2883713239774],[-38.8969394761758,-12.2870626206434],[-38.895779489232,-12.2846236727443],[-38.8966123001175,-12.284058551361],[-38.8974748551804,-12.2825119018028],[-38.8967015299516,-12.2819467804196],[-38.8956605161199,-12.2836718887466],[-38.8927754190503,-12.2847426458564],[-38.8929836219965,-12.2852780248609],[-38.8937569472253,-12.2852482815829],[-38.8949466783464,-12.2870626206434],[-38.8939651501715,-12.288044147919],[-38.8948574476131,-12.2888472173252],[-38.8958687190661,-12.2882226075872],[-38.8962553807812,-12.288639014379],[-38.8959876921782,-12.2893231088743],[-38.8970287060099,-12.2906318122084],[-38.8982184371311,-12.2906020689303],[-38.8986348421242,-12.2891684443682],[-38.8990215047386,-12.2844095216821],[-38.8984825554256,-12.2839449103293],[-38.8978912610728,-12.2844452139754]]]}},{"type":"Feature","properties":{"id":"933","municipality":"2910800","density":"Densa","type":"Área urbanizada","state":"BA"},"geometry":{"type":"Polygon","coordinates":[[[-39.203989483228,-12.264313440313],[-39.2029112878256,-12.2667996529816],[-39.2001228588828,-12.2672877663173],[-39.2000693959858,-12.2677788905833],[-39.201610021885,-12.2680016040907],[-39.2022048874455,-12.2691021053778],[-39.2033999425533,-12.2696247239018],[-39.2036325638917,-12.2685964696513],[-39.2053279298401,-12.2686559562074],[-39.2053874163961,-12.2667226440348],[-39.2059525377793,-12.2665441852659],[-39.2058633079453,-12.2642242095795],[-39.203989483228,-12.264313440313]]]}},{"type":"Feature","properties":{"id":"934","municipality":"2910800","density":"Densa","type":"Área urbanizada","state":"BA"},"geometry":{"type":"Polygon","coordinates":[[[-38.9090449840388,-12.2432359233991],[-38.9087749293194,-12.246093584851],[-38.9098190889797,-12.2461205708077],[-38.9099670247583,-12.2433548956119],[-38.9090449840388,-12.2432359233991]]]}},{"type":"Feature","properties":{"id":"935","municipality":"2910800","density":"Densa","type":"Área urbanizada","state":"BA"},"geometry":{"type":"Polygon","coordinates":[[[-38.9818418049553,-12.2867100953945],[-38.9820559569168,-12.2878165438983],[-38.9834836333629,-12.2889229942008],[-38.9840190123675,-12.2887802259266],[-38.9838405518,-12.2899580590172],[-38.9848042338283,-12.2899580590172],[-38.9871242086153,-12.2885660739651],[-38.9872312836967,-12.2892799126378],[-38.9883377339992,-12.2893869877192],[-38.9879808137635,-12.2886374576525],[-38.988159274331,-12.2876737756242],[-38.9893371074215,-12.2878165438983],[-38.988766037023,-12.2859248730344],[-38.9893371074215,-12.285889180741],[-38.9893192612748,-12.2836495127148],[-38.9897832556927,-12.2834710530466],[-38.9895334132364,-12.2821504525813],[-38.9886768071889,-12.2821861448746],[-38.9877131251606,-12.2836138213207],[-38.9861426813396,-12.2812581551397],[-38.9818418049553,-12.2867100953945]]]}},{"type":"Feature","properties":{"id":"936","municipality":"2910800","density":"Densa","type":"Área urbanizada","state":"BA"},"geometry":{"type":"Polygon","coordinates":[[[-38.9141310818838,-12.2425220847264],[-38.9139228789377,-12.2449015460695],[-38.9150233802248,-12.2449907759036],[-38.9152910688277,-12.2424625990697],[-38.9141310818838,-12.2425220847264]]]}},{"type":"Feature","properties":{"id":"937","municipality":"2910800","density":"Densa","type":"Área urbanizada","state":"BA"},"geometry":{"type":"Polygon","coordinates":[[[-38.9750997701382,-12.1842524381994],[-38.9747093420625,-12.1853639732687],[-38.9759228674463,-12.1857208917057],[-38.9758752780217,-12.1860540158801],[-38.9748759037,-12.1858160696559],[-38.9747569305878,-12.1863633457917],[-38.9769222408687,-12.1869106219276],[-38.9770309104481,-12.1847124738016],[-38.9750997701382,-12.1842524381994]]]}},{"type":"Feature","properties":{"id":"938","municipality":"2910800","density":"Densa","type":"Área urbanizada","state":"BA"},"geometry":{"type":"Polygon","coordinates":[[[-38.9005754082285,-12.0781355798931],[-38.9000995148807,-12.0782878647931],[-38.90040408558,-12.0824566811309],[-38.900918049928,-12.0824376451811],[-38.9015462281759,-12.0796203641884],[-38.9023076553739,-12.0789921859406],[-38.9022315115749,-12.0783640076928],[-38.9016985130759,-12.0783069007428],[-38.9016604420757,-12.0772789738455],[-38.9008799789278,-12.077088617046],[-38.9005754082285,-12.0781355798931]]]}},{"type":"Feature","properties":{"id":"939","municipality":"2910800","density":"Densa","type":"Área urbanizada","state":"BA"},"geometry":{"type":"Polygon","coordinates":[[[-38.9826483205635,-12.1498660305928],[-38.9828577142121,-12.1507416725901],[-38.9823627858139,-12.1507416725901],[-38.982400856814,-12.1510652801385],[-38.9828957852123,-12.1510652801385],[-38.9832003559117,-12.1518838142866],[-38.9837714272095,-12.1518267073366],[-38.9832384269119,-12.1497708526427],[-38.9826483205635,-12.1498660305928]]]}},{"type":"Feature","properties":{"id":"940","municipality":"2910800","density":"Densa","type":"Área urbanizada","state":"BA"},"geometry":{"type":"Polygon","coordinates":[[[-39.0610979606024,-12.3276816771676],[-39.0619545666499,-12.3312508687326],[-39.0606696575786,-12.3316077880689],[-39.0602413545548,-12.3308939493962],[-39.0582782991042,-12.331357943814],[-39.0590635223636,-12.3337493031877],[-39.0581712240227,-12.3346059092353],[-39.0583496827916,-12.3354625152828],[-39.0591705974451,-12.3363191213303],[-39.0613199780345,-12.3350340431865],[-39.0622044100054,-12.3327856211594],[-39.064213072775,-12.3302420551267],[-39.0626327130292,-12.3288238179648],[-39.0625951168711,-12.3275224513001],[-39.0610979606024,-12.3276816771676]]]}},{"type":"Feature","properties":{"id":"941","municipality":"2910800","density":"Densa","type":"Área urbanizada","state":"BA"},"geometry":{"type":"Polygon","coordinates":[[[-38.9730437193921,-12.1912412406907],[-38.9736623792154,-12.1914315983895],[-38.9739851144215,-12.1903181333751],[-38.9733186727185,-12.190138336415],[-38.9730437193921,-12.1912412406907]]]}},{"type":"Feature","properties":{"id":"942","municipality":"2910800","density":"Densa","type":"Área urbanizada","state":"BA"},"geometry":{"type":"Polygon","coordinates":[[[-39.0183948664299,-12.2899275630066],[-39.0179696139065,-12.2908205906976],[-39.0197131448457,-12.2915860441606],[-39.0192028443358,-12.293584726254],[-39.0211164757447,-12.2934146257843],[-39.0215417273688,-12.2928617990328],[-39.0230726333953,-12.2925641234355],[-39.0231576831805,-12.2918411953149],[-39.0183948664299,-12.2899275630066]]]}},{"type":"Feature","properties":{"id":"943","municipality":"2910800","density":"Densa","type":"Área urbanizada","state":"BA"},"geometry":{"type":"Polygon","coordinates":[[[-38.9027675335948,-12.2504985271852],[-38.9011630198575,-12.2504665104211],[-38.9011630198575,-12.2512398356499],[-38.9005681542968,-12.2512100923718],[-38.9005383255832,-12.2457714252111],[-38.89970421158,-12.245755178059],[-38.8997353434114,-12.2525485389838],[-38.9025437786724,-12.2525493798499],[-38.9027675335948,-12.2504985271852]]]}},{"type":"Feature","properties":{"id":"944","municipality":"2910800","density":"Densa","type":"Área urbanizada","state":"BA"},"geometry":{"type":"Polygon","coordinates":[[[-38.9586040679234,-12.1978186483119],[-38.9571288020525,-12.1976282906131],[-38.9563197854297,-12.1979614147874],[-38.9560818392054,-12.1992939141828],[-38.957835915595,-12.1997324326056],[-38.9556338203444,-12.2055690416779],[-38.9576311120861,-12.2061861411775],[-38.9578867093041,-12.2054676260301],[-38.9585410614208,-12.2057055722543],[-38.9588384933018,-12.2049025037475],[-38.9595225877971,-12.2050809634157],[-38.9591145141235,-12.2066444635711],[-38.9598416465747,-12.2068691241108],[-38.9615451298039,-12.2004707571197],[-38.9609859457448,-12.2003216423299],[-38.9610311177918,-12.1972951664387],[-38.9598889760953,-12.196866863415],[-38.9586040679234,-12.1978186483119]]]}},{"type":"Feature","properties":{"id":"945","municipality":"2910800","density":"Densa","type":"Vazio intraurbano","state":"BA"},"geometry":{"type":"Polygon","coordinates":[[[-38.9361487347762,-12.2456618617055],[-38.9357025874044,-12.2475356882214],[-38.9348995179983,-12.2472977419972],[-38.934304653337,-12.2486361886092],[-38.9352266940567,-12.2489038781115],[-38.9350779776665,-12.2502720680015],[-38.9371005196732,-12.2505695007818],[-38.9378738449019,-12.2512535961765],[-38.9414132931889,-12.251075135609],[-38.9401938187897,-12.2503612978356],[-38.9391230616799,-12.2503910411136],[-38.9396881839625,-12.2482197827168],[-38.9404317650139,-12.2472085121631],[-38.9395692108504,-12.2458700646517],[-38.9403425360791,-12.24482905082],[-38.9408779141843,-12.2447398209859],[-38.9406102246821,-12.2436095773201],[-38.9371897504066,-12.2432526579838],[-38.9356728432271,-12.2455131462147],[-38.9361487347762,-12.2456618617055]]]}},{"type":"Feature","properties":{"id":"946","municipality":"2910800","density":"Densa","type":"Área urbanizada","state":"BA"},"geometry":{"type":"Polygon","coordinates":[[[-38.905395089112,-12.2208969490349],[-38.9058471872978,-12.2211586886226],[-38.908678745028,-12.2147103499027],[-38.9083218256916,-12.2145437882652],[-38.905395089112,-12.2208969490349]]]}},{"type":"Feature","properties":{"id":"947","municipality":"2910800","density":"Densa","type":"Vazio intraurbano","state":"BA"},"geometry":{"type":"Polygon","coordinates":[[[-38.9360522842854,-12.281102813444],[-38.9335181584362,-12.2809600451699],[-38.9321618647782,-12.2824947966975],[-38.9295563552416,-12.2822092619479],[-38.9286640578,-12.283030175702],[-38.9337444566413,-12.2874755263744],[-38.9370449568592,-12.2850433018069],[-38.9436563066931,-12.2855661397655],[-38.9432674641221,-12.283200681766],[-38.9414926808425,-12.2837794161871],[-38.941343435651,-12.2824828743851],[-38.9373371933568,-12.2789256060319],[-38.9363378190351,-12.2789969897192],[-38.9360522842854,-12.281102813444]]]}},{"type":"Feature","properties":{"id":"948","municipality":"2910800","density":"Densa","type":"Área urbanizada","state":"BA"},"geometry":{"type":"Polygon","coordinates":[[[-38.9220287851003,-12.2209504398109],[-38.9224247691877,-12.2223607791266],[-38.9236455547985,-12.2223650760873],[-38.9231934584114,-12.2206042745676],[-38.9220287851003,-12.2209504398109]]]}},{"type":"Feature","properties":{"id":"949","municipality":"2910800","density":"Densa","type":"Área urbanizada","state":"BA"},"geometry":{"type":"Polygon","coordinates":[[[-38.9121977697113,-12.2499876439146],[-38.9138336491036,-12.2500173871926],[-38.9138153919667,-12.2508207156035],[-38.9146677721,-12.2508523303707],[-38.9147556907225,-12.2495712380222],[-38.913982366393,-12.2495117523655],[-38.913982366393,-12.2483220212442],[-38.9134767297672,-12.2482922779662],[-38.913566807662,-12.2462459560859],[-38.9123435857878,-12.2462023353695],[-38.9121977697113,-12.2499876439146]]]}},{"type":"Feature","properties":{"id":"950","municipality":"2910800","density":"Densa","type":"Área urbanizada","state":"BA"},"geometry":{"type":"Polygon","coordinates":[[[-38.9285722136367,-12.1457364768569],[-38.9283640115898,-12.1448441794153],[-38.9258655771346,-12.144873921794],[-38.9271147948119,-12.1473723562492],[-38.9264739082442,-12.1483940769251],[-38.9282747817557,-12.1488892634287],[-38.9297619447579,-12.1461826260273],[-38.9285722136367,-12.1457364768569]]]}},{"type":"Feature","properties":{"id":"951","municipality":"2910800","density":"Densa","type":"Área urbanizada","state":"BA"},"geometry":{"type":"Polygon","coordinates":[[[-38.9928514502342,-12.1458970903784],[-38.9917664163869,-12.146411053827],[-38.9914134828459,-12.1454438266712],[-38.9905481317908,-12.1458590193782],[-38.9905481317908,-12.1464491248272],[-38.9879783136482,-12.1487905151701],[-38.987711813949,-12.1508273339143],[-38.9873311003499,-12.1509986547641],[-38.9873120652995,-12.1503704774155],[-38.9867409940017,-12.1504466203152],[-38.9867600299514,-12.1510367257642],[-38.9859034239038,-12.1511890115636],[-38.9857321030541,-12.1516268330119],[-38.9874815191567,-12.1516417977307],[-38.9868888848141,-12.152874947221],[-38.9884674845867,-12.1538105748981],[-38.9895011689438,-12.1523121173103],[-38.9904529529414,-12.1529593306085],[-38.9920900221368,-12.1522169393602],[-38.9916141296883,-12.1515126182127],[-38.9905671668412,-12.1517981538616],[-38.9894059900943,-12.1505608342151],[-38.9908290835953,-12.1496722150007],[-38.9913285949386,-12.1509415478141],[-38.9929847000838,-12.1505037272652],[-38.992508806736,-12.1490950858695],[-38.9912714879887,-12.1492759251438],[-38.9904148819412,-12.1480386045979],[-38.9933178242582,-12.1469440532254],[-38.9928514502342,-12.1458970903784]]]}},{"type":"Feature","properties":{"id":"952","municipality":"2910800","density":"Densa","type":"Área urbanizada","state":"BA"},"geometry":{"type":"Polygon","coordinates":[[[-39.0329384687353,-12.2913734183486],[-39.0317052392054,-12.29315947463],[-39.0335763461714,-12.2933295750998],[-39.0340866475807,-12.2922664469389],[-39.0338740217687,-12.2911182671942],[-39.0329384687353,-12.2913734183486]]]}},{"type":"Feature","properties":{"id":"953","municipality":"2910800","density":"Densa","type":"Área urbanizada","state":"BA"},"geometry":{"type":"Polygon","coordinates":[[[-38.9965683644384,-12.200978134833],[-38.9957652959316,-12.2009138890647],[-38.9956689272791,-12.2021666752518],[-38.9983485112747,-12.2026562149123],[-38.9982168226482,-12.2039730912851],[-38.9975029848748,-12.2036459152268],[-38.9974732406975,-12.2042407807874],[-38.9999121885966,-12.2051033349509],[-39.0006557714466,-12.2036756594041],[-38.9992875806573,-12.2037054017828],[-38.9996742432717,-12.2028428467199],[-39.0012208928299,-12.2031700227783],[-39.0020834469934,-12.202604901395],[-39.0091925940629,-12.2066317336675],[-39.0093853295693,-12.20582866606],[-39.0069118809785,-12.2043188976989],[-39.0072009851373,-12.2038691800186],[-39.0064621623988,-12.2035158300914],[-39.0061409353559,-12.2039013020034],[-39.0028865146009,-12.2012664538837],[-39.0034813810608,-12.1995413446573],[-39.0018157583905,-12.1991249396642],[-39.0017183833966,-12.199787088903],[-39.0009160217569,-12.1997497688367],[-39.001129789708,-12.1984404386753],[-39.0002624772315,-12.1982155802847],[-39.0005194594055,-12.197155529604],[-38.9974677997991,-12.1965773212863],[-38.9975320446681,-12.1958384994471],[-38.9955725586266,-12.1955172724042],[-38.9954119460045,-12.1988259123859],[-38.9964398729018,-12.1989865259074],[-38.9965683644384,-12.200978134833]]]}},{"type":"Feature","properties":{"id":"954","municipality":"2910800","density":"Densa","type":"Área urbanizada","state":"BA"},"geometry":{"type":"Polygon","coordinates":[[[-38.9654175997424,-12.1922553270217],[-38.9673120737932,-12.1921790402305],[-38.9700801519774,-12.1895938742579],[-38.9711914118541,-12.189863671771],[-38.9713520262749,-12.1918231578125],[-38.970516834884,-12.1936862761007],[-38.9711592889699,-12.1945214665924],[-38.9720587261293,-12.1944572217234],[-38.9723478302881,-12.1937505218691],[-38.9716411304338,-12.189799426902],[-38.970058355109,-12.1892562606678],[-38.9687727427678,-12.1881570472099],[-38.9686835129337,-12.1873837219811],[-38.9673450663217,-12.1870268026448],[-38.9674045528778,-12.1866401400304],[-38.9653705481123,-12.1863753814187],[-38.9653129537298,-12.1839852136466],[-38.9637068167162,-12.1836318637195],[-38.9636425718472,-12.1850773863123],[-38.9642207810642,-12.1852058769496],[-38.9641565361952,-12.1858162090508],[-38.9629037491087,-12.1858804539198],[-38.9628716271238,-12.1867156453108],[-38.9643813945857,-12.1866835233259],[-38.9644135165705,-12.1872617316436],[-38.9623897856601,-12.187101118122],[-38.9622291721386,-12.1874865909334],[-38.965372373736,-12.1882268498892],[-38.9654175997424,-12.1922553270217]]]}},{"type":"Feature","properties":{"id":"955","municipality":"2910800","density":"Densa","type":"Área urbanizada","state":"BA"},"geometry":{"type":"Polygon","coordinates":[[[-39.0264752858058,-12.1349364572516],[-39.028051678642,-12.1344010782471],[-39.0282003950322,-12.1348769697963],[-39.0295090992654,-12.1347282543055],[-39.0297767878684,-12.1351149160205],[-39.0311152353798,-12.1353231189667],[-39.0313234383259,-12.1348472274175],[-39.0307583160434,-12.1345795379153],[-39.0310260046464,-12.1337764694085],[-39.0299255051579,-12.1337764694085],[-39.0296578147563,-12.1321108467382],[-39.0287357740367,-12.1323487929624],[-39.0289142337049,-12.1335087799062],[-39.0278732189738,-12.1337764694085],[-39.027783990039,-12.133330320238],[-39.0271593812004,-12.133330320238],[-39.0271891235791,-12.1338656992426],[-39.0260291366353,-12.1344308206258],[-39.0264752858058,-12.1349364572516]]]}},{"type":"Feature","properties":{"id":"956","municipality":"2913606","density":"Densa","type":"Área urbanizada","state":"BA"},"geometry":{"type":"Polygon","coordinates":[[[-39.035374383,-14.80911174],[-39.033607633,-14.811039104],[-39.03168027,-14.811681558],[-39.028403752,-14.811296085],[-39.0260909159999,-14.809946931],[-39.025609075,-14.8084692859999],[-39.0263478969999,-14.807634095],[-39.0246453929999,-14.807248622],[-39.024227798,-14.810974858],[-39.024452657,-14.8150544439999],[-39.025352093,-14.81476534],[-39.024954259,-14.816842514],[-39.025307609,-14.819829927],[-39.0263676589999,-14.8198620499999],[-39.026624641,-14.822431868],[-39.025564591,-14.822560359],[-39.025628836,-14.8249374399999],[-39.026881622,-14.8248731949999],[-39.026977991,-14.8256762629999],[-39.025596713,-14.825740508],[-39.025757327,-14.8294988669999],[-39.026335536,-14.8294667439999],[-39.0263997819999,-14.830044953],[-39.025628836,-14.830077076],[-39.025693082,-14.830848021],[-39.025307609,-14.8308801439999],[-39.0257894499999,-14.833867557],[-39.025050627,-14.836501621],[-39.0266567629999,-14.8369834609999],[-39.025307609,-14.8409024339999],[-39.02501778,-14.8476146429999],[-39.0294185929999,-14.847357662],[-39.029868311,-14.845590912],[-39.031827797,-14.8449163349999],[-39.033658792,-14.846104875],[-39.033947897,-14.8458157709999],[-39.034686719,-14.847197048],[-39.035971628,-14.847293416],[-39.0359716279999,-14.849188657],[-39.036903187,-14.847550398],[-39.0366783279999,-14.846233366],[-39.0373850279999,-14.844209635],[-39.0382844649999,-14.8439205299999],[-39.0378347459999,-14.845366053],[-39.038220219,-14.846779453],[-39.038637814,-14.846811575],[-39.0385735689999,-14.8449163349999],[-39.0396657419999,-14.843663548],[-39.039280269,-14.842731989],[-39.03834871,-14.84250713],[-39.036967433,-14.8409973619999],[-39.0381559739999,-14.840354908],[-39.038220219,-14.83990519],[-39.0371601689999,-14.840130049],[-39.036324978,-14.8394875939999],[-39.035971628,-14.83849179],[-39.037031678,-14.8388451399999],[-39.038220219,-14.83849179],[-39.0387020599999,-14.8364359359999],[-39.0378026239999,-14.835986217],[-39.037609887,-14.834444327],[-39.036614083,-14.834090977],[-39.036324978,-14.8334164],[-39.035457665,-14.8332557859999],[-39.035200683,-14.833994609],[-39.034847333,-14.833962486],[-39.0344939829999,-14.8329988039999],[-39.0341828649999,-14.833409633],[-39.0313138329999,-14.8341552219999],[-39.031121097,-14.8335127679999],[-39.0317314289999,-14.8329024359999],[-39.0311853429999,-14.8329024359999],[-39.0308319929999,-14.832324227],[-39.029900434,-14.8289513409999],[-39.030639256,-14.8281482729999],[-39.0310205869999,-14.8289489919999],[-39.0307998699999,-14.8298829],[-39.0325666199999,-14.830268373],[-39.033337565,-14.830204127],[-39.0327272329999,-14.8293046909999],[-39.0343976149999,-14.828148273],[-39.035586156,-14.8286943589999],[-39.037449274,-14.828051905],[-39.0395693729999,-14.8282125179999],[-39.0412076319999,-14.828983464],[-39.0403403189999,-14.8274415729999],[-39.04117551,-14.8269276089999],[-39.041304001,-14.826188787],[-39.0389276439999,-14.825130176],[-39.0380603299999,-14.823973758],[-39.0406301479999,-14.824262863],[-39.0408550069999,-14.823941636],[-39.040469534,-14.823716777],[-39.038799153,-14.8232670589999],[-39.0414653389999,-14.823074322],[-39.040276798,-14.8226246039999],[-39.04018043,-14.8215966769999],[-39.0408871299999,-14.8219821499999],[-39.0427823709999,-14.8217572909999],[-39.0410156209999,-14.821468186],[-39.041079866,-14.8211148359999],[-39.037032403,-14.817003127],[-39.0408466819999,-14.8168362109999],[-39.0410279819999,-14.815889635],[-39.0407871959999,-14.815349048],[-39.0371287739999,-14.8152895609999],[-39.035801474,-14.814159311],[-39.036627169,-14.8134161849999],[-39.0358562239999,-14.812773731],[-39.0367235369999,-14.8116173129999],[-39.0372375009999,-14.8119064169999],[-39.037173255,-14.813641044],[-39.0390363729999,-14.814604726],[-39.03958246,-14.8138980259999],[-39.039068496,-14.810589385],[-39.039486091,-14.809143863],[-39.037912078,-14.80769834],[-39.038072691,-14.8065419219999],[-39.037655096,-14.806220695],[-39.0383617959999,-14.805289136],[-39.0388436369999,-14.805770977],[-39.0390363729999,-14.805481872],[-39.0386187779999,-14.8044218229999],[-39.037847832,-14.8043896999999],[-39.037783587,-14.803618754],[-39.037012642,-14.804486068],[-39.035374383,-14.80911174]],[[-39.0306289449999,-14.8422087669999],[-39.0298579999999,-14.843622167],[-39.0291513,-14.844071885],[-39.028187618,-14.8439755169999],[-39.0278342679999,-14.842851222],[-39.026131764,-14.842786976],[-39.0263244999999,-14.840955981],[-39.0271918139999,-14.839735318],[-39.0264208679999,-14.8393819679999],[-39.0270311999999,-14.8377437089999],[-39.028027004,-14.8371655],[-39.028187618,-14.8376152179999],[-39.0286694589999,-14.837454604],[-39.0284445999999,-14.836908518],[-39.030179227,-14.835719977],[-39.0308859269999,-14.838097059],[-39.031464136,-14.83822555],[-39.0306289449999,-14.8422087669999]]]}},{"type":"Feature","properties":{"id":"957","municipality":"2913606","density":"Densa","type":"Área urbanizada","state":"BA"},"geometry":{"type":"Polygon","coordinates":[[[-39.088734227,-14.794698008],[-39.089633663,-14.795051358],[-39.090147627,-14.794826499],[-39.0898263989999,-14.794280413],[-39.0904688539999,-14.7928027679999],[-39.0926210759999,-14.795179849],[-39.093038672,-14.794890745],[-39.0939702309999,-14.795725935],[-39.094676931,-14.79530834],[-39.0951587719999,-14.793573713],[-39.0941308439999,-14.793123995],[-39.093938108,-14.794023431],[-39.0933598989999,-14.7942482899999],[-39.0932635309999,-14.793252486],[-39.0924604629999,-14.79212819],[-39.090179749,-14.791036018],[-39.0890875769999,-14.7911966309999],[-39.088734227,-14.794698008]]]}},{"type":"Feature","properties":{"id":"958","municipality":"2913606","density":"Densa","type":"Área urbanizada","state":"BA"},"geometry":{"type":"Polygon","coordinates":[[[-39.187064768,-14.654119873],[-39.1864132899999,-14.654221427],[-39.186032576,-14.653674151],[-39.1867940029999,-14.654911471],[-39.188839967,-14.6548600349999],[-39.189161194,-14.655727349],[-39.188486617,-14.656915889],[-39.1886472309999,-14.6573013619999],[-39.190899093,-14.65572259],[-39.1918627749999,-14.655658344],[-39.191059707,-14.654887399],[-39.1903530069999,-14.655112258],[-39.18907479,-14.653391015],[-39.188689318,-14.653262525],[-39.1884644579999,-14.6540655929999],[-39.1871795499999,-14.654001347],[-39.1873080399999,-14.653101911],[-39.186922568,-14.653101911],[-39.187064768,-14.654119873]]]}},{"type":"Feature","properties":{"id":"959","municipality":"2913606","density":"Densa","type":"Área urbanizada","state":"BA"},"geometry":{"type":"Polygon","coordinates":[[[-39.266362499,-14.654882149],[-39.265618917,-14.655239068],[-39.265470201,-14.654882149],[-39.2659758359999,-14.6541980539999],[-39.2656706829999,-14.6527251429999],[-39.2639985669999,-14.655242599],[-39.264930126,-14.655756563],[-39.2662150349999,-14.657362699],[-39.267724803,-14.65537109],[-39.268238766,-14.65395769],[-39.266825366,-14.652030327],[-39.268335134,-14.650938154],[-39.2680460299999,-14.650520559],[-39.2664159509999,-14.651902779],[-39.266362499,-14.654882149]]]}},{"type":"Feature","properties":{"id":"960","municipality":"2913606","density":"Densa","type":"Outros equipamentos urbanos","state":"BA"},"geometry":{"type":"Polygon","coordinates":[[[-39.141734084,-14.804038712],[-39.141958943,-14.804456307],[-39.1426335199999,-14.8043599389999],[-39.143179607,-14.803139276],[-39.141958943,-14.803010785],[-39.141734084,-14.804038712]]]}},{"type":"Feature","properties":{"id":"961","municipality":"2913606","density":"Densa","type":"Área urbanizada","state":"BA"},"geometry":{"type":"Polygon","coordinates":[[[-39.473766634,-14.505754465],[-39.473861813,-14.506649142],[-39.473318857,-14.506753557],[-39.473366556,-14.50933256],[-39.474265992,-14.509300437],[-39.4743302379999,-14.509942892],[-39.4754545329999,-14.510264119],[-39.4755830239999,-14.5110350639999],[-39.475936374,-14.510938696],[-39.4759684969999,-14.509814401],[-39.47683581,-14.509814401],[-39.476803687,-14.509461051],[-39.4757115149999,-14.509204069],[-39.4754224099999,-14.506634251],[-39.475904251,-14.506570006],[-39.475904251,-14.505124483],[-39.475261797,-14.505092361],[-39.475133306,-14.5029401379999],[-39.4743623599999,-14.502972261],[-39.473752029,-14.500241829],[-39.4733344329999,-14.5001454609999],[-39.473109574,-14.501205511],[-39.4735914149999,-14.501301879],[-39.4738805199999,-14.502875893],[-39.4728204699999,-14.503871697],[-39.472884715,-14.5045462739999],[-39.472338629,-14.505124483],[-39.4731277769999,-14.505852751],[-39.473766634,-14.505754465]]]}},{"type":"Feature","properties":{"id":"963","municipality":"2913606","density":"Densa","type":"Área urbanizada","state":"BA"},"geometry":{"type":"Polygon","coordinates":[[[-39.074063467,-14.741678529],[-39.073067662,-14.741903388],[-39.073067662,-14.742385229],[-39.071429404,-14.742706456],[-39.070497845,-14.7418391429999],[-39.070016004,-14.739719043],[-39.0679280269999,-14.739719043],[-39.0663861359999,-14.7451156609999],[-39.0643945269999,-14.7595708859999],[-39.063077495,-14.762237072],[-39.0605397999999,-14.770428367],[-39.0600579589999,-14.770653226],[-39.05947975,-14.7721629939999],[-39.058548191,-14.7728054479999],[-39.05590276,-14.7715499249999],[-39.0572961839999,-14.76775715],[-39.0595768969999,-14.764962474],[-39.0606048239999,-14.760754397],[-39.0601872289999,-14.7605937829999],[-39.0597053879999,-14.7611077469999],[-39.0590308109999,-14.760882888],[-39.0565573609999,-14.7669219599999],[-39.0532487209999,-14.7727361729999],[-39.0531202299999,-14.773474995],[-39.053569948,-14.774342309],[-39.054051789,-14.7740532039999],[-39.0562353549999,-14.776049843],[-39.055046815,-14.7780093289999],[-39.0534728009999,-14.77919787],[-39.0536976599999,-14.779711834],[-39.0531194509999,-14.7806112699999],[-39.051673929,-14.7808040059999],[-39.052252138,-14.779872447],[-39.0512242099999,-14.779711834],[-39.050999351,-14.777206261],[-39.050356897,-14.777142016],[-39.042059638,-14.783526262],[-39.0379896479999,-14.785397556],[-39.035998039,-14.784594488],[-39.036030162,-14.783470192],[-39.035387708,-14.784209015],[-39.0348094989999,-14.7842732609999],[-39.0347131309999,-14.783470192],[-39.0339421849999,-14.783534438],[-39.0329142579999,-14.782956229],[-39.0318542079999,-14.7851084509999],[-39.032368172,-14.7853011879999],[-39.0321754349999,-14.786714588],[-39.030505054,-14.786425483],[-39.030990861,-14.798435251],[-39.031408456,-14.798595865],[-39.031275999,-14.8018443899999],[-39.0320148219999,-14.805538504],[-39.033396099,-14.804574822],[-39.034006431,-14.802743827],[-39.033749449,-14.8004309909999],[-39.0350986029999,-14.799627922],[-39.03753993,-14.7994994319999],[-39.0388890849999,-14.79994915],[-39.0396279069999,-14.800463113],[-39.040623712,-14.8023262309999],[-39.043032916,-14.8017158989999],[-39.045409997,-14.800206131],[-39.0487828829999,-14.801619531],[-39.049842933,-14.801619531],[-39.049714442,-14.7993066949999],[-39.052155769,-14.7980860319999],[-39.0522200149999,-14.796672632],[-39.052766101,-14.796030177],[-39.0542437459999,-14.79570895],[-39.0596724869999,-14.797925418],[-39.0597367319999,-14.796479896],[-39.060411309,-14.7962229139999],[-39.0602185729999,-14.79570895],[-39.061150132,-14.7956125819999],[-39.0613428679999,-14.7967047549999],[-39.062692023,-14.796126546],[-39.062531409,-14.7950986179999],[-39.063270232,-14.7948737589999],[-39.0636235819999,-14.794006446],[-39.0633665999999,-14.793010641],[-39.061792586,-14.7895092649999],[-39.0613428679999,-14.7898947369999],[-39.0608610269999,-14.789091669],[-39.0611822549999,-14.7882564779999],[-39.060250696,-14.785269065],[-39.0595118729999,-14.7844659969999],[-39.058066351,-14.7839199109999],[-39.0581305959999,-14.783534438],[-39.060347064,-14.782635002],[-39.0614392369999,-14.7787481519999],[-39.060379187,-14.7778487159999],[-39.0591264,-14.777559611],[-39.0590621549999,-14.776756543],[-39.05793786,-14.7764674389999],[-39.058226964,-14.7758249839999],[-39.059576119,-14.7756001249999],[-39.060411309,-14.774668566],[-39.060700414,-14.7740261119999],[-39.0600900819999,-14.773383657],[-39.06089315,-14.7726127119999],[-39.061374991,-14.7729339389999],[-39.0628526359999,-14.770460489],[-39.063591459,-14.770910208],[-39.0640090539999,-14.770428367],[-39.063270232,-14.7697216669999],[-39.0645230179999,-14.764614154],[-39.065968541,-14.7633613679999],[-39.065872172,-14.762237072],[-39.0666752399999,-14.7614982499999],[-39.0668037309999,-14.760566691],[-39.0666431179999,-14.7601169719999],[-39.0654867,-14.760277586],[-39.065550945,-14.7606309359999],[-39.0644908949999,-14.760470322],[-39.0651012269999,-14.7583180999999],[-39.065679436,-14.758382345],[-39.06773529,-14.7524717639999],[-39.0688274629999,-14.752279028],[-39.069212936,-14.7514438369999],[-39.070272986,-14.7517650639999],[-39.071461526,-14.747846092],[-39.0718469989999,-14.747332128],[-39.07232884,-14.7473963739999],[-39.072842803,-14.746496938],[-39.0735173809999,-14.746753919],[-39.073421012,-14.7475569879999],[-39.074898658,-14.747781847],[-39.0750592709999,-14.748231565],[-39.076087198,-14.747878215],[-39.077115126,-14.7481994419999],[-39.0790746119999,-14.747460619],[-39.07881763,-14.746689674],[-39.0794922069999,-14.7462720789999],[-39.0794600839999,-14.744826556],[-39.076472671,-14.74546901],[-39.076601162,-14.745982974],[-39.0755411119999,-14.746464815],[-39.0756696029999,-14.747107269],[-39.072714312,-14.746207833],[-39.0724894529999,-14.745565379],[-39.073838608,-14.74463382],[-39.0735173809999,-14.7441198559999],[-39.0740313439999,-14.743798629],[-39.0742562029999,-14.744055611],[-39.075444744,-14.7431240519999],[-39.074673799,-14.7419997559999],[-39.0765047939999,-14.74216037],[-39.07634418,-14.742706456],[-39.0773078619999,-14.7428670699999],[-39.07740423,-14.742385229],[-39.0799419249999,-14.743156174],[-39.0826402339999,-14.744441083],[-39.082800848,-14.7456617469999],[-39.0836681609999,-14.745758115],[-39.0838930199999,-14.745083538],[-39.0850173159999,-14.7456617469999],[-39.085370666,-14.745051415],[-39.08459972,-14.744151979],[-39.082865093,-14.7432204199999],[-39.0825117429999,-14.742128247],[-39.081772921,-14.7418712649999],[-39.082286884,-14.740907584],[-39.0817086749999,-14.741132443],[-39.080070416,-14.740650602],[-39.0792352249999,-14.7425779649999],[-39.077886071,-14.74216037],[-39.07811093,-14.741325179],[-39.077532721,-14.741196688],[-39.0774363529999,-14.739976025],[-39.0765047939999,-14.739719043],[-39.076151444,-14.7405863569999],[-39.0752841299999,-14.7386911159999],[-39.073806485,-14.738755361],[-39.074063467,-14.741678529]]]}},{"type":"Feature","properties":{"id":"964","municipality":"2913606","density":"Densa","type":"Área urbanizada","state":"BA"},"geometry":{"type":"Polygon","coordinates":[[[-39.1789244029999,-14.797685551],[-39.1795145099999,-14.798123372],[-39.1791909029999,-14.7975142299999],[-39.1802569019999,-14.7964101599999],[-39.180123652,-14.796010411],[-39.178772118,-14.7947159839999],[-39.1784485109999,-14.795382233],[-39.177629977,-14.7957439109999],[-39.1760119429999,-14.793250236],[-39.1760500139999,-14.793745164],[-39.1747936589999,-14.7946017699999],[-39.174603302,-14.795972339],[-39.1739180169999,-14.796257875],[-39.173898982,-14.796714731],[-39.172261913,-14.7965243739999],[-39.171348199,-14.795915232],[-39.170206058,-14.796733767],[-39.169920523,-14.79945587],[-39.1723951619999,-14.799151299],[-39.172794912,-14.799493942],[-39.17289009,-14.7990180489999],[-39.1739941599999,-14.798903835],[-39.1744319809999,-14.799151299],[-39.1738038029999,-14.802177974],[-39.174698481,-14.802139902],[-39.175041123,-14.804766827],[-39.176697228,-14.804633577],[-39.1773825129999,-14.804024435],[-39.18048533,-14.8029394009999],[-39.179400296,-14.80153076],[-39.1798571519999,-14.800921618],[-39.178829225,-14.799931762],[-39.1780106899999,-14.7979710869999],[-39.1789244029999,-14.797685551]]]}},{"type":"Feature","properties":{"id":"965","municipality":"2913606","density":"Densa","type":"Área urbanizada","state":"BA"},"geometry":{"type":"Polygon","coordinates":[[[-39.0964797679999,-14.779105202],[-39.097086135,-14.779778788],[-39.0967649079999,-14.780228506],[-39.09715038,-14.780742469],[-39.096950506,-14.7820702089999],[-39.1006981569999,-14.78228436],[-39.101162152,-14.782748355],[-39.102339985,-14.782784047],[-39.1036070479999,-14.783408655],[-39.1049240799999,-14.785143283],[-39.1065944609999,-14.7838262509999],[-39.105984129,-14.783151674],[-39.1066265839999,-14.7823164829999],[-39.1064338479999,-14.7818025189999],[-39.107140547,-14.780260629],[-39.107269038,-14.7789757199999],[-39.106883566,-14.778558124],[-39.1057913929999,-14.778204774],[-39.1060162519999,-14.77981091],[-39.104867714,-14.7807514259999],[-39.1050405739999,-14.781881929],[-39.1045051959999,-14.7822685909999],[-39.103060962,-14.7806782239999],[-39.1036070479999,-14.7790078419999],[-39.102579121,-14.7800036469999],[-39.1011014749999,-14.779200579],[-39.0992383569999,-14.7791363329999],[-39.099816567,-14.776887743],[-39.0994632169999,-14.775634956],[-39.0989492529999,-14.775377975],[-39.0993347259999,-14.776052552],[-39.099045621,-14.7770162329999],[-39.098178308,-14.777176847],[-39.0979213259999,-14.77791567],[-39.097293045,-14.77813127],[-39.0964797679999,-14.779105202]]]}},{"type":"Feature","properties":{"id":"966","municipality":"2913606","density":"Densa","type":"Área urbanizada","state":"BA"},"geometry":{"type":"Polygon","coordinates":[[[-39.009481469,-14.953343671],[-39.0099311869999,-14.951866025],[-39.0123725139999,-14.952669093],[-39.012661619,-14.9515126749999],[-39.0119870419999,-14.950966589],[-39.0119870419999,-14.9482361579999],[-39.0126937419999,-14.948043421],[-39.0130792139999,-14.947272476],[-39.0136253009999,-14.947625826],[-39.014845964,-14.946405162],[-39.014781719,-14.945537849],[-39.013914405,-14.945505726],[-39.013818037,-14.9441886939999],[-39.01243676,-14.943481994],[-39.012404637,-14.941233404],[-39.0130792139999,-14.940173354],[-39.012308269,-14.93965939],[-39.0115694459999,-14.939948495],[-39.011248219,-14.940815808],[-39.011697937,-14.941201281],[-39.011697937,-14.94213284],[-39.011055483,-14.944220817],[-39.010188169,-14.946116058],[-39.0098990649999,-14.94601969],[-39.0089353829999,-14.947497335],[-39.009513592,-14.949713803],[-39.0087426469999,-14.950581116],[-39.007811088,-14.9509023439999],[-39.0075541059999,-14.952251498],[-39.0081644379999,-14.9534400389999],[-39.009481469,-14.953343671]]]}},{"type":"Feature","properties":{"id":"968","municipality":"2913606","density":"Densa","type":"Outros equipamentos urbanos","state":"BA"},"geometry":{"type":"Polygon","coordinates":[[[-39.074706514,-14.7509464409999],[-39.076265061,-14.752112377],[-39.0772763319999,-14.751243873],[-39.0768599259999,-14.749518764],[-39.074706514,-14.7509464409999]]]}},{"type":"Feature","properties":{"id":"969","municipality":"2913606","density":"Densa","type":"Área urbanizada","state":"BA"},"geometry":{"type":"Polygon","coordinates":[[[-39.076271095,-14.688106944],[-39.076271095,-14.689391853],[-39.076688691,-14.692025917],[-39.0762389729999,-14.6923471439999],[-39.0765602,-14.6939854029999],[-39.0770099179999,-14.6939854029999],[-39.0773632679999,-14.692957476],[-39.076656568,-14.688074822],[-39.076271095,-14.688106944]]]}},{"type":"Feature","properties":{"id":"970","municipality":"2913606","density":"Densa","type":"Outros equipamentos urbanos","state":"BA"},"geometry":{"type":"Polygon","coordinates":[[[-39.1085575169999,-14.787126563],[-39.1097460569999,-14.786227127],[-39.108653885,-14.785295568],[-39.107915062,-14.786355618],[-39.1085575169999,-14.787126563]]]}},{"type":"Feature","properties":{"id":"971","municipality":"2913606","density":"Densa","type":"Área urbanizada","state":"BA"},"geometry":{"type":"Polygon","coordinates":[[[-39.126560724,-14.743379356],[-39.127006189,-14.7442034659999],[-39.128503348,-14.744524693],[-39.128631839,-14.7442677119999],[-39.127796648,-14.742340348],[-39.1261583899999,-14.741986998],[-39.125965653,-14.7415372799999],[-39.1250340939999,-14.741633648],[-39.1246486219999,-14.7407663349999],[-39.1243916399999,-14.7439464839999],[-39.1256934109999,-14.74353997],[-39.125886147,-14.7442466689999],[-39.125082995,-14.744407388],[-39.1255480579999,-14.74471743],[-39.126379863,-14.7444045579999],[-39.126560724,-14.743379356]]]}},{"type":"Feature","properties":{"id":"972","municipality":"2913606","density":"Densa","type":"Área urbanizada","state":"BA"},"geometry":{"type":"Polygon","coordinates":[[[-39.050549633,-14.805427859],[-39.049489583,-14.806584277],[-39.0500035469999,-14.807837063],[-39.0510314739999,-14.80851164],[-39.0520915239999,-14.807290977],[-39.051609683,-14.805524227],[-39.050549633,-14.805427859]]]}},{"type":"Feature","properties":{"id":"973","municipality":"2913606","density":"Densa","type":"Outros equipamentos urbanos","state":"BA"},"geometry":{"type":"Polygon","coordinates":[[[-39.026109704,-14.7765641309999],[-39.0260133359999,-14.781960748],[-39.0269127719999,-14.782795939],[-39.0272018759999,-14.776499885],[-39.026109704,-14.7765641309999]]]}},{"type":"Feature","properties":{"id":"974","municipality":"2913606","density":"Densa","type":"Área urbanizada","state":"BA"},"geometry":{"type":"Polygon","coordinates":[[[-39.0693647099999,-14.6716922329999],[-39.070264146,-14.671884969],[-39.0712278279999,-14.669379397],[-39.0748255729999,-14.6700218509999],[-39.0749219409999,-14.671371005],[-39.0755643949999,-14.671081901],[-39.0754680269999,-14.669796992],[-39.0758534999999,-14.669700624],[-39.073990382,-14.6673877879999],[-39.072480614,-14.667195051],[-39.0728018409999,-14.6658458969999],[-39.072127264,-14.665556792],[-39.0723199999999,-14.664336129],[-39.0674373459999,-14.6619269249999],[-39.0674052239999,-14.667223507],[-39.0710157189999,-14.668178349],[-39.070872952,-14.6689635709999],[-39.068374518,-14.6681069649999],[-39.0681440459999,-14.669090292],[-39.0693647099999,-14.6716922329999]]]}},{"type":"Feature","properties":{"id":"975","municipality":"2913606","density":"Densa","type":"Área urbanizada","state":"BA"},"geometry":{"type":"Polygon","coordinates":[[[-39.0541575669999,-14.873473313],[-39.0540611979999,-14.872638122],[-39.05171624,-14.869233113],[-39.0507525579999,-14.8700361809999],[-39.049307035,-14.868654904],[-39.049146422,-14.86801245],[-39.048825194,-14.8682373089999],[-39.0490500539999,-14.869104622],[-39.047990004,-14.8700040579999],[-39.048054249,-14.8703895309999],[-39.049435526,-14.86955434],[-39.0515235029999,-14.8712568449999],[-39.052969026,-14.8736018029999],[-39.0545109169999,-14.87414789],[-39.055506721,-14.8739230309999],[-39.0541575669999,-14.873473313]]]}},{"type":"Feature","properties":{"id":"976","municipality":"2913606","density":"Densa","type":"Área urbanizada","state":"BA"},"geometry":{"type":"Polygon","coordinates":[[[-39.4027395129999,-14.4571218319999],[-39.402000691,-14.4554514499999],[-39.401840077,-14.454230787],[-39.402321918,-14.452014319],[-39.401968568,-14.45143611],[-39.401197623,-14.4517573369999],[-39.4006194139999,-14.4526888959999],[-39.399944836,-14.457282445],[-39.402321918,-14.45757155],[-39.4027395129999,-14.4571218319999]]]}},{"type":"Feature","properties":{"id":"977","municipality":"2913606","density":"Densa","type":"Outros equipamentos urbanos","state":"BA"},"geometry":{"type":"Polygon","coordinates":[[[-39.0657641,-14.6788908309999],[-39.0657641,-14.6798866349999],[-39.0687515129999,-14.680207862],[-39.069201231,-14.679436917],[-39.0657641,-14.6788908309999]]]}},{"type":"Feature","properties":{"id":"978","municipality":"2913606","density":"Densa","type":"Área urbanizada","state":"BA"},"geometry":{"type":"Polygon","coordinates":[[[-39.054287179,-14.5938440749999],[-39.053933829,-14.598212765],[-39.0544799149999,-14.598116397],[-39.0548653879999,-14.597377574],[-39.059362569,-14.596831488],[-39.060647478,-14.597730924],[-39.061418423,-14.5963817699999],[-39.061386301,-14.595546579],[-39.059073465,-14.595450211],[-39.058944974,-14.593426479],[-39.0594589369999,-14.59355497],[-39.059651674,-14.5928482699999],[-39.0591377099999,-14.592655534],[-39.0588164829999,-14.591499116],[-39.0581419059999,-14.591884589],[-39.057660065,-14.591595484],[-39.057499451,-14.591948834],[-39.057081856,-14.591756098],[-39.056760629,-14.5904390659999],[-39.053773215,-14.5904390659999],[-39.054287179,-14.5938440749999]]]}},{"type":"Feature","properties":{"id":"979","municipality":"2913606","density":"Densa","type":"Outros equipamentos urbanos","state":"BA"},"geometry":{"type":"Polygon","coordinates":[[[-39.1486083469999,-14.8028180489999],[-39.1502466059999,-14.804295694],[-39.150953306,-14.8035889939999],[-39.149893256,-14.801982858],[-39.1486083469999,-14.8028180489999]]]}},{"type":"Feature","properties":{"id":"980","municipality":"2913606","density":"Densa","type":"Vazio intraurbano","state":"BA"},"geometry":{"type":"Polygon","coordinates":[[[-39.0284445999999,-14.836908518],[-39.0286694589999,-14.837454604],[-39.028187618,-14.8376152179999],[-39.028027004,-14.8371655],[-39.0270311999999,-14.8377437089999],[-39.0264208679999,-14.8393819679999],[-39.0271918139999,-14.839735318],[-39.0263244999999,-14.840955981],[-39.026131764,-14.842786976],[-39.0278342679999,-14.842851222],[-39.028187618,-14.8439755169999],[-39.028637336,-14.844071885],[-39.0298579999999,-14.843622167],[-39.0306289449999,-14.8422087669999],[-39.031464136,-14.83822555],[-39.0308859269999,-14.838097059],[-39.030179227,-14.835719977],[-39.0284445999999,-14.836908518]]]}},{"type":"Feature","properties":{"id":"981","municipality":"2913606","density":"Densa","type":"Outros equipamentos urbanos","state":"BA"},"geometry":{"type":"Polygon","coordinates":[[[-39.151338778,-14.801661631],[-39.152109724,-14.8013404029999],[-39.151692128,-14.8005373349999],[-39.1506963239999,-14.800505212],[-39.151338778,-14.801661631]]]}},{"type":"Feature","properties":{"id":"982","municipality":"2913606","density":"Densa","type":"Área urbanizada","state":"BA"},"geometry":{"type":"Polygon","coordinates":[[[-39.1444323929999,-14.805259376],[-39.145235461,-14.808824998],[-39.146905842,-14.8075400889999],[-39.145845793,-14.806447916],[-39.1452033379999,-14.8063836709999],[-39.144721497,-14.804649044],[-39.1444323929999,-14.805259376]]]}},{"type":"Feature","properties":{"id":"983","municipality":"2913606","density":"Densa","type":"Área urbanizada","state":"BA"},"geometry":{"type":"Polygon","coordinates":[[[-39.04946877,-14.58022404],[-39.0503039609999,-14.582729613],[-39.0507858019999,-14.5824405079999],[-39.050625188,-14.5815410719999],[-39.0512997659999,-14.5815731939999],[-39.051877975,-14.5809307399999],[-39.050111225,-14.5809307399999],[-39.050111225,-14.5787142719999],[-39.0508179249999,-14.578232431],[-39.0514282559999,-14.578714272],[-39.053548356,-14.578874886],[-39.053901706,-14.5803846539999],[-39.053291374,-14.5809307399999],[-39.0544799149999,-14.581605317],[-39.0544799149999,-14.583918153],[-39.0557648239999,-14.58411089],[-39.0569854879999,-14.58340419],[-39.0569854879999,-14.5829223489999],[-39.055796947,-14.5832114529999],[-39.05441567,-14.58022404],[-39.05631091,-14.5799991809999],[-39.057049733,-14.580738004],[-39.05772431,-14.580481022],[-39.056471524,-14.576883277],[-39.0560218059999,-14.57656205],[-39.054961756,-14.5776220989999],[-39.053933829,-14.5769154],[-39.0538695829999,-14.575309263],[-39.054319302,-14.575245018],[-39.054094442,-14.572996427],[-39.05476902,-14.5728036909999],[-39.054640529,-14.5718078859999],[-39.0492760339999,-14.571872132],[-39.04946877,-14.58022404]]]}},{"type":"Feature","properties":{"id":"984","municipality":"2913606","density":"Densa","type":"Área urbanizada","state":"BA"},"geometry":{"type":"Polygon","coordinates":[[[-39.442148382,-14.568213531],[-39.441281068,-14.566960745],[-39.4392894589999,-14.5683098989999],[-39.4396749319999,-14.569241458],[-39.4409598409999,-14.5690808439999],[-39.4407028589999,-14.569755422],[-39.4410883319999,-14.569883913],[-39.4415380499999,-14.568823863],[-39.443336923,-14.5689202309999],[-39.443561782,-14.5685347579999],[-39.442148382,-14.568213531]]]}},{"type":"Feature","properties":{"id":"985","municipality":"2913606","density":"Densa","type":"Área urbanizada","state":"BA"},"geometry":{"type":"Polygon","coordinates":[[[-39.0652939629999,-14.7996778909999],[-39.064619386,-14.800223977],[-39.064362404,-14.801348273],[-39.063430845,-14.80202285],[-39.062788391,-14.805427859],[-39.061503482,-14.803275636],[-39.059993714,-14.802408323],[-39.059222769,-14.8028259179999],[-39.058708805,-14.8026010589999],[-39.058837296,-14.800834309],[-39.0583233319999,-14.7999348729999],[-39.0563959689999,-14.8002561],[-39.0548862009999,-14.802054973],[-39.0563317229999,-14.803372004],[-39.055271674,-14.8052351219999],[-39.05581776,-14.806552154],[-39.053633415,-14.807483713],[-39.055175305,-14.807483713],[-39.055078937,-14.807837063],[-39.05405101,-14.808061922],[-39.0549504459999,-14.808318904],[-39.055109221,-14.8092125919999],[-39.056087856,-14.808736499],[-39.05758451,-14.808736499],[-39.0572935659999,-14.8118787779999],[-39.0565244599999,-14.8136191529999],[-39.056845687,-14.813330049],[-39.057616632,-14.81394038],[-39.0584197009999,-14.8137155209999],[-39.059383382,-14.8129766989999],[-39.0592870139999,-14.811723912],[-39.059865223,-14.811499053],[-39.061118009,-14.812462735],[-39.0615998499999,-14.8121736309999],[-39.061792586,-14.811531176],[-39.062145936,-14.811659667],[-39.0620495679999,-14.810792353],[-39.062563532,-14.809957163],[-39.0633344769999,-14.810117776],[-39.0633344769999,-14.8086722539999],[-39.064041177,-14.808575886],[-39.063912686,-14.808094045],[-39.0643945269999,-14.808222536],[-39.064972736,-14.8075479579999],[-39.065807927,-14.8051387539999],[-39.065197595,-14.8048496499999],[-39.06478,-14.806166681],[-39.06442665,-14.8062309269999],[-39.065069104,-14.8036932319999],[-39.0646515089999,-14.802890163],[-39.0660006629999,-14.801862236],[-39.067092836,-14.801894359],[-39.068859586,-14.800352468],[-39.068409868,-14.7999348729999],[-39.067606799,-14.8002561],[-39.067574677,-14.799838505],[-39.067092836,-14.799838505],[-39.066867977,-14.800352468],[-39.0659042949999,-14.799966996],[-39.066321891,-14.799324541],[-39.0661612769999,-14.7981359999999],[-39.065358209,-14.7982644909999],[-39.065743681,-14.79730081],[-39.065358209,-14.7968832139999],[-39.065807927,-14.79553406],[-39.0655188219999,-14.795148587],[-39.0650048589999,-14.796786846],[-39.0652939629999,-14.7996778909999]]]}},{"type":"Feature","properties":{"id":"986","municipality":"2914802","density":"Densa","type":"Área urbanizada","state":"BA"},"geometry":{"type":"Polygon","coordinates":[[[-39.2796511999999,-14.822301651],[-39.2803650389999,-14.822539597],[-39.280667512,-14.824278449],[-39.283856269,-14.823503316],[-39.2835773109999,-14.8215580689999],[-39.2837855139999,-14.820844231],[-39.2847403609999,-14.820247835],[-39.285011813,-14.819248269],[-39.2872326149999,-14.820119017],[-39.288187517,-14.818226824],[-39.290507491,-14.818256567],[-39.2913750869999,-14.816693917],[-39.2939261479999,-14.8194368169999],[-39.292784007,-14.82140701],[-39.2953259,-14.822628827],[-39.2964561439999,-14.8224503669999],[-39.2975468139999,-14.821208944],[-39.298002793,-14.8199221899999],[-39.295385386,-14.818851433],[-39.2950879539999,-14.81837554],[-39.2963224639999,-14.815391336],[-39.3082341629999,-14.8224022439999],[-39.310399355,-14.8245570199999],[-39.311900727,-14.8242683579999],[-39.313747188,-14.8261148199999],[-39.313226155,-14.826655705],[-39.31647959,-14.829514453],[-39.318117849,-14.8328552159999],[-39.319600731,-14.833858333],[-39.32122602,-14.83667901],[-39.3220396779999,-14.837344244],[-39.323225362,-14.834911071],[-39.3219684119999,-14.83376655],[-39.324574516,-14.83124908],[-39.324309801,-14.8302544649999],[-39.321742177,-14.828246817],[-39.3217612129999,-14.825905427],[-39.3227510689999,-14.824972678],[-39.319455701,-14.821574192],[-39.3157388659999,-14.8252994119999],[-39.312783575,-14.823115067],[-39.315645589,-14.819965676],[-39.3144111269999,-14.8187178229999],[-39.3113328159999,-14.8177051879999],[-39.3100241119999,-14.817943134],[-39.3100675379999,-14.817096046],[-39.310549378,-14.816357223],[-39.312412496,-14.816292978],[-39.3153778999999,-14.817853904],[-39.315972765,-14.815474443],[-39.312730749,-14.815206754],[-39.312046654,-14.811280643],[-39.30972668,-14.812024225],[-39.3089236119999,-14.8127380629999],[-39.3089111199999,-14.8154899099999],[-39.30692189,-14.8155458269999],[-39.307763624,-14.810745265],[-39.3086541379999,-14.808198052],[-39.3058915839999,-14.8072343699999],[-39.302330405,-14.808072511],[-39.3013301569999,-14.8106715009999],[-39.298233102,-14.8144269069999],[-39.2974788819999,-14.812564537],[-39.2979331609999,-14.808396118],[-39.298632443,-14.8078006819999],[-39.296937077,-14.8065514649999],[-39.2960447789999,-14.8071165869999],[-39.2939451839999,-14.8039155929999],[-39.295405299,-14.802744327],[-39.2964284669999,-14.799103752],[-39.296020074,-14.797272137],[-39.2930734269999,-14.7969146479999],[-39.290741555,-14.797604691],[-39.290542275,-14.796825418],[-39.290530378,-14.7904127699999],[-39.2914895799999,-14.7900576119999],[-39.292724719,-14.790735361],[-39.294366547,-14.78959322],[-39.295810682,-14.7891438989999],[-39.2945677289999,-14.7923663079999],[-39.2960953429999,-14.792845769],[-39.297085793,-14.788883967],[-39.295162594,-14.7841869109999],[-39.294568038,-14.783830177],[-39.293850634,-14.785477509],[-39.2929285929999,-14.7861318609999],[-39.292482444,-14.785655969],[-39.2934937149999,-14.7841985489999],[-39.293335229,-14.783200087],[-39.291292713,-14.783246764],[-39.290757335,-14.784317522],[-39.290251699,-14.7840498319999],[-39.290251699,-14.7824139529999],[-39.2907092469999,-14.781376194],[-39.28954794,-14.7782935559999],[-39.2880506979999,-14.778696045],[-39.2882291569999,-14.780540127],[-39.2857604669999,-14.780629357],[-39.28579021,-14.7799155189999],[-39.286266102,-14.779737059],[-39.2872178859999,-14.777952464],[-39.2871583999999,-14.7753053129999],[-39.28818172,-14.774313397],[-39.286950197,-14.7735207169999],[-39.2857009799999,-14.775870435],[-39.284481506,-14.776048895],[-39.283589208,-14.7759299219999],[-39.283579378,-14.7742145899999],[-39.280752578,-14.774264558],[-39.2799893659999,-14.7755411389999],[-39.2781076159999,-14.775329707],[-39.276629285,-14.775900179],[-39.2760046759999,-14.775424286],[-39.274041621,-14.7755135159999],[-39.273565729,-14.7745617319999],[-39.273773932,-14.772955596],[-39.2752313519999,-14.771587405],[-39.2755585269999,-14.770457161],[-39.276718515,-14.770605878],[-39.277075434,-14.76962435],[-39.277819015,-14.7696540929999],[-39.278142228,-14.7713800399999],[-39.279320142,-14.7716209769999],[-39.280652641,-14.7687894179999],[-39.278894814,-14.767117847],[-39.2775936579999,-14.768184462],[-39.2741537379999,-14.768747778],[-39.271312294,-14.765147935],[-39.270026281,-14.7654602929999],[-39.269699105,-14.765103374],[-39.271995185,-14.762095506],[-39.270264227,-14.761385466],[-39.268390401,-14.761920845],[-39.2673196439999,-14.76269417],[-39.266576062,-14.76269417],[-39.2660048829999,-14.7620835999999],[-39.265284844,-14.7627522829999],[-39.265416075,-14.764538252],[-39.264999669,-14.765846956],[-39.264523777,-14.766203875],[-39.263542249,-14.7658766989999],[-39.262430842,-14.764579028],[-39.26190637,-14.764835685],[-39.260895099,-14.764300306],[-39.261768048,-14.76083726],[-39.259840685,-14.760323296],[-39.258941249,-14.76225066],[-39.258941249,-14.763214341],[-39.2568818249999,-14.7649346919999],[-39.2553331089999,-14.764716712],[-39.2548912889999,-14.7669788229999],[-39.255188523,-14.7691183549999],[-39.257860379,-14.7690452109999],[-39.254053719,-14.779742252],[-39.25387519,-14.781490408],[-39.2544461309999,-14.784251727],[-39.251734174,-14.786607753],[-39.250009065,-14.78648878],[-39.2499014909999,-14.787415266],[-39.248678318,-14.7874687579999],[-39.2478378069999,-14.787053902],[-39.247480888,-14.788094916],[-39.248780648,-14.788374684],[-39.248700361,-14.7891359299999],[-39.2528644179999,-14.788541065],[-39.253845946,-14.7882436319999],[-39.2562848929999,-14.7863995499999],[-39.2582479489999,-14.78657801],[-39.2591105029999,-14.786191347],[-39.2630366139999,-14.783454967],[-39.264583264,-14.7830088179999],[-39.264434547,-14.785596482],[-39.263780196,-14.7865482669999],[-39.2604489499999,-14.78767851],[-39.258961787,-14.788630295],[-39.2578315429999,-14.7902364309999],[-39.257126904,-14.7903662329999],[-39.257406181,-14.794538137],[-39.2590146969999,-14.7950639979999],[-39.259490309,-14.79721208],[-39.260977472,-14.7974797699999],[-39.2613046479999,-14.803487909],[-39.2630170799999,-14.8035575289999],[-39.2633716879999,-14.808338614],[-39.261036959,-14.810239629],[-39.26233317,-14.8148795779999],[-39.2636879579999,-14.8165243559999],[-39.2643036769999,-14.8158473629999],[-39.2639170149999,-14.8145684029999],[-39.2658503269999,-14.813765335],[-39.266207246,-14.81418174],[-39.265493407,-14.815282241],[-39.265939556,-14.816858634],[-39.265463664,-14.817750932],[-39.2661775019999,-14.818107851],[-39.26724826,-14.817304783],[-39.2686759369999,-14.816977607],[-39.2694840459999,-14.8194897839999],[-39.271231165,-14.820597423],[-39.2743384249999,-14.81823043],[-39.275439242,-14.818059728],[-39.275432698,-14.820144136],[-39.275849104,-14.821244636],[-39.2775147259999,-14.8215718119999],[-39.2789783439999,-14.822828314],[-39.2796511999999,-14.822301651]],[[-39.2849336999999,-14.8035111299999],[-39.284323368,-14.8040572159999],[-39.2834239319999,-14.802868675],[-39.283449122,-14.802300396],[-39.2857367679999,-14.7996242799999],[-39.284997946,-14.799046071],[-39.286090118,-14.7973435669999],[-39.287118045,-14.798371494],[-39.287792622,-14.7977932849999],[-39.2886058029999,-14.799514825],[-39.286930663,-14.8007521449999],[-39.288453518,-14.8031125699999],[-39.286411345,-14.804860284],[-39.288720017,-14.8069768149999],[-39.2891959099999,-14.807928599],[-39.288949041,-14.8083295379999],[-39.290909122,-14.809756025],[-39.2902660719999,-14.809935675],[-39.2840985089999,-14.80598458],[-39.2849336999999,-14.8059524569999],[-39.28528705,-14.8053100019999],[-39.2849337,-14.8047960389999],[-39.2857046449999,-14.8043141979999],[-39.2849336999999,-14.8035111299999]]]}},{"type":"Feature","properties":{"id":"987","municipality":"2914802","density":"Densa","type":"Outros equipamentos urbanos","state":"BA"},"geometry":{"type":"Polygon","coordinates":[[[-39.3019296639999,-14.763112595],[-39.304023037,-14.7613404909999],[-39.302961029,-14.76025922],[-39.299390301,-14.7631338479999],[-39.3011206469999,-14.765099445],[-39.302667297,-14.763992996],[-39.3019296639999,-14.763112595]]]}},{"type":"Feature","properties":{"id":"988","municipality":"2914802","density":"Densa","type":"Vazio intraurbano","state":"BA"},"geometry":{"type":"Polygon","coordinates":[[[-39.284997946,-14.799046071],[-39.2857367679999,-14.7996242799999],[-39.283449122,-14.802300396],[-39.2834239319999,-14.802868675],[-39.284323368,-14.8040572159999],[-39.2849336999999,-14.8035111299999],[-39.2857046449999,-14.8043141979999],[-39.2849337,-14.8047960389999],[-39.28528705,-14.8053100019999],[-39.2849336999999,-14.8059524569999],[-39.2840985089999,-14.80598458],[-39.2902660719999,-14.809935675],[-39.290909122,-14.809756025],[-39.288949041,-14.8083295379999],[-39.2891959099999,-14.807928599],[-39.288720017,-14.8069768149999],[-39.286411345,-14.804860284],[-39.288453518,-14.8031125699999],[-39.286930663,-14.8007521449999],[-39.2886058029999,-14.799514825],[-39.287792622,-14.7977932849999],[-39.287118045,-14.798371494],[-39.286090118,-14.7973435669999],[-39.284997946,-14.799046071]]]}},{"type":"Feature","properties":{"id":"989","municipality":"2914802","density":"Densa","type":"Área urbanizada","state":"BA"},"geometry":{"type":"Polygon","coordinates":[[[-39.3317319349999,-14.8471296029999],[-39.334508171,-14.8488547119999],[-39.3360363799999,-14.847515076],[-39.33894793,-14.846429422],[-39.340432714,-14.846943386],[-39.341689979,-14.847964794],[-39.342850246,-14.8525589139999],[-39.3427647839999,-14.853818838],[-39.344144673,-14.855281017],[-39.3468287049999,-14.856442194],[-39.3473974789999,-14.855052815],[-39.347980364,-14.8549574109999],[-39.348616953,-14.853892828],[-39.349688538,-14.851369802],[-39.350978485,-14.849698802],[-39.351442563,-14.8496692839999],[-39.350133859,-14.8469626479999],[-39.3486466959999,-14.845415998],[-39.3480815739999,-14.845951377],[-39.347367736,-14.848509297],[-39.3492626789999,-14.8491194069999],[-39.3485872099999,-14.851305164],[-39.346772871,-14.8524651509999],[-39.346415951,-14.8521379749999],[-39.346713384,-14.8504128659999],[-39.3456426269999,-14.8495800549999],[-39.3446610989999,-14.8526733539999],[-39.343530855,-14.852524638],[-39.3432036789999,-14.848985189],[-39.3436795709999,-14.847141107],[-39.3448693019999,-14.847973919],[-39.3460887759999,-14.8482118649999],[-39.34640992,-14.8477714379999],[-39.3412464889999,-14.8449874689999],[-39.340746803,-14.8458202799999],[-39.336719648,-14.8439288349999],[-39.3371063099999,-14.8430960229999],[-39.3354406879999,-14.842322699],[-39.3350242819999,-14.843304226],[-39.330581943,-14.841302874],[-39.3296942059999,-14.842679392],[-39.3317319349999,-14.8471296029999]]]}},{"type":"Feature","properties":{"id":"990","municipality":"2918001","density":"Densa","type":"Área urbanizada","state":"BA"},"geometry":{"type":"Polygon","coordinates":[[[-40.0474725279999,-13.880080355],[-40.0466539929999,-13.877872215],[-40.048329133,-13.87661586],[-40.0480057079999,-13.87559822],[-40.0493679489999,-13.8749724219999],[-40.04914309,-13.8742978449999],[-40.0477427769999,-13.874870105],[-40.047115789,-13.8732925219999],[-40.045578657,-13.8738992849999],[-40.044526936,-13.8754364169999],[-40.046064067,-13.8806545749999],[-40.0474725279999,-13.880080355]]]}},{"type":"Feature","properties":{"id":"991","municipality":"2918001","density":"Densa","type":"Área urbanizada","state":"BA"},"geometry":{"type":"Polygon","coordinates":[[[-40.054693183,-13.87197323],[-40.0531227389999,-13.872158828],[-40.052951417,-13.8729440499999],[-40.0540507279999,-13.874657262],[-40.054693183,-13.87197323]]]}},{"type":"Feature","properties":{"id":"992","municipality":"2918001","density":"Densa","type":"Outros equipamentos urbanos","state":"BA"},"geometry":{"type":"Polygon","coordinates":[[[-40.112788565,-13.821861119],[-40.113302529,-13.81969105],[-40.1114465489999,-13.818663123],[-40.110961139,-13.821832565],[-40.112788565,-13.821861119]]]}},{"type":"Feature","properties":{"id":"993","municipality":"2918001","density":"Densa","type":"Outros equipamentos urbanos","state":"BA"},"geometry":{"type":"Polygon","coordinates":[[[-40.1404198649999,-13.882805161],[-40.138537742,-13.8779531619999],[-40.137744352,-13.8783114509999],[-40.138286869,-13.8817378749999],[-40.137201835,-13.882308946],[-40.138107029,-13.8839937019999],[-40.1404198649999,-13.882805161]]]}},{"type":"Feature","properties":{"id":"994","municipality":"2918001","density":"Densa","type":"Área urbanizada","state":"BA"},"geometry":{"type":"Polygon","coordinates":[[[-40.0759548569999,-13.835943313],[-40.07642599,-13.834465668],[-40.074370136,-13.834315761],[-40.073167374,-13.836196577],[-40.0731673179999,-13.8372093049999],[-40.072467757,-13.837651885],[-40.0733743879999,-13.840820762],[-40.0725415759999,-13.840844556],[-40.0727512779999,-13.8415816149999],[-40.068604513,-13.843120248],[-40.0702100139999,-13.8459027169999],[-40.0684702619999,-13.84610373],[-40.0673007569999,-13.849143373],[-40.0679075189999,-13.85118614],[-40.067118728,-13.85140862],[-40.0668284339999,-13.8531564529999],[-40.06594602,-13.85290785],[-40.0655459609999,-13.8543123059999],[-40.0682513519999,-13.855231224],[-40.0692201579999,-13.856201024],[-40.069448277,-13.857096275],[-40.0681502249999,-13.857921204],[-40.067361433,-13.8574964709999],[-40.0659052029999,-13.858022331],[-40.0661074569999,-13.8562424949999],[-40.059692487,-13.853384316],[-40.0545055709999,-13.852222565],[-40.0531727639999,-13.853527083],[-40.0534345039999,-13.853836413],[-40.05280865,-13.856054636],[-40.0524148489999,-13.8552716749999],[-40.051605832,-13.856849257],[-40.0521971849999,-13.85712007],[-40.051911649,-13.858880871],[-40.053444022,-13.85900371],[-40.053379777,-13.86430396],[-40.0530906719999,-13.864336082],[-40.0529300589999,-13.866359814],[-40.05552843,-13.8665665299999],[-40.055694992,-13.864496399],[-40.0570274899999,-13.8644488089999],[-40.0572178469999,-13.8668282699999],[-40.0564492249999,-13.8668478709999],[-40.0567062069999,-13.868189887],[-40.055468887,-13.8692474389999],[-40.057876958,-13.869636332],[-40.059911707,-13.8690691489999],[-40.05654239,-13.8759029609999],[-40.054338699,-13.878416246],[-40.048338832,-13.880697954],[-40.046366259,-13.88239634],[-40.0455667599999,-13.884642551],[-40.0413301299999,-13.884665275],[-40.0415371989999,-13.8878865],[-40.0434728339999,-13.88999158],[-40.042901764,-13.892180684],[-40.039113662,-13.895683251],[-40.039703768,-13.896711178],[-40.0405223029999,-13.89692057],[-40.043657243,-13.893288442],[-40.043385984,-13.8909184989999],[-40.046269891,-13.883423197],[-40.0484685129999,-13.881124637],[-40.049974768,-13.8808471619999],[-40.0509669469999,-13.88151011],[-40.0516581799999,-13.882967411],[-40.052343465,-13.883062589],[-40.052640788,-13.882111451],[-40.0545706409999,-13.88155877],[-40.054407538,-13.8811477689999],[-40.056220797,-13.880610674],[-40.058019669,-13.878940292],[-40.0589762129999,-13.878711864],[-40.059450805,-13.8796380009999],[-40.062702449,-13.8818527519999],[-40.0655459609999,-13.88029602],[-40.066196577,-13.8814368729999],[-40.0708687589999,-13.8793114879999],[-40.072942515,-13.880590181],[-40.0739239869999,-13.879068783],[-40.076765119,-13.8807186719999],[-40.076604506,-13.881939335],[-40.0776216689999,-13.8838657759999],[-40.0801343799999,-13.884079928],[-40.0832038849999,-13.882538037],[-40.0844947419999,-13.883576553],[-40.0852954869999,-13.8835320869999],[-40.0882006429999,-13.889692413],[-40.0895142149999,-13.8890482429999],[-40.087464309,-13.882872232],[-40.0877724499999,-13.882752189],[-40.087590311,-13.8821435729999],[-40.088650361,-13.881179892],[-40.087682483,-13.8778213799999],[-40.087919976,-13.877003411],[-40.087482155,-13.875632841],[-40.086787409,-13.875225686],[-40.0865224959999,-13.8725865659999],[-40.0881286319999,-13.871902471],[-40.087996119,-13.870626455],[-40.0898710239999,-13.869776325],[-40.0905777239999,-13.870033307],[-40.091650971,-13.872530024],[-40.0953260489999,-13.873811245],[-40.100274138,-13.8735960229999],[-40.1002170309999,-13.874966592],[-40.102710706,-13.8746620209999],[-40.1045766559999,-13.872973229],[-40.106689165,-13.8731772379999],[-40.107024559,-13.8722818969999],[-40.107923995,-13.872442511],[-40.107984781,-13.874039673],[-40.108879459,-13.874039673],[-40.1101917309999,-13.873196273],[-40.112742404,-13.8759760099999],[-40.1149285009999,-13.876416309],[-40.115255224,-13.8760135549999],[-40.1162653059999,-13.877941989],[-40.1167792689999,-13.877751632],[-40.11597977,-13.875981313],[-40.116874448,-13.874934351],[-40.115618092,-13.873658959],[-40.115770378,-13.871393713],[-40.1167792689999,-13.871431784],[-40.118816088,-13.8741729229999],[-40.119596551,-13.874210994],[-40.121704644,-13.8730207199999],[-40.121728548,-13.8694520719999],[-40.117559732,-13.8702135],[-40.1170267329999,-13.8711843199999],[-40.114247523,-13.871241427],[-40.1130482739999,-13.8706322849999],[-40.112819846,-13.86813861],[-40.116017842,-13.868500288],[-40.1207196569999,-13.867415254],[-40.119482337,-13.865035793],[-40.119691729,-13.8641411149999],[-40.124658854,-13.8651822489999],[-40.1247742579999,-13.8663111839999],[-40.1297806439999,-13.86522615],[-40.129779454,-13.8664386039999],[-40.1316068799999,-13.8664386039999],[-40.131502074,-13.8644118299999],[-40.132368674,-13.8645077219999],[-40.132378192,-13.8641079729999],[-40.131616764,-13.8640413479999],[-40.132083962,-13.8625992249999],[-40.131722284,-13.861723583],[-40.129095359,-13.858982444],[-40.1253643639999,-13.859439301],[-40.125563415,-13.8632989559999],[-40.124126221,-13.863308474],[-40.1232704389999,-13.860505299],[-40.121984706,-13.860510228],[-40.121432671,-13.8616047799999],[-40.1136408159999,-13.8610616469999],[-40.114123847,-13.8538961969999],[-40.1091760679999,-13.85361217],[-40.108901846,-13.85601682],[-40.1071773199999,-13.8548875609999],[-40.106921162,-13.8529897709999],[-40.1044822709999,-13.85323441],[-40.1045001169999,-13.8556971519999],[-40.1019044349999,-13.8589802339999],[-40.1015427569999,-13.858713735],[-40.100286401,-13.854544919],[-40.100484776,-13.854108862],[-40.099324789,-13.854376551],[-40.098908109,-13.850325149],[-40.0995757659999,-13.847850136],[-40.0981924759999,-13.847501714],[-40.098687403,-13.846607037],[-40.0969329559999,-13.843855361],[-40.099324314,-13.8417138459999],[-40.1001968049999,-13.8424749329999],[-40.101031996,-13.841789649],[-40.1002166119999,-13.840750165],[-40.101683145,-13.839333025],[-40.103716028,-13.8413613459999],[-40.1053745689999,-13.839732158],[-40.106595232,-13.841873673],[-40.109379202,-13.840781501],[-40.1089294839999,-13.8399034789999],[-40.109764674,-13.8392610249999],[-40.1086430679999,-13.837431835],[-40.10771032,-13.837945799],[-40.1063810809999,-13.835534789],[-40.104774945,-13.8357061099999],[-40.103318715,-13.83707668],[-40.1020186489999,-13.835813802],[-40.100019902,-13.837584121],[-40.1013399189999,-13.838872803],[-40.098127646,-13.842063661],[-40.0967761119999,-13.840940555],[-40.0958923599999,-13.841918139],[-40.096577645,-13.8426034239999],[-40.089146588,-13.847143436],[-40.088161492,-13.8493491959999],[-40.086668162,-13.848935544],[-40.0869789559999,-13.8474844419999],[-40.0846447049999,-13.845985382],[-40.08466612,-13.847827085],[-40.0840497829999,-13.848728157],[-40.082379401,-13.848749572],[-40.080451214,-13.847539786],[-40.079466941,-13.8480857019999],[-40.0792527899999,-13.8493491959999],[-40.0774670599999,-13.8505289629999],[-40.0758049509999,-13.850270048],[-40.075248157,-13.848663911],[-40.0765544809999,-13.84849259],[-40.0761047629999,-13.84699353],[-40.0784334309999,-13.845959824],[-40.078728175,-13.8472691009999],[-40.082621283,-13.8462263229999],[-40.0814871599999,-13.845158817],[-40.083864241,-13.843809662],[-40.084346082,-13.840211917],[-40.0839927319999,-13.837224504],[-40.0822937409999,-13.836821334],[-40.080987417,-13.837271052],[-40.0804321789999,-13.835414053],[-40.082101004,-13.835493595],[-40.0819082679999,-13.833801798],[-40.0809017559999,-13.833523401],[-40.0801736409999,-13.835322273],[-40.0759548569999,-13.835943313]]]}},{"type":"Feature","properties":{"id":"995","municipality":"2924009","density":"Densa","type":"Área urbanizada","state":"BA"},"geometry":{"type":"Polygon","coordinates":[[[-38.215310566,-9.43352683599995],[-38.2137009919999,-9.43330734799999],[-38.2135557129999,-9.43361606599996],[-38.214329038,-9.43430016099995],[-38.21352597,-9.43629295899997],[-38.2098972919999,-9.43441913399995],[-38.207190655,-9.434538107],[-38.205673749,-9.43504374199994],[-38.2053168299999,-9.43415144399995],[-38.206357844,-9.43325914599997],[-38.204989654,-9.43212890199993],[-38.2026696789999,-9.43269402399995],[-38.2008255969999,-9.42894637299997],[-38.198356906,-9.42894637299997],[-38.1963641079999,-9.43022533399995],[-38.196780513,-9.43507348499999],[-38.1964235939999,-9.43608475599997],[-38.19675077,-9.43670936499997],[-38.198803055,-9.43727448699996],[-38.203413261,-9.44084367799998],[-38.203056342,-9.44265801699993],[-38.201747638,-9.44512670799998],[-38.2039188959999,-9.44655438499996],[-38.2050193969999,-9.44474004599993],[-38.2061198979999,-9.44518619499998],[-38.207398858,-9.44259853099993],[-38.208276246,-9.44209511199995],[-38.2085291019999,-9.44262827399996],[-38.207666547,-9.45574505299993],[-38.210551644,-9.45476352499998],[-38.2128121319999,-9.45512044399994],[-38.2129013619999,-9.45601274199993],[-38.214834674,-9.45628043199999],[-38.2271781279999,-9.45669683699998],[-38.2275350469999,-9.45300867299995],[-38.2293196429999,-9.45247329399998],[-38.229468359,-9.45027229299995],[-38.230122711,-9.44830923699995],[-38.2306283459999,-9.44839846699995],[-38.2308365489999,-9.44780360199996],[-38.232174996,-9.44822000799996],[-38.232442685,-9.44616772199992],[-38.2250366129999,-9.44048675899996],[-38.2251853289999,-9.43947548799997],[-38.2259586539999,-9.43947548799997],[-38.2262263429999,-9.43879139299997],[-38.2252448159999,-9.43775037899996],[-38.225631478,-9.43638218899997],[-38.224590464,-9.43605501299993],[-38.2253340449999,-9.43415144399997],[-38.2251258429999,-9.43349709299997],[-38.2242038009999,-9.43367555199996],[-38.2234602199999,-9.43581706699995],[-38.222270489,-9.43611449999998],[-38.2202462019999,-9.43557093299995],[-38.215310566,-9.43352683599995]]]}},{"type":"Feature","properties":{"id":"996","municipality":"2924009","density":"Densa","type":"Área urbanizada","state":"BA"},"geometry":{"type":"Polygon","coordinates":[[[-38.2256324169999,-9.57095752599999],[-38.225007808,-9.57054111999999],[-38.224264226,-9.57068983699998],[-38.2239965369999,-9.56982728199995],[-38.223193469,-9.56988676899996],[-38.21864275,-9.57253391899997],[-38.2195053039999,-9.57306929799995],[-38.2214981029999,-9.57199854],[-38.221736049,-9.57393185199994],[-38.2234016719999,-9.57381287899994],[-38.2237883339999,-9.57431851499996],[-38.2247996049999,-9.57434825799994],[-38.2247996049999,-9.57336672999999],[-38.225602673,-9.57312878399997],[-38.2252457539999,-9.57137393199997],[-38.2256324169999,-9.57095752599999]]]}},{"type":"Feature","properties":{"id":"997","municipality":"2924009","density":"Densa","type":"Área urbanizada","state":"BA"},"geometry":{"type":"Polygon","coordinates":[[[-38.2393378269999,-9.37576705899996],[-38.2406564689999,-9.37628902099995],[-38.244639868,-9.37516268099996],[-38.246147072,-9.37562491999994],[-38.2463989999999,-9.37494111499995],[-38.2456188309999,-9.37425434999995],[-38.248031605,-9.37262679899994],[-38.248845381,-9.37286950399993],[-38.249244433,-9.37258356099994],[-38.2489400709999,-9.37161513499996],[-38.24938278,-9.37100640999995],[-38.2507385759999,-9.37084039499998],[-38.250876923,-9.37136611099995],[-38.2521360879999,-9.37107028299993],[-38.2513152609999,-9.36891483999996],[-38.2494164509999,-9.36921465199993],[-38.2488453809999,-9.37017119499997],[-38.246946571,-9.36995704399993],[-38.2488923449999,-9.36647809399994],[-38.2464121039999,-9.36556942899996],[-38.244594219,-9.36544268899997],[-38.243777129,-9.36713024399995],[-38.2427063709999,-9.36738722599994],[-38.2425636039999,-9.36811534099997],[-38.2398090999999,-9.36738971699998],[-38.238095888,-9.36771094399996],[-38.2365254439999,-9.36906723699997],[-38.234533835,-9.37003805699993],[-38.234676603,-9.37071620399996],[-38.2363532099999,-9.37216994299995],[-38.2378522709999,-9.37289805799998],[-38.237881737,-9.37395702999994],[-38.237274974,-9.37484932699994],[-38.237820684,-9.37608811699994],[-38.2393378269999,-9.37576705899996]]]}},{"type":"Feature","properties":{"id":"998","municipality":"2924009","density":"Densa","type":"Vazio intraurbano","state":"BA"},"geometry":{"type":"Polygon","coordinates":[[[-38.224702868,-9.39193465699999],[-38.223126475,-9.39217260299997],[-38.222680327,-9.39178594099998],[-38.2227993,-9.39133979199994],[-38.2219367449999,-9.39080441299997],[-38.220479325,-9.39258900899995],[-38.220390095,-9.39484949699994],[-38.221282393,-9.39499821299996],[-38.2214311099999,-9.39541461899995],[-38.2202711219999,-9.39743715999999],[-38.2315735619999,-9.39764536299999],[-38.231633049,-9.39580128099995],[-38.224702868,-9.39193465699999]]]}},{"type":"Feature","properties":{"id":"999","municipality":"2924009","density":"Densa","type":"Área urbanizada","state":"BA"},"geometry":{"type":"Polygon","coordinates":[[[-38.218358259,-9.37584870099994],[-38.217537345,-9.37727637799998],[-38.2223200619999,-9.37713360999993],[-38.2267458589999,-9.37841851899999],[-38.222498521,-9.38573536199995],[-38.2193933239999,-9.38627073999993],[-38.21539583,-9.38844794699999],[-38.2148604509999,-9.38969716399992],[-38.213254315,-9.38973285599997],[-38.2127189359999,-9.39276666899998],[-38.213789694,-9.39351619899999],[-38.2139681529999,-9.39451557299997],[-38.2130401639999,-9.39797768799997],[-38.211898022,-9.39826322399995],[-38.210934341,-9.39915552199996],[-38.2096137399999,-9.40108288499993],[-38.2088285179999,-9.40347424299996],[-38.210613113,-9.40590129399994],[-38.2108145669999,-9.40687330899993],[-38.208767048,-9.40571688499994],[-38.205971182,-9.40327793799999],[-38.2046029909999,-9.40357536999996],[-38.2043947889999,-9.40538970899997],[-38.20504914,-9.40553842599998],[-38.205762979,-9.40750148099995],[-38.2051383699999,-9.41002965799994],[-38.206328101,-9.41166553799998],[-38.2077855209999,-9.41107067299993],[-38.207309628,-9.40857223899998],[-38.211627864,-9.40718640899998],[-38.212163242,-9.40632385399996],[-38.212996054,-9.40656179999997],[-38.2129663099999,-9.40843562599997],[-38.2139775809999,-9.40873305899993],[-38.21326526,-9.41116682399997],[-38.213650405,-9.41146943899999],[-38.213465371,-9.41202454299999],[-38.2157170569999,-9.41253998999998],[-38.219143481,-9.41211168699994],[-38.227566773,-9.40904218199995],[-38.2324565649999,-9.40515176299993],[-38.2345867389999,-9.40584458499995],[-38.233860447,-9.40851275199998],[-38.232105595,-9.41050555099998],[-38.2335332719999,-9.41139784799999],[-38.23424711,-9.41113015899999],[-38.2358829889999,-9.41193322699996],[-38.236537341,-9.41068400999996],[-38.2363588809999,-9.41002965799994],[-38.2379650179999,-9.40991068499995],[-38.238321937,-9.40949427999993],[-38.239214235,-9.40964299599995],[-38.2394521809999,-9.40898864399999],[-38.2409096009999,-9.40958350899996],[-38.2404634519999,-9.40839377899995],[-38.2425454799999,-9.40717430499997],[-38.2468285099999,-9.40797737299995],[-38.247393632,-9.40753122399997],[-38.246590564,-9.40726353499998],[-38.2467392799999,-9.40616303399996],[-38.2455198059999,-9.40586560199994],[-38.24554955,-9.40500304699997],[-38.2631278179999,-9.39625852799997],[-38.261878601,-9.39408726999995],[-38.255454056,-9.39694262299999],[-38.254650988,-9.39557443299998],[-38.25512688,-9.39182678199996],[-38.254026379,-9.39066679399997],[-38.250219242,-9.39456316199993],[-38.2519740939999,-9.39842978599997],[-38.250124558,-9.39937755799998],[-38.249713606,-9.39866773199998],[-38.246590564,-9.40006566499994],[-38.2469376929999,-9.40101062799995],[-38.2462336449999,-9.40137436899995],[-38.2445085349999,-9.39792415099994],[-38.2473044019999,-9.39649647399996],[-38.247482862,-9.39432521599997],[-38.24810747,-9.39286779599997],[-38.2470367129999,-9.39239190399996],[-38.245609036,-9.39378983699993],[-38.24418136,-9.39378983699992],[-38.243497264,-9.39346266099994],[-38.2426941959999,-9.39185652499998],[-38.242158818,-9.39176729499998],[-38.2416179789999,-9.39293687999998],[-38.239779357,-9.39158883599994],[-38.239362951,-9.39066679399997],[-38.238054247,-9.39039910499997],[-38.237788993,-9.39258706599998],[-38.23570453,-9.39223128999992],[-38.2331704039999,-9.38737718999993],[-38.2323494899999,-9.38009603899997],[-38.2334559389999,-9.37888251399996],[-38.23292056,-9.37727637799998],[-38.2323494899999,-9.37681238299996],[-38.230921813,-9.37774037299994],[-38.222605597,-9.37474225199998],[-38.219321941,-9.37492071099996],[-38.2195360919999,-9.37338595899996],[-38.2172161179999,-9.37053060599993],[-38.2159669009999,-9.37142290399994],[-38.216573663,-9.37277919599995],[-38.215859825,-9.37449240799998],[-38.218358259,-9.37584870099994]],[[-38.223126475,-9.39217260299997],[-38.224702868,-9.39193465699999],[-38.231633049,-9.39580128099995],[-38.2315735619999,-9.39764536299999],[-38.2202711219999,-9.39743715999999],[-38.2214311099999,-9.39541461899995],[-38.221282393,-9.39499821299996],[-38.220390095,-9.39484949699994],[-38.220479325,-9.39258900899995],[-38.2219367449999,-9.39080441299997],[-38.2227993,-9.39133979199994],[-38.222680327,-9.39178594099998],[-38.223126475,-9.39217260299997]]]}},{"type":"Feature","properties":{"id":"1000","municipality":"2925303","density":"Densa","type":"Área urbanizada","state":"BA"},"geometry":{"type":"Polygon","coordinates":[[[-39.0558641609999,-16.404439563],[-39.055189584,-16.404439563],[-39.0550932159999,-16.4060778219999],[-39.0565708609999,-16.406045699],[-39.057566666,-16.406559662],[-39.0590121879999,-16.406142067],[-39.059172802,-16.4050498939999],[-39.0583376109999,-16.404889281],[-39.05820912,-16.4044074399999],[-39.05891582,-16.404086213],[-39.058273366,-16.403058286],[-39.0558641609999,-16.404439563]]]}},{"type":"Feature","properties":{"id":"1001","municipality":"2925303","density":"Densa","type":"Área urbanizada","state":"BA"},"geometry":{"type":"Polygon","coordinates":[[[-39.3858245389999,-16.3946653999999],[-39.3912410039999,-16.395964229],[-39.3917549679999,-16.3945187059999],[-39.3920111369999,-16.3951412929999],[-39.3932505279999,-16.395412994],[-39.3932647359999,-16.3964139469999],[-39.394871345,-16.396533447],[-39.3938552189999,-16.397372037],[-39.3936767599999,-16.3969853749999],[-39.392933178,-16.3969853749999],[-39.3929034349999,-16.3976099829999],[-39.3920111369999,-16.3977587],[-39.391564988,-16.397312551],[-39.388947581,-16.3980263889999],[-39.3887988649999,-16.398442795],[-39.3898993659999,-16.39894843],[-39.3905537169999,-16.398442795],[-39.396264424,-16.397431524],[-39.3961843819999,-16.396631111],[-39.3986141409999,-16.3973422939999],[-39.4007493309999,-16.395707247],[-39.4009489699999,-16.3945094069999],[-39.401841503,-16.394968424],[-39.4023875889999,-16.394550829],[-39.403479762,-16.39467932],[-39.403511885,-16.3941011109999],[-39.3945175219999,-16.390696102],[-39.389474255,-16.390503366],[-39.3863896609999,-16.3896387889999],[-39.385794795,-16.3916315879999],[-39.386650201,-16.3918618889999],[-39.3858245389999,-16.3946653999999]]]}},{"type":"Feature","properties":{"id":"1002","municipality":"2925303","density":"Densa","type":"Área urbanizada","state":"BA"},"geometry":{"type":"Polygon","coordinates":[[[-39.234077982,-16.3751526299999],[-39.236167002,-16.3774725669999],[-39.237652031,-16.376739611],[-39.239543703,-16.3749907079999],[-39.240436001,-16.3752405509999],[-39.242363364,-16.3773820659999],[-39.2405430759999,-16.377560526],[-39.2405430759999,-16.37802452],[-39.2411498389999,-16.3798091159999],[-39.2422728459999,-16.38032082],[-39.24194448,-16.381434407],[-39.241247406,-16.3811579819999],[-39.241007071,-16.381772172],[-39.2424347479999,-16.3825573939999],[-39.243362738,-16.3795592729999],[-39.243148586,-16.378809743],[-39.244504879,-16.378595591],[-39.244276451,-16.37736422],[-39.244951028,-16.3767217659999],[-39.2460753229999,-16.3774927109999],[-39.2463644279999,-16.3764969059999],[-39.2404538469999,-16.3736701069999],[-39.2365812739999,-16.3750977829999],[-39.2363314299999,-16.37466948],[-39.2354748239999,-16.375169167],[-39.23471265,-16.374442685],[-39.234077982,-16.3751526299999]]]}},{"type":"Feature","properties":{"id":"1003","municipality":"2925303","density":"Densa","type":"Área urbanizada","state":"BA"},"geometry":{"type":"Polygon","coordinates":[[[-39.0845638559999,-16.481239533],[-39.083054088,-16.481464392],[-39.0830862099999,-16.482685056],[-39.0839214009999,-16.48262081],[-39.084210506,-16.483166896],[-39.0836644189999,-16.48403421],[-39.083825033,-16.485511855],[-39.0806127609999,-16.4872464819999],[-39.0809661109999,-16.487953182],[-39.081833424,-16.4875998319999],[-39.08260437,-16.4884992689999],[-39.0832468239999,-16.488306532],[-39.0841462599999,-16.4865719049999],[-39.085302678,-16.487150114],[-39.08626636,-16.486925255],[-39.0878724959999,-16.487407096],[-39.0876155139999,-16.485415487],[-39.0880009869999,-16.48509426],[-39.0891252819999,-16.4864755369999],[-39.0908599089999,-16.4876319549999],[-39.091823591,-16.4868610099999],[-39.0884828279999,-16.4845481739999],[-39.0892537729999,-16.483712983],[-39.0916308549999,-16.485640346],[-39.0931727459999,-16.488210164],[-39.093975814,-16.488145919],[-39.093975814,-16.4867325189999],[-39.093365482,-16.485961573],[-39.0949394949999,-16.485126383],[-39.096128036,-16.483777228],[-39.097316577,-16.484259069],[-39.097798418,-16.48332751],[-39.097926909,-16.4805328329999],[-39.0975093129999,-16.4805970789999],[-39.0975093129999,-16.4795049059999],[-39.0945219,-16.480211606],[-39.0906029279999,-16.482106847],[-39.0884507049999,-16.481496515],[-39.085217756,-16.481604348],[-39.0845638559999,-16.481239533]]]}},{"type":"Feature","properties":{"id":"1004","municipality":"2925303","density":"Densa","type":"Área urbanizada","state":"BA"},"geometry":{"type":"Polygon","coordinates":[[[-39.1136154879999,-16.40717405],[-39.115928324,-16.409326273],[-39.116795638,-16.409679623],[-39.117823565,-16.409037168],[-39.118176915,-16.409197782],[-39.1184017739999,-16.40858745],[-39.121485556,-16.409358395],[-39.120650365,-16.407077682],[-39.115542852,-16.405600037],[-39.114161575,-16.404829091],[-39.1136154879999,-16.40717405]]]}},{"type":"Feature","properties":{"id":"1005","municipality":"2925303","density":"Densa","type":"Área urbanizada","state":"BA"},"geometry":{"type":"Polygon","coordinates":[[[-39.076215517,-16.493117802],[-39.076633112,-16.4938245019999],[-39.0791065619999,-16.492635962],[-39.078913825,-16.492218366],[-39.07778953,-16.492635962],[-39.07637613,-16.4900340209999],[-39.075958535,-16.4902588799999],[-39.075251835,-16.4890060939999],[-39.072553526,-16.4891345849999],[-39.0714934759999,-16.489584303],[-39.071429231,-16.490130389],[-39.0724571579999,-16.489937653],[-39.0727783849999,-16.4909334569999],[-39.0722644219999,-16.491736525],[-39.072682017,-16.491961384],[-39.0723929129999,-16.4927965749999],[-39.073324472,-16.4931820479999],[-39.0742239079999,-16.4923147339999],[-39.074320276,-16.492957189],[-39.075990658,-16.493696011],[-39.076215517,-16.493117802]]]}},{"type":"Feature","properties":{"id":"1006","municipality":"2925303","density":"Densa","type":"Área urbanizada","state":"BA"},"geometry":{"type":"Polygon","coordinates":[[[-39.047705986,-16.393571262],[-39.047340262,-16.394062207],[-39.0470547269999,-16.3937290819999],[-39.046769191,-16.394062207],[-39.047340262,-16.394990197],[-39.047792359,-16.3947046609999],[-39.047863498,-16.3937693129999],[-39.0484586089999,-16.3933959579999],[-39.048958295,-16.393491136],[-39.0487562859999,-16.394574834],[-39.0497412279999,-16.394545383],[-39.0497412279999,-16.393935051],[-39.050865523,-16.3934532109999],[-39.050640664,-16.393067738],[-39.051090382,-16.392553774],[-39.050865523,-16.3922325469999],[-39.0501267,-16.392778633],[-39.0497005,-16.392312216],[-39.049267625,-16.3932769849999],[-39.048577582,-16.39299145],[-39.048577582,-16.39206346],[-39.0490058849999,-16.391777924],[-39.048462823,-16.391186946],[-39.0471071639999,-16.391879197],[-39.0464643409999,-16.39288068],[-39.047705986,-16.393571262]]]}},{"type":"Feature","properties":{"id":"1007","municipality":"2925303","density":"Densa","type":"Outros equipamentos urbanos","state":"BA"},"geometry":{"type":"Polygon","coordinates":[[[-39.1361567169999,-16.4192825319999],[-39.136220963,-16.421788105],[-39.134871808,-16.425193114],[-39.135739122,-16.426349532],[-39.1377949759999,-16.4222378229999],[-39.136702804,-16.421884473],[-39.1367670489999,-16.419507392],[-39.1361567169999,-16.4192825319999]]]}},{"type":"Feature","properties":{"id":"1008","municipality":"2925303","density":"Densa","type":"Área urbanizada","state":"BA"},"geometry":{"type":"Polygon","coordinates":[[[-39.0706469459999,-16.433246335],[-39.0727366619999,-16.4326681259999],[-39.0727366619999,-16.430676517],[-39.074509914,-16.4302824609999],[-39.0738259179999,-16.4276544749999],[-39.0712590159999,-16.428974012],[-39.06965288,-16.429134626],[-39.0706469459999,-16.433246335]]]}},{"type":"Feature","properties":{"id":"1009","municipality":"2925303","density":"Densa","type":"Área urbanizada","state":"BA"},"geometry":{"type":"Polygon","coordinates":[[[-39.0482682519999,-16.406875605],[-39.047839949,-16.406518685],[-39.046970346,-16.4068665259999],[-39.049685891,-16.410168115],[-39.0507780629999,-16.410135992],[-39.0512277819999,-16.409943256],[-39.050938677,-16.409365047],[-39.0522878309999,-16.408272874],[-39.0519023589999,-16.4068273519999],[-39.0514847629999,-16.406602493],[-39.051773868,-16.4059600379999],[-39.051067168,-16.4054460749999],[-39.0482682519999,-16.406875605]]]}},{"type":"Feature","properties":{"id":"1010","municipality":"2925303","density":"Densa","type":"Área urbanizada","state":"BA"},"geometry":{"type":"Polygon","coordinates":[[[-39.0805019979999,-16.408488006],[-39.080212894,-16.408198902],[-39.079506194,-16.4089377239999],[-39.0787031259999,-16.408102533],[-39.077996426,-16.4080382879999],[-39.074334435,-16.410286879],[-39.076229676,-16.4122142419999],[-39.0761975529999,-16.4131136779999],[-39.076775762,-16.413980992],[-39.078510389,-16.4144949549999],[-39.077514585,-16.4158119869999],[-39.0779643029999,-16.4177072279999],[-39.078863739,-16.4176751049999],[-39.0788316159999,-16.4188315229999],[-39.078157039,-16.418895768],[-39.078510389,-16.4209195],[-39.0804698749999,-16.4214977089999],[-39.0808232249999,-16.422750495],[-39.0817911889999,-16.422538753],[-39.082598338,-16.4240913579999],[-39.0847826829999,-16.424573199],[-39.0844394009999,-16.4227997529999],[-39.0885648019999,-16.423328704],[-39.0887254149999,-16.424067527],[-39.0875368749999,-16.427247677],[-39.086476825,-16.427890131],[-39.085962861,-16.4273440449999],[-39.086027107,-16.4282113579999],[-39.085320407,-16.428918058],[-39.0861877199999,-16.4304599489999],[-39.085320407,-16.43129514],[-39.085962861,-16.431809103],[-39.085866493,-16.432612171],[-39.0840354979999,-16.4336400989999],[-39.083029371,-16.4349458689999],[-39.081678268,-16.435166457],[-39.0814212859999,-16.434427635],[-39.077887786,-16.434716739],[-39.075317968,-16.434170653],[-39.074547023,-16.433624567],[-39.0734227279999,-16.4337209349999],[-39.0731015,-16.4346203709999],[-39.0723626779999,-16.434427635],[-39.0721603009999,-16.4351696809999],[-39.071154286,-16.4352783579999],[-39.069226922,-16.4364668979999],[-39.066817718,-16.440867711],[-39.0634769549999,-16.4417992699999],[-39.0619671869999,-16.4414137979999],[-39.061131996,-16.446135838],[-39.0612283639999,-16.4483523059999],[-39.063830305,-16.453973783],[-39.0648903539999,-16.4550980779999],[-39.0655328089999,-16.4549695869999],[-39.066207386,-16.452720996],[-39.067363804,-16.451500333],[-39.0676850309999,-16.4482559379999],[-39.069483904,-16.445782488],[-39.073081649,-16.445043665],[-39.076583026,-16.445429138],[-39.0771612349999,-16.4460715929999],[-39.0805983659999,-16.4455897519999],[-39.0817547839999,-16.444529702],[-39.084099743,-16.4446903159999],[-39.0855452659999,-16.4440799839999],[-39.085513143,-16.443598143],[-39.0829754479999,-16.4434054069999],[-39.0835215339999,-16.4417992699999],[-39.086476825,-16.442216866],[-39.087504752,-16.4417992699999],[-39.0902030609999,-16.441702902],[-39.0906206559999,-16.438908225],[-39.091809197,-16.438651243],[-39.0917770739999,-16.43813728],[-39.093993542,-16.4364668979999],[-39.095085715,-16.434989253],[-39.095117837,-16.431584244],[-39.095663924,-16.431712735],[-39.0980088819999,-16.429271408],[-39.0982337409999,-16.427311922],[-39.098972564,-16.42634824],[-39.0983301099999,-16.424838472],[-39.0987477049999,-16.424581491],[-39.098426478,-16.424035404],[-39.101223196,-16.423318755],[-39.10209051,-16.4222587049999],[-39.099681306,-16.41901431],[-39.1011589509999,-16.41866096],[-39.0995373119999,-16.416275916],[-39.1019143939999,-16.4154407259999],[-39.1045805799999,-16.4136739759999],[-39.1048696839999,-16.41277454],[-39.102267744,-16.4116502439999],[-39.103135057,-16.409658635],[-39.1015289209999,-16.409433776],[-39.098509385,-16.410943544],[-39.096226288,-16.408327076],[-39.0944619219999,-16.407410045],[-39.0937873449999,-16.407924008],[-39.0927915399999,-16.406735468],[-39.0907356859999,-16.408245236],[-39.091699368,-16.409498022],[-39.0904144589999,-16.410429581],[-39.090864177,-16.411072035],[-39.089858787,-16.411871192],[-39.087119279,-16.4112505599999],[-39.086027107,-16.4120857509999],[-39.0841639889999,-16.410865088],[-39.083682148,-16.409612301],[-39.0897533419999,-16.4052757339999],[-39.0879544699999,-16.4030913879999],[-39.081176575,-16.408198902],[-39.0805019979999,-16.408488006]]]}},{"type":"Feature","properties":{"id":"1011","municipality":"2925303","density":"Densa","type":"Área urbanizada","state":"BA"},"geometry":{"type":"Polygon","coordinates":[[[-39.0468762669999,-16.404412862],[-39.045519974,-16.401593201],[-39.046232883,-16.401504088],[-39.045028096,-16.3963232209999],[-39.04554206,-16.396258976],[-39.045156587,-16.395648644],[-39.044642623,-16.3959377489999],[-39.044257151,-16.395231049],[-39.045124464,-16.39500619],[-39.0440322919999,-16.392821844],[-39.0450280959999,-16.392564863],[-39.045211878,-16.391758101],[-39.0441929049999,-16.389930799],[-39.0430364869999,-16.3903162719999],[-39.042458278,-16.3896095719999],[-39.0422976639999,-16.388035559],[-39.041772323,-16.3882087329999],[-39.0415938639999,-16.387673354],[-39.0422976639999,-16.386847018],[-39.043774758,-16.386492233],[-39.0451994169999,-16.387125415],[-39.045103049,-16.3877678689999],[-39.045906117,-16.387832115],[-39.046677062,-16.386964801],[-39.048829285,-16.386579328],[-39.049921458,-16.3846519649999],[-39.0435290359999,-16.3818572879999],[-39.043239931,-16.382724602],[-39.0389890239999,-16.384534182],[-39.035808874,-16.3775314279999],[-39.034588211,-16.377884778],[-39.0344918429999,-16.377627796],[-39.0340421239999,-16.3778205319999],[-39.0342669839999,-16.378398741],[-39.03304632,-16.3789127049999],[-39.0331426879999,-16.379298178],[-39.032435988,-16.379490914],[-39.0321147609999,-16.379169687],[-39.0318577789999,-16.380133369],[-39.032403866,-16.380037],[-39.0328857059999,-16.38180375],[-39.032435988,-16.381514646],[-39.031922025,-16.3822213459999],[-39.0341706149999,-16.3840202179999],[-39.0328857059999,-16.3860439499999],[-39.0366761879999,-16.3906053759999],[-39.0382930319999,-16.388988533],[-39.039770677,-16.390691037],[-39.0394815719999,-16.3921044369999],[-39.0384134409999,-16.392964881],[-39.0404987919999,-16.3959377489999],[-39.041623087,-16.3992142659999],[-39.0422655419999,-16.3991178979999],[-39.0424261549999,-16.400274316],[-39.0420085599999,-16.4003706839999],[-39.042586769,-16.402169557],[-39.045801339,-16.4051716349999],[-39.0468762669999,-16.404412862]]]}},{"type":"Feature","properties":{"id":"1012","municipality":"2927408","density":"Densa","type":"Área urbanizada","state":"BA"},"geometry":{"type":"Polygon","coordinates":[[[-38.5429511607674,-12.6381118832568],[-38.5436174100154,-12.637969115882],[-38.5443118691974,-12.6391801636336],[-38.5458541039837,-12.6398726838772],[-38.5455685683347,-12.6414431285975],[-38.548138385578,-12.6423473240697],[-38.548804634826,-12.6411575929485],[-38.5493281166992,-12.6413955391728],[-38.5499467774218,-12.6407768802488],[-38.5494708849733,-12.639682327977],[-38.5446643728625,-12.6383022400563],[-38.5446167843371,-12.6376359908083],[-38.5449974979362,-12.6374932234335],[-38.5446643728625,-12.6349709947156],[-38.5456637471842,-12.6338764433431],[-38.5443788381128,-12.6321156418234],[-38.5435698205907,-12.6318301061744],[-38.5411427707223,-12.6321632312481],[-38.5408096456486,-12.634637869642],[-38.5423800912682,-12.6352089409398],[-38.5429511607674,-12.6381118832568]]]}},{"type":"Feature","properties":{"id":"1013","municipality":"2927408","density":"Densa","type":"Área urbanizada","state":"BA"},"geometry":{"type":"Polygon","coordinates":[[[-38.1442826240438,-12.7058958093441],[-38.1438900133134,-12.7062170363871],[-38.1440684720823,-12.7087868536304],[-38.1430690986599,-12.7102502232692],[-38.1456032254085,-12.7118920507775],[-38.1451392300913,-12.7128914250992],[-38.1431404832467,-12.7134624945984],[-38.1427121802229,-12.7148544796504],[-38.1422481849058,-12.7149972479246],[-38.1422124926124,-12.71631784839],[-38.1425337196554,-12.7170316870627],[-38.1437115527459,-12.716353539784],[-38.1445681587934,-12.7164606157647],[-38.1439970892942,-12.7142477169586],[-38.1446752347742,-12.7138907976222],[-38.1467473096406,-12.7148664046608],[-38.145745991884,-12.7164606157647],[-38.1428192553043,-12.7178526008169],[-38.1421768012183,-12.7192445849696],[-38.1412845028774,-12.7194230446378],[-38.1398925178254,-12.7179239854036],[-38.1381079229422,-12.7172101458315],[-38.1381079229422,-12.7176384488553],[-38.1392500637394,-12.7186021308836],[-38.1394285234076,-12.7195658129119],[-38.1406063573974,-12.7203153429787],[-38.1416057299205,-12.7202796506853],[-38.1434974016837,-12.7188876656332],[-38.1439257047074,-12.7194230446378],[-38.1437829373327,-12.7199941159357],[-38.1448180030484,-12.720672262315],[-38.1488868813245,-12.7193873532437],[-38.1505644011262,-12.7176384488553],[-38.1515994659426,-12.7180667518791],[-38.1520277689663,-12.7172458381249],[-38.1513853148803,-12.7164606157647],[-38.146813005116,-12.7135404613232],[-38.1484228860073,-12.711299564823],[-38.1474948962724,-12.7054103993704],[-38.1484585783007,-12.7051605560148],[-38.1473521288976,-12.7018055164114],[-38.1450678464039,-12.7022338194351],[-38.1444610828126,-12.7017198550872],[-38.142462335968,-12.7019696993421],[-38.1442826240438,-12.7058958093441]]]}},{"type":"Feature","properties":{"id":"1014","municipality":"2927408","density":"Densa","type":"Outros equipamentos urbanos","state":"BA"},"geometry":{"type":"Polygon","coordinates":[[[-38.5487681574245,-12.6486220468699],[-38.5466742317304,-12.64940726923],[-38.5461983392819,-12.648741019982],[-38.545674858308,-12.6491455278438],[-38.5450561975854,-12.6484554843331],[-38.5442947712866,-12.6485982517079],[-38.5437236999887,-12.6479082081972],[-38.5422484341179,-12.6478606187725],[-38.5411062933208,-12.6479320033593],[-38.5386078588655,-12.6498355722538],[-38.5400117410489,-12.6508111514134],[-38.5419391042063,-12.6500021338913],[-38.5435809317146,-12.6502876686409],[-38.5443899492367,-12.6514060160748],[-38.5452227601222,-12.6509301236263],[-38.5464600797689,-12.6526195405593],[-38.5461507498572,-12.6534047629194],[-38.5473404809784,-12.655332126976],[-38.5469597673793,-12.6559269916373],[-38.5472453021289,-12.6564980629352],[-38.548292264976,-12.6551655644392],[-38.5471263290168,-12.6533095849694],[-38.5477211936781,-12.6526433357214],[-38.5493630229851,-12.6534523532435],[-38.5513855640925,-12.6514773997622],[-38.5494819960972,-12.6503828483897],[-38.5501006550212,-12.6496928039797],[-38.5487681574245,-12.6486220468699]]]}},{"type":"Feature","properties":{"id":"1015","municipality":"2927408","density":"Densa","type":"Área urbanizada","state":"BA"},"geometry":{"type":"Polygon","coordinates":[[[-38.4114788931364,-12.8539761180034],[-38.4114788931364,-12.8544044210272],[-38.4124782656594,-12.8556536378051],[-38.4130493369573,-12.8551896433873],[-38.4128708772891,-12.8540831939842],[-38.4135490236685,-12.8537619660419],[-38.4145127056968,-12.8545114970079],[-38.4150123924079,-12.8556536378051],[-38.4154763868257,-12.8552967193681],[-38.4149767001146,-12.8541902690656],[-38.4141200940671,-12.8535478149796],[-38.4151551597827,-12.8532265879367],[-38.4152622357635,-12.852548440658],[-38.4114788931364,-12.8539761180034]]]}},{"type":"Feature","properties":{"id":"1016","municipality":"2927408","density":"Densa","type":"Área urbanizada","state":"BA"},"geometry":{"type":"Polygon","coordinates":[[[-38.275613618074,-12.8522828834483],[-38.2738647136855,-12.8516047370689],[-38.273329334681,-12.852996722121],[-38.272686880595,-12.8527468778661],[-38.2719373514276,-12.8545314736485],[-38.2748997803006,-12.8554237719894],[-38.2752923910309,-12.8546385496293],[-38.2768271425585,-12.8545671659419],[-38.2772554455823,-12.8530324126157],[-38.276291763554,-12.8526398018853],[-38.2774695984432,-12.8514619687948],[-38.2787188152211,-12.8524613431164],[-38.2792541933263,-12.8512835100259],[-38.2783975872788,-12.8504625962718],[-38.2787188152211,-12.8498915249738],[-38.2784689709662,-12.849320453676],[-38.275613618074,-12.8522828834483]]]}},{"type":"Feature","properties":{"id":"1017","municipality":"2927408","density":"Densa","type":"Área urbanizada","state":"BA"},"geometry":{"type":"Polygon","coordinates":[[[-38.2029370104347,-12.7849069599882],[-38.2039006915636,-12.7846571157332],[-38.2049357572793,-12.7864060201217],[-38.2041862272126,-12.7867629385587],[-38.2048892146655,-12.7878713817588],[-38.2055431081279,-12.78766083428],[-38.2067560453552,-12.7893327567013],[-38.208255106388,-12.78804784763],[-38.2047929899045,-12.7831937478931],[-38.2024730151175,-12.7843001972962],[-38.2029370104347,-12.7849069599882]]]}},{"type":"Feature","properties":{"id":"1018","municipality":"2927408","density":"Densa","type":"Área urbanizada","state":"BA"},"geometry":{"type":"Polygon","coordinates":[[[-38.517625205139,-12.7746173029461],[-38.5164116788558,-12.7770443537139],[-38.5154836900202,-12.7825409093355],[-38.5143772397178,-12.7824338333547],[-38.5140917049682,-12.7830762874407],[-38.5161618363996,-12.784718114949],[-38.5168399818796,-12.7865384030249],[-38.5160547604188,-12.7896079078786],[-38.5170541338411,-12.7901432868832],[-38.5177679716146,-12.787359316779],[-38.5162689123804,-12.7820769140183],[-38.516875674173,-12.7805064692981],[-38.5172682849034,-12.7769372777331],[-38.5181605832443,-12.7757237532485],[-38.5181605832443,-12.7743317681965],[-38.517625205139,-12.7746173029461]]]}},{"type":"Feature","properties":{"id":"1019","municipality":"2927408","density":"Densa","type":"Área urbanizada","state":"BA"},"geometry":{"type":"Polygon","coordinates":[[[-38.2841799816208,-12.7004113343156],[-38.2821098510887,-12.702457670585],[-38.283370964998,-12.7035760171195],[-38.284037214246,-12.7024814648477],[-38.284394132683,-12.7025528494344],[-38.2851079713557,-12.7038377576064],[-38.2862977015776,-12.702862179346],[-38.2863690861644,-12.7019817790358],[-38.2841799816208,-12.7004113343156]]]}},{"type":"Feature","properties":{"id":"1020","municipality":"2927408","density":"Densa","type":"Área urbanizada","state":"BA"},"geometry":{"type":"Polygon","coordinates":[[[-38.1260809366858,-12.675722459324],[-38.1260809366858,-12.6774773118285],[-38.1252481258004,-12.6775070551065],[-38.1249804362981,-12.678042434111],[-38.125218381623,-12.679708055882],[-38.1274788698539,-12.6776855138753],[-38.1286091144191,-12.6772096223262],[-38.1273598967418,-12.6764065538193],[-38.1275978429661,-12.6756034862118],[-38.1283116816388,-12.6763470681626],[-38.1295014118607,-12.6749788773732],[-38.1291147501455,-12.6743542694339],[-38.1260809366858,-12.675722459324]]]}},{"type":"Feature","properties":{"id":"1021","municipality":"2927408","density":"Densa","type":"Área urbanizada","state":"BA"},"geometry":{"type":"MultiPolygon","coordinates":[[[[-38.1188473747065,-12.6971078654356],[-38.1193232680544,-12.696512999875],[-38.1188771188839,-12.6955314717],[-38.1182227667672,-12.6955612149781],[-38.1170925231014,-12.69416328181],[-38.1172114962135,-12.6927058620858],[-38.1165274008188,-12.6928248351979],[-38.1156053600993,-12.6917243339108],[-38.1156053600993,-12.6911592116283],[-38.1165274008189,-12.6904453738549],[-38.1167058613864,-12.6897910217382],[-38.1150402378167,-12.6873818180164],[-38.1110248970813,-12.684954768148],[-38.1106084920882,-12.6851332269168],[-38.1095079908011,-12.6840922130851],[-38.1086454357382,-12.683973239973],[-38.106456332094,-12.6821589009125],[-38.10564544863391,-12.682755138750853],[-38.10564544863425,-12.682755138751237],[-38.1123157551679,-12.69024906804],[-38.1134757421117,-12.6894162571545],[-38.1135947152239,-12.6897434332128],[-38.1149926492913,-12.6898326630469],[-38.1154685408404,-12.6904870151636],[-38.113773174892,-12.6919444339884],[-38.1128213899951,-12.6906059882757],[-38.112641359929285,-12.69068850215981],[-38.1195252134804,-12.698494792086773],[-38.1195909566573,-12.697881189765],[-38.1188473747065,-12.6971078654356]]],[[[-38.1258191961989,-12.7024021662269],[-38.1243320331967,-12.7007365426573],[-38.1250756151475,-12.7001119338186],[-38.1257002230868,-12.7005283397111],[-38.1255812499747,-12.7015693544421],[-38.1265925214277,-12.7018667872224],[-38.1272349746143,-12.7014801237087],[-38.1273539486258,-12.702402166227],[-38.1279785565651,-12.7025508817178],[-38.1286329086818,-12.701807299767],[-38.1287221394152,-12.7006770561012],[-38.1277108679621,-12.6997252721036],[-38.1258072990675,-12.6994575826013],[-38.1264616511842,-12.6988329737627],[-38.1259857578364,-12.6980596494332],[-38.1264913935629,-12.6977622166529],[-38.1257775557895,-12.6968699192113],[-38.1236955272268,-12.6959478775924],[-38.1215540121079,-12.6979704186998],[-38.122981688554,-12.6995170691574],[-38.1222975940587,-12.70008219144],[-38.1211078629375,-12.6990114343302],[-38.11976083176254,-12.698761983218716],[-38.12050805380327,-12.699609333012912],[-38.12055783478677,-12.6996657846482],[-38.1208818147439,-12.6996657846482],[-38.124927452818035,-12.704620931495654],[-38.12492745281805,-12.704620931495668],[-38.1255515066966,-12.7040975321753],[-38.1258191961989,-12.7024021662269]]]]}},{"type":"Feature","properties":{"id":"1022","municipality":"2927408","density":"Densa","type":"Área urbanizada","state":"BA"},"geometry":{"type":"Polygon","coordinates":[[[-38.626970858918,-12.7078674731054],[-38.6263997876201,-12.707831780812],[-38.6261856356586,-12.7072964018075],[-38.6251862631355,-12.707796089418],[-38.626970858918,-12.7083314684225],[-38.6275776207106,-12.7079745490862],[-38.6278988477536,-12.7082957761291],[-38.6274705447298,-12.708866847427],[-38.6278988477535,-12.7092594581574],[-38.6287554538011,-12.7092237658641],[-38.6293622173924,-12.7087597714462],[-38.6291123731375,-12.7082600838357],[-38.6283271507773,-12.7079388567927],[-38.6275776207106,-12.706903791077],[-38.6277917726721,-12.7065825640341],[-38.6268994752306,-12.7060114927361],[-38.626970858918,-12.7078674731054]]]}},{"type":"Feature","properties":{"id":"1023","municipality":"2927408","density":"Densa","type":"Área urbanizada","state":"BA"},"geometry":{"type":"Polygon","coordinates":[[[-38.17595657220901,-12.762487952885015],[-38.17700692188541,-12.763679049418052],[-38.17761393063758,-12.764367397343012],[-38.1782038977916,-12.7633413666107],[-38.17595657220901,-12.762487952885015]]]}},{"type":"Feature","properties":{"id":"1024","municipality":"2927408","density":"Densa","type":"Área urbanizada","state":"BA"},"geometry":{"type":"Polygon","coordinates":[[[-37.9089486587535,-12.4180805471795],[-37.9111258661658,-12.4205075970479],[-37.9094483463641,-12.4209002077784],[-37.9090200433403,-12.4218638898066],[-37.9104477197864,-12.4243623242618],[-37.9115541691895,-12.4252189303093],[-37.9120895481941,-12.4248263186796],[-37.9118040116457,-12.4233629508395],[-37.9125178512178,-12.4231131065846],[-37.9129818456356,-12.423934021238],[-37.9138384516831,-12.4239697126321],[-37.9149449010863,-12.4219709657874],[-37.9139098353706,-12.4201506777115],[-37.9134815323468,-12.4201506777115],[-37.9134101486594,-12.4194368399382],[-37.9125535426119,-12.4191156128952],[-37.9116255528769,-12.4195082236256],[-37.9096268060322,-12.4176522441557],[-37.9089486587535,-12.4180805471795]]]}},{"type":"Feature","properties":{"id":"1025","municipality":"2927408","density":"Densa","type":"Área urbanizada","state":"BA"},"geometry":{"type":"MultiPolygon","coordinates":[[[[-38.014415889082,-12.5227867460115],[-38.0142017371204,-12.5218230639832],[-38.0156651058599,-12.5212876849787],[-38.0154866461917,-12.5206095385993],[-38.01380912639,-12.5211092262098],[-38.0139162023708,-12.5215375292336],[-38.0133451310729,-12.5217873716898],[-38.0137020513086,-12.5227867460115],[-38.014415889082,-12.5227867460115]]],[[[-38.0109180812045,-12.5179326453753],[-38.0097759404073,-12.5175400337455],[-38.0092048691094,-12.5178255702938],[-38.009169176816,-12.5186107917546],[-38.0096688644265,-12.5188249428168],[-38.0099543991761,-12.5199670854126],[-38.0112393082474,-12.5200741595948],[-38.0113106919349,-12.5207166145801],[-38.0094547133643,-12.521608912921],[-38.0096331721331,-12.5222156747136],[-38.009133485422,-12.5232150490352],[-38.0109894648918,-12.52521379588],[-38.009133485422,-12.5257848671778],[-38.0087765660856,-12.5274266946862],[-38.007455964721,-12.5276051543543],[-38.0074202733269,-12.5267128560134],[-38.0057070621312,-12.5258919422593],[-38.0061353651549,-12.5250710276058],[-38.0055642938571,-12.5243928821258],[-38.0047076878095,-12.5248568774429],[-38.0042793847857,-12.5261417856149],[-38.0056356784438,-12.5271054676432],[-38.0051716831266,-12.5278549977099],[-38.0040652328242,-12.5279977650848],[-38.0036012393057,-12.5274266946862],[-38.0033513950508,-12.5254279478415],[-38.0013883396002,-12.5243571898324],[-38.0009957288697,-12.5248568774429],[-38.0024947890033,-12.5263559366771],[-38.0028160160463,-12.5272839273114],[-38.0019237186047,-12.527248235018],[-38.0018523349173,-12.5276408457484],[-38.0009600365764,-12.5273553109988],[-38.0006031181393,-12.5262488615957],[-37.99728376993,-12.5272125427246],[-37.9989969811257,-12.5281405333589],[-37.9991040571065,-12.5304248158525],[-37.9998892785673,-12.5306389669148],[-38.0013169559127,-12.5296752848864],[-38.0014954155809,-12.5299965128288],[-38.0009243451823,-12.5307817351889],[-38.0012812636194,-12.5314598806689],[-38.0032800113634,-12.5323521790098],[-38.0043150770791,-12.5319952596735],[-38.0041009251176,-12.5313884969815],[-38.0022092542536,-12.5302463561844],[-38.0017809512299,-12.5289257548197],[-38.0024590967099,-12.5284974517959],[-38.0045292281413,-12.5301035879102],[-38.0063495162171,-12.5301749715976],[-38.0072775059521,-12.5283189930271],[-38.0095617884457,-12.5289257548197],[-38.0106682378488,-12.5278906900033],[-38.0119888392135,-12.527533770667],[-38.0118817632327,-12.5262845529897],[-38.0130239040299,-12.5253565641541],[-38.0108110052237,-12.5238218108279],[-38.011203615954,-12.5225725940499],[-38.0123457576506,-12.5223941352811],[-38.0122743739631,-12.5220015236513],[-38.0133451310729,-12.5209307656423],[-38.0122386816698,-12.5198600094319],[-38.0122029902757,-12.518396639793],[-38.0140232783515,-12.5172188067026],[-38.0142731208078,-12.5166477363039],[-38.0136306667218,-12.516040973612],[-38.0109180812045,-12.5179326453753]],[[-38.0093119450901,-12.5267842397009],[-38.0095617884457,-12.526320245283],[-38.0108110052237,-12.5263916289704],[-38.0105611618681,-12.527248235018],[-38.0093119450901,-12.5267842397009]]]]}},{"type":"Feature","properties":{"id":"1026","municipality":"2927408","density":"Densa","type":"Vazio intraurbano","state":"BA"},"geometry":{"type":"Polygon","coordinates":[[[-38.398490633236,-12.813464953145],[-38.3970332144113,-12.8124834258693],[-38.394453039676,-12.815255719176],[-38.394433779795,-12.8171875150917],[-38.3936723516976,-12.8180917105639],[-38.3940054767713,-12.8191386743103],[-38.3927681571247,-12.8205663498571],[-38.3927681571247,-12.8216609021289],[-38.393006103349,-12.8222319734268],[-38.394628463233,-12.8231794307861],[-38.39800297136,-12.8222795619522],[-38.3974319009614,-12.8197097438096],[-38.4035709097696,-12.8189483166115],[-38.403666088619,-12.8163784993682],[-38.4031426067459,-12.8148556440727],[-38.4020480553734,-12.8144749295743],[-38.4018389872794,-12.813178707931],[-38.4009593244132,-12.8129295750398],[-38.4004834319647,-12.8122454796451],[-38.3995316479671,-12.8130485481519],[-38.398490633236,-12.813464953145]]]}},{"type":"Feature","properties":{"id":"1027","municipality":"2927408","density":"Densa","type":"Área urbanizada","state":"BA"},"geometry":{"type":"Polygon","coordinates":[[[-38.6098921972671,-12.6900941292406],[-38.6116262286675,-12.6888692274329],[-38.6141960468101,-12.6878698531112],[-38.6151597288383,-12.6878341608178],[-38.6160877185733,-12.6885123080965],[-38.6165874052845,-12.6882624638416],[-38.6165874052845,-12.6874772423808],[-38.6149455768768,-12.6861566410161],[-38.6140175871419,-12.6862994092903],[-38.6144815815597,-12.6871560153378],[-38.6129468300321,-12.6867990960014],[-38.6116619209608,-12.6876200097556],[-38.611804689235,-12.6866563277273],[-38.6114120776053,-12.6864778689584],[-38.6109123908941,-12.6880840050727],[-38.6100557848466,-12.6888335351395],[-38.6098773251784,-12.6870846307511],[-38.6104127041829,-12.6867990960014],[-38.6106625466392,-12.6857283379924],[-38.6120545316912,-12.6856212629109],[-38.6114477698986,-12.6849431156322],[-38.6101985531207,-12.6851929598872],[-38.609520405842,-12.6864778689584],[-38.6085567238137,-12.6862637169969],[-38.6085567238137,-12.6868347882948],[-38.6093419470732,-12.6875843183615],[-38.6094133298612,-12.6896187566003],[-38.6098921972671,-12.6900941292406]]]}},{"type":"Feature","properties":{"id":"1028","municipality":"2927408","density":"Densa","type":"Área urbanizada","state":"BA"},"geometry":{"type":"Polygon","coordinates":[[[-38.2989623512315,-12.5660024240726],[-38.2983912808329,-12.5650030506502],[-38.2977488258476,-12.565467045068],[-38.298141436578,-12.5660381163659],[-38.2975346747854,-12.5669304138075],[-38.2982842048521,-12.5670017983942],[-38.298462663621,-12.5678584044418],[-38.2977488258476,-12.5676442515809],[-38.2968208361127,-12.5690005452389],[-38.2979629778092,-12.5692860799886],[-38.2969992957808,-12.5707851410214],[-38.2958214626903,-12.5703211457043],[-38.2954645442533,-12.571034984377],[-38.2966423773438,-12.5714632874008],[-38.2956786953155,-12.5719272818186],[-38.2951076240176,-12.5715703633815],[-38.2937513321582,-12.5724269694291],[-38.2948934729554,-12.5737832621878],[-38.2949648566428,-12.5750324789657],[-38.2953931596666,-12.5749967866723],[-38.2989623512315,-12.5709635997903],[-38.3018890878111,-12.5702854543103],[-38.3017106290423,-12.56871500959],[-38.3009610989755,-12.5686436259026],[-38.3009296523815,-12.567900354218],[-38.299854648673,-12.5680368632106],[-38.2996404976108,-12.5673230254373],[-38.300425719971,-12.562790151844],[-38.3002035100839,-12.5620455356729],[-38.3009947498078,-12.5596248143337],[-38.3007994988977,-12.5588621523664],[-38.2999260332598,-12.5591495756923],[-38.3002829516968,-12.5599347989518],[-38.2994263456493,-12.5625759998824],[-38.2992835782744,-12.5659310403852],[-38.2989623512315,-12.5660024240726]]]}},{"type":"Feature","properties":{"id":"1029","municipality":"2927408","density":"Densa","type":"Área urbanizada","state":"BA"},"geometry":{"type":"Polygon","coordinates":[[[-38.2955395540072,-12.6924868519866],[-38.2938263419121,-12.6929865377985],[-38.2921488221104,-12.6916302459391],[-38.2915420594185,-12.6920585489628],[-38.2932993382938,-12.6936827371686],[-38.2922942487805,-12.6946311657956],[-38.2939194846964,-12.6961841870506],[-38.2963961600547,-12.6934862254089],[-38.2955395540072,-12.6924868519866]]]}},{"type":"Feature","properties":{"id":"1030","municipality":"2927408","density":"Densa","type":"Área urbanizada","state":"BA"},"geometry":{"type":"Polygon","coordinates":[[[-38.1404635891233,-12.7071807184154],[-38.139178680052,-12.7069665673532],[-38.1387860693216,-12.705431814027],[-38.1379294632741,-12.705110586984],[-38.1373226996828,-12.7019340070488],[-38.1354667211123,-12.7017555473806],[-38.1348242661269,-12.7012915520634],[-38.1353953374248,-12.7011487837893],[-38.1356094875877,-12.7004349460159],[-38.1330753626378,-12.7002921786411],[-38.1320402969221,-12.69979249193],[-38.1324685999459,-12.6993641889061],[-38.1330039789504,-12.6996854159492],[-38.1356094875877,-12.6993641889061],[-38.1370728572265,-12.6980792798349],[-38.1384648422786,-12.6979008201667],[-38.1380722306489,-12.6958306887353],[-38.1376796199185,-12.6955451539856],[-38.1366445542027,-12.6958663810286],[-38.1352168768573,-12.6975795931237],[-38.1346101150647,-12.6974725171429],[-38.1342888880217,-12.6952953097307],[-38.1351098017759,-12.6955451539856],[-38.1355024134056,-12.6966159110954],[-38.1356451798811,-12.6954023857115],[-38.1361448665923,-12.6948313162122],[-38.1360021001168,-12.6940817852462],[-38.1367159378902,-12.693903325578],[-38.1393214483262,-12.6946528556447],[-38.1401066697869,-12.6916190430843],[-38.1387503770282,-12.6914048920221],[-38.1381079229422,-12.6919402701273],[-38.1378580786873,-12.6914405843154],[-38.1369300889524,-12.6912621237479],[-38.1366445542027,-12.6916547353777],[-38.1375011602503,-12.6919759624207],[-38.1373583919762,-12.6928682598623],[-38.136251942573,-12.6932251791986],[-38.1350384180885,-12.6930824118238],[-38.1327541346955,-12.691904577834],[-38.1318261449606,-12.6929039521556],[-38.1339676600794,-12.6944387036832],[-38.1334322819742,-12.6947956239189],[-38.1338248927046,-12.6961519157782],[-38.1331110540319,-12.6966159110954],[-38.1322901402777,-12.6948313162122],[-38.1304698531012,-12.6932251791986],[-38.1293277114047,-12.6935107148475],[-38.1279000349586,-12.6931181041172],[-38.1275788079156,-12.6940104006594],[-38.1281141860208,-12.6951525432553],[-38.1270791212044,-12.6961162243842],[-38.1280356644143,-12.6969656916134],[-38.1300701026531,-12.6967515405511],[-38.1305340979702,-12.6972512272623],[-38.1291064224234,-12.6980364487231],[-38.1304627142828,-12.6993927423811],[-38.1297917058225,-12.7002921786411],[-38.1302200088463,-12.7016841627938],[-38.1295775547603,-12.7022195417983],[-38.1298630904092,-12.7036829096386],[-38.1274717319348,-12.7052533552581],[-38.1295418633663,-12.7066096471175],[-38.131576301605,-12.7063241123678],[-38.1313978428361,-12.7057173496759],[-38.1319332209413,-12.705431814027],[-38.1320402969221,-12.7060742690123],[-38.1346458073581,-12.7063954960553],[-38.1353239528381,-12.7077874811074],[-38.1363947108472,-12.7070022587472],[-38.1366802455968,-12.7080016321696],[-38.1358236404486,-12.7084656265873],[-38.1359307164294,-12.7098219202454],[-38.1376082362311,-12.7125701971568],[-38.1369657812457,-12.7134981868917],[-38.1376082362311,-12.7137837216414],[-38.1385719173601,-12.7134981868917],[-38.1396426753691,-12.7124988125701],[-38.1384648422786,-12.7115708237345],[-38.1381793057303,-12.7109283687492],[-38.1386076087541,-12.7101788386824],[-38.1403208208492,-12.7113209803789],[-38.1405706651041,-12.7108926773551],[-38.1393928311142,-12.7100003790142],[-38.1402494371617,-12.7082871678185],[-38.1416414222138,-12.7089653141978],[-38.1416414222138,-12.7081444004437],[-38.1426764879295,-12.7076804051266],[-38.1416771136078,-12.7063954960553],[-38.1406777401855,-12.7058601170507],[-38.1404635891233,-12.7071807184154]]]}},{"type":"Feature","properties":{"id":"1032","municipality":"2927408","density":"Densa","type":"Área urbanizada","state":"BA"},"geometry":{"type":"Polygon","coordinates":[[[-38.0976796899657,-12.6487012996253],[-38.0978224582398,-12.6478446935777],[-38.0968944676056,-12.6469167038428],[-38.0961092461447,-12.6472736231791],[-38.0966803174426,-12.6484157648756],[-38.0949314130542,-12.6499505173025],[-38.0926828219546,-12.6486299159378],[-38.0922902112242,-12.6489511429808],[-38.0914336051767,-12.6481302292266],[-38.0905413068358,-12.6498077490284],[-38.0889708630149,-12.6499505173025],[-38.088399791717,-12.6495579056727],[-38.0884711763037,-12.6491652949423],[-38.0892563977645,-12.6495935979662],[-38.0898631613558,-12.6483443811882],[-38.0877216462369,-12.6471665480977],[-38.0863653525789,-12.649129602649],[-38.0853659800559,-12.649129602649],[-38.0846878327772,-12.6500575932832],[-38.0835813842735,-12.6494865219854],[-38.0831887726437,-12.6500932846773],[-38.0857585907863,-12.6529486375695],[-38.0862582765981,-12.652377567171],[-38.0856872070989,-12.6510926580996],[-38.0862582765981,-12.6504145117203],[-38.087400419194,-12.649772056735],[-38.0887924033467,-12.6507357387633],[-38.0878287222177,-12.6519849564405],[-38.0871148826457,-12.6521991084021],[-38.0878287222177,-12.6548046170394],[-38.0891493226831,-12.6558396827551],[-38.0891493226831,-12.6576599708309],[-38.0910409944463,-12.657374435182],[-38.0911837618211,-12.6586950356473],[-38.0929326662095,-12.6590519549837],[-38.0926114382672,-12.6599085610312],[-38.0933966606273,-12.6602654803676],[-38.0942175752808,-12.6576599708309],[-38.0937892722571,-12.6562679857789],[-38.0946101860112,-12.6560181424233],[-38.0958237113951,-12.6546975419579],[-38.0956452508276,-12.6536267839489],[-38.0942889580689,-12.652377567171],[-38.0948243370735,-12.6519849564405],[-38.0948957207609,-12.6513068100612],[-38.0967160088367,-12.6506286627825],[-38.0968944676056,-12.6515923448108],[-38.0954310997654,-12.6519849564405],[-38.0967517011301,-12.6536624762422],[-38.0985719883066,-12.6523418748776],[-38.098000917908,-12.6515923448108],[-38.0995713617289,-12.6508785070374],[-38.1004636600698,-12.6523061825842],[-38.1010704218625,-12.6516994207916],[-38.100677811132,-12.6498791327157],[-38.0993215183734,-12.6503074357395],[-38.0983935286384,-12.6496292902595],[-38.0976796899657,-12.6487012996253]]]}},{"type":"Feature","properties":{"id":"1033","municipality":"2927408","density":"Densa","type":"Área urbanizada","state":"BA"},"geometry":{"type":"Polygon","coordinates":[[[-38.0747595323265,-12.6250613551973],[-38.0741646667659,-12.6256859631366],[-38.0740754369318,-12.6262808286973],[-38.0751461949409,-12.626370057632],[-38.0752056805976,-12.6270838972041],[-38.073896978163,-12.6279167080896],[-38.0740456936538,-12.6285413160289],[-38.0751164507636,-12.6292551547016],[-38.0746405592144,-12.6279464513676],[-38.0753841411652,-12.6276787618653],[-38.0762169520506,-12.6285710602062],[-38.0762764386067,-12.6299689933743],[-38.0771984802257,-12.6301177088651],[-38.077852831443,-12.6297310471501],[-38.0775553986627,-12.6288684920872],[-38.0762466953287,-12.6277679916994],[-38.076514384831,-12.6272326126949],[-38.0769902772794,-12.6275597887532],[-38.0776743717748,-12.6268756942578],[-38.0773769389945,-12.6264295450874],[-38.0758897759923,-12.6266972336903],[-38.075532856656,-12.626013139195],[-38.0767523310552,-12.6259239093609],[-38.0762169520506,-12.6251208408541],[-38.0747595323265,-12.6250613551973]]]}},{"type":"Feature","properties":{"id":"1034","municipality":"2927408","density":"Densa","type":"Área urbanizada","state":"BA"},"geometry":{"type":"MultiPolygon","coordinates":[[[[-38.0453339281182,-12.6081671822696],[-38.043799174792,-12.60659673665],[-38.0430853370186,-12.6045979898053],[-38.0414792009044,-12.603598616383],[-38.0412281479606,-12.6042513551159],[-38.0428212169256,-12.6067323670051],[-38.0441418182903,-12.6098732546469],[-38.0453196513807,-12.6113009319924],[-38.0454981101496,-12.6125144573763],[-38.045055594241916,-12.61404624387033],[-38.04537941001744,-12.614413450959773],[-38.04584526246517,-12.614941727635507],[-38.0475111337318,-12.614713079445],[-38.0453339281182,-12.6081671822696]]],[[[-38.051619984789035,-12.621490262750767],[-38.05176090047597,-12.621650061139748],[-38.051687088888,-12.6214231586518],[-38.051619984789035,-12.621490262750767]]],[[[-38.0400515235589,-12.6058115151892],[-38.0385596022438,-12.6043790804302],[-38.0374531528407,-12.6049501499295],[-38.04423456764974,-12.6131151997148],[-38.044234567649774,-12.613115199714844],[-38.0442560321901,-12.6126286712761],[-38.0400515235589,-12.6058115151892]]],[[[-38.0502951038359,-12.6152841489443],[-38.0518298562628,-12.6157838356555],[-38.0525793863296,-12.6175684323372],[-38.0532218413149,-12.6174256640631],[-38.0544710580928,-12.6183893460914],[-38.057326410985,-12.6218157702815],[-38.0580045582637,-12.6219942299497],[-38.0576833303213,-12.6225653003483],[-38.0579688659703,-12.6229222187853],[-38.0585399363689,-12.6224939157615],[-38.0593251578297,-12.6232434467277],[-38.0597177685601,-12.6229579110787],[-38.0537044831753,-12.6137844646812],[-38.0525908409945,-12.6141918953397],[-38.0502423675911,-12.6105008087653],[-38.0497069885866,-12.6116786418558],[-38.0502780598845,-12.6127850921582],[-38.0497783731733,-12.6135703136191],[-38.0502951038359,-12.6152841489443]]],[[[-38.0917054828217,-12.665528890346],[-38.092718514248,-12.6648197686174],[-38.0920046755753,-12.6634634758587],[-38.0906636398151,-12.6642218498585],[-38.0917054828217,-12.665528890346]]],[[[-38.0504378721101,-12.619602870576],[-38.050119505477134,-12.619788719211073],[-38.0508099520952,-12.620571685675959],[-38.0509732502153,-12.6205308612102],[-38.0504378721101,-12.619602870576]]],[[[-38.0479037462608,-12.6156053768866],[-38.046661173735224,-12.615866971015741],[-38.04969207339893,-12.619304011234384],[-38.0498668008121,-12.6188890328026],[-38.0479037462608,-12.6156053768866]]]]}},{"type":"Feature","properties":{"id":"1035","municipality":"2927408","density":"Densa","type":"Área urbanizada","state":"BA"},"geometry":{"type":"Polygon","coordinates":[[[-38.3249917907385,-12.7647130036022],[-38.3253130177815,-12.7630711760938],[-38.3235641142924,-12.7633924040362],[-38.3233856546242,-12.7638563975547],[-38.3213869068802,-12.7631782520746],[-38.3207801450876,-12.7636422473918],[-38.3215296751543,-12.7644988534393],[-38.3222078206344,-12.7648200795829],[-38.3232785786434,-12.7644274688526],[-38.3240281087102,-12.7647486958956],[-38.3242065692777,-12.7653197671934],[-38.3239567250228,-12.765855146198],[-38.3231358112686,-12.7653197671934],[-38.3225290485767,-12.7656053019431],[-38.3227075082449,-12.7667474436396],[-38.3234213460183,-12.766854518721],[-38.3239210327295,-12.767568358293],[-38.3233856546243,-12.7681394277923],[-38.3226718159515,-12.7678895853361],[-38.3208158373809,-12.7683535797539],[-38.3207444527942,-12.7692101858014],[-38.3213869068802,-12.7702809429111],[-38.3229216602064,-12.7707449382283],[-38.3241708769843,-12.7693886445703],[-38.3260982401416,-12.7688889578591],[-38.3274902251937,-12.7702809429111],[-38.3287394419716,-12.7697812562],[-38.3301671184178,-12.770138174637],[-38.3305597300475,-12.7707449382283],[-38.329738815394,-12.7707449382283],[-38.3296674317066,-12.7711375489587],[-38.3320230978876,-12.7729221447411],[-38.3330938549973,-12.773064912116],[-38.3330581636033,-12.7723153820492],[-38.3339147696509,-12.771780003944],[-38.3334507752331,-12.7702452506178],[-38.3323086326373,-12.7687104990902],[-38.3317732554314,-12.7687818827776],[-38.3315591025705,-12.7694243368636],[-38.3304169617733,-12.7696027974311],[-38.3304526540667,-12.7691744944074],[-38.3319874055942,-12.7679609690235],[-38.3318803296134,-12.7667117522455],[-38.3310951081527,-12.7668902110144],[-38.3304526540667,-12.7661049886543],[-38.3314520265897,-12.766176373241],[-38.332094481575,-12.7654625345683],[-38.3329510876226,-12.762892717325],[-38.3319874055942,-12.7631782520746],[-38.3309523407778,-12.7650342324439],[-38.3293462037642,-12.766176373241],[-38.3278114522367,-12.7654268431742],[-38.3265979268528,-12.7641062418095],[-38.3249917907385,-12.7647130036022]]]}},{"type":"Feature","properties":{"id":"1036","municipality":"2927408","density":"Densa","type":"Área urbanizada","state":"BA"},"geometry":{"type":"MultiPolygon","coordinates":[[[[-38.1192697296143,-12.6872360756843],[-38.118627274629,-12.6885566770489],[-38.1198408000129,-12.6892348234283],[-38.1217324717761,-12.6870576160162],[-38.1225533864296,-12.6875573027273],[-38.1218752400502,-12.6887351358178],[-38.1229654207175,-12.6898276610177],[-38.1236598349334,-12.6891634388416],[-38.1247305929424,-12.6894132830965],[-38.1282283999207,-12.685594248176],[-38.1238739868949,-12.6818109046495],[-38.1215897044013,-12.6842736468113],[-38.1217324717761,-12.6849874845847],[-38.1199478759936,-12.685594248176],[-38.1189485025713,-12.6869148486413],[-38.1192697296143,-12.6872360756843]]],[[[-38.1187343506098,-12.6916618732968],[-38.1191983459269,-12.6914834136286],[-38.119376805595,-12.6925898630317],[-38.1198764923062,-12.6923400196761],[-38.1208758657286,-12.6930181660555],[-38.1210543262961,-12.6928040149933],[-38.1213398610457,-12.6933037017045],[-38.1208044820412,-12.6937676961222],[-38.1204475627048,-12.6933750853918],[-38.1198051077195,-12.6937320047282],[-38.1203761790174,-12.6948384541313],[-38.1208044820412,-12.6943744588142],[-38.1212327850649,-12.6949455301121],[-38.1207687897478,-12.6953738331358],[-38.1214112447331,-12.6959449026351],[-38.1242665976253,-12.6941603077519],[-38.122076091938,-12.6920741108315],[-38.123302915597,-12.6908409586433],[-38.1229546279537,-12.6901711741603],[-38.1215183198146,-12.6894489753898],[-38.1201617050986,-12.6903631713233],[-38.119376805595,-12.6896631255528],[-38.1189485025713,-12.6905197316003],[-38.1181632802111,-12.6890920560535],[-38.1176279021059,-12.6903055814374],[-38.1187343506098,-12.6916618732968]]]]}},{"type":"Feature","properties":{"id":"1037","municipality":"2927408","density":"Densa","type":"Outros equipamentos urbanos","state":"BA"},"geometry":{"type":"Polygon","coordinates":[[[-38.2918712121867,-12.6730525853085],[-38.2928824818411,-12.6740638558622],[-38.2955593759644,-12.6754320457522],[-38.2996044599778,-12.6744207751986],[-38.3005562439755,-12.6750156398599],[-38.3012700826481,-12.6746587214228],[-38.3003182977512,-12.6679367441853],[-38.3007941901997,-12.6664495802839],[-38.3018649482087,-12.665259850062],[-38.3066833556523,-12.6650219038377],[-38.3071592490001,-12.6631778223986],[-38.3102525481166,-12.6635942273916],[-38.3107879271211,-12.6679962298421],[-38.3079920598856,-12.6686505819587],[-38.3057910582107,-12.6718033676313],[-38.3059695178789,-12.6737069374252],[-38.3070402749886,-12.6736474499698],[-38.307337707769,-12.6747182070795],[-38.3117397111187,-12.6736474499698],[-38.311977657343,-12.6751941004274],[-38.3075756539932,-12.6764433172053],[-38.3084679523341,-12.6785253448687],[-38.3094197363317,-12.6798340491021],[-38.3130484153521,-12.6789417507612],[-38.3141786581185,-12.6818565902094],[-38.3210196093674,-12.6810237793239],[-38.318580660569,-12.6675798239497],[-38.3189970673607,-12.6669849592884],[-38.3201867975826,-12.6676987979611],[-38.3217929336969,-12.6677582836178],[-38.3221498530332,-12.6685316088467],[-38.3212575546924,-12.6702567180731],[-38.3217929336969,-12.671149016414],[-38.3210196093674,-12.6721008004116],[-38.3212575546924,-12.6731120709653],[-38.3223877992575,-12.6745992339675],[-38.3219713933651,-12.6753725591962],[-38.3232800966991,-12.6769192087545],[-38.3242318806967,-12.6769786953105],[-38.3260759639345,-12.6759079382007],[-38.326849288264,-12.6762648566378],[-38.3280985050419,-12.6735284768577],[-38.3269682613761,-12.6719223407434],[-38.327801073161,-12.6710895289585],[-38.327920046273,-12.6702567180731],[-38.3253621252618,-12.6684721222906],[-38.3257785311543,-12.6660331752908],[-38.329169263051,-12.6665685542953],[-38.3297046420556,-12.6640701189408],[-38.3346631009213,-12.6646955110889],[-38.3297046420556,-12.6691264744072],[-38.3296451546001,-12.6698403121806],[-38.3322030756114,-12.6726361794161],[-38.3340471579499,-12.6712679886267],[-38.3322625621674,-12.6693049340754],[-38.3351774016157,-12.6671039324005],[-38.3363076461809,-12.6649029307257],[-38.3365455924051,-12.6627019290508],[-38.335474834396,-12.6625829559386],[-38.3354748343961,-12.6610363072797],[-38.3324410218356,-12.6607983610555],[-38.3330358873962,-12.6566937895867],[-38.3384491612997,-12.6572291685912],[-38.3389845394049,-12.653422030802],[-38.3373784032906,-12.653065112365],[-38.3374378898467,-12.6511615443698],[-38.3351179150597,-12.6510425703583],[-38.3346420226112,-12.6528271661407],[-38.3326194806045,-12.6525892199165],[-38.3329169142841,-12.6502097585735],[-38.328217478154,-12.6492579745758],[-38.327920046273,-12.6522917871362],[-38.3225662589257,-12.6510425703583],[-38.3226257445824,-12.6503287316856],[-38.3202462841386,-12.6499718132486],[-38.3203652572508,-12.6493174611319],[-38.3167960656858,-12.6489010561388],[-38.3157847951322,-12.6499718132486],[-38.3126320085603,-12.6496743795689],[-38.3108474127779,-12.6508641106901],[-38.3075756539932,-12.6511615443698],[-38.3069213018765,-12.6534815182574],[-38.3006752170875,-12.6528271661407],[-38.3005562439755,-12.653422030802],[-38.2988906222044,-12.6533625451453],[-38.2983552431999,-12.6550876543717],[-38.2979983238635,-12.6550876543717],[-38.2979388373075,-12.6562773845936],[-38.2996639456346,-12.6565748173739],[-38.2993665137536,-12.6581214669321],[-38.3000208658702,-12.6591327383851],[-38.3013890557603,-12.6599060627146],[-38.3019244338655,-12.6609173341676],[-38.3015675154285,-12.6628803887189],[-38.2990095953165,-12.662939875275],[-38.2977603776393,-12.6619286047213],[-38.2927040230722,-12.6617501450532],[-38.2919901852987,-12.6627019290508],[-38.2920572225627,-12.671044285865],[-38.2918712121867,-12.6730525853085]]]}},{"type":"Feature","properties":{"id":"1038","municipality":"2927408","density":"Densa","type":"Área urbanizada","state":"BA"},"geometry":{"type":"MultiPolygon","coordinates":[[[[-38.346128215045,-12.8425065720206],[-38.3477700425534,-12.8392229161046],[-38.3469134374052,-12.8387589207876],[-38.3452716089975,-12.8421853449776],[-38.346128215045,-12.8425065720206]]],[[[-38.3498401739848,-12.8367958662362],[-38.3496617143166,-12.8348685030789],[-38.3499472490663,-12.834618658824],[-38.3485552649135,-12.8341546644062],[-38.3480555782023,-12.8359749515827],[-38.3487694159757,-12.8363318709191],[-38.3482340378705,-12.8374740117162],[-38.3485909572068,-12.8390087650424],[-38.3498044816914,-12.8387232293935],[-38.3501257087344,-12.8381878512882],[-38.3496974057107,-12.8379736993267],[-38.3499115576722,-12.8375097040096],[-38.3502684770086,-12.8376524722837],[-38.3519459968103,-12.835653725439],[-38.3519459968103,-12.8344402000552],[-38.3509466233879,-12.8338691287572],[-38.3505183203641,-12.834261740387],[-38.3509466233879,-12.8345472751366],[-38.3502684770086,-12.8351183464345],[-38.3506253963449,-12.8356894168331],[-38.3498401739848,-12.8367958662362]]],[[[-38.3548727342892,-12.8403293664071],[-38.3551582690388,-12.8377952396585],[-38.355051193058,-12.8372955529474],[-38.3544444312654,-12.8371527846732],[-38.353302289569,-12.8382949263697],[-38.3526598345837,-12.8406505925508],[-38.3507324723257,-12.83986537109],[-38.3502684770086,-12.8404007491952],[-38.3510180070753,-12.8410788955745],[-38.3507324723257,-12.8418284256413],[-38.3496260220232,-12.8418284256413],[-38.3492334112928,-12.8422567286651],[-38.3494832546484,-12.8432561029868],[-38.3501614010278,-12.8436130223231],[-38.35037555209,-12.8430062587318],[-38.3510180070753,-12.8430776433186],[-38.3519816891036,-12.8412216629493],[-38.3525170672088,-12.8415071985983],[-38.3521958401659,-12.8429348750444],[-38.3527312191704,-12.8431133347126],[-38.3535878252179,-12.8414715072042],[-38.3549084256833,-12.8414715072042],[-38.3554081132938,-12.8424351892326],[-38.3543730466787,-12.8424708797273],[-38.3528356232654,-12.8439945866808],[-38.3534450569438,-12.8443982437839],[-38.355979182793,-12.8429705673378],[-38.3560862587738,-12.8436130223231],[-38.3549441179766,-12.8457188451486],[-38.3555151883752,-12.8463969906286],[-38.3565145617976,-12.8459329962108],[-38.3575853189073,-12.8466825262775],[-38.3579779296377,-12.8465754511961],[-38.358263466186,-12.845183466144],[-38.3594769906705,-12.8449693150818],[-38.3591914559209,-12.8437200974045],[-38.3608689757226,-12.8429348750444],[-38.361547122102,-12.8419355016221],[-38.3607618997418,-12.8409718195937],[-38.360619132367,-12.8400438298588],[-38.3592985310024,-12.8391515324173],[-38.3580850056185,-12.8397226028158],[-38.3582277738926,-12.840507825176],[-38.3576210112006,-12.8411145878679],[-38.3577637785755,-12.8394727603596],[-38.3565859463843,-12.8380450830142],[-38.3567287128598,-12.8376881636778],[-38.3575496266139,-12.8381521589949],[-38.3581920815992,-12.8359749515827],[-38.357014249408,-12.8356180331457],[-38.3560148750864,-12.8369743259044],[-38.3561219510672,-12.8374383203222],[-38.3548727342892,-12.8403293664071]],[[-38.3569071734272,-12.8414001226175],[-38.3562290270479,-12.8420068862088],[-38.3557650317308,-12.8416856582665],[-38.355979182793,-12.8412930466367],[-38.3548727342892,-12.8410075118871],[-38.3555508797692,-12.8406149011567],[-38.3569071734272,-12.8414001226175]]]]}},{"type":"Feature","properties":{"id":"1039","municipality":"2927408","density":"Densa","type":"Área urbanizada","state":"BA"},"geometry":{"type":"Polygon","coordinates":[[[-38.284939915045,-12.8467506364327],[-38.2858679047799,-12.8470004797883],[-38.2862962078037,-12.8477857021484],[-38.2859392893667,-12.8489992266329],[-38.2859035970733,-12.8479284704225],[-38.2844759197279,-12.8468220201201],[-38.2843331532524,-12.8462509497215],[-38.281656259129,-12.8466435613512],[-38.2818347187972,-12.847750009855],[-38.2827983999262,-12.8492847622819],[-38.2853682180688,-12.8492133785945],[-38.2851897592999,-12.8504982867665],[-38.2829054759069,-12.8497487566997],[-38.2842260772716,-12.8521401160734],[-38.2860106730541,-12.851033665771],[-38.2874740408942,-12.8508908992955],[-38.2876525005624,-12.8493918382627],[-38.2882949546484,-12.8491419949071],[-38.2880808035862,-12.8482853888596],[-38.2873669658128,-12.8484995399218],[-38.2871171215579,-12.8475358587928],[-38.287902343918,-12.8469290961008],[-38.2877595774425,-12.8454657273614],[-38.2848685322569,-12.8460011063659],[-38.284939915045,-12.8467506364327]]]}},{"type":"Feature","properties":{"id":"1040","municipality":"2927408","density":"Densa","type":"Área urbanizada","state":"BA"},"geometry":{"type":"MultiPolygon","coordinates":[[[[-38.33385019563,-12.8427921076696],[-38.3358132510807,-12.8421139612903],[-38.3361344781236,-12.8431847192993],[-38.3372766198201,-12.8431133347126],[-38.3379547661995,-12.8423281132518],[-38.3381547763218,-12.8427846621824],[-38.3370982186079,-12.8442909258855],[-38.3377621646921,-12.8451760197575],[-38.3387258458211,-12.8437840356047],[-38.3402249068539,-12.8442480309219],[-38.3409387446273,-12.842748969889],[-38.3402249068539,-12.8415354454044],[-38.3379028654248,-12.8414284890335],[-38.3378476902187,-12.8404721328826],[-38.3345640343027,-12.8405792088634],[-38.33385019563,-12.8427921076696]]],[[[-38.334844843115,-12.8333262179306],[-38.3354206403502,-12.8335479017143],[-38.3354563317443,-12.8323700686237],[-38.336205861811,-12.8322986849363],[-38.3366698571282,-12.8327269879601],[-38.337776305632,-12.8324414523111],[-38.3366341648348,-12.8300500938367],[-38.3359560193547,-12.8304783968605],[-38.3361344781236,-12.8311922346339],[-38.3348495690523,-12.8321559166622],[-38.334844843115,-12.8333262179306]]],[[[-38.3360630953355,-12.8359749515827],[-38.3359917107488,-12.8352968061027],[-38.335527716331,-12.8352968061027],[-38.3353492557635,-12.8359749515827],[-38.336170170417,-12.837545396303],[-38.3373480026082,-12.8381878512882],[-38.3382759932425,-12.837581087697],[-38.3379904575935,-12.8371527846732],[-38.3368126254023,-12.8373312452407],[-38.3364557060659,-12.836902942217],[-38.3368126254023,-12.8365103305873],[-38.3372766198201,-12.8367244816495],[-38.3382759932425,-12.835653725439],[-38.3373123121135,-12.8351183464345],[-38.3360630953355,-12.8359749515827]]]]}},{"type":"Feature","properties":{"id":"1041","municipality":"2927408","density":"Densa","type":"Área urbanizada","state":"BA"},"geometry":{"type":"Polygon","coordinates":[[[-38.5893167439725,-12.7162123372295],[-38.5887747756353,-12.7169877740665],[-38.5888937487475,-12.7175826387278],[-38.590575479175,-12.7200878837488],[-38.5932404752677,-12.7224673450918],[-38.5937843519662,-12.7224480402448],[-38.5946705313199,-12.7241002504262],[-38.5952772931125,-12.7254922345789],[-38.5949816499831,-12.7268533441065],[-38.5953344009618,-12.7287729173363],[-38.5961695905541,-12.7310958661812],[-38.596842885091,-12.7307317936373],[-38.5976526247688,-12.7326436812608],[-38.5985449231097,-12.7323759908592],[-38.5991320203264,-12.7333087640881],[-38.599381863682,-12.7353075118322],[-38.6002384697296,-12.7352004358514],[-38.6004883130851,-12.7345222885727],[-38.6037362767078,-12.7347721328276],[-38.6039861209626,-12.7340582950543],[-38.603307973684,-12.7338441430927],[-38.6010593843831,-12.7342724461165],[-38.6010236920896,-12.7339155267801],[-38.6003098543163,-12.7339512190734],[-38.6011664585652,-12.7319881627235],[-38.601987374118,-12.7328090782763],[-38.6028796706602,-12.7322380069784],[-38.6044858076738,-12.7320952387042],[-38.6040575046501,-12.7315598596997],[-38.6019159904306,-12.7317740116613],[-38.6011307680704,-12.7313457086375],[-38.6011307680704,-12.7307746382389],[-38.6014876874068,-12.7308817142197],[-38.6018802981372,-12.7300607995662],[-38.6013449191327,-12.7290614261439],[-38.6006667727533,-12.728561740332],[-38.5998458589992,-12.7286688154135],[-38.5989178692642,-12.7273839063422],[-38.599024945245,-12.7270269870058],[-38.6003098543163,-12.7279549767408],[-38.6007024650467,-12.7275980583037],[-38.6013092268393,-12.725956229896],[-38.6009523084023,-12.7252423921227],[-38.6000957023547,-12.7270626792992],[-38.5995603233502,-12.7268128359436],[-38.599346172288,-12.7259919221894],[-38.5977400361737,-12.7250996238485],[-38.5971332725824,-12.7238860993639],[-38.5985966422212,-12.7233507203594],[-38.5990963280331,-12.7252066998293],[-38.5999529340806,-12.7236362551091],[-38.6005240053785,-12.7239931744454],[-38.6006310813593,-12.7233150280661],[-38.6002384697295,-12.7229224173357],[-38.6011664585652,-12.7209236695916],[-38.6006310813593,-12.7204596751738],[-38.6003098543163,-12.7211735129473],[-38.5994532482687,-12.7211021292598],[-38.5993104799946,-12.7214947399902],[-38.5998815512925,-12.7218159679325],[-38.5989892529516,-12.7226011902927],[-38.5984181816537,-12.7222085786629],[-38.5974901919188,-12.7222799632497],[-38.5971332725824,-12.7224941143119],[-38.5973117331499,-12.7229938010231],[-38.5965265107898,-12.7229938010231],[-38.5955985210549,-12.7225654979993],[-38.5954914450741,-12.7236719474024],[-38.5948489900888,-12.7234221040468],[-38.594258756936,-12.7224711726065],[-38.5956003403834,-12.7219658489447],[-38.5949459882667,-12.7192294691647],[-38.5953029067038,-12.7188725498283],[-38.5932208790403,-12.7147084927028],[-38.5901183843559,-12.7151175637246],[-38.5894595113473,-12.7140351298173],[-38.5889241332421,-12.7148917358649],[-38.5893167439725,-12.7162123372295]]]}},{"type":"Feature","properties":{"id":"1042","municipality":"2927408","density":"Densa","type":"Área urbanizada","state":"BA"},"geometry":{"type":"Polygon","coordinates":[[[-37.9646481759725,-12.4718386556294],[-37.9642020268021,-12.4715709670265],[-37.9632502419051,-12.4722550624212],[-37.9631610129703,-12.4729986425733],[-37.9672655826405,-12.4768355236404],[-37.9685445426965,-12.4754970770284],[-37.9719270430985,-12.4735556979371],[-37.9721947326008,-12.472484939928],[-37.9702267992274,-12.4691330731328],[-37.9686635158085,-12.4690427892933],[-37.9646481759725,-12.4718386556294]]]}},{"type":"Feature","properties":{"id":"1043","municipality":"2927408","density":"Densa","type":"Área urbanizada","state":"BA"},"geometry":{"type":"MultiPolygon","coordinates":[[[[-38.1764359583527,-12.7543941176944],[-38.1780064021737,-12.7535018202528],[-38.1774710240684,-12.7518956841384],[-38.1746513616709,-12.7516101493888],[-38.1747941299451,-12.7535018202528],[-38.1764359583527,-12.7543941176944]]],[[[-38.1778016112553,-12.7569666158166],[-38.1774662882386,-12.7566219776221],[-38.1762289452096,-12.7568092713308],[-38.1749725896133,-12.757749158197],[-38.1847878659672,-12.7679570461807],[-38.1854660132458,-12.770241327775],[-38.186286927,-12.769920100732],[-38.1866438463364,-12.770241327775],[-38.1862512347067,-12.7706696307987],[-38.1868223051052,-12.7712407020967],[-38.1875004523839,-12.7711336261159],[-38.1883927498255,-12.7721330004376],[-38.1881393370607,-12.7727112087553],[-38.189424246132,-12.7732108963658],[-38.190352235867,-12.7726398250678],[-38.1898168568624,-12.7721044460633],[-38.1907448465973,-12.7716761430395],[-38.1928863617162,-12.7738176581583],[-38.1936002003889,-12.7733179714472],[-38.1894385462519,-12.7688255232793],[-38.1900345782332,-12.7683496569111],[-38.1913194873044,-12.7693847217275],[-38.1933539264425,-12.7685638079733],[-38.1937465371729,-12.7688136522282],[-38.1941034556099,-12.7680284289688],[-38.1919262490971,-12.7650303087017],[-38.1929256234187,-12.7644592383032],[-38.192854238832,-12.7634598639815],[-38.190213037002,-12.7635669399623],[-38.1894278146419,-12.7649946173077],[-38.1895348906227,-12.7660653744175],[-38.1890352039115,-12.7653515357448],[-38.1886425931811,-12.7656370713937],[-38.1877146034461,-12.7648518490336],[-38.1881429055706,-12.7644592383032],[-38.1889638202241,-12.7648875413269],[-38.1893564309545,-12.7634241716882],[-38.1901059619205,-12.7628174098955],[-38.1939249968411,-12.7629244858763],[-38.1942819161774,-12.7626389502273],[-38.1938536131537,-12.7597479050418],[-38.1910339507562,-12.7606045110893],[-38.1912481027177,-12.7610685064064],[-38.1907841082999,-12.7614254248434],[-38.1897490416849,-12.7614968094302],[-38.1892136635797,-12.7611041978004],[-38.1871792253409,-12.7617823441798],[-38.1869650733794,-12.7613897334494],[-38.1875004523839,-12.761032814113],[-38.1864653857689,-12.7600691320847],[-38.1839505863504,-12.7611351893375],[-38.1817183620128,-12.759640829061],[-38.1815042100512,-12.7586414556386],[-38.1820395890557,-12.7578919255719],[-38.1814328263638,-12.756963935837],[-38.1811115993208,-12.7550008803863],[-38.1818254370942,-12.7545011936751],[-38.1808974482586,-12.753680279921],[-38.1788986996153,-12.7549651889922],[-38.1783990129041,-12.7564642491258],[-38.1778016112553,-12.7569666158166]]]]}},{"type":"Feature","properties":{"id":"1044","municipality":"2927408","density":"Densa","type":"Área urbanizada","state":"BA"},"geometry":{"type":"Polygon","coordinates":[[[-38.6087331447188,-12.7329161533577],[-38.607983614652,-12.7322380069784],[-38.6072340845853,-12.7332016890067],[-38.6065916313986,-12.7367351882783],[-38.6054137974088,-12.735450279207],[-38.6043787316931,-12.7371634913021],[-38.6031295149151,-12.736521037216],[-38.5999172417872,-12.7370564153213],[-38.5991928495703,-12.7393547065544],[-38.599240438995,-12.7413058648737],[-38.6035234692327,-12.74087756185],[-38.6075209629221,-12.7417341678975],[-38.6131232509372,-12.7446231005756],[-38.6167281338962,-12.7470858436367],[-38.6179905913926,-12.7487297836526],[-38.6206555883846,-12.750109870674],[-38.6223687995804,-12.7493008540511],[-38.6225115669552,-12.7485870162777],[-38.6214646050075,-12.7470641609822],[-38.6210825478213,-12.7389123947912],[-38.6207613207783,-12.7389480870845],[-38.6202616340671,-12.7408040656551],[-38.6190860672681,-12.7400025439822],[-38.6199417488126,-12.7388788150052],[-38.6204176421604,-12.7388788150052],[-38.6207983548601,-12.7376890847834],[-38.6188471974401,-12.7374035491345],[-38.6185616617912,-12.7381649772319],[-38.6170135058685,-12.7386335680847],[-38.6137020725926,-12.7376895560282],[-38.6133730942928,-12.7361284255864],[-38.6141226252589,-12.7359499659182],[-38.6139084732974,-12.735129052164],[-38.6142653917344,-12.7347721328276],[-38.6131589432306,-12.7349862838898],[-38.6130161749564,-12.7344509057846],[-38.6140155492781,-12.7342010624291],[-38.6131589432306,-12.7335229160497],[-38.6136586299418,-12.7327376936895],[-38.6127306402068,-12.7325949263147],[-38.6126592556201,-12.7343795220972],[-38.611470868086,-12.7335012333952],[-38.6103749740258,-12.7336656834245],[-38.6101608220642,-12.7330946130259],[-38.6107675847562,-12.7313457086375],[-38.6100537460834,-12.7307746382389],[-38.6089472966803,-12.732166623291],[-38.6087331447188,-12.7329161533577]]]}},{"type":"Feature","properties":{"id":"1045","municipality":"2927408","density":"Densa","type":"Área urbanizada","state":"BA"},"geometry":{"type":"MultiPolygon","coordinates":[[[[-38.523831317761,-12.7301130420832],[-38.524592652329,-12.7309849024313],[-38.5258047199118,-12.7298911496568],[-38.5271967049639,-12.7314259020837],[-38.5284102303478,-12.7318185128141],[-38.5310871226725,-12.7316757463386],[-38.5324800529121,-12.7322833849702],[-38.5322649566624,-12.7296769976953],[-38.5301948261303,-12.7306763720169],[-38.5287671487848,-12.7306049883295],[-38.5275536243002,-12.7299625342435],[-38.526589942272,-12.7253582769629],[-38.5257946214246,-12.7256917689599],[-38.5261259469548,-12.7269287207838],[-38.5258761035993,-12.7286776251722],[-38.5246349177672,-12.7293292136722],[-38.523831317761,-12.7301130420832]]],[[[-38.5193444831613,-12.7206469437015],[-38.5205518562831,-12.7205801960192],[-38.5205223171512,-12.7217890853979],[-38.5187521860645,-12.7233478946895],[-38.5197893103283,-12.7236709167793],[-38.521022002963,-12.7226456914455],[-38.5221998369529,-12.7225743068588],[-38.5250551898451,-12.7237164485552],[-38.5258047199118,-12.7227170751329],[-38.5237795428915,-12.7214254814008],[-38.5233776700434,-12.7222173884217],[-38.5221284532654,-12.7217177008112],[-38.5225567562893,-12.7166137568194],[-38.5223183334243,-12.7134410115934],[-38.5217001502417,-12.7120451918321],[-38.5204152411704,-12.7127233391108],[-38.5213075386119,-12.7153645400414],[-38.5207879768836,-12.7194220895577],[-38.5192731003733,-12.7199687973221],[-38.5193444831613,-12.7206469437015]]]]}},{"type":"Feature","properties":{"id":"1046","municipality":"2927408","density":"Densa","type":"Área urbanizada","state":"BA"},"geometry":{"type":"Polygon","coordinates":[[[-38.1642277416169,-12.7106530655865],[-38.1642634339103,-12.7111527522976],[-38.1633711355694,-12.711224135985],[-38.1632283681946,-12.7142222571514],[-38.1655840352749,-12.7137939541277],[-38.1651557322512,-12.7104746059183],[-38.1642277416169,-12.7106530655865]]]}},{"type":"Feature","properties":{"id":"1047","municipality":"2927408","density":"Densa","type":"Área urbanizada","state":"BA"},"geometry":{"type":"MultiPolygon","coordinates":[[[[-38.0857228993922,-12.6575029258193],[-38.0864367371656,-12.6571460073823],[-38.0860798178293,-12.6556112549554],[-38.0853302877625,-12.6556112549554],[-38.0853659800559,-12.656539243791],[-38.0857228993922,-12.6575029258193]]],[[[-38.0780491372578,-12.6504359272762],[-38.0786915913438,-12.6501503916272],[-38.0792983540358,-12.6507214620258],[-38.0790842029735,-12.6511140727562],[-38.0796552733721,-12.6516494517608],[-38.0802977283574,-12.6512925333237],[-38.0807260313812,-12.6518992951163],[-38.0801906523767,-12.6523632904335],[-38.0804404948329,-12.6527202097698],[-38.0819038635724,-12.652898669438],[-38.0821893992214,-12.6536838908988],[-38.0843820201141,-12.6550185873379],[-38.0855801311181,-12.6543263458841],[-38.0821180146346,-12.6500433156464],[-38.0732770368057,-12.6418784643196],[-38.0716462718579,-12.6413297834427],[-38.0701969163546,-12.6395142006198],[-38.0683409359854,-12.6396212766006],[-38.06838382263801,-12.640500454871503],[-38.073230628483245,-12.645996732699997],[-38.0739088752943,-12.6460815133511],[-38.0780491372578,-12.6504359272762]]]]}},{"type":"Feature","properties":{"id":"1048","municipality":"2927408","density":"Densa","type":"Área urbanizada","state":"BA"},"geometry":{"type":"MultiPolygon","coordinates":[[[[-38.0073255711181,-12.5467476800613],[-38.0064689650706,-12.5464621453117],[-38.006219121715,-12.5468547560422],[-38.007504029887,-12.5478184380704],[-38.0082178685598,-12.5475685938155],[-38.009467086237,-12.5497101089343],[-38.008432019622,-12.5498885686025],[-38.0079680252042,-12.5491747299298],[-38.0078252578293,-12.5498528772085],[-38.0071828028441,-12.5501027196647],[-38.0085034042087,-12.5505667149819],[-38.0101452317171,-12.5502811802322],[-38.0106092270341,-12.550709483256],[-38.0101809240104,-12.5512805527553],[-38.0108947617838,-12.5524226953511],[-38.0139999589309,-12.5533506841867],[-38.0143925696613,-12.5540645228594],[-38.0131790451767,-12.5555278906995],[-38.0133773043191,-12.5574998188615],[-38.014701899573,-12.5573791118565],[-38.0146305158855,-12.5566890683458],[-38.0163371944059,-12.5571353542132],[-38.0159630143816,-12.5553851242241],[-38.0151777920215,-12.5549568212003],[-38.0144996456421,-12.5527082301007],[-38.0159273220882,-12.5542072902342],[-38.0168553118231,-12.5541002151528],[-38.0168196204291,-12.5526725378073],[-38.0132504288642,-12.5514947047168],[-38.0125302922391,-12.5506129050615],[-38.0115729090625,-12.5507808669434],[-38.0108233789957,-12.549317498204],[-38.009824004674,-12.5493888818913],[-38.0090005476371,-12.546183281733],[-38.0073255711181,-12.5467476800613]]],[[[-38.0139285752435,-12.5501027196647],[-38.0135002722197,-12.5494602655788],[-38.012659222645,-12.5503980201524],[-38.0146424130169,-12.5510664016931],[-38.015142099728,-12.5495316501655],[-38.0146424130169,-12.549317498204],[-38.0143568782673,-12.5499599531892],[-38.0139285752435,-12.5501027196647]]],[[[-38.0156060950452,-12.5613099819701],[-38.0178903784381,-12.5611672136959],[-38.018068837207,-12.5600964556868],[-38.0166411607609,-12.5592398496393],[-38.016298548739,-12.5578116318013],[-38.0142260080238,-12.5576884417681],[-38.0133575048449,-12.5581334011356],[-38.0138571906568,-12.5597752286439],[-38.0156060950452,-12.5613099819701]]],[[[-38.0060763543402,-12.5449273928848],[-38.0066474247388,-12.5446061649426],[-38.0072184951374,-12.5448203169041],[-38.0066474247388,-12.5453556959086],[-38.0070400363685,-12.5459624577012],[-38.0082566059576,-12.5457361190266],[-38.0099310806548,-12.5443563215869],[-38.0097526209866,-12.5426788017852],[-38.0087175561702,-12.5399662162678],[-38.0075397221804,-12.5392880698885],[-38.0071114191566,-12.5380388531106],[-38.0058622023787,-12.5381459290913],[-38.0058978937727,-12.5388954591581],[-38.0066117333447,-12.5394308381626],[-38.0061120457343,-12.5399662162678],[-38.0063618890899,-12.5413582013199],[-38.0056123590231,-12.5427144940786],[-38.0059692783595,-12.5437138666016],[-38.005433899355,-12.5441064782314],[-38.0060763543402,-12.5449273928848]]]]}},{"type":"Feature","properties":{"id":"1049","municipality":"2927408","density":"Densa","type":"Área urbanizada","state":"BA"},"geometry":{"type":"Polygon","coordinates":[[[-38.6231434962753,-12.7827226389386],[-38.6235361070057,-12.7825441801697],[-38.623571799299,-12.7812949633918],[-38.624214253385,-12.7812592710985],[-38.624535480428,-12.7819017251844],[-38.6251779354133,-12.7815448058481],[-38.6245354804281,-12.7806168161132],[-38.6227151932515,-12.7806881998005],[-38.6231434962753,-12.7827226389386]]]}},{"type":"Feature","properties":{"id":"1050","municipality":"2927408","density":"Densa","type":"Vazio intraurbano","state":"BA"},"geometry":{"type":"Polygon","coordinates":[[[-38.4208544342846,-12.8324929708739],[-38.4213303258338,-12.8322455071244],[-38.4207973273348,-12.8304371161799],[-38.4215397185831,-12.830094473581],[-38.4214064687335,-12.8296756889818],[-38.4195600076882,-12.8303419382298],[-38.4190650801893,-12.8291807605836],[-38.4195980786884,-12.8289523327839],[-38.419445792889,-12.828609690185],[-38.4189318303397,-12.8287048690344],[-38.4180371523926,-12.8265728723401],[-38.4172947611443,-12.8268774430395],[-38.4162097263977,-12.8247454463452],[-38.4156196200494,-12.8256020523928],[-38.4166094759465,-12.8272010487893],[-38.4174851179438,-12.8277530841375],[-38.4171805472444,-12.8280766907866],[-38.4160193695982,-12.8278863339871],[-38.4152579424001,-12.8264205856415],[-38.4138873720046,-12.8259446940923],[-38.4136399091544,-12.8264586566417],[-38.4155054061495,-12.8281909046864],[-38.4154292632498,-12.8290094397338],[-38.4149533708014,-12.8296376170823],[-38.4140015868037,-12.8293711182824],[-38.4138493010044,-12.8301325445812],[-38.412878481057,-12.8303609741795],[-38.4128404100568,-12.8309701155784],[-38.4142680856036,-12.8312175793278],[-38.4150104777513,-12.8305703660295],[-38.4155434771497,-12.8306465089292],[-38.415695762949,-12.8320361143751],[-38.4167046538966,-12.8331592201219],[-38.4166094759465,-12.8337493255709],[-38.4172947611443,-12.8348914672674],[-38.4179229375934,-12.8353673588165],[-38.4186082227912,-12.8352341098662],[-38.41885568744,-12.8359765011146],[-38.4201691499862,-12.8350437530667],[-38.4205688986357,-12.8357480733149],[-38.4213493617836,-12.8353483237661],[-38.4208544342846,-12.8324929708739]]]}},{"type":"Feature","properties":{"id":"1051","municipality":"2927408","density":"Densa","type":"Área urbanizada","state":"BA"},"geometry":{"type":"Polygon","coordinates":[[[-38.2921451951446,-12.5728552715535],[-38.2904319839488,-12.5736404939136],[-38.2901464482999,-12.574354331687],[-38.2929304184041,-12.5774238374401],[-38.2936085638841,-12.5768884584356],[-38.2926091895624,-12.5757463167391],[-38.2937156398648,-12.5751395540471],[-38.2921451951446,-12.5728552715535]]]}},{"type":"Feature","properties":{"id":"1052","municipality":"2927408","density":"Densa","type":"Outros equipamentos urbanos","state":"BA"},"geometry":{"type":"Polygon","coordinates":[[[-38.4874319504241,-12.7124732394484],[-38.4866110357707,-12.7112240217712],[-38.4859685816846,-12.7111883303771],[-38.4847550572,-12.7135796888515],[-38.4841482936088,-12.7134012291833],[-38.4839341416473,-12.7123304720736],[-38.4845765966325,-12.7121520124054],[-38.4850048996563,-12.7114381737327],[-38.4847550572001,-12.7103674157236],[-38.4840769099214,-12.7096892702436],[-38.4825064661005,-12.7101532646614],[-38.4830723330217,-12.7131910783056],[-38.4817926283271,-12.7134726128708],[-38.4796154209149,-12.7120806278187],[-38.4796154209149,-12.7110455630023],[-38.4785446629058,-12.7102603406422],[-38.4775809817768,-12.7101889569548],[-38.4775452903828,-12.7126516991166],[-38.4751896233024,-12.7116880170883],[-38.4734050284193,-12.7122233960928],[-38.4716204317375,-12.7141507592501],[-38.4726554965539,-12.7162565820756],[-38.4748683962594,-12.7153642837347],[-38.4762246890181,-12.7137581476203],[-38.4771883710465,-12.7135796888515],[-38.4785446629058,-12.713686763933],[-38.4793298852659,-12.7142221429375],[-38.480721870318,-12.7135796888515],[-38.4816855523463,-12.7140793755627],[-38.4819353948026,-12.7147932142354],[-38.4832559961672,-12.7144719871924],[-38.4834793625825,-12.7138856481041],[-38.4871107233811,-12.7150430566917],[-38.4887525508894,-12.7145433699805],[-38.4892165462066,-12.7137224562263],[-38.4919648231181,-12.7130086175536],[-38.4923574338484,-12.7141507592501],[-38.4920005154114,-12.7150430566917],[-38.4897162329178,-12.7154713597154],[-38.4903229947104,-12.7170061130417],[-38.4917149797624,-12.7165421177245],[-38.4922146673729,-12.7175771834402],[-38.4949986356784,-12.7167205773927],[-38.4951414039526,-12.7152215172592],[-38.4942491056117,-12.713686763933],[-38.4967475400669,-12.7126516991166],[-38.4963549293365,-12.7117594007757],[-38.4936423429198,-12.7125803154292],[-38.4915008278009,-12.7069766838268],[-38.4878245611545,-12.7082615928982],[-38.4882528641783,-12.7101175732673],[-38.4873962581308,-12.7107243359593],[-38.488038713116,-12.7122590883862],[-38.4874319504241,-12.7124732394484]]]}},{"type":"Feature","properties":{"id":"1053","municipality":"2927408","density":"Densa","type":"Área urbanizada","state":"BA"},"geometry":{"type":"Polygon","coordinates":[[[-38.639728603692,-12.8130508486177],[-38.6408707462879,-12.8141216057275],[-38.6409778213693,-12.8129794649303],[-38.639692912298,-12.8124083936324],[-38.6384080032268,-12.8124083936324],[-38.6384793869141,-12.8134077679541],[-38.639728603692,-12.8130508486177]]]}},{"type":"Feature","properties":{"id":"1055","municipality":"2927408","density":"Densa","type":"Área urbanizada","state":"BA"},"geometry":{"type":"Polygon","coordinates":[[[-38.6199110954207,-12.6454910931394],[-38.6195898683777,-12.6441348003807],[-38.6213744632608,-12.6431711192517],[-38.6220169182461,-12.6416363659255],[-38.6213030786741,-12.639780387355],[-38.6214458469482,-12.6387810130333],[-38.6208033928623,-12.6379957906731],[-38.6187332623301,-12.6373890279812],[-38.6183763420944,-12.637496103962],[-38.6186261863494,-12.6394234671193],[-38.6202680138577,-12.6408511435654],[-38.6209818516311,-12.6407440675846],[-38.620624933194,-12.6418148255937],[-38.6193400241228,-12.6418505178871],[-38.6185548017626,-12.642492971973],[-38.6188046451183,-12.6459550875572],[-38.6199110954207,-12.6454910931394]]]}},{"type":"Feature","properties":{"id":"1056","municipality":"2927408","density":"Densa","type":"Área urbanizada","state":"BA"},"geometry":{"type":"Polygon","coordinates":[[[-38.1573392018427,-12.7122235103067],[-38.1561970610455,-12.7130444240609],[-38.1568395151315,-12.7141865648581],[-38.1575176624101,-12.7139367224018],[-38.1595521006489,-12.7151502468864],[-38.1601945547349,-12.7149717872182],[-38.1603016307157,-12.7138653378151],[-38.1593379495866,-12.7137225704402],[-38.1583742675584,-12.7121164343259],[-38.1577461981285,-12.7122110466025],[-38.1574819701168,-12.7112598282784],[-38.1571607430738,-12.7114025956532],[-38.1573392018427,-12.7122235103067]]]}},{"type":"Feature","properties":{"id":"1057","municipality":"2927408","density":"Densa","type":"Área urbanizada","state":"BA"},"geometry":{"type":"Polygon","coordinates":[[[-37.9014533571867,-12.402447488161],[-37.9010250541629,-12.4034825538767],[-37.9022742709408,-12.4039822405879],[-37.9026668816712,-12.4049102303228],[-37.9023099632342,-12.405409917034],[-37.9038447147618,-12.407729891821],[-37.905093932439,-12.4088720326182],[-37.9058077711117,-12.4089077249116],[-37.9061289981547,-12.4094787962094],[-37.9059505375872,-12.4106566293],[-37.9079135939372,-12.4120129220586],[-37.9089843510469,-12.4139045929226],[-37.9098409570945,-12.4137975169418],[-37.9100907995507,-12.4112990833859],[-37.9084846643357,-12.4104781687325],[-37.9083418969609,-12.4082295794315],[-37.9074852909134,-12.4075514321528],[-37.9070212955963,-12.4063022153749],[-37.9064145329043,-12.4060523720193],[-37.9054151603813,-12.4070517454417],[-37.9050225487516,-12.4043034676309],[-37.9026311902772,-12.402126261118],[-37.9014533571867,-12.402447488161]]]}},{"type":"Feature","properties":{"id":"1058","municipality":"2927408","density":"Densa","type":"Área urbanizada","state":"BA"},"geometry":{"type":"Polygon","coordinates":[[[-38.4330538079868,-12.9456657957398],[-38.4322864317734,-12.943926409776],[-38.4327724361989,-12.9434148259334],[-38.4320817982364,-12.9429799803418],[-38.4305470458095,-12.9435171427019],[-38.4342304512743,-12.9478656076117],[-38.4332328621069,-12.9489143547137],[-38.4330026491529,-12.9506793200945],[-38.4334119171262,-12.9509606918824],[-38.4320562188194,-12.9531860831711],[-38.4329003323844,-12.9536465081798],[-38.4346141389313,-12.9503467912713],[-38.4351257227738,-12.9519582810498],[-38.4359698372381,-12.9517280680958],[-38.4355861486818,-12.9509095330485],[-38.436020996072,-12.9501165783174],[-38.4352536189593,-12.9486585632421],[-38.4358675195703,-12.9480190832141],[-38.4348699313022,-12.9468424399266],[-38.4354838319132,-12.9462541178332],[-38.4344862427459,-12.9452053698319],[-38.4330538079868,-12.9456657957398]]]}},{"type":"Feature","properties":{"id":"1059","municipality":"2927408","density":"Densa","type":"Outros equipamentos urbanos","state":"BA"},"geometry":{"type":"Polygon","coordinates":[[[-38.4831180617491,-12.7279366125845],[-38.4818688449712,-12.72740123358],[-38.4812442361326,-12.7279960991406],[-38.4800247617333,-12.7275796941475],[-38.4798165596864,-12.7281448164301],[-38.4793704114153,-12.7279366125845],[-38.4787755449554,-12.7295724919769],[-38.4807386013053,-12.7301078709814],[-38.4806196281933,-12.730672993264],[-38.4825231961885,-12.7311786280912],[-38.482999088637,-12.7299294113132],[-38.4826124260226,-12.7296319794323],[-38.4831180617491,-12.7279366125845]]]}},{"type":"Feature","properties":{"id":"1060","municipality":"2927408","density":"Densa","type":"Área urbanizada","state":"BA"},"geometry":{"type":"Polygon","coordinates":[[[-38.2725569960085,-12.6334870935545],[-38.2704452241677,-12.6329517154493],[-38.2676196136542,-12.6294122671624],[-38.2645560578157,-12.6319107007182],[-38.2663109103202,-12.6340819591151],[-38.2649724637082,-12.6354501490051],[-38.2657160447596,-12.636639879227],[-38.2673221808739,-12.6374429477338],[-38.2712780350532,-12.6377106372361],[-38.2732410914032,-12.6370860283975],[-38.2739251858986,-12.6357178376081],[-38.2757990106158,-12.6349147700006],[-38.2754718345575,-12.6338142696128],[-38.2744010783471,-12.6332788906083],[-38.2725569960085,-12.6334870935545]]]}},{"type":"Feature","properties":{"id":"1061","municipality":"2927408","density":"Densa","type":"Área urbanizada","state":"BA"},"geometry":{"type":"Polygon","coordinates":[[[-38.2732151207812,-12.8636186345923],[-38.2730366620123,-12.8643324741643],[-38.2738575757664,-12.8653675389807],[-38.2744286461651,-12.8650820042311],[-38.2746071058332,-12.8654032312741],[-38.2730723543057,-12.8667952163261],[-38.2746427981266,-12.8673662867247],[-38.2762489342409,-12.8664739892831],[-38.2763917016157,-12.866009993966],[-38.2755707878615,-12.8649035436636],[-38.2768200046394,-12.8657244583171],[-38.2769270797209,-12.8653318466874],[-38.2757492466304,-12.8642253981835],[-38.2732151207812,-12.8636186345923]]]}},{"type":"Feature","properties":{"id":"1062","municipality":"2927408","density":"Densa","type":"Área urbanizada","state":"BA"},"geometry":{"type":"Polygon","coordinates":[[[-38.2653974023682,-12.8019786977587],[-38.2648977147577,-12.8030494557677],[-38.2659684727668,-12.8057620412851],[-38.2678244522366,-12.8054765056362],[-38.2681099878856,-12.8034777587915],[-38.2663967757906,-12.8022642334076],[-38.2653974023682,-12.8019786977587]]]}},{"type":"Feature","properties":{"id":"1063","municipality":"2927408","density":"Densa","type":"Área urbanizada","state":"BA"},"geometry":{"type":"Polygon","coordinates":[[[-38.6158258548792,-12.4953246469149],[-38.6130299876438,-12.4965143780361],[-38.6128515279756,-12.4971092426973],[-38.6135058800922,-12.4973471889216],[-38.6158258548792,-12.4961574586997],[-38.6186217212154,-12.4953841343703],[-38.6183837749912,-12.4947892688097],[-38.6158258548792,-12.4953246469149]]]}},{"type":"Feature","properties":{"id":"1064","municipality":"2927408","density":"Densa","type":"Área urbanizada","state":"BA"},"geometry":{"type":"Polygon","coordinates":[[[-38.1301855072553,-12.6788157584405],[-38.129858331197,-12.6794403672791],[-38.1305126833137,-12.6800947193958],[-38.131196777809,-12.6795890827699],[-38.1316429269794,-12.6809870168373],[-38.1327434282666,-12.680689584057],[-38.1324459945869,-12.6800054886624],[-38.1328326572013,-12.6795295971132],[-38.1312562652643,-12.6784290958261],[-38.1301855072553,-12.6788157584405]]]}},{"type":"Feature","properties":{"id":"1065","municipality":"2927408","density":"Densa","type":"Área urbanizada","state":"BA"},"geometry":{"type":"Polygon","coordinates":[[[-38.4395399569034,-12.7906024762232],[-38.4388261182307,-12.7905727320459],[-38.4382609959482,-12.7933983416601],[-38.4388261182307,-12.7935173147722],[-38.4390640653543,-12.7930711656018],[-38.4405214841791,-12.7940824370548],[-38.4406702005692,-12.7949449921176],[-38.4402835379549,-12.7955398567789],[-38.4406999438473,-12.7958075471805],[-38.4414137816206,-12.7948855046623],[-38.4425737685645,-12.7955993442343],[-38.4418004451344,-12.7975623987856],[-38.4412353228518,-12.7977111151758],[-38.4410271199057,-12.7971162496152],[-38.4406702005692,-12.7972649660054],[-38.4404322552443,-12.7989305886757],[-38.4412055786745,-12.7997336571825],[-38.4430794051904,-12.800179806353],[-38.4440609333653,-12.8011018470725],[-38.4453101501433,-12.8007746710142],[-38.4452506626879,-12.8002095487316],[-38.4439419602532,-12.8004474949559],[-38.4424547963517,-12.7992280223553],[-38.442365567417,-12.7986926433508],[-38.4434660669054,-12.7983654672925],[-38.4436742698516,-12.7976516286198],[-38.4448342567954,-12.7975029122296],[-38.4445963105712,-12.7970567639584],[-38.4431686350245,-12.7972649660054],[-38.4429009446229,-12.7966998437228],[-38.4444178518024,-12.7942311543442],[-38.4446557980266,-12.7946178160593],[-38.4451911770312,-12.7944393563912],[-38.4443881094236,-12.7933983416601],[-38.4439419602532,-12.7933983416601],[-38.4432876081366,-12.7946475593374],[-38.4421276211927,-12.7934875723935],[-38.4424845396298,-12.7923870711064],[-38.441770700957,-12.7925060442185],[-38.441354295964,-12.7933983416601],[-38.4390640653543,-12.7922086123376],[-38.4395399569034,-12.7906024762232]]]}},{"type":"Feature","properties":{"id":"1066","municipality":"2927408","density":"Densa","type":"Área urbanizada","state":"BA"},"geometry":{"type":"Polygon","coordinates":[[[-37.952899587446,-12.481981108941],[-37.9531077903922,-12.4825164870462],[-37.9540000878337,-12.4826057168803],[-37.9537026550535,-12.482992380394],[-37.9545652101163,-12.4836764748894],[-37.9551600747776,-12.4851041513355],[-37.9558441701723,-12.4850446647794],[-37.9567067252352,-12.4834682719431],[-37.9576938498912,-12.4828924486276],[-37.9596133331887,-12.4832222579008],[-37.9611599818476,-12.4829545692979],[-37.961219469303,-12.4822109873471],[-37.9600892247379,-12.4813484322843],[-37.9599107650697,-12.4799504991162],[-37.9573640514098,-12.4781248951478],[-37.9550923567268,-12.4799504991162],[-37.9549138970586,-12.4809320272912],[-37.9542082907799,-12.4813267568243],[-37.9544462370042,-12.4818323916515],[-37.952899587446,-12.481981108941]]]}},{"type":"Feature","properties":{"id":"1067","municipality":"2927408","density":"Densa","type":"Área urbanizada","state":"BA"},"geometry":{"type":"Polygon","coordinates":[[[-38.4675173963108,-12.4280192959537],[-38.4668513188333,-12.4268385238787],[-38.4662155179317,-12.4269596292834],[-38.4663063467604,-12.4280192959537],[-38.4672449098247,-12.4287156491079],[-38.4679109873022,-12.4308349851464],[-38.4690009314478,-12.4307441563177],[-38.4692128638825,-12.4303202887503],[-38.468455959375,-12.429139515776],[-38.468637616133,-12.427746810367],[-38.4675173963108,-12.4280192959537]]]}},{"type":"Feature","properties":{"id":"1068","municipality":"2927408","density":"Densa","type":"Outros equipamentos urbanos","state":"BA"},"geometry":{"type":"Polygon","coordinates":[[[-38.3513441264303,-12.6209478102932],[-38.3484887726387,-12.620709864069],[-38.3482032378891,-12.620138792771],[-38.3464424372686,-12.6198056685967],[-38.3464424372687,-12.6190442413986],[-38.3472038635674,-12.6189490634485],[-38.3472514529921,-12.6172358513534],[-38.3466803825936,-12.6170930830793],[-38.3467279720182,-12.6162364770317],[-38.3447292251736,-12.6159033528574],[-38.3447292251736,-12.6153798709842],[-38.343206369878,-12.6152846930341],[-38.3429684227544,-12.6177593323273],[-38.3418262819573,-12.617806921752],[-38.3423973532552,-12.6210429891426],[-38.3432539593027,-12.6223278973146],[-38.3451099378733,-12.6231369139374],[-38.3485839505888,-12.6235652169611],[-38.3487743082877,-12.623089325412],[-38.3512489475808,-12.6231845033621],[-38.3513441264303,-12.6209478102932]]]}},{"type":"Feature","properties":{"id":"1069","municipality":"2927408","density":"Densa","type":"Outros equipamentos urbanos","state":"BA"},"geometry":{"type":"Polygon","coordinates":[[[-38.4388382779641,-12.8043047348756],[-38.4358877462225,-12.8053326617729],[-38.4364017096711,-12.8071791237176],[-38.4350501761247,-12.807940551815],[-38.4341935700771,-12.8063605895695],[-38.4324803579821,-12.807502731266],[-38.4337367126791,-12.8099392986597],[-38.4349359622248,-12.8106245838574],[-38.4362874948719,-12.8107387977573],[-38.4363636377717,-12.8077882660156],[-38.4420933804052,-12.8054849475722],[-38.441769773756,-12.8044379847251],[-38.4388382779641,-12.8043047348756]]]}},{"type":"Feature","properties":{"id":"1071","municipality":"2927408","density":"Densa","type":"Área urbanizada","state":"BA"},"geometry":{"type":"Polygon","coordinates":[[[-38.3528575388443,-12.6844426959736],[-38.3520544703375,-12.6840251002781],[-38.3521829609748,-12.6854063780019],[-38.3514762611205,-12.6862736913777],[-38.3506731926137,-12.6864664268841],[-38.3507695621655,-12.6876870910863],[-38.3499022478904,-12.687301618275],[-38.3500628623112,-12.6882653003033],[-38.3479106389648,-12.6893253500848],[-38.3482961117761,-12.6905138914029],[-38.3477500263426,-12.6911884683731],[-38.3488743209931,-12.6909957310681],[-38.3498058801372,-12.6926661129507],[-38.3515083840047,-12.6922163952704],[-38.3511550340775,-12.6901926625613],[-38.352472066033,-12.6892932272006],[-38.351636874642,-12.6876549682022],[-38.3534036251771,-12.6859203405512],[-38.3534999929303,-12.6845711866109],[-38.3550418841756,-12.6825474548011],[-38.3546242875807,-12.6823547192948],[-38.3528575388443,-12.6844426959736]]]}},{"type":"Feature","properties":{"id":"1072","municipality":"2927408","density":"Densa","type":"Área urbanizada","state":"BA"},"geometry":{"type":"MultiPolygon","coordinates":[[[[-38.1650123038747,-12.7327951432812],[-38.1654406068985,-12.7307963964365],[-38.1645840008509,-12.7306893195564],[-38.1642984661013,-12.7300111740764],[-38.1632277080922,-12.7300111740764],[-38.1634775523471,-12.7327951432812],[-38.1650123038747,-12.7327951432812]]],[[[-38.1585520680235,-12.7344012793955],[-38.1575170023078,-12.7352221931497],[-38.1589089873598,-12.7370067889321],[-38.1614074209157,-12.736542793615],[-38.1603009706133,-12.7340800523525],[-38.1607649659304,-12.7319028449403],[-38.1625547678882,-12.7320562566909],[-38.1616929556653,-12.727941042645],[-38.1611932689542,-12.7278339666642],[-38.1613360372283,-12.7258709112135],[-38.1603009706133,-12.7259779871943],[-38.1603009706133,-12.7264419816121],[-38.1598012848014,-12.7264776739055],[-38.1593372903836,-12.7311533148736],[-38.1585520680235,-12.7344012793955]]]]}},{"type":"Feature","properties":{"id":"1073","municipality":"2927408","density":"Densa","type":"Área urbanizada","state":"BA"},"geometry":{"type":"MultiPolygon","coordinates":[[[[-38.2337194002301,-12.8263496138436],[-38.2343440081694,-12.8263793571216],[-38.2345819543936,-12.8250706528883],[-38.2352363056109,-12.8247732210073],[-38.2368126993466,-12.8256060318928],[-38.2379257173979,-12.8251168141896],[-38.237639271635,-12.8248162553659],[-38.2382582219393,-12.8245531209298],[-38.2387936000446,-12.8233395946465],[-38.239935741741,-12.8225900645798],[-38.240828040082,-12.8231254435843],[-38.2414704941679,-12.8220546873739],[-38.2415775701487,-12.8212694641144],[-38.2398286657603,-12.8200202473365],[-38.2385794489824,-12.8214122323886],[-38.2365807021376,-12.8201273233173],[-38.2367948531999,-12.8193421009572],[-38.2363308578828,-12.8189851816208],[-38.2367948531999,-12.8183784189288],[-38.2370803879495,-12.8190922576015],[-38.2389006760253,-12.8194848692313],[-38.2393646713425,-12.8184141112222],[-38.238864983732,-12.8174504291939],[-38.2390791356935,-12.8160941373345],[-38.240578195827,-12.8153802977625],[-38.2401498928033,-12.8139526222157],[-38.2383296056267,-12.8125963285577],[-38.2389363683187,-12.8120609495531],[-38.2410064988508,-12.8133458586244],[-38.2413277258937,-12.8117754148035],[-38.2403283533708,-12.8114898800539],[-38.2401855850966,-12.8121323341399],[-38.2390434442995,-12.810312046064],[-38.2392575953617,-12.8097409756654],[-38.2398286657603,-12.8095982082906],[-38.2398643580536,-12.8090271369927],[-38.2377228429348,-12.8084560665941],[-38.2370090051614,-12.8101692786892],[-38.238222529646,-12.811240035799],[-38.2378656112089,-12.8119895658657],[-38.2361880914073,-12.8110258847368],[-38.2351887170856,-12.8127390968318],[-38.235260100773,-12.8133101672304],[-38.2343678033314,-12.8143095406528],[-38.2354028681478,-12.8158442930796],[-38.2345462629996,-12.8164153643775],[-38.2350816411048,-12.8167722828146],[-38.2347604140618,-12.8174147377999],[-38.2330472019668,-12.8186996459719],[-38.2317979851888,-12.8189137979334],[-38.2306915357857,-12.8182713438474],[-38.229335243027,-12.8187710296592],[-38.22765676144695,-12.821115967480843],[-38.228369474829115,-12.821924184456217],[-38.22883198519661,-12.82244867121295],[-38.2322500833746,-12.8204366532289],[-38.2326545912363,-12.8207221879786],[-38.2331066894221,-12.8201035281553],[-38.2327021797617,-12.8196038423434],[-38.2333684290098,-12.8189851816208],[-38.2339157051457,-12.8191755393196],[-38.2352482027423,-12.8183665217975],[-38.2357716846155,-12.8185806728597],[-38.2359858356777,-12.8193896903819],[-38.2355337392906,-12.8207935716659],[-38.2359620423144,-12.8212694641144],[-38.2358192740402,-12.822149865324],[-38.2351768199542,-12.8228161136727],[-38.2344629812815,-12.8226733462979],[-38.2342012407946,-12.8236251311948],[-38.2330115096734,-12.8226019626105],[-38.2334160193338,-12.8227447299852],[-38.234010883995,-12.8219357133625],[-38.2343440081694,-12.8220546873739],[-38.234915078568,-12.821459820914],[-38.2347485169305,-12.8211266967396],[-38.233891910883,-12.8214122323886],[-38.23298771631,-12.8225543731857],[-38.2327735643485,-12.8218881239377],[-38.231393477327,-12.821459820914],[-38.229229457978725,-12.82289940534787],[-38.23007788191786,-12.82386151809485],[-38.23069794804344,-12.824564673081264],[-38.2309056868479,-12.8244103526556],[-38.2312269138909,-12.8247315796986],[-38.23095141913882,-12.824852109303418],[-38.23188570951325,-12.825911594588025],[-38.233180050707674,-12.827379377502501],[-38.2340465762884,-12.8266767899019],[-38.2337194002301,-12.8263496138436]]],[[[-38.2429302925989,-12.8346967631451],[-38.2449290412423,-12.8328764750692],[-38.2438582832331,-12.8313417226423],[-38.2415418778554,-12.8328336448568],[-38.2425828916871,-12.8344397809711],[-38.242493661853,-12.8349454166976],[-38.2413931623645,-12.8353023360339],[-38.241214701797,-12.8344695242491],[-38.2394598492926,-12.8325659553545],[-38.2384783220169,-12.8329526179689],[-38.2384783220169,-12.8317331435697],[-38.2392813896244,-12.8316736579129],[-38.2370506446715,-12.8292049667358],[-38.2372588476177,-12.8289372772335],[-38.2368424417253,-12.8285208722404],[-38.2357716846155,-12.8284911289624],[-38.2372588476177,-12.8275690873435],[-38.2366639829564,-12.826795763014],[-38.2343737523467,-12.8267660188367],[-38.23336166475879,-12.827585327836463],[-38.245502576419135,-12.841353121659296],[-38.2462496408082,-12.8406216208911],[-38.2429302925989,-12.8346967631451]]]]}},{"type":"Feature","properties":{"id":"1074","municipality":"2927408","density":"Densa","type":"Área urbanizada","state":"BA"},"geometry":{"type":"Polygon","coordinates":[[[-38.3113937077534,-12.5203451613001],[-38.3110129941543,-12.5216300703714],[-38.3133448660727,-12.5230101582921],[-38.314058703846,-12.5241047096646],[-38.3181513772842,-12.5184891818302],[-38.3191983401313,-12.5178229325823],[-38.3191983401313,-12.5172518621836],[-38.3164857537145,-12.5154434721385],[-38.3113937077534,-12.5203451613001]]]}},{"type":"Feature","properties":{"id":"1075","municipality":"2927408","density":"Densa","type":"Vazio intraurbano","state":"BA"},"geometry":{"type":"Polygon","coordinates":[[[-38.3248236822671,-12.9009086068467],[-38.3234911837711,-12.9004327143982],[-38.3201599384304,-12.9003375364481],[-38.3183991369106,-12.9020507476438],[-38.316495568016,-12.9030977113902],[-38.315960226783,-12.9063418349077],[-38.3258587839556,-12.908292993227],[-38.3260967301799,-12.9071508506312],[-38.3224799500896,-12.9043430871637],[-38.3236696803115,-12.9021063940948],[-38.3267629803273,-12.9019160372952],[-38.3281430673487,-12.9029630001423],[-38.3293327966712,-12.9024395191684],[-38.329761099695,-12.9033437137413],[-38.3294279764199,-12.9038671947152],[-38.3316646685896,-12.905342460586],[-38.3322357398875,-12.9061990666336],[-38.3320929716133,-12.9066749590821],[-38.3338537731331,-12.9084833500265],[-38.3371850193731,-12.9091971877999],[-38.3381368033707,-12.9100062053221],[-38.3394217124421,-12.9103393285971],[-38.3415632266615,-12.9080074566787],[-38.3409445668382,-12.9067225476075],[-38.3396120692416,-12.9058183530345],[-38.3386780819279,-12.9030634382271],[-38.3353123457881,-12.901812802319],[-38.3347888648142,-12.9023362832928],[-38.3337419019672,-12.9013844992952],[-38.3330566167694,-12.9025742286177],[-38.3283452844073,-12.8981484319046],[-38.3273459109849,-12.8979104856803],[-38.3248236822671,-12.9009086068467]]]}},{"type":"Feature","properties":{"id":"1076","municipality":"2927408","density":"Densa","type":"Área urbanizada","state":"BA"},"geometry":{"type":"Polygon","coordinates":[[[-38.6279611060202,-12.4853903983482],[-38.62800797239,-12.4838934786011],[-38.627093685625,-12.4838892787671],[-38.6262954833498,-12.4864016689019],[-38.6252001864394,-12.4867867199312],[-38.6261170236817,-12.4877698587919],[-38.6261170236817,-12.4894949680184],[-38.6251652387847,-12.4907441847963],[-38.6258790765581,-12.4908631579083],[-38.6269498345671,-12.4948487553657],[-38.6276041866838,-12.4949082419218],[-38.6274257270156,-12.4934210789196],[-38.6280205916769,-12.4892570217941],[-38.63176824291,-12.4869965335631],[-38.6317087572533,-12.4862232092337],[-38.630102621139,-12.4861042361216],[-38.6288534043611,-12.4865801276707],[-38.6286749437935,-12.4860447495655],[-38.6309949185806,-12.4847360462315],[-38.6307569723563,-12.483903235346],[-38.6279611060202,-12.4853903983482]]]}},{"type":"Feature","properties":{"id":"1077","municipality":"2927408","density":"Densa","type":"Área urbanizada","state":"BA"},"geometry":{"type":"Polygon","coordinates":[[[-38.5691928834447,-12.5989488363197],[-38.568122126335,-12.5992343710693],[-38.5682292023158,-12.5998411337613],[-38.5676581310179,-12.5999839011361],[-38.5683719687913,-12.6019469565867],[-38.568764580421,-12.6013758861881],[-38.5686575053396,-12.6001623608042],[-38.569692570156,-12.6006263561214],[-38.5694427268003,-12.601518653563],[-38.5697282624493,-12.6020897239616],[-38.5703707174346,-12.6021254162549],[-38.5706205598909,-12.6003765118665],[-38.5696211855692,-12.5996626740931],[-38.5703707174346,-12.5969500885757],[-38.5691928834447,-12.5989488363197]]]}},{"type":"Feature","properties":{"id":"1078","municipality":"2927408","density":"Densa","type":"Área urbanizada","state":"BA"},"geometry":{"type":"Polygon","coordinates":[[[-38.1359307164293,-12.6904840402062],[-38.1375725439377,-12.6908052672492],[-38.1375368516444,-12.6896988178462],[-38.136537478222,-12.6894846667839],[-38.1359307164293,-12.6904840402062]]]}},{"type":"Feature","properties":{"id":"1079","municipality":"2927408","density":"Densa","type":"Área urbanizada","state":"BA"},"geometry":{"type":"Polygon","coordinates":[[[-38.3289247122057,-12.8380807753075],[-38.3271044241298,-12.8385804620187],[-38.3249272167176,-12.836902942217],[-38.3237136922331,-12.83722416926],[-38.324641681968,-12.8366174056687],[-38.3243147010626,-12.8361356856133],[-38.3225358591426,-12.8365460228806],[-38.3228570861856,-12.8372955529474],[-38.3238921510019,-12.8379380070334],[-38.3249986013043,-12.8379736993267],[-38.3258195150585,-12.8386875371001],[-38.3248201407368,-12.8391515324173],[-38.3241063029635,-12.8387946130809],[-38.322678625618,-12.8389730727491],[-38.3225001668492,-12.8395084517536],[-38.3228927775796,-12.8401152144455],[-38.3238921510019,-12.8402936741137],[-38.3244632222998,-12.8395084517536],[-38.3264262768512,-12.8390801487298],[-38.3267475047935,-12.839258608398],[-38.3258552073519,-12.8411145878679],[-38.3274613425668,-12.8428634922563],[-38.3284607168885,-12.8426493402948],[-38.3296742422724,-12.843149027006],[-38.3303523877524,-12.8413644312235],[-38.3299240847287,-12.8399724461714],[-38.3309591513437,-12.8411502801612],[-38.3317443728045,-12.8406149011567],[-38.3321012921408,-12.8390087650424],[-38.3316729891171,-12.8382235426823],[-38.3311019178192,-12.8382235426823],[-38.3317443728045,-12.8367958662362],[-38.3297813173539,-12.8328697553349],[-38.3291388632679,-12.8329768313157],[-38.3300668530028,-12.8359749515827],[-38.3304951560266,-12.836189102645],[-38.3304594637332,-12.8383306177638],[-38.3289247122057,-12.8380807753075]],[[-38.3277468782158,-12.8406862848441],[-38.3273542665861,-12.8393656843788],[-38.3278539541966,-12.8388659967683],[-38.3291388632679,-12.8387232293935],[-38.3295314739983,-12.8393656843788],[-38.3284607168885,-12.8395441431476],[-38.3277468782158,-12.8406862848441]]]}},{"type":"Feature","properties":{"id":"1080","municipality":"2927408","density":"Densa","type":"Área urbanizada","state":"BA"},"geometry":{"type":"Polygon","coordinates":[[[-38.443537280621,-12.7724086624298],[-38.443858507664,-12.774621561236],[-38.4434658969335,-12.7751926316346],[-38.44528618411,-12.7776196824024],[-38.445536028365,-12.7786904386128],[-38.4450363407545,-12.7789402828677],[-38.444822188793,-12.7800110399775],[-38.4455003360716,-12.7802965756265],[-38.4456074120524,-12.7794756618723],[-38.4459643313887,-12.7794042781849],[-38.4460000227827,-12.7801538082516],[-38.4467138605562,-12.7801894996456],[-38.4471421635799,-12.7785833644307],[-38.446214173845,-12.7781550614069],[-38.4453932600908,-12.7763704647251],[-38.445571719759,-12.7752640162213],[-38.4446437300241,-12.7747643286109],[-38.4444295780625,-12.773229576184],[-38.444822188793,-12.7728369645543],[-38.4441440433129,-12.7726941980787],[-38.4441083510196,-12.7719089757186],[-38.443537280621,-12.7724086624298]]]}},{"type":"Feature","properties":{"id":"1081","municipality":"2927408","density":"Densa","type":"Área urbanizada","state":"BA"},"geometry":{"type":"MultiPolygon","coordinates":[[[[-38.5989912908154,-12.6984703518252],[-38.6004189681608,-12.6980063574075],[-38.6008472711846,-12.6972211350473],[-38.6008115788912,-12.6956506912264],[-38.6000263574304,-12.6960076096634],[-38.6001334316126,-12.6967928320235],[-38.5992054427769,-12.6977208217585],[-38.5989912908154,-12.6984703518252]]],[[[-38.599326035568,-12.6941161717239],[-38.5988485243399,-12.6936876357758],[-38.5988485243399,-12.6930094893964],[-38.6003118921801,-12.693259332752],[-38.6017395686261,-12.6929024134156],[-38.6040238511198,-12.6901898278982],[-38.6040238511198,-12.6894759901248],[-38.6019537196884,-12.6913319686954],[-38.6022035639433,-12.6897258325811],[-38.6016681849387,-12.6888335351395],[-38.5998122045696,-12.6879412367986],[-38.5994195938391,-12.688298156135],[-38.6013112656024,-12.6899756759366],[-38.6010614222468,-12.6918673476999],[-38.5980276087871,-12.6921171910555],[-38.5976349980566,-12.6918673476999],[-38.5978848423116,-12.6893332218507],[-38.5969211602833,-12.6892261458699],[-38.5962073216106,-12.6896901411871],[-38.5961716302165,-12.690368286667],[-38.5970282362641,-12.6902612115856],[-38.595993169649,-12.6906895146093],[-38.595957478255,-12.6911892013205],[-38.5967070092211,-12.6914033532821],[-38.5965999332403,-12.692331343017],[-38.5958860945675,-12.6925098017859],[-38.5960288619424,-12.693295024146],[-38.5983845290228,-12.6930808730838],[-38.598829150245,-12.6946579143312],[-38.599326035568,-12.6941161717239]]]]}},{"type":"Feature","properties":{"id":"1082","municipality":"2927408","density":"Densa","type":"Área urbanizada","state":"BA"},"geometry":{"type":"MultiPolygon","coordinates":[[[[-38.6190616272922,-12.7247842522914],[-38.6205249960317,-12.725997776776],[-38.6208105307814,-12.7253553217906],[-38.6199539247338,-12.7247842522914],[-38.6187760916433,-12.7226070448792],[-38.6187760916433,-12.7219645898939],[-38.619811157359,-12.7219645898939],[-38.6199182333398,-12.7216076705575],[-38.6185262482877,-12.721464904082],[-38.6182050212447,-12.7219288976005],[-38.6179551778891,-12.7214292117886],[-38.61884747623,-12.7210009087649],[-38.6186333242684,-12.7206439894285],[-38.6170985718415,-12.7210009087649],[-38.6172056478223,-12.7215362868701],[-38.6190616272922,-12.7247842522914]]],[[[-38.6232018892557,-12.7191092370016],[-38.622809277626,-12.7182526309541],[-38.6210603741369,-12.7176815605556],[-38.6209889913488,-12.7182169386608],[-38.6226665111505,-12.7191092370016],[-38.6232018892557,-12.7191092370016]]],[[[-38.6214172943726,-12.7229996556096],[-38.6207748393873,-12.722785503648],[-38.6205963797191,-12.7233208826526],[-38.6207034548006,-12.7239633376379],[-38.6219512866226,-12.7249745677221],[-38.6232018892558,-12.7240347213253],[-38.6237015759669,-12.722143049562],[-38.6227022034439,-12.7209652173709],[-38.6214172943726,-12.7206796808226],[-38.6222382081268,-12.7219645898939],[-38.6214172943726,-12.7229996556096]]]]}},{"type":"Feature","properties":{"id":"1083","municipality":"2927408","density":"Densa","type":"Área urbanizada","state":"BA"},"geometry":{"type":"MultiPolygon","coordinates":[[[[-38.476178461167,-12.5064506473795],[-38.4764639959166,-12.5065220301675],[-38.4748935520957,-12.5096629187087],[-38.4752147791387,-12.5098413783769],[-38.4789778528456,-12.5053206537252],[-38.4781749956795,-12.5048652604234],[-38.47717783369,-12.5059509597689],[-38.4767852229596,-12.5057011164133],[-38.4774633702383,-12.5045232833228],[-38.4762855371478,-12.5044518987361],[-38.476178461167,-12.5064506473795]]],[[[-38.4823888536626,-12.5118044338276],[-38.4831383837294,-12.5116973578468],[-38.4865286749583,-12.5085753092032],[-38.4857154108375,-12.5082539265774],[-38.4820676266197,-12.5110549037607],[-38.4823888536626,-12.5118044338276]]],[[[-38.4951308683948,-12.5015251621565],[-38.4935247322806,-12.500347329066],[-38.4930964292567,-12.5004900973401],[-38.4943099537413,-12.5032026819582],[-38.4972009989269,-12.5005257887342],[-38.496629927629,-12.4994907230184],[-38.4958090138749,-12.4999904097296],[-38.4959160898556,-12.5010254754453],[-38.4951308683948,-12.5015251621565]]],[[[-38.4962016246052,-12.5090918483101],[-38.4946668730777,-12.5089133886419],[-38.4938816507176,-12.5093773839591],[-38.4931678120449,-12.5093416916657],[-38.492703817627,-12.5083423182434],[-38.4920613626417,-12.5091632319975],[-38.4912404488875,-12.5090204637234],[-38.4887472763656,-12.507304036552],[-38.4880638689523,-12.5081995499692],[-38.4889989966064,-12.5093060002716],[-38.4898199112599,-12.5092703079783],[-38.4888205369382,-12.5104481410688],[-38.4895343747116,-12.5116259741594],[-38.4888205369382,-12.5120185848898],[-38.4892488399619,-12.5131607265862],[-38.4887491532507,-12.5134462622352],[-38.4884279262078,-12.5155520850606],[-38.487999623184,-12.5155520850606],[-38.4879282385973,-12.5179791349291],[-38.4873214768046,-12.5176936001795],[-38.4872144008239,-12.5170868365882],[-38.4863221033824,-12.516836994132],[-38.4861079523201,-12.5174080636312],[-38.4837522852397,-12.5169440701127],[-38.4825387598559,-12.5199778817738],[-38.4830027551729,-12.5201920337353],[-38.48335967361,-12.51954957875],[-38.4838593612205,-12.5196923470242],[-38.4835024418841,-12.5209415638021],[-38.4864291793631,-12.5222264728734],[-38.4863221033823,-12.5227261595846],[-38.4845375067005,-12.5220480132052],[-38.4842162796575,-12.5227975441713],[-38.4861436437141,-12.523547074238],[-38.4842519719509,-12.5231901549017],[-38.4832882899226,-12.5241181446367],[-38.4862507187956,-12.5241181446367],[-38.4860722600267,-12.5246178313478],[-38.4842519719509,-12.5249747497848],[-38.4840378208887,-12.5255101287894],[-38.4852156539792,-12.5252602863331],[-38.485072885705,-12.526509503111],[-38.4859294917526,-12.5264024271303],[-38.4857153406904,-12.5270448821155],[-38.4864291793631,-12.5270805726103],[-38.4871430171365,-12.5262596588561],[-38.4879282385973,-12.5262953511495],[-38.4871073248431,-12.5279014881631],[-38.4865362553439,-12.5282227152061],[-38.485037194311,-12.5274018005526],[-38.485072885705,-12.5281513306194],[-38.4810753920157,-12.5291507049411],[-38.4806827812853,-12.5297574667337],[-38.4819676885579,-12.5310780680983],[-38.4823246087936,-12.5306140727812],[-38.481753538395,-12.529793159027],[-38.4859223538335,-12.5288651692921],[-38.4861721971891,-12.5298288513204],[-38.4842091417385,-12.5304356140123],[-38.4845660610748,-12.5310780680983],[-38.4871001869241,-12.5305426890938],[-38.4876355659286,-12.5290079366669],[-38.4887777067257,-12.5292934723158],[-38.4899912321096,-12.5305069968004],[-38.4903124591526,-12.5294005482966],[-38.4914902922432,-12.5299359273012],[-38.4924182819781,-12.5309709921176],[-38.4945241048035,-12.5306497650746],[-38.4942742623473,-12.5301500783634],[-38.493346271713,-12.5303285380315],[-38.4926324339396,-12.5299359273012],[-38.4921684386225,-12.5287580933113],[-38.4922041309158,-12.5280442546386],[-38.493988725799,-12.5275802602208],[-38.4948810241399,-12.5278657958697],[-38.4944527211161,-12.5290436289603],[-38.4958803975622,-12.5302214620508],[-38.4962730091919,-12.5311137603917],[-38.4977006856381,-12.5305783813872],[-38.4979148367003,-12.5299716186952],[-38.4969154641773,-12.5297574667337],[-38.4963443928794,-12.5291507049411],[-38.496332495748,-12.5279490766885],[-38.5011509040909,-12.5263786319683],[-38.500579832793,-12.5250937237963],[-38.4981884752179,-12.5252721825651],[-38.4980457069438,-12.5258789461564],[-38.496974949834,-12.526164480906],[-38.4966894150844,-12.5256647941948],[-38.4958328090369,-12.5256647941948],[-38.4956900407627,-12.5262001731994],[-38.496974949834,-12.5265570916365],[-38.4965823391036,-12.526735552204],[-38.4946549759464,-12.5263786319683],[-38.493370066875,-12.5266998599106],[-38.4924777694335,-12.5253792594452],[-38.4927633041831,-12.5240229657872],[-38.4911928603621,-12.523523279076],[-38.4908002487324,-12.52288082499],[-38.4915854710926,-12.5214531476446],[-38.4934057591684,-12.5212389965824],[-38.4937626776055,-12.5220599112359],[-38.4950475866767,-12.5210962292076],[-38.4951546617582,-12.5216672996061],[-38.4967251073778,-12.5225952893411],[-38.498688161929,-12.5217743746876],[-38.4981884752179,-12.52023962316],[-38.4987952379099,-12.5199897798045],[-38.4988309302032,-12.5182765677094],[-38.498010016449,-12.5184193350842],[-38.4972247931896,-12.5152784474424],[-38.4963681871421,-12.5154212148171],[-38.4965466468103,-12.5171701183063],[-38.4954401983065,-12.5173128856811],[-38.4952260463449,-12.5158138264469],[-38.4959041927243,-12.5156710581728],[-38.4960112678057,-12.5152070628556],[-38.4952974300323,-12.5147430684379],[-38.4968321815599,-12.5145289173756],[-38.4971177181081,-12.5136366190347],[-38.4980457069438,-12.513529543054],[-38.4981170906312,-12.5122446339826],[-38.496974949834,-12.5123160176701],[-38.4968321815599,-12.5118520232522],[-38.4970106421274,-12.5094606647778],[-38.4977244799008,-12.5087468261051],[-38.4986881619291,-12.5094249733838],[-38.5006869087738,-12.5098532764075],[-38.5017219753888,-12.5095677398593],[-38.5022573525947,-12.510602805575],[-38.5035779539593,-12.51163787219],[-38.5041133329639,-12.5112452596609],[-38.503185343229,-12.5094249733838],[-38.5044702523003,-12.5090680540474],[-38.504613019675,-12.5081757557065],[-38.5060050047272,-12.5081043720191],[-38.5072542224044,-12.5056059375639],[-38.5097883482536,-12.5066410032797],[-38.5100381907099,-12.5056059375639],[-38.5108591053633,-12.5056059375639],[-38.5112874083871,-12.5049277920839],[-38.5128221599147,-12.5044994890601],[-38.5158202810811,-12.5051062508528],[-38.5166055034412,-12.5058200886261],[-38.5168553467968,-12.5054631701891],[-38.5200676190254,-12.5094963570712],[-38.5204959220491,-12.5090680540474],[-38.5186803931855,-12.5074500199025],[-38.5185376258107,-12.5066291061483],[-38.517181333052,-12.5050586623274],[-38.5130767633819,-12.5039522129242],[-38.5067949862996,-12.505022970034],[-38.5053673089541,-12.5077355555514],[-38.5041894758636,-12.5073429439217],[-38.5036897891524,-12.508627852993],[-38.5007273602794,-12.5091632319975],[-38.4987714427478,-12.5084493942241],[-38.4987357513538,-12.5077355555514],[-38.4977006856381,-12.5072001774462],[-38.4980932972678,-12.5060223443557],[-38.4974865336765,-12.505950959769],[-38.4973080749077,-12.5054869653511],[-38.4985572916856,-12.5049872777406],[-38.4978077607195,-12.5030956068767],[-38.4940244180924,-12.5045946670102],[-38.4941671863665,-12.5050943537214],[-38.4957376301874,-12.5054869653511],[-38.4962016246052,-12.5071644851528],[-38.4970939229461,-12.5074143276091],[-38.4972723826143,-12.5078783229262],[-38.4962016246052,-12.5090918483101]]]]}},{"type":"Feature","properties":{"id":"1084","municipality":"2927408","density":"Densa","type":"Área urbanizada","state":"BA"},"geometry":{"type":"Polygon","coordinates":[[[-38.1031476921123,-12.6566677353277],[-38.1023981611462,-12.6554899022371],[-38.1013630963298,-12.6563108159913],[-38.1025052371269,-12.6574529567885],[-38.1022910860647,-12.6580240280864],[-38.1014701723105,-12.657988335793],[-38.1017913993535,-12.6593446285517],[-38.1006849499504,-12.6591661688835],[-38.1015058637046,-12.6607009222098],[-38.1036830702175,-12.6588092504465],[-38.1034332268619,-12.657952644399],[-38.104218449222,-12.6572744980196],[-38.1037901461983,-12.656275123698],[-38.1031476921123,-12.6566677353277]]]}},{"type":"Feature","properties":{"id":"1085","municipality":"2927408","density":"Densa","type":"Área urbanizada","state":"BA"},"geometry":{"type":"Polygon","coordinates":[[[-38.0614940366204,-12.6248234089731],[-38.0661339861945,-12.6320510210377],[-38.0701584559479,-12.6373411291897],[-38.0715861332934,-12.6349854630087],[-38.0711935216636,-12.6340217809804],[-38.0705867589717,-12.6338790127062],[-38.0705867589717,-12.6310950444008],[-38.0668775681452,-12.6290469517554],[-38.0665206479096,-12.6275597887532],[-38.0677401223087,-12.6276787618653],[-38.0680970407458,-12.6258644228048],[-38.0664909046315,-12.6254182736344],[-38.0648252819611,-12.6257751929707],[-38.064676565571,-12.6262808286973],[-38.0623268484053,-12.6229198400785],[-38.0618509559568,-12.6232172719595],[-38.0611073749054,-12.622384461074],[-38.0605719959008,-12.6226224072982],[-38.0614940366204,-12.6248234089731]]]}},{"type":"Feature","properties":{"id":"1086","municipality":"2927408","density":"Densa","type":"Área urbanizada","state":"BA"},"geometry":{"type":"Polygon","coordinates":[[[-38.2774446125788,-12.8398620966584],[-38.2758741687579,-12.8400762477206],[-38.2746606442733,-12.8393267176539],[-38.2738754219131,-12.8396836369902],[-38.2739468056005,-12.8389697992168],[-38.2705917650978,-12.8384344202122],[-38.2695923916755,-12.8397550206776],[-38.2702348457615,-12.8402903996821],[-38.2711628363957,-12.8392196416731],[-38.2715197548327,-12.8395051782214],[-38.2713056037705,-12.839790712971],[-38.2727332802166,-12.8403617842689],[-38.2732329669278,-12.8401476323073],[-38.2733400429086,-12.8410756220423],[-38.2717695990877,-12.8406116267252],[-38.2715554471262,-12.8418608444024],[-38.274767720254,-12.842753141844],[-38.2759455533446,-12.8438952826411],[-38.2771590778291,-12.8431814448678],[-38.2768378507862,-12.8421820714454],[-38.2771233864351,-12.8420393040706],[-38.2785153705879,-12.8439666672279],[-38.2799787393273,-12.8408257777874],[-38.277730149127,-12.840433167057],[-38.2774446125788,-12.8398620966584]]]}},{"type":"Feature","properties":{"id":"1087","municipality":"2927408","density":"Densa","type":"Área urbanizada","state":"BA"},"geometry":{"type":"MultiPolygon","coordinates":[[[[-38.5298318390681,-12.7741176171343],[-38.5309382893705,-12.7736893141105],[-38.5311524404327,-12.7729397831444],[-38.5295819957125,-12.7735822381297],[-38.5298318390681,-12.7741176171343]]],[[[-38.5294749197317,-12.7767588180649],[-38.5316164348505,-12.7768302017524],[-38.5317235108313,-12.7772228133821],[-38.5290466167079,-12.7770800460073],[-38.5286183136842,-12.7774369653436],[-38.5287253896649,-12.778757565809],[-38.5305813700341,-12.7785434138474],[-38.5302244506978,-12.7790074091645],[-38.5310096730579,-12.7795070958757],[-38.5311881318268,-12.7801852422551],[-38.5303315257793,-12.7803280096299],[-38.5292607686695,-12.7813987667397],[-38.5296890716933,-12.7823267573739],[-38.5301887593038,-12.7824338333547],[-38.530402910366,-12.782041221725],[-38.5300102987363,-12.781755686076],[-38.5301530670104,-12.7813630753456],[-38.5314022837883,-12.7809704637159],[-38.5338293336568,-12.7813987667396],[-38.5339007182435,-12.7810061560093],[-38.5318662791054,-12.7801495499617],[-38.5315450511632,-12.779400019895],[-38.5323302744226,-12.7766517429835],[-38.5312238241201,-12.7751169896573],[-38.5292250772754,-12.776116363979],[-38.5294749197317,-12.7767588180649]]]]}},{"type":"Feature","properties":{"id":"1088","municipality":"2927408","density":"Densa","type":"Outros equipamentos urbanos","state":"BA"},"geometry":{"type":"Polygon","coordinates":[[[-38.3737110598175,-12.6166171906308],[-38.3668582123366,-12.6166647800555],[-38.3667630343865,-12.617521386103],[-38.3646215192676,-12.6173310293035],[-38.3641932162439,-12.623089325412],[-38.3742345407914,-12.6225182541141],[-38.3737110598175,-12.6166171906308]]]}},{"type":"Feature","properties":{"id":"1089","municipality":"2927408","density":"Densa","type":"Área urbanizada","state":"BA"},"geometry":{"type":"Polygon","coordinates":[[[-38.2308408466277,-12.8046120476079],[-38.2319116037375,-12.80414805319],[-38.2321971402857,-12.80336283083],[-38.2310193062959,-12.8028988364121],[-38.2321971402857,-12.8011856243171],[-38.2329466703525,-12.8012926993985],[-38.2333749733763,-12.8020779217586],[-38.2323755990546,-12.8042551282715],[-38.2334463570637,-12.804790507276],[-38.2346598824476,-12.8028631441188],[-38.23448142188,-12.8013640830859],[-38.2330894377273,-12.8005431693318],[-38.2335534321451,-12.7990441091982],[-38.2329109780591,-12.7986514975685],[-38.2312691496515,-12.8009000877688],[-38.2307694629403,-12.8002933259762],[-38.2290919431386,-12.8002933259762],[-38.2286993324082,-12.8007573212933],[-38.2297343972246,-12.8012926993985],[-38.2289134825711,-12.8025419170758],[-38.2272002722747,-12.8028988364121],[-38.2255941352611,-12.8020065380712],[-38.2255941352611,-12.8011856243171],[-38.2241307674209,-12.8009000877688],[-38.2237381557912,-12.8015425427541],[-38.2299485491861,-12.806039724054],[-38.230412543604,-12.8051474257131],[-38.2309122312145,-12.8057541893044],[-38.230412543604,-12.8071461743564],[-38.2320543720116,-12.808359698841],[-38.2320186797182,-12.8073246331253],[-38.232446982742,-12.806967713789],[-38.2331251291214,-12.8083240074469],[-38.2325540587228,-12.8094661482441],[-38.2332678973955,-12.8102156783108],[-38.2326611347036,-12.8113578200073],[-38.2345171141734,-12.8124642694104],[-38.2349454171972,-12.8110722843584],[-38.2337675841066,-12.810394137979],[-38.2339460428755,-12.8100372186427],[-38.2347669584283,-12.8105369062532],[-38.235730638658,-12.8092519971819],[-38.2353023356342,-12.8085738499032],[-38.2361589416818,-12.8074674013994],[-38.2325897510162,-12.8062181837222],[-38.2308408466277,-12.8046120476079]]]}},{"type":"Feature","properties":{"id":"1090","municipality":"2927408","density":"Densa","type":"Área urbanizada","state":"BA"},"geometry":{"type":"MultiPolygon","coordinates":[[[[-38.0336032172146,-12.5982337457907],[-38.0331035296041,-12.5976269839981],[-38.0319970811004,-12.598519282339],[-38.0324967678116,-12.599197427819],[-38.0336032172146,-12.5982337457907]]],[[[-38.033995827945,-12.5993401960931],[-38.0333890652531,-12.5993401960931],[-38.03262425317516,-12.59994910310063],[-38.033156038970475,-12.60055214819252],[-38.0342099790073,-12.5998041914103],[-38.033995827945,-12.5993401960931]]]]}},{"type":"Feature","properties":{"id":"1091","municipality":"2927408","density":"Densa","type":"Área urbanizada","state":"BA"},"geometry":{"type":"MultiPolygon","coordinates":[[[[-38.4253174152665,-12.9414617268772],[-38.4257457182902,-12.9408906573779],[-38.4254601826412,-12.9393915963451],[-38.4243180418441,-12.938749142259],[-38.4234257444025,-12.9397128242874],[-38.4236398945654,-12.9416758788387],[-38.4253174152665,-12.9414617268772]]],[[[-38.4062820024124,-12.8766046497847],[-38.4051041693219,-12.8749985136705],[-38.4047472499856,-12.8754625089875],[-38.4049257096538,-12.8763904978232],[-38.403569416895,-12.8774612558323],[-38.4022488164297,-12.8779609434428],[-38.4002500686857,-12.8779609434427],[-38.3989294682203,-12.8789246236724],[-38.3986439325713,-12.8796027709511],[-38.3989294682203,-12.8799239979941],[-38.4036764928758,-12.8783178618798],[-38.4049257096538,-12.8771757210826],[-38.4052112453027,-12.8778538665627],[-38.4066389217488,-12.8777824828753],[-38.4068887651044,-12.8783178618798],[-38.4061392350376,-12.8787461649035],[-38.4048900182597,-12.878532012942],[-38.4046758662981,-12.8788532408843],[-38.4053540126775,-12.8791744679273],[-38.405461087759,-12.8799239979941],[-38.4021060481555,-12.8799953816815],[-38.4017848211126,-12.880495069292],[-38.4030340378905,-12.8815301341083],[-38.4036408005824,-12.881173214772],[-38.4042832546684,-12.8816015177958],[-38.4036764928758,-12.8821012054063],[-38.4050327847352,-12.882208281387],[-38.4060678513502,-12.8828507345737],[-38.4063890783932,-12.8846710226495],[-38.4053183212834,-12.885527628697],[-38.406174927331,-12.8863485433506],[-38.4058536993887,-12.8880617554456],[-38.4033909572268,-12.8871337648113],[-38.4051755530093,-12.8858845480334],[-38.4050327847352,-12.8852777853415],[-38.4032838821454,-12.8856347037785],[-38.4031054215779,-12.8850636342793],[-38.401213750714,-12.8851350179667],[-38.4008211390843,-12.8860273163076],[-38.4013208257955,-12.8870980734173],[-38.4027128108475,-12.8874906841477],[-38.4025343511793,-12.8886685172382],[-38.4004642197479,-12.8894537386991],[-38.3991793106766,-12.8893466636176],[-38.3932187624359,-12.8925232435528],[-38.3919552680212,-12.8917023297987],[-38.3913128130358,-12.8901318859777],[-38.3907060512432,-12.8905601890015],[-38.3907417426373,-12.8913454113616],[-38.3898851365897,-12.8913097190683],[-38.3901349799454,-12.8922020174092],[-38.3925263384197,-12.8927730869084],[-38.3922764950642,-12.894379223922],[-38.3901706722387,-12.8933441582063],[-38.3900635962579,-12.8945576826908],[-38.3894925258593,-12.8946290672776],[-38.3895639086474,-12.8936653852493],[-38.389099915129,-12.8937724612301],[-38.388850070874,-12.8955927493059],[-38.3910986619736,-12.895342905051],[-38.3904918992817,-12.8978056472128],[-38.3882789995761,-12.8994831679139],[-38.3866014797744,-12.8981268751551],[-38.3861017939626,-12.8989477889093],[-38.386815631736,-12.8997901182194],[-38.386458713299,-12.9003254972239],[-38.3837104345889,-12.8995402748637],[-38.3834605921326,-12.899754425926],[-38.3849596522661,-12.9006467242669],[-38.3848882685787,-12.9010036427039],[-38.3832821315651,-12.900075652969],[-38.3823184513355,-12.9009322590165],[-38.3836390518007,-12.9013248697469],[-38.3837104345889,-12.902038709319],[-38.3819258397057,-12.902395627756],[-38.3812476933263,-12.9017531727707],[-38.3803197026921,-12.9021814757944],[-38.379962784255,-12.9035020771591],[-38.3812833847204,-12.9039660715769],[-38.3824969101043,-12.903751921414],[-38.3834248998392,-12.904430066894],[-38.3842458135934,-12.904108839851],[-38.3843171981801,-12.9030737741353],[-38.3850667282468,-12.9032879260969],[-38.3849239599727,-12.9041802244378],[-38.3860661016692,-12.9040374561636],[-38.3857805660203,-12.9014319457277],[-38.386208869044,-12.9013962543336],[-38.3863159450248,-12.9021814757944],[-38.3871725510724,-12.9028239307797],[-38.3877793137642,-12.9012891783529],[-38.3883146918695,-12.902074400713],[-38.3902777482195,-12.9003611886179],[-38.3902777482195,-12.8989335121718],[-38.3908131263247,-12.8986122851288],[-38.391134354267,-12.8991833546281],[-38.3918481920404,-12.8990405881526],[-38.391134354267,-12.8972559923701],[-38.3916697323722,-12.8966135382841],[-38.3916697323722,-12.8953643206069],[-38.3922764950642,-12.8953643206069],[-38.3924549547323,-12.8979341378501],[-38.3932401770925,-12.8988621275851],[-38.3935970964288,-12.8987550516043],[-38.394739237226,-12.8970061490146],[-38.3928118740687,-12.895221553232],[-38.3931331011117,-12.894757557915],[-38.3947035449326,-12.8953643206069],[-38.395809995235,-12.89647077001],[-38.3968807523448,-12.8956855476499],[-38.396131222278,-12.8944006385786],[-38.3965595253018,-12.8937581835933],[-38.3968450600514,-12.8937224921992],[-38.3968807523448,-12.8945077145593],[-38.3980942768294,-12.8943292548912],[-38.3981299691227,-12.8921520483783],[-38.3976302824116,-12.8910812912685],[-38.3996647206503,-12.8916880530612],[-38.3999502571985,-12.8900819169469],[-38.4004499439097,-12.8901889929276],[-38.4008782469335,-12.8915452856863],[-38.400093023674,-12.8924732754213],[-38.3993791859007,-12.8925446591087],[-38.3991650348384,-12.8931514218006],[-38.3998074889244,-12.8946861742275],[-38.4006284026786,-12.8946504819341],[-38.4015563933128,-12.8936511094111],[-38.4009853220149,-12.8931157304066],[-38.4017348520817,-12.8925446591087],[-38.4018776203558,-12.89118836635],[-38.4013779327453,-12.8899034572787],[-38.4017348520817,-12.8895465379424],[-38.4023059233796,-12.8897606899039],[-38.4025200753412,-12.8905102199706],[-38.4036979084317,-12.8900462246535],[-38.4041262105561,-12.8905102199706],[-38.4040191345754,-12.8909742152878],[-38.4033409890953,-12.891152674956],[-38.4036622161384,-12.8925803514021],[-38.4055538870022,-12.8915452856863],[-38.4070172557417,-12.8915809779797],[-38.4068744883669,-12.8925089668153],[-38.4060178823194,-12.8923662003398],[-38.4044474375991,-12.8934726488436],[-38.4032696054079,-12.893508341137],[-38.4016991606876,-12.8949717089771],[-38.4017348520817,-12.8953643206069],[-38.4023059233796,-12.8955784716691],[-38.4032339131145,-12.8945790982468],[-38.4050542011904,-12.893865259574],[-38.4057323466704,-12.8939366441608],[-38.4058751149445,-12.8946147896408],[-38.4051969676659,-12.8951501686453],[-38.4040548268687,-12.8951144772513],[-38.4033766813887,-12.8957212399432],[-38.4040191345754,-12.8961138506736],[-38.4054111196275,-12.8956498562558],[-38.4064104930497,-12.8958283150247],[-38.40798093777,-12.8939009518674],[-38.4075169433522,-12.8917951290419],[-38.4080523205581,-12.8912597500374],[-38.4088375438175,-12.8925089668153],[-38.4083735493998,-12.8961852352604],[-38.4076597098277,-12.8958996987121],[-38.4071243317225,-12.896149542967],[-38.4066603373047,-12.8972916837642],[-38.4057323466704,-12.8965778459908],[-38.4048043569355,-12.8968276893464],[-38.4047329732481,-12.8973273760575],[-38.4038406749072,-12.8973987597449],[-38.4033766813887,-12.8968633807404],[-38.4027342264034,-12.8970418413079],[-38.4028056100908,-12.8982910580858],[-38.4040191345754,-12.8990405881526],[-38.4065175690305,-12.8985765928355],[-38.4071600240159,-12.9001470366564],[-38.4058037312572,-12.8993618151956],[-38.4028769937782,-12.9000399606756],[-38.4028056100908,-12.8993618151956],[-38.4015920847069,-12.899076280446],[-38.4011280902891,-12.8983624408739],[-38.4012351662699,-12.896791997053],[-38.4008068632461,-12.8963636940292],[-38.4001287159674,-12.8976129108072],[-38.3993078022133,-12.8971489163893],[-38.3972733630752,-12.8971489163893],[-38.3963096810469,-12.8987193611096],[-38.3974875150368,-12.8988978198784],[-38.398772424108,-12.8997187336326],[-38.3989151905835,-12.8981125984176],[-38.3993434936073,-12.8981125984176],[-38.399736105237,-12.8991833546281],[-38.4010210143083,-12.9003968809113],[-38.4006284026786,-12.901467638021],[-38.4010567057024,-12.9018959410448],[-38.4017705443751,-12.9010393349973],[-38.402056080024,-12.901467638021],[-38.4013779327453,-12.9036448454333],[-38.4003785602223,-12.9038233042021],[-38.4003785602224,-12.9030737741353],[-38.3998431812178,-12.9028596230731],[-38.3992721099199,-12.9049654458986],[-38.3984155038723,-12.9048583699178],[-38.3984511961657,-12.9040374561636],[-38.3963096810469,-12.9032165424094],[-38.3972019793878,-12.9025740874242],[-38.3982370451035,-12.9030023904479],[-38.3987010404206,-12.902074400713],[-38.3979872008486,-12.9004682636993],[-38.3969878283256,-12.9019673247322],[-38.3965952166959,-12.9016460976892],[-38.396452449321,-12.8998615019067],[-38.3958813780231,-12.8989692035659],[-38.3951675402497,-12.899147663234],[-38.3952389239371,-12.899754425926],[-38.3943823178896,-12.8999685778875],[-38.3941681659281,-12.9004682636994],[-38.3946678526393,-12.902110092107],[-38.3943823178896,-12.9027525470924],[-38.3938469388851,-12.9025383951308],[-38.3939897071592,-12.9018245573574],[-38.3930260251309,-12.900075652969],[-38.389171297917,-12.9031808501161],[-38.3903134396135,-12.9040731475577],[-38.3889928391482,-12.9045371428748],[-38.3889571468548,-12.903751921414],[-38.3876365463894,-12.9043229909133],[-38.386815631736,-12.9055365162972],[-38.3844599655549,-12.9055722076912],[-38.3843171981801,-12.9062503549699],[-38.3833535161518,-12.9071069610174],[-38.3830679814022,-12.9067143493876],[-38.3834962844259,-12.9057506682587],[-38.3797486331928,-12.9045728351682],[-38.3792132541883,-12.9051795969608],[-38.3792132541883,-12.9060005107149],[-38.3785351078089,-12.9057506682587],[-38.3786778751838,-12.9049297536052],[-38.3781781893719,-12.9047156016437],[-38.3765006686709,-12.9063217377579],[-38.3779283451169,-12.9072140360988],[-38.37824957216,-12.9078921833775],[-38.3800698602358,-12.908748789425],[-38.3811049259516,-12.9071783438055],[-38.3824969101043,-12.9076066468293],[-38.3823898350228,-12.9083918700887],[-38.3832821315651,-12.9087130971317],[-38.3824255264169,-12.9101122201028],[-38.3835676681133,-12.9107546741888],[-38.3861017939626,-12.9111115926258],[-38.3866728643612,-12.9117183562171],[-38.3861017939626,-12.9125392699713],[-38.3880291571199,-12.9136100270811],[-38.3880648494132,-12.9145023254219],[-38.3874223953272,-12.9151090881139],[-38.3866728643612,-12.9143595580471],[-38.3855307226647,-12.9148235533643],[-38.3833535161518,-12.9140383301048],[-38.3824612178109,-12.9147878610709],[-38.3831036727962,-12.9156087748251],[-38.3847455012039,-12.9159300018681],[-38.3852451879151,-12.9170007589778],[-38.3863159450248,-12.916857991603],[-38.3875294704087,-12.9158943095747],[-38.3876008540961,-12.9165439033784],[-38.3872082433657,-12.9168651304214],[-38.3875651618027,-12.9183641905549],[-38.3892426816045,-12.920113094044],[-38.3899922116712,-12.92007740265],[-38.3907417426372,-12.918399881949],[-38.391491272704,-12.9186497262039],[-38.3909558936995,-12.9195420236454],[-38.3914198890166,-12.9200774026499],[-38.3927404903813,-12.9195777159388],[-38.3928118740687,-12.9186497262039],[-38.3904562069883,-12.917114973777],[-38.3882789995761,-12.9182214231801],[-38.3880648494132,-12.9173291248392],[-38.389456833566,-12.9165795947724],[-38.388850070874,-12.9159014483931],[-38.388171925394,-12.9161869840421],[-38.3880648494132,-12.9154017616819],[-38.389456833566,-12.913224555169],[-38.3912771207425,-12.9136528581928],[-38.3916340409782,-12.913224555169],[-38.3913128130358,-12.912189488554],[-38.3920623431026,-12.9115470353673],[-38.3909202023054,-12.9100479743345],[-38.3894925258593,-12.9114399593866],[-38.3875651618027,-12.9108331957953],[-38.3873510107405,-12.911190116031],[-38.3851738042276,-12.9101550503153],[-38.3844242741609,-12.9074424647979],[-38.3879220811391,-12.9071569291489],[-38.3896352932342,-12.905907712371],[-38.3915983486848,-12.9064073990822],[-38.3924549547323,-12.9037661972521],[-38.393168793405,-12.9037305049588],[-38.3931331011117,-12.9043015762567],[-38.3925977221071,-12.9046228032997],[-38.3926691057945,-12.9054794093472],[-38.3929903328375,-12.9057649449962],[-38.3938469388851,-12.9051581823042],[-38.39409678314,-12.9055151007413],[-38.3930974088183,-12.9069784703801],[-38.3924192633383,-12.9067286261251],[-38.391776808353,-12.9077636918408],[-38.3912771207425,-12.9077993841343],[-38.3913841967233,-12.9070855445622],[-38.3906703589499,-12.9068357021059],[-38.3895996009408,-12.9071569291489],[-38.389171297917,-12.9077993841343],[-38.3916340409781,-12.9092627519744],[-38.3913485053292,-12.9095839790174],[-38.3918838843338,-12.9097981309789],[-38.3924906461264,-12.9091199845996],[-38.3936327878229,-12.9088344489506],[-38.3938112465917,-12.909191368287],[-38.3946678526393,-12.9091556759936],[-38.3941324754334,-12.9096910549981],[-38.3943109342022,-12.9102978176901],[-38.3954173836053,-12.9099052069597],[-38.3960241462973,-12.9104048936709],[-38.3959884540039,-12.910904580382],[-38.3950247719756,-12.9114399593866],[-38.3951318479563,-12.9131531705823],[-38.394453701577,-12.9135100899187],[-38.394739237226,-12.914152544904],[-38.3973090553686,-12.9145808479278],[-38.3969521360322,-12.9139027006491],[-38.3957386106483,-12.9135814736061],[-38.3955958432735,-12.9126177915778],[-38.396131222278,-12.9116898018429],[-38.3984155038723,-12.9119753383911],[-38.3983441210843,-12.9114042670932],[-38.3970949043063,-12.911190116031],[-38.3973090553686,-12.9106190447331],[-38.3957029192543,-12.9092984442677],[-38.394739237226,-12.9077993841343],[-38.3936684801162,-12.9076566158601],[-38.3937398638036,-12.9071569291489],[-38.3945250861638,-12.9069070857933],[-38.3956672269609,-12.9078707678216],[-38.3971662870944,-12.9081919948646],[-38.3980585854353,-12.9098338232723],[-38.3988081146028,-12.9103692022768],[-38.3991293434444,-12.9100836657286],[-38.3985225798531,-12.9092627519744],[-38.3983441210843,-12.9077636918408],[-38.3972733630752,-12.9072640051297],[-38.3973804390559,-12.9069070857933],[-38.3996290292562,-12.9056935613088],[-38.4001287159674,-12.904944031242],[-38.4005927112846,-12.9048012629679],[-38.4008425546401,-12.9054794093472],[-38.4024486907544,-12.9051224900109],[-38.4035194478642,-12.9030523585794],[-38.4048400492288,-12.9033735856224],[-38.4038763672006,-12.9053723333665],[-38.4036622161383,-12.9069070857933],[-38.403305296802,-12.905943403765],[-38.4010923979958,-12.9062289394139],[-38.4009139383276,-12.9067643184185],[-38.403305296802,-12.9078707678216],[-38.4031625294272,-12.9083704536335],[-38.4046258981666,-12.908584605595],[-38.4044474375991,-12.909191368287],[-38.4035551401576,-12.9096910549981],[-38.4030911448404,-12.9094055202485],[-38.4032339131145,-12.9089415249314],[-38.4002714842416,-12.9079421506097],[-38.3996647206503,-12.9085132219077],[-38.3996290292562,-12.909191368287],[-38.4001287159674,-12.9096196713107],[-38.4014850087261,-12.9095482876234],[-38.3999859485926,-12.9118682624103],[-38.3999859485926,-12.9125107173957],[-38.4003428679289,-12.9126534838711],[-38.4006997872654,-12.9116541113481],[-38.4020917723174,-12.9110473477568],[-38.4021988473988,-12.9128676358327],[-38.4041975951429,-12.9126891761645],[-38.4045902058733,-12.9122965654341],[-38.4045188221859,-12.911511343074],[-38.4038763672006,-12.9113328834058],[-38.4049114329163,-12.9103692022768],[-38.4049828166036,-12.9095839790174],[-38.4065889527179,-12.9098695146663],[-38.4065532613239,-12.9125821001837],[-38.4074455587655,-12.9125821001837],[-38.4078381703952,-12.9102978176901],[-38.4093372296294,-12.9106904293198],[-38.4099796846147,-12.9103692022768],[-38.4114787447482,-12.9083347622395],[-38.4110504417245,-12.9079421506097],[-38.4093015382353,-12.9094769039359],[-38.4070886403284,-12.9089772172247],[-38.4067317209921,-12.9084418382202],[-38.4087661601301,-12.9077280004468],[-38.4098012249465,-12.9065501673563],[-38.4094799979035,-12.905943403765],[-38.4085520081686,-12.9060861720392],[-38.4076954021211,-12.9071926214423],[-38.4075526347463,-12.9066572424378],[-38.4067674132855,-12.9066929338318],[-38.4057680389638,-12.9072640051297],[-38.4055895792956,-12.9081563025713],[-38.4050542011904,-12.9076566158601],[-38.4069458720543,-12.9050867977175],[-38.4066960286987,-12.9040160406078],[-38.4072314068039,-12.9036234298773],[-38.4075169433522,-12.9041231156892],[-38.4091230785672,-12.9047655706745],[-38.4093729219227,-12.9036591221707],[-38.4102295279703,-12.9030523585794],[-38.4098012249465,-12.902302829412],[-38.4100153769081,-12.9015532993453],[-38.4105150636193,-12.9018031418015],[-38.4117285890031,-12.9011249963215],[-38.4120141237528,-12.9002326979806],[-38.4125138113633,-12.9000185460191],[-38.4131205731559,-12.9002326979806],[-38.4119427400653,-12.9019102177823],[-38.4106935232874,-12.9026954401424],[-38.4101224528889,-12.9041945002759],[-38.410943366643,-12.905943403765],[-38.4120498160461,-12.9062646308081],[-38.4124781190699,-12.9068713943993],[-38.4131562654492,-12.9063360153948],[-38.4126922701321,-12.9058720200776],[-38.4127279624255,-12.9044800359249],[-38.413299032824,-12.9044086522375],[-38.4137987204346,-12.9071926214423],[-38.4164399213652,-12.9061575557266],[-38.4155476239237,-12.9048369552612],[-38.4157974672793,-12.9031237431662],[-38.4162971539904,-12.9031237431662],[-38.4161900780097,-12.9046228032997],[-38.4167611493076,-12.9048369552612],[-38.4171894523313,-12.9038732732329],[-38.4176248932741,-12.9044443436315],[-38.4189811860328,-12.9038375809396],[-38.4189811860328,-12.9024812881809],[-38.4193737967632,-12.9035163538966],[-38.4206230144405,-12.902659747849],[-38.4212297771325,-12.9029809748921],[-38.4215153118821,-12.9023742130994],[-38.4210870088583,-12.901267762797],[-38.4201590191234,-12.9013034550903],[-38.4196236401188,-12.9001970056872],[-38.4189098023455,-12.8999114700383],[-38.4180531962979,-12.9009822280473],[-38.418731341778,-12.9010893040281],[-38.4186599589899,-12.9015532993453],[-38.4175892009808,-12.901981602369],[-38.4167325949333,-12.900268390274],[-38.417446433606,-12.9000185460191],[-38.4180531962979,-12.8988407129285],[-38.4169824391882,-12.8994117842264],[-38.416839670914,-12.8989834812027],[-38.4173036662312,-12.8985908695729],[-38.4165898275584,-12.8973773450884],[-38.4145910798144,-12.8993403996397],[-38.4145910798144,-12.9000542383124],[-38.4136987823729,-12.8998400872502],[-38.4134846313107,-12.8993047082457],[-38.4145553884204,-12.8982339502365],[-38.4153049193865,-12.898305333924],[-38.4161258331407,-12.8970204248527],[-38.4160901408473,-12.8961638188051],[-38.4133775553299,-12.8965921218289],[-38.4120569539652,-12.8981625674485],[-38.4124138733015,-12.8991262476782],[-38.4120212616718,-12.8992690159523],[-38.4110218891488,-12.8990548648901],[-38.4109505045621,-12.8984481021981],[-38.4114501921726,-12.8982339502365],[-38.4111646556243,-12.8977699558188],[-38.4090231423042,-12.8989834812027],[-38.4075240812713,-12.897984106881],[-38.4088089903426,-12.8979127231936],[-38.4095585204094,-12.8972345768142],[-38.4105935861251,-12.8975201115638],[-38.4113788075858,-12.8969133497712],[-38.4096655963902,-12.8961281274111],[-38.4093800607412,-12.8927373964137],[-38.4103080495768,-12.8938438449175],[-38.4108791208747,-12.8936296929559],[-38.4103437418701,-12.8948075269458],[-38.4106649698124,-12.8951287539888],[-38.4125566406764,-12.8952715222629],[-38.4143769287522,-12.8947361432583],[-38.4137344737669,-12.8934155418937],[-38.4122354136334,-12.8934155418937],[-38.4117714192156,-12.8930229311633],[-38.4119498788838,-12.892416167572],[-38.4129135600127,-12.8927730869084],[-38.4136987823729,-12.8922020174092],[-38.4135203227047,-12.8911669507941],[-38.4128421763254,-12.890667264083],[-38.4114144998792,-12.8913454113616],[-38.4097369800775,-12.8911669507941],[-38.4099511311397,-12.8905601890015],[-38.4113788075858,-12.8907386477703],[-38.4123781819075,-12.8891682039494],[-38.4120212616718,-12.8886685172382],[-38.4111646556243,-12.8886328249449],[-38.4105578938317,-12.8892752799302],[-38.4103080495768,-12.8883115979019],[-38.4097726723709,-12.8880974468396],[-38.4093800607412,-12.8888469769064],[-38.4082379190447,-12.8889897442812],[-38.4075240812713,-12.8903460370399],[-38.4066317829304,-12.888775593219],[-38.4066674752237,-12.8880974468396],[-38.4083093027321,-12.8879546785655],[-38.4091659087796,-12.8870409655681],[-38.4089517577174,-12.8862200518139],[-38.4083093027321,-12.8858988247709],[-38.4072028542283,-12.887005274174],[-38.4066317829304,-12.8870409655681],[-38.4074170052905,-12.8855062140405],[-38.4069887022667,-12.884364072344],[-38.4072742379157,-12.8838643847335],[-38.4093800607412,-12.8851492938048],[-38.4103794341635,-12.8869695818806],[-38.4115929586481,-12.8875406531786],[-38.4114144998792,-12.886684047131],[-38.4119141865904,-12.8863985105828],[-38.4124138733016,-12.8870766578614],[-38.4128778677194,-12.8865769711503],[-38.4125566406764,-12.8855775968286],[-38.4113074238985,-12.8852206783915],[-38.4120569539652,-12.884364072344],[-38.4126994089505,-12.8842569972626],[-38.4125209492823,-12.8837216182581],[-38.4109861968554,-12.8838643847335],[-38.4109861968554,-12.8843997637381],[-38.4105578938317,-12.8845782243056],[-38.4098797483517,-12.8836145422773],[-38.4117714192156,-12.8825437851675],[-38.4119498788838,-12.8818656378888],[-38.412485256989,-12.8819727138696],[-38.4126280252631,-12.8813302588843],[-38.4132704793491,-12.8820797898504],[-38.4139843180218,-12.881758561908],[-38.4146267721078,-12.8828650122105],[-38.4137416125853,-12.8846353312555],[-38.4141699156091,-12.8867768463743],[-38.4134560769364,-12.8883829815893],[-38.4138843799601,-12.8886328249449],[-38.4149551379692,-12.8923090933899],[-38.4157760517234,-12.8920235568416],[-38.4153120573056,-12.8898463503288],[-38.4159188199975,-12.8876334524218],[-38.415704668036,-12.8869553051432],[-38.416775426045,-12.8861700827831],[-38.4159188199975,-12.88584885574],[-38.4166683500642,-12.8852420930481],[-38.4168825011265,-12.884456870688],[-38.4165255817901,-12.884135643645],[-38.4154191332863,-12.8845282552747],[-38.4151692890314,-12.88517071026],[-38.4148123696951,-12.8848851737117],[-38.4150265216566,-12.8832433462034],[-38.4169181934199,-12.883457498165],[-38.4170252694006,-12.8829578105545],[-38.4137059211912,-12.8807092203542],[-38.4140628396283,-12.8789603159657],[-38.4136345366045,-12.8783178618798],[-38.4125637803941,-12.8781750936057],[-38.4122068601584,-12.8797455383259],[-38.4125280881007,-12.8801024576623],[-38.4103865729819,-12.8811018310846],[-38.409815501684,-12.8827436585929],[-38.409815501684,-12.8813159830461],[-38.4089945879298,-12.8807092203542],[-38.4110290270679,-12.8801024576623],[-38.4113502541109,-12.8783892455672],[-38.4107434923183,-12.8779966348368],[-38.4095656592277,-12.8792815439081],[-38.4086019771995,-12.8797098469319],[-38.4084235166319,-12.8790673919465],[-38.409815501684,-12.8779252511493],[-38.4096727343092,-12.8774969481256],[-38.4081736741757,-12.8784963206487],[-38.4076739865651,-12.8783178618798],[-38.4074598364023,-12.8774612558323],[-38.4079952136082,-12.8768901854336],[-38.4089232042425,-12.8768188008469],[-38.4076026028778,-12.8747129780215],[-38.4068887651044,-12.8751412810452],[-38.406853072811,-12.8762120390543],[-38.4062820024124,-12.8766046497847]]],[[[-38.5210201377691,-12.9840055376254],[-38.5209130617883,-12.982806288979],[-38.5199493806593,-12.98184260785],[-38.5198423046785,-12.9811644605713],[-38.5204847587645,-12.9808432344277],[-38.5202706077023,-12.9802721640291],[-38.5185573956073,-12.9789158712704],[-38.5178435578339,-12.9792370983134],[-38.5172724874353,-12.9786303347222],[-38.5168084921182,-12.9774525016316],[-38.5178078664399,-12.9766672801708],[-38.516915568099,-12.9754894470803],[-38.516344496801,-12.9754180633929],[-38.5148811289609,-12.9730267049184],[-38.5155592753402,-12.9724556336206],[-38.5154878907535,-12.9714562601982],[-38.5124897695871,-12.9689792421982],[-38.5126682301547,-12.9684081709003],[-38.5115260893575,-12.9673731051846],[-38.510990710353,-12.9677300254203],[-38.5093845742387,-12.9656955853829],[-38.5073144428072,-12.9606987173719],[-38.5085636595852,-12.9594138083005],[-38.5083495076236,-12.958557202253],[-38.5086707346666,-12.9583430511908],[-38.508063972874,-12.956843990158],[-38.507457210182,-12.9571295258069],[-38.5070289071583,-12.9559516927164],[-38.5060931167039,-12.9563656002922],[-38.504567981627,-12.9557256436235],[-38.5039255266417,-12.952941675318],[-38.502569233883,-12.9508358515932],[-38.501926779797,-12.9481589583692],[-38.5030332292001,-12.9439473118189],[-38.5068165718273,-12.9381223921346],[-38.5115635973821,-12.9335538271474],[-38.5165604653931,-12.9301274029572],[-38.5176312234022,-12.9301630952506],[-38.5182379851948,-12.9298775587024],[-38.5184878285504,-12.9290209535541],[-38.5195942779535,-12.928842493886],[-38.5193087432039,-12.9281286561126],[-38.5179167581518,-12.9285569591363],[-38.5168460001428,-12.9276289694014],[-38.5152041717351,-12.9279858878384],[-38.5144546416683,-12.9269508221227],[-38.5139192626638,-12.9237742421875],[-38.5116706733629,-12.9212401163383],[-38.5085297839224,-12.921989646405],[-38.507244874851,-12.9215970347753],[-38.5046036739204,-12.921668419362],[-38.5011415583362,-12.9181706105852],[-38.4976437495594,-12.9129167612995],[-38.4978935938142,-12.9104540191376],[-38.4975723658719,-12.9093832620279],[-38.4947170129797,-12.9091691100663],[-38.4943957859367,-12.9118460041897],[-38.4916475081259,-12.9126312256505],[-38.4915404330445,-12.9133093729292],[-38.4920044283616,-12.9142730540581],[-38.4934321039084,-12.9155222708361],[-38.493967482913,-12.9168428722007],[-38.4932179528462,-12.9179992897354],[-38.4938604069322,-12.9197481941238],[-38.4958591537769,-12.9199980365801],[-38.496001922051,-12.9208189512336],[-38.4953951593591,-12.9220681680115],[-38.4956450027146,-12.9226749307035],[-38.4962874568006,-12.9227463152902],[-38.4964659173681,-12.9239241483807],[-38.4960733057384,-12.9241383003423],[-38.4945028619175,-12.9223893959538],[-38.4936819481633,-12.9224964710353],[-38.4920758111497,-12.9267795012729],[-38.4904696750355,-12.9267438089796],[-38.4898986046368,-12.92713641971],[-38.4895059939064,-12.9296705455592],[-38.4897915286561,-12.9309911469239],[-38.4894346102191,-12.9310625306113],[-38.4879355491862,-12.9294920867903],[-38.4878641645995,-12.9270650369219],[-38.4893632256323,-12.9271007283159],[-38.4898629132428,-12.9267438089796],[-38.4891490736708,-12.925565975889],[-38.49100505404,-12.924887830409],[-38.4909336703525,-12.9243167591111],[-38.4921828871305,-12.923531536751],[-38.4925754978609,-12.9225678547227],[-38.490398291348,-12.9206404915654],[-38.4896844526753,-12.9209974109018],[-38.4894346102191,-12.9203906482098],[-38.4886136955655,-12.9200694211668],[-38.4870789431387,-12.920890334921],[-38.4899699883243,-12.9217826332619],[-38.4905053673288,-12.922603547016],[-38.4899342960309,-12.923174618314],[-38.4873644787876,-12.9216755572811],[-38.4866506401149,-12.9218183246559],[-38.4865792564275,-12.9234601530636],[-38.4856512666926,-12.9240312243614],[-38.4850088117072,-12.922889082665],[-38.4856512666926,-12.9224607796412],[-38.4857226512793,-12.9218897092426],[-38.4830100648626,-12.9206048001714],[-38.4836525189485,-12.9195697335563],[-38.4830814494493,-12.9186060533267],[-38.4830100648626,-12.9154294715928],[-38.4810006097903,-12.9116604057031],[-38.4815359887948,-12.9089478201857],[-38.4803224643102,-12.9077699870952],[-38.4801083123487,-12.906627846298],[-38.478716328196,-12.9064136952358],[-38.478466483941,-12.9057355479571],[-38.4792517063012,-12.9039509521747],[-38.4789661706522,-12.9024161997478],[-38.4783594079603,-12.901666669681],[-38.477467111418,-12.901987896724],[-38.4775384942061,-12.8997036142304],[-38.4802510797235,-12.8993823871874],[-38.4818215244438,-12.9004174529031],[-38.4822498265682,-12.9015239023062],[-38.4815359887948,-12.9028801950649],[-38.4814646051074,-12.9035226491509],[-38.4819286004245,-12.9039152598813],[-38.4825710536112,-12.9037011088191],[-38.486996852123,-12.9054500132075],[-38.4872110031852,-12.9061638509809],[-38.4886029882373,-12.9056998556638],[-38.489959280996,-12.9047004831408],[-38.4899235887026,-12.9041651041362],[-38.488567295944,-12.9049860178904],[-38.4859260941139,-12.9024161997478],[-38.4868183915555,-12.9005959116719],[-38.4877820735838,-12.901987896724],[-38.4888885229869,-12.9017380542678],[-38.4889242152803,-12.9011669829699],[-38.4894239019914,-12.9008814482202],[-38.4905660427886,-12.9019165130366],[-38.4910300381057,-12.9017023619744],[-38.491672493091,-12.8989183918703],[-38.4914940334228,-12.8971195202496],[-38.4911728063799,-12.8955847669234],[-38.4867113173734,-12.8863762532615],[-38.4864971654118,-12.8835922840566],[-38.4856405593643,-12.8831996733262],[-38.4835704279329,-12.8841633553545],[-38.482463979429,-12.8835922840566],[-38.4825710536112,-12.8828427539899],[-38.4832492008899,-12.8822359912979],[-38.4846411850426,-12.8827713703025],[-38.4845698022545,-12.8823073749853],[-38.4836775039136,-12.8808440071452],[-38.4816787570689,-12.8805227792029],[-38.4792160140078,-12.8770963550127],[-38.4785021762344,-12.8746907198008],[-38.478145256898,-12.8691584736846],[-38.4783594079603,-12.8664101958738],[-38.4803224643102,-12.8606281064019],[-38.4800012372672,-12.8596644243737],[-38.4788590946715,-12.8589862779943],[-38.475753899323,-12.8553314260045],[-38.4751114443376,-12.8557240367348],[-38.4748972932754,-12.8546175873317],[-38.4753255962992,-12.8545818950384],[-38.4753969790873,-12.8517622344395],[-38.4759323580918,-12.8511197803535],[-38.4756111310488,-12.8484428862302],[-38.4747188327079,-12.8483715016434],[-38.4749686760635,-12.8491924162969],[-38.4743262219775,-12.8494065682585],[-38.4733982322426,-12.8484785776242],[-38.4718634798157,-12.8454447650638],[-38.4699718080524,-12.8449450783526],[-38.4695078127353,-12.8437672452621],[-38.4697933492836,-12.8432675576517],[-38.4710068737681,-12.8440170886177],[-38.4715779450661,-12.8438029366562],[-38.472220399152,-12.8408833379956],[-38.4733268476559,-12.8393842778621],[-38.4754326713806,-12.8374926060989],[-38.4765034293897,-12.8357793949031],[-38.479394473676,-12.8332452690539],[-38.4786806359026,-12.8315677492522],[-38.4792160140078,-12.8306754509113],[-38.4783237165662,-12.8272490267212],[-38.4768960401201,-12.8272490267212],[-38.4766105053705,-12.8286410117732],[-38.475825282111,-12.8288908551288],[-38.475753899323,-12.8271776430338],[-38.4768960401201,-12.8266065717358],[-38.4780381809173,-12.8246792085786],[-38.4790375552389,-12.8240724458866],[-38.4793587822819,-12.8253573549579],[-38.4805723067665,-12.8266422640292],[-38.4834633519521,-12.8265351889478],[-38.4837488876011,-12.8272133353272],[-38.4825353622171,-12.8287480868547],[-38.4816430647756,-12.8287837791481],[-38.4811790703578,-12.8302471478875],[-38.480036927762,-12.8305683749305],[-38.4801083123487,-12.8309966779543],[-38.4818929081311,-12.8308182182861],[-38.481750139857,-12.8311751376224],[-38.4801796960361,-12.8315677492522],[-38.4802510797235,-12.8325314303812],[-38.4835347356395,-12.8313535972906],[-38.4852836400279,-12.8275702537642],[-38.485426408302,-12.8258570416691],[-38.486390089431,-12.8245364412038],[-38.4861759383688,-12.8220951136985],[-38.4853550237153,-12.8220237300111],[-38.4848196447108,-12.8194896050612],[-38.4852122563405,-12.8192040694123],[-38.4858547113258,-12.819989290873],[-38.4861759383688,-12.8198108321042],[-38.4872110031852,-12.8156705701407],[-38.4900663569768,-12.8121727622631],[-38.4937426236231,-12.8103881655813],[-38.4950632249878,-12.8104238578747],[-38.4945992296706,-12.8093174093709],[-38.4898878973086,-12.8072472779395],[-38.4848553370041,-12.8174908573172],[-38.4829993566349,-12.8187757663885],[-38.4801440037427,-12.819632372436],[-38.4816787570689,-12.81966806383],[-38.4817858321504,-12.8203462102094],[-38.4796086247382,-12.8204889775842],[-38.4782166405854,-12.8193825290804],[-38.4784307916477,-12.8190256097441],[-38.4788590946715,-12.8192040694123],[-38.4788947869648,-12.8187400740951],[-38.4697433802527,-12.817633624692],[-38.4670664861294,-12.8188114577825],[-38.466709566793,-12.8194182213738],[-38.4672449457975,-12.8199179071856],[-38.4673520217784,-12.8218095789489],[-38.4692436926422,-12.8222021896793],[-38.4697433802527,-12.8199179071856],[-38.4707070622811,-12.8200606745604],[-38.4712424412856,-12.8210243565887],[-38.4707427536751,-12.8218095789489],[-38.4712067489923,-12.8227732609772],[-38.4735267228799,-12.8220237300111],[-38.4750614753068,-12.8225234167223],[-38.4775242183679,-12.8198108321042],[-38.478202363848,-12.8206317458584],[-38.4783451321221,-12.8216668106747],[-38.4793088132511,-12.8223449579534],[-38.4791303535829,-12.8230587957268],[-38.477274374113,-12.8221664982852],[-38.4768103787959,-12.8214169682184],[-38.4753470109558,-12.822916028352],[-38.4758110062728,-12.8245221653656],[-38.4764534603588,-12.8242723211107],[-38.4768103787959,-12.824914776096],[-38.4764177680655,-12.8253073868264],[-38.4753827032491,-12.8252716954324],[-38.4747759396578,-12.8261639928739],[-38.4745260972016,-12.8253787696145],[-38.4737408748414,-12.8260212245998],[-38.472598733145,-12.8247720078219],[-38.4715279760352,-12.8253787696145],[-38.4691366175608,-12.8254501542012],[-38.4699932236083,-12.8268064469599],[-38.4694578446038,-12.8273061336711],[-38.4705642940069,-12.8282698156994],[-38.4698861476275,-12.8289479620788],[-38.4692793849356,-12.8287338110165],[-38.4689224655993,-12.8272704422771],[-38.4670307947354,-12.825878457225],[-38.4666381840049,-12.8263067602487],[-38.4669951033413,-12.8271276740029],[-38.4657815779574,-12.8305184058997],[-38.463104683834,-12.8319817746391],[-38.462426538354,-12.8328383806867],[-38.4603207146292,-12.8334094510852],[-38.4597853356247,-12.8323030016821],[-38.4584647351593,-12.8324100776629],[-38.4580364321356,-12.8329811480615],[-38.4586431948275,-12.8335522193594],[-38.458429042866,-12.8348728198247],[-38.45778658878,-12.8349085121181],[-38.4568585990451,-12.8340519060706],[-38.4535035594417,-12.8329454557682],[-38.4530752564179,-12.8334451433786],[-38.4537534018979,-12.8340162137772],[-38.4555379976804,-12.8343017494262],[-38.4559306093101,-12.8354438911226],[-38.4542887809025,-12.8353368151419],[-38.4546813916328,-12.8347300515506],[-38.4538961701721,-12.8344088254069],[-38.4525755688074,-12.8353725074352],[-38.4520758820963,-12.8367287992946],[-38.4556450736612,-12.8372641782992],[-38.4567515230643,-12.8379066332844],[-38.4577152050926,-12.8372284860058],[-38.4575367454244,-12.8356223498915],[-38.4582148918038,-12.8355509662041],[-38.458429042866,-12.8363718799582],[-38.4588930381831,-12.836478955939],[-38.4586788862216,-12.8379423246785],[-38.4579650484481,-12.8376567890296],[-38.4573939780496,-12.8383706277023],[-38.4556450736612,-12.8383706277023],[-38.455466613993,-12.8387275470386],[-38.4513227826202,-12.839698366986],[-38.4508944795965,-12.8408762000765],[-38.4503234091979,-12.8412688108069],[-38.4502877169045,-12.8419826485803],[-38.4506089439475,-12.8420540331671],[-38.4517867779374,-12.8415543455566],[-38.4515012422885,-12.8409475837639],[-38.452357848336,-12.840019594029],[-38.452714766773,-12.8404122047594],[-38.4541424441185,-12.8397697506734],[-38.455320277209,-12.8405192807402],[-38.45503474156,-12.8417328061241],[-38.4553916608964,-12.8426251035656],[-38.4548919741852,-12.843624476988],[-38.4532501457776,-12.8433746336324],[-38.4534999900325,-12.8444453916414],[-38.4519652367063,-12.8448380032712],[-38.4516440096633,-12.8455161487512],[-38.4508230959091,-12.8456589170253],[-38.4504661765728,-12.8449093860593],[-38.4500344156557,-12.8448758953063],[-38.4501517636929,-12.8433766562077],[-38.4495866423097,-12.8432279398175],[-38.4495271557536,-12.8423058990979],[-38.4483374246324,-12.8426628184343],[-38.4480994793075,-12.8416218037032],[-38.447593843581,-12.8416515469813],[-38.446642058684,-12.842395128932],[-38.4472071809666,-12.8437930621001],[-38.4468502616302,-12.8453397116583],[-38.4453086950402,-12.8456589170253],[-38.4452016190594,-12.8460515277558],[-38.4445948572668,-12.8455518410446],[-38.4436311752385,-12.8457659921068],[-38.4429173365658,-12.8466582904477],[-38.4417038120812,-12.8468367501159],[-38.4419536554368,-12.8482644256626],[-38.4413825841389,-12.8485142699176],[-38.4415253524131,-12.8493708759651],[-38.4425961104221,-12.849549334734],[-38.4438453272001,-12.8486213458983],[-38.445165926766,-12.8490853403162],[-38.4463794530493,-12.8482287351679],[-38.4489849616865,-12.8486570381917],[-38.4497701840467,-12.8497634866955],[-38.4489849616865,-12.8499776377577],[-38.4495560329845,-12.8504059407815],[-38.44902065398,-12.8512982391224],[-38.4507695583684,-12.8512625468291],[-38.4508409420558,-12.8516908498528],[-38.451983082853,-12.8516908498528],[-38.4511264768054,-12.85215484517],[-38.4506267900942,-12.8530471426115],[-38.4514833961418,-12.8533326782605],[-38.4518046240841,-12.854224975702],[-38.4511264768054,-12.8548317392933],[-38.4520187751463,-12.8561166483646],[-38.4534821438858,-12.8559381877971],[-38.454945511726,-12.8546175873317],[-38.4554808907305,-12.8551886577303],[-38.4553381233556,-12.8563664908209],[-38.4542673662459,-12.8573301728492],[-38.4544815173081,-12.8576513998921],[-38.4558735023602,-12.8574372488299],[-38.4546599769763,-12.8584723136463],[-38.4547313606637,-12.8596144553428],[-38.4563731890714,-12.8595073802613],[-38.456301805384,-12.8577227835796],[-38.4572297951189,-12.8575800162047],[-38.4564802641528,-12.8567947938446],[-38.4567657998018,-12.8564378754076],[-38.4577294818301,-12.8577584758729],[-38.4586217792717,-12.8579012441471],[-38.4594212783692,-12.8596572855552],[-38.458172060692,-12.8597643606367],[-38.4583148289661,-12.8607994272517],[-38.4598138890997,-12.8605852761895],[-38.4605277277724,-12.8619772603423],[-38.45952835435,-12.8634406290817],[-38.4599923487679,-12.864011698581],[-38.4635972317268,-12.8655107596138],[-38.466381201831,-12.8642615428359],[-38.4668095048547,-12.862691099015],[-38.4673091915659,-12.862405563366],[-38.4669522722295,-12.864011698581],[-38.4674162666473,-12.8640473908744],[-38.4678088782771,-12.8632621694135],[-38.4688439439928,-12.8626554067216],[-38.4696291663529,-12.8629766337646],[-38.4692365547232,-12.8637975484181],[-38.4682371813008,-12.8637618561247],[-38.4680587216326,-12.866295981974],[-38.4674519589407,-12.8666885927044],[-38.4673448829599,-12.8674024313771],[-38.4677731859837,-12.8677593498141],[-38.4676304186089,-12.8681876528379],[-38.4669165799362,-12.8679735017756],[-38.4653818284086,-12.8690799511788],[-38.4645966060485,-12.8686159558616],[-38.4637400000009,-12.8692227185535],[-38.4652033687405,-12.8701507091879],[-38.4643467626929,-12.8705790122116],[-38.4641326107314,-12.870043633207],[-38.4632046209964,-12.870043633207],[-38.462812010266,-12.8683661134054],[-38.4620267879059,-12.8690442588854],[-38.4608846471087,-12.8680805777564],[-38.4612772578391,-12.8677593498141],[-38.4597781968063,-12.865689219282],[-38.4594212783692,-12.8659033712435],[-38.45952835435,-12.8676522747326],[-38.4584219049469,-12.8666885927044],[-38.4588502079707,-12.8660818300124],[-38.4587788242833,-12.8648683046285],[-38.4582077529853,-12.8637975484181],[-38.4558877790977,-12.8637261638314],[-38.4557093194295,-12.8655464519072],[-38.4579579096298,-12.8675095073579],[-38.4580649856106,-12.8684731893861],[-38.4598138890997,-12.8687230318424],[-38.4603849603976,-12.8737555921469],[-38.4627763179727,-12.8756115716167],[-38.4644538377743,-12.8762540257027],[-38.465131985053,-12.8792021778382],[-38.465774439139,-12.8800230915924],[-38.4659885911005,-12.8818790719616],[-38.4683442572816,-12.8858765674496],[-38.4685940997379,-12.8867688639918],[-38.4677374936903,-12.8868759399726],[-38.4675947272149,-12.8874113189771],[-38.4681657967141,-12.8880180807698],[-38.4689510199735,-12.8879110056883],[-38.4702359290449,-12.8918870847211],[-38.4715565286108,-12.8941713681141],[-38.4720919076154,-12.8944212105704],[-38.4731983579179,-12.893421837148],[-38.4741263467535,-12.89335045436],[-38.4742334227342,-12.8927436907687],[-38.4732697407059,-12.8928150753554],[-38.4725202106392,-12.8922440040575],[-38.4727343626007,-12.8918870847211],[-38.4735552772542,-12.8921726203701],[-38.4742334227342,-12.8911375546544],[-38.4744475746958,-12.89138739801],[-38.4741977313402,-12.8918157010337],[-38.474626034364,-12.8934575294414],[-38.474019271672,-12.8941356758207],[-38.4733768166867,-12.8941713681141],[-38.4732340493119,-12.8954919676801],[-38.4724488269517,-12.8956347359543],[-38.4729842059563,-12.8973479480494],[-38.4735909686482,-12.8975621000109],[-38.4739835802779,-12.8986328571206],[-38.4759109434352,-12.8980617858227],[-38.4759109434352,-12.8994180785814],[-38.4754826404115,-12.8997393056244],[-38.4728414376822,-12.8997749979177],[-38.4725915952259,-12.9005959116719],[-38.4752684893493,-12.901630978287],[-38.4764106301464,-12.9029515787523],[-38.4748758777195,-12.9033798817761],[-38.4741620390468,-12.9029515787523],[-38.4741263467535,-12.902309123767],[-38.4718777565532,-12.9009171396142],[-38.4726629789133,-12.903022963339],[-38.4706999225633,-12.9027374267908],[-38.4712353015678,-12.9011312906765],[-38.4705214637944,-12.9002389932349],[-38.4704143878137,-12.899346694894],[-38.468736868012,-12.8985614734332],[-38.4664882769124,-12.8947067462193],[-38.4630618536216,-12.8959916552906],[-38.4625621669105,-12.8952778166179],[-38.4628833939534,-12.8947424376133],[-38.4625978592038,-12.8943855191763],[-38.4610987981709,-12.8941356758207],[-38.4581006770046,-12.8958131956225],[-38.4585251453192,-12.8966316479322],[-38.4573056709199,-12.8975536886518],[-38.456324142745,-12.8975536886518],[-38.4559672243079,-12.8987136773943],[-38.4540902771445,-12.8981093149929],[-38.4543780107365,-12.897715574714],[-38.453842631732,-12.897430039065],[-38.4526647986415,-12.8973229639835],[-38.4525934149541,-12.8968946609598],[-38.4535570969824,-12.8961808222871],[-38.4518081925939,-12.8932897771015],[-38.4543423193425,-12.8922547122851],[-38.4548420060537,-12.8926116307221],[-38.454128167381,-12.8941106908557],[-38.4543780107365,-12.8951100651773],[-38.4556629198079,-12.8952528325522],[-38.4555915361204,-12.8937537724186],[-38.4565195258554,-12.8937537724186],[-38.4570549039606,-12.894503301586],[-38.4582327379504,-12.8946103775668],[-38.4598388740648,-12.8930756260393],[-38.4580899696763,-12.8921119440109],[-38.4569121365858,-12.8920048680302],[-38.4567336769176,-12.8915765650064],[-38.4560555314376,-12.8915408727131],[-38.4557343025959,-12.8920405603235],[-38.4548063137604,-12.8918264092613],[-38.4545564704047,-12.8912553379635],[-38.4511498789637,-12.8927354080127],[-38.4494567945953,-12.8927653959062],[-38.4499522131241,-12.8898990452048],[-38.4486673040528,-12.8891138228446],[-38.4480962336542,-12.8906485761708],[-38.4487624163524,-12.8911874553368],[-38.4480555159492,-12.8914265769749],[-38.4467765558933,-12.8907424815802],[-38.446449379835,-12.8901178736409],[-38.4470739886736,-12.8899691581501],[-38.4472524483418,-12.8873814938608],[-38.446449379835,-12.8872625207487],[-38.446449379835,-12.8865784262533],[-38.4457355420616,-12.8864594531412],[-38.4458247718957,-12.8858645866813],[-38.4482637188955,-12.88526972202],[-38.4491560172363,-12.8858348443026],[-38.4496319087855,-12.88526972202],[-38.4483529487296,-12.8843774236791],[-38.4472821907205,-12.8844666544125],[-38.4481744890614,-12.8830389770671],[-38.4479960302925,-12.881641043899],[-38.4475498811221,-12.8812246380066],[-38.4460032306645,-12.8834553829595],[-38.4454975958373,-12.8834256396815],[-38.4454083660032,-12.8814625842308],[-38.4444565811063,-12.8806892599014],[-38.4434750538306,-12.8806892599014],[-38.4408873904407,-12.8821764229036],[-38.4424340399989,-12.8852102363633],[-38.4432073643284,-12.8844369111345],[-38.4422555803307,-12.8832471800133],[-38.442850444992,-12.8821466787262],[-38.4438914588237,-12.8833364098474],[-38.4447242706086,-12.887916871966],[-38.4440104319359,-12.8897014677485],[-38.4433092413284,-12.890297480844],[-38.4426065794301,-12.8898369407222],[-38.4422139678003,-12.8887304922184],[-38.4415715137143,-12.889301562617],[-38.4389660041777,-12.8883021891946],[-38.4395370736769,-12.8873385071663],[-38.4374669431448,-12.8861606740758],[-38.4364675697225,-12.8871243561041],[-38.4357537310498,-12.886017906701],[-38.4361106512855,-12.8856609873647],[-38.435096759208,-12.8843973688435],[-38.4366584256458,-12.8831702511062],[-38.437515030794,-12.8831702511062],[-38.4372651883377,-12.8843123928027],[-38.4375864153807,-12.8854902258932],[-38.4383002540534,-12.8858114529361],[-38.4389537194386,-12.8840872304413],[-38.4385144051157,-12.8827776403758],[-38.4387285570772,-12.8818853420349],[-38.4403068960464,-12.8819822233009],[-38.4404060768789,-12.8809573531992],[-38.4394067025572,-12.8809573531992],[-38.4391211678076,-12.8804576655887],[-38.4394423948506,-12.8799222865842],[-38.4392639351824,-12.8786373784122],[-38.439835005581,-12.8784946110374],[-38.4407273039219,-12.8795296758538],[-38.4426698053672,-12.8799045447589],[-38.4426591978636,-12.8787259256609],[-38.4413340657145,-12.878744454393],[-38.4402633086048,-12.8777450800713],[-38.4404417691722,-12.8769955500046],[-38.441379998588,-12.8773601495512],[-38.4423334400362,-12.8771383182787],[-38.4419051370125,-12.8762103276445],[-38.4408343799026,-12.8762460199378],[-38.4408343799026,-12.8757463332266],[-38.4419765206998,-12.8756035649525],[-38.4415482176761,-12.8744971164487],[-38.4401919249174,-12.8740331211316],[-38.4402276172107,-12.8757820246207],[-38.4396922382062,-12.8760318679763],[-38.4393353188698,-12.8776380049899],[-38.4380504097985,-12.8765672469808],[-38.4386928647838,-12.8761746362504],[-38.438550097409,-12.8743186558812],[-38.4381931780726,-12.8743186558812],[-38.4377028712904,-12.8731379107859],[-38.437515030794,-12.8739974288382],[-38.4371581123569,-12.8739260451508],[-38.4366494216334,-12.8712070276821],[-38.4358732032857,-12.8702854698985],[-38.4363728899969,-12.8689291771398],[-38.4355876676367,-12.868179647073],[-38.4341599911906,-12.8681082633856],[-38.4339530760736,-12.8698325614236],[-38.4331249263742,-12.8678941123234],[-38.4344455268396,-12.8668947380017],[-38.4349452135508,-12.8677870363426],[-38.4355876676367,-12.8677513440492],[-38.4353735165745,-12.8665735109588],[-38.4355876676367,-12.8657169049112],[-38.4360873552472,-12.8655741366371],[-38.4364085822902,-12.8657169049112],[-38.4358812369295,-12.8663834599287],[-38.436194431228,-12.8673230410255],[-38.4369082690014,-12.8672873487321],[-38.437515030794,-12.8655027529496],[-38.4381407413021,-12.8657991416171],[-38.4377291827556,-12.868179647073],[-38.4382645617601,-12.8692147127887],[-38.4389070158461,-12.8691433291013],[-38.4396922382062,-12.8674658092996],[-38.439228242889,-12.8660738242476],[-38.4394067025572,-12.8651458336133],[-38.4402825370094,-12.8669459031309],[-38.440870072196,-12.8670018139825],[-38.4407273039219,-12.8647532228829],[-38.4411556069456,-12.8647532228829],[-38.4412269906331,-12.8655741366371],[-38.4420479052865,-12.8662522839158],[-38.4429402027282,-12.8662879762091],[-38.4440823444246,-12.8653956778682],[-38.4446891062173,-12.8670731976699],[-38.4422620563488,-12.8684294904286],[-38.4419051370125,-12.8690719454139],[-38.4423334400362,-12.8694645561443],[-38.4445463388424,-12.8683937990346],[-38.444831873592,-12.8693217878702],[-38.4442964945875,-12.8701070102303],[-38.4462595509375,-12.8699285505621],[-38.4463309346249,-12.8691790213947],[-38.4456527882455,-12.8688221020584],[-38.4456884796395,-12.8662879762091],[-38.4443321868809,-12.864574764114],[-38.4458669402071,-12.8623261730144],[-38.4457955556203,-12.8603274261698],[-38.4468663127301,-12.8596849711845],[-38.4490792124356,-12.860220350189],[-38.4499715098772,-12.8594351278288],[-38.4499001261899,-12.8582216033443],[-38.4508281159248,-12.8584714458006],[-38.4506139639632,-12.8590782093918],[-38.4510065746936,-12.8598634308526],[-38.4516133382849,-12.8597563548718],[-38.4516133382849,-12.8590068248051],[-38.4522914837649,-12.8590425170984],[-38.4523628683516,-12.8598634308526],[-38.4529339387502,-12.8598634308526],[-38.4535407014422,-12.8586142140747],[-38.4533265503799,-12.8574006886908],[-38.4501000014139,-12.8570509081728],[-38.4489578588181,-12.8592281146857],[-38.4474944909779,-12.8584785846189],[-38.4468520359926,-12.8591210387049],[-38.446566501243,-12.8586927356812],[-38.4474231072905,-12.8577647459462],[-38.4467092686178,-12.8570152158795],[-38.4458169711762,-12.8568367562113],[-38.4457812788829,-12.8562299944186],[-38.4478157180209,-12.856479836875],[-38.4478157180209,-12.8560158415578],[-38.4499215408464,-12.8557303068082],[-38.4501000014139,-12.8551235450155],[-38.4494932378226,-12.8536958676701],[-38.4479941776891,-12.8524823431856],[-38.4469948042668,-12.8528392616226],[-38.4465308089496,-12.8524823431856],[-38.4460668136325,-12.8527321856418],[-38.4478871017083,-12.8548023170732],[-38.4471018802475,-12.8554447720586],[-38.4453529758591,-12.8549807767414],[-38.4453529758591,-12.8534460252138],[-38.4431043847595,-12.8540884792998],[-38.442997309678,-12.8550164690348],[-38.4445677543983,-12.8564084531875],[-38.4445320621049,-12.8570509081728],[-38.4435326877833,-12.8571579841536],[-38.4437825320382,-12.8577647459462],[-38.4456385106087,-12.857265059235],[-38.4452458998783,-12.8587284279745],[-38.4446748303791,-12.8587641202679],[-38.4442822187494,-12.8582644326574],[-38.4437468397448,-12.8584785846189],[-38.4432471530337,-12.8593708820605],[-38.4423905469861,-12.8596207263154],[-38.4420693199432,-12.8605487160504],[-38.4431757693462,-12.8609770190741],[-38.4441037590812,-12.8594065743539],[-38.4451031334028,-12.8595493417287],[-38.4452815921717,-12.8613339384105],[-38.4448889814413,-12.8621191598713],[-38.4443892938308,-12.8621191598713],[-38.4441703502814,-12.863615790936],[-38.4436635247518,-12.8639298800599],[-38.4435683800766,-12.8630114582122],[-38.4427831577165,-12.8629757659188],[-38.442640391241,-12.8620477761839],[-38.442997309678,-12.8616551645542],[-38.4411770216022,-12.8609056353867],[-38.4407130271844,-12.8601204130266],[-38.4408201031652,-12.8590853473109],[-38.4403204155547,-12.8590853473109],[-38.4401419558865,-12.8605844083437],[-38.4384287446908,-12.8616194731601],[-38.4380718253544,-12.861476704886],[-38.4392496593443,-12.8604416400696],[-38.4398564211369,-12.8590139627242],[-38.4418908602749,-12.8580859729892],[-38.4417124006068,-12.8569081398987],[-38.4405345684156,-12.8556589231208],[-38.441284097583,-12.8525894191663],[-38.4407844108718,-12.8525180345796],[-38.4408201031652,-12.8519112718876],[-38.4418551679816,-12.8517328131187],[-38.4418194756882,-12.8509475898593],[-38.4421763959239,-12.8516614294314],[-38.44360407237,-12.851946964181],[-38.442997309678,-12.8499839087303],[-38.4421050122365,-12.8500909838118],[-38.4407844108718,-12.8494842220191],[-38.4403918001414,-12.8497697567688],[-38.4405440517666,-12.8509223180105],[-38.4399278048243,-12.8509118993647],[-38.439285349839,-12.849912525043],[-38.439999189411,-12.8494485297258],[-38.4395708863872,-12.8484491563035],[-38.4391782747575,-12.8479851609864],[-38.4388821756718,-12.8481466702326],[-38.4366751611297,-12.8434567651176],[-38.4325348991662,-12.845217565738],[-38.4316782931187,-12.844170602891],[-38.4304409725728,-12.8446940847642],[-38.4309644553453,-12.8462645285851],[-38.4266338356829,-12.8479777406802],[-38.4282518689286,-12.8524987171421],[-38.4383883732248,-12.8485488119781],[-38.4389614032462,-12.8486306727673],[-38.438928431402,-12.8497697567688],[-38.4381432090418,-12.8503765203601],[-38.4387499717338,-12.8504835963408],[-38.4385358197722,-12.8510546658401],[-38.4375007549558,-12.8508405147779],[-38.4355020072118,-12.8525537268729],[-38.4367512248891,-12.8530177221901],[-38.4364656892401,-12.8541241706939],[-38.4349309368133,-12.8542312466747],[-38.4355376986059,-12.8535887916893],[-38.4349309368133,-12.8531604886656],[-38.4311475941861,-12.8563727617935],[-38.4317186636853,-12.856943832192],[-38.4325038869448,-12.8568367562113],[-38.4330035727567,-12.8556232308274],[-38.4333248006989,-12.8556946154141],[-38.4329678822619,-12.8571222918602],[-38.4337531037227,-12.8573721352158],[-38.435038012794,-12.854909393054],[-38.4356447745866,-12.8548737007607],[-38.4362872295719,-12.8551949278036],[-38.4350737050874,-12.8564441445816],[-38.4349309368133,-12.8573721352158],[-38.4355020072118,-12.8576219785714],[-38.4362158458845,-12.8570865995669],[-38.4367512248891,-12.8576576699655],[-38.4372152193069,-12.857193676447],[-38.4376078300373,-12.8581573566766],[-38.4382145927292,-12.8571579841536],[-38.438642895753,-12.8573364429225],[-38.43832166871,-12.8585518218091],[-38.4385358197722,-12.8599062610651],[-38.4371438356195,-12.8602988717955],[-38.4368226076772,-12.8600133370458],[-38.4376792137247,-12.8587284279745],[-38.4365727652209,-12.8581573566766],[-38.4355733908992,-12.85819304897],[-38.4357161591734,-12.8587998116619],[-38.435038012794,-12.8591567309983],[-38.4350023214,-12.858514276013],[-38.4342884818279,-12.8586213519937],[-38.4329678822619,-12.8580502815952],[-38.4348595531258,-12.8600490293392],[-38.4352164715629,-12.8613339384105],[-38.436001693923,-12.8615123971794],[-38.4357518505674,-12.8619407002031],[-38.4345026337895,-12.8613696298045],[-38.4337531037227,-12.8615480885734],[-38.4339672547849,-12.8621191598713],[-38.4331106487374,-12.8624403869143],[-38.4339315633909,-12.8642249826967],[-38.4348952454192,-12.8647960539947],[-38.4350737050874,-12.8654385080806],[-38.4340029470783,-12.8660095793786],[-38.4343955578087,-12.8647960539947],[-38.4331463410307,-12.8643320586775],[-38.4330749573434,-12.8638323719664],[-38.431522764364,-12.8638766950534],[-38.4310762095993,-12.86347545263],[-38.4321469667091,-12.8621905435587],[-38.4323254272766,-12.8597634927909],[-38.4318614319595,-12.858514276013],[-38.4313974366423,-12.858514276013],[-38.4310762095993,-12.8615837808667],[-38.4302909881386,-12.8618336251217],[-38.4301839121578,-12.8630471496063],[-38.4287205443176,-12.8629043822314],[-38.4294700743843,-12.8622619281454],[-38.4293986897977,-12.8604416400696],[-38.4278996296641,-12.8605487160504],[-38.4258449692699,-12.8654203372787],[-38.4248812881409,-12.8659200230906],[-38.4239710627143,-12.8652190708035],[-38.421294168591,-12.8581163799669],[-38.4210800184281,-12.8578665366113],[-38.4203304883613,-12.8590800619952],[-38.4197951093567,-12.8586874512648],[-38.4201163363998,-12.8571883902319],[-38.4207587913851,-12.8566530112274],[-38.4202947960679,-12.8559034811607],[-38.4191526552708,-12.8564031678719],[-38.4186886599537,-12.8551896433873],[-38.4178677461995,-12.8551539510939],[-38.4172966749016,-12.855832096574],[-38.4176179019446,-12.8573311576068],[-38.4174751336704,-12.8576523846498],[-38.4169040641712,-12.8572240816261],[-38.4167256036037,-12.8580806876736],[-38.4170825229401,-12.8600437431242],[-38.4181889732425,-12.860150819105],[-38.419081270684,-12.8593655967448],[-38.41972372477,-12.8595440573123],[-38.4198308007508,-12.8606148144221],[-38.4212111162,-12.8610514055978],[-38.4208837926529,-12.8621009890694],[-38.4184924350778,-12.8619582207952],[-38.4178142877991,-12.8623508324249],[-38.4178499800925,-12.8635643569095],[-38.4212764042826,-12.8640640436207],[-38.4220259343493,-12.865027725649],[-38.4222221592252,-12.8666467481489],[-38.4215083205525,-12.8670036665859],[-38.4207944827791,-12.866718130937],[-38.4206517154043,-12.8659686008702],[-38.4199735690249,-12.865468914159],[-38.4177963616128,-12.8650049197412],[-38.4177249779253,-12.8661827528317],[-38.4182603569299,-12.8663255202066],[-38.4181175886558,-12.8667538232303],[-38.4167612958971,-12.8662184451251],[-38.4164757611474,-12.8664325961873],[-38.4162616091859,-12.8685384190128],[-38.4152979280569,-12.8677175052586],[-38.4151551597827,-12.8689310297432],[-38.4132991803129,-12.8687882632677],[-38.4154050031383,-12.8694664087477],[-38.4165114534407,-12.8693950250603],[-38.4173323671949,-12.8687882632677],[-38.4208301750724,-12.8685027267194],[-38.4210443261347,-12.8688953383492],[-38.4230690067292,-12.8687377843213],[-38.4238819138192,-12.8705242803712],[-38.4255237422269,-12.8698461339919],[-38.4257735846831,-12.870631356352],[-38.4249169804343,-12.873308249576],[-38.4248455958475,-12.8758423763246],[-38.4239889898,-12.8752713050267],[-38.4204911819224,-12.8749143856903],[-38.4202056471728,-12.8762349870549],[-38.4229182317909,-12.8769845171217],[-38.4225613133539,-12.8788048051975],[-38.4245957515926,-12.8789475716731],[-38.4259163529573,-12.8783408098804],[-38.4290215501044,-12.8792331082214],[-38.4306212578648,-12.8807052714311],[-38.4297360749599,-12.8803571690481],[-38.4284511658885,-12.8809996231341],[-38.4285225486767,-12.8823202235994],[-38.4278444031966,-12.8816777704128],[-38.4277373272158,-12.8802500930673],[-38.4263453430631,-12.8802857853607],[-38.4265238018319,-12.8821060734365],[-38.4262025747889,-12.8822845322053],[-38.4257742717652,-12.8810710068215],[-38.4248819743236,-12.8802857853607],[-38.4244536712998,-12.8803214767547],[-38.4245964386747,-12.881570694432],[-38.4233829141901,-12.8801073247932],[-38.4220980051188,-12.8803214767547],[-38.4220980051188,-12.8809996231341],[-38.4207774037541,-12.8812137750956],[-38.419064191659,-12.8828199112099],[-38.4186715809287,-12.8826057592484],[-38.4177078989003,-12.8848543503479],[-38.4181718942175,-12.8853897293525],[-38.4215983184076,-12.8828199112099],[-38.4217410857825,-12.8838549760263],[-38.4228832265796,-12.8833195979211],[-38.4232758382093,-12.8840691279878],[-38.4249890503044,-12.8834266739019],[-38.4248819743236,-12.884211896262],[-38.4258099640586,-12.8839263597137],[-38.4255244293089,-12.8850328100161],[-38.4262739593757,-12.8855324967273],[-38.4284511658885,-12.8844617387183],[-38.4286296246574,-12.8836051326707],[-38.4291650036619,-12.8836408249641],[-38.4297360749599,-12.8846758906798],[-38.4277016349225,-12.8854968053333],[-38.4289151612057,-12.8858537237703],[-38.4303071453584,-12.8879238552017],[-38.4304499127332,-12.8894942990227],[-38.4294148470175,-12.889886909753],[-38.4290936199745,-12.8892801479604],[-38.4292720796427,-12.887852470615],[-38.4287723929315,-12.8874955521779],[-38.4279871705714,-12.8881380062639],[-38.4274517915669,-12.8866032538371],[-38.4257385803712,-12.8867817144045],[-38.4253816610348,-12.8864961778562],[-38.4252032013666,-12.887852470615],[-38.4257385803712,-12.8885306169943],[-38.4262382670823,-12.8888161526433],[-38.4272733318987,-12.8885663092877],[-38.4269164125623,-12.8894229153352],[-38.4273804078795,-12.8913502793918],[-38.4267379537935,-12.8913145870985],[-38.425881347746,-12.8902438290894],[-38.4242038279443,-12.889851218359],[-38.4231330699352,-12.8919927325785],[-38.4217410857825,-12.8925638038764],[-38.4223835398684,-12.8903865973636],[-38.4230259948537,-12.889886909753],[-38.4229546111663,-12.8891373796863],[-38.4222764638877,-12.8889946123115],[-38.4222764638877,-12.8884235419129],[-38.4234186055841,-12.8875669358654],[-38.4235256806656,-12.8867103298179],[-38.4229903025604,-12.8857823400829],[-38.4220980051188,-12.8860321834385],[-38.4215626261143,-12.8896727586908],[-38.4217767771765,-12.8911004351369],[-38.4213841664461,-12.8913859707859],[-38.4201706410622,-12.8909219763681],[-38.4193140350147,-12.8937416369669],[-38.4186715809287,-12.8937416369669],[-38.4186715809287,-12.8911718188243],[-38.4183503538857,-12.8910647428436],[-38.4178149748811,-12.8915287381607],[-38.417636515213,-12.8934204099239],[-38.4171082750268,-12.8935346238238],[-38.4165372037289,-12.8929635534252],[-38.4158947496429,-12.8937844671794],[-38.4158233659555,-12.8952478359189],[-38.4186073351603,-12.8958902900048],[-38.4198208614436,-12.8954262946877],[-38.4207845416732,-12.8943912298713],[-38.4204990069236,-12.8969253557206],[-38.421212844697,-12.8969967403073],[-38.4220694507445,-12.8963185930286],[-38.4220694507445,-12.8940343114343],[-38.4224977537682,-12.8942127702031],[-38.423247283835,-12.8958545977115],[-38.424496500613,-12.896389976716],[-38.4246392688871,-12.8970681230954],[-38.4243537341375,-12.8976035020999],[-38.421926684269,-12.8984601081475],[-38.4218196082883,-12.898995487152],[-38.422283602706,-12.8991739459208],[-38.4236755868588,-12.8983530321667],[-38.42417527357,-12.8987813351904],[-38.425531567228,-12.8983530321667],[-38.426209712708,-12.8992453296082],[-38.4279229248031,-12.8999948605743],[-38.4279943093898,-12.9005659309729],[-38.4265309406504,-12.9009942339966],[-38.4261383299199,-12.9015653052946],[-38.4256386432088,-12.9013154610396],[-38.426174021314,-12.9003160876173],[-38.425567258622,-12.8999591691803],[-38.423247283835,-12.9000662442617],[-38.422569138355,-12.9004588549921],[-38.4230688250662,-12.9017437640635],[-38.4231045173596,-12.9043492736001],[-38.4228189808112,-12.904920344898],[-38.4206774665918,-12.904599117855],[-38.4207845416732,-12.9057412586521],[-38.4214626889518,-12.9060624856951],[-38.4210343859281,-12.9067049406804],[-38.4201777798806,-12.9070618600168],[-38.4191070218715,-12.9050274208787],[-38.417929188781,-12.9055271066906],[-38.4177864214062,-12.9069190917426],[-38.4144670731968,-12.9084395683314],[-38.4143956886101,-12.9089035627492],[-38.4156449062873,-12.9095817091285],[-38.4164301286474,-12.9092247897922],[-38.4171796587143,-12.9094746331477],[-38.4161089007052,-12.9099386275656],[-38.4171796587143,-12.9105453911568],[-38.4185359523723,-12.9105096988635],[-38.4203562386494,-12.911687531954],[-38.4191070218715,-12.9114376876991],[-38.4171439673202,-12.9119016830162],[-38.4156449062873,-12.9107595422191],[-38.4152166032636,-12.9111521529495],[-38.4173224260891,-12.9135435114239],[-38.4180362647618,-12.9137219710921],[-38.4185716437663,-12.9133293603617],[-38.4194639412079,-12.9136505874046],[-38.418964255396,-12.9149354955766],[-38.4207488502792,-12.9159705621917],[-38.4188928708093,-12.9161133286672],[-38.417607961738,-12.9147570368078],[-38.4178578050936,-12.9144715011588],[-38.4173938097764,-12.9139718144476],[-38.4169655067527,-12.914328733784],[-38.4171082750268,-12.9158277939175],[-38.4164658209408,-12.9166843999651],[-38.4153950629318,-12.9163274806287],[-38.4157162899747,-12.9140788904284],[-38.4151809118695,-12.9140075058416],[-38.4139673855863,-12.9156850256434],[-38.4144670731968,-12.9166130162776],[-38.4126467860203,-12.9156136428553],[-38.4125040177462,-12.9165773239843],[-38.4119686387416,-12.9170770106955],[-38.4131821641255,-12.9184333043535],[-38.4105052709015,-12.9186474554157],[-38.4120757147224,-12.9156136428553],[-38.4108621902378,-12.914614269433],[-38.4076142257159,-12.9137576633854],[-38.4069717707306,-12.9146856531203],[-38.4063293166446,-12.9147213454137],[-38.4056511702652,-12.9156850256434],[-38.4059367059142,-12.9166843999651],[-38.4071502312981,-12.9173268540511],[-38.4069003870432,-12.9176480819933],[-38.405437019203,-12.9176195276191],[-38.4045804131555,-12.9159777001107],[-38.4033668877716,-12.914906943001],[-38.402795817373,-12.9150140180824],[-38.4038308830887,-12.9177266035998],[-38.4038308830887,-12.9182262912103],[-38.403117044416,-12.9185832096473],[-38.4041878024251,-12.9205105728046],[-38.4052942509289,-12.9207247247662],[-38.4061508569764,-12.9192613560267],[-38.4076499171099,-12.9192256637334],[-38.4076142257159,-12.9216884058952],[-38.408720675119,-12.920831800747],[-38.4085422145515,-12.9195112002817],[-38.4089705175753,-12.9194755079883],[-38.409363129205,-12.9206890333721],[-38.4069717707306,-12.9239369969948],[-38.4065434677069,-12.9235443862644],[-38.4059367059142,-12.9240440729756],[-38.4067219282744,-12.9247936030423],[-38.4062222406638,-12.9256502090898],[-38.4079711450523,-12.9275061885597],[-38.4076142257159,-12.9278274156027],[-38.4065434677069,-12.9271492692234],[-38.4058653222268,-12.9273991125789],[-38.4048659479051,-12.9282557186265],[-38.4048659479051,-12.9300046230149],[-38.4060080887023,-12.9305400011201],[-38.4077569930907,-12.9288981727125],[-38.4078997613648,-12.9299332393275],[-38.4070074630239,-12.9306827693943],[-38.4075428420285,-12.9316464514225],[-38.4084351403694,-12.9313966071676],[-38.4096843571473,-12.9329313595945],[-38.4098628159162,-12.9316107591292],[-38.4089705175753,-12.9308612290624],[-38.4092203618302,-12.9292194006547],[-38.4086135991382,-12.9276489559345],[-38.4092560541235,-12.9275775722471],[-38.4101126601711,-12.9281486426457],[-38.4107908056511,-12.9276489559345],[-38.4105766545889,-12.9268994258678],[-38.4095772811666,-12.9263640468632],[-38.4097914322288,-12.9246508347682],[-38.4089348261812,-12.9245794519801],[-38.4088634433932,-12.9260785121136],[-38.4082566798019,-12.9260785121136],[-38.4076142257159,-12.9254003657342],[-38.4077569930907,-12.924757910749],[-38.4083637557826,-12.9236514622451],[-38.4089348261812,-12.9236871536392],[-38.4098985082095,-12.9229376235724],[-38.4103268112333,-12.9222237848997],[-38.4096843571473,-12.9217597895826],[-38.4103981949207,-12.9204748814106],[-38.4110406490067,-12.9205819573914],[-38.4108264979445,-12.9212957951648],[-38.4112548009683,-12.921474254833],[-38.4122898657847,-12.9193684320075],[-38.4126824783137,-12.9194755079883],[-38.4131464718322,-12.9201893457616],[-38.4122184829966,-12.9207247247662],[-38.4126110937269,-12.9213671788522],[-38.4119329473476,-12.9226520879235],[-38.4124326340587,-12.9229733149665],[-38.4117901799728,-12.9232945429088],[-38.4107908056511,-12.9259000524454],[-38.4122541752899,-12.9259714361329],[-38.4131107813374,-12.9251505223787],[-38.4129680130633,-12.9241154566629],[-38.4134320083804,-12.9234016179903],[-38.4140744615671,-12.9242582240378],[-38.4153593706384,-12.9240797652689],[-38.4159304419363,-12.9230803909473],[-38.4166442797097,-12.9232945429088],[-38.4158590582489,-12.9245794519801],[-38.4152166032636,-12.9246508347682],[-38.4145027645909,-12.9256859013832],[-38.4138246191108,-12.9253289820468],[-38.4123612503714,-12.9268994258678],[-38.4143956886101,-12.9288624813184],[-38.4138960027983,-12.9305400011201],[-38.4156092148933,-12.932039062153],[-38.4166085883157,-12.9320747544463],[-38.4171796587142,-12.9330741269694],[-38.4221051430379,-12.9357867133861],[-38.4220337593505,-12.9371073138514],[-38.4192410370442,-12.9354341143928],[-38.4169655067527,-12.9334667376997],[-38.4161445929986,-12.9333239712242],[-38.4159661342297,-12.9337165819546],[-38.4168941239646,-12.9349657987326],[-38.4164301286474,-12.935322718069],[-38.4155021389125,-12.9345018043148],[-38.4142172298412,-12.9350371833193],[-38.414645532865,-12.9362864000972],[-38.4143956886101,-12.9374999245818],[-38.4140387701731,-12.9375713091686],[-38.4118972550542,-12.9355011777371],[-38.4110763413001,-12.9357867133861],[-38.4107194219637,-12.9353941017564],[-38.4151809118695,-12.9337879656421],[-38.4150738358888,-12.9332882789309],[-38.4143836565805,-12.9331443649205],[-38.4143836565805,-12.932638729194],[-38.4117901799728,-12.9311824561054],[-38.4106480382763,-12.9314322985617],[-38.4108264979445,-12.9322175209218],[-38.411683103992,-12.932039062153],[-38.4120400233283,-12.93239598059],[-38.4117187962854,-12.9332525866375],[-38.4113261846556,-12.9327528999264],[-38.4106480382763,-12.9329670518879],[-38.4106837296703,-12.934394728334],[-38.4095415888732,-12.9358224047801],[-38.4082209884078,-12.9357867133861],[-38.4077569930907,-12.9362864000972],[-38.4078640690715,-12.9371430061448],[-38.4071859226921,-12.936714703121],[-38.4042948766073,-12.936393476078],[-38.4036881148146,-12.9367860868084],[-38.4033311963776,-12.9359294807609],[-38.4043662611939,-12.9352156420882],[-38.4048659479051,-12.9338950407235],[-38.4052942509289,-12.9337522742481],[-38.4059010136208,-12.9343233437473],[-38.4059010136208,-12.9348944150452],[-38.4066862359809,-12.9348944150452],[-38.4080068373456,-12.9341091926851],[-38.4075785343219,-12.9335381222865],[-38.4056154779718,-12.9331455106568],[-38.403723807108,-12.9334667376997],[-38.4027601250797,-12.934394728334],[-38.4024032057433,-12.9350371833193],[-38.4031397379086,-12.9367769380053],[-38.4004147408476,-12.9355364311613],[-38.39887998932,-12.9358689599845],[-38.3989055678376,-12.9363293858924],[-38.4020601503556,-12.9370295629639],[-38.4022334092444,-12.938744154619],[-38.4042678483825,-12.9388869228931],[-38.4032684749601,-12.940136139671],[-38.4027330959556,-12.9401361396711],[-38.4025903276814,-12.9394223018977],[-38.4020906409702,-12.9394223018977],[-38.4013768031969,-12.9402432156518],[-38.4011269598413,-12.9400290636903],[-38.4016980302399,-12.9389226151865],[-38.4014124945909,-12.9384586198694],[-38.4002346623997,-12.9383515438886],[-38.3997706670826,-12.9374235541537],[-38.3979812221556,-12.9370517996009],[-38.3960406974202,-12.9360480150039],[-38.3925619245931,-12.9333621978071],[-38.3917433904451,-12.933438936058],[-38.3925875040101,-12.9360735944208],[-38.3917433904451,-12.9362782279578],[-38.394326889974,-12.9369944453374],[-38.3949152120674,-12.9379408756709],[-38.3964499635949,-12.9366874950318],[-38.3974451533711,-12.9371088741752],[-38.39720084894,-12.9378875485714],[-38.3986285262854,-12.9384586198694],[-38.3991639043906,-12.9381017014324],[-38.3996992833952,-12.9389226151865],[-38.3979860713001,-12.940457366714],[-38.3982716060497,-12.9392795336235],[-38.3979503790067,-12.9386370786382],[-38.3965227025606,-12.9385300035568],[-38.3962014746183,-12.9391010739553],[-38.3975577682763,-12.9393866096043],[-38.3975934596704,-12.9397435289406],[-38.3963085505991,-12.9399219877095],[-38.3954876368449,-12.9406001349882],[-38.394063091108734,-12.943384474492959],[-38.39412159644699,-12.94340564706116],[-38.39468201436333,-12.943608457384244],[-38.396272859205,-12.9423847298713],[-38.3963085505991,-12.9407072100697],[-38.3968082382096,-12.9405644426948],[-38.3977719202379,-12.9415638161172],[-38.3989497533284,-12.9409927457186],[-38.3997706670826,-12.9397435289406],[-38.4004488125626,-12.939779221234],[-38.4006629654235,-12.9407785937571],[-38.3999848181448,-12.9417422757854],[-38.4004488125626,-12.942741650107],[-38.3984857580113,-12.9428130328951],[-38.3982002232617,-12.9432056454242],[-38.3987356013669,-12.9442407102405],[-38.3977362279445,-12.9440979419664],[-38.396879621897,-12.943419795587],[-38.3963442428924,-12.9440622496731],[-38.40036123302956,-12.945663716752255],[-38.4006629654235,-12.9452757759562],[-38.3994851323329,-12.9441336342597],[-38.4005201971493,-12.94374102263],[-38.4011269598413,-12.9446690132643],[-38.4015195705717,-12.9441336342597],[-38.4011269598413,-12.9428844165825],[-38.4022691006384,-12.9429914925633],[-38.4009128078797,-12.9418136603721],[-38.4016266456531,-12.9414567410357],[-38.4023761766192,-12.9420635028283],[-38.4034727163927,-12.9422240785783],[-38.4034469337289,-12.943419795587],[-38.4046604591128,-12.9425988818329],[-38.4058739835974,-12.942741650107],[-38.4059453681842,-12.9434911801738],[-38.4041607724017,-12.9432413359189],[-38.4027330959556,-12.9450616239947],[-38.4033041672534,-12.9456326952926],[-38.4040180050268,-12.9453471587443],[-38.4045533840314,-12.9440979419664],[-38.4057312171219,-12.9451686999755],[-38.4068019742316,-12.9434911801738],[-38.4067662819383,-12.9425274981455],[-38.4073730446303,-12.9425631904388],[-38.4073730446303,-12.9445976286776],[-38.4069090502124,-12.9454185433311],[-38.4071945849621,-12.9458825377489],[-38.4079798073222,-12.9459896137296],[-38.4085508777208,-12.9453471587443],[-38.4083367266586,-12.9414210487424],[-38.407480120611,-12.9408499783438],[-38.4073730446303,-12.9398149126281],[-38.407801347654,-12.9395650692725],[-38.411406230613,-12.9403145993392],[-38.4118345336367,-12.9411712053868],[-38.4155821848699,-12.9417779680787],[-38.4159747956003,-12.9429914925633],[-38.4148925721345,-12.9451286333797],[-38.4140484576702,-12.9457169545738],[-38.4136647700131,-12.9453588463336],[-38.4118230672807,-12.9461262216478],[-38.4112603237049,-12.9467401231581],[-38.4118230672807,-12.9473028649352],[-38.4111324284188,-12.9479167664456],[-38.409981363649,-12.9470470725643],[-38.40851385157076,-12.948614077816934],[-38.40930888578098,-12.948901793716686],[-38.41060074100273,-12.949369304778095],[-38.4124881258263,-12.9474819199546],[-38.4129485517342,-12.9475074993716],[-38.4131787646882,-12.9477888702601],[-38.4124113893741,-12.9492980432701],[-38.4138949829671,-12.9504491080398],[-38.4136647700131,-12.9477121329086],[-38.4146112003466,-12.9460239048793],[-38.41555763068,-12.9456146378053],[-38.4162738489589,-12.9459727469447],[-38.4167086945506,-12.9457425339907],[-38.4164017451444,-12.9469703361121],[-38.4174504922464,-12.9473540237691],[-38.4189340858393,-12.9471238108152],[-38.4195224079327,-12.9460239048793],[-38.4183457637459,-12.9440543059614],[-38.4200851497098,-12.9429032420909],[-38.4208041441959,-12.9427507278638],[-38.4223105409986,-12.9448728410088],[-38.423742976657,-12.9441822021469],[-38.4236918178231,-12.9450263157118],[-38.4228732836751,-12.9458448507592],[-38.4236662393055,-12.9471493902322],[-38.4244847743528,-12.9465354887218],[-38.4244336146196,-12.9457681134077],[-38.4249963581954,-12.9452821080828],[-38.4258148923433,-12.9453588463336],[-38.4260962641312,-12.9456913751568],[-38.4257381549918,-12.9465610681388],[-38.4263520556028,-12.9467145437412],[-38.4267101647423,-12.9463308551848],[-38.4266334273907,-12.9447961027579],[-38.4277589118442,-12.9448984204257],[-38.4274519624381,-12.9464331719533],[-38.4282704956868,-12.9464587522696],[-38.4288332392625,-12.9459727469447],[-38.4293959810396,-12.9447961027579],[-38.4288843971971,-12.9433380876826],[-38.4294215595573,-12.9427241870715],[-38.4293959810396,-12.9417265979041],[-38.4286030263086,-12.9417265979041],[-38.4281170209837,-12.942442816183],[-38.4264543732706,-12.9424939750169],[-38.4258148923433,-12.9431078756279],[-38.4230267592775,-12.9432101923964],[-38.422668650138,-12.9423404994145],[-38.4220238937876,-12.9422793733943],[-38.4228189808112,-12.9419257221943],[-38.4229617490854,-12.9397128242874],[-38.4240325070945,-12.9382137632545],[-38.4228189808113,-12.9377854602308],[-38.4229974413787,-12.9370716215581],[-38.4241038898826,-12.937357157207],[-38.4247820371613,-12.9365719348469],[-38.4254958749346,-12.9368931618899],[-38.4254244912472,-12.9372143898322],[-38.4247820371613,-12.9370716215581],[-38.4243894264308,-12.93767838425],[-38.4259598702517,-12.9387848336531],[-38.4271377033423,-12.9387134499657],[-38.4270663187556,-12.9374285408944],[-38.425531567228,-12.9362507078039],[-38.4266380157318,-12.9341448849784],[-38.4273875466979,-12.934430419728],[-38.4273875466979,-12.9361436318231],[-38.4285653797884,-12.9380353035863],[-38.4293506021485,-12.937963919899],[-38.4297789051722,-12.9365005511594],[-38.4303973878291,-12.9361876878115],[-38.4305044638099,-12.9374725968828],[-38.4300761607861,-12.9375082891761],[-38.4295407817816,-12.9392215012712],[-38.4303260041418,-12.940327949775],[-38.4298263174306,-12.9409347133663],[-38.429897701118,-12.9416485511397],[-38.4315395286263,-12.9420054695767],[-38.4327173626161,-12.9415057837648],[-38.4342878073364,-12.9433260709414],[-38.4349302614224,-12.9432189958599],[-38.4349409687507,-12.9441541244133],[-38.4357261911108,-12.9451178046429],[-38.4378677062296,-12.946188562652],[-38.4384387766282,-12.9460101029838],[-38.438902771046,-12.9468667090313],[-38.4387956959645,-12.9483657700642],[-38.4366898731391,-12.9489011481694],[-38.4369397155954,-12.9503288246155],[-38.4378320139362,-12.9503645169089],[-38.4378320139362,-12.95086420362],[-38.4372252512443,-12.9509355882068],[-38.4375464791866,-12.9518992693357],[-38.4388313882579,-12.9515423499994],[-38.4399021453677,-12.9525774157151],[-38.438581544003,-12.9527201830899],[-38.4384387766282,-12.9522918800662],[-38.4364757211775,-12.9525417243211],[-38.4358689593849,-12.9535410968441],[-38.4351551198129,-12.9535054045508],[-38.4359983538409,-12.954161327783],[-38.4350849259285,-12.9542918167139],[-38.433871401444,-12.9551841150548],[-38.4338000168573,-12.9561121047898],[-38.434549546924,-12.9561121047898],[-38.436935461376834,-12.958899608845226],[-38.44200834213549,-12.960735439848536],[-38.4439008288601,-12.958967457682],[-38.4446503589269,-12.9588246912065],[-38.4452571216189,-12.9577896245914],[-38.4463623821182,-12.9586450408359],[-38.4462553061374,-12.960037025888],[-38.4452559318158,-12.9604653289118],[-38.4455057760707,-12.9611434752911],[-38.44498970416888,-12.961814368590089],[-38.44534465805803,-12.961942823285844],[-38.44546631809795,-12.961986850986035],[-38.4458270031137,-12.9613933186467],[-38.4467549928486,-12.9610007079163],[-38.44631241172814,-12.962293044841537],[-38.44785979377634,-12.962853028817744],[-38.4479328259391,-12.9627139200114],[-38.44958146330963,-12.963476085904444],[-38.4501814170387,-12.9632136058232],[-38.4495389620534,-12.9617859302764],[-38.4510380230862,-12.9628566873862],[-38.4515377088981,-12.9624640757564],[-38.4506097200624,-12.9603939452243],[-38.4518946282344,-12.9595016468834],[-38.4536078403296,-12.9604296366184],[-38.4551782850498,-12.9594659545901],[-38.4560705833907,-12.9600727181814],[-38.4582834812976,-12.9578955107692],[-38.4614243698388,-12.9572530566832],[-38.4597111577437,-12.9570032133276],[-38.4591757787392,-12.9561466072801],[-38.4579860494166,-12.9555886238159],[-38.4579146648299,-12.9550889371047],[-38.4585214266225,-12.9548034005564],[-38.4584857352284,-12.9539467963076],[-38.4592352661945,-12.9536255683652],[-38.4591638816078,-12.954375098432],[-38.4595921846316,-12.9545178658068],[-38.4598063356938,-12.9558741585655],[-38.4605915580539,-12.9558741585655],[-38.4611983207458,-12.9565879972382],[-38.4626616903847,-12.9563381538827],[-38.464077630678,-12.9548628700254],[-38.4642203980529,-12.9560407031159],[-38.4632210246305,-12.9563619310582],[-38.4627213379194,-12.9570757688316],[-38.463006872669,-12.9576825324229],[-38.4667188316088,-12.9580394508599],[-38.4656480753983,-12.959467127306],[-38.4650056213123,-12.9590745156763],[-38.4632567169239,-12.9595385109935],[-38.4632567169239,-12.9605378853151],[-38.4612222777859,-12.9603594247476],[-38.4612579691799,-12.9613587990693],[-38.4598302927338,-12.9625366321598],[-38.4598302927338,-12.9636430806636],[-38.4619361155592,-12.9636430806636],[-38.4635065602795,-12.9630006265776],[-38.4632924092173,-12.9623938638857],[-38.4653982320427,-12.9637144652504],[-38.4671114441378,-12.9631077025584],[-38.467361286594,-12.9637858489377],[-38.4662191457969,-12.9640713836874],[-38.4655766908116,-12.9648209146534],[-38.465041311807,-12.9643569202356],[-38.4638277873225,-12.9647138386727],[-38.4633994842987,-12.9636430806636],[-38.4617219635977,-12.9645710712979],[-38.4615435048288,-12.965070758009],[-38.4592949137292,-12.9647138386727],[-38.4582241566195,-12.9662128988062],[-38.4576173939275,-12.965998747744],[-38.45716389139037,-12.966220100048135],[-38.52700603592331,-12.991495358894394],[-38.522233663153,-12.9843624569618],[-38.5210201377691,-12.9840055376254]],[[-38.4260812220707,-12.9167724399961],[-38.4267950607434,-12.9162727532849],[-38.4277778659557,-12.9166051732901],[-38.4274600914101,-12.9174384491251],[-38.4260704859641,-12.9176859119752],[-38.4263750566635,-12.918161805323],[-38.4261466288638,-12.9189803385717],[-38.4254613436661,-12.9196656237695],[-38.4261656648136,-12.9204270518669],[-38.4278408050091,-12.9205412657668],[-38.4278027340089,-12.921626299614],[-38.4282976624072,-12.9216453355638],[-38.428621268157,-12.9190755183205],[-38.4314183980406,-12.9188095240403],[-38.432180970975,-12.9220905350501],[-38.4329305010418,-12.923339751828],[-38.4312509325844,-12.9243188275518],[-38.4298422929874,-12.924204613652],[-38.4283384727423,-12.9233860804032],[-38.4285097935921,-12.9241855786015],[-38.4291379718399,-12.9245282212004],[-38.4291950787898,-12.9256893979473],[-38.4310217736359,-12.9255916884056],[-38.4308960619037,-12.9261951056196],[-38.4299680721688,-12.9264806412686],[-38.4292899257894,-12.9279083177147],[-38.430182223231,-12.9290147671177],[-38.425331692004,-12.9343685535658],[-38.4241895512068,-12.9342257870904],[-38.4238326318704,-12.9334405638309],[-38.4245107782498,-12.9327981097449],[-38.4249390812735,-12.9312990487121],[-38.4245464696438,-12.9311562822366],[-38.4239753992452,-12.9320842719715],[-38.4228332584481,-12.9302639838957],[-38.4226191073858,-12.9311205899433],[-38.4204062076803,-12.9323341153271],[-38.4194068342579,-12.9311205899433],[-38.4195496016327,-12.9306922869195],[-38.420477592267,-12.9316202766544],[-38.4219052678138,-12.9297642971845],[-38.4205846682478,-12.9290147671177],[-38.4202277480121,-12.9294787624349],[-38.4200135969499,-12.9287649237622],[-38.4217625013383,-12.9288719988437],[-38.4218695764198,-12.9282295447576],[-38.4228332584481,-12.9286578477814],[-38.4232258691785,-12.9280867773828],[-38.4205846682478,-12.9266947923307],[-38.419442525652,-12.9272301713353],[-38.4190499149216,-12.9265163326626],[-38.4175865470814,-12.9266234086434],[-38.4177293135569,-12.9274800146909],[-38.4182646925615,-12.9278369340273],[-38.4203348239929,-12.9277655503398],[-38.419442525652,-12.9285507718007],[-38.4192997591765,-12.9295858384157],[-38.4186573041912,-12.9296929125978],[-38.418764380172,-12.9286221563874],[-38.4175865470814,-12.9289790748244],[-38.4176936221629,-12.9300141414394],[-38.4166942487405,-12.9300498319341],[-38.4170154757836,-12.9288363065502],[-38.4163730216976,-12.928265237051],[-38.4166942487405,-12.9271230953545],[-38.4162659457168,-12.9265877172494],[-38.4174080874133,-12.9255169592402],[-38.4205489759544,-12.925624035221],[-38.4215840407708,-12.9246246608993],[-38.422048036088,-12.9249101974476],[-38.4223335708376,-12.9239108231259],[-38.4231901768851,-12.9240535914001],[-38.424082475226,-12.9229471410977],[-38.4231544845917,-12.922340379305],[-38.4217625013383,-12.9225545303672],[-38.4215126570834,-12.9208770096662],[-38.420477592267,-12.9206271672099],[-38.4209058952908,-12.9229471410977],[-38.4203348239929,-12.9237680548518],[-38.4202634403054,-12.9223046870117],[-38.4195496016327,-12.9206271672099],[-38.4189785312342,-12.9208413182722],[-38.4185859196045,-12.9216979243197],[-38.4183003848548,-12.920948394253],[-38.417836390437,-12.92130531269],[-38.4175508547881,-12.9222333033242],[-38.4160161023612,-12.9220905350501],[-38.4150524212322,-12.9211625462145],[-38.4151594963137,-12.9205914749166],[-38.4168013247213,-12.9215194646515],[-38.4171225517643,-12.9208770096662],[-38.4156948753182,-12.9193422581387],[-38.4160161023612,-12.9182715001296],[-38.417836390437,-12.9204130152484],[-38.4183717694415,-12.9199847122246],[-38.418443153129,-12.9191994898645],[-38.4174080874133,-12.9180930413608],[-38.4179077741245,-12.9172007430198],[-38.4206560510359,-12.9172007430198],[-38.4204418999737,-12.9198776371432],[-38.4208345107041,-12.9199847122246],[-38.4211914300405,-12.919377950432],[-38.4220123437946,-12.919377950432],[-38.4220837283813,-12.9178075057118],[-38.4234757134334,-12.91798596538],[-38.4235827876155,-12.9192708735519],[-38.424403702269,-12.9187711868407],[-38.4249390812735,-12.9175219700628],[-38.4247249302113,-12.9162727532849],[-38.4254030756914,-12.9160942936167],[-38.4260812220707,-12.9167724399961]]],[[[-38.3586107501859,-12.9299853586373],[-38.357996771925485,-12.930332390266672],[-38.35968443307066,-12.93094314001633],[-38.3586107501859,-12.9299853586373]]],[[[-38.3806933377273,-12.9383372671511],[-38.3822280910535,-12.9380160401081],[-38.3831203893944,-12.9391581809053],[-38.3857615903251,-12.9386584950934],[-38.3859400499933,-12.9381231160889],[-38.3848692919842,-12.9348751515669],[-38.3840840696241,-12.9346253082114],[-38.3835486924182,-12.9330548643904],[-38.3813001013186,-12.9333760914335],[-38.380764722314,-12.9322339497369],[-38.3800151922473,-12.9291287525898],[-38.3801579596221,-12.9258807889672],[-38.3758142539247,-12.9250241829197],[-38.3746364199348,-12.9252026425879],[-38.3701749309283,-12.9240961931847],[-38.3704604656779,-12.9250955666071],[-38.3699607789667,-12.9258807889672],[-38.3696752442171,-12.9282721474416],[-38.3699250875727,-12.9305921222286],[-38.3711029206632,-12.9311631917279],[-38.3709958446825,-12.9322696420303],[-38.3683903351458,-12.9327693287415],[-38.368211876377,-12.9320911823621],[-38.3654635976669,-12.9323767171118],[-38.3650709869365,-12.9319127226939],[-38.3655706736476,-12.9315558033576],[-38.3666057393634,-12.9319841063814],[-38.3675337290983,-12.9318056467132],[-38.367640805079,-12.9311988840212],[-38.3668912750123,-12.9304850462479],[-38.3651423706239,-12.9310204252524],[-38.3671768097619,-12.9295213642195],[-38.3667485067381,-12.9286647581721],[-38.3655706736476,-12.9284506071098],[-38.3648925272683,-12.9289502938209],[-38.3648925272683,-12.9300924346181],[-38.3628580881302,-12.9315914947516],[-38.36275521415354,-12.932054428726733],[-38.36867989642369,-12.934198519217675],[-38.3738455716117,-12.936067931710173],[-38.3742687941695,-12.9343397725624],[-38.3736263391842,-12.9340185464187],[-38.3730909601796,-12.9344468494425],[-38.3730195773915,-12.9336973175771],[-38.3746257126065,-12.9325194853859],[-38.3756964697163,-12.9329834798037],[-38.3755180109474,-12.9340542369135],[-38.3776952165609,-12.9354819142589],[-38.377144324493266,-12.93726172141278],[-38.3781592118781,-12.937552044791],[-38.3783816762733,-12.9362211767659],[-38.379177400856996,-12.937997473897058],[-38.379422613208696,-12.93808621409401],[-38.3802907139453,-12.9374872828118],[-38.3806933377273,-12.9383372671511]],[[-38.3785274338939,-12.9287997931759],[-38.3786345098747,-12.9301560850353],[-38.3782062068509,-12.9297991656989],[-38.3768499140922,-12.9286570249017],[-38.3785274338939,-12.9287997931759]]],[[[-38.3876762973232,-12.9389640442552],[-38.3893389450362,-12.9379152971532],[-38.3896714747587,-12.9370456041713],[-38.3863205990164,-12.9377618215508],[-38.386755444608,-12.9399616334226],[-38.386547224068345,-12.940664548205323],[-38.3877589489016,-12.941103060782732],[-38.3874716628869,-12.9406522722845],[-38.3876762973232,-12.9389640442552]]]]}},{"type":"Feature","properties":{"id":"1092","municipality":"2927408","density":"Densa","type":"Área urbanizada","state":"BA"},"geometry":{"type":"Polygon","coordinates":[[[-38.5321161215617,-12.7438865648131],[-38.530724137409,-12.7444576352116],[-38.531794895418,-12.7449573219228],[-38.5339364096375,-12.7440650235819],[-38.5342219452865,-12.7434939540827],[-38.5331154958834,-12.7429942673715],[-38.5321161215617,-12.7438865648131]]]}},{"type":"Feature","properties":{"id":"1093","municipality":"2927408","density":"Densa","type":"Área urbanizada","state":"BA"},"geometry":{"type":"Polygon","coordinates":[[[-38.5676938233112,-12.6033746330328],[-38.5676224387245,-12.6043383150612],[-38.5685504293588,-12.6053733798775],[-38.5727620750097,-12.6079788903135],[-38.5733331463076,-12.6074078199149],[-38.5730476097593,-12.6068724409104],[-38.573440221389,-12.6063013696125],[-38.5726549990289,-12.6049450777531],[-38.5734759127831,-12.6042312390804],[-38.5741897523551,-12.6046595421041],[-38.574725129561,-12.6042669313737],[-38.5742254428499,-12.6035887849944],[-38.5733688377016,-12.6033389407395],[-38.5717983929814,-12.6046595421041],[-38.5710488629147,-12.6043740073545],[-38.5704777916167,-12.6033389407395],[-38.570013797199,-12.603517401307],[-38.5701922568671,-12.6039100120374],[-38.5696211855692,-12.6039457043307],[-38.5682648937098,-12.6033032493455],[-38.5676938233112,-12.6033746330328]]]}},{"type":"Feature","properties":{"id":"1094","municipality":"2927408","density":"Densa","type":"Outros equipamentos urbanos","state":"BA"},"geometry":{"type":"Polygon","coordinates":[[[-38.5118579580783,-12.6794717590144],[-38.5128097429752,-12.6823747013314],[-38.5160933988912,-12.6845638049756],[-38.5173783079625,-12.6835168421285],[-38.5168072366646,-12.681327737585],[-38.517568664762,-12.6809470239859],[-38.5169500049387,-12.6794241686904],[-38.5161409883159,-12.6792814022149],[-38.5157126852922,-12.6782820278932],[-38.5118579580783,-12.6794717590144]]]}},{"type":"Feature","properties":{"id":"1095","municipality":"2927408","density":"Densa","type":"Área urbanizada","state":"BA"},"geometry":{"type":"Polygon","coordinates":[[[-38.3875080548528,-12.8758527401118],[-38.3874842605901,-12.8765189893598],[-38.3886026071246,-12.8769472923836],[-38.3890309101483,-12.8767093461594],[-38.389316444898,-12.877018676071],[-38.3888643476115,-12.8774707742568],[-38.3894189271417,-12.8783290287617],[-38.3907679174054,-12.8779466658059],[-38.3910534521551,-12.8772328280326],[-38.3921717986895,-12.877042471233],[-38.3931235826872,-12.8776135407323],[-38.3932425557992,-12.8771138549204],[-38.3918862630406,-12.8765427836226],[-38.3909582742049,-12.8768283192714],[-38.388673990812,-12.8759241237992],[-38.3875080548528,-12.8758527401118]]]}},{"type":"Feature","properties":{"id":"1097","municipality":"2927408","density":"Densa","type":"Área urbanizada","state":"BA"},"geometry":{"type":"Polygon","coordinates":[[[-38.6819138997067,-12.6024644894446],[-38.6824135873172,-12.6023931057572],[-38.6828418903409,-12.6030355598432],[-38.6823065113364,-12.6039635495781],[-38.6821280507689,-12.6061407569903],[-38.6854830912716,-12.6052127672554],[-38.6843409495751,-12.6015364997097],[-38.6818068237259,-12.6016792670845],[-38.6819138997067,-12.6024644894446]],[[-38.684626485224,-12.6047130796448],[-38.6850547882478,-12.6048915402124],[-38.6843052581811,-12.6049272316064],[-38.6836628040951,-12.6032497118047],[-38.6840197234314,-12.6030712521366],[-38.684626485224,-12.6047130796448]]]}},{"type":"Feature","properties":{"id":"1098","municipality":"2927408","density":"Densa","type":"Área urbanizada","state":"BA"},"geometry":{"type":"Polygon","coordinates":[[[-38.3773372252327,-12.8299073255626],[-38.3774799926075,-12.8304070131731],[-38.3766590788534,-12.8301928621108],[-38.3765163105792,-12.8305140891538],[-38.3774443012135,-12.8310851595524],[-38.3776941436698,-12.8317989982252],[-38.3758381650992,-12.8305140891538],[-38.3753741697821,-12.8312636192206],[-38.3748030993835,-12.8309780835717],[-38.3744461800471,-12.8315491539702],[-38.3757310891184,-12.8325485282919],[-38.3746960234027,-12.8324771437052],[-38.3742320289849,-12.8318703819126],[-38.3728043516395,-12.8325485282919],[-38.3754098620755,-12.8336549767957],[-38.3748387907775,-12.8337977450698],[-38.3726258919713,-12.8329411390223],[-38.3725545091832,-12.8335122103202],[-38.3730541949951,-12.8340475893248],[-38.3726972756587,-12.8352968061027],[-38.3731589309399,-12.8360151710632],[-38.3771587655645,-12.8334765180268],[-38.3765876951659,-12.8326556042726],[-38.3770873818771,-12.8322986849363],[-38.3776227599823,-12.8328697553349],[-38.3805138060673,-12.8309066998842],[-38.3794430480582,-12.8301928621108],[-38.3786935179914,-12.8307282402161],[-38.378300907261,-12.8302999371923],[-38.3786935179914,-12.8300144024427],[-38.3784079832418,-12.8295504071256],[-38.3773372252327,-12.8299073255626]]]}},{"type":"Feature","properties":{"id":"1099","municipality":"2927408","density":"Densa","type":"Área urbanizada","state":"BA"},"geometry":{"type":"Polygon","coordinates":[[[-38.4719242497043,-12.7351225077974],[-38.4723168613341,-12.7356935790954],[-38.4717814832288,-12.7368714121859],[-38.4722454776467,-12.7382277049446],[-38.4720313256851,-12.7392984629537],[-38.4724953210022,-12.7394412303285],[-38.4728879317326,-12.7390129273047],[-38.4731377750882,-12.7402264517893],[-38.4739229983476,-12.739976609333],[-38.4737802300736,-12.737942170195],[-38.4742442253906,-12.73769232594],[-38.4751008314382,-12.7385489319876],[-38.4754220575818,-12.7377994019208],[-38.4745654524337,-12.7369784881667],[-38.474958063164,-12.7369071035799],[-38.4749223708707,-12.7357292713887],[-38.4738159223669,-12.7362289580999],[-38.4729950077134,-12.7359077310569],[-38.4722454776467,-12.7345514382982],[-38.4719242497043,-12.7351225077974]]]}},{"type":"Feature","properties":{"id":"1100","municipality":"2927408","density":"Densa","type":"Área urbanizada","state":"BA"},"geometry":{"type":"Polygon","coordinates":[[[-38.1738282068063,-12.737899087273],[-38.1726146823217,-12.7383630816908],[-38.1725076063409,-12.7405045968097],[-38.1736854403307,-12.7401119860792],[-38.1743635858108,-12.742895955284],[-38.1747918888345,-12.742895955284],[-38.1754700352139,-12.7370781726195],[-38.1741137433545,-12.7360431069038],[-38.1734355960759,-12.7366141782017],[-38.1714011569378,-12.7350437343808],[-38.1699734795924,-12.7360431069038],[-38.1695808688619,-12.7357575721542],[-38.168331652084,-12.7369710966388],[-38.1682602683966,-12.7376492430181],[-38.1694024100931,-12.7391126117576],[-38.1691525658382,-12.7396479907621],[-38.1704731672029,-12.7409685921268],[-38.1718294599615,-12.7395052233873],[-38.1710799298948,-12.738577232753],[-38.1727574496965,-12.7372209399944],[-38.1738282068063,-12.737899087273]]]}},{"type":"Feature","properties":{"id":"1101","municipality":"2927408","density":"Densa","type":"Área urbanizada","state":"BA"},"geometry":{"type":"Polygon","coordinates":[[[-38.3213316642249,-12.5934566451081],[-38.3216171989745,-12.5939563318192],[-38.3226879569836,-12.5933495691273],[-38.3228307252578,-12.5946344781985],[-38.3220098106042,-12.5953483168712],[-38.3217599672486,-12.5965261499618],[-38.3223667299406,-12.5972399877352],[-38.3229734917332,-12.5993101191666],[-38.319796911798,-12.5997384221904],[-38.3187975383756,-12.5994885788348],[-38.3184049267459,-12.600951946675],[-38.3177624726599,-12.6014159419921],[-38.3164061799013,-12.6010233312617],[-38.3157994172093,-12.6013445583047],[-38.3172270936554,-12.6027008510634],[-38.3163704876079,-12.6033789983421],[-38.3153354218922,-12.6034146897361],[-38.314514508138,-12.6011304072425],[-38.3131939076726,-12.6007377956128],[-38.3126228372741,-12.5992387345799],[-38.31326529136,-12.597025836673],[-38.3140505128209,-12.5962406152122],[-38.3140148223261,-12.5954910842461],[-38.3134080587349,-12.5954910842461],[-38.3116234629524,-12.5977753667397],[-38.3101244028189,-12.5977396753457],[-38.3094819478336,-12.5985962813932],[-38.3096247161077,-12.5993815028541],[-38.3084468830172,-12.6001310329208],[-38.3071976662393,-12.5998454981711],[-38.3061625996243,-12.5989175084362],[-38.3067693632155,-12.5984178208257],[-38.3057342966005,-12.5974898319901],[-38.3054130695575,-12.5981322860761],[-38.3044493884285,-12.5975969070715],[-38.303592782381,-12.5981679783695],[-38.3030217119823,-12.5999882664453],[-38.3040210854047,-12.6014159419921],[-38.3061982919176,-12.6005593359445],[-38.3071619739459,-12.6012374832232],[-38.3071619739459,-12.602022704684],[-38.3059841408554,-12.6038786841539],[-38.3020223376607,-12.6022725480396],[-38.302629101252,-12.6011660986365],[-38.3016654192237,-12.6010233312617],[-38.3008801968635,-12.6014516342855],[-38.3007374285894,-12.6022725480396],[-38.3001306667968,-12.6018799373092],[-38.3008445045702,-12.6004165685698],[-38.3002020495849,-12.5998098058778],[-38.2997737465611,-12.6002738011949],[-38.2994168281241,-12.5998454981711],[-38.2979534602839,-12.6012731746173],[-38.2991312933744,-12.6037002253851],[-38.2983103787209,-12.6035217648176],[-38.2968827022749,-12.6039857601347],[-38.2970968542364,-12.6048423661822],[-38.2991312933744,-12.6043783708651],[-38.2991669847685,-12.6047709815955],[-38.2980962267594,-12.6052349769126],[-38.2985602220766,-12.6064841936906],[-38.3000949754028,-12.6061986589409],[-38.3006303526087,-12.6072694160507],[-38.2997380560664,-12.607662026781],[-38.3016297269303,-12.6090897041265],[-38.3011300402191,-12.610267537217],[-38.3002377418782,-12.6105173805726],[-38.2993454444366,-12.6097321591118],[-38.2984888392884,-12.6100176938614],[-38.2984531469951,-12.6073764920315],[-38.2977393083224,-12.6064485022965],[-38.2964543992511,-12.6062700426283],[-38.2942415013442,-12.6034503811301],[-38.2934562780847,-12.6033433060487],[-38.2915146381899,-12.6057560791797],[-38.2907294158299,-12.6052563915692],[-38.2895158913453,-12.6051850087811],[-38.2887306689851,-12.6025794992444],[-38.2887306689851,-12.6050779328003],[-38.2877669869568,-12.6061486899101],[-38.2876956032694,-12.6093966553314],[-38.2868389972219,-12.6095751141002],[-38.2870888405775,-12.6107886385848],[-38.2864106941981,-12.6116809369257],[-38.2850187100454,-12.6121092399494],[-38.2854969812007,-12.6165421763803],[-38.2886930107738,-12.6177253928126],[-38.2874347953795,-12.6198725250969],[-38.2865283012401,-12.6178340237212],[-38.2837624839514,-12.6179751147597],[-38.2835150112087,-12.6164503960689],[-38.2809525863927,-12.6167381431507],[-38.2810892725519,-12.6180083788835],[-38.2822748730868,-12.6178078093828],[-38.2828200879767,-12.6209679730935],[-38.2833223062794,-12.6212746706895],[-38.2826617731223,-12.6226367505855],[-38.280710614803,-12.6227795188597],[-38.2802347232538,-12.6239216596568],[-38.2791877604068,-12.624730677179],[-38.2767131211136,-12.6238740711314],[-38.2759041035915,-12.6260155862503],[-38.2759992824409,-12.6287757611924],[-38.2785690996841,-12.6289661179919],[-38.2794257057317,-12.6293944210157],[-38.2828521299218,-12.6286329929183],[-38.2860136201324,-12.6252284069654],[-38.2887449457226,-12.6238019113291],[-38.2890304813716,-12.6243015980403],[-38.2897086268516,-12.624408674021],[-38.2912790715719,-12.6299052287433],[-38.2913861466533,-12.6307261433968],[-38.2899584711065,-12.6315470571509],[-38.2903510818369,-12.6319753601747],[-38.2916716832016,-12.6316184408383],[-38.2924569046624,-12.630619067416],[-38.2924569046624,-12.6297624613685],[-38.2907793848607,-12.6260505024287],[-38.2915646072208,-12.6258363513665],[-38.2922784449942,-12.6287273956527],[-38.2939202734019,-12.6283704772157],[-38.2932778193158,-12.6245157500018],[-38.2937061223396,-12.6244800577085],[-38.2946341120746,-12.6260505024287],[-38.2967042426066,-12.6254437397368],[-38.2954193344347,-12.6250868204004],[-38.2950981073917,-12.6241588306655],[-38.2964187069577,-12.6241231392714],[-38.2961331722081,-12.6225526936519],[-38.297382388986,-12.6224456185704],[-38.2975251572602,-12.6216603971096],[-38.2984531469951,-12.6231237649498],[-38.3020937222474,-12.6231951486371],[-38.3045564644092,-12.6237305276417],[-38.3041281613855,-12.6218031635851],[-38.3061625996243,-12.6192690377359],[-38.3066265949413,-12.6203754880383],[-38.3090893371032,-12.6227311542194],[-38.3094105650455,-12.6238732950165],[-38.3105527058427,-12.6241588306655],[-38.3096604084011,-12.6223028511956],[-38.3071619739459,-12.6196259570722],[-38.3058770648746,-12.6170204484349],[-38.3075545846763,-12.6184838162751],[-38.3086610340794,-12.6174487505593],[-38.3089465697284,-12.617698593915],[-38.3079828877,-12.6201256437834],[-38.3090036766783,-12.620603915838],[-38.3096264589938,-12.6195415224233],[-38.3137962322103,-12.6211381670927],[-38.313510695662,-12.6227086109136],[-38.3217436310637,-12.6244694124334],[-38.3226954159606,-12.6212333450428],[-38.3232664863592,-12.6213285238922],[-38.3235520220082,-12.6199484359715],[-38.3169986658557,-12.6179270217147],[-38.3162491348896,-12.6171774916478],[-38.3148571507369,-12.6167848809175],[-38.3143931563191,-12.6154999718462],[-38.3135722416655,-12.6157855065958],[-38.3108953484415,-12.6150359774284],[-38.3115021111335,-12.6140722954001],[-38.3123944085751,-12.6144649061305],[-38.3143931563191,-12.6136796837703],[-38.3152854537606,-12.6138938357319],[-38.3147500747561,-12.6148218263662],[-38.3155352971162,-12.6160710431441],[-38.3194614080175,-12.6167491886241],[-38.3196755590798,-12.6161424259322],[-38.3203537063584,-12.6163208856003],[-38.3208533930696,-12.6156784324137],[-38.3209961604444,-12.6167491886241],[-38.3216386154297,-12.6169276491916],[-38.3223881445971,-12.6158568911825],[-38.3219598415734,-12.6154285881588],[-38.3237801296492,-12.6139652203186],[-38.3244225837352,-12.6126803112473],[-38.3223881445971,-12.6126803112473],[-38.3214958471556,-12.612037856262],[-38.3212103124059,-12.6109670991523],[-38.3205678574206,-12.6109314068589],[-38.3181051152588,-12.6125018506798],[-38.317998039278,-12.6141436790875],[-38.3167131302068,-12.6138581443378],[-38.3171057409372,-12.6124304669924],[-38.3156066808036,-12.6124661592857],[-38.3170343581491,-12.610681562604],[-38.3173198928987,-12.6118237051998],[-38.3177838882158,-12.6118593965938],[-38.3178552719032,-12.6104317201477],[-38.3187475702441,-12.6089683523076],[-38.3181764989462,-12.6082902050289],[-38.3205892172186,-12.6062629883462],[-38.3218170741986,-12.6073265230006],[-38.3237444382552,-12.60811174626],[-38.3242310362333,-12.6072164199018],[-38.3263499468925,-12.6080403616733],[-38.3256361091191,-12.6097892660617],[-38.3257431850999,-12.6108243308781],[-38.3285271543047,-12.611752320613],[-38.3292409929774,-12.6104674124411],[-38.3312897079536,-12.6095536994436],[-38.3317537032707,-12.6072694160507],[-38.3297906478201,-12.6060915829601],[-38.3303974114113,-12.6050208258504],[-38.3319678552323,-12.6064128100031],[-38.3327173852991,-12.6051279009319],[-38.3314324762277,-12.6027365433567],[-38.3292909611089,-12.6022011643522],[-38.3292909611089,-12.5995242711282],[-38.3296478804453,-12.5994885788348],[-38.3311826328722,-12.6014159419921],[-38.3287198907103,-12.5971329117545],[-38.3300404911757,-12.5961692306255],[-38.3303260268247,-12.5977039830523],[-38.3318607792515,-12.6002738011949],[-38.3319678552323,-12.5984892054125],[-38.3328958449672,-12.5982750543502],[-38.3316466281893,-12.5967759933174],[-38.3334669153658,-12.5968830692981],[-38.3335739913466,-12.5958123121884],[-38.3329315372606,-12.5940991000933],[-38.330682946161,-12.5951698572031],[-38.3289697340659,-12.5952412408905],[-38.3320749312131,-12.591743433013],[-38.331004173204,-12.5911366712203],[-38.3304687941995,-12.591743433013],[-38.3309684809106,-12.5922074283301],[-38.3306115615743,-12.5929569583969],[-38.3301475671565,-12.5929212670029],[-38.3304331028054,-12.5923145043109],[-38.3298263401135,-12.5919932772679],[-38.3287555830037,-12.5934566451081],[-38.3290411177533,-12.5940634078],[-38.3285771233356,-12.5947772455734],[-38.3272565219709,-12.5935637210888],[-38.3266140678848,-12.5938135644444],[-38.3257931541307,-12.5926000390605],[-38.3251150068521,-12.5935280287954],[-38.3259002292122,-12.5944203271363],[-38.3255076175824,-12.5948843215542],[-38.3250793145586,-12.5941347923868],[-38.3240085583482,-12.5945274031171],[-38.3236159467185,-12.5939206404252],[-38.324793779809,-12.5920646609553],[-38.3236516390119,-12.5899945286246],[-38.3222596539598,-12.5912080549078],[-38.322759340671,-12.5923501957049],[-38.3213316642249,-12.5934566451081]]]}},{"type":"Feature","properties":{"id":"1102","municipality":"2927408","density":"Densa","type":"Área urbanizada","state":"BA"},"geometry":{"type":"Polygon","coordinates":[[[-38.3270215498046,-12.685246383214],[-38.3250584952533,-12.6854248428821],[-38.3224172934233,-12.6880303524188],[-38.3187410258776,-12.6886371151107],[-38.3185982576034,-12.6911355486666],[-38.3193477885695,-12.6916138207212],[-38.3185982576034,-12.6927916538118],[-38.3186696421902,-12.6939694869022],[-38.3178844198301,-12.6944334822194],[-38.3173847331189,-12.6962537702953],[-38.3176702687679,-12.6969676080687],[-38.3169207378018,-12.6969676080686],[-38.3176083603375,-12.6936845996645],[-38.3143999686836,-12.6933759478417],[-38.3140380320295,-12.6947184683826],[-38.3162069000284,-12.6952543959736],[-38.315814289298,-12.6972888351116],[-38.3147078398949,-12.6977528304287],[-38.3133024000857,-12.6973559704017],[-38.3127090921508,-12.6980740565724],[-38.3119952543775,-12.6979312900969],[-38.3123164814205,-12.6968248397945],[-38.3063035081004,-12.6952556811048],[-38.3065015208285,-12.6916914457036],[-38.3045873947924,-12.6887212493861],[-38.3022442399796,-12.6899753323957],[-38.3019802224092,-12.6908663905714],[-38.302673267857,-12.6925825047787],[-38.3022772424008,-12.6938365877883],[-38.300099097895,-12.693506566275],[-38.299835081224,-12.6944306268719],[-38.2983499821659,-12.6941336068804],[-38.2976899391393,-12.6964107577503],[-38.2985809982144,-12.6967737816846],[-38.2979539558104,-12.6986219037778],[-38.2966008673361,-12.7002060091999],[-38.2978879518674,-12.7013610849461],[-38.2995380612325,-12.7017571113016],[-38.2980826739762,-12.7054040195798],[-38.2994032744415,-12.7060464745651],[-38.2991177387926,-12.7065818526703],[-38.2964237998184,-12.7051864196175],[-38.2958697751699,-12.7063320102141],[-38.2970476082605,-12.7069030806126],[-38.2950845528098,-12.7101153528412],[-38.2950845528098,-12.7108291906146],[-38.2943707141371,-12.7113645696192],[-38.2947633248675,-12.7121854842727],[-38.2960839262321,-12.7114716455999],[-38.2967977649049,-12.709901201779],[-38.2971189919478,-12.7101510451346],[-38.2966906889241,-12.7107578078265],[-38.298868560036,-12.7121288395742],[-38.2993836746168,-12.7111529510478],[-38.3000814208209,-12.7113645696192],[-38.2987608203555,-12.7135774693247],[-38.2993318907541,-12.7140771560359],[-38.2988322040429,-12.7151122208523],[-38.2967263812175,-12.7132562422817],[-38.2960125416454,-12.7141128483293],[-38.2967263812175,-12.7146839178285],[-38.2965122292559,-12.7155762161694],[-38.2976543709524,-12.7160045191932],[-38.2970119159671,-12.717824807269],[-38.2974045266975,-12.7180032660378],[-38.2988678963363,-12.7164328222169],[-38.2996174264031,-12.7166112818851],[-38.3002241881957,-12.7159474122432],[-38.2995103504223,-12.7154120332387],[-38.2999386534461,-12.7145911185852],[-38.3007952585943,-12.7149480379216],[-38.3009737191618,-12.7136988211436],[-38.3018660166034,-12.7139129731052],[-38.3022229359397,-12.7132705181199],[-38.3011164856373,-12.7129135987835],[-38.3012949462047,-12.7125566803465],[-38.3020801676656,-12.7128779073894],[-38.3021158599589,-12.7122711446975],[-38.3014734058729,-12.712056992736],[-38.3019730916848,-12.711057620213],[-38.301509097267,-12.7106650085832],[-38.3034423752654,-12.7067835930883],[-38.304537362809,-12.7068370074219],[-38.304569608001,-12.7081912937931],[-38.3055332900292,-12.7082626783799],[-38.3067111231198,-12.7070134607026],[-38.3063491855664,-12.7059058619659],[-38.3066974156531,-12.7053982252478],[-38.3081846317153,-12.7056513691153],[-38.3084816517068,-12.7050903315535],[-38.3072275686973,-12.7046613027769],[-38.3073913559263,-12.7039809566558],[-38.3132999710168,-12.705486357909],[-38.313596990109,-12.7058163803217],[-38.3131349598105,-12.7069054521249],[-38.3149674570824,-12.7069480062455],[-38.3152642387536,-12.7081937867138],[-38.3140920228286,-12.7099746539071],[-38.3144178939706,-12.7110856286988],[-38.3121118919502,-12.7110307241885],[-38.3121118919502,-12.708060527871],[-38.3106927977343,-12.708126531814],[-38.3105937922696,-12.7127138350754],[-38.3129699486042,-12.7128128423387],[-38.3130220697127,-12.7132819359126],[-38.3110940329632,-12.7135697018802],[-38.3113795686122,-12.7152115302878],[-38.3121647909723,-12.7149259946389],[-38.3124146343279,-12.7142478491589],[-38.3129500133324,-12.7148189186581],[-38.3155412461315,-12.7144263079278],[-38.3162907761984,-12.7118207983911],[-38.3168618465969,-12.7120706417467],[-38.3163621598857,-12.7139980049039],[-38.3165406186546,-12.7147832272641],[-38.3175624373566,-12.715708776239],[-38.3133659749597,-12.7158160410774],[-38.3118478752791,-12.7154200138226],[-38.3083496429217,-12.7163110728977],[-38.3069635520263,-12.7160800577484],[-38.3064025153637,-12.7166080928891],[-38.3078876126232,-12.7179941846839],[-38.3079866189872,-12.7186542277104],[-38.3074255823247,-12.7188852428597],[-38.3080196223077,-12.7211623937295],[-38.3100657571289,-12.7209313785802],[-38.3098017386593,-12.7200403204044],[-38.3117158655947,-12.7193802755792],[-38.3129369470824,-12.7177301671135],[-38.3157091297725,-12.7188192389167],[-38.3173562192141,-12.7200636820932],[-38.314684640084,-12.7243486611617],[-38.3146489477906,-12.7249911152478],[-38.3151843267952,-12.7250981912285],[-38.3154341701508,-12.7260618732568],[-38.3145418718099,-12.7263474080064],[-38.3143991053344,-12.7272397063473],[-38.3157197049004,-12.7281320037889],[-38.3158267808812,-12.7289886098365],[-38.3152914018766,-12.7293098368794],[-38.3151129431078,-12.7310001639264],[-38.3119945942751,-12.7318785722383],[-38.3109833237214,-12.7289042453346],[-38.3089067477482,-12.7307436098297],[-38.3076235950528,-12.7297099587476],[-38.3069965544474,-12.7304690090375],[-38.3062705056793,-12.7297759626905],[-38.3068645447629,-12.7288188996724],[-38.3048514123627,-12.7283568702733],[-38.303465320568,-12.7303700026735],[-38.3028382790633,-12.7299409738968],[-38.3022021957747,-12.7302272119163],[-38.3014541423947,-12.7291117845812],[-38.3013845996195,-12.7278990002386],[-38.2939350447664,-12.7269464760989],[-38.2931260281437,-12.7275175473969],[-38.2934591532173,-12.7281362063208],[-38.2931222401992,-12.7297128599605],[-38.292174244146,-12.7313246842867],[-38.2909272810691,-12.7315147721889],[-38.284317382741,-12.7299645604161],[-38.2838937193196,-12.7308487918382],[-38.2857021102641,-12.7321812903342],[-38.28555934199,-12.7329427184317],[-38.2841316664432,-12.7331806637566],[-38.2837985413695,-12.7338945024293],[-38.2849882715914,-12.7349414652763],[-38.2875580888347,-12.7351794106013],[-38.2892237124044,-12.734846286427],[-38.2906989782752,-12.7332282531813],[-38.291864759551,-12.73358699994],[-38.2916243689694,-12.7342445797235],[-38.2904610320509,-12.7343228045538],[-38.2892713009297,-12.7354649462502],[-38.2900524988237,-12.7360294336114],[-38.2883503214101,-12.73584836501],[-38.2849180938949,-12.7370034407562],[-38.2848520899519,-12.7396436155604],[-38.2862711841678,-12.7405676770566],[-38.2863041856896,-12.7410627088769],[-38.2859411617551,-12.7420197727942],[-38.28505010268,-12.7426798158208],[-38.2854461290356,-12.7433068582249],[-38.2864361953741,-12.7436698821593],[-38.2844543108177,-12.748052290181],[-38.2851198370108,-12.7484132528693],[-38.2834246644167,-12.7502719222114],[-38.2821224388994,-12.7497655022761],[-38.2803140488542,-12.7529063899179],[-38.2810953645594,-12.7540300640362],[-38.2797697539709,-12.757002763167],[-38.2790702495923,-12.7576559929297],[-38.2784580693843,-12.756903885406],[-38.2777442307116,-12.7575225443299],[-38.278743604134,-12.7599495950977],[-38.2778394086617,-12.7608537896706],[-38.2784580693843,-12.7620435198925],[-38.2807423509787,-12.7617579851429],[-38.2814561896514,-12.7609489676207],[-38.2794798997775,-12.7581592769291],[-38.2804297978968,-12.7568047504389],[-38.2809908345593,-12.7571017704303],[-38.2819808999985,-12.7550556347097],[-38.2826409439243,-12.7553526538019],[-38.2825089351392,-12.7562767152981],[-38.2830039678588,-12.7571017704303],[-38.2837300157276,-12.7573327846802],[-38.2864361953741,-12.7514583968875],[-38.2860071656981,-12.7511943793171],[-38.2861721769044,-12.7500393026716],[-38.2856771450841,-12.7499072938864],[-38.2861061729615,-12.7489502308684],[-38.2896044044196,-12.7502373162991],[-38.2923435846886,-12.7467060833191],[-38.2869972320366,-12.7438018909445],[-38.2894723947352,-12.7420857767372],[-38.289241379586,-12.7397426219244],[-38.2907957902934,-12.7400968127177],[-38.2928386183075,-12.7419207664302],[-38.2951817731203,-12.7387195549635],[-38.2958418170461,-12.7392475901041],[-38.2955777985765,-12.7394786052534],[-38.2976239342971,-12.7409967049339],[-38.2996700700177,-12.7381255149805],[-38.2989110188284,-12.7375314758968],[-38.2982509758019,-12.7383235277086],[-38.2963698512876,-12.7372344559054],[-38.295709808261,-12.7380925125594],[-38.2951157691773,-12.7377954943666],[-38.2956438034187,-12.7369044352914],[-38.294491669355,-12.7355006987981],[-38.2953866395817,-12.7340140502082],[-38.2964860895613,-12.7339303745871],[-38.2960398297743,-12.73508931472],[-38.2981937213631,-12.7360574996539],[-38.2994720572896,-12.7343302644301],[-38.3008581481849,-12.7347262907857],[-38.3020132248304,-12.734033245338],[-38.3024422527078,-12.7343302644301],[-38.3012541736412,-12.7360463777381],[-38.3029372863266,-12.736871431971],[-38.3032013029977,-12.7364424040936],[-38.3039273508665,-12.7368054280281],[-38.3054124490252,-12.7347262907857],[-38.3058084753808,-12.734990308356],[-38.3048184099416,-12.7376964871032],[-38.3056104617534,-12.7379935070947],[-38.3062705056793,-12.7371024480195],[-38.3071615647544,-12.737564478318],[-38.3093397092601,-12.7343302644301],[-38.3099337483438,-12.7346272844216],[-38.3105937922696,-12.7336702214035],[-38.3116376749387,-12.7384220889083],[-38.3102099993919,-12.739195414137],[-38.3108048640532,-12.7412774426998],[-38.3088418086026,-12.7419912813725],[-38.3097341069434,-12.7448466342647],[-38.3125894598356,-12.7440733090359],[-38.3121730539432,-12.7416938476929],[-38.3162181379566,-12.7408015502513],[-38.3166940304051,-12.7425266603771],[-38.320560653851,-12.7415748745808],[-38.3196088698534,-12.7386005485764],[-38.3187165724119,-12.7380651695719],[-38.3168130026179,-12.7384220889083],[-38.3162181379566,-12.7365780065697],[-38.3147309749545,-12.7369944133615],[-38.3138386766136,-12.7336036805654],[-38.3151129431078,-12.7315941193731],[-38.3164335435731,-12.731558427979],[-38.3168618465969,-12.7318082713346],[-38.3170759976591,-12.7340925529289],[-38.3183965990238,-12.7339497855541],[-38.3187892097542,-12.7334857911363],[-38.318575058692,-12.7322722657525],[-38.3182538307496,-12.731558427979],[-38.3176113766637,-12.731558427979],[-38.3175756852696,-12.7302735189077],[-38.3189676703217,-12.7302021352203],[-38.3188249020475,-12.7318082713346],[-38.3193245887587,-12.731879655022],[-38.3193245887587,-12.7324507254206],[-38.3216445626464,-12.732200882065],[-38.3222870176317,-12.7309159729937],[-38.3245713001253,-12.7297024476098],[-38.3258919005907,-12.7294882956483],[-38.327462345311,-12.7277393930585],[-38.3278906483347,-12.7277393930585],[-38.3287472543822,-12.7260547344384],[-38.3286758706948,-12.7251267438042],[-38.3291398651127,-12.7250196687227],[-38.329175557406,-12.7259119670636],[-38.3300321625542,-12.7267328808177],[-38.3301397907187,-12.727445405581],[-38.3281018208423,-12.7294914046046],[-38.3285777132908,-12.7314247167772],[-38.3274474687257,-12.7319600948824],[-38.3260495355575,-12.7319600948824],[-38.3256926162212,-12.732525217165],[-38.3261982519477,-12.7356185171808],[-38.3270905502886,-12.7360646663513],[-38.3272987532349,-12.7366892742905],[-38.3278540926922,-12.7365611191003],[-38.3276229165643,-12.7404356682714],[-38.3280189438191,-12.7408976985699],[-38.3293060292498,-12.7408316937276],[-38.3333652973705,-12.7392475901041],[-38.3337283213049,-12.7394456028322],[-38.3345863779589,-12.7386205477001],[-38.3349824043145,-12.7378944998313],[-38.333992337976,-12.736541411357],[-38.333992337976,-12.734990308356],[-38.3322956212458,-12.7341313541786],[-38.3283695103446,-12.7336852050082],[-38.3284587401787,-12.7332093116603],[-38.3302433359611,-12.7320790679946],[-38.3318494720754,-12.7335364877187],[-38.3326227973042,-12.7336257175528],[-38.3349725135706,-12.7314247167772],[-38.3356566089653,-12.7288073101092],[-38.33634070436,-12.7288073101092],[-38.3369950555773,-12.7297888373849],[-38.3378576106402,-12.7293129449364],[-38.33770889425,-12.7283611609388],[-38.3364596765727,-12.7274688625979],[-38.3346750816896,-12.7272011730956],[-38.3347048249677,-12.7263088756541],[-38.3338125266268,-12.7257437542708],[-38.3334695359903,-12.7248255716428],[-38.3352788748202,-12.7239489107136],[-38.335385950801,-12.7230209209787],[-38.3336370473119,-12.7225569265609],[-38.3334942790377,-12.7217003214126],[-38.3357428701373,-12.7225569265609],[-38.3361354808677,-12.7251624360975],[-38.337420389939,-12.7246270579923],[-38.3377773092753,-12.7226640016423],[-38.3393120608029,-12.7225212351668],[-38.3396332887452,-12.7189163513085],[-38.3410966565854,-12.7197015727694],[-38.3428812532672,-12.7177742096121],[-38.3423458742627,-12.7169532958579],[-38.3451655348615,-12.7140265592782],[-38.346022140909,-12.7144191700086],[-38.3454510714098,-12.7154185443303],[-38.3437378593147,-12.7166320688149],[-38.3431667880168,-12.717738518218],[-38.3451655348615,-12.7188806590152],[-38.3468787469566,-12.7163465331659],[-38.3462006005772,-12.7155613108058],[-38.3467002881877,-12.7147047047583],[-38.3473070499803,-12.7148117807391],[-38.3475925856293,-12.7138837910041],[-38.3470928989181,-12.713419795687],[-38.3487704187198,-12.7125988819328],[-38.3475568942352,-12.7117779681787],[-38.3491987217436,-12.7108856698378],[-38.3492701063303,-12.7103146003385],[-38.3452369194482,-12.7082444689071],[-38.3445587730688,-12.7055675747837],[-38.3408237896861,-12.7070044575896],[-38.3424910518206,-12.709088534808],[-38.3408468141291,-12.7107785947563],[-38.3401329745571,-12.7105644427948],[-38.3404185111054,-12.7083515439885],[-38.3395619050578,-12.706174338375],[-38.3378130006694,-12.7044325719056],[-38.3381699200058,-12.7037901178196],[-38.3392049857215,-12.7039685765885],[-38.339454829077,-12.7045039555931],[-38.3428369229856,-12.7045292939917],[-38.3444210284077,-12.7036382358159],[-38.3431356858632,-12.7010675507269],[-38.3432024803102,-12.6993643202072],[-38.3435593987472,-12.6989360171834],[-38.3440233940643,-12.6991858614383],[-38.3461649091832,-12.6971514214009],[-38.3468787469566,-12.6908339520252],[-38.3461649091832,-12.6902628816267],[-38.3432381717042,-12.6929040825573],[-38.3433809399784,-12.6946886792391],[-38.3445230807755,-12.6952597496377],[-38.3452369194482,-12.6939391491724],[-38.3458079898468,-12.693903456879],[-38.3458079898468,-12.6950455976762],[-38.3451655348615,-12.6964732750216],[-38.3441661623385,-12.6966517346898],[-38.3442732374199,-12.6976154158188],[-38.3426671013057,-12.6989717085775],[-38.3428812532672,-12.699828314625],[-38.3418818789455,-12.7000067751925],[-38.3420246472197,-12.7006135369851],[-38.3404898938934,-12.6996855472502],[-38.3405969698742,-12.699221551933],[-38.3401329745571,-12.6989360171834],[-38.3417034201767,-12.6966160432957],[-38.3418461866522,-12.6953311342244],[-38.3411323488788,-12.6948314466139],[-38.3406683535616,-12.6951169822629],[-38.3397403638267,-12.6947243706332],[-38.3406683535616,-12.6944745281769],[-38.3403114351246,-12.6913693310298],[-38.3406683535616,-12.6910837962801],[-38.3406683535616,-12.6871576853789],[-38.3395262127644,-12.687336145047],[-38.3389908337599,-12.6881927510946],[-38.338384071068,-12.6875859884026],[-38.3389908337599,-12.6865509226869],[-38.3408468141291,-12.6863724630187],[-38.3412037325662,-12.684052489131],[-38.3388837577792,-12.6839811054436],[-38.3388837577792,-12.684373716174],[-38.3370634706026,-12.6851232462408],[-38.3338155060807,-12.6843380238806],[-38.3331373597013,-12.6847306346111],[-38.3299653600133,-12.6834896700122],[-38.3278919487544,-12.6841421281566],[-38.3270215498046,-12.685246383214]]]}},{"type":"Feature","properties":{"id":"1103","municipality":"2927408","density":"Densa","type":"Área urbanizada","state":"BA"},"geometry":{"type":"Polygon","coordinates":[[[-38.6210376725505,-12.7714796861386],[-38.6201453751089,-12.7725147518543],[-38.6206450609208,-12.7728359788973],[-38.6203595261712,-12.7742279639493],[-38.6207878291949,-12.7757984077703],[-38.6211447476319,-12.7756913317895],[-38.6208592128823,-12.7746919583672],[-38.6213945918869,-12.773906736007],[-38.621858587204,-12.774192271656],[-38.622822268333,-12.773906736007],[-38.6226438086648,-12.773585508964],[-38.6218228949106,-12.7736925849448],[-38.6217872026172,-12.7733356656085],[-38.6223582730158,-12.7731215136469],[-38.622822268333,-12.7720150651431],[-38.6233576473375,-12.7722292162053],[-38.6236074897938,-12.7715867621194],[-38.6232862627508,-12.7710156908214],[-38.6214302841802,-12.7711584590956],[-38.6207521369016,-12.7688384843086],[-38.6203595261712,-12.7688384843086],[-38.6210376725505,-12.7714796861386]]]}},{"type":"Feature","properties":{"id":"1104","municipality":"2927408","density":"Densa","type":"Área urbanizada","state":"BA"},"geometry":{"type":"Polygon","coordinates":[[[-38.4459922886132,-12.7342177178733],[-38.4457543432883,-12.7355264221067],[-38.4437912878376,-12.7355264221067],[-38.4433153962885,-12.7341582322166],[-38.4423041248355,-12.734574638109],[-38.443136935721,-12.7361212867679],[-38.4424825836043,-12.7362997473354],[-38.4415307996066,-12.735823854887],[-38.4400436366045,-12.7362997473354],[-38.4402220962727,-12.7383222893422],[-38.4430179626089,-12.7380248556625],[-38.4439102609497,-12.7383817749989],[-38.4435533416134,-12.7392740733397],[-38.443850775293,-12.7399879111132],[-38.4445646130664,-12.739868938001],[-38.4449215324028,-12.7402258573374],[-38.4434938550574,-12.741118154779],[-38.4442076937301,-12.7420104531199],[-38.4458733164004,-12.7402853438935],[-38.4463492088489,-12.7412371278911],[-38.4477173987389,-12.7414155875593],[-38.4483122642995,-12.7401068842253],[-38.4478958584071,-12.7397499648889],[-38.4483717499563,-12.7383222893422],[-38.4496209667342,-12.7378463959943],[-38.4515245356288,-12.7352884758824],[-38.4510486440796,-12.7348125843333],[-38.449145075185,-12.7357643683309],[-38.4479553449631,-12.7357643683309],[-38.4472415062904,-12.7363592329922],[-38.4468845869541,-12.7357643683309],[-38.449085588629,-12.7349910431021],[-38.4489666164162,-12.7340987447613],[-38.4474199659586,-12.7334443944432],[-38.4459922886132,-12.7342177178733]]]}},{"type":"Feature","properties":{"id":"1105","municipality":"2927408","density":"Densa","type":"Área urbanizada","state":"BA"},"geometry":{"type":"Polygon","coordinates":[[[-37.9858598582458,-12.4829815363688],[-37.9853958629287,-12.4833741470992],[-37.986359544957,-12.4853372016505],[-37.9854672466161,-12.4862651922848],[-37.9857527831643,-12.4865864193277],[-37.9872518432979,-12.4860153489292],[-37.9868235402742,-12.4853728939439],[-37.9876087617349,-12.4846590561705],[-37.9878586059898,-12.4856584286935],[-37.9883226004076,-12.485836889261],[-37.989000746787,-12.483195687431],[-37.9875016857541,-12.4814824753359],[-37.9860026256206,-12.4817680109849],[-37.9840752633627,-12.4798049546349],[-37.9835755757522,-12.4809470972307],[-37.9849675599049,-12.4823390813834],[-37.9876444540283,-12.4828387680946],[-37.9876801463217,-12.4834098393926],[-37.9870019999423,-12.4836953741422],[-37.9858598582458,-12.4829815363688]]]}},{"type":"Feature","properties":{"id":"1106","municipality":"2927408","density":"Densa","type":"Área urbanizada","state":"BA"},"geometry":{"type":"Polygon","coordinates":[[[-38.4713624755977,-12.4258696851378],[-38.4714835810024,-12.4270504572128],[-38.4720891053279,-12.4275348770329],[-38.4720891053279,-12.4282312301871],[-38.4707872278482,-12.429381725686],[-38.4713624755977,-12.4299569743349],[-38.4716652377605,-12.429442278838],[-38.4731790485742,-12.4295028310908],[-38.4738754017284,-12.4289881346946],[-38.4729973918161,-12.4255669229751],[-38.4713624755977,-12.4258696851378]]]}},{"type":"Feature","properties":{"id":"1107","municipality":"2927408","density":"Densa","type":"Área urbanizada","state":"BA"},"geometry":{"type":"MultiPolygon","coordinates":[[[[-38.3435561521946,-12.8811653681872],[-38.3440796340678,-12.8804515304138],[-38.3446982929918,-12.8808798334375],[-38.3451265960156,-12.8805942977886],[-38.3450790065908,-12.8794521560921],[-38.3462211491866,-12.8774534092474],[-38.3453169528151,-12.8766919820493],[-38.3433657953951,-12.8794521560921],[-38.3435561521946,-12.8811653681872]]],[[[-38.3585190328271,-12.9281982285654],[-38.3586438982972,-12.9287835199435],[-38.3594368530283,-12.9289881543798],[-38.3596159080476,-12.9296787932417],[-38.3605111804466,-12.9296020549908],[-38.3607669719182,-12.9309577532976],[-38.3617901396032,-12.9310089112322],[-38.3629156249561,-12.9283998322864],[-38.3647317491709,-12.9281184613978],[-38.3653968077165,-12.9274534019529],[-38.3652177535964,-12.9265837089709],[-38.3628388876045,-12.9242560009137],[-38.3628173272578,-12.9217981123929],[-38.3638714406144,-12.9216792561927],[-38.3643354359316,-12.9207869578518],[-38.3640499011819,-12.9198589681168],[-38.3645852801865,-12.9178959126662],[-38.3652277342725,-12.9180029877476],[-38.3646566629746,-12.920037427785],[-38.3651206582917,-12.9202515788472],[-38.3682615468329,-12.9165396199075],[-38.3680117025779,-12.9158971649222],[-38.3684756978951,-12.9155759378792],[-38.3696178395916,-12.9162897756526],[-38.3695464559042,-12.9170036152247],[-38.3684043142077,-12.9173248422676],[-38.36608434032,-12.9198589681169],[-38.3665840270312,-12.920679881871],[-38.3672978648046,-12.9205014222028],[-38.3676547841409,-12.9208940338326],[-38.369046769193,-12.9196091247613],[-38.3692966116493,-12.9198232758235],[-38.3686898498567,-12.9207869578518],[-38.3671907888238,-12.921607871606],[-38.3656560372962,-12.9206441895776],[-38.3651206582917,-12.9208583424385],[-38.3645138955998,-12.9217506389808],[-38.3647597459655,-12.9221496402936],[-38.3672896701821,-12.9225677728844],[-38.3679403197899,-12.9222860179853],[-38.3680830871647,-12.9227500133024],[-38.3686898498567,-12.9227857046965],[-38.3703673696584,-12.9214651042311],[-38.3721162740468,-12.9211795685822],[-38.3721876568348,-12.9193235891123],[-38.3709027486629,-12.9183955993774],[-38.3714381267681,-12.9177531452914],[-38.3717593547104,-12.9161470091771],[-38.3722590414216,-12.9160756245903],[-38.3729371878009,-12.9187168273197],[-38.3742577891656,-12.9178602212721],[-38.3742934796603,-12.9182885242959],[-38.3730085723877,-12.9193949727997],[-38.3726873444454,-12.9217149475867],[-38.3733297994307,-12.9223217102787],[-38.3740079449107,-12.9220361746297],[-38.3741864045789,-12.9205014222028],[-38.3746147076026,-12.9202515788472],[-38.3758996166739,-12.9206084981836],[-38.3762208437169,-12.9211081848948],[-38.3749002432516,-12.9214294119378],[-38.3751143952131,-12.9225358622402],[-38.3759710003613,-12.9228927806772],[-38.3771488343512,-12.9222860179853],[-38.3784694348165,-12.9233924682877],[-38.3790405052151,-12.922964165264],[-38.3788977378403,-12.9221789420045],[-38.377934055812,-12.9211081848948],[-38.3767919150148,-12.9212152608756],[-38.3769703737837,-12.9201445028665],[-38.3766491467407,-12.9197875844295],[-38.3745790162086,-12.9194663573865],[-38.3749002432516,-12.9187168273197],[-38.3753285462753,-12.9191094380501],[-38.3760780763421,-12.9187168273197],[-38.3744005556411,-12.9167537709697],[-38.3727230358394,-12.9158614726288],[-38.3732584148439,-12.9148621001058],[-38.3741150208914,-12.9157900898408],[-38.3757925406932,-12.9157900898408],[-38.3760066917554,-12.9167537709697],[-38.3766134553467,-12.9166823881817],[-38.3765063793659,-12.9179672963536],[-38.3769703737837,-12.9181814483151],[-38.3777199038504,-12.9202158865539],[-38.3783623588358,-12.9209654166206],[-38.3793617322581,-12.9212509531689],[-38.3798614189693,-12.9208226501452],[-38.3796115756137,-12.920001736391],[-38.3786478935854,-12.9195020487805],[-38.3778269798312,-12.9172534576809],[-38.3765777630533,-12.9154688618984],[-38.375292853982,-12.9151119425621],[-38.3749002432516,-12.9142196451205],[-38.3732227225506,-12.9140411863516],[-38.3721519663401,-12.9151476348554],[-38.36940368763,-12.91568301386],[-38.3686898498567,-12.9148264078124],[-38.369046769193,-12.9138627257841],[-38.3701532176968,-12.9137913420967],[-38.3729371878009,-12.9112929076416],[-38.3738294861418,-12.9107932218297],[-38.3744362479345,-12.9112215248534],[-38.374971626939,-12.9110430651853],[-38.374971626939,-12.9100079985702],[-38.3757925406932,-12.9092941607968],[-38.3761494600295,-12.9094012367776],[-38.3753642376694,-12.9102221514311],[-38.3753285462753,-12.9112572162475],[-38.3761851523229,-12.9124350502373],[-38.3769703737837,-12.9130775043233],[-38.3772916008266,-12.9119710549202],[-38.3791832725899,-12.9142196451205],[-38.3816103233577,-12.9148977923991],[-38.3803254142864,-12.9108646046177],[-38.3793974236522,-12.9094726213643],[-38.3786122021913,-12.9093655453836],[-38.37732729312,-12.9082234036871],[-38.3761137677362,-12.9084018633553],[-38.3757568492992,-12.9075452573077],[-38.3735796418869,-12.905603617413],[-38.3728301118202,-12.9039617890053],[-38.3724018087964,-12.9040331726927],[-38.3710812083311,-12.9028196482082],[-38.3723661174023,-12.9014276631561],[-38.3724018087964,-12.9006781330894],[-38.3705815207206,-12.8998929107292],[-38.369046769193,-12.8980369312593],[-38.3689040009189,-12.8974658599614],[-38.3695464559042,-12.8966449462072],[-38.3686541575633,-12.896430795145],[-38.3683686228137,-12.8949317341122],[-38.3684043142077,-12.8937182087283],[-38.3690110768997,-12.8928616026808],[-38.3699747589279,-12.8921477649074],[-38.3706172130139,-12.8922905331815],[-38.3701175263027,-12.8928616026808],[-38.3705815207206,-12.8938609770024],[-38.3711168997251,-12.8936111336469],[-38.3711168997251,-12.8921834572008],[-38.3701425112678,-12.8913339890723],[-38.3686791416291,-12.8918693680768],[-38.3676083854186,-12.8914767573464],[-38.3671443901015,-12.891690909308],[-38.3677511518941,-12.8925832058502],[-38.3668588553518,-12.8925832058502],[-38.3664305523281,-12.891690909308],[-38.3658951733236,-12.8917266007021],[-38.3658594810301,-12.8930828925614],[-38.3644674959781,-12.8958668626655],[-38.3644674959781,-12.896723468713],[-38.3654311780064,-12.8977228421354],[-38.3662164003666,-12.8947247209691],[-38.3669659304333,-12.8936539638593],[-38.3674299248511,-12.8936896561527],[-38.3676440768127,-12.8963665493767],[-38.3671086978081,-12.8981154528658],[-38.368322223192,-12.89825822114],[-38.3694286716958,-12.9000428169224],[-38.3665376274095,-12.8987936001445],[-38.3655025616938,-12.8997215889801],[-38.3636030388491,-12.8994858730745],[-38.3639581847224,-12.8955295584423],[-38.3618266799573,-12.8964994646785],[-38.3601848524489,-12.8980699102981],[-38.3598636254059,-12.8996046618257],[-38.3588999433776,-12.8994262021575],[-38.3608629979289,-12.8958927028859],[-38.3607202305541,-12.8952502479006],[-38.3595780888577,-12.8955714758429],[-38.3602919284297,-12.8945364101272],[-38.3598993168,-12.89339426933],[-38.3594353223822,-12.8932515010559],[-38.3595780888577,-12.8910742936437],[-38.3590427107525,-12.8907887588941],[-38.3575436497196,-12.8918595160038],[-38.35725811497,-12.8909315271682],[-38.3577934939745,-12.8898250768658],[-38.3580790287241,-12.8872552587232],[-38.3576864179938,-12.8858989668638],[-38.3547239891208,-12.8844712904176],[-38.3550095238704,-12.8827937697167],[-38.3582217969983,-12.8799241400869],[-38.3578291853686,-12.8782823116793],[-38.3581504133109,-12.8779610846363],[-38.3588999433777,-12.8781038520111],[-38.3588285587909,-12.8787463069964],[-38.3594353223822,-12.8794244533758],[-38.3591140944399,-12.8807807461345],[-38.3601848524489,-12.8814945839079],[-38.3612913009528,-12.8811376645715],[-38.3620765233129,-12.8789247657653],[-38.3606845391601,-12.8777826249681],[-38.3601848524489,-12.8755340347678],[-38.359613781151,-12.8748915797825],[-38.3576864179938,-12.8750343480567],[-38.3573651909507,-12.8746774287203],[-38.3567941196529,-12.8731426762934],[-38.3571510389892,-12.8728571406445],[-38.3579719527434,-12.8735709793172],[-38.3580076450368,-12.8724645299141],[-38.3570796553018,-12.8715722315732],[-38.3567584282588,-12.8699304040649],[-38.3561873569609,-12.8697162521033],[-38.3548667573949,-12.8676818129653],[-38.354973831577,-12.8668965906051],[-38.3543313783904,-12.8659329085768],[-38.3545812208466,-12.865147687116],[-38.3555092105816,-12.8645409253234],[-38.3560445895861,-12.8647550763856],[-38.3561159741728,-12.8638627780447],[-38.3559018222113,-12.8631489402714],[-38.3549024478896,-12.8627206372475],[-38.3555805951683,-12.8619354148875],[-38.3536532311117,-12.8605077384413],[-38.3540815341355,-12.8595797478071],[-38.3536175388183,-12.8591871370767],[-38.3543670697844,-12.8586517589715],[-38.355223675832,-12.8592585207641],[-38.3556162865624,-12.8585446829907],[-38.3550809075578,-12.8581163799669],[-38.3553307509134,-12.8576166932558],[-38.356651352278,-12.8587588340529],[-38.3571510389892,-12.8573311576068],[-38.3580076450368,-12.8563674755785],[-38.3573294986574,-12.855832096574],[-38.3573651909508,-12.8553681030555],[-38.3580790287241,-12.8549041077383],[-38.3584716403539,-12.8560462494348],[-38.3589356347717,-12.8557250223918],[-38.3587214828101,-12.8547970317576],[-38.3615768366017,-12.8550825674065],[-38.3618266799573,-12.854582879796],[-38.3613269932461,-12.8536548909604],[-38.3607559219482,-12.8531908956433],[-38.3603633112178,-12.854225961359],[-38.3595067051703,-12.8534764312922],[-38.3568655042396,-12.8526555166387],[-38.3565085849032,-12.8532265879367],[-38.3573294986574,-12.8539761180034],[-38.3561516646675,-12.8548327240509],[-38.3557590539372,-12.855832096574],[-38.3551879844379,-12.8559748648481],[-38.3543670697844,-12.8547256480701],[-38.3541172264288,-12.8556536378051],[-38.3533676963621,-12.8559034811607],[-38.3532249280879,-12.8563317841844],[-38.3544741448658,-12.8571170056453],[-38.3529393933383,-12.8595797478071],[-38.3530107770257,-12.8607575817969],[-38.3540815341355,-12.8617569552193],[-38.3541172264288,-12.8625064861853],[-38.3526538576893,-12.8636843192759],[-38.3518686362285,-12.8659329085768],[-38.3534390800494,-12.8658258343947],[-38.3531178530065,-12.8672892022349],[-38.3535104637369,-12.8677175052586],[-38.3533320040687,-12.8681458082824],[-38.3525110903145,-12.8683242679506],[-38.3508335696135,-12.8713580796116],[-38.351012030181,-12.872000534597],[-38.3515117159928,-12.8718577672221],[-38.3535104637369,-12.8694307173537],[-38.3537959993858,-12.8698590203774],[-38.351654484267,-12.8730356003127],[-38.3530107770257,-12.8750343480567],[-38.3526895499827,-12.8758195704168],[-38.3514403332048,-12.8750343480567],[-38.3507264936327,-12.8763906399161],[-38.3493345103793,-12.8756768021427],[-38.3479425253272,-12.8771401708821],[-38.3481923677835,-12.8781038520111],[-38.3492631257926,-12.878353696266],[-38.3509406455943,-12.8778897009489],[-38.3515830996803,-12.8772472459636],[-38.3517972516418,-12.8775327816126],[-38.3508335696135,-12.878353696266],[-38.3507978782195,-12.8788533829772],[-38.3496200451289,-12.8789247657653],[-38.3491917421052,-12.8797099890247],[-38.3495129691482,-12.8801739834426],[-38.3482637523703,-12.8801382920485],[-38.34669330765,-12.8791746100202],[-38.34601516217,-12.8799241400869],[-38.3455511668528,-12.881673043576],[-38.3471216106738,-12.8837074827141],[-38.3471216106738,-12.8843856290935],[-38.3459437775832,-12.8836004067334],[-38.3451585561224,-12.8837788673009],[-38.3445517934305,-12.8833505642771],[-38.3434453440274,-12.8835290239452],[-38.3423745860183,-12.8846711647424],[-38.340768449904,-12.8829222612533],[-38.3426601216672,-12.8815659675953],[-38.3425561222672,-12.8790950667839],[-38.3413752125959,-12.8783893876601],[-38.3421961272494,-12.8770116802448],[-38.3403758391736,-12.8739421753911],[-38.3409706318891,-12.8729881997456],[-38.3419490061417,-12.8736543266858],[-38.3416306380435,-12.8742556889488],[-38.3422673742399,-12.874927799978],[-38.3434347248327,-12.8755645361744],[-38.3440360870957,-12.8747155536799],[-38.3432932281998,-12.8740434444493],[-38.3441272225932,-12.8711240427404],[-38.3428423144212,-12.8704102040676],[-38.3424140113975,-12.8708385070914],[-38.3419857083737,-12.8696963662943],[-38.3391779440068,-12.8683162792729],[-38.3382261600092,-12.8694108306453],[-38.3387972304078,-12.8706481511912],[-38.3385690679081,-12.8732743253498],[-38.3370743371109,-12.8752484991189],[-38.3357537357463,-12.8754626510805],[-38.3356466597655,-12.8749986557633],[-38.3346115949491,-12.8752484991189],[-38.3346115949491,-12.875712494436],[-38.333826372589,-12.8754626510805],[-38.330828252322,-12.8770687871947],[-38.3305427157737,-12.8769260189206],[-38.3312922467397,-12.8756768021427],[-38.3311494793649,-12.8744275853647],[-38.3297218020195,-12.8731069840001],[-38.3289008882654,-12.873106984],[-38.3259384593923,-12.8751771154315],[-38.3260812267671,-12.8758909541042],[-38.3252960053064,-12.8760694128731],[-38.3249747782634,-12.8768546352332],[-38.3259384593923,-12.8776755489873],[-38.3257956920175,-12.8780324692231],[-38.3238326356675,-12.8768903266272],[-38.3254030812871,-12.8746774287203],[-38.325260313013,-12.873713746692],[-38.3242609386914,-12.8728928329379],[-38.3231901815816,-12.873678055298],[-38.3223692678274,-12.8761051051664],[-38.3234757172305,-12.8772829382569],[-38.32297602962,-12.8777469326748],[-38.3220837321784,-12.877318629651],[-38.3209772827753,-12.8751771154315],[-38.3205489797515,-12.8751771154315],[-38.3203705209827,-12.8758552618108],[-38.3195852977233,-12.875712494436],[-38.3189785359306,-12.876961711214],[-38.3196209900166,-12.8774613979251],[-38.3196209900166,-12.8782823116793],[-38.3188000762625,-12.8781752356985],[-38.318693001181,-12.8775327816126],[-38.3181576221765,-12.8784250799535],[-38.3192283792862,-12.8792459937076],[-38.3191704719397,-12.8796436217557],[-38.3181751787414,-12.8799465377025],[-38.317301016129,-12.8793744852442],[-38.3171225555615,-12.8778397319181],[-38.318693001181,-12.8756625254052],[-38.3183003886519,-12.8748416107517],[-38.3171939401482,-12.8746631519828],[-38.3171225555615,-12.8751985309874],[-38.3165514860622,-12.8752699137755],[-38.3149810413419,-12.8749843790258],[-38.3148025816737,-12.8744490000213],[-38.316373026394,-12.8737708536419],[-38.3154807280531,-12.872842863907],[-38.3148739662605,-12.8708441170623],[-38.31437427865,-12.8708441170623],[-38.3139102842322,-12.8700232033082],[-38.3109121630658,-12.869237980948],[-38.3104124763546,-12.871914874172],[-38.3099127887442,-12.8720933338402],[-38.311366725394,-12.8744522897413],[-38.3100692995585,-12.8745937027372],[-38.3094844857204,-12.8741063583217],[-38.3090204922019,-12.8681458082824],[-38.3080925015676,-12.8672892022349],[-38.3065577491408,-12.8678245812394],[-38.307842658212,-12.8663255202066],[-38.308449420904,-12.8671107425667],[-38.3090561826966,-12.8659686008702],[-38.3084137286106,-12.8638984703381],[-38.3086278805722,-12.8635415510017],[-38.3096272539945,-12.8647193840923],[-38.31105493134,-12.8645409253234],[-38.3108407793784,-12.8635058587084],[-38.3097343299753,-12.8626135612668],[-38.310805087085,-12.8618997225941],[-38.3105552437295,-12.8611501934266],[-38.311090622734,-12.8608289663836],[-38.3102697089798,-12.8577237692365],[-38.3098414059561,-12.857509617275],[-38.3101269407057,-12.8534050467055],[-38.3096986376819,-12.8529053599944],[-38.3106980120036,-12.8524770569705],[-38.3119115373875,-12.852548440658],[-38.3120899961564,-12.851549068135],[-38.3113047737962,-12.8513706075674],[-38.3092703346582,-12.8522985982017],[-38.3080211178802,-12.8531552042492],[-38.3084851131973,-12.8537262737485],[-38.308128193861,-12.8540831939842],[-38.3076641994432,-12.8538333497293],[-38.307057435852,-12.8553324107621],[-38.3074500465823,-12.8556893300985],[-38.3068789770831,-12.855832096574],[-38.3064863663527,-12.8577951529239],[-38.303202708638,-12.8577951529239],[-38.3043091589405,-12.8590086783078],[-38.3061651384104,-12.8588302177403],[-38.3061651384104,-12.8593655967448],[-38.3073072801068,-12.8591157542886],[-38.3075214311691,-12.8594726727257],[-38.3081995784477,-12.8592585207641],[-38.3079140418995,-12.8585089906973],[-38.3086635719662,-12.8580806876736],[-38.3101269407057,-12.8612215771141],[-38.3079854255869,-12.8602222027924],[-38.3064863663527,-12.8606505058161],[-38.3052371486754,-12.860472046148],[-38.3065577491408,-12.8615428041571],[-38.3080925015677,-12.8609717328591],[-38.3088063402404,-12.8612929599021],[-38.3090561826966,-12.8622209496371],[-38.3086635719662,-12.8625064861853],[-38.3075928148565,-12.8619711071808],[-38.3075214311691,-12.8635772432951],[-38.307057435852,-12.8637557029633],[-38.3062008298044,-12.8631489402713],[-38.3060937547229,-12.8639341617321],[-38.3054156083436,-12.8638984703381],[-38.3035596288738,-12.8600794354176],[-38.3008470433563,-12.8600437431242],[-38.3013467300675,-12.8607575817969],[-38.3032740932248,-12.8608289663836],[-38.3041663906664,-12.8633273999395],[-38.3037559337893,-12.8636486269825],[-38.3023996410305,-12.862185258243],[-38.3019713380068,-12.8622209496371],[-38.3021141062809,-12.8630061719972],[-38.3035417827271,-12.8642910810685],[-38.3018642629253,-12.8650763034286],[-38.3005079701666,-12.8606505058161],[-38.2998655151814,-12.8606505058161],[-38.2997584400999,-12.8600437431242],[-38.2969387777024,-12.8595440573123],[-38.296546166972,-12.8590443697019],[-38.2934766630175,-12.8581877636543],[-38.2933338947434,-12.8569742391698],[-38.2908711525816,-12.855617946411],[-38.289372092448,-12.8557964051799],[-38.2891222490925,-12.8570099305638],[-38.2898717791592,-12.857509617275],[-38.2910496122497,-12.8599937749927],[-38.2925843646767,-12.8599580826993],[-38.2939406574354,-12.8609574561216],[-38.2946188038147,-12.8597439307378],[-38.2948686471703,-12.860671921372],[-38.2948329548769,-12.8615642188136],[-38.2942975767717,-12.8615642188136],[-38.2940834248101,-12.8620639064241],[-38.2933338947434,-12.86192113815],[-38.2933338947434,-12.8610288398091],[-38.2929055917197,-12.8607433050594],[-38.2927985157389,-12.861599911107],[-38.2916920672351,-12.860993148415],[-38.2900502388274,-12.8632774309087],[-38.2898003945725,-12.8642054206436],[-38.2905142341445,-12.8658829413447],[-38.2912637642113,-12.8650977189845],[-38.2919776019847,-12.8655260220083],[-38.2912280719179,-12.8678103036026],[-38.2916920672351,-12.869559207991],[-38.2914065306868,-12.8703444303511],[-38.2907997688942,-12.8708084247689],[-38.288586870088,-12.8712010363986],[-38.289134183096,-12.8721228064223],[-38.2874090369974,-12.871914874172],[-38.285945668258,-12.8724502531766],[-38.2841253810814,-12.8720576424462],[-38.2841253810814,-12.8716650308165],[-38.2824835526738,-12.8708798093557],[-38.2799137354305,-12.8719505655661],[-38.2797709671564,-12.8727357879262],[-38.2782719070228,-12.8727357879262],[-38.2773439172879,-12.8746274596895],[-38.2765586949278,-12.8749843790258],[-38.2765586949278,-12.8753412983622],[-38.2782005233354,-12.8751985309874],[-38.2816626389196,-12.8760194447415],[-38.2820909419434,-12.8752699137755],[-38.2824121689863,-12.8753769897562],[-38.2824835526738,-12.8767689748083],[-38.2813771032706,-12.876840359395],[-38.2812700281892,-12.8774828125817],[-38.28205524965,-12.8780538838796],[-38.2828012112069,-12.8801739834426],[-38.2843359627345,-12.8814588916145],[-38.2841575039656,-12.8821370388932],[-38.2846928820708,-12.8827081092918],[-38.2855851804117,-12.8822084225806],[-38.28654886244,-12.8837788673009],[-38.2851211850946,-12.8841000943438],[-38.2834436652929,-12.882315497662],[-38.2827655189135,-12.8828508766666],[-38.2835507412736,-12.8846354733484],[-38.2874054675882,-12.8883117399948],[-38.2920168627879,-12.8942365977408],[-38.293087620797,-12.8949861278075],[-38.3019035237286,-12.9071213789484],[-38.3032241250933,-12.9060149304447],[-38.3017250640604,-12.9051583243971],[-38.3017667053691,-12.9041351558128],[-38.3047172362115,-12.9044206905624],[-38.3062876809317,-12.9038115491636],[-38.308769771108,-12.9041967009169],[-38.3080604155557,-12.9073887968555],[-38.3246690537338,-12.9112435240693],[-38.3250021779081,-12.9131946823886],[-38.3263822658288,-12.9146699482595],[-38.3287617271719,-12.915907267906],[-38.3299038679691,-12.9171921769773],[-38.3303321709928,-12.9189053890724],[-38.3321405610381,-12.9201427078197],[-38.3328543997107,-12.9193336920962],[-38.3347103791806,-12.9205710108435],[-38.3352814495792,-12.9205710108435],[-38.3363760018509,-12.9193812806216],[-38.3389934094183,-12.9178584262253],[-38.3416108160862,-12.9176680694258],[-38.3430384934317,-12.9157169111065],[-38.3401831396402,-12.9142416452357],[-38.342990904007,-12.9111959346446],[-38.343609562931,-12.9117670059425],[-38.3442282227542,-12.9112435240693],[-38.3471936715506,-12.9128724328165],[-38.3457185333835,-12.9171106912054],[-38.3458613007584,-12.9178245289788],[-38.3468963655748,-12.9184312907714],[-38.3480028158772,-12.9199660440976],[-38.3507510927886,-12.9208940338326],[-38.351679083423,-12.9206441895776],[-38.3525328071433,-12.918093659195],[-38.3544489080906,-12.9219282928564],[-38.3552601109653,-12.9251054942231],[-38.354926986791,-12.9254386192968],[-38.3551649330152,-12.9262952253444],[-38.3541655586935,-12.9271042419671],[-38.3540227913187,-12.9280560259648],[-38.35448336854327,-12.929060920432653],[-38.35448336854328,-12.929060920432654],[-38.3562118958623,-12.9291029888119],[-38.3585190328271,-12.9281982285654]],[[-38.3330566167694,-12.9025742286177],[-38.3337419019672,-12.9013844992952],[-38.3347888648142,-12.9023362832928],[-38.3353123457881,-12.901812802319],[-38.3386780819279,-12.9030634382271],[-38.3396120692416,-12.9058183530345],[-38.3409445668382,-12.9067225476075],[-38.3415632266615,-12.9080074566787],[-38.3394217124421,-12.9103393285971],[-38.3381368033707,-12.9100062053221],[-38.3371850193731,-12.9091971877999],[-38.3338537731331,-12.9084833500265],[-38.3320929716133,-12.9066749590821],[-38.3322357398875,-12.9061990666336],[-38.3316646685896,-12.905342460586],[-38.3294279764199,-12.9038671947152],[-38.329761099695,-12.9033437137413],[-38.3293327966712,-12.9024395191684],[-38.3281430673487,-12.9029630001423],[-38.3267629803273,-12.9019160372952],[-38.3236696803115,-12.9021063940948],[-38.3224799500896,-12.9043430871637],[-38.3260967301799,-12.9071508506312],[-38.3258587839556,-12.908292993227],[-38.315960226783,-12.9063418349077],[-38.316495568016,-12.9030977113902],[-38.3183991369106,-12.9020507476438],[-38.3201599384304,-12.9003375364481],[-38.3234911837711,-12.9004327143982],[-38.3248236822671,-12.9009086068467],[-38.3273459109849,-12.8979104856803],[-38.3283452844073,-12.8981484319046],[-38.3330566167694,-12.9025742286177]],[[-38.3787148157361,-12.9131060577983],[-38.3793334755594,-12.9120352997892],[-38.3799045468573,-12.9126777547745],[-38.3797379852198,-12.9132012357484],[-38.3787148157361,-12.9131060577983]]]]}},{"type":"Feature","properties":{"id":"1108","municipality":"2927408","density":"Densa","type":"Área urbanizada","state":"BA"},"geometry":{"type":"Polygon","coordinates":[[[-38.3989410568842,-12.5962322856914],[-38.3986198289419,-12.5965892059271],[-38.3979773748559,-12.594840302438],[-38.3974419958514,-12.5951258371876],[-38.3985127538605,-12.5979811900798],[-38.4000475062874,-12.5981953420414],[-38.4003330410369,-12.5975528870561],[-38.3995121272828,-12.5973030437005],[-38.3999047380132,-12.5968747406767],[-38.4006899603733,-12.5970175089508],[-38.4007970363541,-12.595518447918],[-38.399690586951,-12.594840302438],[-38.3999047380132,-12.5941978465534],[-38.3995835109702,-12.5937695444289],[-38.3981915259182,-12.5944833831016],[-38.3989410568842,-12.5962322856914]]]}},{"type":"Feature","properties":{"id":"1109","municipality":"2927408","density":"Densa","type":"Outros equipamentos urbanos","state":"BA"},"geometry":{"type":"Polygon","coordinates":[[[-38.5895704876878,-12.7090483009383],[-38.5891064941693,-12.7092624520005],[-38.588464039184,-12.7086556902079],[-38.5874646648624,-12.7092267597071],[-38.5875003571557,-12.7075849321988],[-38.5868579030698,-12.7062643317335],[-38.5879643515735,-12.7054791093734],[-38.5878929678861,-12.7050864977437],[-38.5873932820743,-12.7046225033258],[-38.5866437511082,-12.7046938870132],[-38.5862868317718,-12.7034446702353],[-38.5855373017051,-12.7033732856486],[-38.5823607217699,-12.6996613267088],[-38.581896727352,-12.698554878205],[-38.5811115049919,-12.6982693425561],[-38.5801121306703,-12.6983764176375],[-38.5801478229636,-12.6989474889354],[-38.5806475096748,-12.6991616399977],[-38.5804333577132,-12.7005893173431],[-38.5808973530304,-12.7009462357801],[-38.5809330453237,-12.7036231299035],[-38.5774352374462,-12.7044083522636],[-38.5764001717305,-12.7041942003021],[-38.5763287880431,-12.7062643317335],[-38.5752223386399,-12.7062643317335],[-38.5750081866784,-12.7053006497052],[-38.574936802991,-12.7037658972783],[-38.5757934090386,-12.701196080035],[-38.5712248440513,-12.7008391597993],[-38.5693331731874,-12.7014459233906],[-38.5691904049132,-12.7028379084427],[-38.5666919713573,-12.7019099178084],[-38.564336304277,-12.7033019028605],[-38.563729541585,-12.7032662105671],[-38.5625874007879,-12.7022668371447],[-38.56133818401,-12.7037658972783],[-38.5618735621152,-12.7017671504336],[-38.5611240320484,-12.7014102310972],[-38.5606600367313,-12.7014102310972],[-38.5606600367313,-12.702159761164],[-38.5574120731087,-12.7029092921301],[-38.5580902185887,-12.7067997098387],[-38.557162229753,-12.7072993974492],[-38.5571979211471,-12.708405845953],[-38.5561985477248,-12.7102618263222],[-38.5546281039038,-12.7103332100096],[-38.5542711836682,-12.71072582074],[-38.5548779472594,-12.7114753508067],[-38.5544853356297,-12.7119036538305],[-38.5549136386534,-12.7125104174218],[-38.5586612898866,-12.7102261340288],[-38.5590182092229,-12.7104759782838],[-38.5620520217833,-12.7096550627309],[-38.5622304823508,-12.7101190580481],[-38.5628015518501,-12.71004767526],[-38.5655498296609,-12.7090483009383],[-38.5655855219542,-12.7100833657547],[-38.5660495163721,-12.7106187447592],[-38.5674415014241,-12.7104759782838],[-38.5695830156436,-12.713331331176],[-38.5706537727534,-12.7140451689493],[-38.571653147075,-12.7137953255938],[-38.5739017381746,-12.7120107298113],[-38.5748297279096,-12.7107972053267],[-38.5757220253511,-12.7081203112034],[-38.5767213987735,-12.7081560025974],[-38.5766857073795,-12.7122605731669],[-38.5770783181098,-12.7128316435654],[-38.5828960998751,-12.7126531838973],[-38.5835385548603,-12.711332583432],[-38.5867865193823,-12.7094766039621],[-38.5873932820743,-12.7105830533652],[-38.5872862060935,-12.711332583432],[-38.5881785044344,-12.7115467353935],[-38.5889994181886,-12.7110827400764],[-38.5897846396493,-12.7111898160571],[-38.5907126302836,-12.7103332100096],[-38.5895704876878,-12.7090483009383]]]}},{"type":"Feature","properties":{"id":"1110","municipality":"2927408","density":"Densa","type":"Área urbanizada","state":"BA"},"geometry":{"type":"Polygon","coordinates":[[[-38.2871349677046,-12.8555522626268],[-38.2871349677046,-12.8564445609676],[-38.2865995887,-12.8564802523617],[-38.286242670263,-12.8555879549201],[-38.2850648371725,-12.8556593377082],[-38.2859928269074,-12.8583362318316],[-38.2856715998644,-12.8586217665812],[-38.2833873173707,-12.8526255260471],[-38.2828519383662,-12.852125839336],[-38.2808888829156,-12.8543030458488],[-38.2807104232474,-12.8550525759156],[-38.2819596400253,-12.8578008528271],[-38.2798538171999,-12.8583362318316],[-38.2791756708205,-12.8570156313663],[-38.2785332167345,-12.8570156313663],[-38.2794255141761,-12.8589786859176],[-38.2810673425837,-12.8595854486095],[-38.2803178116177,-12.8598352919651],[-38.2805319635792,-12.8606918980127],[-38.281602720689,-12.8604777469505],[-38.2817097966697,-12.8589786859176],[-38.2821380996935,-12.8586574588746],[-38.2828519383662,-12.8599066756525],[-38.2842082311249,-12.8605134392438],[-38.2847436101294,-12.8599780602393],[-38.2869208166424,-12.8614771212721],[-38.286563897306,-12.8626549543626],[-38.2870278917238,-12.8626906457566],[-38.2875275793343,-12.8619054242959],[-38.2880629583388,-12.8626549543626],[-38.285957134614,-12.8635115604101],[-38.2857072921578,-12.8630118727996],[-38.2860642105948,-12.8621552667521],[-38.2856715998644,-12.8617983483151],[-38.2847079178361,-12.8614771212721],[-38.2821380996935,-12.8622266513389],[-38.2812101099586,-12.861084508743],[-38.2807461146414,-12.8612629693105],[-38.2817811812564,-12.8635829440976],[-38.2842082311249,-12.8623337273196],[-38.2849220688983,-12.8634044844294],[-38.2846008418553,-12.8643681655583],[-38.2850648371725,-12.8648321608755],[-38.2857786749458,-12.8644752406398],[-38.2872777359787,-12.8669022923069],[-38.2879915737521,-12.8667952163261],[-38.2885269527566,-12.8676875137677],[-38.2878131149832,-12.8690438074257],[-38.2892764828234,-12.8691865739012],[-38.2900260128902,-12.8699717962613],[-38.2906327755821,-12.8690794979204],[-38.2889195643863,-12.8646180089139],[-38.2887767961122,-12.8621909590455],[-38.2882057257136,-12.8616555800409],[-38.2883484930884,-12.8600494439267],[-38.2887767961122,-12.8596568331963],[-38.2896334021597,-12.8602279035948],[-38.2899546292027,-12.8615128117668],[-38.2903472399331,-12.8615128117668],[-38.2904186236205,-12.8607632817],[-38.2897404781405,-12.859050069605],[-38.2883128007951,-12.8575153180774],[-38.2881700343196,-12.8558734896698],[-38.2871349677046,-12.8555522626268]]]}},{"type":"Feature","properties":{"id":"1111","municipality":"2927408","density":"Densa","type":"Área urbanizada","state":"BA"},"geometry":{"type":"MultiPolygon","coordinates":[[[[-38.5311014461748,-12.6399202742012],[-38.5307207316764,-12.6404437551751],[-38.5324339437714,-12.6412051832725],[-38.5337664422674,-12.6386829536554],[-38.5324815331962,-12.6383022400563],[-38.5317676954228,-12.6390636681537],[-38.5297689467794,-12.6377311687584],[-38.5292454658055,-12.6388257219295],[-38.5311014461748,-12.6399202742012]]],[[[-38.5355272428879,-12.6395871491276],[-38.5364790268856,-12.6404437551751],[-38.537621168582,-12.6400154521514],[-38.5384301852049,-12.6391112566791],[-38.5380970610305,-12.638064293832],[-38.5392392018277,-12.6360655469874],[-38.5386681323284,-12.6355420651142],[-38.5371928655583,-12.6373028666339],[-38.5359555459117,-12.6353517083147],[-38.5357651891122,-12.6332577826205],[-38.5340043875924,-12.6336384971189],[-38.5342423338166,-12.6354944756894],[-38.5355272428879,-12.6395871491276]]]]}},{"type":"Feature","properties":{"id":"1112","municipality":"2927408","density":"Densa","type":"Área urbanizada","state":"BA"},"geometry":{"type":"Polygon","coordinates":[[[-38.5171612098219,-12.7558076639925],[-38.5186959622488,-12.7568427297082],[-38.5203020983631,-12.7555578206369],[-38.5205519417187,-12.7544870626278],[-38.5201950223823,-12.7537375325611],[-38.5207304013869,-12.7523098570143],[-38.5200879473009,-12.7520243213653],[-38.5195882596904,-12.7526667763506],[-38.51919564896,-12.7548796742575],[-38.5184461188932,-12.7552365935938],[-38.5175538205523,-12.7529880033936],[-38.5171255184279,-12.7528095428261],[-38.5171612098219,-12.7558076639925]]]}},{"type":"Feature","properties":{"id":"1113","municipality":"2927408","density":"Densa","type":"Área urbanizada","state":"BA"},"geometry":{"type":"Polygon","coordinates":[[[-37.9781860970107,-12.4927611213286],[-37.9775079497321,-12.4946527921926],[-37.9796137725575,-12.4943672574429],[-37.9793639301013,-12.4949740192356],[-37.9797208494376,-12.4956878579083],[-37.9817909799697,-12.4949383269422],[-37.9833614237907,-12.4956521656149],[-37.9835041920647,-12.4950810952163],[-37.9823263589742,-12.4944386411303],[-37.9800777678747,-12.4947955595674],[-37.9791497781397,-12.4927611213286],[-37.9781860970107,-12.4927611213286]]]}},{"type":"Feature","properties":{"id":"1114","municipality":"2927408","density":"Densa","type":"Área urbanizada","state":"BA"},"geometry":{"type":"Polygon","coordinates":[[[-38.2810673425837,-12.8659386102786],[-38.2792827468013,-12.8622623427329],[-38.2778907617492,-12.8627620294441],[-38.2776052269996,-12.8654032312741],[-38.2778907617492,-12.865688766923],[-38.2762846256349,-12.8671878270565],[-38.2775695347062,-12.868972422839],[-38.2792470554072,-12.8674733618062],[-38.2802821202236,-12.8678302811425],[-38.2817097966697,-12.8670450587824],[-38.2833516250774,-12.8674019781187],[-38.2839940800627,-12.8670450587824],[-38.2842796148123,-12.866009993966],[-38.2834230087648,-12.8647607771881],[-38.2810673425837,-12.8659386102786]]]}},{"type":"Feature","properties":{"id":"1115","municipality":"2927408","density":"Densa","type":"Área urbanizada","state":"BA"},"geometry":{"type":"Polygon","coordinates":[[[-38.210344764799,-12.7979911973358],[-38.2105589158612,-12.7974915106247],[-38.2097380021071,-12.7971345912883],[-38.20828210847493,-12.799145111010574],[-38.209163702976134,-12.800144839174934],[-38.21020318119151,-12.801323607471167],[-38.210987218885,-12.7996330248442],[-38.210344764799,-12.7979911973358]]]}},{"type":"Feature","properties":{"id":"1116","municipality":"2927408","density":"Densa","type":"Área urbanizada","state":"BA"},"geometry":{"type":"Polygon","coordinates":[[[-38.4953534497019,-12.751667402029],[-38.4964242068116,-12.7517030943223],[-38.4981017266133,-12.7530950793744],[-38.4987441806994,-12.7544513712338],[-38.5015638430968,-12.7539873768159],[-38.5021706048894,-12.7545584472146],[-38.5027416761874,-12.7545227549211],[-38.5028487521681,-12.7537732248544],[-38.5018850701398,-12.7514889423608],[-38.4982088025941,-12.7505966449192],[-38.4977448081763,-12.750739412294],[-38.4975306562148,-12.7515246337548],[-38.4947109947166,-12.7500255736213],[-38.4939971569432,-12.7501683418954],[-38.4940685406306,-12.7506323372125],[-38.4952463737211,-12.7510606402363],[-38.4953534497019,-12.751667402029]]]}},{"type":"Feature","properties":{"id":"1117","municipality":"2927408","density":"Densa","type":"Área urbanizada","state":"BA"},"geometry":{"type":"MultiPolygon","coordinates":[[[[-37.9686231623291,-12.488308355746],[-37.9687302374105,-12.4874160583044],[-37.9669813339214,-12.4870591389681],[-37.9688730047853,-12.4868449870065],[-37.9693726923958,-12.4854886951471],[-37.9687302374105,-12.4851674672048],[-37.9685160863483,-12.4857742298967],[-37.9663031866427,-12.4860240732523],[-37.9664530928359,-12.4872947046868],[-37.967588095714,-12.4878443613281],[-37.9684803940549,-12.4895218811299],[-37.9679450150503,-12.4897717235861],[-37.9690157730594,-12.4904498708648],[-37.9694083837898,-12.4899144918602],[-37.9689800807661,-12.4891649617935],[-37.9712286718657,-12.4876302093666],[-37.9715142066153,-12.4852388508922],[-37.9724778886436,-12.4835613310905],[-37.9718354336583,-12.4833471800283],[-37.97087175163,-12.4845607054122],[-37.9709431362167,-12.4858456135842],[-37.9703720658181,-12.4858813058775],[-37.969265616415,-12.4881298960778],[-37.9686231623291,-12.488308355746]]],[[[-37.970548260094,-12.4914194038823],[-37.9703132222773,-12.4920265847591],[-37.9710859035915,-12.4924129263155],[-37.9702292984433,-12.4934836843245],[-37.9710502121975,-12.4944830568476],[-37.9713714392405,-12.4940190624297],[-37.9709431362167,-12.493305223757],[-37.9711572881783,-12.49294830532],[-37.9716926662835,-12.4930910717955],[-37.9721923529946,-12.4916990876428],[-37.9716926662835,-12.490949557576],[-37.970548260094,-12.4914194038823]]],[[[-37.9684090103675,-12.4993728497772],[-37.9686588537231,-12.4974811780139],[-37.9678482147233,-12.497210965014],[-37.9668751113973,-12.4980133491367],[-37.9674810197332,-12.4985519351237],[-37.9674810197332,-12.4991230064216],[-37.9684090103675,-12.4993728497772]]],[[[-37.9624127689341,-12.5009432935981],[-37.961663237968,-12.5014429812086],[-37.9619130822229,-12.5019426670205],[-37.9632336826882,-12.5015143639966],[-37.9629838393326,-12.5009789858914],[-37.9644115157788,-12.5001223798439],[-37.9637530888339,-12.4993551016566],[-37.9624665313053,-12.4995031138776],[-37.9624127689341,-12.5009432935981]]],[[[-37.9650182775714,-12.4971599509709],[-37.9656250411627,-12.4961248852552],[-37.9650896621582,-12.4943759808668],[-37.9638761367743,-12.4945544414343],[-37.9640545973418,-12.4951255118328],[-37.9634478337505,-12.4951612041262],[-37.9640545973418,-12.4939833701364],[-37.9642330561106,-12.4916990876428],[-37.9651610458455,-12.4900929524278],[-37.967588095714,-12.4906997142204],[-37.967231177277,-12.4896289571107],[-37.9658034999316,-12.4890578858127],[-37.9651967381389,-12.4871662149489],[-37.9646613591344,-12.4867379119251],[-37.964946893884,-12.4890221944187],[-37.9634478337505,-12.4888794261445],[-37.9629481470393,-12.4858099221901],[-37.9621272332852,-12.4858813058775],[-37.9626269199963,-12.4875588256792],[-37.9615204705932,-12.4879514373089],[-37.9608066319205,-12.4871662149489],[-37.9610564761754,-12.4865951436509],[-37.960663865445,-12.4862025329205],[-37.9600571018537,-12.4864880676702],[-37.9599857181663,-12.4900929524278],[-37.9605924808583,-12.491235093225],[-37.9595217228491,-12.4921987752533],[-37.9598072593975,-12.493269532363],[-37.9594503400611,-12.4934836843245],[-37.9583438897587,-12.4904498708648],[-37.9587721927824,-12.490342794884],[-37.9594860305558,-12.490949557576],[-37.9598072593974,-12.4905569459462],[-37.9594860305558,-12.4898787995669],[-37.9577728202594,-12.4888794261445],[-37.9590220370374,-12.4878800527222],[-37.9584866580328,-12.4873803660111],[-37.9569162142119,-12.4877015930541],[-37.9577014356727,-12.4895932648173],[-37.9574515923171,-12.4920203146857],[-37.9579869713216,-12.4925556936903],[-37.9578085107541,-12.4915206279746],[-37.9582011232832,-12.4913778605998],[-37.9590220370374,-12.4940547538238],[-37.958700809095,-12.4943402885734],[-37.9593789563737,-12.4957322736255],[-37.9603426366033,-12.49626765263],[-37.9610564761754,-12.4958036582122],[-37.9611992426509,-12.4944830568476],[-37.9600927941471,-12.4936621430934],[-37.960663865445,-12.4930910717955],[-37.9615561628865,-12.492983996714],[-37.9618416976362,-12.4934479920312],[-37.9626983036837,-12.4931267640889],[-37.9626269199963,-12.4936978353867],[-37.9618416976362,-12.4938406027616],[-37.9624484603281,-12.4946258251217],[-37.9619844659103,-12.49558950715],[-37.964268748404,-12.4958393496062],[-37.9639981522928,-12.4969022493393],[-37.9650182775714,-12.4971599509709]]]]}},{"type":"Feature","properties":{"id":"1118","municipality":"2927408","density":"Densa","type":"Outros equipamentos urbanos","state":"BA"},"geometry":{"type":"Polygon","coordinates":[[[-38.2789031492609,-12.6670444458445],[-38.2773564988033,-12.6671634189566],[-38.2727760366847,-12.6736474499698],[-38.2796764735903,-12.6779304802075],[-38.2803903122631,-12.6763243440931],[-38.283959503828,-12.6786443179809],[-38.2881235600542,-12.6730525853085],[-38.2883095398533,-12.671089438127],[-38.2789031492609,-12.6670444458445]]]}},{"type":"Feature","properties":{"id":"1119","municipality":"2927408","density":"Densa","type":"Área urbanizada","state":"BA"},"geometry":{"type":"Polygon","coordinates":[[[-38.3115161000879,-12.9096389977415],[-38.3093269964437,-12.9112094415624],[-38.308613157771,-12.910781139438],[-38.3092318166949,-12.9097341756916],[-38.3088511039952,-12.9088775696441],[-38.3067571783011,-12.9096389977415],[-38.3055198577552,-12.9082589098208],[-38.3041397707338,-12.9090203379182],[-38.305830174212986,-12.911453756611738],[-38.31049215240754,-12.913140885585097],[-38.31467967970641,-12.914656314945299],[-38.3154660052519,-12.9137792597051],[-38.3115161000879,-12.9096389977415]]]}},{"type":"Feature","properties":{"id":"1120","municipality":"2927408","density":"Densa","type":"Área urbanizada","state":"BA"},"geometry":{"type":"Polygon","coordinates":[[[-38.4077669341966,-12.8510136891304],[-38.4073029388794,-12.8500143148087],[-38.4065891002068,-12.8501570830829],[-38.4067318675816,-12.8513706075674],[-38.4059109538274,-12.8519416788653],[-38.406160797183,-12.8526555166387],[-38.4040549743576,-12.8543330373398],[-38.4042691263191,-12.8548684163443],[-38.4070887869179,-12.8547970317576],[-38.4068032521683,-12.8525841329513],[-38.4070530946246,-12.8522629059084],[-38.4084093882826,-12.8524770569705],[-38.4097299887479,-12.8519773711587],[-38.4099798321035,-12.8512635315867],[-38.4106579793822,-12.8509066131496],[-38.4101582917717,-12.8500143148087],[-38.4077669341966,-12.8510136891304]]]}},{"type":"Feature","properties":{"id":"1121","municipality":"2927408","density":"Densa","type":"Área urbanizada","state":"BA"},"geometry":{"type":"Polygon","coordinates":[[[-38.1847105870724,-12.7724150057401],[-38.185593999705,-12.773416795665467],[-38.1856765948989,-12.773139511779],[-38.1847105870724,-12.7724150057401]]]}},{"type":"Feature","properties":{"id":"1122","municipality":"2927408","density":"Densa","type":"Área urbanizada","state":"BA"},"geometry":{"type":"Polygon","coordinates":[[[-38.376676925,-12.8385147287717],[-38.3752492476546,-12.839853176283],[-38.3764687220539,-12.8399126619398],[-38.3773610203947,-12.8391393376103],[-38.3769148712243,-12.8403588111102],[-38.3773312762174,-12.841132136339],[-38.3763794922198,-12.8425300704064],[-38.3766471808227,-12.8441362056213],[-38.3776881955537,-12.8448203010161],[-38.3783425467711,-12.8442551787335],[-38.3792645892893,-12.8420244337805],[-38.3800081703408,-12.8421731501707],[-38.3790563863431,-12.8431249350676],[-38.3790861287218,-12.8446715837266],[-38.3794133047801,-12.8448203010161],[-38.3816737930111,-12.8430951917896],[-38.3827445501208,-12.843452111126],[-38.3833989022375,-12.8409239333928],[-38.3828040366769,-12.8400018917738],[-38.38185225178,-12.8398829186617],[-38.3809004677823,-12.837860376655],[-38.3818819959573,-12.8364327011082],[-38.3798594539506,-12.8354214296552],[-38.3791753585559,-12.837592688052],[-38.376676925,-12.8385147287717]]]}},{"type":"Feature","properties":{"id":"1123","municipality":"2927408","density":"Densa","type":"Área urbanizada","state":"BA"},"geometry":{"type":"Polygon","coordinates":[[[-38.157660429785,-12.7034432987692],[-38.1562684447329,-12.705584813888],[-38.1567681323434,-12.7078334040883],[-38.1583742675584,-12.7086900101358],[-38.1598019440045,-12.7072623336897],[-38.1624431458345,-12.7097964604383],[-38.163620978925,-12.7099392269137],[-38.1648596259709,-12.708894233582],[-38.1621219187915,-12.7061201919932],[-38.1589810302503,-12.7037645258122],[-38.157660429785,-12.7034432987692]]]}},{"type":"Feature","properties":{"id":"1124","municipality":"2927408","density":"Densa","type":"Área urbanizada","state":"BA"},"geometry":{"type":"Polygon","coordinates":[[[-38.4499850248889,-12.7109822822065],[-38.448735808111,-12.7126954943016],[-38.4496994901393,-12.7154080789197],[-38.4507345549557,-12.715158235564],[-38.4501991759512,-12.7143373218099],[-38.4511271656861,-12.7145871651655],[-38.4510557819987,-12.7156579231745],[-38.4499850248889,-12.7161219166931],[-38.4500207171823,-12.7165502197168],[-38.451091474292,-12.7165502197168],[-38.4516268532966,-12.716050533905],[-38.4517696206714,-12.7143730141033],[-38.4521979236952,-12.7139804033729],[-38.4528760700745,-12.7143016304159],[-38.4548391246258,-12.7120887307103],[-38.4547677418378,-12.7115533517058],[-38.4518053129648,-12.7106253628701],[-38.4499850248889,-12.7109822822065]]]}},{"type":"Feature","properties":{"id":"1125","municipality":"2927408","density":"Densa","type":"Área urbanizada","state":"BA"},"geometry":{"type":"MultiPolygon","coordinates":[[[[-38.5250491230186,-12.7980312000798],[-38.5292499057585,-12.7972122252639],[-38.5290776631036,-12.796889269724],[-38.5269407938825,-12.7974958210753],[-38.5253703500616,-12.7974601287819],[-38.5244066680332,-12.7971032103449],[-38.5237642139473,-12.7962822956914],[-38.5229433001931,-12.7964250639655],[-38.5250491230186,-12.7980312000798]]],[[[-38.5308669047838,-12.7902146696712],[-38.5319019713989,-12.7916423470167],[-38.5310453653513,-12.7914995787425],[-38.5296533802992,-12.791999266353],[-38.5300459910296,-12.7929986397754],[-38.5318662791054,-12.7927844878138],[-38.5320447378743,-12.7936410938614],[-38.5310810567453,-12.7959610686484],[-38.5301887593038,-12.7957826089802],[-38.5296176880058,-12.7962109120039],[-38.5298884801692,-12.7969816291988],[-38.5312595164135,-12.7967819833019],[-38.5322945821292,-12.7946047758896],[-38.5338650259501,-12.7951758471876],[-38.5340077942243,-12.7945690835963],[-38.5334724152197,-12.7940337045918],[-38.5336508739886,-12.7934626350925],[-38.5329727276093,-12.7931057148568],[-38.5332939546523,-12.7898934426282],[-38.5320804301677,-12.7893580636237],[-38.5311881318268,-12.7896079078786],[-38.5308669047838,-12.7902146696712]]]]}},{"type":"Feature","properties":{"id":"1126","municipality":"2927408","density":"Densa","type":"Área urbanizada","state":"BA"},"geometry":{"type":"Polygon","coordinates":[[[-38.5193027249407,-12.7938909381162],[-38.5207660927809,-12.7940337045918],[-38.5220866941456,-12.79499738662],[-38.5223008452078,-12.7947475441638],[-38.5217297748092,-12.7931414071502],[-38.51919564896,-12.7933912514051],[-38.5193027249407,-12.7938909381162]]]}},{"type":"Feature","properties":{"id":"1127","municipality":"2927408","density":"Densa","type":"Área urbanizada","state":"BA"},"geometry":{"type":"Polygon","coordinates":[[[-38.6836628040951,-12.6032497118047],[-38.6843052581811,-12.6049272316064],[-38.6850547882478,-12.6048915402124],[-38.684626485224,-12.6047130796448],[-38.6840197234314,-12.6030712521366],[-38.6836628040951,-12.6032497118047]]]}},{"type":"Feature","properties":{"id":"1128","municipality":"2927408","density":"Densa","type":"Área urbanizada","state":"BA"},"geometry":{"type":"Polygon","coordinates":[[[-38.0876502616502,-12.6426408133228],[-38.0890779389957,-12.6442826408311],[-38.0901843883987,-12.6430691163466],[-38.0914336051767,-12.6436758781392],[-38.0911837618211,-12.6440684888696],[-38.0919332918879,-12.6448180189364],[-38.0929326662095,-12.6441755648504],[-38.0933252769399,-12.6443897168119],[-38.093039741291,-12.6449250949172],[-38.0933609692333,-12.6452106305661],[-38.0946101860112,-12.6453890902343],[-38.0950741813284,-12.6450321708979],[-38.092397287205,-12.6428906557791],[-38.0920046755753,-12.6421411257123],[-38.0912551464078,-12.6427835797983],[-38.0907197674033,-12.6423552767746],[-38.0899702373366,-12.6407848329536],[-38.0901843883988,-12.6397497681372],[-38.0897203930816,-12.6395356161757],[-38.0887567119527,-12.6405349895981],[-38.08804287328,-12.6404279136173],[-38.0880071809866,-12.639785458632],[-38.0886496359719,-12.6396069998631],[-38.089113631289,-12.6388574697963],[-38.0898988527498,-12.6389288543831],[-38.090113003812,-12.6382150148111],[-38.0907197674033,-12.638536241854],[-38.0902557720861,-12.6391073131519],[-38.0915406811575,-12.6397497681372],[-38.0932538932525,-12.6382507071044],[-38.0925043631857,-12.6399282269061],[-38.0917191399263,-12.640178071161],[-38.0916120648449,-12.64114175229],[-38.0932182009591,-12.6410846453401],[-38.0937178876703,-12.6415486397579],[-38.0967517011301,-12.6405849577296],[-38.0963947808944,-12.6388360551398],[-38.0959307855773,-12.6401923469992],[-38.095680943121,-12.6394428169324],[-38.0951455641164,-12.639407124639],[-38.0952883323906,-12.6403351152733],[-38.0935394280021,-12.6404421912541],[-38.0935037357088,-12.6400495796244],[-38.0943603417563,-12.6403351152733],[-38.0944674177371,-12.639407124639],[-38.0933609692333,-12.6370157670639],[-38.0917191399263,-12.6385505185915],[-38.0898988527498,-12.6368373073958],[-38.0892563977645,-12.6372656104195],[-38.0888994793274,-12.6370514593574],[-38.0885068676977,-12.6375511460685],[-38.0875788779628,-12.6373369941069],[-38.088078564674,-12.6369086910832],[-38.087757337631,-12.6357308579927],[-38.0886139436785,-12.6355523983245],[-38.0907911510907,-12.6363733120787],[-38.0902200797928,-12.634731483671],[-38.0893634737453,-12.6345530249021],[-38.0900416201246,-12.6335893428738],[-38.0894705497261,-12.63248289437],[-38.0909339175662,-12.6301986109771],[-38.0902557720862,-12.6297703079533],[-38.0903628480669,-12.6292706212421],[-38.0920046755753,-12.6297346156599],[-38.0926114382672,-12.628164171839],[-38.0918975995945,-12.6278786370894],[-38.0919332918879,-12.6272004898107],[-38.0928969739162,-12.6274503340656],[-38.0925757459739,-12.6255586623024],[-38.0911837618211,-12.6243808292119],[-38.0895776257068,-12.6242023686444],[-38.0889708630149,-12.6247020562548],[-38.0890422467023,-12.6256657382832],[-38.0879001059051,-12.6254158940283],[-38.0881499492607,-12.6239882175821],[-38.0872576509198,-12.6237026828325],[-38.0866508891272,-12.6265223443307],[-38.0876145702562,-12.6269863387485],[-38.0878644136118,-12.6287281043185],[-38.0888994793274,-12.629584710366],[-38.0876145702562,-12.6314406898359],[-38.085116135801,-12.631155154187],[-38.0849733693255,-12.6317619168789],[-38.0862939688915,-12.6318689928597],[-38.0863653525789,-12.6321902199027],[-38.084473681715,-12.6324757546523],[-38.0801549600833,-12.6309766954181],[-38.0795481973914,-12.6313336138551],[-38.0800478841025,-12.6319403774464],[-38.0788343587186,-12.6321545276093],[-38.0781919046327,-12.631190845581],[-38.0771568389169,-12.6316905331915],[-38.0779063689837,-12.6327612912006],[-38.0770140706428,-12.6342960427281],[-38.0774066831718,-12.6349741891075],[-38.0807974141693,-12.632225912196],[-38.0815469451354,-12.6320474516285],[-38.0820109395532,-12.6324400632583],[-38.0798337330403,-12.6337963560169],[-38.0811186421116,-12.6345458860837],[-38.0831173889563,-12.6331895942244],[-38.0837241516483,-12.6334037452866],[-38.0837955353356,-12.6340818907666],[-38.0848662933447,-12.6345815783771],[-38.0846878327772,-12.6352240333624],[-38.0833672323119,-12.6349028054201],[-38.0831887726437,-12.6355809517995],[-38.0857228993922,-12.6372227802071],[-38.0864010448723,-12.6372227802071],[-38.0863653525789,-12.6377224669183],[-38.0872219586264,-12.6385076892784],[-38.0870078075643,-12.6390430682829],[-38.0876502616502,-12.6391501433644],[-38.0867579642086,-12.6401138253927],[-38.087436110588,-12.6411488911084],[-38.0862582765981,-12.6421125722374],[-38.0848306010514,-12.6424909071296],[-38.0842238383594,-12.6420269118125],[-38.0830103129755,-12.6427050581919],[-38.0835099996867,-12.6434545882586],[-38.0830460052689,-12.6438828912824],[-38.0825820099517,-12.6434902796526],[-38.081511252842,-12.6440256586572],[-38.0824392425769,-12.6452391840411],[-38.0836170756675,-12.6453462600218],[-38.0842238383594,-12.6462742497568],[-38.0837241516483,-12.6469880884295],[-38.0852589040751,-12.6472379308858],[-38.0869364238768,-12.6466668613865],[-38.0869721161702,-12.6460600977952],[-38.0879714886932,-12.6451678003537],[-38.0872576509198,-12.6438828912824],[-38.0860441264352,-12.6439185826764],[-38.0860084341419,-12.6436330479268],[-38.0876502616502,-12.6426408133228]]]}},{"type":"Feature","properties":{"id":"1130","municipality":"2927408","density":"Densa","type":"Área urbanizada","state":"BA"},"geometry":{"type":"Polygon","coordinates":[[[-38.5316867933108,-12.657544941246],[-38.5310443383255,-12.6579732442698],[-38.5313298739745,-12.658615699255],[-38.5307944949699,-12.6590796936729],[-38.5311871057003,-12.6600076834078],[-38.5323292473968,-12.6593652293218],[-38.5321507877287,-12.6583301627068],[-38.5336141555688,-12.6580803202505],[-38.5336141555688,-12.6592581533411],[-38.5325433993584,-12.6599719920138],[-38.5330787783629,-12.6616852032095],[-38.5320080203538,-12.6618993551711],[-38.5317224847049,-12.6625061169637],[-38.5312227979937,-12.661435359854],[-38.5294738936052,-12.660864288556],[-38.5286172875577,-12.6611855173977],[-38.5290098991874,-12.6619350465651],[-38.5283674451015,-12.6626131929444],[-38.5283674451015,-12.6637196432469],[-38.5270825360301,-12.6631128796556],[-38.5260474703144,-12.6636125672661],[-38.526261622276,-12.6650402428129],[-38.5217565161503,-12.6641004413822],[-38.5215661593507,-12.6656708852032],[-38.5265154379371,-12.6666226692008],[-38.5284031373948,-12.6665393038458],[-38.5294738936052,-12.6660396171346],[-38.5305089602203,-12.6660753094279],[-38.5312227979937,-12.6665749961391],[-38.5312941816811,-12.6674316021867],[-38.5296523541728,-12.6666820721199],[-38.5274751467606,-12.6677171369363],[-38.5266185407131,-12.6686451266712],[-38.5275465313473,-12.669073429695],[-38.5280462180585,-12.6698586520551],[-38.5291526665622,-12.6700014203293],[-38.5291169751682,-12.669073429695],[-38.529902196629,-12.6691805056758],[-38.5296523541728,-12.66814543996],[-38.5304732679269,-12.6677171369363],[-38.5314726413493,-12.6681097476667],[-38.5320080203538,-12.6691091219884],[-38.5310443383255,-12.6700371117233],[-38.5315440250367,-12.6703940310597],[-38.5336141555688,-12.6704654147471],[-38.5355415196254,-12.671107868833],[-38.5331858534444,-12.6711435611264],[-38.5325790907524,-12.6715718641502],[-38.532828934108,-12.6718930911932],[-38.5348990646401,-12.6718573988998],[-38.5346849135779,-12.6724641615917],[-38.5322221723153,-12.6727496972407],[-38.5320437117479,-12.6732136916585],[-38.5300806571965,-12.6735706109948],[-38.5284745210822,-12.675105364321],[-38.5289742068941,-12.6756050501329],[-38.5305446516143,-12.6744986007298],[-38.5309015709507,-12.675426591364],[-38.5316511010175,-12.6757121261137],[-38.5334000054059,-12.6753552067773],[-38.5334713890933,-12.6756764338203],[-38.5311514143063,-12.676675808142],[-38.531258490287,-12.6774967218962],[-38.5321507877287,-12.6775681055835],[-38.5327932418146,-12.6766401158486],[-38.5337212324489,-12.6764973475745],[-38.5356842870002,-12.677032726579],[-38.5355415196254,-12.6777822566458],[-38.5324006310842,-12.6792456262846],[-38.531258490287,-12.6808517623988],[-38.5305089602203,-12.677353953622],[-38.5300449649031,-12.6769613428916],[-38.5284388287889,-12.6779250249199],[-38.526904076362,-12.6774610296028],[-38.5291169751682,-12.6764259638871],[-38.5284745210822,-12.6762831974116],[-38.526261622276,-12.6771398025598],[-38.5259047029397,-12.6783176356503],[-38.527510839054,-12.6783533279437],[-38.5264757733382,-12.6807089941248],[-38.526904076362,-12.6827791246568],[-38.5275465313473,-12.6831003516998],[-38.5278320660969,-12.6822794379457],[-38.5284388287889,-12.6822437465516],[-38.5281889854333,-12.6847064887134],[-38.5287957481252,-12.6852061754246],[-38.5295809695861,-12.6853846350928],[-38.5296166618794,-12.6844923367519],[-38.530223423672,-12.6841354183149],[-38.5308301872633,-12.6842424942956],[-38.5308658786573,-12.6851704840305],[-38.5316511010175,-12.6852061754246],[-38.5318295606857,-12.6845280290453],[-38.5332215448384,-12.6845280290453],[-38.5337212324489,-12.6839926500407],[-38.5334356967999,-12.6828862006376],[-38.5323649387909,-12.6836000393103],[-38.532186480022,-12.6822080551576],[-38.532186480022,-12.6814585241915],[-38.5336141555688,-12.6811729894419],[-38.5333643131125,-12.6796025447216],[-38.5340067671985,-12.6792813176786],[-38.5346849135779,-12.6796382370149],[-38.5368621209901,-12.6782462519629],[-38.538753791854,-12.6783176356503],[-38.5395033219207,-12.6786388626933],[-38.5393605554452,-12.6794597773468],[-38.5411094589343,-12.680280691101],[-38.5424657507937,-12.6791385503038],[-38.5432866654472,-12.6794597773468],[-38.5437863521584,-12.6804591507691],[-38.5438577358458,-12.6848135637949],[-38.5442503465762,-12.6861341651596],[-38.5448928015615,-12.6860270900781],[-38.5453567959793,-12.6855987870544],[-38.5448928015615,-12.6849206397757],[-38.5454281796667,-12.6829575852244],[-38.5445001899318,-12.6818154444272],[-38.5454852866166,-12.6813228947358],[-38.5456994385782,-12.6800736779578],[-38.5449142171174,-12.6800379856645],[-38.5447714488432,-12.6813228947358],[-38.5444145304062,-12.6811444359669],[-38.5444502218003,-12.6799666019771],[-38.5451640595737,-12.6796096826407],[-38.54552097891,-12.6785032341369],[-38.5469129639621,-12.6785746178243],[-38.5473769592792,-12.6781820070939],[-38.5468415802746,-12.6771826327723],[-38.5456280548908,-12.6764687949989],[-38.5449499094108,-12.6762546430373],[-38.5439505350891,-12.6766829460611],[-38.5438077668149,-12.6762903353307],[-38.5461991261887,-12.674648506923],[-38.5456994385782,-12.6738632845629],[-38.5461991261887,-12.6724713004102],[-38.5464846609383,-12.6741845116059],[-38.54816218074,-12.6748983502786],[-38.549518474398,-12.674648506923],[-38.5497683168543,-12.6732208295776],[-38.5524452109777,-12.6727925265538],[-38.5523024427035,-12.6717217703434],[-38.5492686301431,-12.672614067785],[-38.548804634826,-12.6718288463242],[-38.5493757061239,-12.6707580883151],[-38.5482692567208,-12.6691519522008],[-38.5496255485801,-12.6689378011386],[-38.5497683168543,-12.6675101237931],[-38.5491401386065,-12.6662537690961],[-38.5486404527947,-12.6660396171346],[-38.5472484677426,-12.6667891472013],[-38.5461063269454,-12.6665749961391],[-38.5457850990031,-12.6660396171346],[-38.5464989376758,-12.6656113141108],[-38.5467844733248,-12.6660753094279],[-38.5489616798376,-12.6649688600248],[-38.5484976854198,-12.664397788727],[-38.5478909218285,-12.6647547080633],[-38.5478195390404,-12.6639694857032],[-38.5486047614005,-12.6633984153046],[-38.5483549171457,-12.6615424358347],[-38.546713088738,-12.65954368899],[-38.5456780239216,-12.6599006083264],[-38.5463561703009,-12.658615699255],[-38.545713716215,-12.6581160116446],[-38.5448214178741,-12.6602575267634],[-38.5451783372105,-12.6616852032095],[-38.5463204780076,-12.6626488852379],[-38.5453211045852,-12.6630771882616],[-38.5447500341867,-12.6638624097224],[-38.5411808417225,-12.6636482586602],[-38.5405026962424,-12.6650759351063],[-38.5392891708585,-12.6661466931154],[-38.5396460901949,-12.6669319145761],[-38.5389322524215,-12.6675386781675],[-38.537825802119,-12.666753454908],[-38.5375759587634,-12.6654685458367],[-38.5366836613219,-12.6645048647077],[-38.5352916762698,-12.6573664815778],[-38.5345064539097,-12.656581260117],[-38.5345064539097,-12.6557960368576],[-38.5352916762698,-12.6553320433391],[-38.5347206058712,-12.6541542093493],[-38.5327218581272,-12.6538329823063],[-38.5319723280605,-12.6549751231034],[-38.5316511010175,-12.6537259063255],[-38.5304375756336,-12.6540114419745],[-38.5316867933108,-12.657544941246]]]}},{"type":"Feature","properties":{"id":"1131","municipality":"2927408","density":"Densa","type":"Área urbanizada","state":"BA"},"geometry":{"type":"Polygon","coordinates":[[[-38.5814066570915,-12.6824607790417],[-38.579943288352,-12.683138925421],[-38.5815137330722,-12.683495843858],[-38.581942036096,-12.6833530773826],[-38.5819420360961,-12.6827463137913],[-38.5829414086191,-12.6825678541231],[-38.5856183027424,-12.6833173850892],[-38.5870102868952,-12.6829247743588],[-38.5886521162022,-12.6836029198389],[-38.588830574971,-12.6844952181797],[-38.5896871810185,-12.6842453739248],[-38.5901154840423,-12.6829961571469],[-38.589437337663,-12.6825678541231],[-38.5888662672644,-12.6829247743588],[-38.5870816705826,-12.6822466270801],[-38.5855826113484,-12.6823893953543],[-38.58383370696,-12.6816755566816],[-38.5830127932058,-12.6805334149851],[-38.5814066570915,-12.6824607790417]]]}},{"type":"Feature","properties":{"id":"1132","municipality":"2927408","density":"Densa","type":"Área urbanizada","state":"BA"},"geometry":{"type":"MultiPolygon","coordinates":[[[[-38.6956702336943,-12.6138272571222],[-38.6958230393018,-12.6143463278207],[-38.6995813978632,-12.6135646748698],[-38.7000453931803,-12.6131363718461],[-38.6995457055698,-12.6126009928415],[-38.698760484109,-12.6126009928415],[-38.6977968020807,-12.6131720641394],[-38.6956702336943,-12.6138272571222]]],[[[-38.6764887286719,-12.6107093219776],[-38.6764173449844,-12.6112090086888],[-38.6771668750512,-12.6114588520443],[-38.6773096433253,-12.6105308623094],[-38.6777022540558,-12.6104951700161],[-38.67930839017,-12.6130649881586],[-38.6811643696399,-12.6112803923762],[-38.6811643696399,-12.6105665537035],[-38.6789514708337,-12.6097456399493],[-38.6780948647861,-12.6101739429731],[-38.6754536629562,-12.6092102609447],[-38.674989667639,-12.6096385639685],[-38.6764887286719,-12.6107093219776]]],[[[-38.6899802725714,-12.6129579121779],[-38.6903728842012,-12.6133148324136],[-38.6915150249984,-12.6128151448031],[-38.6918719443347,-12.6147425079603],[-38.6889095145624,-12.6189541536112],[-38.6874104553282,-12.6188113871358],[-38.6868750763237,-12.619346765241],[-38.6879815248275,-12.6205245983315],[-38.6850190968538,-12.6230587241807],[-38.6833415770521,-12.6251645470062],[-38.6834486521336,-12.6241651735838],[-38.6828061980476,-12.6235584108919],[-38.6816640572504,-12.6235941031853],[-38.6804862232606,-12.6242365581706],[-38.6800579202368,-12.624022406209],[-38.6795225421316,-12.6228088808251],[-38.6805932992413,-12.6220236593644],[-38.6801649962176,-12.6208815176678],[-38.6782376330603,-12.6212741292976],[-38.6778093300365,-12.6192753806542],[-38.6784160918291,-12.6197036836781],[-38.6792726978767,-12.6192396901595],[-38.6796653086071,-12.6182403158378],[-38.6791299314012,-12.6173480183963],[-38.679629617213,-12.6164200277621],[-38.6798038617588,-12.614478113574],[-38.6792212287767,-12.6144124648633],[-38.6785945523966,-12.6165984883296],[-38.6778093300365,-12.6173480183963],[-38.6769170316956,-12.6180975475637],[-38.6761675016289,-12.6177406291267],[-38.6754179706627,-12.6180975475637],[-38.6733835324241,-12.6198821442455],[-38.6737761431544,-12.6232371838489],[-38.6756678149177,-12.6270205273754],[-38.6755250466435,-12.6304469506662],[-38.6765958046526,-12.6309823296708],[-38.6784160918291,-12.6303398746854],[-38.6795939249196,-12.6288765068452],[-38.6811286782458,-12.6282697441533],[-38.6817711323318,-12.6269134513946],[-38.6834129598401,-12.6276272900673],[-38.6838769551573,-12.6273774458125],[-38.6837341877825,-12.6269134513946],[-38.6870178436985,-12.6242365581706],[-38.6872676870541,-12.6237011791661],[-38.6865181569873,-12.6229873413927],[-38.6889808991492,-12.621059977336],[-38.6903371919078,-12.6217738151094],[-38.6903728842012,-12.6235941031853],[-38.6910153382872,-12.6237368705601],[-38.691443641311,-12.6231658001615],[-38.6912651816428,-12.6220236593644],[-38.6931211611126,-12.6221307353452],[-38.6931925448001,-12.6212741292976],[-38.6909439537005,-12.6211670533168],[-38.6905513429701,-12.6192039978662],[-38.6921217876903,-12.6177406291267],[-38.6925857830074,-12.6162415689932],[-38.6929070100504,-12.616098800719],[-38.6930497774252,-12.6173480183963],[-38.6935137718431,-12.6173480183963],[-38.6935851564298,-12.6159203410509],[-38.6945815333111,-12.6150833519151],[-38.694084843141,-12.6147853390721],[-38.6924787070267,-12.615420655239],[-38.6921931713777,-12.6122797657985],[-38.69251439932,-12.611744386794],[-38.6915507172917,-12.6112803923762],[-38.691443641311,-12.6103524026413],[-38.6909796459938,-12.6099954842042],[-38.6905870352634,-12.6104237863286],[-38.6909082632058,-12.6121369984237],[-38.6904442678886,-12.6122797657985],[-38.6899802725714,-12.6129579121779]],[[-38.689551970447,-12.6191326141788],[-38.6906941112442,-12.6170624827473],[-38.6915150249984,-12.616741254805],[-38.6914079490176,-12.6174194020837],[-38.689551970447,-12.6191326141788]],[[-38.6856615509397,-12.6247362439825],[-38.6847692525989,-12.6242722495646],[-38.6849834045605,-12.6236297945793],[-38.6857329346272,-12.6232371838489],[-38.6859827779827,-12.6244150169395],[-38.6856615509397,-12.6247362439825]]]]}},{"type":"Feature","properties":{"id":"1133","municipality":"2927408","density":"Densa","type":"Área urbanizada","state":"BA"},"geometry":{"type":"Polygon","coordinates":[[[-38.6609037366181,-12.6149963991645],[-38.6603993086811,-12.614548018776],[-38.6593717729889,-12.6158744756265],[-38.6608103240372,-12.6167151879555],[-38.6611466093285,-12.6163975860797],[-38.6633698251572,-12.6166030928584],[-38.6636500620007,-12.6162668075671],[-38.6659239222512,-12.6168126393918],[-38.6686008163745,-12.6193824566351],[-38.6712420173052,-12.6208458262738],[-38.6715632452475,-12.6201676789951],[-38.6706801118976,-12.6195867951944],[-38.6709735966541,-12.6191065464299],[-38.6681899062391,-12.6177427254464],[-38.6674986540396,-12.6156502863316],[-38.6665271649966,-12.6156689688478],[-38.6671250046152,-12.6145667021915],[-38.6664711183474,-12.6143051469649],[-38.6660414195758,-12.6149216690997],[-38.666134833056,-12.6159118406589],[-38.6657238177,-12.615893159042],[-38.6638742521949,-12.6154634611697],[-38.6636500620007,-12.6143985604452],[-38.6626598904416,-12.6139688616736],[-38.6608290065533,-12.6138941316089],[-38.6609037366181,-12.6149963991645]]]}},{"type":"Feature","properties":{"id":"1134","municipality":"2927408","density":"Densa","type":"Área urbanizada","state":"BA"},"geometry":{"type":"Polygon","coordinates":[[[-38.181997947747,-12.7562743680676],[-38.1826404027324,-12.7574165088648],[-38.1841751551593,-12.7582374226189],[-38.1852816036631,-12.7576663531197],[-38.1848533006392,-12.7561672920868],[-38.1825690190449,-12.7558460650438],[-38.181997947747,-12.7562743680676]]]}},{"type":"Feature","properties":{"id":"1135","municipality":"2927408","density":"Densa","type":"Área urbanizada","state":"BA"},"geometry":{"type":"Polygon","coordinates":[[[-38.638345538116,-12.7594162098901],[-38.6391260012639,-12.7580456412933],[-38.6397922496126,-12.758654782692],[-38.6395067148629,-12.7595494597397],[-38.6388214296652,-12.7593591029402],[-38.6383836091162,-12.7607296733357],[-38.638554929966,-12.7614339926845],[-38.6390498583642,-12.7615862793833],[-38.6394305719633,-12.7631852766791],[-38.6416387115573,-12.7630900978297],[-38.6418671402563,-12.7618908500827],[-38.6423239958557,-12.7624428854307],[-38.6430854239531,-12.7624048126319],[-38.6434851726026,-12.7615101355842],[-38.6439420300006,-12.761605315333],[-38.6437897442013,-12.7608438872356],[-38.6450080278981,-12.7597778893381],[-38.6447034571988,-12.7593971748397],[-38.6422859248555,-12.7589783902405],[-38.6413151049081,-12.7580837122935],[-38.6403442849607,-12.7583121409925],[-38.6398112855624,-12.757607819845],[-38.6400968212113,-12.7564466430981],[-38.6395828568633,-12.7561230364489],[-38.6391069653142,-12.7561611083484],[-38.638554929966,-12.7571128923461],[-38.638345538116,-12.7594162098901]],[[-38.6407249985598,-12.7619860280327],[-38.6396209287628,-12.7628235990299],[-38.6395638218129,-12.7614339926845],[-38.6407249985598,-12.7614530286343],[-38.6407249985598,-12.7619860280327]]]}},{"type":"Feature","properties":{"id":"1136","municipality":"2927408","density":"Densa","type":"Área urbanizada","state":"BA"},"geometry":{"type":"Polygon","coordinates":[[[-38.519838103046,-12.735927267929],[-38.5183033506191,-12.7356060399867],[-38.5160190681254,-12.7357131159675],[-38.5144843156986,-12.7344638991896],[-38.5107723567588,-12.7344282068962],[-38.5121286504168,-12.7352134292563],[-38.5138061702185,-12.7349278936073],[-38.514662776266,-12.7353205052371],[-38.5153409217461,-12.7359629593231],[-38.5150910792898,-12.7366767979958],[-38.5154836900202,-12.736890949058],[-38.5190528806859,-12.7363912623468],[-38.5199094867334,-12.7367124902892],[-38.521872542184,-12.7385684688597],[-38.5227648396256,-12.7387469294272],[-38.5227648396256,-12.7383186264034],[-38.5213371640788,-12.7374977117499],[-38.519838103046,-12.735927267929]]]}},{"type":"Feature","properties":{"id":"1137","municipality":"2927408","density":"Densa","type":"Área urbanizada","state":"BA"},"geometry":{"type":"Polygon","coordinates":[[[-38.5953907488839,-12.6485249056998],[-38.596497198287,-12.6510590324484],[-38.5947482947979,-12.6534860823168],[-38.5951052141343,-12.6538073093598],[-38.5962830472248,-12.6530934706871],[-38.5994953185541,-12.6552706780993],[-38.6006731534432,-12.6530220869997],[-38.5998522378904,-12.6519513298899],[-38.5981747180887,-12.651344567198],[-38.5970682686856,-12.6514873345728],[-38.5969611927049,-12.64931012806],[-38.5975679562961,-12.6490245933103],[-38.5975322640027,-12.6482036786568],[-38.5968898099168,-12.6472043052344],[-38.5958547442011,-12.6466332339365],[-38.5953907488839,-12.6485249056998]]]}},{"type":"Feature","properties":{"id":"1138","municipality":"2927408","density":"Densa","type":"Outros equipamentos urbanos","state":"BA"},"geometry":{"type":"Polygon","coordinates":[[[-38.4957874274478,-12.7023438739706],[-38.4955018917988,-12.7032956579682],[-38.4926941283313,-12.7036287830418],[-38.4891249367664,-12.7028673549444],[-38.4885062769431,-12.7031053011687],[-38.4885538663678,-12.7040570860656],[-38.4892201147165,-12.704770923839],[-38.4899339533892,-12.7046757458889],[-38.4900291322387,-12.7037715504167],[-38.4927417168567,-12.7042474428652],[-38.4933127881546,-12.7060558329103],[-38.4972626933186,-12.706103422335],[-38.497357872168,-12.7064841359341],[-38.4993566190127,-12.7065793138842],[-38.499309029588,-12.7055323519365],[-38.4981668887908,-12.7054847616124],[-38.4984524244398,-12.7023914633953],[-38.4957874274478,-12.7023438739706]]]}},{"type":"Feature","properties":{"id":"1140","municipality":"2927408","density":"Densa","type":"Área urbanizada","state":"BA"},"geometry":{"type":"MultiPolygon","coordinates":[[[[-38.291009034839,-12.7147452066259],[-38.2933086669614,-12.7147252641596],[-38.293404153379,-12.711395392983],[-38.2904379644404,-12.7113187842344],[-38.2903189913283,-12.7141503419647],[-38.2908662665649,-12.7141741371267],[-38.291009034839,-12.7147452066259]]],[[[-38.2863452910024,-12.7162442676588],[-38.2895337689682,-12.7134365041913],[-38.2896527420803,-12.7121991836453],[-38.2886533677587,-12.7111998102231],[-38.2881536819468,-12.7090582960035],[-38.2867260046014,-12.7102242310634],[-38.2880585030974,-12.7119612383204],[-38.2852031502052,-12.7146262344131],[-38.2863452910024,-12.7162442676588]]]]}},{"type":"Feature","properties":{"id":"1141","municipality":"2927408","density":"Densa","type":"Área urbanizada","state":"BA"},"geometry":{"type":"Polygon","coordinates":[[[-38.3643001582257,-12.8843478512723],[-38.3656683481157,-12.884020675214],[-38.3657575779498,-12.8826524853239],[-38.3663227002324,-12.8823253092656],[-38.3662929569543,-12.8819683899292],[-38.3641514418355,-12.8810166050323],[-38.3641811851136,-12.8839611877586],[-38.363259144394,-12.883425808754],[-38.3624560758872,-12.8837827289897],[-38.3627535086674,-12.8841991339828],[-38.3611473716538,-12.8845857965972],[-38.3597791817638,-12.8861621903328],[-38.362634534656,-12.8888390826575],[-38.3641811851136,-12.8877088389917],[-38.3643001582257,-12.8843478512723]]]}},{"type":"Feature","properties":{"id":"1142","municipality":"2927408","density":"Densa","type":"Área urbanizada","state":"BA"},"geometry":{"type":"MultiPolygon","coordinates":[[[[-38.4656297948791,-12.8223504339253],[-38.4660937901962,-12.8203159947873],[-38.4674397002819,-12.8185260588305],[-38.4670574713252,-12.818103095981],[-38.4658082536479,-12.8196021570139],[-38.465272876442,-12.8217793626274],[-38.4656297948791,-12.8223504339253]]],[[[-38.461538073823,-12.8309902567949],[-38.4608599274437,-12.8325250092218],[-38.4617807792595,-12.8326820542334],[-38.4635882169226,-12.8307975212885],[-38.4630314232615,-12.8302264499906],[-38.4624746296004,-12.8305690916902],[-38.4622033706889,-12.8303406638905],[-38.4631170836864,-12.8293555672056],[-38.463102806949,-12.8284275765714],[-38.4627091907765,-12.828086354002],[-38.461538073823,-12.8309902567949]]],[[[-38.449612477134,-12.8066461252184],[-38.4496505481342,-12.8102057992582],[-38.4500693336328,-12.8111004763059],[-38.4507948068348,-12.8115310249368],[-38.4507948068348,-12.8125303983592],[-38.4514372618201,-12.812673165734],[-38.4518655648439,-12.8136725400556],[-38.4549350687984,-12.8159568216499],[-38.462922309417,-12.8252100882749],[-38.4635247706516,-12.8249782880175],[-38.4632741277987,-12.8232784236603],[-38.4639879673707,-12.8230642716987],[-38.4638230703784,-12.8225042656593],[-38.4626316737127,-12.8229928880113],[-38.4619892196267,-12.8225645858869],[-38.4595693076774,-12.8200643671768],[-38.4595407542024,-12.8192648680791],[-38.4625959823187,-12.8205926073629],[-38.4628386868559,-12.8203499019264],[-38.4623818312564,-12.8188080106811],[-38.4633383735671,-12.8175088257717],[-38.4632669898796,-12.8161239786387],[-38.4628529635934,-12.8156956756149],[-38.4599119502763,-12.8150389447914],[-38.4596264146273,-12.8151674363281],[-38.4599262270138,-12.816352408237],[-38.4616822693212,-12.8165951127742],[-38.461525225209,-12.8172661212345],[-38.4595122007274,-12.8165380058243],[-38.4589696829045,-12.8169520321105],[-38.4591124511786,-12.8184939233559],[-38.4587555318423,-12.818765181368],[-38.4571422569096,-12.8178942976837],[-38.4565426330361,-12.8171947366477],[-38.4569709360598,-12.8168378182107],[-38.4526807679031,-12.813389979364],[-38.4519312378363,-12.8121407616868],[-38.4525794026173,-12.8083187518089],[-38.4532292581237,-12.8080166947147],[-38.4538574363715,-12.8083783732633],[-38.4540287572214,-12.8079976587649],[-38.4539716502714,-12.8072362306675],[-38.4523155451263,-12.8063796246199],[-38.4518396526778,-12.805218447873],[-38.4513066532794,-12.8050090560231],[-38.4517254378786,-12.8065319113186],[-38.449612477134,-12.8066461252184]]]]}},{"type":"Feature","properties":{"id":"1143","municipality":"2927408","density":"Densa","type":"Área urbanizada","state":"BA"},"geometry":{"type":"Polygon","coordinates":[[[-38.2756421706496,-12.8710853835835],[-38.2748569491888,-12.8679444959417],[-38.2739646508479,-12.8678374199609],[-38.2728582023442,-12.8686226423211],[-38.2721086722773,-12.8680158787298],[-38.2721800559648,-12.8665525108896],[-38.2682182527701,-12.865017759362],[-38.268468097025,-12.8627691682625],[-38.2673259553285,-12.8616984102534],[-38.2659696616705,-12.8615199505852],[-38.2653985921713,-12.8626263999883],[-38.2651487479163,-12.8623408652387],[-38.265826895195,-12.8605205771629],[-38.2651130574216,-12.8598781230769],[-38.2652201316038,-12.8589144410486],[-38.262864466322,-12.8569870778913],[-38.26088224185508,-12.858793662263656],[-38.261693007480886,-12.859713070483323],[-38.2627216980479,-12.858664597693],[-38.2641850667874,-12.8596639711153],[-38.263506920408,-12.8604491925762],[-38.2649345968541,-12.8608774955999],[-38.26423783594675,-12.862598905963614],[-38.26451533171175,-12.86291358616112],[-38.26547177378648,-12.86399819147387],[-38.2663265819062,-12.8637685416848],[-38.266469349281,-12.8641254610212],[-38.2658873003352,-12.864469398580116],[-38.270292141194446,-12.869464488114497],[-38.2713948336046,-12.8696220157434],[-38.271293642777195,-12.87060019090934],[-38.2719302117098,-12.8708712334207],[-38.27201224457892,-12.871415085352494],[-38.27255614311778,-12.872031866295561],[-38.27329065066977,-12.872864797859515],[-38.2756421706496,-12.8710853835835]]]}},{"type":"Feature","properties":{"id":"1144","municipality":"2927408","density":"Densa","type":"Área urbanizada","state":"BA"},"geometry":{"type":"Polygon","coordinates":[[[-38.2834408549115,-12.837506429578],[-38.2836906982671,-12.8381845768567],[-38.2825842488639,-12.840433167057],[-38.2827983999261,-12.841182698023],[-38.2804784260385,-12.8417180761283],[-38.2801928912888,-12.8432885208485],[-38.2804427337451,-12.8438952826411],[-38.2811208801245,-12.8436097478915],[-38.2811208801245,-12.844787580982],[-38.2824414805898,-12.8447518886887],[-38.2821916381336,-12.8440380509153],[-38.2831196278684,-12.8440737432086],[-38.2837263896611,-12.8413254653979],[-38.284297460959,-12.8413254653979],[-38.284297460959,-12.8420749963639],[-38.2850112987324,-12.8423248388202],[-38.2852611429873,-12.8416110010468],[-38.2856537537177,-12.8417537684217],[-38.2857608287991,-12.8412183903165],[-38.2849042227516,-12.8402547082881],[-38.284618688002,-12.8375778141647],[-38.2842617686657,-12.8372208948284],[-38.2834408549115,-12.837506429578]]]}},{"type":"Feature","properties":{"id":"1145","municipality":"2927408","density":"Densa","type":"Área urbanizada","state":"BA"},"geometry":{"type":"Polygon","coordinates":[[[-38.4766498597032,-12.6937936496572],[-38.4765427837224,-12.6947573316855],[-38.4739015818925,-12.6968274631169],[-38.4745440368778,-12.6978268374385],[-38.4742941926228,-12.6984335992312],[-38.4735446625561,-12.6980052962074],[-38.4732948200999,-12.6996471237158],[-38.4748652639207,-12.6992545129854],[-38.4759360219298,-12.6969345390976],[-38.4766855519966,-12.6969345390976],[-38.4782559958175,-12.6992902052787],[-38.4799335156192,-12.6991117456105],[-38.481432576652,-12.6981480635822],[-38.4807187379793,-12.6965062360739],[-38.4816110363202,-12.6957210137138],[-38.4805759706045,-12.6951499433152],[-38.4796479808696,-12.6957567060071],[-38.4781846121301,-12.695257019296],[-38.4781846121301,-12.6933296552393],[-38.4766498597032,-12.6937936496572]]]}},{"type":"Feature","properties":{"id":"1146","municipality":"2927408","density":"Densa","type":"Área urbanizada","state":"BA"},"geometry":{"type":"Polygon","coordinates":[[[-38.3136790298633,-12.8564937358972],[-38.3133934951136,-12.8578857209493],[-38.3129294997965,-12.8579214132426],[-38.3127510401284,-12.8569577312143],[-38.312037202355,-12.8569577312143],[-38.3119301263742,-12.8542451456969],[-38.3112519799948,-12.8532457722745],[-38.3107879846777,-12.8539596100479],[-38.3104667576347,-12.8565294281905],[-38.3107166009903,-12.8576001861996],[-38.3113590559756,-12.8587780192901],[-38.3133934951136,-12.8599201600873],[-38.3134648788011,-12.8610979931778],[-38.3116802830186,-12.8625613619173],[-38.3116088993312,-12.8634179679648],[-38.3123584293979,-12.8650954877665],[-38.3107879846777,-12.8664517814245],[-38.3105381422214,-12.8678080732839],[-38.3109664452452,-12.8686289870381],[-38.3125011967728,-12.8690215977685],[-38.3158562372755,-12.8665945479],[-38.3149639389345,-12.8679865329521],[-38.3155350102325,-12.8683791436825],[-38.3152494736842,-12.8693428257108],[-38.317390988803,-12.8706991175702],[-38.3189257421293,-12.8743396937218],[-38.320317726282,-12.8739470829914],[-38.3217810950215,-12.872198178603],[-38.3234229234291,-12.871127420594],[-38.3229946204054,-12.8702351240517],[-38.320317726282,-12.8696997450472],[-38.320317726282,-12.8693071343167],[-38.3211029477428,-12.8693428257108],[-38.3216383267473,-12.8681649926203],[-38.322030938377,-12.8671299269046],[-38.3217097113341,-12.8665588556066],[-38.3204961859502,-12.8674868462409],[-38.3193715873289,-12.8671139315626],[-38.3195325039219,-12.8620259829127],[-38.3204604936568,-12.8611336845718],[-38.3207460293058,-12.860027236068],[-38.3200678829264,-12.8594561647702],[-38.3200321906331,-12.8585281750352],[-38.3176051407646,-12.8537454589857],[-38.3171768377408,-12.8539239177546],[-38.3169626857793,-12.8533171559619],[-38.3154636256457,-12.8532100799812],[-38.3154636256457,-12.8539953023413],[-38.3161060797317,-12.8542094543028],[-38.3160703883377,-12.8549946757636],[-38.3154636256457,-12.8554229787874],[-38.3157134690014,-12.8562438934409],[-38.3177836004328,-12.85602974058],[-38.3177836004328,-12.8564937358972],[-38.3164273076741,-12.8569220389209],[-38.3166771510296,-12.8581712556988],[-38.3178906764135,-12.8587423269967],[-38.3178549841202,-12.8592777060013],[-38.3171768377408,-12.8590635540397],[-38.3157134690014,-12.860955225803],[-38.3162845402993,-12.861276452846],[-38.3183546708313,-12.8600986197554],[-38.3190328172107,-12.8600986197554],[-38.3181762111632,-12.861276452846],[-38.3182475948505,-12.8628468966669],[-38.316712843323,-12.8616333721823],[-38.3161774643185,-12.8621330588935],[-38.3182475948505,-12.864238881719],[-38.3182475948505,-12.8652025637473],[-38.3180334437884,-12.8658450178332],[-38.3166057673423,-12.8653810234155],[-38.3163559239866,-12.8657379418525],[-38.3160703883377,-12.8655594830837],[-38.3163559239866,-12.864881335805],[-38.3158562372755,-12.8646671847428],[-38.3140359491996,-12.8655594830837],[-38.3135719538825,-12.8652739474347],[-38.3142501011612,-12.8645958010553],[-38.3168199193038,-12.8643816499931],[-38.3158562372755,-12.8632395082966],[-38.3137504135507,-12.8638462709886],[-38.3134291874071,-12.8632038160033],[-38.3152851659776,-12.8612407605526],[-38.3151423986027,-12.8592063223139],[-38.3144999436175,-12.8589921703524],[-38.3141787165745,-12.8583497162663],[-38.3158562372755,-12.8580641806174],[-38.3149639389346,-12.8572789582573],[-38.3150710149154,-12.8537097666923],[-38.3141430251804,-12.8534599233367],[-38.3138574904308,-12.8551374431385],[-38.3137861058441,-12.8543879130717],[-38.3121799697297,-12.8529959289189],[-38.3119301263742,-12.8533885396494],[-38.3136790298633,-12.8564937358972]]]}},{"type":"Feature","properties":{"id":"1147","municipality":"2927408","density":"Densa","type":"Área urbanizada","state":"BA"},"geometry":{"type":"Polygon","coordinates":[[[-38.1403208208492,-12.6835241167446],[-38.1383934576918,-12.6843093391047],[-38.1377510027066,-12.6853444039211],[-38.1378580786873,-12.6865936215983],[-38.1390716040712,-12.6867006966797],[-38.1399639024122,-12.686236702262],[-38.1407134315796,-12.6877714546889],[-38.1402851285558,-12.6885923693423],[-38.1415343462331,-12.6887708281112],[-38.1420340329442,-12.6881997577126],[-38.1426407956362,-12.6881997577126],[-38.1435330939771,-12.6868791572473],[-38.1431404832467,-12.6859868589064],[-38.1422481849058,-12.6865222379109],[-38.1403208208492,-12.6835241167446]]]}},{"type":"Feature","properties":{"id":"1148","municipality":"2927408","density":"Densa","type":"Área urbanizada","state":"BA"},"geometry":{"type":"Polygon","coordinates":[[[-38.2753197547029,-12.8050482026124],[-38.274106229319,-12.804976818925],[-38.2737493099826,-12.805619273011],[-38.2746772997176,-12.8063331116837],[-38.2758908251014,-12.8061189597221],[-38.2775326526098,-12.8075466370676],[-38.2779609556336,-12.8067614147075],[-38.2763191281252,-12.8050482026124],[-38.276747431149,-12.8040488291901],[-38.2763905118126,-12.8034063751041],[-38.2753197547029,-12.8050482026124]]]}},{"type":"Feature","properties":{"id":"1149","municipality":"2927408","density":"Densa","type":"Área urbanizada","state":"BA"},"geometry":{"type":"Polygon","coordinates":[[[-38.1132485041151,-12.6610935329401],[-38.1121777461061,-12.661985831281],[-38.1126774328172,-12.6629852038041],[-38.1117851353757,-12.6653765631778],[-38.1120706701253,-12.666197476932],[-38.1132485041151,-12.6643771888561],[-38.1146047959745,-12.6636990433761],[-38.1151044826857,-12.6613433762958],[-38.1132485041151,-12.6610935329401]]]}},{"type":"Feature","properties":{"id":"1150","municipality":"2927408","density":"Densa","type":"Área urbanizada","state":"BA"},"geometry":{"type":"Polygon","coordinates":[[[-38.2373917997917,-12.8021403823727],[-38.2381651250205,-12.80338960005],[-38.2377784633054,-12.8040439512673],[-38.2378676931395,-12.8051147092764],[-38.2368266784084,-12.8056798306596],[-38.2369159082425,-12.807018278171],[-38.2375405170811,-12.8075536562762],[-38.2399794640809,-12.8081485218368],[-38.2425076418142,-12.8076428861103],[-38.2428645611506,-12.8068100752247],[-38.2422102090339,-12.8062152087648],[-38.2416450867513,-12.8068993041595],[-38.2407230460317,-12.806423411711],[-38.2399794640809,-12.8067803310474],[-38.238968192628,-12.8033003702159],[-38.2392358830295,-12.802378328597],[-38.2380164086303,-12.8013968013213],[-38.2373917997917,-12.8021403823727]]]}},{"type":"Feature","properties":{"id":"1151","municipality":"2927408","density":"Densa","type":"Área urbanizada","state":"BA"},"geometry":{"type":"Polygon","coordinates":[[[-38.1967089660459,-12.7767658102938],[-38.1979938751172,-12.7765516592317],[-38.198779096578,-12.776944269962],[-38.1986720205973,-12.7793713198305],[-38.1996000112315,-12.7806562289018],[-38.2007421520286,-12.7803706941522],[-38.2011704550524,-12.7812273001997],[-38.2005280009664,-12.7819411379731],[-38.2014559907014,-12.7832974307318],[-38.2030264354216,-12.7821909813287],[-38.2018129100378,-12.7785860983697],[-38.2022055207681,-12.7784433300956],[-38.2029907431282,-12.7794427044172],[-38.2033476615653,-12.7790144013935],[-38.2024553641237,-12.77751534126],[-38.2015630657828,-12.7771227287309],[-38.2019556774125,-12.7764802746449],[-38.2017415263503,-12.775873511953],[-38.2003852326922,-12.7765159669383],[-38.1997784708997,-12.7762661235827],[-38.2005993846538,-12.7759448956404],[-38.1996713949189,-12.7728753916859],[-38.1986363292032,-12.77291108308],[-38.1981366415927,-12.772268628994],[-38.1971372690697,-12.7730538513541],[-38.196137894748,-12.7720901693258],[-38.1944960672396,-12.7734464620845],[-38.1967089660459,-12.7767658102938]]]}},{"type":"Feature","properties":{"id":"1152","municipality":"2927408","density":"Densa","type":"Área urbanizada","state":"BA"},"geometry":{"type":"Polygon","coordinates":[[[-38.4421452955689,-12.7841156114463],[-38.4437514316832,-12.7850436002819],[-38.4442868106877,-12.784151301941],[-38.4432160526786,-12.7826165504134],[-38.4421452955689,-12.7841156114463]]]}},{"type":"Feature","properties":{"id":"1153","municipality":"2927408","density":"Densa","type":"Área urbanizada","state":"BA"},"geometry":{"type":"Polygon","coordinates":[[[-38.2920024277698,-12.529196921101],[-38.2913956650779,-12.5316953546569],[-38.2916455093327,-12.5343651108611],[-38.2923593471061,-12.5344721859426],[-38.293251645447,-12.5339368078374],[-38.2930018011921,-12.5347577215915],[-38.2924664230869,-12.5349004889663],[-38.2930731848795,-12.5365780087681],[-38.2922522711254,-12.5382912208631],[-38.2930018011921,-12.5387195238869],[-38.2940368669078,-12.5376487667771],[-38.2946436295998,-12.5376487667771],[-38.2945722459124,-12.5370776963786],[-38.2950719326236,-12.536221090331],[-38.2954288519599,-12.5362567817251],[-38.2951076240176,-12.5376844590705],[-38.294500862225,-12.5382198371757],[-38.2944294776382,-12.5393262865788],[-38.2957857712963,-12.5396475136218],[-38.2960713060459,-12.5387195238869],[-38.2968922198,-12.538541065118],[-38.2969636043868,-12.5392549028914],[-38.2977131335542,-12.539183519204],[-38.2979272864151,-12.5395761299344],[-38.2956786953155,-12.5407182707316],[-38.2935728715907,-12.5406468879435],[-38.2929304184041,-12.5393262865788],[-38.2923236548128,-12.5392549028914],[-38.2920738123565,-12.5398616655834],[-38.2933587214278,-12.5411822660487],[-38.2946436295998,-12.5414678016977],[-38.295179007705,-12.5422530240577],[-38.294215326576,-12.5437520841913],[-38.2923593471061,-12.5418961047214],[-38.2920738123565,-12.5421816403704],[-38.2925734981683,-12.5433237811676],[-38.2922522711254,-12.5436806996046],[-38.2917525844142,-12.5425742511008],[-38.2916812007268,-12.544787149907],[-38.2927519578365,-12.5449656086758],[-38.2932159531537,-12.5439662361528],[-38.294215326576,-12.5446800739262],[-38.295143316311,-12.544787149907],[-38.2960356137525,-12.5414678016976],[-38.2981771288714,-12.541503493991],[-38.2985697396018,-12.5395404376411],[-38.2989266589381,-12.539504746247],[-38.2989980426255,-12.5403256600012],[-38.2994620379427,-12.5406111956501],[-38.2988909666447,-12.5411465737553],[-38.2992478868804,-12.5421816403704],[-38.3005684873458,-12.5416819527599],[-38.3006041787398,-12.5422173317644],[-38.298141436578,-12.5435022408357],[-38.2972848314298,-12.544465922864],[-38.2958928472771,-12.5448942258878],[-38.2969279120934,-12.5464075627588],[-38.2981771288714,-12.5458721837542],[-38.2996761899042,-12.5433023656116],[-38.3013180183119,-12.5431595982368],[-38.3017106290423,-12.5424457595641],[-38.3040662952233,-12.5427669866071],[-38.3050656686456,-12.5437306686354],[-38.30667180476,-12.5440518956784],[-38.307135800077,-12.5433737501984],[-38.3052798197079,-12.542088841127],[-38.3038164518677,-12.5415177698292],[-38.3011752500377,-12.5415177698292],[-38.3011752500377,-12.5405540887002],[-38.3021032397726,-12.5389836439799],[-38.302138932066,-12.5386267246436],[-38.3014250933933,-12.5383768821873],[-38.3023887754216,-12.5368421297604],[-38.3025315427964,-12.5353073773335],[-38.302138932066,-12.5348790743098],[-38.3027456938586,-12.5342009279304],[-38.3026743101712,-12.5337369326133],[-38.3022103157534,-12.5337369326133],[-38.302781386152,-12.5311314230767],[-38.3061007343613,-12.5290612916452],[-38.3061364257554,-12.5279548431415],[-38.3077425618697,-12.5272410035694],[-38.3089203958595,-12.5282403778911],[-38.3094914662581,-12.5272410035694],[-38.3089203958595,-12.526170247359],[-38.3098483846952,-12.5269554688198],[-38.3100625366567,-12.5264200898153],[-38.3088847035662,-12.5253850249989],[-38.3067074970533,-12.5267341789391],[-38.303852144161,-12.5270554059822],[-38.3007112547206,-12.5253065033924],[-38.3003186439902,-12.5254135775745],[-38.3010324817636,-12.5273766339245],[-38.3006041787398,-12.5274123262178],[-38.3000688006346,-12.5263772596028],[-38.2982842048521,-12.5254492698679],[-38.2977488258476,-12.5244498973448],[-38.2950719326236,-12.5255206535552],[-38.2920024277698,-12.529196921101]]]}},{"type":"Feature","properties":{"id":"1154","municipality":"2927408","density":"Densa","type":"Área urbanizada","state":"BA"},"geometry":{"type":"MultiPolygon","coordinates":[[[[-38.3677777412497,-12.7822166821541],[-38.3687890109041,-12.7817110464276],[-38.3690864436844,-12.7820679648647],[-38.3681346596867,-12.7826033438692],[-38.3682536327989,-12.7840012770373],[-38.3699192545699,-12.7855181842168],[-38.373369473922,-12.7844474262077],[-38.3751838129825,-12.7846258858759],[-38.3760463680454,-12.7830792363176],[-38.3761058537021,-12.7810269510329],[-38.3766152449975,-12.7809432160565],[-38.3761058537021,-12.7795100447527],[-38.3750945831484,-12.7785582598558],[-38.3732207584312,-12.7784392867437],[-38.3715848781396,-12.7786177473112],[-38.3676587672383,-12.781056694311],[-38.3677777412497,-12.7822166821541]]],[[[-38.3691518792558,-12.8033284488488],[-38.3678729191998,-12.8044289501359],[-38.3678431759218,-12.8049940724185],[-38.3686759868073,-12.8053212475775],[-38.3690626494217,-12.8045776674254],[-38.3692411090898,-12.8051130446313],[-38.3697764880944,-12.8051427888086],[-38.3698062313724,-12.8032987055707],[-38.3714718540428,-12.8029120438557],[-38.3713231367533,-12.8022279493603],[-38.3706092989799,-12.8024064081292],[-38.3699549468633,-12.8019602589587],[-38.3691518792558,-12.8033284488488]]],[[[-38.3742677203789,-12.8103776030439],[-38.3737620846525,-12.8071950740933],[-38.3715610838769,-12.8066002076334],[-38.3713826242087,-12.8074627626963],[-38.3733754229374,-12.8084442908713],[-38.3737025980964,-12.8100801702636],[-38.3742677203789,-12.8103776030439]]],[[[-38.3737025980964,-12.8050238147972],[-38.3745517829384,-12.8026386067862],[-38.3726430654251,-12.8019804622285],[-38.3724773059828,-12.8027195403744],[-38.3734349085941,-12.8032094757366],[-38.3732861931033,-12.8049643291404],[-38.3737025980964,-12.8050238147972]]],[[[-38.4003347155746,-12.7660779874091],[-38.3998290798481,-12.766196959622],[-38.3990557546193,-12.7686359084204],[-38.3997398509134,-12.7689333412007],[-38.3985501197922,-12.7690225701355],[-38.3974198761263,-12.7705573225624],[-38.3964383479514,-12.7707952687866],[-38.3962004017271,-12.7712711612351],[-38.3966168076195,-12.7716280796721],[-38.3956055370658,-12.773501906188],[-38.3956650236219,-12.7743049737955],[-38.3945347799561,-12.7734424187326],[-38.3937019681712,-12.7736208793001],[-38.3931368458887,-12.7746321498538],[-38.3936722248932,-12.7750188115688],[-38.3942968328325,-12.7743049737955],[-38.3956947668999,-12.7750485548469],[-38.3949809282272,-12.7767439207952],[-38.3945050357787,-12.7768926380847],[-38.3948322118371,-12.7781121106853],[-38.3959624564022,-12.7786177473112],[-38.3946240088909,-12.7793910716406],[-38.3944752934,-12.7804915720284],[-38.3926906967183,-12.7805213162057],[-38.3928988996644,-12.7793613292619],[-38.392155318613,-12.7791531263157],[-38.3917508098519,-12.779718247699],[-38.3909179989664,-12.7795992745868],[-38.3910072288005,-12.778855692636],[-38.389520064899,-12.7783798010869],[-38.3888954569597,-12.7768628939074],[-38.3880923893523,-12.7775172460241],[-38.3882411048431,-12.7765654620264],[-38.3877652132939,-12.7764464889143],[-38.3883005922984,-12.7757029069636],[-38.3887764838476,-12.7760598262999],[-38.3892523762961,-12.775167527959],[-38.3884195654106,-12.7745429200197],[-38.3872893208454,-12.7751080423023],[-38.3875867527264,-12.7757326502416],[-38.3872000910113,-12.7760300830219],[-38.3867241985629,-12.7751972721364],[-38.3857426712872,-12.7752567577931],[-38.3857129280092,-12.7762680292461],[-38.3861888195583,-12.7768628939074],[-38.384523196888,-12.777487502746],[-38.3837796158366,-12.7784392867437],[-38.3833929532222,-12.7785285165778],[-38.38327398011,-12.7777551922483],[-38.3825601423367,-12.7776362191362],[-38.3818165603859,-12.7783798010869],[-38.3813109246594,-12.7783203136315],[-38.3815191276056,-12.7772495574211],[-38.3811027217132,-12.7770710968536],[-38.3810729793345,-12.7762382859681],[-38.380597086886,-12.7759705973651],[-38.3801806809936,-12.7766844351385],[-38.3791396671619,-12.7757623944189],[-38.3789017209376,-12.7748106086227],[-38.379228896996,-12.7740372851925],[-38.3802996541057,-12.7734126763539],[-38.3802104242716,-12.7729070406274],[-38.3795858163324,-12.7732044734077],[-38.379228896996,-12.7720742288425],[-38.3787232612694,-12.7718065402396],[-38.3787232612694,-12.7734126763539],[-38.3781878822649,-12.7740372851925],[-38.3785150583232,-12.7743347170735],[-38.3783960852111,-12.7751972721364],[-38.3789017209376,-12.7763572590802],[-38.3807160599981,-12.7775172460241],[-38.3808350331102,-12.7779633951945],[-38.3794668432202,-12.7786177473112],[-38.3788719767603,-12.7776659633135],[-38.377979680218,-12.7773982729119],[-38.3770873818771,-12.7780228817505],[-38.3777119898164,-12.7787069771452],[-38.3785150583232,-12.778498774199],[-38.3783663419331,-12.7790638955823],[-38.3792883826527,-12.7795100447527],[-38.3800617078815,-12.7790638955823],[-38.3831550069979,-12.7800454237573],[-38.383214493554,-12.7807295191519],[-38.382262708657,-12.7814433569253],[-38.3817868171079,-12.7804023430936],[-38.3810134918791,-12.7799264497458],[-38.3790432175703,-12.7803319666469],[-38.3791337181465,-12.7823832437916],[-38.3787767988102,-12.7831863122984],[-38.3793121778147,-12.7838109211371],[-38.3800260155881,-12.7841678395741],[-38.3815726660456,-12.7824724736257],[-38.3839223832114,-12.7837514336817],[-38.3841603303349,-12.7833350277892],[-38.382286503819,-12.7822345283008],[-38.3824352202092,-12.7819073522425],[-38.3853203172788,-12.7835729740135],[-38.3842198159917,-12.7842868126862],[-38.3827029097115,-12.7837811769597],[-38.3826136798774,-12.7842868126862],[-38.3846957084402,-12.7851493668497],[-38.3856593895691,-12.7843165559643],[-38.3871168101926,-12.7841975828521],[-38.3848860652397,-12.7827104198499],[-38.3852429836767,-12.7824129870697],[-38.3879496210781,-12.7840488673613],[-38.3886039731948,-12.7854467996301],[-38.3883362836925,-12.7863985836277],[-38.3888121761409,-12.7869934500876],[-38.3872655256834,-12.7875883147489],[-38.3865814311881,-12.7883021534216],[-38.3856593895691,-12.7909195600896],[-38.3867598908562,-12.7925554403812],[-38.3870275803585,-12.7938344004372],[-38.3880388509122,-12.7947266978787],[-38.3885444857394,-12.7931205617645],[-38.3896449870265,-12.7931205617645],[-38.3897639601386,-12.7915739122062],[-38.3887229463069,-12.7911277630358],[-38.3885742299167,-12.7902652088723],[-38.3896449870265,-12.7898488029798],[-38.3897044735825,-12.7893134239753],[-38.3908049739703,-12.7896108567556],[-38.3905075420894,-12.7908898168116],[-38.391161894206,-12.7954702798295],[-38.391489069365,-12.7957974549885],[-38.3928572601544,-12.7957677117105],[-38.3932141785914,-12.7947266978787],[-38.3941957058671,-12.7946969546007],[-38.3945526261028,-12.7952620768833],[-38.3946121117595,-12.7974333352802],[-38.394165962589,-12.7967194966074],[-38.3918459887014,-12.7969871861097],[-38.3919054752574,-12.7973441054461],[-38.3936008412058,-12.7974333352802],[-38.3939875038202,-12.7978497411726],[-38.3941362202103,-12.8001102276049],[-38.3932736651475,-12.799931768836],[-38.3923516244279,-12.7989799848384],[-38.3921434205824,-12.7996640802331],[-38.392797772699,-12.8003779180065],[-38.3954746668224,-12.8009727826677],[-38.3960992747617,-12.8014784192936],[-38.3953854369883,-12.8030012736898],[-38.3944039088133,-12.8026443543535],[-38.3939073688299,-12.8034282493142],[-38.3934611063449,-12.8014089133906],[-38.3928959840624,-12.801111479711],[-38.3923011176025,-12.801825319283],[-38.3930744428312,-12.8025391570564],[-38.3926877811161,-12.8038776036684],[-38.3946121117595,-12.8051427888086],[-38.3936008412058,-12.8083848043152],[-38.3956233832125,-12.8093365892122],[-38.3952664638762,-12.8097529942053],[-38.3939577596428,-12.809485304703],[-38.3939280172642,-12.8090094131538],[-38.3921434205823,-12.8082360879251],[-38.3918757319794,-12.8072843030281],[-38.3925003399187,-12.8042504913671],[-38.3896747303045,-12.8034176786829],[-38.3893178109682,-12.8029120438557],[-38.3876224450198,-12.8028228140216],[-38.3873547564168,-12.8022279493603],[-38.3880685941902,-12.8014546241316],[-38.3876819315758,-12.8005623257907],[-38.3868788639684,-12.8007110421808],[-38.3867004043002,-12.8017223127345],[-38.3859568232488,-12.8021387186269],[-38.3858378501366,-12.8013356510194],[-38.3850942681859,-12.8013653942975],[-38.3851865593122,-12.8021037206102],[-38.3831699366432,-12.8017360894489],[-38.3806922648361,-12.8029417871337],[-38.3814061026095,-12.8046966396382],[-38.3827529425942,-12.804472365807],[-38.3830509644304,-12.8054242532267],[-38.3838540320379,-12.8051268213457],[-38.3853619567888,-12.8058268842033],[-38.3865814311881,-12.8046668963601],[-38.3876819315759,-12.8043099770238],[-38.3872952689614,-12.8036853690845],[-38.3877116748538,-12.8032689631921],[-38.3889608916318,-12.8035069094163],[-38.3889311492531,-12.8041315182549],[-38.3901503079903,-12.8052482972711],[-38.3872447639347,-12.8056324561729],[-38.3879586017081,-12.8072088490091],[-38.3868283580422,-12.8075360250675],[-38.3869473311544,-12.8086960120113],[-38.3879556294487,-12.8086960120113],[-38.3879793643561,-12.8094555623243],[-38.3867896341343,-12.8100801702636],[-38.3863434849639,-12.8114483601536],[-38.3853917009662,-12.8115078467097],[-38.3849455517957,-12.8110022109832],[-38.3818225094012,-12.8101991433757],[-38.3806922648361,-12.8092771017568],[-38.382961733697,-12.8092908775719],[-38.3829914769751,-12.8097965132984],[-38.3834673703228,-12.809707282565],[-38.3836160858137,-12.8061975775561],[-38.3831104500871,-12.8058704023971],[-38.3812240510491,-12.8084197375808],[-38.3804840618899,-12.8084145466939],[-38.3799784270627,-12.80588636986],[-38.3785804938946,-12.8047858685729],[-38.3785507497173,-12.8035069094163],[-38.3792051018339,-12.8028525572996],[-38.3790563863431,-12.801871030024],[-38.3784615198832,-12.8015735972437],[-38.3773015329393,-12.8028525572996],[-38.3777179388318,-12.8040720307995],[-38.3769858978808,-12.8045870653408],[-38.3775097358856,-12.8051725320867],[-38.374297463657,-12.8063622623085],[-38.3750707888857,-12.8070761009813],[-38.3756061669909,-12.8066596950888],[-38.3760225728834,-12.8074032761402],[-38.376557951888,-12.8073735328622],[-38.3770041010584,-12.8063622623085],[-38.3773610203948,-12.8066299518108],[-38.376974356881,-12.8071058442593],[-38.3772717896613,-12.8073437895842],[-38.3782533178363,-12.8054104783109],[-38.3794727913362,-12.8061838026403],[-38.3799486837847,-12.807135586638],[-38.379294331668,-12.8086822370955],[-38.3767661539348,-12.8087119803736],[-38.3767661539348,-12.8091878719227],[-38.3759928296054,-12.8093365892122],[-38.3758738573925,-12.8085037774274],[-38.3748923292176,-12.8089499256985],[-38.3754574506008,-12.8105560618127],[-38.3764984653318,-12.8107047791023],[-38.376676925,-12.8096637643712],[-38.3781343447242,-12.809425818147],[-38.3782533178363,-12.809782736584],[-38.3772717896613,-12.8098422240394],[-38.3773907627734,-12.8109129811491],[-38.3786994670068,-12.8108832378711],[-38.3801271425535,-12.8096042778151],[-38.3803650887778,-12.8099611971515],[-38.3806625215581,-12.8110616984386],[-38.3799486837847,-12.8110616984386],[-38.3800081703408,-12.8124893739854],[-38.3774799926075,-12.8112996437635],[-38.3772123031052,-12.8114781034317],[-38.3781046014462,-12.8118647660461],[-38.3782235736589,-12.8128760365998],[-38.3770933299932,-12.813113982824],[-38.3767958981122,-12.8125786038195],[-38.3764687220539,-12.8126975769316],[-38.3768851279463,-12.814095510999],[-38.3776881955537,-12.8135601319945],[-38.3786102371727,-12.8146903756602],[-38.3787886959415,-12.8157016471133],[-38.379234845112,-12.8157908769474],[-38.3798297106725,-12.8151365248307],[-38.379324074946,-12.8146011458261],[-38.3802461156657,-12.8146308891042],[-38.380603035002,-12.8142144841111],[-38.3814953333429,-12.8155231874451],[-38.381941481614,-12.8155529298238],[-38.381941481614,-12.8161180521064],[-38.3829527530671,-12.8158206202254],[-38.3840829967328,-12.8162370252185],[-38.3841127400109,-12.8165939445548],[-38.3853619567888,-12.8164452281647],[-38.386521944632,-12.8151365248307],[-38.3856296471904,-12.8166831743889],[-38.3859687203801,-12.8171352716754],[-38.3879912623868,-12.8162727166126],[-38.3880804922209,-12.8158563116194],[-38.389865087104,-12.8150234998346],[-38.3899245736601,-12.8145476082855],[-38.3904302093867,-12.8147260679536],[-38.3912035337161,-12.8169270687292],[-38.3911440480593,-12.8179978267383],[-38.3902220064404,-12.8184142317314],[-38.3897163707139,-12.8197229359647],[-38.3899543169381,-12.8199906245677],[-38.3906681547115,-12.8187414077897],[-38.3914975625624,-12.8186248619478],[-38.3921494973014,-12.8199001006091],[-38.3920543193513,-12.8206139392818],[-38.3911977133038,-12.821137421155],[-38.3908645882301,-12.8220416157279],[-38.3917687837024,-12.8224699187517],[-38.3912453018292,-12.8241831308468],[-38.3926518280194,-12.8239028832114],[-38.3928633359741,-12.8249921483689],[-38.3922922646762,-12.8262770574402],[-38.3935771737475,-12.8269908952136],[-38.3949096722436,-12.8286089275599],[-38.396004223616,-12.828085446586],[-38.3973843106374,-12.8292275882826],[-38.3963373486896,-12.82998901638],[-38.3976698471857,-12.8314642822508],[-38.3965752949139,-12.8328443692722],[-38.3964801160645,-12.8338437426945],[-38.3984788638085,-12.8323684768237],[-38.3993354689567,-12.8331299040218],[-38.3988119879828,-12.8346527593173],[-38.3992878804313,-12.8364611502618],[-38.3986677214381,-12.8374688199301],[-38.3965559495974,-12.838718036708],[-38.3960800571489,-12.8383313749929],[-38.3953067328194,-12.8389262396542],[-38.3960503138708,-12.8394616186587],[-38.3976564499852,-12.8389262396542],[-38.3980133693215,-12.8392534157125],[-38.3998850176794,-12.8375274674186],[-38.4010962713758,-12.8386502539061],[-38.4030950182205,-12.8370798100851],[-38.4038564454186,-12.8378412372832],[-38.4042371590176,-12.8375081122096],[-38.4060455499621,-12.8392213243046],[-38.4079491179574,-12.8369846312357],[-38.4068069771602,-12.8353665979901],[-38.4069497454344,-12.8339865100693],[-38.4061407279122,-12.8327967798475],[-38.4068069771602,-12.8319877632247],[-38.4066166203607,-12.8312263351272],[-38.405522068089,-12.830322139655],[-38.4054268901388,-12.8294179450821],[-38.405902781688,-12.8287516958341],[-38.4068069771602,-12.8287516958341],[-38.4078063505826,-12.8300841943301],[-38.4091388490786,-12.82998901638],[-38.409852686852,-12.8305124973538],[-38.409852686852,-12.8311311571771],[-38.4079967082814,-12.8321305305994],[-38.4081394747569,-12.8345099919425],[-38.4088533143289,-12.8352238297159],[-38.409852686852,-12.8350334729164],[-38.4104237581499,-12.8370798100851],[-38.4089009028543,-12.8378412372832],[-38.4086153672054,-12.8396020379037],[-38.4093292058781,-12.8397923947032],[-38.4140247002796,-12.8382133794439],[-38.4174535661291,-12.8471817804148],[-38.4207550681918,-12.848728429973],[-38.421260703019,-12.8479253623655],[-38.4198627698509,-12.8461705089618],[-38.4192976475683,-12.8464381975647],[-38.417364336295,-12.8441479669551],[-38.4167397283557,-12.8443264266232],[-38.4161448618958,-12.8427202914083],[-38.4177524980793,-12.8418863212967],[-38.4172766047314,-12.8403634660011],[-38.4179904443035,-12.8388406107056],[-38.4176097298051,-12.8369846312357],[-38.4193705313249,-12.8361756137136],[-38.4198940131981,-12.8377936478585],[-38.4213692781696,-12.8372701659853],[-38.4208457971957,-12.8358900789639],[-38.4217975811934,-12.8356521327397],[-38.4222734736418,-12.8373177563093],[-38.4219403485682,-12.8391737348799],[-38.4225114198661,-12.8398399841279],[-38.4235583827132,-12.8404110554258],[-38.4258426652068,-12.8393640916794],[-38.4274131090277,-12.8394116811042],[-38.4274131090277,-12.8387454318561],[-38.4297449809461,-12.8380791826082],[-38.4290311431727,-12.834985884391],[-38.4311726582915,-12.834319635143],[-38.4305860134338,-12.8327552500547],[-38.4334256983373,-12.8321911763816],[-38.4339015898864,-12.8328455266997],[-38.4337826167743,-12.8335593662717],[-38.4323846836062,-12.8340650010988],[-38.4333662108819,-12.8353142178768],[-38.432235967216,-12.8359090834374],[-38.4328308327767,-12.8371285569373],[-38.434466712169,-12.8363849758859],[-38.4347938882273,-12.8352249880427],[-38.4376492411195,-12.8347490955943],[-38.4383035932362,-12.8350465292739],[-38.4382143634021,-12.8358495968814],[-38.4359836184492,-12.8370095838252],[-38.4352400373978,-12.837872138888],[-38.4354184961666,-12.8385859766614],[-38.434466712169,-12.8389428959978],[-38.4347938882273,-12.8397162212266],[-38.440712796958,-12.8370095838252],[-38.4378574440657,-12.8340650010988],[-38.4347046583932,-12.8346003801034],[-38.434436968891,-12.8339162847087],[-38.4352697797765,-12.8316855397558],[-38.4302784102204,-12.8319349739199],[-38.4297449809461,-12.8305124973538],[-38.4248908812092,-12.8321305305994],[-38.4237963289374,-12.8285137496098],[-38.4274131090277,-12.8282282148602],[-38.4282221256506,-12.8276095550369],[-38.4279841803256,-12.8265625921898],[-38.4257950757821,-12.8271812520131],[-38.4255095410324,-12.8266577701399],[-38.4262233788058,-12.8246114338705],[-38.4246529349849,-12.8233265247993],[-38.4241294531117,-12.8256583967176],[-38.4247005244096,-12.8268957163642],[-38.4232252576395,-12.8272764299632],[-38.4209989355524,-12.8200417429321],[-38.4228073525772,-12.8194610587808],[-38.4239375971424,-12.8198477222945],[-38.4237591383735,-12.8211861680072],[-38.4270011529808,-12.8213348852967],[-38.4276852483755,-12.8196097760703],[-38.4264062883195,-12.8188364508415],[-38.426227827752,-12.8172600580052],[-38.4276257618194,-12.8144939340478],[-38.4270903828149,-12.8127093391646],[-38.4283395995928,-12.811073458873],[-38.429826762595,-12.8078611866444],[-38.4289344651534,-12.8074150383733],[-38.428190884102,-12.8077124711536],[-38.4266442336444,-12.8109544857609],[-38.4247109223711,-12.8118170408237],[-38.424859637862,-12.8127985680994],[-38.4230155564227,-12.8131554883351],[-38.4225396639742,-12.8118170408237],[-38.4215581357993,-12.8119062706578],[-38.421260703019,-12.8125308785971],[-38.4219150551356,-12.8129472853889],[-38.4216176232547,-12.8140477848773],[-38.4207253249137,-12.8149400832182],[-38.41580133976,-12.8164260878936],[-38.415515804111,-12.8187103712866],[-38.4143736633139,-12.8188531377621],[-38.4139929488155,-12.8196621552842],[-38.4123273270445,-12.8197573332343],[-38.4122797367204,-12.8185200135877],[-38.4105665246254,-12.818472424163],[-38.4075684052577,-12.8163309099435],[-38.4074732264082,-12.8155694818461],[-38.4063786741365,-12.8158074280703],[-38.4044751052419,-12.8110960948089],[-38.4020149468323,-12.811530240728],[-38.4021787979132,-12.8100742212483],[-38.4019408516889,-12.8097470460893],[-38.4014352159624,-12.8101337078043],[-38.4008403513012,-12.8092414103628],[-38.4008700936798,-12.8065347729614],[-38.3981337138997,-12.8070701519659],[-38.3978660252968,-12.8065050296833],[-38.3964978354067,-12.8059399083001],[-38.3962301459044,-12.8062968267371],[-38.3969439836779,-12.8072783549121],[-38.3975388492385,-12.8073675847462],[-38.3968250105657,-12.8081409090756],[-38.3950701580613,-12.8062373410804],[-38.3963193748392,-12.8029953246744],[-38.3975685916172,-12.8032630141767],[-38.3978065378414,-12.8022814869011],[-38.3982526870118,-12.8025789187821],[-38.3992044719088,-12.802192257067],[-38.3998588240254,-12.8008240671769],[-38.3990557546193,-12.8004076612845],[-38.4002454857405,-12.7996640802331],[-38.4009890676913,-12.7998127957239],[-38.4009890676913,-12.8004671478405],[-38.4016136756306,-12.8007348373428],[-38.4025952038056,-12.7999615121141],[-38.4033141587214,-12.7975286418333],[-38.4052691814275,-12.7975720323234],[-38.4061317355911,-12.7963228146461],[-38.4082435074319,-12.795846923097],[-38.4083624796447,-12.7943895033728],[-38.4055963565865,-12.7934674617539],[-38.4058045604321,-12.7914151773685],[-38.4071430070441,-12.788589566855],[-38.4066207896177,-12.7878755015531],[-38.4086330856483,-12.7858037189664],[-38.4100607629938,-12.7854765429081],[-38.410298709218,-12.7848221916907],[-38.4098525600476,-12.7845545021885],[-38.4102094793839,-12.7840488673613],[-38.410566397821,-12.7843760434196],[-38.4111612633815,-12.7839001500718],[-38.4108340873232,-12.7833647719666],[-38.4117234691627,-12.7819568185523],[-38.4081245343198,-12.7761271396557],[-38.4076188985932,-12.776335342602],[-38.4061912221471,-12.7743425438733],[-38.4040497070283,-12.7681262023623],[-38.4039604771942,-12.7674123636896],[-38.4047932889791,-12.7661036603556],[-38.4044363696427,-12.76512213308],[-38.4013757303057,-12.7653344063578],[-38.4008106080231,-12.7648287697319],[-38.4003347155746,-12.7660779874091]],[[-38.4018389872794,-12.813178707931],[-38.4020480553734,-12.8144749295743],[-38.4031426067459,-12.8148556440727],[-38.403666088619,-12.8163784993682],[-38.4035709097696,-12.8189483166115],[-38.3974319009614,-12.8197097438096],[-38.39800297136,-12.8222795619522],[-38.394628463233,-12.8231794307861],[-38.393006103349,-12.8222319734268],[-38.3927681571247,-12.8205663498571],[-38.3940054767713,-12.8191386743103],[-38.3936723516976,-12.8180917105639],[-38.394433779795,-12.8171875150917],[-38.394453039676,-12.815255719176],[-38.3970332144113,-12.8124834258693],[-38.398490633236,-12.813464953145],[-38.4004834319647,-12.8122454796451],[-38.4009593244132,-12.8129295750398],[-38.4018389872794,-12.813178707931]],[[-38.4157719058487,-12.8197580949601],[-38.4161145484477,-12.8207860218574],[-38.4172947611443,-12.8208240937569],[-38.4182084741418,-12.8232796979996],[-38.4176374028438,-12.8235081257993],[-38.4171615112947,-12.8226705557016],[-38.4150675847012,-12.8225563409024],[-38.4151056566007,-12.8236033037494],[-38.4159622617489,-12.8241934109971],[-38.4145155502524,-12.8249548381952],[-38.4141729076535,-12.8241553390976],[-38.413544730305,-12.8243266599474],[-38.4139635149043,-12.8255259085938],[-38.412364516709,-12.8279815128365],[-38.4114127327114,-12.8285145122349],[-38.4110320191123,-12.8272200847391],[-38.41162212636,-12.8269155140397],[-38.41183151821,-12.8257733732426],[-38.4113746617113,-12.8256972303429],[-38.4110700910118,-12.8245550886464],[-38.410441912764,-12.8246502665965],[-38.4100802351147,-12.823584268699],[-38.410727448413,-12.8233748759497],[-38.4105561266639,-12.8227847696014],[-38.4134305164052,-12.8218900916544],[-38.4149914418015,-12.8198913448097],[-38.4157719058487,-12.8197580949601]],[[-38.4152579424001,-12.8264205856415],[-38.4160193695982,-12.8278863339871],[-38.4171805472444,-12.8280766907866],[-38.4174851179438,-12.8277530841375],[-38.4166094759465,-12.8272010487893],[-38.4156196200494,-12.8256020523928],[-38.4162097263977,-12.8247454463452],[-38.4172947611443,-12.8268774430395],[-38.4180371523926,-12.8265728723401],[-38.4189318303397,-12.8287048690344],[-38.419445792889,-12.828609690185],[-38.4195980786884,-12.8289523327839],[-38.4190650801893,-12.8291807605836],[-38.4195600076882,-12.8303419382298],[-38.4214064687335,-12.8296756889818],[-38.4215397185831,-12.830094473581],[-38.4207973273348,-12.8304371161799],[-38.4213303258338,-12.8322455071244],[-38.4208544342846,-12.8324929708739],[-38.4213493617836,-12.8353483237661],[-38.4205688986357,-12.8357480733149],[-38.4201691499862,-12.8350437530667],[-38.41885568744,-12.8359765011146],[-38.4186082227912,-12.8352341098662],[-38.4179229375934,-12.8353673588165],[-38.4172947611443,-12.8348914672674],[-38.4166094759465,-12.8337493255709],[-38.4167046538966,-12.8331592201219],[-38.415695762949,-12.8320361143751],[-38.4155434771497,-12.8306465089292],[-38.4150104777513,-12.8305703660295],[-38.4142680856036,-12.8312175793278],[-38.4128404100568,-12.8309701155784],[-38.412878481057,-12.8303609741795],[-38.4138493010044,-12.8301325445812],[-38.4140015868037,-12.8293711182824],[-38.4149533708014,-12.8296376170823],[-38.4154292632498,-12.8290094397338],[-38.4155054061495,-12.8281909046864],[-38.4136399091544,-12.8264586566417],[-38.4138873720046,-12.8259446940923],[-38.4152579424001,-12.8264205856415]]]]}},{"type":"Feature","properties":{"id":"1156","municipality":"2927408","density":"Densa","type":"Vazio intraurbano","state":"BA"},"geometry":{"type":"Polygon","coordinates":[[[-38.4172947611443,-12.8208240937569],[-38.4161145484477,-12.8207860218574],[-38.4157719058487,-12.8197580949601],[-38.4149914418015,-12.8198913448097],[-38.4134305164052,-12.8218900916544],[-38.4105561266639,-12.8227847696014],[-38.410727448413,-12.8233748759497],[-38.4100802351147,-12.823584268699],[-38.4101563780144,-12.8240030541975],[-38.410441912764,-12.8246502665965],[-38.4110700910118,-12.8245550886464],[-38.4113746617113,-12.8256972303429],[-38.41183151821,-12.8257733732426],[-38.41162212636,-12.8269155140397],[-38.4110320191123,-12.8272200847391],[-38.4114127327114,-12.8285145122349],[-38.412364516709,-12.8279815128365],[-38.4139635149043,-12.8255259085938],[-38.413544730305,-12.8243266599474],[-38.4141729076535,-12.8241553390976],[-38.4145155502524,-12.8249548381952],[-38.4159622617489,-12.8241934109971],[-38.4151056566007,-12.8236033037494],[-38.4150675847012,-12.8225563409024],[-38.4171615112947,-12.8226705557016],[-38.4176374028438,-12.8235081257993],[-38.4182084741418,-12.8232796979996],[-38.4172947611443,-12.8208240937569]]]}},{"type":"Feature","properties":{"id":"1157","municipality":"2927408","density":"Densa","type":"Área urbanizada","state":"BA"},"geometry":{"type":"Polygon","coordinates":[[[-38.2616402327105,-12.8207740608742],[-38.2617473086913,-12.8217020497098],[-38.2606765506822,-12.8222731210077],[-38.2610334709179,-12.8215592832343],[-38.2591061068613,-12.8217377420032],[-38.2585707278568,-12.8229512673871],[-38.258856264405,-12.8232724953294],[-38.25978425414,-12.8226657317381],[-38.26046239962,-12.823236803036],[-38.2591417991547,-12.8251998575873],[-38.2598556369281,-12.8254853932362],[-38.2608550112497,-12.8239506408094],[-38.2613903902543,-12.8243432524391],[-38.260426708226,-12.8255567769237],[-38.2613190056675,-12.8262349242024],[-38.2609977786245,-12.8267346100142],[-38.2587491884242,-12.8258423125726],[-38.2577498141026,-12.8260207722408],[-38.2567504406803,-12.8269844542691],[-38.2562150616757,-12.8260921559282],[-38.2570002840358,-12.8250570902125],[-38.253859396394,-12.8235937223723],[-38.2534667847643,-12.8244860198139],[-38.2528243297789,-12.8239863331028],[-38.2517892649625,-12.8239506408094],[-38.2514323447269,-12.8248786314436],[-38.253895087788,-12.827912444004],[-38.2533954010768,-12.8286619740708],[-38.2527886383849,-12.8279481362974],[-38.2522889507744,-12.8280909027729],[-38.251253885958,-12.8265918426394],[-38.2503972799105,-12.8262706155964],[-38.2508612752276,-12.8251284738999],[-38.2502902039297,-12.824236175559],[-38.2479916446986,-12.8279624121355],[-38.2485270237032,-12.8291402452261],[-38.2493122460632,-12.8280694881164],[-38.2513466852013,-12.8288547095771],[-38.2522032912488,-12.8298540838988],[-38.2519534469939,-12.8317457547627],[-38.2543091140743,-12.8322097500799],[-38.2550229518477,-12.8316029882872],[-38.2548088007855,-12.8302466946292],[-38.2554512548714,-12.8291045538321],[-38.2557367896211,-12.8292830126009],[-38.2552727961026,-12.8314602200131],[-38.2557367896211,-12.8324239020414],[-38.2546660334107,-12.8337088111127],[-38.2546660334107,-12.8342441892179],[-38.2537380427764,-12.8346724922417],[-38.2540949621128,-12.8353506386211],[-38.2558795578952,-12.8348152596165],[-38.2568075476302,-12.8350651029721],[-38.2572358506539,-12.8337445034061],[-38.2589133713549,-12.8331734321081],[-38.2593773657727,-12.832388209748],[-38.2565220128806,-12.8302110032352],[-38.2565577042746,-12.8294257808751],[-38.2603410469018,-12.8307820736338],[-38.2604909539943,-12.8315458813373],[-38.2600269586771,-12.8321883354233],[-38.2623826248582,-12.8341513899746],[-38.2618115535603,-12.8347224612725],[-38.2619900141278,-12.8350436883155],[-38.2607764887439,-12.8356147587141],[-38.2606694127632,-12.8363285973868],[-38.2613475591425,-12.8371852034343],[-38.2603481857201,-12.83743504679],[-38.260169726052,-12.8385414961931],[-38.2613832514359,-12.8392910262598],[-38.2613832514359,-12.8402190159948],[-38.2606694127632,-12.8410756220423],[-38.2623826248582,-12.8423248388202],[-38.2635247656554,-12.8418608444024],[-38.2633463068865,-12.8426103735698],[-38.2640958369533,-12.8426103735698],[-38.2643456803088,-12.8417180761283],[-38.2649881352942,-12.8416110010468],[-38.2649167507074,-12.8406116267252],[-38.2677721035997,-12.8383987279189],[-38.2694139320073,-12.8387556472553],[-38.2705560737038,-12.8366498244298],[-38.2711628363957,-12.837470738184],[-38.2726975879233,-12.8356504510075],[-38.2746249519799,-12.8384701116063],[-38.27541017434,-12.8381845768567],[-38.2760169370319,-12.8390054906109],[-38.2765880074306,-12.8386842635679],[-38.2785867542752,-12.8389341069234],[-38.2791578246738,-12.8384344202122],[-38.2789793659049,-12.8373636631025],[-38.2794076689287,-12.8360073703438],[-38.2781977129541,-12.8358074951198],[-38.2771269549449,-12.836628408874],[-38.2759491218545,-12.8357361114324],[-38.276127582422,-12.8340585907313],[-38.2756992793982,-12.8337016722943],[-38.2751282081003,-12.8338801319625],[-38.2754137428499,-12.8343084349862],[-38.2747355973699,-12.8347010457167],[-38.2739146827164,-12.8337016722943],[-38.2747355973699,-12.8329164499342],[-38.2750568244129,-12.8335589049195],[-38.275877738167,-12.8327379911653],[-38.276127582422,-12.8329521422276],[-38.2766986519212,-12.8325595305978],[-38.2769484961761,-12.8316672331562],[-38.2772340309257,-12.8319527679059],[-38.2783404803288,-12.8306678588346],[-38.278518939997,-12.8310961618583],[-38.2794826220253,-12.8307749348153],[-38.2793755460445,-12.8303466317916],[-38.2798038490683,-12.830061097042],[-38.2800180001305,-12.8304180163783],[-38.2817669036196,-12.8293115669752],[-38.2829090453162,-12.8307392434213],[-38.284408106349,-12.8310247790703],[-38.2846579488053,-12.8305607837531],[-38.2836228839889,-12.8298826373738],[-38.2840511870126,-12.8279909656105],[-38.2827662779413,-12.8278481982357],[-38.2817312122256,-12.8268488248134],[-38.2818382882064,-12.8262777544148],[-38.2806247628225,-12.8256709908236],[-38.2797324653809,-12.8275983548802],[-38.2763774248782,-12.8289189562448],[-38.2724156216835,-12.829133107307],[-38.2716304002228,-12.8296684863116],[-38.2723799302895,-12.8303109403975],[-38.2715947079294,-12.8317386168437],[-38.2733793037119,-12.8316315408629],[-38.2728082333133,-12.8328450662468],[-38.2709165624494,-12.83209553618],[-38.2720943946405,-12.8344512023611],[-38.2704882594256,-12.8356290363509],[-38.2697030370655,-12.8348795053848],[-38.27023841607,-12.8345939697359],[-38.270559643113,-12.8349508890722],[-38.2704882594256,-12.8343084349862],[-38.2709522538434,-12.8340228993373],[-38.271237788593,-12.8344512023611],[-38.2714912022571,-12.8339086854375],[-38.2707416721903,-12.8325523926787],[-38.2701706008925,-12.8336588420818],[-38.2690284600953,-12.8336945343752],[-38.2686001570716,-12.834122837399],[-38.2693139948449,-12.8352292859028],[-38.2690284600953,-12.8354791301577],[-38.2683503128167,-12.8343726798552],[-38.2639923303817,-12.8351793177712],[-38.2633498762957,-12.8348223984349],[-38.2636711033387,-12.8329307266716],[-38.2645990930736,-12.8341799443489],[-38.265423576237,-12.8345511404227],[-38.2655306522178,-12.83383730175],[-38.2670654037453,-12.8340871451056],[-38.2667084853083,-12.8337302257693],[-38.2670297123513,-12.8334089987263],[-38.2678149347114,-12.8340514528123],[-38.2684930810908,-12.8336588420818],[-38.2684930810908,-12.8323739330106],[-38.2694924554124,-12.8323025493232],[-38.2700635249117,-12.8315530192564],[-38.2694924554124,-12.8305893372281],[-38.2690641523887,-12.8313388672949],[-38.2684216974034,-12.8313388672949],[-38.2692426111576,-12.8300896496176],[-38.2679933943797,-12.8290188934072],[-38.2678506261055,-12.8295185801183],[-38.266994020058,-12.8292687358634],[-38.2661374140104,-12.8312674836075],[-38.264781122151,-12.8308034891896],[-38.2639245161035,-12.8317671703186],[-38.2636032890605,-12.8316600952372],[-38.2647097375643,-12.8297684225746],[-38.2645312778961,-12.8293401195508],[-38.2637460564353,-12.8293758118442],[-38.2625325310514,-12.8285905903834],[-38.2623183799892,-12.8275555237684],[-38.2634605207863,-12.8277696757299],[-38.2637817478293,-12.827162913038],[-38.2622469963018,-12.8267346100142],[-38.262139920321,-12.826199231909],[-38.2628537580944,-12.8260921559282],[-38.2648525058384,-12.8271272207446],[-38.2656377281986,-12.8260921559282],[-38.2644598942087,-12.8251641661932],[-38.2639602083968,-12.8253783181548],[-38.2621042280277,-12.8233438781174],[-38.2626039147388,-12.8225586557573],[-38.2633534448056,-12.8230226510745],[-38.2631036023493,-12.8234866463916],[-38.2651737328814,-12.8249857074244],[-38.2658161869674,-12.8238078734346],[-38.2664586419527,-12.8243789438332],[-38.2653165002562,-12.8253783181548],[-38.2659232629482,-12.8258423125726],[-38.2676721673366,-12.8245930957947],[-38.2671010960387,-12.8236651060598],[-38.2673152480003,-12.8232011107426],[-38.2652808088622,-12.8215949746283],[-38.2660660312223,-12.8196319191777],[-38.2642100508531,-12.8191322315672],[-38.2623183799892,-12.8198817634326],[-38.2616402327105,-12.8207740608742]],[[-38.2635997187519,-12.8210810111797],[-38.2630643406467,-12.8219733086212],[-38.2621363509118,-12.8215093142035],[-38.2623148096807,-12.8207597841367],[-38.2635997187519,-12.8210810111797]],[[-38.2598520684182,-12.8289903390329],[-38.260316062836,-12.8292401832878],[-38.2607443658598,-12.828811880264],[-38.2608871341339,-12.8290974150136],[-38.2602089868552,-12.8301324807294],[-38.2594594567885,-12.8296684863116],[-38.2595665327692,-12.8292758746818],[-38.2589954623706,-12.8293115669752],[-38.2588883872892,-12.828811880264],[-38.2591382297455,-12.8284192686343],[-38.259994835793,-12.8285263446151],[-38.2598520684182,-12.8289903390329]],[[-38.2636711033387,-12.8373208319908],[-38.2642778660306,-12.8376777522265],[-38.2641707900499,-12.8380346706635],[-38.2624575779548,-12.8372851405967],[-38.2636711033387,-12.8357860795639],[-38.2641350977565,-12.8361786911936],[-38.2636711033387,-12.8373208319908]]]}},{"type":"Feature","properties":{"id":"1158","municipality":"2927408","density":"Densa","type":"Área urbanizada","state":"BA"},"geometry":{"type":"Polygon","coordinates":[[[-38.6284771540974,-12.6828962199845],[-38.6279417759921,-12.6832888307149],[-38.629155301376,-12.6855374218145],[-38.6291196090826,-12.6873934012844],[-38.6296192957938,-12.68764324464],[-38.6298976926244,-12.6854232079146],[-38.6303402723857,-12.6848521366168],[-38.6298976926244,-12.6844523879673],[-38.6303259956481,-12.6841525746816],[-38.630154673899,-12.6837528260321],[-38.6294408361257,-12.6837813804064],[-38.6284771540974,-12.6828962199845]]]}},{"type":"Feature","properties":{"id":"1159","municipality":"2927408","density":"Densa","type":"Área urbanizada","state":"BA"},"geometry":{"type":"Polygon","coordinates":[[[-38.287320870162,-12.6983887923089],[-38.2872732807373,-12.7009348161888],[-38.2878443520352,-12.701148967251],[-38.289962071992,-12.6992929877811],[-38.2888437245582,-12.6982222297721],[-38.287320870162,-12.6983887923089]]]}},{"type":"Feature","properties":{"id":"1160","municipality":"2927408","density":"Densa","type":"Área urbanizada","state":"BA"},"geometry":{"type":"Polygon","coordinates":[[[-38.112345498446,-12.6755439987565],[-38.1104716728294,-12.6778639744428],[-38.1109475652779,-12.6787562718844],[-38.1086870770469,-12.6798865164495],[-38.1094604022757,-12.6808085571692],[-38.1103824429953,-12.6796188260479],[-38.1111557682241,-12.6801542050525],[-38.110055266937,-12.6816116247766],[-38.1117803761634,-12.6822362336153],[-38.1126726736049,-12.6839315995636],[-38.115052134948,-12.684318262178],[-38.1148141887238,-12.6847941537272],[-38.1168069883518,-12.6867572091778],[-38.1178777445622,-12.6850618432295],[-38.1174613386698,-12.6844669776688],[-38.117669541616,-12.6828013558978],[-38.1168069883518,-12.6820875172251],[-38.1157064870647,-12.6820875172251],[-38.1155280273965,-12.6817305978888],[-38.116331095004,-12.6810167601153],[-38.116331095004,-12.6797972857161],[-38.1154685408404,-12.6791429335995],[-38.1149034185579,-12.6791429335995],[-38.1138624047262,-12.6802434348866],[-38.1129701072846,-12.6795890827699],[-38.1152008513382,-12.676079377761],[-38.1142490673406,-12.6753952832657],[-38.112345498446,-12.6755439987565]]]}},{"type":"Feature","properties":{"id":"1162","municipality":"2927408","density":"Densa","type":"Área urbanizada","state":"BA"},"geometry":{"type":"Polygon","coordinates":[[[-38.1068953433454,-12.660629537623],[-38.1073593377632,-12.6617002947328],[-38.106859651052,-12.6620215226751],[-38.1076805648061,-12.66294951241],[-38.1086799391279,-12.6624855170929],[-38.1091796249397,-12.6629852038041],[-38.1092867009204,-12.663877502145],[-38.1080017918492,-12.6647697995865],[-38.1089297815841,-12.6660190172638],[-38.1108571447414,-12.6650196429421],[-38.1106073022851,-12.6629138201167],[-38.1108928370348,-12.6621999823433],[-38.1096793116509,-12.6614861436706],[-38.1090011661708,-12.6618430630069],[-38.1077162570995,-12.6604510779549],[-38.1068953433454,-12.660629537623]]]}},{"type":"Feature","properties":{"id":"1163","municipality":"2927408","density":"Densa","type":"Área urbanizada","state":"BA"},"geometry":{"type":"MultiPolygon","coordinates":[[[[-38.056836727433,-12.5849274541387],[-38.0586232486639,-12.5850634298334],[-38.0586232486639,-12.5844923594348],[-38.0570884971363,-12.5824222280034],[-38.05605343232,-12.5829576070079],[-38.0567672700934,-12.5838855967429],[-38.056836727433,-12.5849274541387]]],[[[-38.0394566912733,-12.5896319948206],[-38.0387753001399,-12.5896319948206],[-38.0389849635852,-12.5899228463622],[-38.040491756989,-12.5902387566133],[-38.04020622134,-12.5882400097686],[-38.0394923826673,-12.5885255463169],[-38.0393139229991,-12.5891680004029],[-38.0394566912733,-12.5896319948206]]],[[[-38.0381360899085,-12.5993758883865],[-38.0375650186107,-12.5992688124058],[-38.0372081001737,-12.5999469578858],[-38.037529328116,-12.600232494434],[-38.0372437915677,-12.6006607965585],[-38.0375650186107,-12.6013032506444],[-38.0379933216344,-12.6010177158948],[-38.0386000852257,-12.6015530948994],[-38.0382431658893,-12.6025524683217],[-38.0388142371873,-12.603194923307],[-38.0394566912733,-12.6026595443025],[-38.0389926959561,-12.6004466445969],[-38.0393544824234,-12.5995105429772],[-38.0389454275894,-12.5989591596375],[-38.0381360899085,-12.598840509382],[-38.0381360899085,-12.5993758883865]]],[[[-38.0341036728462,-12.5982227902495],[-38.0346747441441,-12.5980800228747],[-38.0354948880786,-12.5960922315712],[-38.0369582568181,-12.5969131462247],[-38.0365299537943,-12.5974842157239],[-38.0367441048565,-12.5981266707092],[-38.0353878129971,-12.5996257308428],[-38.0359231911024,-12.5998398828043],[-38.0376364031974,-12.5981623630026],[-38.0382788581827,-12.5980195947284],[-38.0387071612065,-12.5966633019698],[-38.0374579444285,-12.5960208478838],[-38.0373865598418,-12.5951999341296],[-38.0356376563527,-12.5956639294468],[-38.0334255273661,-12.5946535986846],[-38.0326759972994,-12.594760673766],[-38.0325332290253,-12.5954031287514],[-38.0341036728462,-12.5982227902495]]],[[[-38.0463452310475,-12.5999469578858],[-38.0486652049352,-12.5995543471554],[-38.0490221242716,-12.6000540338665],[-38.0483439778922,-12.6001968021407],[-38.0483439778922,-12.6014103266252],[-38.0491292002524,-12.6024097009469],[-38.0494810950764,-12.601550549818],[-38.0503851349659,-12.6025415118812],[-38.0508848216771,-12.6025772041746],[-38.0522508289126,-12.6043334982923],[-38.0518060943757,-12.6048367508154],[-38.0526270081299,-12.6058004319443],[-38.0540546836767,-12.6048010594213],[-38.0536263806529,-12.6044084477916],[-38.0544829867004,-12.6036589177248],[-38.053769148927,-12.6020884730046],[-38.0533747152709,-12.6023386023446],[-38.0519470837908,-12.6010961367773],[-38.0524689109115,-12.600714084987],[-38.0511636393904,-12.5997684991169],[-38.0510208711163,-12.5989475853628],[-38.0485224366611,-12.596520534595],[-38.048380992189,-12.5950328050199],[-38.0464523061289,-12.5975199080173],[-38.0464879984223,-12.5985906660264],[-38.0455957000814,-12.5990189690501],[-38.0463452310475,-12.5999469578858]]],[[[-38.0497716543383,-12.587633247976],[-38.0489864319782,-12.5887396973791],[-38.0475587564314,-12.5891323081095],[-38.0474516795513,-12.5865981822603],[-38.0467378417779,-12.585670191626],[-38.046131079086,-12.5858843435876],[-38.0463452310475,-12.5865624899669],[-38.0446677112458,-12.5862412629239],[-38.0441323322413,-12.5878117067448],[-38.0455957000814,-12.5894535351525],[-38.0454474783184,-12.5901896626228],[-38.0445257127914,-12.5896567306735],[-38.0430623440519,-12.5898351903417],[-38.0431337277393,-12.5904062607403],[-38.0444900213974,-12.5904419530336],[-38.0447755561469,-12.5918339371864],[-38.0433835710949,-12.5929046951955],[-38.0437754129049,-12.5935224143279],[-38.0434541849626,-12.5938436413709],[-38.0426689626025,-12.5934867220345],[-38.042811569898,-12.5946846189999],[-38.0423477355595,-12.5948787061873],[-38.0414554381179,-12.5947002474184],[-38.040491756989,-12.5931298026982],[-38.0390997719369,-12.5930227267175],[-38.0388142371873,-12.5925230400062],[-38.037850555159,-12.5926658082804],[-38.037279483861,-12.5919876610017],[-38.0380290139278,-12.5914522828965],[-38.0379576311397,-12.5908812115986],[-38.0369939491114,-12.5907741356178],[-38.0363514941261,-12.5930227267175],[-38.0380647062212,-12.5938436413709],[-38.0391354642302,-12.5936294894094],[-38.0395994586481,-12.5945217868509],[-38.0393139229991,-12.5955568525666],[-38.0382431658893,-12.5956282371534],[-38.0397779183162,-12.5966633019698],[-38.039246469349,-12.5986473781739],[-38.0396680688262,-12.5989879001714],[-38.0402776050274,-12.5974842157239],[-38.0414197458245,-12.5972343732677],[-38.0407772917386,-12.5967703779505],[-38.041276979349,-12.5961279229653],[-38.0420265094158,-12.5973771397432],[-38.0424191201462,-12.5969845290127],[-38.0425618884204,-12.5972343732677],[-38.0418123565549,-12.5983765140648],[-38.0426689626025,-12.5986620488145],[-38.0430615742322,-12.5982337457907],[-38.0424548124396,-12.5979482110411],[-38.0439210733988,-12.5968690812431],[-38.0444892506783,-12.5973771397432],[-38.0443107910102,-12.5955568525666],[-38.0447034026399,-12.5951999341296],[-38.0454172413126,-12.5960208478838],[-38.0477484378401,-12.5942275592544],[-38.047844291181,-12.5937722567842],[-38.0465236898164,-12.593272570073],[-38.0468806091528,-12.5929156507366],[-38.0482012096181,-12.5933439537605],[-38.0483439778922,-12.5928799593426],[-38.0500571899873,-12.5924516563188],[-38.0501642659681,-12.5919519687083],[-38.0513420990586,-12.5917021262521],[-38.0523057801876,-12.5926658082804],[-38.0538405326144,-12.5929870353234],[-38.0536977652396,-12.593593797116],[-38.0553752850414,-12.5948787061873],[-38.0557678957717,-12.5944860945576],[-38.0567672700934,-12.5949857821681],[-38.0581235628521,-12.5942362521013],[-38.0585875572699,-12.5935224143279],[-38.0601223096968,-12.593272570073],[-38.0596226229856,-12.5905599845556],[-38.0584447898951,-12.5908455202045],[-38.0583734062077,-12.5895606111333],[-38.0576595684343,-12.5892750763836],[-38.0559463563392,-12.5896319948206],[-38.0555537447095,-12.5902744489067],[-38.0538405326144,-12.5909525961853],[-38.0531980776291,-12.5919519687083],[-38.0523057801876,-12.5912381309349],[-38.0510922548037,-12.5910953626608],[-38.0511636393904,-12.5905242931615],[-38.0527340832113,-12.5907027519304],[-38.0542331442442,-12.5902387566133],[-38.0545900626812,-12.5895963034266],[-38.0536977652396,-12.5889538493406],[-38.0538762249078,-12.5885969291049],[-38.054375911619,-12.5889895398353],[-38.0545900626812,-12.5887040050857],[-38.0544472953064,-12.5880972432931],[-38.0549469820176,-12.5875261719952],[-38.054697138662,-12.5869907929907],[-38.055130893376,-12.5864323382817],[-38.0548829134157,-12.5860131327998],[-38.0520202454379,-12.5854560405638],[-38.0518060943757,-12.5858843435876],[-38.0519131685579,-12.5865267976735],[-38.052377163875,-12.586705258241],[-38.0523057801876,-12.587347712327],[-38.0497716543383,-12.587633247976]]]]}},{"type":"Feature","properties":{"id":"1164","municipality":"2927408","density":"Densa","type":"Área urbanizada","state":"BA"},"geometry":{"type":"Polygon","coordinates":[[[-38.6322763697586,-12.7367994061676],[-38.6329997268559,-12.7373514406165],[-38.6333042975552,-12.7386077962128],[-38.6335707972544,-12.7390265817114],[-38.6342751184019,-12.738874295912],[-38.6351507586005,-12.7379415469648],[-38.6355124371492,-12.73584762217],[-38.6365403649459,-12.7347245164232],[-38.6358931507482,-12.7317739837823],[-38.6362548292969,-12.7302511293861],[-38.6360073646481,-12.7294897021879],[-38.6364642220462,-12.7284237033912],[-38.6360264005979,-12.7284427393409],[-38.636064471598,-12.7277384190927],[-38.6335327262543,-12.7293754882881],[-38.6335707972544,-12.7305176290853],[-38.6341609036028,-12.7292422384385],[-38.6351697945503,-12.72876634599],[-38.6358170078486,-12.7302130583859],[-38.6349984737005,-12.7305557000855],[-38.635474366149,-12.7317739837823],[-38.6352649733998,-12.7322498771301],[-38.6359312226477,-12.7330874472279],[-38.6357218298985,-12.7340582671753],[-38.6360835084471,-12.734895837273],[-38.6350936516507,-12.7356953363706],[-38.6349413667506,-12.7378273330649],[-38.6342560815529,-12.7384174403126],[-38.6324857634072,-12.7363425496689],[-38.6327712981568,-12.7354098007217],[-38.6319717990592,-12.7351433010225],[-38.6322763697586,-12.7367994061676]]]}},{"type":"Feature","properties":{"id":"1165","municipality":"2927408","density":"Densa","type":"Área urbanizada","state":"BA"},"geometry":{"type":"Polygon","coordinates":[[[-38.3648093633614,-12.830656857428],[-38.3639884487079,-12.8302642457983],[-38.3617398576083,-12.8315491539702],[-38.3623109289062,-12.8320131492874],[-38.3638456813331,-12.8315491539702],[-38.3633103032279,-12.8323700686237],[-38.3638813727271,-12.8326556042726],[-38.3639884487079,-12.8332266737719],[-38.3629533829922,-12.8352611138093],[-38.3625250799684,-12.8375097040096],[-38.3620253941565,-12.8373669366348],[-38.3615970911328,-12.8379380070334],[-38.3619183181758,-12.8385804620187],[-38.3633459937226,-12.8391158401239],[-38.3658110012767,-12.8386441636972],[-38.3669093648753,-12.8419814992468],[-38.3690508799941,-12.8423146243204],[-38.3723821253348,-12.8415056067982],[-38.3720490002611,-12.8404586439512],[-38.3737146229315,-12.8399351629773],[-38.3714123665874,-12.8352254224153],[-38.3715551348615,-12.8345472751366],[-38.3707342211074,-12.8344402000552],[-38.3699133073532,-12.8352611138093],[-38.3682714789455,-12.8359392601886],[-38.3694136197427,-12.8333337497527],[-38.3689139330315,-12.8331552909838],[-38.3682714789455,-12.8340118970314],[-38.3684499377144,-12.8318703819126],[-38.3664511908697,-12.8308710075909],[-38.3671650286431,-12.8296931753997],[-38.3667010342253,-12.8290507204144],[-38.365701660803,-12.8292291800826],[-38.3654518174474,-12.8302285544043],[-38.3648093633614,-12.830656857428]]]}},{"type":"Feature","properties":{"id":"1166","municipality":"2931350","density":"Densa","type":"Área urbanizada","state":"BA"},"geometry":{"type":"Polygon","coordinates":[[[-39.652700054,-17.489530144],[-39.65139135,-17.489381428],[-39.6509154579999,-17.490928078],[-39.652224162,-17.491284997],[-39.65302723,-17.491076794],[-39.6542467039999,-17.489411171],[-39.6530569729999,-17.4887568199999],[-39.652700054,-17.489530144]]]}},{"type":"Feature","properties":{"id":"1167","municipality":"2931350","density":"Densa","type":"Área urbanizada","state":"BA"},"geometry":{"type":"Polygon","coordinates":[[[-39.8493184929999,-17.515308846],[-39.849864579,-17.510811665],[-39.846074098,-17.506699956],[-39.84456433,-17.5080169879999],[-39.844660698,-17.509173406],[-39.8463632019999,-17.5106189279999],[-39.8470377799999,-17.514473655],[-39.8493184929999,-17.515308846]]]}},{"type":"Feature","properties":{"id":"1168","municipality":"2931350","density":"Densa","type":"Área urbanizada","state":"BA"},"geometry":{"type":"Polygon","coordinates":[[[-39.696161848,-17.346747207],[-39.696304616,-17.347603813],[-39.695114885,-17.348079705],[-39.6982557739999,-17.350649523],[-39.7001117529999,-17.353552465],[-39.701824965,-17.3541711249999],[-39.701824965,-17.3530289839999],[-39.7026339819999,-17.351744075],[-39.703490588,-17.3512205939999],[-39.703442999,-17.350697112],[-39.701491841,-17.348745954],[-39.7011111269999,-17.346889975],[-39.700349699,-17.347365867],[-39.7003021099999,-17.348032116],[-39.6988744339999,-17.3479845269999],[-39.69787506,-17.346128547],[-39.696161848,-17.346747207]]]}},{"type":"Feature","properties":{"id":"1169","municipality":"2931350","density":"Densa","type":"Área urbanizada","state":"BA"},"geometry":{"type":"Polygon","coordinates":[[[-39.968498913,-17.311362388],[-39.969141368,-17.3121975789999],[-39.968820141,-17.312550928],[-39.9702656629999,-17.313771592],[-39.9716148169999,-17.3134503649999],[-39.9735100579999,-17.3112981419999],[-39.9702656629999,-17.309981111],[-39.968498913,-17.311362388]]]}},{"type":"Feature","properties":{"id":"1170","municipality":"2931350","density":"Densa","type":"Outros equipamentos urbanos","state":"BA"},"geometry":{"type":"Polygon","coordinates":[[[-39.7439117609999,-17.596388444],[-39.7443876529999,-17.5950083569999],[-39.745458411,-17.5950559459999],[-39.745624973,-17.594270724],[-39.7470288549999,-17.5930571989999],[-39.744863546,-17.5906063539999],[-39.7465529629999,-17.589535597],[-39.7451252859999,-17.587156136],[-39.744173502,-17.587608233],[-39.7439117609999,-17.587108546],[-39.742722031,-17.587584439],[-39.7424602899999,-17.587251314],[-39.743531047,-17.586751627],[-39.7434120739999,-17.5862281459999],[-39.7429361819999,-17.5853953339999],[-39.742222344,-17.585823637],[-39.7417702459999,-17.5850622099999],[-39.742055782,-17.5842769879999],[-39.740889846,-17.58413422],[-39.740271186,-17.582992079],[-39.739866677,-17.5833014089999],[-39.740699489,-17.585514307],[-39.7401522129999,-17.586894395],[-39.740770873,-17.5877034119999],[-39.7416750679999,-17.587441671],[-39.742365112,-17.588084125],[-39.7422937279999,-17.5886314009999],[-39.7401998019999,-17.5892976499999],[-39.739271812,-17.5888217579999],[-39.737606189,-17.5907967109999],[-39.7366782,-17.5901304619999],[-39.733989409,-17.592200593],[-39.7378679299999,-17.595246303],[-39.7439117609999,-17.596388444]]]}},{"type":"Feature","properties":{"id":"1171","municipality":"2931350","density":"Densa","type":"Outros equipamentos urbanos","state":"BA"},"geometry":{"type":"Polygon","coordinates":[[[-39.719808594,-17.5181641989999],[-39.719059064,-17.5190921889999],[-39.719523059,-17.5206983249999],[-39.7203439729999,-17.521198012],[-39.720950736,-17.5208410929999],[-39.7203796649999,-17.518235583],[-39.719808594,-17.5181641989999]]]}},{"type":"Feature","properties":{"id":"1172","municipality":"2931350","density":"Densa","type":"Área urbanizada","state":"BA"},"geometry":{"type":"Polygon","coordinates":[[[-39.725019614,-17.5174146689999],[-39.7236633209999,-17.5210195519999],[-39.724091624,-17.521590623],[-39.727589432,-17.519413416],[-39.728517422,-17.519270648],[-39.7313727749999,-17.520270022],[-39.730944472,-17.5208767849999],[-39.731194315,-17.5214835469999],[-39.7297666389999,-17.521697699],[-39.7300878659999,-17.5224829209999],[-39.7298737149999,-17.524481668],[-39.7291241839999,-17.525231198],[-39.7299807899999,-17.526409031],[-39.733219854,-17.523994423],[-39.7339425929999,-17.524874279],[-39.7335142899999,-17.525124123],[-39.7333001379999,-17.5263019559999],[-39.734121052,-17.527515481],[-39.733621366,-17.529193001],[-39.733871209,-17.529656996],[-39.735513037,-17.5294785359999],[-39.736405335,-17.530085299],[-39.735263194,-17.5311203639999],[-39.7351918099999,-17.531869894],[-39.735977032,-17.533476031],[-39.735263194,-17.533975717],[-39.732086613,-17.53047791],[-39.7325506079999,-17.527301329],[-39.731622618,-17.527229946],[-39.73108724,-17.528729006],[-39.7304090929999,-17.528764698],[-39.7300164819999,-17.529300077],[-39.7308017039999,-17.530941905],[-39.7305161689999,-17.532869268],[-39.730052174,-17.533761566],[-39.7283746539999,-17.534118485],[-39.728196195,-17.534975091],[-39.7254122249999,-17.534261253],[-39.7243057759999,-17.531477283],[-39.723235018,-17.531512975],[-39.722735332,-17.532833576],[-39.721950109,-17.5331904949999],[-39.7201298219999,-17.532476657],[-39.7206295089999,-17.531691435],[-39.7204867409999,-17.530906213],[-39.719273216,-17.5302637579999],[-39.718523686,-17.5303708339999],[-39.717845539,-17.5311560559999],[-39.713455434,-17.528157935],[-39.7128843629999,-17.5287290059999],[-39.711313919,-17.527158562],[-39.711523406,-17.5261126799999],[-39.7107745659999,-17.524700582],[-39.7122419079999,-17.524089057],[-39.7116034419999,-17.521567092],[-39.714765422,-17.521026583],[-39.7144977329999,-17.5197178789999],[-39.712891596,-17.5198071089999],[-39.7121182719999,-17.518855324],[-39.709422247,-17.5190564969999],[-39.7097077829999,-17.52116232],[-39.7061742829999,-17.521840466],[-39.7062813589999,-17.522268769],[-39.70481799,-17.5225186129999],[-39.7042826109999,-17.5232324509999],[-39.7045324549999,-17.5236607539999],[-39.703283238,-17.523696446],[-39.702783551,-17.521947542],[-39.6971799199999,-17.521804774],[-39.6996783539999,-17.529835455],[-39.6997140459999,-17.531512975],[-39.700213733,-17.532262506],[-39.701891253,-17.531941278],[-39.7017484849999,-17.530620677],[-39.7058887479999,-17.5297640709999],[-39.705817364,-17.528657622],[-39.708886868,-17.527943784],[-39.709636399,-17.530085299],[-39.70649551,-17.5309775969999],[-39.7066382779999,-17.5316557429999],[-39.708137338,-17.532797884],[-39.7089582519999,-17.535010783],[-39.707352116,-17.535760313],[-39.7079588789999,-17.5387584339999],[-39.7073164239999,-17.538936894],[-39.707780419,-17.540864257],[-39.7071736569999,-17.5410070249999],[-39.707744727,-17.54297008],[-39.708993944,-17.5426845449999],[-39.7094579389999,-17.544933135],[-39.705960131,-17.547146034],[-39.7069238129999,-17.551964443],[-39.707673343,-17.55135768],[-39.708744101,-17.548859246],[-39.7092794799999,-17.548538019],[-39.7097077829999,-17.545646974],[-39.710885616,-17.54893063],[-39.711456686,-17.5492875489999],[-39.7121348329999,-17.548823554],[-39.713740969,-17.548680786],[-39.7127415949999,-17.546824807],[-39.714740343,-17.5462537359999],[-39.714597575,-17.545789741],[-39.715668332,-17.54539713],[-39.714704651,-17.5439337619999],[-39.7156683319999,-17.543862378],[-39.7169532409999,-17.545611282],[-39.718131074,-17.54539713],[-39.7182381499999,-17.546039585],[-39.716096635,-17.546824807],[-39.7158110999999,-17.549251857],[-39.715382797,-17.5495373919999],[-39.7156683319999,-17.550108463],[-39.7141335799999,-17.55060815],[-39.714454807,-17.5518216749999],[-39.7157040239999,-17.551643215],[-39.716774782,-17.553534887],[-39.7174529279999,-17.553677655],[-39.717988307,-17.554391493],[-39.7184523019999,-17.554284417],[-39.71841661,-17.553677655],[-39.7209222769999,-17.553982117],[-39.7207735609999,-17.554874415],[-39.7215468859999,-17.554785186],[-39.722260724,-17.5560046589999],[-39.721427913,-17.55865181],[-39.7217550889999,-17.559008729],[-39.7239322959999,-17.5567898809999],[-39.7283746539999,-17.5573539219999],[-39.7311229319999,-17.554391493],[-39.7316583099999,-17.5546056439999],[-39.732336457,-17.5539274979999],[-39.7328004519999,-17.554141649],[-39.733621366,-17.5532136599999],[-39.732621992,-17.5524284379999],[-39.733728441,-17.551250604],[-39.7350847339999,-17.551643215],[-39.736155492,-17.5526425889999],[-39.7345493549999,-17.5539631899999],[-39.735977032,-17.555033947],[-39.7352275019999,-17.555961937],[-39.739439148,-17.558960058],[-39.737690244,-17.566276901],[-39.7425443439999,-17.5654916779999],[-39.742615728,-17.566241209],[-39.7445430919999,-17.565812906],[-39.7443646319999,-17.564849224],[-39.7483978179999,-17.563778467],[-39.7443289399999,-17.559459745],[-39.743650794,-17.5594240529999],[-39.743650794,-17.558317604],[-39.7443646319999,-17.558174836],[-39.7445430919999,-17.5574609979999],[-39.7460064599999,-17.5573539219999],[-39.7466132229999,-17.556782851],[-39.7467559899999,-17.5554979419999],[-39.7476482879999,-17.555533634],[-39.7478624399999,-17.556782851],[-39.7472556769999,-17.55917421],[-39.747576904,-17.5598880479999],[-39.749718419,-17.561244341],[-39.7505750249999,-17.56327878],[-39.754758118,-17.562015286],[-39.7543084,-17.56111585],[-39.756524868,-17.5605376409999],[-39.755721799,-17.558064191],[-39.7562357629999,-17.557871455],[-39.7561072719999,-17.5572611229999],[-39.757874022,-17.556650791],[-39.7589019489999,-17.554145219],[-39.756332131,-17.5524427139999],[-39.754886609,-17.552892432],[-39.753537454,-17.5509329459999],[-39.755914536,-17.5499050189999],[-39.755818168,-17.550868701],[-39.7563642539999,-17.5509971919999],[-39.7578097759999,-17.550772333],[-39.7584201079999,-17.5499050189999],[-39.7599454379999,-17.550710359],[-39.760956709,-17.5497585739999],[-39.762384385,-17.5494016549999],[-39.762235669,-17.548955506],[-39.7594159129999,-17.54932681],[-39.7596728939999,-17.547945533],[-39.758869826,-17.545921801],[-39.760026244,-17.5449259969999],[-39.7598977539999,-17.544540524],[-39.761439644,-17.543641088],[-39.762306958,-17.542356179],[-39.763784603,-17.542452547],[-39.7638488489999,-17.543030756],[-39.764427058,-17.543351984],[-39.768603012,-17.5431913699999],[-39.7682140649999,-17.540954568],[-39.765834604,-17.5411330279999],[-39.7648767759999,-17.540557307],[-39.7663865439999,-17.539914852],[-39.7664186659999,-17.538662066],[-39.765615598,-17.538180225],[-39.7648767759999,-17.538276593],[-39.763174271,-17.5397542389999],[-39.762339081,-17.5381159799999],[-39.7645876709999,-17.5369595619999],[-39.7642664439999,-17.536541966],[-39.762596062,-17.5371201749999],[-39.762756676,-17.535931634],[-39.763913094,-17.5351928119999],[-39.7637524799999,-17.534743094],[-39.767028998,-17.532333889],[-39.7691490979999,-17.536798948],[-39.766868385,-17.537891121],[-39.768410275,-17.5401397109999],[-39.7727468429999,-17.538148102],[-39.773164438,-17.538565698],[-39.774063875,-17.5378589979999],[-39.774160243,-17.5369595619999],[-39.773292929,-17.5368631929999],[-39.773614156,-17.535000075],[-39.772939579,-17.535000075],[-39.7726183519999,-17.534293376],[-39.774192366,-17.5335224299999],[-39.7735177879999,-17.53069563],[-39.7723292479999,-17.531081103],[-39.771686793,-17.529217985],[-39.7711085839999,-17.529089494],[-39.769502448,-17.529796194],[-39.7685708889999,-17.531241717],[-39.7680248029999,-17.530952612],[-39.7665150349999,-17.528414917],[-39.767886889,-17.5277188169999],[-39.7676952429999,-17.52717977],[-39.765968948,-17.5274833579999],[-39.7648767759999,-17.526037836],[-39.7641058299999,-17.526519676],[-39.7618251169999,-17.52420684],[-39.761246908,-17.5245601899999],[-39.7601868579999,-17.524110472],[-39.7600583669999,-17.524367454],[-39.759223176,-17.5237571219999],[-39.7582594949999,-17.5244316989999],[-39.757874022,-17.5241425949999],[-39.75655699,-17.5248171719999],[-39.7540835409999,-17.527162131],[-39.753826559,-17.526969395],[-39.752862877,-17.527579726],[-39.751867073,-17.527419113],[-39.751899195,-17.528414917],[-39.7513209859999,-17.5285755309999],[-39.750485796,-17.5273548669999],[-39.7488475369999,-17.5273548669999],[-39.747819609,-17.527868831],[-39.74830145,-17.5307598759999],[-39.748976028,-17.5314986989999],[-39.7488796589999,-17.5323981349999],[-39.748429941,-17.532494503],[-39.747466259,-17.530599262],[-39.746438332,-17.529571335],[-39.7435472869999,-17.530149544],[-39.742583606,-17.527579726],[-39.7447037049999,-17.5279330759999],[-39.7455067729999,-17.52350014],[-39.746438332,-17.523178913],[-39.7452176689999,-17.5208660769999],[-39.734619594,-17.522413973],[-39.7319081539999,-17.52041279],[-39.733871209,-17.519413416],[-39.732836144,-17.5172005169999],[-39.731479851,-17.517664512],[-39.731943846,-17.519627568],[-39.7293383359999,-17.51798574],[-39.727910659,-17.517771588],[-39.727268205,-17.5170577499999],[-39.726482983,-17.5174503609999],[-39.725019614,-17.5174146689999]]]}},{"type":"Feature","properties":{"id":"1173","municipality":"2931350","density":"Densa","type":"Outros equipamentos urbanos","state":"BA"},"geometry":{"type":"Polygon","coordinates":[[[-39.6715870259999,-17.5224202439999],[-39.662039438,-17.523044853],[-39.662039438,-17.523699205],[-39.660790221,-17.523758691],[-39.660790221,-17.52557303],[-39.676108002,-17.525275597],[-39.676137745,-17.523580231],[-39.674710068,-17.523580231],[-39.674293663,-17.5216766629999],[-39.6715870259999,-17.5224202439999]]]}},{"type":"Feature","properties":{"id":"1174","municipality":"2933307","density":"Densa","type":"Área urbanizada","state":"BA"},"geometry":{"type":"Polygon","coordinates":[[[-41.0071455963921,-15.2397824631901],[-41.0067172933684,-15.2397110786034],[-41.0062889903446,-15.238747396575],[-41.0047899302111,-15.2403178412953],[-41.0031481018034,-15.2398895382715],[-41.003076718116,-15.2393898515604],[-41.0025770314048,-15.2393898515604],[-41.0025770314048,-15.2401036902331],[-41.0021130360877,-15.2401393816271],[-41.0028625670538,-15.2420310533904],[-41.0075025157285,-15.241674134054],[-41.0071455963921,-15.2397824631901]]]}},{"type":"Feature","properties":{"id":"1175","municipality":"2933307","density":"Densa","type":"Área urbanizada","state":"BA"},"geometry":{"type":"Polygon","coordinates":[[[-40.8725573856148,-14.831619895142],[-40.8719625209536,-14.8317150730921],[-40.8715580121924,-14.8336186419867],[-40.8707252013069,-14.8336186419867],[-40.87067285267,-14.8331665438009],[-40.8695307118728,-14.8334044909245],[-40.8695657566543,-14.8345982348207],[-40.8682758392586,-14.8346944982525],[-40.8683948123706,-14.8357890496249],[-40.8676809736979,-14.8358604333123],[-40.8675857948485,-14.8363839151855],[-40.8682996344206,-14.8368360115726],[-40.8683234277839,-14.8379305647437],[-40.8675382063231,-14.8380733321185],[-40.8676809736979,-14.8386681967798],[-40.8695783012975,-14.8387047641135],[-40.8695783012975,-14.8391389918709],[-40.8680792402647,-14.8397100622695],[-40.8682933922262,-14.8407332299545],[-40.8694831224481,-14.8408759982287],[-40.8688882568875,-14.8415898360021],[-40.8684599538638,-14.8435172000587],[-40.8676271429782,-14.8438265299703],[-40.8667705369307,-14.8438265299703],[-40.8667467417687,-14.8432554586724],[-40.8663422339069,-14.8433030480971],[-40.8663184387449,-14.8437551462829],[-40.8647955843487,-14.8434220212093],[-40.8650097363102,-14.8430651018729],[-40.8641055399387,-14.841875371651],[-40.8630347828289,-14.8425654151618],[-40.8619878199819,-14.8422560861494],[-40.8619640257191,-14.8432554586724],[-40.8614881332707,-14.8433030480971],[-40.8614167486839,-14.8424464420496],[-40.8600842510873,-14.8425416208991],[-40.8593704133139,-14.8419467562378],[-40.8585138072664,-14.8419943447632],[-40.8583948341543,-14.8413994801019],[-40.8576096117941,-14.8410663550282],[-40.8579665311304,-14.8405904625797],[-40.859489386426,-14.840471490367],[-40.861440543846,-14.8409711770781],[-40.8613156217185,-14.8396148843194],[-40.8585227303397,-14.83292265036],[-40.8597362548243,-14.8323158867687],[-40.8583085792775,-14.8306383669671],[-40.8565953671824,-14.8322445030813],[-40.8551676898369,-14.8344930941809],[-40.8559886035911,-14.8364204573382],[-40.8556673774474,-14.8367416852805],[-40.8558101448223,-14.8390616591682],[-40.8543824683762,-14.839168735149],[-40.8540255490398,-14.8403108759461],[-40.8516341896661,-14.8410960983062],[-40.8491357561102,-14.8417028609982],[-40.8483505337501,-14.840560720201],[-40.8505991248497,-14.8373127547798],[-40.8503492805948,-14.8360635380018],[-40.8485289943176,-14.83624199767],[-40.8484219183368,-14.8358136946462],[-40.8503492805948,-14.8355995426847],[-40.8500994381385,-14.8337792564075],[-40.8471013169721,-14.8338863305896],[-40.8460662521558,-14.8342432508253],[-40.846316094612,-14.8374912153473],[-40.8473511612271,-14.8374555230539],[-40.8471727006595,-14.8381336694333],[-40.8454951808579,-14.8385262801637],[-40.8454594885645,-14.838918890894],[-40.8435321263065,-14.8388832003993],[-40.842354293216,-14.8380265943518],[-40.8399940153115,-14.834901476322],[-40.8375493279391,-14.835231441178],[-40.8384059339866,-14.8366948090182],[-40.8379776309629,-14.8369089609797],[-40.8392268477408,-14.8388006318436],[-40.8389056206978,-14.8400855409149],[-40.8395837670772,-14.8418344453033],[-40.8392374597409,-14.8429341363013],[-40.8380189206366,-14.8434517842724],[-40.8376617566847,-14.8413725921714],[-40.8357343944267,-14.8393738444273],[-40.8351633231288,-14.8362686481795],[-40.8347707123984,-14.8353406584446],[-40.8342353342932,-14.8351265055837],[-40.8331645762841,-14.8355905009009],[-40.8326291972796,-14.8368397176788],[-40.831736899838,-14.8370538696403],[-40.8296310770126,-14.8398021465518],[-40.8297024598006,-14.8402661418689],[-40.8291670816954,-14.8405159861238],[-40.8292384662822,-14.8410870556231],[-40.8278107889367,-14.8411584402098],[-40.827703712956,-14.8406587525993],[-40.8271683339514,-14.8406944448927],[-40.8275609446818,-14.8419436616706],[-40.8274538696003,-14.8436568737657],[-40.8249554360445,-14.8422291982189],[-40.8227782286323,-14.8419436616706],[-40.8206367144128,-14.8422648896129],[-40.8204939461386,-14.8443350210443],[-40.8210293251432,-14.8452630098799],[-40.8196373400911,-14.8465836112446],[-40.8197087237785,-14.8473331413114],[-40.8193518053415,-14.8475472932729],[-40.8187450417502,-14.846976221975],[-40.8168890631797,-14.8485466666953],[-40.8164607601559,-14.8482968233397],[-40.8159967648388,-14.8485823580893],[-40.8157112300892,-14.8495103478243],[-40.8153543107528,-14.8493675813488],[-40.8157469223825,-14.8526869286588],[-40.8173173662034,-14.8521515496543],[-40.8178170529146,-14.8523657007165],[-40.818530890688,-14.8511521762319],[-40.8192090370674,-14.8517589389239],[-40.8224570015893,-14.8481183636715],[-40.8242059050784,-14.8482968233397],[-40.8242772887658,-14.8487965100509],[-40.8248840523571,-14.848939278325],[-40.8254194313617,-14.8499743431414],[-40.8252876078368,-14.8507210178606],[-40.8260014474088,-14.8517560835763],[-40.8253946838175,-14.8519702346386],[-40.8234673206603,-14.8511493208844],[-40.8223965626512,-14.8512563968652],[-40.8217541085652,-14.8518988509512],[-40.8203264321191,-14.8521130029127],[-40.8196328039107,-14.8543478802504],[-40.8179463907133,-14.8536683561097],[-40.8153652564014,-14.8533622196907],[-40.8142944992917,-14.8490078057656],[-40.8124028266291,-14.8500428723806],[-40.81065392314,-14.8519345432445],[-40.8108680751016,-14.8530392083927],[-40.8062926716694,-14.853643874765],[-40.8065230959641,-14.8508159332087],[-40.8061233464152,-14.8502448628102],[-40.8034393143728,-14.8512727897074],[-40.8032679926237,-14.8517296462061],[-40.8021258518265,-14.8518438610054],[-40.8020116379267,-14.8529288948526],[-40.8042480845814,-14.8536345523926],[-40.8052644443986,-14.8552538905545],[-40.8071918066565,-14.8560034206214],[-40.812652670884,-14.8542902103249],[-40.8131166653018,-14.8547542038434],[-40.8137948116812,-14.8545400527811],[-40.8150083370651,-14.8560391129147],[-40.8198023710825,-14.8546677304313],[-40.8203155701074,-14.8550903884107],[-40.8174083856884,-14.8559147753466],[-40.8162662448913,-14.8577707548165],[-40.8158022495741,-14.8575566037542],[-40.8145530327962,-14.8581990578402],[-40.814338881734,-14.8578421394032],[-40.8118860150275,-14.8593868284393],[-40.813089664956,-14.8601264209975],[-40.8123044425959,-14.8610544107324],[-40.8110597098377,-14.8612712930357],[-40.8118761395721,-14.8617682503045],[-40.8116619876106,-14.8620894773475],[-40.8141604220658,-14.8633386941254],[-40.8133395083116,-14.8650162139271],[-40.8123758262833,-14.8644451426292],[-40.8119118309662,-14.8646949868841],[-40.8111979931927,-14.8669435770844],[-40.8125185936581,-14.8674432637956],[-40.8120902906344,-14.8680500273868],[-40.8145530327962,-14.8692992441647],[-40.8148742598392,-14.8687995565542],[-40.8170514672514,-14.8692992441647],[-40.8174440779817,-14.868870941141],[-40.8178366887122,-14.869192168184],[-40.8176225376499,-14.869513395227],[-40.8185148359909,-14.869870313664],[-40.8179080732989,-14.8706555360241],[-40.8188717553272,-14.8712622987161],[-40.8184077600101,-14.8716192180525],[-40.8188360630338,-14.8719404450955],[-40.8194428257258,-14.8714407592836],[-40.8200138961244,-14.8716192180525],[-40.8201566643985,-14.8709767639664],[-40.821976951575,-14.8716192180525],[-40.8228692490166,-14.8696918548952],[-40.8255818354333,-14.8676931071511],[-40.826973819586,-14.8685497131987],[-40.8249750718421,-14.8700130819381],[-40.8251892238036,-14.8707626120049],[-40.8255461431399,-14.8706555360241],[-40.8269024358987,-14.8717262940332],[-40.8263670568941,-14.8726185923741],[-40.8270452032735,-14.8726899760615],[-40.8275671158297,-14.8714542554095],[-40.828018900152,-14.8716946612795],[-40.8287327379254,-14.8710760005569],[-40.8282587286574,-14.8698346222699],[-40.8295079463346,-14.8704413849619],[-40.8307785777691,-14.8690493999098],[-40.8317779511914,-14.8685854045927],[-40.8322062542152,-14.8691564758906],[-40.8325274821576,-14.8687281728668],[-40.8321348714271,-14.8683355621365],[-40.832634557239,-14.8679072591127],[-40.8330985516568,-14.8684426381172],[-40.834026542291,-14.8676217243631],[-40.8349902243194,-14.8663725066858],[-40.8343834607281,-14.8658728199747],[-40.8348117637519,-14.8652303649893],[-40.8355256024246,-14.8658014362872],[-40.836667744121,-14.8644094512352],[-40.8364535921595,-14.8639097636246],[-40.8372031222262,-14.8642666838603],[-40.836988971164,-14.8638026894426],[-40.8377741926249,-14.8641596078796],[-40.8398443240563,-14.8634814606009],[-40.8413433850891,-14.8603762652524],[-40.8417359958195,-14.8604119566464],[-40.8417716881129,-14.86191101678],[-40.8427710606359,-14.8617325580111],[-40.843841818645,-14.8608759519636],[-40.8441318607967,-14.8613400192265],[-40.8447237747823,-14.8609994225852],[-40.8446845103818,-14.86226376596],[-40.8433300459448,-14.8632532252561],[-40.8441331135523,-14.8645024420341],[-40.8441331135523,-14.8649485912045],[-40.8437167076599,-14.8648296180924],[-40.8437761951152,-14.8661085781483],[-40.8433659999409,-14.8666222807936],[-40.8428310696981,-14.8663250980248],[-40.8427168557982,-14.8671245962231],[-40.841574715001,-14.8659824554259],[-40.8387764690588,-14.8660966693258],[-40.8386051473097,-14.8666677397243],[-40.8391762177082,-14.867410131872],[-40.8382625047108,-14.8675814527218],[-40.8385480403597,-14.8689520231174],[-40.8358069013673,-14.8694088787167],[-40.8365419667383,-14.871275345181],[-40.8337627558465,-14.8715799158804],[-40.8310791329956,-14.8725166182473],[-40.8314788834436,-14.8738300798942],[-40.8336480149439,-14.8738300798942],[-40.8336062369383,-14.876378558024],[-40.8371774708635,-14.8763188340469],[-40.8372345778135,-14.8771754400945],[-40.8388808389795,-14.8771754400945],[-40.8388190978231,-14.8782250442504],[-40.8370632569637,-14.8782033669917],[-40.8370061500138,-14.8841996093245],[-40.8351216170689,-14.8841425023745],[-40.8367206143648,-14.8888823882116],[-40.8355784726683,-14.8917377411038],[-40.837962615882,-14.8924410226351],[-40.8369275501663,-14.8948323820088],[-40.8332512826205,-14.8934760892501],[-40.8341792732548,-14.8911561153624],[-40.8330371315583,-14.8903351998096],[-40.8342506569422,-14.8880866096093],[-40.8326088294339,-14.8874798469174],[-40.8318592975685,-14.8893715186806],[-40.8315737628188,-14.8893001349932],[-40.8316808387996,-14.887444154624],[-40.8274691931487,-14.887087236187],[-40.8273264248746,-14.8929764016396],[-40.8280402626479,-14.8932619381878],[-40.8270471242254,-14.8965574345779],[-40.8327959019093,-14.8968239351764],[-40.8353466841021,-14.8985561832212],[-40.8354418629516,-14.8997363950186],[-40.8348967613764,-14.9012342473626],[-40.8340721972741,-14.9007929320481],[-40.8336795856443,-14.90129261786],[-40.8314666868381,-14.9001861693562],[-40.8312947058859,-14.9143784344172],[-40.8309139931862,-14.9143949873388],[-40.8306284566379,-14.913188703296],[-40.8300335919766,-14.9130459359212],[-40.8296766726403,-14.913569416895],[-40.8306046632745,-14.9141642815563],[-40.830771224912,-14.9147829422789],[-40.8250605182283,-14.9147829422789],[-40.8250129288036,-14.9160202619255],[-40.8237756100563,-14.9159964667635],[-40.8237756100563,-14.916876867973],[-40.826797524586,-14.9169720459232],[-40.8267737303233,-14.9150208876038],[-40.8311281442484,-14.9152112453027],[-40.8313185010479,-14.9159012888134],[-40.8319609551339,-14.9159726734001],[-40.8320085445586,-14.9152112453027],[-40.8407411657721,-14.9153540126775],[-40.840669782984,-14.9149970942404],[-40.8316516252223,-14.9148305317036],[-40.8316745327534,-14.9113715025927],[-40.8364635548492,-14.9116075818244],[-40.83735585319,-14.9126783389342],[-40.8383909189057,-14.9121072694349],[-40.8384979948865,-14.9125355715593],[-40.8394616760155,-14.9124641878719],[-40.839675827977,-14.9117146578052],[-40.8404253580438,-14.9115718904304],[-40.8404610503372,-14.9107509757769],[-40.8414604237595,-14.9107866680702],[-40.8413890400721,-14.9116789664111],[-40.8434234792102,-14.9121072694349],[-40.8434591706042,-14.9117503500986],[-40.8443157766517,-14.9117146578052],[-40.8442800852577,-14.9133207939195],[-40.8450296153245,-14.9133564862128],[-40.8449939230311,-14.9139989402988],[-40.8465286745587,-14.9139989402988],[-40.8466357514387,-14.9117860405933],[-40.847278206424,-14.91185742518],[-40.847278206424,-14.9111078951132],[-40.8467428274195,-14.9110722028199],[-40.8467071351262,-14.9096088349797],[-40.8446013123007,-14.9096445272731],[-40.8446013123007,-14.910893744051],[-40.8425668731627,-14.9109651268391],[-40.8425668731626,-14.9091805319559],[-40.8421742624322,-14.9089663799944],[-40.8423884125952,-14.9061110271022],[-40.8441730092769,-14.9060039511214],[-40.8442800852577,-14.9045405832812],[-40.8423527212011,-14.9045048909879],[-40.8423218843474,-14.9006610167925],[-40.8436912199738,-14.9006077292633],[-40.8436912199738,-14.9000937658146],[-40.8443340122049,-14.8996066678134],[-40.8450751228186,-14.9000850531827],[-40.8473237139182,-14.8999779772019],[-40.8479661680042,-14.8989786037795],[-40.8491796933881,-14.8988358364047],[-40.849465229037,-14.8983004574001],[-40.8500362994356,-14.8982290728134],[-40.8497507637867,-14.8976936947082],[-40.8489052283935,-14.8977661692733],[-40.848949091927,-14.8970789730162],[-40.8520519085687,-14.8970599370664],[-40.852109016418,-14.8957655095705],[-40.8541382691657,-14.8957809212525],[-40.8545951247651,-14.8966946342499],[-40.8563083368602,-14.8957238143025],[-40.8551090891131,-14.8940677091574],[-40.8551296044477,-14.8935729876032],[-40.8560433471228,-14.8932593148654],[-40.8547584380514,-14.890189810911],[-40.8607360500286,-14.8882711181176],[-40.8643470789545,-14.8939782580901],[-40.8680590378942,-14.8919033683457],[-40.8697151430394,-14.8903805130502],[-40.8706461230201,-14.8881471070034],[-40.8707614799583,-14.8860443940335],[-40.8741355779945,-14.8864421596779],[-40.8778118464395,-14.887776160941],[-40.8784899919195,-14.8852286351933],[-40.8800604357405,-14.8856926287118],[-40.8803459713894,-14.8833726548241],[-40.8793109056737,-14.8829800440937],[-40.8796321327167,-14.8821948217336],[-40.8807742744132,-14.8826945093441],[-40.8822376431527,-14.8822662063203],[-40.8823804114268,-14.8838723424346],[-40.8834868599306,-14.8851215592126],[-40.884914537276,-14.8839080338287],[-40.8833084002624,-14.8811240637245],[-40.8814167293985,-14.8798391546532],[-40.8812739611243,-14.8786613215627],[-40.8823804114268,-14.8769124180736],[-40.8817736478355,-14.876305656281],[-40.8824517942149,-14.875270589666],[-40.8834868599306,-14.8754847416275],[-40.8852000720257,-14.873057691759],[-40.883237016575,-14.8715943230196],[-40.8817022641481,-14.8734146110954],[-40.8813096534177,-14.8754847416275],[-40.8773835434158,-14.8741998325562],[-40.87210727583,-14.8734192444026],[-40.8715750246676,-14.8725617291404],[-40.8720747122781,-14.8660301087025],[-40.8727885500515,-14.8644953562757],[-40.8767860446402,-14.8592843372024],[-40.8798555485947,-14.8600338672691],[-40.8801053928495,-14.8585348071356],[-40.8776426506877,-14.8578923521503],[-40.8865626924143,-14.8467330695755],[-40.8890217851272,-14.8446793741538],[-40.8904494615733,-14.8448221406292],[-40.8905565366548,-14.8444295298988],[-40.8949109505798,-14.8438941517936],[-40.8975834847899,-14.8423618985827],[-40.8982659910825,-14.8406818786657],[-40.8975878447032,-14.8404677276035],[-40.8979090717462,-14.838932976076],[-40.8958389412141,-14.8391471271382],[-40.8955890969592,-14.8384689807588],[-40.8963386279253,-14.8380763700284],[-40.8956247892526,-14.8370056120193],[-40.8960530922763,-14.8366130012889],[-40.8934118913457,-14.8359348549096],[-40.893192570081,-14.8367244066061],[-40.8931263547974,-14.8363988502267],[-40.8922697487499,-14.8367557686638],[-40.8920199062936,-14.8363631579334],[-40.8904494615733,-14.8372197639809],[-40.8898070065881,-14.8364702330148],[-40.89305497111,-14.8356850106547],[-40.8919128303128,-14.8338290320841],[-40.8925552852982,-14.8333293453729],[-40.8923768247306,-14.8325441230128],[-40.8912346839335,-14.8314733650038],[-40.8908063809097,-14.8315804409845],[-40.8903780778859,-14.8310807542733],[-40.8908420732031,-14.8308666032111],[-40.8899854671556,-14.8300099971636],[-40.8874156490129,-14.8303669156006],[-40.8875038437274,-14.8328249111407],[-40.8843461441592,-14.8331865770988],[-40.8843461441592,-14.8327225817817],[-40.8815902068225,-14.8331533777262],[-40.8816231319019,-14.8304063697581],[-40.8798385370188,-14.8307156996698],[-40.8772449237142,-14.8297163262474],[-40.8725573856148,-14.8297877099348],[-40.8725573856148,-14.831619895142]],[[-40.8764651953124,-14.8577794872335],[-40.8752766548937,-14.8577473643493],[-40.8728674502726,-14.8562054740034],[-40.8718073995918,-14.8575546279437],[-40.870554614304,-14.8577152423645],[-40.8693660729858,-14.8566230687995],[-40.8662501694098,-14.8559484918294],[-40.8656077153237,-14.8551133013377],[-40.8655434686561,-14.8533786736868],[-40.8670211150324,-14.852511360311],[-40.8682417783353,-14.8510015919499],[-40.869655178044,-14.8506161200378],[-40.8693660729858,-14.8481105467643],[-40.8753408997627,-14.847339602041],[-40.8751160413722,-14.847982056127],[-40.8758720681414,-14.8482603018714],[-40.8756175294254,-14.8493420909647],[-40.8759191089797,-14.8508731022119],[-40.8749554269514,-14.8556593867713],[-40.8767543003707,-14.8558521240762],[-40.8764651953124,-14.8577794872335]],[[-40.8676726432778,-14.8583186865581],[-40.859334842429,-14.8641494680235],[-40.8614479731454,-14.8567196892622],[-40.8676726432778,-14.8583186865581]],[[-40.8534021452927,-14.8809099126623],[-40.8541516753595,-14.8805886856193],[-40.8551867410752,-14.881980669772],[-40.8555079681182,-14.8818022110032],[-40.855936271142,-14.8822662063203],[-40.8563288818724,-14.8834797308049],[-40.8558648865553,-14.8836938818671],[-40.856293189579,-14.8843006445591],[-40.8577131399494,-14.8834934832376],[-40.859192328663,-14.8858313050706],[-40.8559377190505,-14.8870374937853],[-40.855538313942,-14.8859670892098],[-40.8545799783832,-14.8861209317355],[-40.8522243122022,-14.8869775377831],[-40.8517692480523,-14.8881942647534],[-40.8511892455872,-14.8868704627017],[-40.8495117257855,-14.8871203060572],[-40.8495474180788,-14.8826588170507],[-40.8499757211026,-14.8807671452875],[-40.8514837133027,-14.8807893819244],[-40.8529381499756,-14.8798748469466],[-40.8534021452927,-14.8809099126623]]]}},{"type":"Feature","properties":{"id":"1176","municipality":"2933307","density":"Densa","type":"Área urbanizada","state":"BA"},"geometry":{"type":"Polygon","coordinates":[[[-40.8840188197127,-14.8536370363202],[-40.8849111180536,-14.8568136162554],[-40.886874172605,-14.85549301579],[-40.8898366023773,-14.8511029095716],[-40.8886587692867,-14.8518167482443],[-40.8883018499504,-14.8525662792104],[-40.8860532588508,-14.8527804302726],[-40.8860532588508,-14.8532444246904],[-40.8840188197127,-14.8536370363202]]]}},{"type":"Feature","properties":{"id":"1177","municipality":"2933307","density":"Densa","type":"Área urbanizada","state":"BA"},"geometry":{"type":"Polygon","coordinates":[[[-41.126076604052,-14.8671259146292],[-41.1262656118685,-14.8684146026518],[-41.1255647009501,-14.8684746809617],[-41.125755377009,-14.8713375611795],[-41.1270045937869,-14.8708021821749],[-41.1288962664495,-14.8713375611795],[-41.1325725330959,-14.8765842734454],[-41.1331079121004,-14.8761916618157],[-41.1329294524322,-14.8755848991237],[-41.1293602608673,-14.8707664907809],[-41.1314303922987,-14.8699812684208],[-41.1315017759861,-14.8691246623732],[-41.1300027149533,-14.8694101980222],[-41.1295744119295,-14.868910511311],[-41.1295387196362,-14.8694458903156],[-41.1290747252183,-14.8695172740029],[-41.1285036548198,-14.8680182129701],[-41.1278968921278,-14.868589284268],[-41.1274328968107,-14.8682680563257],[-41.1277898161471,-14.8676612936338],[-41.1266119830565,-14.8670545309418],[-41.126076604052,-14.8671259146292]]]}},{"type":"Feature","properties":{"id":"1178","municipality":"2933307","density":"Densa","type":"Área urbanizada","state":"BA"},"geometry":{"type":"Polygon","coordinates":[[[-41.0739056551218,-15.4415279587482],[-41.0735390401945,-15.4405401712918],[-41.0742719076224,-15.4405401712918],[-41.0743765302526,-15.4401739952336],[-41.0738272657157,-15.4400955293851],[-41.0726493004248,-15.4403572635768],[-41.072692129738,-15.4409140581373],[-41.0722209974011,-15.4410711022495],[-41.0720925058644,-15.4406427992258],[-41.0714928819908,-15.4408997813998],[-41.0713929439292,-15.4414137448484],[-41.0706686902079,-15.4414586605887],[-41.0703485936126,-15.441037124064],[-41.0685700250866,-15.4417956320627],[-41.0686484918344,-15.442763382624],[-41.0691693863581,-15.4427772510692],[-41.0698510526839,-15.4438265179794],[-41.0704364007193,-15.4427272073947],[-41.0704792309317,-15.4435695358054],[-41.070921810693,-15.4433839391174],[-41.070921810693,-15.4444546962272],[-41.0703650170319,-15.4449401062009],[-41.0707647665807,-15.4454540696496],[-41.0698367768457,-15.4464819974462],[-41.0713643913535,-15.4470958980572],[-41.0708218744299,-15.4474670941311],[-41.072021122177,-15.4473386025944],[-41.0716584642667,-15.4444312841764],[-41.0731472253641,-15.4438095999331],[-41.0747908146444,-15.4413566378985],[-41.0752333944056,-15.4412709765743],[-41.0753904394172,-15.440885503763],[-41.0749193052817,-15.4407998442374],[-41.0752905013555,-15.4401431134139],[-41.0748479215943,-15.4400717288272],[-41.0739056551218,-15.4415279587482]]]}},{"type":"Feature","properties":{"id":"1179","municipality":"2933307","density":"Densa","type":"Área urbanizada","state":"BA"},"geometry":{"type":"Polygon","coordinates":[[[-40.7981854650871,-14.8550989634464],[-40.7984709998368,-14.8578972093887],[-40.8002413188817,-14.8577829945894],[-40.800012891082,-14.8550418555971],[-40.7981854650871,-14.8550989634464]]]}},{"type":"Feature","properties":{"id":"1180","municipality":"2933307","density":"Densa","type":"Área urbanizada","state":"BA"},"geometry":{"type":"Polygon","coordinates":[[[-40.6571551326032,-14.7792113561192],[-40.6576012817737,-14.7805498027312],[-40.6570659027691,-14.7815313300068],[-40.6555489973883,-14.7795087880001],[-40.6523367251597,-14.7796277611122],[-40.6524058209718,-14.7784320396069],[-40.6510971176378,-14.7780751211699],[-40.6509067608383,-14.7790269060668],[-40.6498597979913,-14.7791696734416],[-40.6493709472114,-14.7800148859782],[-40.6486783028614,-14.7800739102827],[-40.6475778033729,-14.7812933837826],[-40.6498977772605,-14.7804605728971],[-40.6510875083817,-14.780639031666],[-40.6511172507605,-14.782007221556],[-40.650314183153,-14.7828995198969],[-40.6502844398749,-14.7837323316817],[-40.651295711328,-14.7826318312939],[-40.6514444268188,-14.7808174922334],[-40.6521880078702,-14.7810256951797],[-40.652931589821,-14.7801631401168],[-40.6554002809982,-14.7801928833948],[-40.6570064171124,-14.7820964522894],[-40.6570064171124,-14.7826913169507],[-40.6558166859912,-14.7824533707265],[-40.655281307886,-14.7827805467848],[-40.6557274570564,-14.7833456690673],[-40.6554300242761,-14.7832266959552],[-40.6541428282289,-14.7850231466009],[-40.6547614871529,-14.7855228342114],[-40.6546187197781,-14.7858797526485],[-40.6536669348811,-14.786736358696],[-40.653084165202,-14.7863989663392],[-40.652961333099,-14.7869148606323],[-40.6538334983172,-14.7875453762181],[-40.6556418883624,-14.7855704227368],[-40.6567602348969,-14.7864508239463],[-40.6569225922038,-14.7872570373823],[-40.6573335931707,-14.7848030887915],[-40.6592669053434,-14.7848923186256],[-40.6592669053434,-14.7845948858452],[-40.6580771742222,-14.7845651425672],[-40.6576012817737,-14.7841487366748],[-40.6573633364488,-14.7826615736726],[-40.658939729285,-14.7837323316817],[-40.6576905116078,-14.7821856821235],[-40.6600699729509,-14.7815908165629],[-40.6600699729509,-14.7809662077243],[-40.6589694716637,-14.781352871238],[-40.65795820111,-14.7805795460092],[-40.6573633364488,-14.7779026518858],[-40.6576607692291,-14.7750770422716],[-40.6569766738344,-14.775761136767],[-40.6568279574443,-14.7774565027154],[-40.6574228230048,-14.7787057203926],[-40.6571551326032,-14.7792113561192]],[[-40.6515039133749,-14.7802523699509],[-40.6501777137304,-14.7800584950035],[-40.6502405115903,-14.7795979755661],[-40.6507164040387,-14.779502797616],[-40.6516681880364,-14.7793838254032],[-40.6517716028771,-14.7797467342244],[-40.6515039133749,-14.7802523699509]]]}},{"type":"Feature","properties":{"id":"1181","municipality":"2933307","density":"Densa","type":"Área urbanizada","state":"BA"},"geometry":{"type":"Polygon","coordinates":[[[-40.7537342021716,-14.866931788771],[-40.7529489798115,-14.8646831976714],[-40.7498794749578,-14.8647545822581],[-40.7502363942941,-14.8678954707993],[-40.7493797882466,-14.8716788143258],[-40.7499508586451,-14.8716431220324],[-40.7508074646927,-14.8678954707993],[-40.7513428436972,-14.8683237738231],[-40.7509145406735,-14.8688948442216],[-40.7516265483265,-14.8693220491732],[-40.7537342021716,-14.866931788771]]]}},{"type":"Feature","properties":{"id":"1182","municipality":"2933307","density":"Densa","type":"Área urbanizada","state":"BA"},"geometry":{"type":"Polygon","coordinates":[[[-40.8017115422538,-15.0647730026719],[-40.8021683978532,-15.0662768220177],[-40.8040529316974,-15.0667336794157],[-40.8057471078427,-15.064430360073],[-40.8048905017952,-15.0628123268274],[-40.8049856797453,-15.0610610437322],[-40.8017115422538,-15.0647730026719]]]}},{"type":"Feature","properties":{"id":"1183","municipality":"2933307","density":"Densa","type":"Área urbanizada","state":"BA"},"geometry":{"type":"Polygon","coordinates":[[[-41.1209723408008,-14.8741853876455],[-41.1196874317296,-14.874637484932],[-41.1198777894284,-14.8749944051676],[-41.1231138559196,-14.8728290948868],[-41.124113229342,-14.8729956574236],[-41.1240656399173,-14.8719962840013],[-41.1209723408008,-14.8741853876455]]]}},{"type":"Feature","properties":{"id":"1184","municipality":"2933307","density":"Densa","type":"Área urbanizada","state":"BA"},"geometry":{"type":"Polygon","coordinates":[[[-41.0024093123398,-15.0933600700112],[-41.002452141653,-15.093859755823],[-41.0013956612807,-15.094630702345],[-41.0014670449681,-15.0952303262186],[-41.0009530824188,-15.0950590053687],[-41.0007532071947,-15.0955301377056],[-41.0013528310682,-15.0954444772808],[-41.0008959745695,-15.0961583159535],[-40.9997395570349,-15.0971434126383],[-41.0004676724451,-15.0958299500921],[-41.0001535833212,-15.0950447277319],[-41.0006104389206,-15.0948448534072],[-41.0004676724451,-15.0938883101973],[-41.0000964763713,-15.0938740325605],[-41.0000964763712,-15.0947591929823],[-40.9997538328731,-15.0941310147345],[-40.9994111911735,-15.0942023993212],[-40.9999679848346,-15.0952017718442],[-40.999368360961,-15.0963581902782],[-40.9982262192646,-15.0943023355843],[-40.9978905563041,-15.0945249276832],[-40.9981120053647,-15.0954159238058],[-40.9971411854173,-15.0954444772808],[-40.9969985727259,-15.0944892326919],[-40.9964559002196,-15.0948591301447],[-40.9964130700071,-15.0952588796935],[-40.9967699893435,-15.0949162370946],[-40.9970698008306,-15.097685929562],[-40.9974409969044,-15.0977002071988],[-40.9974552736419,-15.097271904175],[-40.9969984171432,-15.0957014585554],[-40.9985831386009,-15.0956871818179],[-40.9984832014385,-15.0961868694285],[-40.9987972896631,-15.0961154848417],[-40.9993540842235,-15.0973147343874],[-40.99875446035,-15.0982855543348],[-40.999168485737,-15.0998559981558],[-40.9995111283359,-15.0994562486069],[-41.0011101256317,-15.0998417214183],[-41.0007246528204,-15.0993134812321],[-40.9997538328731,-15.0992706510197],[-40.9994682981234,-15.0987424099342],[-41.0000062096188,-15.0983199731882],[-41.0010847962263,-15.0985807927693],[-41.0007246528204,-15.0969435383136],[-41.002966106001,-15.0935884978109],[-41.0040141660209,-15.0937689665645],[-41.004422335922,-15.0931601947871],[-41.0038655422609,-15.0930317041498],[-41.0024093123398,-15.0933600700112]]]}},{"type":"Feature","properties":{"id":"1185","municipality":"2933307","density":"Densa","type":"Vazio intraurbano","state":"BA"},"geometry":{"type":"Polygon","coordinates":[[[-40.8758720681414,-14.8482603018714],[-40.8751160413722,-14.847982056127],[-40.8753408997627,-14.847339602041],[-40.8693660729858,-14.8481105467643],[-40.869655178044,-14.8506161200378],[-40.8682417783353,-14.8510015919499],[-40.8670211150324,-14.852511360311],[-40.8655434686561,-14.8533786736868],[-40.8654792237871,-14.8546314598739],[-40.8659610652509,-14.8556915096554],[-40.8693660729858,-14.8566230687995],[-40.8710364548684,-14.8578116101177],[-40.8718073995918,-14.8575546279437],[-40.8728674502726,-14.8562054740034],[-40.8752766548937,-14.8577473643493],[-40.8764651953124,-14.8577794872335],[-40.8767543003707,-14.8558521240762],[-40.8749554269514,-14.8556593867713],[-40.8759191089797,-14.8508731022119],[-40.8756175294254,-14.8493420909647],[-40.8758720681414,-14.8482603018714]]]}},{"type":"Feature","properties":{"id":"1186","municipality":"2933307","density":"Densa","type":"Área urbanizada","state":"BA"},"geometry":{"type":"Polygon","coordinates":[[[-40.8882321830687,-14.8815989471337],[-40.8907306166246,-14.8815632548403],[-40.8908376926054,-14.88263401195],[-40.8902666222068,-14.882919547599],[-40.8905164655624,-14.8837047699592],[-40.8896598604141,-14.8839189210213],[-40.8885534101117,-14.882919547599],[-40.8873398847278,-14.8833835420168],[-40.886840198916,-14.8831693909546],[-40.8870543499782,-14.8836333862717],[-40.8866974306418,-14.8840973806895],[-40.8889817131355,-14.8854536743476],[-40.8890887891163,-14.8850610618185],[-40.889802627789,-14.8851324464052],[-40.8908733848987,-14.8862032044143],[-40.8909804608795,-14.8870955018559],[-40.8914801475907,-14.8869884258752],[-40.8911946119417,-14.8855250571356],[-40.8903023136008,-14.8848469107563],[-40.8905878501491,-14.8845613760067],[-40.8942284254015,-14.8851324464052],[-40.8942284254015,-14.8845970683],[-40.8918013746337,-14.882955238993],[-40.8917656832396,-14.8819915578641],[-40.8911589196484,-14.881634639427],[-40.8929078240368,-14.8795288157023],[-40.8923724450323,-14.8791362049718],[-40.8914087639033,-14.8797429667645],[-40.8903023136008,-14.8791362049718],[-40.891087535961,-14.8803140380624],[-40.8904093895816,-14.8810992604225],[-40.889838319183,-14.880920799855],[-40.890445081875,-14.8804568054372],[-40.8900167788512,-14.8797072753705],[-40.8891601728037,-14.8793503560341],[-40.8881607993813,-14.8809564921484],[-40.8869115817041,-14.8800285024134],[-40.8860906679499,-14.8782795989243],[-40.8869115817041,-14.876994689853],[-40.8885891024051,-14.8769233061656],[-40.8877324963575,-14.8759953164306],[-40.8869472739975,-14.8758525481565],[-40.8857694409069,-14.8778869881939],[-40.885198369609,-14.8781725229436],[-40.8859479005751,-14.8789220530103],[-40.8863405122048,-14.880278345769],[-40.8850556031335,-14.8796001993896],[-40.8840919211052,-14.8814561788595],[-40.8864435610215,-14.8830411053627],[-40.8882321830687,-14.8815989471337]]]}},{"type":"Feature","properties":{"id":"1187","municipality":"2933307","density":"Densa","type":"Área urbanizada","state":"BA"},"geometry":{"type":"Polygon","coordinates":[[[-40.8069844652608,-14.8713853313679],[-40.805866117827,-14.8744786295851],[-40.8076507136095,-14.8746689872839],[-40.8082931676955,-14.8741692996734],[-40.8076983030342,-14.8736458186995],[-40.8078410713084,-14.8715280978434],[-40.8069844652608,-14.8713853313679]]]}},{"type":"Feature","properties":{"id":"1188","municipality":"2933307","density":"Densa","type":"Área urbanizada","state":"BA"},"geometry":{"type":"Polygon","coordinates":[[[-41.0829588603631,-15.2105938330389],[-41.0826352528146,-15.2109364747385],[-41.0838725733605,-15.2113552602371],[-41.0845007498097,-15.2124212590338],[-41.0851289280575,-15.2124402940843],[-41.0849766431575,-15.2121547593346],[-41.0857380703556,-15.2115836880367],[-41.0861378199044,-15.2124402940843],[-41.0873310430931,-15.212134969753],[-41.0887420793834,-15.2144229907284],[-41.0894613607531,-15.2136483776704],[-41.0886314196043,-15.2124311299926],[-41.0879398013807,-15.2125141239276],[-41.0868040691524,-15.2110506886383],[-41.0863472117544,-15.2111077955883],[-41.0855857845563,-15.2102702263898],[-41.0854525347067,-15.2098704759417],[-41.0861378199044,-15.2097752979916],[-41.0859664981553,-15.2093945843925],[-41.0851289280575,-15.2095659052423],[-41.084938571258,-15.210022761741],[-41.0841390721604,-15.2093755484428],[-41.0822355041652,-15.2094136203423],[-41.0829588603631,-15.2105938330389]]]}},{"type":"Feature","properties":{"id":"1189","municipality":"2933307","density":"Densa","type":"Área urbanizada","state":"BA"},"geometry":{"type":"Polygon","coordinates":[[[-40.8247234550234,-14.8056426244075],[-40.8245688705569,-14.8047598453905],[-40.8297420263733,-14.8036958556792],[-40.8246023909875,-14.8040575342278],[-40.8238790338903,-14.8050473901249],[-40.8225344323182,-14.8044576542973],[-40.8224749457621,-14.8033274097321],[-40.8220516078953,-14.80327707108],[-40.8223561785947,-14.8049522112755],[-40.8241040145886,-14.8058301006786],[-40.8247234550234,-14.8056426244075]]]}},{"type":"Feature","properties":{"id":"1190","municipality":"2933307","density":"Densa","type":"Área urbanizada","state":"BA"},"geometry":{"type":"MultiPolygon","coordinates":[[[[-40.9465907923312,-14.9490141619739],[-40.9465338346687,-14.9489661984313],[-40.9464956125824,-14.9490141619739],[-40.9465907923312,-14.9490141619739]]],[[[-40.9475425763288,-14.9467298803796],[-40.9460197210333,-14.9457067108959],[-40.9459483373458,-14.9451356413967],[-40.9455914180095,-14.9454211761463],[-40.945115525561,-14.9449928731225],[-40.9453772669473,-14.944398007562],[-40.9446158388498,-14.944778721161],[-40.9446872234366,-14.9443266238745],[-40.9442113309881,-14.9444931864114],[-40.9433071364152,-14.9438507323254],[-40.9417842811196,-14.9421375202304],[-40.9403328086122,-14.9426134117795],[-40.941831869645,-14.9432320716028],[-40.941831869645,-14.9438745256888],[-40.9424505303676,-14.944398007562],[-40.9427836536427,-14.9440648833876],[-40.9432833412532,-14.9446835432109],[-40.9421174052939,-14.94506425681],[-40.9430691892916,-14.9457780945834],[-40.9465194077444,-14.9466347006309],[-40.9467097654433,-14.9479434048642],[-40.9461386941454,-14.9486334483749],[-40.9465338346687,-14.9489661984313],[-40.9477091379663,-14.9474913066784],[-40.9475425763288,-14.9467298803796]]]]}},{"type":"Feature","properties":{"id":"1191","municipality":"2933307","density":"Densa","type":"Área urbanizada","state":"BA"},"geometry":{"type":"Polygon","coordinates":[[[-40.9534751250769,-15.2699284540349],[-40.9535919820843,-15.2707313993346],[-40.9530637418981,-15.2704744171606],[-40.9529495270989,-15.2710740410341],[-40.9523499032254,-15.2705029697362],[-40.9517074491394,-15.2707171216978],[-40.9522785186387,-15.2710597642967],[-40.9521643047389,-15.2714737896836],[-40.9499085757201,-15.2745432954367],[-40.9489948627227,-15.2737009661266],[-40.9483381318992,-15.2743719736876],[-40.9487521581855,-15.2754998377473],[-40.9499656826701,-15.2758853105586],[-40.9503654331182,-15.2753856238474],[-40.9508508430918,-15.2756997129713],[-40.9503678406033,-15.2765869175521],[-40.9516646180277,-15.2760709090452],[-40.9524641171253,-15.276470658594],[-40.9527782062492,-15.2760423555702],[-40.9533492766478,-15.2763136135824],[-40.9556050056664,-15.2735810406325],[-40.9556906660913,-15.2727958191717],[-40.9568328077878,-15.2718821061742],[-40.9557477739406,-15.2711682684008],[-40.9553480243918,-15.2716251240003],[-40.9538061331465,-15.2710968838141],[-40.9545571246116,-15.2695816592661],[-40.9540577400726,-15.2693874542675],[-40.9534751250769,-15.2699284540349]]]}},{"type":"Feature","properties":{"id":"1192","municipality":"2933307","density":"Densa","type":"Área urbanizada","state":"BA"},"geometry":{"type":"Polygon","coordinates":[[[-40.8126951710453,-14.8767867072407],[-40.812481019983,-14.8761442531547],[-40.8118623601598,-14.8763346099543],[-40.8115530302481,-14.8760014848806],[-40.81010155864,-14.8734078733746],[-40.8091735689051,-14.8745976026972],[-40.8115054408234,-14.8762870196302],[-40.810744012726,-14.877429162226],[-40.8137659290543,-14.8794279090707],[-40.8145273562524,-14.8782381779495],[-40.8126951710453,-14.8767867072407]]]}},{"type":"Feature","properties":{"id":"1193","municipality":"2933307","density":"Densa","type":"Área urbanizada","state":"BA"},"geometry":{"type":"Polygon","coordinates":[[[-40.8043670576935,-14.8551574067889],[-40.8031059428849,-14.8556332992373],[-40.8045098250683,-14.8568706188839],[-40.8056757610275,-14.8562757533233],[-40.8043670576935,-14.8551574067889]]]}},{"type":"Feature","properties":{"id":"1194","municipality":"2933307","density":"Densa","type":"Área urbanizada","state":"BA"},"geometry":{"type":"Polygon","coordinates":[[[-40.9050073828844,-14.8864030778397],[-40.9049360000962,-14.8856178563789],[-40.9044363133851,-14.8856892400663],[-40.9040793940488,-14.8863316950516],[-40.9000105148733,-14.8870812251184],[-40.9001532831475,-14.887687986911],[-40.8992966770999,-14.8881162899348],[-40.8989397577636,-14.8872953761807],[-40.8992966770999,-14.8864387701331],[-40.8979403843412,-14.8864744624265],[-40.8990468337444,-14.8894011990061],[-40.9007243544453,-14.8901864213662],[-40.8995108281621,-14.8917925583798],[-40.8975477727115,-14.892934699177],[-40.8947281121127,-14.8915070218316],[-40.8938174163407,-14.8914267753254],[-40.8930179172431,-14.8901561429915],[-40.8927323815941,-14.8902560801539],[-40.8957305018611,-14.8953528862266],[-40.896301573159,-14.898536604081],[-40.896101697935,-14.899921451214],[-40.8964586181707,-14.9000356651138],[-40.8967268589573,-14.8991450916726],[-40.8967155994453,-14.8978798732575],[-40.9004418351225,-14.8969518826232],[-40.9002603591283,-14.8964325070545],[-40.9048289241155,-14.8938983812053],[-40.9064707516238,-14.8911144111012],[-40.9072916662773,-14.8907931840582],[-40.9082553483056,-14.8894011990061],[-40.9077199693011,-14.8881519822281],[-40.9064350602298,-14.8873310675747],[-40.9067919786669,-14.8865815384072],[-40.9088264178049,-14.8860818507968],[-40.9087550341174,-14.8855107812975],[-40.906613519898,-14.8861889267775],[-40.9050073828844,-14.8864030778397]],[[-40.9047192733757,-14.8869106767863],[-40.9048858359126,-14.8877910779958],[-40.9058614150722,-14.8875055423469],[-40.90759842143,-14.8887190668314],[-40.9074794483178,-14.8899563873773],[-40.9059327978603,-14.891288884974],[-40.9053855217244,-14.8911937070239],[-40.9048382455885,-14.892883123957],[-40.9041957924019,-14.8931686587066],[-40.9022446340825,-14.8903371009764],[-40.9012214663975,-14.8895042891916],[-40.902696731369,-14.8877434876718],[-40.902078072445,-14.8872675961226],[-40.9027205256317,-14.8869106767863],[-40.9047192733757,-14.8869106767863]],[[-40.9038150779034,-14.893906291642],[-40.901959099333,-14.8949294611257],[-40.9014594117224,-14.8944297744145],[-40.9008645470611,-14.8948818708017],[-40.9011976712355,-14.8952863795627],[-40.8998651727395,-14.8961429856103],[-40.8994844591404,-14.8956195037371],[-40.8997461996274,-14.8952149958753],[-40.8985326751428,-14.893930086804],[-40.9004362440374,-14.8915030369356],[-40.9012928491856,-14.8909319656377],[-40.9019353041709,-14.8910033502244],[-40.9038150779034,-14.893906291642]]]}},{"type":"Feature","properties":{"id":"1195","municipality":"2933307","density":"Densa","type":"Área urbanizada","state":"BA"},"geometry":{"type":"Polygon","coordinates":[[[-40.9568751469704,-15.0327769283126],[-40.9557901131232,-15.0344330325584],[-40.956113718873,-15.0346043543075],[-40.9577507889677,-15.0343568896587],[-40.9575223602687,-15.0320155002151],[-40.9581315016674,-15.0319012863152],[-40.9579601808176,-15.0316157506663],[-40.9586454660154,-15.0308923953677],[-40.9591975013636,-15.0308352884178],[-40.9603777140602,-15.0317870724154],[-40.9607774627097,-15.0315776796662],[-40.9577888599679,-15.0292553261724],[-40.9561517907725,-15.0288936476237],[-40.9550857919756,-15.0302451811701],[-40.9562088977224,-15.0306830017191],[-40.9568751469704,-15.0327769283126]]]}},{"type":"Feature","properties":{"id":"1196","municipality":"2933307","density":"Densa","type":"Área urbanizada","state":"BA"},"geometry":{"type":"Polygon","coordinates":[[[-40.8246607902632,-14.8784555108131],[-40.8249171887772,-14.8769740953782],[-40.8274188877714,-14.8746759012718],[-40.8271387462561,-14.8741156164425],[-40.8261679263087,-14.8752006502897],[-40.825425534161,-14.8748008998416],[-40.8240549646649,-14.8763427910869],[-40.8246260350634,-14.8766854327865],[-40.8234838942662,-14.8790839300793],[-40.8240263743177,-14.8792044806023],[-40.8246607902632,-14.8784555108131]]]}},{"type":"Feature","properties":{"id":"1197","municipality":"2933307","density":"Densa","type":"Área urbanizada","state":"BA"},"geometry":{"type":"MultiPolygon","coordinates":[[[[-40.8551661960631,-14.9000639505908],[-40.8553526336171,-14.8999727152686],[-40.8553375169128,-14.8999497366909],[-40.8551661960631,-14.9000639505908]]],[[[-40.8581928698051,-14.9032619469812],[-40.8598489749502,-14.9017771626859],[-40.8578502281055,-14.8987504889439],[-40.8553526336171,-14.8999727152686],[-40.8567651942583,-14.9021198052847],[-40.8581928698051,-14.9032619469812]]]]}},{"type":"Feature","properties":{"id":"1198","municipality":"2933307","density":"Densa","type":"Vazio intraurbano","state":"BA"},"geometry":{"type":"Polygon","coordinates":[[[-40.8498686451218,-14.8810169886431],[-40.8495117257855,-14.8871203060572],[-40.8511892455872,-14.8868704627017],[-40.8517692480523,-14.8881942647534],[-40.8522243122022,-14.8869775377831],[-40.8545799783832,-14.8861209317355],[-40.855538313942,-14.8859670892098],[-40.8559377190505,-14.8870374937853],[-40.859192328663,-14.8858313050706],[-40.8577131399494,-14.8834934832376],[-40.856293189579,-14.8843006445591],[-40.8558648865553,-14.8836938818671],[-40.8563288818724,-14.8834797308049],[-40.855936271142,-14.8822662063203],[-40.8555079681182,-14.8818022110032],[-40.8551867410752,-14.881980669772],[-40.8541516753595,-14.8805886856193],[-40.8534021452927,-14.8809099126623],[-40.8529381499756,-14.8798748469466],[-40.8514837133027,-14.8807893819244],[-40.8498686451218,-14.8810169886431]]]}},{"type":"Feature","properties":{"id":"1199","municipality":"2933307","density":"Densa","type":"Área urbanizada","state":"BA"},"geometry":{"type":"Polygon","coordinates":[[[-41.0864031909544,-15.109002979304],[-41.086308012105,-15.1082415521059],[-41.0869028776656,-15.1076228922826],[-41.0866649314414,-15.1072421777843],[-41.0834288649501,-15.1090267735667],[-41.0812873498313,-15.1065521351729],[-41.0805497168959,-15.1087650330798],[-41.0819535990793,-15.1084081137434],[-41.0814063229434,-15.1088840061919],[-41.0816680634303,-15.1093123092156],[-41.080644894846,-15.1097882016641],[-41.0784557912017,-15.1097644074014],[-41.0776943631044,-15.108360525218],[-41.077337443768,-15.1084794983301],[-41.0778371313785,-15.1099071747763],[-41.0788127096388,-15.1103830672248],[-41.0837857842865,-15.1099785575643],[-41.083928550762,-15.1105496288623],[-41.0816204740056,-15.110977931886],[-41.0815015008935,-15.1113348512224],[-41.080287976409,-15.1113110569597],[-41.0802641812469,-15.1119535110457],[-41.0807400736954,-15.1117869494082],[-41.0810731978697,-15.1125245823436],[-41.0816204740056,-15.1126673488191],[-41.081311144094,-15.1150706053242],[-41.0807638679581,-15.1156654699854],[-41.0810018141823,-15.1159510056344],[-41.0824056963657,-15.1154275237612],[-41.0819060087553,-15.1163793086581],[-41.082334311779,-15.1166886376705],[-41.0830957398765,-15.1157130594101],[-41.0822629289909,-15.114261587802],[-41.0827864099648,-15.1137619010908],[-41.0824294906284,-15.1136429279787],[-41.0823819021031,-15.1127863219312],[-41.083286096676,-15.1129290902053],[-41.0835240429002,-15.1123818140694],[-41.084642390334,-15.1120486889958],[-41.0851896655706,-15.1111207001601],[-41.0847375682841,-15.1105258337002],[-41.0863793957924,-15.1103830672248],[-41.0871408238899,-15.1098357910889],[-41.0893775169588,-15.1100975306764],[-41.0895202852329,-15.1095264611772],[-41.0864031909544,-15.109002979304]]]}},{"type":"Feature","properties":{"id":"1200","municipality":"2933307","density":"Densa","type":"Área urbanizada","state":"BA"},"geometry":{"type":"Polygon","coordinates":[[[-40.7907200560857,-14.8161071240445],[-40.7907914388738,-14.8169994223854],[-40.7919335805702,-14.8174991090966],[-40.7917194286087,-14.8160714317511],[-40.7930757222667,-14.816321276006],[-40.7936111012713,-14.8152862102903],[-40.7940037120017,-14.8132874634457],[-40.7940037120016,-14.8126806998544],[-40.7935754089779,-14.8124665487922],[-40.7937895600401,-14.8120025543743],[-40.7942892467513,-14.8123594728113],[-40.795038776818,-14.8115385590572],[-40.7936111012713,-14.8105034942408],[-40.7928972616992,-14.811324407995],[-40.7934683329971,-14.8136443818827],[-40.7930757222667,-14.8142154531806],[-40.7911840514028,-14.8146437562044],[-40.7898991423315,-14.8137871501568],[-40.7900776011004,-14.8131090028781],[-40.7885785409669,-14.8125022410855],[-40.7886499246542,-14.8118954783936],[-40.7897920663507,-14.8107533366971],[-40.7919335805702,-14.8098967306495],[-40.7925760346562,-14.8077195241367],[-40.7916480449213,-14.8074339893871],[-40.7908628225611,-14.8084690542034],[-40.7904345204367,-14.8081835185545],[-40.7904702118308,-14.8067558430077],[-40.7899705251196,-14.806648767027],[-40.789720681764,-14.8082549031412],[-40.7892209950528,-14.8081835185545],[-40.7894351470144,-14.8076124490552],[-40.7888997680099,-14.8074339893871],[-40.7878290100008,-14.8082192108479],[-40.7895065298025,-14.8096468881933],[-40.7876505512319,-14.8125379333788],[-40.7867225605976,-14.8132874634457],[-40.7861871815931,-14.8132517711523],[-40.7845810463782,-14.8115742513506],[-40.7830819862446,-14.8113601002884],[-40.7830819862446,-14.8120025543743],[-40.7822253801971,-14.8127877758352],[-40.7825822986341,-14.8131090028781],[-40.7805835517894,-14.814286836868],[-40.7814044664429,-14.8151077506221],[-40.7805835517894,-14.8159643566697],[-40.7821539956104,-14.817249265741],[-40.7856161120938,-14.8156074382326],[-40.7864013335546,-14.8158572806889],[-40.786437025848,-14.8153219016844],[-40.7875077829578,-14.8153219016844],[-40.7876148589385,-14.8146794475984],[-40.7869010211651,-14.8141797608872],[-40.7870080962466,-14.8136443818827],[-40.7880788542557,-14.8129305441093],[-40.7890068439906,-14.8136443818827],[-40.7892175866222,-14.815523909201],[-40.7907200560857,-14.8161071240445]]]}},{"type":"Feature","properties":{"id":"1201","municipality":"2933307","density":"Densa","type":"Área urbanizada","state":"BA"},"geometry":{"type":"Polygon","coordinates":[[[-40.8928766994001,-14.845112182781],[-40.8898426988814,-14.8455716715953],[-40.8899854671556,-14.8474990347526],[-40.8890931688147,-14.8476418030268],[-40.8895571641318,-14.8500331606018],[-40.8905208452608,-14.8500331606018],[-40.8916272946639,-14.8478916463823],[-40.892736450127,-14.8469923306315],[-40.8928766994001,-14.845112182781]]]}},{"type":"Feature","properties":{"id":"1202","municipality":"2933307","density":"Densa","type":"Área urbanizada","state":"BA"},"geometry":{"type":"MultiPolygon","coordinates":[[[[-40.9569285487135,-14.8376668340571],[-40.9569689228774,-14.8376701984209],[-40.956966620613,-14.8376287621576],[-40.9569285487135,-14.8376668340571]]],[[[-40.9561861583644,-14.8403699020493],[-40.9568904777133,-14.8404460440497],[-40.9560338716658,-14.8407125437489],[-40.9562432653144,-14.8411122932977],[-40.957195049312,-14.8408648286489],[-40.9584894759085,-14.8395323310522],[-40.9597648665553,-14.8406173657987],[-40.9578612976607,-14.8418737213951],[-40.9590986182066,-14.8419879352949],[-40.9592318680562,-14.8413978289466],[-40.9598790813545,-14.8413597570471],[-40.9600504022043,-14.8408267576487],[-40.9600884741038,-14.8414930068967],[-40.9605643656529,-14.8415691497964],[-40.9602978659537,-14.8424257558439],[-40.9610592940512,-14.8423876848437],[-40.9610212221516,-14.840598329849],[-40.9614400076502,-14.8405602579495],[-40.9615542224494,-14.8410932582472],[-40.9629247910462,-14.8417975775961],[-40.9627344342467,-14.8425018987436],[-40.9647522170412,-14.8437392183902],[-40.9644666822915,-14.8439866821397],[-40.9650187167404,-14.8441960748889],[-40.9654375022389,-14.8437963253401],[-40.9659324297378,-14.8426351476938],[-40.9655136451386,-14.8421592561447],[-40.9657991798882,-14.8419879352949],[-40.9653994312387,-14.8398369017516],[-40.9660085726375,-14.8390564386037],[-40.9638575399934,-14.8379523688067],[-40.9637813970938,-14.8362581926614],[-40.9633055046453,-14.8363152996113],[-40.9631151478458,-14.8368673349595],[-40.962943826996,-14.8363343355611],[-40.9618968641489,-14.8363724065613],[-40.9612306149009,-14.8356871222628],[-40.9600123312041,-14.8363533706115],[-40.9594412599062,-14.8377620120072],[-40.9599932952543,-14.8384472972049],[-40.9602597949535,-14.8381807966064],[-40.9600504022043,-14.8389802957041],[-40.9603930448031,-14.8389802957041],[-40.9607547233518,-14.8380475476562],[-40.9614400076502,-14.8386186180547],[-40.9604882227532,-14.8400843664003],[-40.9599742602039,-14.8401985803002],[-40.958146834209,-14.8389422247039],[-40.9571189064123,-14.8401224382998],[-40.9566239780141,-14.8400653313499],[-40.9570617985631,-14.8384853682051],[-40.9579184046107,-14.8381427256063],[-40.9569689228774,-14.8376701984209],[-40.9560719435653,-14.8398369017516],[-40.9561861583644,-14.8403699020493]]]]}},{"type":"Feature","properties":{"id":"1203","municipality":"2933307","density":"Densa","type":"Vazio intraurbano","state":"BA"},"geometry":{"type":"Polygon","coordinates":[[[-40.861990464888,-14.8624215052482],[-40.8676726432778,-14.8583186865581],[-40.8614479731454,-14.8567196892622],[-40.859334842429,-14.8641494680235],[-40.861990464888,-14.8624215052482]]]}},{"type":"Feature","properties":{"id":"7405","municipality":"2900702","density":"Pouco densa","type":"Área urbanizada","state":"BA"},"geometry":{"type":"Polygon","coordinates":[[[-38.385053316,-12.106278492],[-38.3846304259999,-12.105842838],[-38.3841354989999,-12.1061283729999],[-38.383031429,-12.1055763379999],[-38.3827268579999,-12.105157553],[-38.3832979279999,-12.1045103399999],[-38.3829172149999,-12.1042248039999],[-38.382212894,-12.104643589],[-38.3815085739999,-12.1042248039999],[-38.381927359,-12.103577591],[-38.379110077,-12.101426558],[-38.378233827,-12.1025314259999],[-38.3783549179999,-12.102974181],[-38.3824222869999,-12.106299694],[-38.381775073,-12.1072324429999],[-38.381451467,-12.10755605],[-38.37989054,-12.106375837],[-38.3805377539999,-12.105766695],[-38.377635268,-12.103849161],[-38.3772069199999,-12.103880201],[-38.3758549739999,-12.105823802],[-38.377206508,-12.10631873],[-38.3779489,-12.10521466],[-38.37905297,-12.1060141589999],[-38.378158293,-12.106889801],[-38.380899432,-12.108622048],[-38.379947647,-12.1096309399999],[-38.380671003,-12.110373332],[-38.382536501,-12.108583977],[-38.384287784,-12.109916475],[-38.384659465,-12.1090717459999],[-38.384211641,-12.108793369],[-38.385053316,-12.106278492]]]}},{"type":"Feature","properties":{"id":"7406","municipality":"2900702","density":"Pouco densa","type":"Área urbanizada","state":"BA"},"geometry":{"type":"Polygon","coordinates":[[[-38.4178749499999,-12.210584931],[-38.4157334349999,-12.2088300779999],[-38.4133837169999,-12.20802701],[-38.411301689,-12.210287498],[-38.409160174,-12.211536715],[-38.40966581,-12.212012607],[-38.410617594,-12.211655688],[-38.4125211629999,-12.209811606],[-38.413919096,-12.209692633],[-38.416001125,-12.210317242],[-38.417369315,-12.2112392829999],[-38.4178749499999,-12.210584931]]]}},{"type":"Feature","properties":{"id":"7407","municipality":"2900702","density":"Pouco densa","type":"Área urbanizada","state":"BA"},"geometry":{"type":"Polygon","coordinates":[[[-38.351351274,-12.090105067],[-38.352590219,-12.0901895399999],[-38.353616975,-12.088802367],[-38.354330814,-12.0890997999999],[-38.354925679,-12.0876721229999],[-38.3568292479999,-12.089486462],[-38.356085666,-12.090676193],[-38.356323612,-12.090943882],[-38.357334883,-12.089813638],[-38.3592979389999,-12.091271058],[-38.3599225469999,-12.090586963],[-38.353498002,-12.085292662],[-38.351423112,-12.082897735],[-38.351066193,-12.083525912],[-38.3499383289999,-12.082626476],[-38.350123927,-12.082398048],[-38.347811091,-12.079956721],[-38.3474256179999,-12.080113765],[-38.347511278,-12.08079905],[-38.346454798,-12.080599175],[-38.346440521,-12.081270183],[-38.347182913,-12.08168421],[-38.347454171,-12.081056032],[-38.348239393,-12.081869808],[-38.3485534819999,-12.081612826],[-38.35015248,-12.083040502],[-38.349538579,-12.0839542149999],[-38.3506188549999,-12.084748955],[-38.351362665,-12.084253082],[-38.353349286,-12.086333676],[-38.3507616219999,-12.089545949],[-38.351351274,-12.090105067]]]}},{"type":"Feature","properties":{"id":"7408","municipality":"2900702","density":"Pouco densa","type":"Área urbanizada","state":"BA"},"geometry":{"type":"Polygon","coordinates":[[[-38.392370813,-12.129996746],[-38.390318528,-12.129193678],[-38.389545203,-12.130829558],[-38.3901400679999,-12.131097247],[-38.390021095,-12.1346366949999],[-38.391894921,-12.135172074],[-38.391894921,-12.1371946159999],[-38.3902292979999,-12.1372541019999],[-38.390110325,-12.140079712],[-38.3918651779999,-12.140406888],[-38.391889637,-12.141385264],[-38.3913632429999,-12.141802749],[-38.391436303,-12.143897119],[-38.393679517,-12.147009893],[-38.394155409,-12.145225297],[-38.3928467049999,-12.145195554],[-38.3924302999999,-12.143440701],[-38.3923708129999,-12.140615091],[-38.3929061919999,-12.140525861],[-38.393352341,-12.1370459],[-38.392608759,-12.1370459],[-38.3923410699999,-12.1346664389999],[-38.3925195289999,-12.130889044],[-38.3931738809999,-12.1301752059999],[-38.3932036239999,-12.1274983119999],[-38.3925195289999,-12.127438826],[-38.392370813,-12.129996746]]]}},{"type":"Feature","properties":{"id":"7409","municipality":"2900702","density":"Pouco densa","type":"Área urbanizada","state":"BA"},"geometry":{"type":"Polygon","coordinates":[[[-38.35978327,-12.185697693],[-38.3616154549999,-12.185340774],[-38.3633286669999,-12.1832468479999],[-38.3623292929999,-12.1830326969999],[-38.360497108,-12.184888676],[-38.3585221549999,-12.185745282],[-38.358284209,-12.1868160399999],[-38.359283583,-12.186935013],[-38.35978327,-12.185697693]]]}},{"type":"Feature","properties":{"id":"7410","municipality":"2900702","density":"Pouco densa","type":"Área urbanizada","state":"BA"},"geometry":{"type":"Polygon","coordinates":[[[-38.404668941,-12.200948114],[-38.4041683799999,-12.1986656679999],[-38.407435065,-12.199431207],[-38.407702754,-12.1988363419999],[-38.4071376319999,-12.198390193],[-38.4004156549999,-12.197349179],[-38.399255668,-12.197616868],[-38.398422856,-12.198390193],[-38.3982494709999,-12.1990820739999],[-38.3993448969999,-12.199282491],[-38.400296682,-12.203000399],[-38.400837134,-12.20351382],[-38.407048403,-12.201424006],[-38.4068402,-12.2008588839999],[-38.4053581099999,-12.201104616],[-38.404668941,-12.200948114]]]}},{"type":"Feature","properties":{"id":"7411","municipality":"2900702","density":"Pouco densa","type":"Área urbanizada","state":"BA"},"geometry":{"type":"Polygon","coordinates":[[[-38.3930668049999,-12.117385603],[-38.3896463299999,-12.122590674],[-38.3907765739999,-12.1234234849999],[-38.391401183,-12.123215283],[-38.392293481,-12.1217876059999],[-38.392709886,-12.121936322],[-38.391401183,-12.124494243],[-38.392709886,-12.1247916749999],[-38.393185779,-12.123601945],[-38.39384013,-12.1185455899999],[-38.3961006179999,-12.1153630609999],[-38.3953570369999,-12.114024614],[-38.396189848,-12.1128943699999],[-38.395743699,-12.112448222],[-38.394226793,-12.114054358],[-38.3939888469999,-12.1148276829999],[-38.3948216579999,-12.116106643],[-38.3941673059999,-12.117326117],[-38.3930668049999,-12.117385603]]]}},{"type":"Feature","properties":{"id":"7412","municipality":"2900702","density":"Pouco densa","type":"Outros equipamentos urbanos","state":"BA"},"geometry":{"type":"Polygon","coordinates":[[[-38.383281272,-12.138771009],[-38.3828351229999,-12.13978228],[-38.383340759,-12.1407638069999],[-38.383905881,-12.140823294],[-38.383876137,-12.141626362],[-38.3850956109999,-12.141566876],[-38.3864638009999,-12.1396930499999],[-38.3864638009999,-12.138771009],[-38.383281272,-12.138771009]]]}},{"type":"Feature","properties":{"id":"7413","municipality":"2900702","density":"Pouco densa","type":"Área urbanizada","state":"BA"},"geometry":{"type":"Polygon","coordinates":[[[-38.3890657419999,-12.112600507],[-38.3882959859999,-12.112686168],[-38.387582148,-12.113340519],[-38.3878795799999,-12.1137866679999],[-38.3863626739999,-12.115957926],[-38.3861544709999,-12.116731251],[-38.3876118909999,-12.117623549],[-38.39150231,-12.111820044],[-38.3902269189999,-12.1106588669999],[-38.3890657419999,-12.112600507]]]}},{"type":"Feature","properties":{"id":"7414","municipality":"2900702","density":"Pouco densa","type":"Área urbanizada","state":"BA"},"geometry":{"type":"Polygon","coordinates":[[[-38.4154559679999,-12.226995517],[-38.413219275,-12.226995517],[-38.41288615,-12.225829581],[-38.4121723119999,-12.225853376],[-38.41231508,-12.2273762309999],[-38.411529857,-12.229993638],[-38.4126244089999,-12.2299698429999],[-38.413409632,-12.228565961],[-38.415241817,-12.227756945],[-38.4154559679999,-12.226995517]]]}},{"type":"Feature","properties":{"id":"7415","municipality":"2900702","density":"Pouco densa","type":"Área urbanizada","state":"BA"},"geometry":{"type":"Polygon","coordinates":[[[-38.3762400479999,-11.969772516],[-38.3760116199999,-11.970400694],[-38.376373298,-11.970533944],[-38.3762019769999,-11.9722852269999],[-38.3751359779999,-11.972570763],[-38.3753834419999,-11.9776723269999],[-38.376335227,-11.9801850379999],[-38.3758022269999,-11.9827548559999],[-38.374869479,-11.9834211049999],[-38.3746581029999,-11.984422461],[-38.374122724,-11.98486861],[-38.373049098,-11.984537165],[-38.3724808579999,-11.985268156],[-38.3721001829999,-11.986653206],[-38.373319656,-11.988705491],[-38.3723083849999,-11.990906493],[-38.37180275,-11.990371114],[-38.371445831,-11.990728033],[-38.3692150859999,-11.988794721],[-38.3684715049999,-11.990549573],[-38.370018154,-11.9904306],[-38.37043456,-11.990965979],[-38.370196614,-11.991679817],[-38.370553533,-11.992363912],[-38.369393546,-11.994029535],[-38.3687986799999,-11.9936428729999],[-38.3682633019999,-11.994237738],[-38.3691555999999,-11.9950705489999],[-38.370613019,-11.995605928],[-38.371773007,-11.9936428729999],[-38.3733493999999,-11.993851076],[-38.3736170889999,-11.993404927],[-38.373289913,-11.9926613449999],[-38.372367872,-11.99206648],[-38.373795549,-11.9896572759999],[-38.3736170889999,-11.989270613],[-38.37525443,-11.985349611],[-38.376734976,-11.985153352],[-38.378467224,-11.9822408919999],[-38.3799329719999,-11.9817649999999],[-38.3798949,-11.981003572],[-38.378676616,-11.981308143],[-38.377934224,-11.977539077],[-38.37684919,-11.977424863],[-38.376449441,-11.9769299349999],[-38.376297155,-11.9742078319999],[-38.3773060469999,-11.969734445],[-38.3769443689999,-11.9695631239999],[-38.3762400479999,-11.969772516]]]}},{"type":"Feature","properties":{"id":"7416","municipality":"2903201","density":"Pouco densa","type":"Outros equipamentos urbanos","state":"BA"},"geometry":{"type":"Polygon","coordinates":[[[-45.069493625,-12.11304439],[-45.0698802869999,-12.1153346209999],[-45.070891558,-12.115185905],[-45.070475153,-12.11295516],[-45.069493625,-12.11304439]]]}},{"type":"Feature","properties":{"id":"7417","municipality":"2903201","density":"Pouco densa","type":"Área urbanizada","state":"BA"},"geometry":{"type":"Polygon","coordinates":[[[-45.060186528,-12.116320285],[-45.0602757569999,-12.1179859069999],[-45.058589172,-12.118233935],[-45.058639878,-12.116231055],[-45.0583721889999,-12.1157849059999],[-45.05756912,-12.1157849059999],[-45.056914769,-12.11682592],[-45.056319903,-12.116855663],[-45.056130001,-12.119068196],[-45.051085089,-12.1208412609999],[-45.050311764,-12.1212874089999],[-45.0498953589999,-12.122209451],[-45.0527209689999,-12.1230720049999],[-45.053018401,-12.123726357],[-45.0543865909999,-12.12366687],[-45.0570337419999,-12.122060734],[-45.059413203,-12.121406383],[-45.0598593519999,-12.1208115169999],[-45.062982394,-12.120067936],[-45.0630121369999,-12.1190269219999],[-45.064439814,-12.1188187189999],[-45.064529044,-12.119681273],[-45.065689031,-12.1192946109999],[-45.065689031,-12.117480272],[-45.065272625,-12.11673669],[-45.0641423809999,-12.116974636],[-45.063339313,-12.11563619],[-45.062655218,-12.1158443919999],[-45.062595732,-12.1164095139999],[-45.060186528,-12.116320285]]]}},{"type":"Feature","properties":{"id":"7418","municipality":"2903201","density":"Pouco densa","type":"Área urbanizada","state":"BA"},"geometry":{"type":"Polygon","coordinates":[[[-44.959126348,-12.141432946],[-44.9635068569999,-12.12868213],[-44.9620292119999,-12.1282324119999],[-44.9572429259999,-12.141370606],[-44.959126348,-12.141432946]]]}},{"type":"Feature","properties":{"id":"7419","municipality":"2903201","density":"Pouco densa","type":"Outros equipamentos urbanos","state":"BA"},"geometry":{"type":"Polygon","coordinates":[[[-45.0918010719999,-12.117446393],[-45.089243151,-12.118963299],[-45.089481097,-12.1194689349999],[-45.088945719,-12.119915084],[-45.0896595569999,-12.120926355],[-45.087964191,-12.1222350579999],[-45.088915975,-12.1234545319999],[-45.0910872329999,-12.1222945449999],[-45.090730314,-12.121699679],[-45.0934964379999,-12.1195581649999],[-45.0918010719999,-12.117446393]]]}},{"type":"Feature","properties":{"id":"7420","municipality":"2903201","density":"Pouco densa","type":"Área urbanizada","state":"BA"},"geometry":{"type":"Polygon","coordinates":[[[-44.966301534,-12.133886011],[-44.967522198,-12.130513125],[-44.9645990299999,-12.1292282159999],[-44.963217753,-12.1327938389999],[-44.966301534,-12.133886011]]]}},{"type":"Feature","properties":{"id":"7421","municipality":"2903201","density":"Pouco densa","type":"Área urbanizada","state":"BA"},"geometry":{"type":"Polygon","coordinates":[[[-44.950850504,-12.1116249639999],[-44.9486982819999,-12.112074682],[-44.9485055449999,-12.115286954],[-44.948923141,-12.1151584629999],[-44.948858895,-12.1170537039999],[-44.9513002219999,-12.1170537039999],[-44.951428713,-12.1156403039999],[-44.952745745,-12.1156724269999],[-44.952745745,-12.113969923],[-44.951589327,-12.1139056769999],[-44.951557204,-12.112010436],[-44.950850504,-12.1116249639999]]]}},{"type":"Feature","properties":{"id":"7422","municipality":"2903201","density":"Pouco densa","type":"Área urbanizada","state":"BA"},"geometry":{"type":"Polygon","coordinates":[[[-45.0025308699999,-12.1137130619999],[-45.003599585,-12.112449447],[-45.0034925099999,-12.112092528],[-44.9986741009999,-12.1104506999999],[-44.99810303,-12.1136629719999],[-45.0025308699999,-12.1137130619999]]]}},{"type":"Feature","properties":{"id":"7423","municipality":"2903201","density":"Pouco densa","type":"Área urbanizada","state":"BA"},"geometry":{"type":"Polygon","coordinates":[[[-45.019630902,-12.138662155],[-45.021803098,-12.1385988869999],[-45.022372509,-12.137438976],[-45.0216554729999,-12.13406469],[-45.0222881519999,-12.133895976],[-45.021992902,-12.1322510109999],[-45.0203901159999,-12.132082297],[-45.0201249419999,-12.131187702],[-45.0189471089999,-12.1322941519999],[-45.018019119,-12.132543995],[-45.017519432,-12.133614753],[-45.0188757249999,-12.134221515],[-45.0183403459999,-12.1356135],[-45.0176621999999,-12.1357205759999],[-45.017162513,-12.1364701059999],[-45.018911417,-12.1364344139999],[-45.019304028,-12.137790707],[-45.018340346,-12.138433161],[-45.0184474219999,-12.139147],[-45.019630902,-12.138662155]]]}},{"type":"Feature","properties":{"id":"7424","municipality":"2903201","density":"Pouco densa","type":"Área urbanizada","state":"BA"},"geometry":{"type":"Polygon","coordinates":[[[-45.036432459,-12.2708786819999],[-45.03793152,-12.272972608],[-45.037955315,-12.27375783],[-45.0394305799999,-12.273591268],[-45.040739284,-12.274424079],[-45.0409058459999,-12.27406716],[-45.04221455,-12.274614436],[-45.042809415,-12.273924392],[-45.0429045929999,-12.2731867599999],[-45.041762452,-12.272758457],[-45.042666647,-12.269879309],[-45.042190755,-12.269712746],[-45.0415958899999,-12.270497969],[-45.040477543,-12.270022076],[-45.040001651,-12.272401537],[-45.0395257589999,-12.272663278],[-45.036218308,-12.269688952],[-45.0376935739999,-12.2661435549999],[-45.0359089779999,-12.265786636],[-45.034647864,-12.2683326589999],[-45.0330774189999,-12.2677853829999],[-45.032387376,-12.268427838],[-45.0332439819999,-12.2687371669999],[-45.032672911,-12.270545558],[-45.036432459,-12.2708786819999]]]}},{"type":"Feature","properties":{"id":"7425","municipality":"2903201","density":"Pouco densa","type":"Outros equipamentos urbanos","state":"BA"},"geometry":{"type":"Polygon","coordinates":[[[-44.9660020219999,-12.0758070969999],[-44.965752178,-12.0765923189999],[-44.963646355,-12.076628011],[-44.96353928,-12.0773418489999],[-44.962040219,-12.077556],[-44.962254371,-12.078519682],[-44.9670370869999,-12.077698768],[-44.968321996,-12.0783412229999],[-44.9676438499999,-12.0760569399999],[-44.9660020219999,-12.0758070969999]]]}},{"type":"Feature","properties":{"id":"7426","municipality":"2903201","density":"Pouco densa","type":"Área urbanizada","state":"BA"},"geometry":{"type":"Polygon","coordinates":[[[-44.999986388,-12.289207597],[-45.0007597119999,-12.289742976],[-45.0022171319999,-12.288107096],[-45.000045874,-12.2868281359999],[-44.997517697,-12.28905888],[-44.9987669139999,-12.290349738],[-44.999986388,-12.289207597]]]}},{"type":"Feature","properties":{"id":"7427","municipality":"2903201","density":"Pouco densa","type":"Área urbanizada","state":"BA"},"geometry":{"type":"Polygon","coordinates":[[[-44.969124208,-12.092942761],[-44.9699570189999,-12.0954649899999],[-44.970885009,-12.095417401],[-44.971218133,-12.0965119529999],[-44.971789204,-12.096416774],[-44.971646436,-12.0989390029999],[-44.972693399,-12.100104939],[-44.974335227,-12.099914582],[-44.974930092,-12.101342259],[-44.97569152,-12.103840693],[-44.9738831299999,-12.104364174],[-44.9740734859999,-12.105506315],[-44.978856203,-12.104387969],[-44.9758342879999,-12.096535747],[-44.9794510679999,-12.095417401],[-44.979070355,-12.096178828],[-44.9799269609999,-12.0967974879999],[-44.9809501289999,-12.0958219089999],[-44.979736604,-12.095131866],[-44.979879371,-12.094798741],[-44.983044054,-12.093490037],[-44.981663967,-12.092776199],[-44.9798079869999,-12.093323475],[-44.980188701,-12.094465616],[-44.977571294,-12.095393606],[-44.975929466,-12.0909202199999],[-44.969124208,-12.092942761]]]}},{"type":"Feature","properties":{"id":"7428","municipality":"2903201","density":"Pouco densa","type":"Área urbanizada","state":"BA"},"geometry":{"type":"Polygon","coordinates":[[[-44.9100739049999,-12.137230686],[-44.9100417829999,-12.1365239859999],[-44.909624187,-12.1366524769999],[-44.909078101,-12.139607768],[-44.9084356459999,-12.139704136],[-44.908467769,-12.1420490949999],[-44.9099454139999,-12.141824236],[-44.909977537,-12.140860554],[-44.9133183,-12.140025363],[-44.9130934409999,-12.138868945],[-44.9139928779999,-12.138611963],[-44.9135752819999,-12.136973705],[-44.9100739049999,-12.137230686]]]}},{"type":"Feature","properties":{"id":"7429","municipality":"2903201","density":"Pouco densa","type":"Outros equipamentos urbanos","state":"BA"},"geometry":{"type":"Polygon","coordinates":[[[-45.0280405189999,-12.165841142],[-45.041157298,-12.1628370729999],[-45.040778888,-12.161105008],[-45.025745453,-12.164220913],[-45.027126731,-12.165473699],[-45.0280405189999,-12.165841142]]]}},{"type":"Feature","properties":{"id":"7430","municipality":"2903201","density":"Pouco densa","type":"Área urbanizada","state":"BA"},"geometry":{"type":"Polygon","coordinates":[[[-45.0153382339999,-12.162095114],[-45.0220192179999,-12.159627363],[-45.022019218,-12.159274013],[-45.015249118,-12.1615307129999],[-45.0153382339999,-12.162095114]]]}},{"type":"Feature","properties":{"id":"7431","municipality":"2903201","density":"Pouco densa","type":"Área urbanizada","state":"BA"},"geometry":{"type":"Polygon","coordinates":[[[-45.05625337,-12.228310125],[-45.0571337699999,-12.2258354859999],[-45.057681046,-12.225883075],[-45.0581093489999,-12.224764728],[-45.059394258,-12.225193031],[-45.0592276959999,-12.225573745],[-45.0603698369999,-12.22616861],[-45.0607267559999,-12.225597539],[-45.0613692109999,-12.2256451289999],[-45.060774346,-12.2243602199999],[-45.0612026489999,-12.223051516],[-45.0646052779999,-12.223979506],[-45.0651049649999,-12.2227183919999],[-45.061559568,-12.221600045],[-45.061274032,-12.222266294],[-45.0557774769999,-12.220933796],[-45.055182612,-12.222670802],[-45.056348548,-12.222980132],[-45.056229575,-12.2233846409999],[-45.053564579,-12.2234084349999],[-45.0529459189999,-12.223789149],[-45.0529459189999,-12.2255023609999],[-45.051613421,-12.2262875829999],[-45.051185118,-12.227382135],[-45.05625337,-12.228310125]]]}},{"type":"Feature","properties":{"id":"7432","municipality":"2903201","density":"Pouco densa","type":"Outros equipamentos urbanos","state":"BA"},"geometry":{"type":"Polygon","coordinates":[[[-45.078862753,-12.1113490239999],[-45.0760966289999,-12.111705943],[-45.0767807239999,-12.114055661],[-45.0788627529999,-12.113639255],[-45.0807960649999,-12.114234121],[-45.0802011989999,-12.111646457],[-45.078862753,-12.1113490239999]]]}},{"type":"Feature","properties":{"id":"7433","municipality":"2910727","density":"Pouco densa","type":"Área urbanizada","state":"BA"},"geometry":{"type":"Polygon","coordinates":[[[-39.591384003,-16.3877042579999],[-39.592797402,-16.389503131],[-39.594564152,-16.390659549],[-39.5947890109999,-16.390306199],[-39.5960198399999,-16.390655409],[-39.596499051,-16.389000238],[-39.5977363709999,-16.3881674269999],[-39.597498425,-16.3875963559999],[-39.5947620439999,-16.3883101939999],[-39.59379747,-16.388135288],[-39.5931728619999,-16.38724299],[-39.5916262119999,-16.3868265839999],[-39.591566725,-16.385398908],[-39.5937082399999,-16.384982502],[-39.595582066,-16.385755827],[-39.59653385,-16.383971231],[-39.5950169439999,-16.383197906],[-39.5948087409999,-16.381681],[-39.594094903,-16.381621513],[-39.59379747,-16.382394838],[-39.593024145,-16.382424581],[-39.5919831309999,-16.3813240809999],[-39.5912098059999,-16.381086135],[-39.59106109,-16.3815917699999],[-39.5902754299999,-16.38193746],[-39.591384003,-16.3877042579999]]]}},{"type":"Feature","properties":{"id":"7434","municipality":"2910727","density":"Pouco densa","type":"Área urbanizada","state":"BA"},"geometry":{"type":"Polygon","coordinates":[[[-39.572809922,-16.325394129],[-39.572869408,-16.3273571839999],[-39.5700485579999,-16.327043756],[-39.5701204449999,-16.329248288],[-39.572833031,-16.329533823],[-39.572499906,-16.3317229269999],[-39.573546869,-16.331818106],[-39.5734595229999,-16.3348302549999],[-39.5750656589999,-16.3351836049999],[-39.575097782,-16.3321640689999],[-39.5761257089999,-16.3322604369999],[-39.5762118649999,-16.3203015139999],[-39.576973293,-16.3203491039999],[-39.5770208819999,-16.3188262479999],[-39.5762118649999,-16.318778659],[-39.576116687,-16.316637144],[-39.572833031,-16.3162088409999],[-39.572833031,-16.320063568],[-39.571357765,-16.3199683899999],[-39.57102464,-16.32058705],[-39.568407233,-16.3206822279999],[-39.5683596439999,-16.321491245],[-39.569025893,-16.3216340119999],[-39.569121071,-16.32239544],[-39.567788573,-16.322347851],[-39.567645806,-16.323394814],[-39.5666940209999,-16.323299635],[-39.5666940209999,-16.3245369549999],[-39.572809922,-16.325394129]]]}},{"type":"Feature","properties":{"id":"7435","municipality":"2910727","density":"Pouco densa","type":"Área urbanizada","state":"BA"},"geometry":{"type":"Polygon","coordinates":[[[-39.557062855,-16.363607407],[-39.556456093,-16.360073908],[-39.553779199,-16.3598597559999],[-39.5539219669999,-16.36346464],[-39.553350896,-16.363607407],[-39.553350896,-16.3641784779999],[-39.554421654,-16.364464013],[-39.5546001129999,-16.365677538],[-39.5542075019999,-16.365855998],[-39.554742881,-16.3703888709999],[-39.555635179,-16.370567331],[-39.555706563,-16.371423937],[-39.557741002,-16.3715310119999],[-39.557776694,-16.370460255],[-39.5609828189999,-16.370475771],[-39.5600502029999,-16.363323277],[-39.557062855,-16.363607407]]]}},{"type":"Feature","properties":{"id":"7436","municipality":"2910727","density":"Pouco densa","type":"Área urbanizada","state":"BA"},"geometry":{"type":"Polygon","coordinates":[[[-39.444987305,-16.250491882],[-39.445748732,-16.251895764],[-39.446700517,-16.252633397],[-39.4472953819999,-16.2522526829999],[-39.4476760959999,-16.2529189319999],[-39.448675469,-16.2516340229999],[-39.4459866779999,-16.2488024649999],[-39.444987305,-16.250491882]]]}},{"type":"Feature","properties":{"id":"7437","municipality":"2910727","density":"Pouco densa","type":"Área urbanizada","state":"BA"},"geometry":{"type":"Polygon","coordinates":[[[-39.577185759,-16.335890305],[-39.5781815629999,-16.335986673],[-39.5782136859999,-16.335633323],[-39.579337981,-16.3353120959999],[-39.579755577,-16.3340593099999],[-39.581490204,-16.333866574],[-39.5810154019999,-16.327531507],[-39.581368752,-16.326953298],[-39.580726298,-16.3265357019999],[-39.578959548,-16.327884857],[-39.578959548,-16.330583165],[-39.578574075,-16.3310007609999],[-39.577442741,-16.331071897],[-39.577699722,-16.331810719],[-39.577250004,-16.3324852969999],[-39.577185759,-16.335890305]]]}},{"type":"Feature","properties":{"id":"7438","municipality":"2910727","density":"Pouco densa","type":"Outros equipamentos urbanos","state":"BA"},"geometry":{"type":"Polygon","coordinates":[[[-39.5593255439999,-16.33411519],[-39.559486158,-16.336171044],[-39.5610601709999,-16.335946185],[-39.560926109,-16.333927613],[-39.5593255439999,-16.33411519]]]}},{"type":"Feature","properties":{"id":"7439","municipality":"2910727","density":"Pouco densa","type":"Área urbanizada","state":"BA"},"geometry":{"type":"Polygon","coordinates":[[[-39.597484247,-16.31193295],[-39.596616933,-16.311065636],[-39.5942077289999,-16.311065636],[-39.5923124879999,-16.310198323],[-39.592119752,-16.3121578089999],[-39.5927300829999,-16.312189932],[-39.592762206,-16.312864509],[-39.593404661,-16.312832386],[-39.593436783,-16.3122541769999],[-39.594047115,-16.3118687049999],[-39.595845988,-16.31334635],[-39.595813865,-16.3144063999999],[-39.597195142,-16.3145670129999],[-39.597484247,-16.31193295]]]}},{"type":"Feature","properties":{"id":"7440","municipality":"2910727","density":"Pouco densa","type":"Área urbanizada","state":"BA"},"geometry":{"type":"Polygon","coordinates":[[[-39.650381441,-16.3695087409999],[-39.649962656,-16.370517632],[-39.649348893,-16.3707081109999],[-39.6497291799999,-16.37352857],[-39.647448466,-16.3743316379999],[-39.647384221,-16.374781356],[-39.648797621,-16.374909847],[-39.649440075,-16.376034142],[-39.65197777,-16.3749740919999],[-39.652106261,-16.374395883],[-39.6540336249999,-16.3724685199999],[-39.653262679,-16.3724363969999],[-39.6534232929999,-16.370252052],[-39.6550615519999,-16.3697702109999],[-39.654660104,-16.3668056729999],[-39.6531606519999,-16.3668056729999],[-39.6531225799999,-16.367186387],[-39.652437295,-16.3672625299999],[-39.6523421169999,-16.366577245],[-39.651561654,-16.3663678519999],[-39.651299384,-16.3656390589999],[-39.6511999759999,-16.367300601],[-39.650419512,-16.367091209],[-39.650381441,-16.3695087409999]]]}},{"type":"Feature","properties":{"id":"7441","municipality":"2910727","density":"Pouco densa","type":"Área urbanizada","state":"BA"},"geometry":{"type":"Polygon","coordinates":[[[-39.6063491269999,-16.371032912],[-39.606527586,-16.3691888299999],[-39.604475301,-16.3688319099999],[-39.603791206,-16.3674637199999],[-39.602452759,-16.367106801],[-39.6001030419999,-16.3690401129999],[-39.598288703,-16.3690698569999],[-39.5983779319999,-16.370616506],[-39.6063491269999,-16.371032912]]]}},{"type":"Feature","properties":{"id":"7442","municipality":"2910727","density":"Pouco densa","type":"Área urbanizada","state":"BA"},"geometry":{"type":"Polygon","coordinates":[[[-39.566456789,-16.337841426],[-39.5666174029999,-16.337295339],[-39.56269843,-16.333119385],[-39.5623129579999,-16.334500662],[-39.5628269209999,-16.336299535],[-39.564208198,-16.338419635],[-39.5642403209999,-16.339222703],[-39.5659107029999,-16.340539734],[-39.5671634889999,-16.339126335],[-39.566456789,-16.337841426]]]}},{"type":"Feature","properties":{"id":"7443","municipality":"2910727","density":"Pouco densa","type":"Área urbanizada","state":"BA"},"geometry":{"type":"Polygon","coordinates":[[[-39.696950347,-16.226835449],[-39.696982469,-16.228248849],[-39.696147279,-16.229662249],[-39.6966933649999,-16.2322320669999],[-39.7000983739999,-16.231396876],[-39.700258987,-16.230786544],[-39.699520165,-16.2304010719999],[-39.697592801,-16.230304703],[-39.6974964329999,-16.228827058],[-39.6992310599999,-16.226739081],[-39.7017366329999,-16.2267712039999],[-39.701929369,-16.2262572399999],[-39.697978274,-16.2256147859999],[-39.696950347,-16.226835449]]]}},{"type":"Feature","properties":{"id":"7444","municipality":"2910727","density":"Pouco densa","type":"Área urbanizada","state":"BA"},"geometry":{"type":"Polygon","coordinates":[[[-39.5493674999999,-16.337712935],[-39.5487892909999,-16.338772985],[-39.548050468,-16.338708739],[-39.548178959,-16.33742383],[-39.547408014,-16.337327462],[-39.5428144639999,-16.338259021],[-39.543617532,-16.3399294029999],[-39.545673387,-16.339704544],[-39.546476455,-16.340411243],[-39.5489177819999,-16.340828839],[-39.548982027,-16.339704544],[-39.550748777,-16.340379121],[-39.552033686,-16.3389335979999],[-39.5493674999999,-16.337712935]]]}},{"type":"Feature","properties":{"id":"7445","municipality":"2910800","density":"Pouco densa","type":"Área urbanizada","state":"BA"},"geometry":{"type":"Polygon","coordinates":[[[-38.8964635837274,-12.2591872354025],[-38.8964040980706,-12.2600795328441],[-38.8956010286645,-12.2603769656244],[-38.8955712862858,-12.2609123437296],[-38.8969692185545,-12.2610015735637],[-38.8969692185545,-12.2591872354025],[-38.8964635837274,-12.2591872354025]]]}},{"type":"Feature","properties":{"id":"7446","municipality":"2910800","density":"Pouco densa","type":"Área urbanizada","state":"BA"},"geometry":{"type":"Polygon","coordinates":[[[-38.9104564259232,-12.275274928695],[-38.911812718682,-12.2723481921153],[-38.9110988800093,-12.2714915860678],[-38.9137757741326,-12.2714558937744],[-38.9138828501134,-12.2705992877269],[-38.9100281228995,-12.2703494452707],[-38.9102422739617,-12.2716343534426],[-38.9094213602075,-12.2719555813849],[-38.9090287485778,-12.2701352933091],[-38.9061377042915,-12.2698497576602],[-38.9061377042915,-12.2711703590248],[-38.9070656940265,-12.2710989753374],[-38.907279845988,-12.2719198890916],[-38.9064589313345,-12.2718128131108],[-38.9064589313345,-12.2727764951391],[-38.907922300074,-12.272954953908],[-38.9081721434296,-12.2722054238412],[-38.9089216743957,-12.2725266508842],[-38.9092785928328,-12.2732761818503],[-38.9087432138282,-12.2743826312534],[-38.9091001331645,-12.2755247720505],[-38.9104564259232,-12.275274928695]]]}},{"type":"Feature","properties":{"id":"7447","municipality":"2910800","density":"Pouco densa","type":"Área urbanizada","state":"BA"},"geometry":{"type":"Polygon","coordinates":[[[-38.9036911966913,-12.2759029486621],[-38.9005384110188,-12.2772413961735],[-38.9010737900234,-12.2783121532832],[-38.900746613965,-12.2789070179445],[-38.9009845601893,-12.279382910393],[-38.9016983979627,-12.279055735234],[-38.9019660883643,-12.2781634368931],[-38.9042860622519,-12.2770331932272],[-38.9036911966913,-12.2759029486621]]]}},{"type":"Feature","properties":{"id":"7448","municipality":"2910800","density":"Pouco densa","type":"Área urbanizada","state":"BA"},"geometry":{"type":"Polygon","coordinates":[[[-38.8859360802858,-12.2700282173283],[-38.8854720849687,-12.2694214546363],[-38.8830807273936,-12.2700639087224],[-38.8826881157639,-12.2692073026748],[-38.8813318230052,-12.269350070949],[-38.8810819796496,-12.2704208280587],[-38.8793687675545,-12.2708134387891],[-38.8793687675545,-12.2715272783611],[-38.8821170453653,-12.2714558937744],[-38.8821170453653,-12.2710632830441],[-38.8859717716798,-12.2705279040395],[-38.8861859236414,-12.2715272783611],[-38.8875065250061,-12.2709562070633],[-38.8875779077941,-12.2714558937744],[-38.8883988224476,-12.271384510087],[-38.8884345138417,-12.2700282173283],[-38.8859360802858,-12.2700282173283]]]}},{"type":"Feature","properties":{"id":"7449","municipality":"2910800","density":"Pouco densa","type":"Área urbanizada","state":"BA"},"geometry":{"type":"Polygon","coordinates":[[[-38.9172140801656,-12.1841337735548],[-38.9204973547691,-12.1896058999923],[-38.9204387252669,-12.1900944818748],[-38.9212204582575,-12.1908371276313],[-38.92034100943,-12.1916579469566],[-38.9216308665712,-12.1912866240784],[-38.9222953387588,-12.1922637887428],[-38.9232725052219,-12.1919315530986],[-38.9232529611552,-12.191267080911],[-38.9217285842067,-12.1903485448494],[-38.921259543693,-12.1890782308756],[-38.9205364420032,-12.1885114754242],[-38.9195201901046,-12.1857558681388],[-38.9194811028706,-12.1843878374287],[-38.9203019221959,-12.18409468722],[-38.9200478592213,-12.1834497581998],[-38.9219435599473,-12.1829611763172],[-38.9217481273741,-12.1824921358034],[-38.9172140801656,-12.1841337735548]]]}},{"type":"Feature","properties":{"id":"7450","municipality":"2910800","density":"Pouco densa","type":"Outros equipamentos urbanos","state":"BA"},"geometry":{"type":"Polygon","coordinates":[[[-38.850901554663,-12.3359812019709],[-38.847737809852,-12.3380646442679],[-38.8472362408598,-12.3376402389059],[-38.847853557096,-12.3366371000221],[-38.8476992280369,-12.3361355310299],[-38.8469661645568,-12.3360969492148],[-38.8468504182122,-12.3368300117955],[-38.8456543693536,-12.3372158344432],[-38.8431851053083,-12.3369071763251],[-38.8435323452415,-12.3388748713782],[-38.8450756349326,-12.3408811482464],[-38.8459630265723,-12.3403024138253],[-38.8482007970291,-12.3405724901283],[-38.8488181132653,-12.3400709211361],[-38.8488566959797,-12.3420386161891],[-38.8484708733321,-12.3424244379374],[-38.8504385683852,-12.3450866128569],[-38.8514031236552,-12.3442763857466],[-38.8493196831568,-12.3412283881795],[-38.8519046926474,-12.3403409956404],[-38.8512873773106,-12.3362512782739],[-38.850901554663,-12.3359812019709]]]}},{"type":"Feature","properties":{"id":"7451","municipality":"2910800","density":"Pouco densa","type":"Área urbanizada","state":"BA"},"geometry":{"type":"Polygon","coordinates":[[[-38.8839956301941,-12.2914314686873],[-38.8822705209677,-12.2927699161986],[-38.8842633187971,-12.2942868215795],[-38.8850961305819,-12.2930376048016],[-38.8858397116334,-12.293216065369],[-38.8862561184251,-12.2927104287433],[-38.8847689554229,-12.2919668476918],[-38.8858991990887,-12.2914612119653],[-38.8856612528645,-12.2906581443578],[-38.8839956301941,-12.2914314686873]]]}},{"type":"Feature","properties":{"id":"7452","municipality":"2910800","density":"Pouco densa","type":"Área urbanizada","state":"BA"},"geometry":{"type":"Polygon","coordinates":[[[-38.8828058990729,-12.2831925851696],[-38.8824787230146,-12.2843525730128],[-38.8832223049654,-12.2845310317816],[-38.8832520482434,-12.2840253969545],[-38.8846797246895,-12.2843228288355],[-38.8848581843577,-12.2835495036066],[-38.8828058990729,-12.2831925851696]]]}},{"type":"Feature","properties":{"id":"7453","municipality":"2910800","density":"Pouco densa","type":"Área urbanizada","state":"BA"},"geometry":{"type":"Polygon","coordinates":[[[-38.8987240719583,-12.2601390202995],[-38.8988133017924,-12.2607338849608],[-38.898426639178,-12.2602579934116],[-38.8975045975591,-12.2603769656244],[-38.8976235706712,-12.2618046420705],[-38.8991702211288,-12.2617748987925],[-38.8998245732454,-12.2644220487385],[-38.9005086677408,-12.2641841034136],[-38.8996461126779,-12.2599903030101],[-38.8987240719583,-12.2601390202995]]]}},{"type":"Feature","properties":{"id":"7454","municipality":"2910800","density":"Pouco densa","type":"Área urbanizada","state":"BA"},"geometry":{"type":"Polygon","coordinates":[[[-38.8928246200601,-12.2705279040395],[-38.8920750899933,-12.2707063637077],[-38.892360624743,-12.2718485054041],[-38.8911827916525,-12.2713131263996],[-38.8899335748745,-12.2718841967982],[-38.8896837306197,-12.2728478788265],[-38.8902191096242,-12.2730620298887],[-38.8908972560035,-12.2724909585908],[-38.8934670741461,-12.2729906462013],[-38.8936812261077,-12.2745967823156],[-38.8945735244486,-12.2744897072342],[-38.8942522974056,-12.2722768084279],[-38.8928246200601,-12.2705279040395]]]}},{"type":"Feature","properties":{"id":"7455","municipality":"2910800","density":"Pouco densa","type":"Área urbanizada","state":"BA"},"geometry":{"type":"Polygon","coordinates":[[[-38.8835804141048,-12.241770927786],[-38.8837588728736,-12.2428773771891],[-38.8848296308827,-12.2429130685832],[-38.8845084038397,-12.2416995440987],[-38.8835804141048,-12.241770927786]]]}},{"type":"Feature","properties":{"id":"7456","municipality":"2910800","density":"Pouco densa","type":"Área urbanizada","state":"BA"},"geometry":{"type":"Polygon","coordinates":[[[-38.9895425539457,-12.1984825593226],[-38.9873491416495,-12.1981834582999],[-38.9868351782009,-12.1990507707764],[-38.9851647972176,-12.1987937886024],[-38.9847472006228,-12.1979264761259],[-38.9795754432521,-12.1962882171275],[-38.9795433203679,-12.1952602902302],[-38.9761061888495,-12.1951960435625],[-38.9761704337185,-12.1959991120693],[-38.9775195885581,-12.1960633578377],[-38.9775195885581,-12.1977337388209],[-38.9894034027448,-12.2009450622648],[-38.9895425539457,-12.1984825593226]]]}},{"type":"Feature","properties":{"id":"7457","municipality":"2910800","density":"Pouco densa","type":"Área urbanizada","state":"BA"},"geometry":{"type":"Polygon","coordinates":[[[-38.9021445471331,-12.2832792780162],[-38.9022635202452,-12.2810187897853],[-38.90172814214,-12.28170288518],[-38.8992891942408,-12.2821787767291],[-38.9001220051264,-12.2838444002988],[-38.9020850605771,-12.2842310620139],[-38.9055055357518,-12.2865212926235],[-38.9058624550882,-12.2858371981282],[-38.9021445471331,-12.2832792780162]]]}},{"type":"Feature","properties":{"id":"7458","municipality":"2910800","density":"Pouco densa","type":"Área urbanizada","state":"BA"},"geometry":{"type":"Polygon","coordinates":[[[-38.902577273922,-12.2529848243901],[-38.9040549202983,-12.2532739294483],[-38.9040549202983,-12.2541412419247],[-38.9045275832813,-12.2543303072978],[-38.9043119006736,-12.2570644099945],[-38.9051792149488,-12.2603730499763],[-38.9063356333827,-12.2601803135706],[-38.9064522502711,-12.2543195253258],[-38.9045427026836,-12.2540301999337],[-38.9046652506008,-12.2525351058105],[-38.9051792149488,-12.2525029829263],[-38.9051792149488,-12.2482949057852],[-38.9040754653104,-12.2481477398263],[-38.9041512880515,-12.2490658523072],[-38.9028021332118,-12.2490658523072],[-38.902577273922,-12.2529848243901]]]}},{"type":"Feature","properties":{"id":"7459","municipality":"2910800","density":"Pouco densa","type":"Área urbanizada","state":"BA"},"geometry":{"type":"Polygon","coordinates":[[[-38.9310499088262,-12.200816768579],[-38.9304312490029,-12.2052425661914],[-38.9296222323801,-12.206479885838],[-38.9283373242081,-12.206099172239],[-38.927290361361,-12.2077647949093],[-38.9327631209212,-12.2099063100282],[-38.933191423945,-12.2086689903816],[-38.9326679429711,-12.2077647949093],[-38.9331438354196,-12.2068606003364],[-38.9321920496233,-12.2058612260147],[-38.9319541042984,-12.200578823254],[-38.9310499088262,-12.200816768579]]]}},{"type":"Feature","properties":{"id":"7460","municipality":"2910800","density":"Pouco densa","type":"Outros equipamentos urbanos","state":"BA"},"geometry":{"type":"Polygon","coordinates":[[[-38.8610486871472,-12.3284962453054],[-38.8554156782908,-12.3323544699828],[-38.8550684383577,-12.3314670792423],[-38.8545282857518,-12.3317371537466],[-38.8541038821884,-12.3304639403585],[-38.8519818580763,-12.3303481931146],[-38.8533322368932,-12.3348623167425],[-38.8565345644185,-12.3323930526972],[-38.8585408412868,-12.3348623167425],[-38.8617817497279,-12.3372929989727],[-38.8627077240822,-12.336598518207],[-38.8612801798364,-12.3345536586244],[-38.863595115722,-12.3328560398743],[-38.8615888379545,-12.3297694595929],[-38.8610486871472,-12.3284962453054]]]}},{"type":"Feature","properties":{"id":"7461","municipality":"2910800","density":"Pouco densa","type":"Área urbanizada","state":"BA"},"geometry":{"type":"Polygon","coordinates":[[[-38.9070454358981,-12.2521308497589],[-38.9103509741181,-12.2525993506794],[-38.910383096103,-12.2521175110143],[-38.9117964958116,-12.2523102474199],[-38.9123435857878,-12.2462023353695],[-38.913566807662,-12.2462459560859],[-38.9135064730452,-12.2453179519619],[-38.911900336931,-12.2452882086839],[-38.9119006184188,-12.2443355838201],[-38.9110100557694,-12.2443341862736],[-38.9109637361874,-12.2461391517005],[-38.9099012546391,-12.2460784375698],[-38.9099655013068,-12.2469457518449],[-38.9109291833351,-12.2471384882506],[-38.9107364460301,-12.2489052378864],[-38.9113467781312,-12.2490337294231],[-38.9112825323629,-12.2502865147109],[-38.9088733277418,-12.2499010427989],[-38.9072776210653,-12.249042788294],[-38.9070454358981,-12.2521308497589]]]}},{"type":"Feature","properties":{"id":"7462","municipality":"2910800","density":"Pouco densa","type":"Área urbanizada","state":"BA"},"geometry":{"type":"Polygon","coordinates":[[[-38.9011630198575,-12.2488306310287],[-38.9028116462404,-12.248798902947],[-38.9028881290839,-12.2449342634055],[-38.9015463756647,-12.2449038357434],[-38.9015601910499,-12.2436374572029],[-38.8998469789549,-12.2435660744147],[-38.89970421158,-12.245755178059],[-38.9011935878138,-12.2457841892889],[-38.9011630198575,-12.2488306310287]]]}},{"type":"Feature","properties":{"id":"7463","municipality":"2910800","density":"Pouco densa","type":"Área urbanizada","state":"BA"},"geometry":{"type":"Polygon","coordinates":[[[-38.9018768576308,-12.2535955018309],[-38.9021445471331,-12.2551124081111],[-38.9008060996218,-12.2552908677793],[-38.9009250727338,-12.2542498539476],[-38.89976508579,-12.2543390828823],[-38.899408167353,-12.2561534219428],[-38.9000030320143,-12.2557965026065],[-38.901044045846,-12.2559154757186],[-38.8988727883484,-12.2572241799519],[-38.8988727883484,-12.2584733967298],[-38.89976508579,-12.2587708286108],[-38.9000030320143,-12.2574323828981],[-38.9015199391938,-12.2567482884027],[-38.9026051969722,-12.2567532958279],[-38.9026862582642,-12.2536300411934],[-38.9018768576308,-12.2535955018309]]]}},{"type":"Feature","properties":{"id":"7464","municipality":"2910800","density":"Pouco densa","type":"Área urbanizada","state":"BA"},"geometry":{"type":"Polygon","coordinates":[[[-38.8609160479372,-12.2953028522448],[-38.8597025225533,-12.2949816252018],[-38.8594883705918,-12.2954099282256],[-38.8581677701264,-12.2952671599515],[-38.8573111640789,-12.2972659067961],[-38.8580606950449,-12.2975871347384],[-38.8592028358421,-12.2972302163014],[-38.860095134183,-12.2966948372969],[-38.860095134183,-12.2958739226434],[-38.8609517402306,-12.2956954629752],[-38.8609160479372,-12.2953028522448]]]}},{"type":"Feature","properties":{"id":"7465","municipality":"2910800","density":"Pouco densa","type":"Área urbanizada","state":"BA"},"geometry":{"type":"Polygon","coordinates":[[[-39.0080618431794,-12.1915195871592],[-39.0051172595539,-12.1899729376009],[-39.0046839230246,-12.1907309860461],[-39.0031213986336,-12.1907309860461],[-39.0025110674318,-12.1918874035808],[-39.0014290948768,-12.1918080968661],[-39.0014588390541,-12.1914511784291],[-38.9995552701595,-12.1914511784291],[-38.9994065537694,-12.1911537447495],[-38.9980138861319,-12.1914376859004],[-38.9980138861319,-12.1911164579581],[-38.9971465727561,-12.1910522130891],[-38.9971786947409,-12.1914376859004],[-38.9965041177708,-12.1914055630163],[-38.996536240655,-12.1920801399864],[-38.9974035540308,-12.1921122628706],[-38.9974999226832,-12.1917910358276],[-38.9991091209891,-12.1918675834222],[-39.0002691079329,-12.1924921922608],[-39.0013930977132,-12.1922630962648],[-39.0014188947661,-12.1931401897679],[-39.0020613488521,-12.1931723126521],[-39.0023504539102,-12.1924977356819],[-39.0033141359386,-12.1925619805509],[-39.0036032400974,-12.1927868398407],[-39.0034426256766,-12.194714202998],[-39.0041172044454,-12.1946820810132],[-39.0040208348936,-12.1956457621421],[-39.006336733953,-12.1961297925559],[-39.007585950731,-12.1944344266075],[-39.0057418683925,-12.1940775081704],[-39.0058013549485,-12.193601615722],[-39.0041770021669,-12.1930049506179],[-39.0041172044454,-12.1920480171023],[-39.0048881491687,-12.1921443857548],[-39.0052464966285,-12.1912332870865],[-39.0077644103992,-12.1924118846008],[-39.0084485048946,-12.1919954787084],[-39.008597222184,-12.1911031821661],[-39.0073777477848,-12.1885452611549],[-39.0069315986143,-12.1891698699935],[-39.0080618431794,-12.1915195871592]]]}},{"type":"Feature","properties":{"id":"7466","municipality":"2910800","density":"Pouco densa","type":"Área urbanizada","state":"BA"},"geometry":{"type":"Polygon","coordinates":[[[-38.8568345161999,-12.3529507398847],[-38.8541040854352,-12.3529507398847],[-38.8554532393754,-12.3512482351179],[-38.8548429072743,-12.3510554987122],[-38.8539113481302,-12.3518585672191],[-38.852915544117,-12.3516337079292],[-38.852722806812,-12.3543641395933],[-38.8530761567392,-12.354813858173],[-38.8542646980573,-12.3547174904198],[-38.8554853622596,-12.353721684608],[-38.857187866127,-12.3538822990288],[-38.8587940022414,-12.3546853666363],[-38.8588582480097,-12.353978666782],[-38.8568345161999,-12.3529507398847]]]}},{"type":"Feature","properties":{"id":"7467","municipality":"2910800","density":"Pouco densa","type":"Área urbanizada","state":"BA"},"geometry":{"type":"Polygon","coordinates":[[[-38.8657552773841,-12.2955398074161],[-38.8661121958211,-12.293428034676],[-38.8644465731508,-12.293457777954],[-38.8639706807023,-12.2954505766827],[-38.8631973563728,-12.2955695497948],[-38.8635245324312,-12.2932495759072],[-38.8626024908123,-12.2931603460731],[-38.8615912202586,-12.2954505766827],[-38.8616209626373,-12.2959264691312],[-38.8633163285856,-12.2960454422433],[-38.8634353016978,-12.2976218350796],[-38.8643276000387,-12.2975920918016],[-38.8655470744379,-12.300596161084],[-38.8664691151575,-12.3009828236983],[-38.868283454218,-12.2992577153712],[-38.8673911558771,-12.2975623494228],[-38.8675696164446,-12.2959859556873],[-38.8657552773841,-12.2955398074161]]]}},{"type":"Feature","properties":{"id":"7468","municipality":"2910800","density":"Pouco densa","type":"Área urbanizada","state":"BA"},"geometry":{"type":"Polygon","coordinates":[[[-38.8947329481669,-12.2918181313017],[-38.8936919334359,-12.2912530090191],[-38.8945544875995,-12.2905094279677],[-38.8940785960504,-12.289884819129],[-38.8919668242095,-12.290866347304],[-38.8948816636578,-12.293454010694],[-38.8955360157744,-12.2930078624229],[-38.8947329481669,-12.2918181313017]]]}},{"type":"Feature","properties":{"id":"7469","municipality":"2910800","density":"Pouco densa","type":"Área urbanizada","state":"BA"},"geometry":{"type":"Polygon","coordinates":[[[-38.9476054600239,-12.2092269297789],[-38.9495637400745,-12.2098796900956],[-38.9515965514396,-12.2042546519306],[-38.9494596984063,-12.2036642146318],[-38.9476054600239,-12.2092269297789]]]}},{"type":"Feature","properties":{"id":"7470","municipality":"2910800","density":"Pouco densa","type":"Área urbanizada","state":"BA"},"geometry":{"type":"Polygon","coordinates":[[[-38.9365342651442,-12.302109866677],[-38.9340982922024,-12.3036565171345],[-38.9348716174312,-12.3052804993955],[-38.9331703015681,-12.3060924900763],[-38.933363633325,-12.3066338180962],[-38.9318556501181,-12.3073684760743],[-38.9314303211523,-12.3066724844476],[-38.9289556818592,-12.308064467701],[-38.9285303528934,-12.3074844751284],[-38.9303089996606,-12.3058604928674],[-38.9293423435743,-12.3049711685845],[-38.9280663575763,-12.3060151582729],[-38.9274090323009,-12.3053578320983],[-38.9263650444112,-12.3063244881846],[-38.927525031355,-12.3076004741825],[-38.926133046303,-12.3089151256325],[-38.927447697753,-12.3101911116304],[-38.9322423118332,-12.3077164723373],[-38.932783639853,-12.3084511312147],[-38.9340982922024,-12.308064467701],[-38.9355676090578,-12.3094564527531],[-38.9363409342866,-12.3088764601804],[-38.934678284775,-12.3065564853935],[-38.9349489492346,-12.3061311564277],[-38.937694252088,-12.3050485021866],[-38.9380809147024,-12.3061698227791],[-38.9400915586784,-12.3051645003414],[-38.9397822287668,-12.3029218582571],[-38.9400630897397,-12.3019612725946],[-38.9389076371777,-12.2999053135793],[-38.9374920440226,-12.2999724731511],[-38.9365342651442,-12.302109866677]]]}},{"type":"Feature","properties":{"id":"7471","municipality":"2910800","density":"Pouco densa","type":"Outros equipamentos urbanos","state":"BA"},"geometry":{"type":"Polygon","coordinates":[[[-38.8382851590328,-12.3398394266482],[-38.8383237408479,-12.3416142108271],[-38.8422205482397,-12.341266970894],[-38.8422205482397,-12.3397236803036],[-38.8382851590328,-12.3398394266482]]]}},{"type":"Feature","properties":{"id":"7472","municipality":"2910800","density":"Pouco densa","type":"Área urbanizada","state":"BA"},"geometry":{"type":"Polygon","coordinates":[[[-38.9143663139542,-12.2277684862267],[-38.9140450869112,-12.2279933446171],[-38.9119892322172,-12.2264835771553],[-38.9109934282041,-12.2275436269368],[-38.908841205757,-12.2267726822135],[-38.9093551692056,-12.2280575912848],[-38.9100970235588,-12.228566387229],[-38.9077507561924,-12.2327228702642],[-38.9085597719159,-12.2332463512381],[-38.9094639682874,-12.2317710853673],[-38.9102491897482,-12.2321280047036],[-38.9100588329487,-12.2329846107512],[-38.9110344121084,-12.2335556811497],[-38.9128665973156,-12.2333177349255],[-38.9132360828789,-12.2325467182564],[-38.9108202601468,-12.2321517989663],[-38.9111533852205,-12.2314617545563],[-38.9114627151321,-12.2316045228304],[-38.9128665748325,-12.2291717199988],[-38.9133383870568,-12.2295352358624],[-38.9165827821696,-12.2270939092564],[-38.9171931142708,-12.2270617863723],[-38.9146670202667,-12.2252834345828],[-38.9144305588232,-12.2258090001852],[-38.9143663139542,-12.2277684862267]]]}},{"type":"Feature","properties":{"id":"7473","municipality":"2910800","density":"Pouco densa","type":"Área urbanizada","state":"BA"},"geometry":{"type":"Polygon","coordinates":[[[-38.8927889277668,-12.2506582153043],[-38.8920393977,-12.2507652912851],[-38.8920393977,-12.2513363607844],[-38.8926104680985,-12.2514434367652],[-38.8925033930171,-12.2522643514187],[-38.8908258732154,-12.2520858917505],[-38.8911827916525,-12.253584951884],[-38.8920750899933,-12.2536206441773],[-38.8921107822867,-12.2540132549078],[-38.8935741501269,-12.2544415579315],[-38.8936812261077,-12.2537277201581],[-38.8929316960409,-12.2534778759032],[-38.8930744634157,-12.2520502003564],[-38.8941095291314,-12.2521215840438],[-38.8942166051122,-12.2507652912851],[-38.8932886153772,-12.2504440633428],[-38.8933243067713,-12.2499443766316],[-38.8936812261077,-12.2499443766316],[-38.8938239943818,-12.2487665426418],[-38.8943950638811,-12.248730852147],[-38.8945021398618,-12.2478742460995],[-38.8939310685639,-12.2477314778254],[-38.8939310685639,-12.2467321044031],[-38.8934670741461,-12.2465893370283],[-38.8927889277668,-12.2506582153043]]]}},{"type":"Feature","properties":{"id":"7474","municipality":"2910800","density":"Pouco densa","type":"Área urbanizada","state":"BA"},"geometry":{"type":"Polygon","coordinates":[[[-38.8903975701917,-12.2419850797476],[-38.8902904942109,-12.2427346098144],[-38.8886129744092,-12.2423063067906],[-38.8884345138417,-12.2435555235685],[-38.88939819587,-12.2442693622413],[-38.8908972560035,-12.2442693622413],[-38.8908972560035,-12.242056463435],[-38.8903975701917,-12.2419850797476]]]}},{"type":"Feature","properties":{"id":"7475","municipality":"2910800","density":"Pouco densa","type":"Outros equipamentos urbanos","state":"BA"},"geometry":{"type":"Polygon","coordinates":[[[-38.8973815577127,-12.2017605665968],[-38.8976099864117,-12.2035308856419],[-38.9053765468901,-12.2019889961952],[-38.9059476172887,-12.2034737786919],[-38.9112585744236,-12.2023316378947],[-38.9108588248748,-12.20033289105],[-38.914228142115,-12.1997618197522],[-38.913714177767,-12.1978201798574],[-38.8973815577127,-12.2017605665968]]]}},{"type":"Feature","properties":{"id":"7476","municipality":"2910800","density":"Pouco densa","type":"Área urbanizada","state":"BA"},"geometry":{"type":"Polygon","coordinates":[[[-38.9285966805923,-12.2192238422065],[-38.9295603617213,-12.219448700597],[-38.9299779583161,-12.2177461958302],[-38.9291427669251,-12.2175855832081],[-38.9285966805923,-12.2192238422065]]]}},{"type":"Feature","properties":{"id":"7477","municipality":"2910800","density":"Pouco densa","type":"Área urbanizada","state":"BA"},"geometry":{"type":"Polygon","coordinates":[[[-38.8910313476185,-12.3137759603922],[-38.889535448602,-12.3139858756476],[-38.8887645029794,-12.3150459263284],[-38.8878329438352,-12.3151422940816],[-38.8885200186839,-12.3161395630903],[-38.8845564258384,-12.3199285804396],[-38.8850703901863,-12.3205389116414],[-38.8833678863189,-12.3227875018417],[-38.8839460946365,-12.323494201696],[-38.8836569895784,-12.3244257608401],[-38.8842351987953,-12.3245863752609],[-38.8853916172293,-12.322530520567],[-38.8858092129248,-12.3201213159459],[-38.8874795939081,-12.3202176836991],[-38.8892463444432,-12.3218559426975],[-38.8903706390937,-12.3219844342342],[-38.8905954992828,-12.3213741030324],[-38.8898887994285,-12.3210849979742],[-38.890691867036,-12.3205710336263],[-38.8907239890208,-12.3197358440339],[-38.8902100255722,-12.3188685297588],[-38.8881541717776,-12.3175193758185],[-38.8895675705868,-12.3159774845732],[-38.8903063942247,-12.3169090437174],[-38.8916234261801,-12.3167484301959],[-38.890499129731,-12.3151101711974],[-38.8918482845706,-12.3136646486046],[-38.8915591804118,-12.3132791757933],[-38.8910313476185,-12.3137759603922]]]}},{"type":"Feature","properties":{"id":"7478","municipality":"2910800","density":"Pouco densa","type":"Área urbanizada","state":"BA"},"geometry":{"type":"Polygon","coordinates":[[[-38.8922345137118,-12.2853043570104],[-38.8895278772097,-12.2866428036224],[-38.8907176074316,-12.2880109944118],[-38.8927401494383,-12.2861966553513],[-38.8926509187049,-12.2857207629028],[-38.8922345137118,-12.2853043570104]]]}},{"type":"Feature","properties":{"id":"7479","municipality":"2910800","density":"Pouco densa","type":"Área urbanizada","state":"BA"},"geometry":{"type":"Polygon","coordinates":[[[-38.8803681418762,-12.2448047412458],[-38.8820813530719,-12.2469462563646],[-38.8833662621432,-12.2461967262979],[-38.8827595003506,-12.2456613472933],[-38.8820099702838,-12.2457327309807],[-38.8815816672601,-12.2451973519762],[-38.8822241213461,-12.2448761249332],[-38.8818672020097,-12.244376438222],[-38.8803681418762,-12.2448047412458]]]}},{"type":"Feature","properties":{"id":"7480","municipality":"2910800","density":"Pouco densa","type":"Área urbanizada","state":"BA"},"geometry":{"type":"Polygon","coordinates":[[[-38.9653834587796,-12.1892142128656],[-38.963867431137,-12.1888036219895],[-38.963546204094,-12.1897351811336],[-38.9583102000556,-12.188321781425],[-38.9579568501285,-12.1887393771205],[-38.9567683088103,-12.1884502720624],[-38.9563507140142,-12.1892533396699],[-38.9607836504451,-12.1906024954088],[-38.9605587902559,-12.1918231578125],[-38.9623897856601,-12.1923371221604],[-38.9628716271238,-12.1913413172479],[-38.96418865818,-12.1917910358276],[-38.9646062538754,-12.1928189627249],[-38.9652808308456,-12.1930116991306],[-38.9653834587796,-12.1892142128656]]]}},{"type":"Feature","properties":{"id":"7481","municipality":"2913606","density":"Pouco densa","type":"Área urbanizada","state":"BA"},"geometry":{"type":"Polygon","coordinates":[[[-39.0622048349999,-14.615118439],[-39.0615623809999,-14.611520694],[-39.059185299,-14.61242013],[-39.060245349,-14.615664525],[-39.0622048349999,-14.615118439]]]}},{"type":"Feature","properties":{"id":"7482","municipality":"2913606","density":"Pouco densa","type":"Área urbanizada","state":"BA"},"geometry":{"type":"Polygon","coordinates":[[[-39.061498135,-14.620836284],[-39.0654813529999,-14.620161707],[-39.0660595619999,-14.619519252],[-39.0657383349999,-14.618266466],[-39.0663807889999,-14.6180737299999],[-39.0665092799999,-14.6185876929999],[-39.068083294,-14.618266466],[-39.0675372069999,-14.6155360349999],[-39.06072719,-14.6173349069999],[-39.061498135,-14.620836284]]]}},{"type":"Feature","properties":{"id":"7483","municipality":"2913606","density":"Pouco densa","type":"Área urbanizada","state":"BA"},"geometry":{"type":"Polygon","coordinates":[[[-39.045217867,-14.5263504549999],[-39.045346357,-14.5281493269999],[-39.046213671,-14.5282778179999],[-39.046599144,-14.528856027],[-39.047884053,-14.528759659],[-39.0481410339999,-14.529466359],[-39.0475628249999,-14.529691218],[-39.0477555619999,-14.530719145],[-39.04961868,-14.530751268],[-39.0498756609999,-14.52888815],[-39.0507429749999,-14.52888815],[-39.052027884,-14.5313616],[-39.0524776019999,-14.527924468],[-39.0487192429999,-14.5276674859999],[-39.0473058439999,-14.5262219639999],[-39.047466457,-14.5254510189999],[-39.048173157,-14.524937055],[-39.0479482979999,-14.524680073],[-39.0456675849999,-14.5249691779999],[-39.045217867,-14.5263504549999]]]}},{"type":"Feature","properties":{"id":"7484","municipality":"2913606","density":"Pouco densa","type":"Área urbanizada","state":"BA"},"geometry":{"type":"Polygon","coordinates":[[[-39.097293045,-14.77813127],[-39.096636417,-14.7778835469999],[-39.0947411759999,-14.778879351],[-39.0943557039999,-14.780324874],[-39.095094526,-14.780774592],[-39.095704858,-14.7800357689999],[-39.095704858,-14.779200579],[-39.0964797679999,-14.779105202],[-39.097293045,-14.77813127]]]}},{"type":"Feature","properties":{"id":"7485","municipality":"2913606","density":"Pouco densa","type":"Área urbanizada","state":"BA"},"geometry":{"type":"Polygon","coordinates":[[[-39.096828112,-14.657274469],[-39.0975990579999,-14.657499328],[-39.0972457079999,-14.659426691],[-39.09798453,-14.6592339549999],[-39.098177267,-14.659555182],[-39.0993015619999,-14.658880605],[-39.099719157,-14.6592339549999],[-39.0997834029999,-14.658752114],[-39.10187138,-14.6582060279999],[-39.103573884,-14.659201832],[-39.1046018109999,-14.6574350819999],[-39.1061437019999,-14.6567283819999],[-39.107139506,-14.658398764],[-39.10659342,-14.658527255],[-39.1067219109999,-14.6589769729999],[-39.110383902,-14.6581096589999],[-39.109998429,-14.657145978],[-39.108231679,-14.657627819],[-39.106818279,-14.6547688959999],[-39.1081995559999,-14.654351301],[-39.107075261,-14.65210271],[-39.101967748,-14.6553149819999],[-39.096506885,-14.655604087],[-39.096828112,-14.657274469]]]}},{"type":"Feature","properties":{"id":"7486","municipality":"2913606","density":"Pouco densa","type":"Área urbanizada","state":"BA"},"geometry":{"type":"Polygon","coordinates":[[[-39.1733291109999,-14.667704122],[-39.174132179,-14.667479263],[-39.1746782659999,-14.6667725629999],[-39.1740679339999,-14.666258599],[-39.1732648659999,-14.66638709],[-39.172750902,-14.6653912859999],[-39.1728793929999,-14.6686999259999],[-39.1733291109999,-14.667704122]]]}},{"type":"Feature","properties":{"id":"7487","municipality":"2913606","density":"Pouco densa","type":"Área urbanizada","state":"BA"},"geometry":{"type":"Polygon","coordinates":[[[-39.0044369549999,-14.982608693],[-39.00437271,-14.981805624],[-39.0036981329999,-14.9817092559999],[-39.003409028,-14.9810668019999],[-39.0036981329999,-14.9801352429999],[-39.004629692,-14.9800067519999],[-39.0049830409999,-14.979332175],[-39.005400637,-14.979460666],[-39.005657619,-14.9774048109999],[-39.004533323,-14.977179952],[-39.00366601,-14.9786575979999],[-39.00340439616813,-14.978652753257416],[-39.003180875595326,-14.98200497363739],[-39.00311637347791,-14.9829723356563],[-39.003955114,-14.9832190239999],[-39.0044369549999,-14.982608693]]]}},{"type":"Feature","properties":{"id":"7488","municipality":"2913606","density":"Pouco densa","type":"Área urbanizada","state":"BA"},"geometry":{"type":"Polygon","coordinates":[[[-39.025093113,-14.902594526],[-39.025478586,-14.902209054],[-39.025639199,-14.8998640949999],[-39.024065186,-14.89957499],[-39.0241294309999,-14.898418572],[-39.0265386349999,-14.8987397989999],[-39.026602881,-14.897390645],[-39.0254143399999,-14.8969409269999],[-39.025446463,-14.8945638449999],[-39.0260567949999,-14.8936644089999],[-39.027341704,-14.8937928999999],[-39.0275986849999,-14.893278936],[-39.0260567949999,-14.8929255859999],[-39.024996745,-14.8913836959999],[-39.023229995,-14.8915443089999],[-39.023049503,-14.897373989],[-39.0233906089999,-14.901906898],[-39.025093113,-14.902594526]]]}},{"type":"Feature","properties":{"id":"7489","municipality":"2913606","density":"Pouco densa","type":"Área urbanizada","state":"BA"},"geometry":{"type":"Polygon","coordinates":[[[-39.0467383389999,-14.560372197],[-39.047059566,-14.561078897],[-39.046609848,-14.561624983],[-39.046320743,-14.561721351],[-39.0458710249999,-14.560693424],[-39.045003712,-14.56123951],[-39.0463528659999,-14.563584469],[-39.047541407,-14.562942015],[-39.047316548,-14.5620104559999],[-39.0478947569999,-14.56194621],[-39.0479911249999,-14.562749278],[-39.049308157,-14.5621710689999],[-39.048986929,-14.56111102],[-39.04792688,-14.5609825289999],[-39.047412916,-14.559793988],[-39.0467383389999,-14.560372197]]]}},{"type":"Feature","properties":{"id":"7490","municipality":"2913606","density":"Pouco densa","type":"Área urbanizada","state":"BA"},"geometry":{"type":"Polygon","coordinates":[[[-39.0245368459999,-14.865299864],[-39.025307792,-14.865267741],[-39.025307792,-14.864625287],[-39.0283273279999,-14.8645931639999],[-39.0280703459999,-14.863854341],[-39.0270424189999,-14.8630512729999],[-39.0271709099999,-14.862119714],[-39.027845487,-14.862023346],[-39.027845487,-14.86147726],[-39.028648555,-14.8615415049999],[-39.0293231319999,-14.8627942919999],[-39.0300619549999,-14.862858537],[-39.030029832,-14.862216082],[-39.031668091,-14.8622803279999],[-39.0316359679999,-14.8611560329999],[-39.030254691,-14.8599032459999],[-39.0287127999999,-14.8599032459999],[-39.026849682,-14.860545701],[-39.0270745409999,-14.859035933],[-39.0247617049999,-14.859035933],[-39.0245368459999,-14.865299864]]]}},{"type":"Feature","properties":{"id":"7491","municipality":"2913606","density":"Pouco densa","type":"Área urbanizada","state":"BA"},"geometry":{"type":"Polygon","coordinates":[[[-39.0714983169999,-14.640248707],[-39.069298938,-14.6404742839999],[-39.06920257,-14.641919807],[-39.066632752,-14.642144666],[-39.0664721379999,-14.639896075],[-39.06412718,-14.6398318299999],[-39.0644162839999,-14.646031515],[-39.0673394519999,-14.645838779],[-39.0674679429999,-14.647605529],[-39.064576898,-14.6478303879999],[-39.064673266,-14.6488583149999],[-39.067564311,-14.6487298239999],[-39.0676928019999,-14.65033596],[-39.069331061,-14.6508499239999],[-39.0696522879999,-14.650175347],[-39.070583847,-14.651331765],[-39.072318474,-14.651845728],[-39.0721578609999,-14.649693506],[-39.075145274,-14.6493401559999],[-39.074791924,-14.6456460429999],[-39.0738282419999,-14.644682361],[-39.0735712599999,-14.6408597569999],[-39.072878928,-14.640931377],[-39.072643233,-14.639813279],[-39.0719044109999,-14.6400060149999],[-39.071454693,-14.639042333],[-39.071326202,-14.63852837],[-39.0717759199999,-14.6381107739999],[-39.0728038469999,-14.6381750199999],[-39.072643233,-14.6370828469999],[-39.072322006,-14.636729497],[-39.0716153059999,-14.637500443],[-39.070619502,-14.637789547],[-39.0714983169999,-14.640248707]]]}},{"type":"Feature","properties":{"id":"7492","municipality":"2913606","density":"Pouco densa","type":"Área urbanizada","state":"BA"},"geometry":{"type":"Polygon","coordinates":[[[-39.021013527,-14.903044244],[-39.020628054,-14.91136403],[-39.0213347539999,-14.9118137479999],[-39.0214953679999,-14.9142229519999],[-39.0220093309999,-14.9142229519999],[-39.021591736,-14.916150316],[-39.0199534769999,-14.9166321559999],[-39.019696495,-14.9187843789999],[-39.0203389499999,-14.919073483],[-39.020531686,-14.919876552],[-39.0166448369999,-14.930605541],[-39.018475832,-14.931119505],[-39.019664373,-14.92999521],[-39.0203389499999,-14.927810864],[-39.0193431449999,-14.927553883],[-39.0208207909999,-14.923153069],[-39.021655981,-14.9234742969999],[-39.0224911719999,-14.920872356],[-39.023422731,-14.920711742],[-39.024322167,-14.9179813109999],[-39.0248040079999,-14.910946434],[-39.0255107079999,-14.907702039],[-39.023486977,-14.907573548],[-39.0236475899999,-14.903655248],[-39.021013527,-14.903044244]]]}},{"type":"Feature","properties":{"id":"7493","municipality":"2913606","density":"Pouco densa","type":"Área urbanizada","state":"BA"},"geometry":{"type":"Polygon","coordinates":[[[-39.140664267,-14.620033366],[-39.1371950129999,-14.620001243],[-39.137227136,-14.620772188],[-39.138126572,-14.621318275],[-39.1402145489999,-14.6211576609999],[-39.145514798,-14.6238238469999],[-39.145097203,-14.623342006],[-39.1453541849999,-14.622057097],[-39.140664267,-14.620033366]]]}},{"type":"Feature","properties":{"id":"7494","municipality":"2913606","density":"Pouco densa","type":"Área urbanizada","state":"BA"},"geometry":{"type":"Polygon","coordinates":[[[-38.997791121,-15.073995462],[-38.997437771,-15.077143489],[-38.9987869249999,-15.077207734],[-38.9987869249999,-15.0783641519999],[-39.000200325,-15.078235661],[-39.0002966929999,-15.072357203],[-39.0008106569999,-15.0691449299999],[-39.0014531109999,-15.069048562],[-39.0014531109999,-15.06843823],[-39.0010033929999,-15.068406108],[-39.000874902,-15.0667357259999],[-38.9990117839999,-15.066767849],[-38.998754802,-15.0703013479999],[-38.99726428760931,-15.070738223459303],[-38.99716568339362,-15.072217027209845],[-38.997113429677576,-15.073000695440728],[-38.9975983839999,-15.072839044],[-38.997791121,-15.073995462]]]}},{"type":"Feature","properties":{"id":"7495","municipality":"2913606","density":"Pouco densa","type":"Área urbanizada","state":"BA"},"geometry":{"type":"Polygon","coordinates":[[[-39.075557257,-14.710025349],[-39.0757499929999,-14.711278136],[-39.0771312699999,-14.711181767],[-39.0769706569999,-14.7072949179999],[-39.076006975,-14.707519777],[-39.075557257,-14.710025349]]]}},{"type":"Feature","properties":{"id":"7496","municipality":"2913606","density":"Pouco densa","type":"Área urbanizada","state":"BA"},"geometry":{"type":"Polygon","coordinates":[[[-39.172981614,-14.900577964],[-39.1734634549999,-14.899807019],[-39.1731743499999,-14.8991324419999],[-39.171728828,-14.90041735],[-39.1718894409999,-14.9006743319999],[-39.172981614,-14.900577964]]]}},{"type":"Feature","properties":{"id":"7497","municipality":"2913606","density":"Pouco densa","type":"Área urbanizada","state":"BA"},"geometry":{"type":"Polygon","coordinates":[[[-39.1499758909999,-14.658741882],[-39.1493655589999,-14.658613391],[-39.1493334369999,-14.658934619],[-39.149879523,-14.658998864],[-39.150843205,-14.660026791],[-39.1519996229999,-14.659769809],[-39.1522566049999,-14.661375945],[-39.1527384449999,-14.661343823],[-39.153091795,-14.661054718],[-39.1523850949999,-14.660026791],[-39.1525135859999,-14.6591915999999],[-39.151035941,-14.6582279189999],[-39.1499758909999,-14.658741882]]]}},{"type":"Feature","properties":{"id":"7498","municipality":"2913606","density":"Pouco densa","type":"Área urbanizada","state":"BA"},"geometry":{"type":"Polygon","coordinates":[[[-39.063466842,-14.6294031369999],[-39.064133091,-14.6293555469999],[-39.065846303,-14.627689925],[-39.065703535,-14.626976086],[-39.0704148679999,-14.625881534],[-39.073460578,-14.623597252],[-39.0732702209999,-14.622550289],[-39.072937097,-14.621979218],[-39.072270848,-14.622550289],[-39.0702720999999,-14.624501447],[-39.0706052249999,-14.625072518],[-39.070034154,-14.625595999],[-39.0695582619999,-14.625262875],[-39.068225764,-14.625643588],[-39.0680829959999,-14.625262875],[-39.063086128,-14.625929124],[-39.063466842,-14.6294031369999]]]}},{"type":"Feature","properties":{"id":"7499","municipality":"2913606","density":"Pouco densa","type":"Área urbanizada","state":"BA"},"geometry":{"type":"Polygon","coordinates":[[[-39.121116598,-14.657661607],[-39.120345653,-14.657757975],[-39.121084476,-14.658432552],[-39.1207953709999,-14.6592034979999],[-39.1219839119999,-14.6593962339999],[-39.121116598,-14.657661607]]]}},{"type":"Feature","properties":{"id":"7500","municipality":"2913606","density":"Pouco densa","type":"Área urbanizada","state":"BA"},"geometry":{"type":"Polygon","coordinates":[[[-39.081598636,-14.5876572679999],[-39.080345849,-14.5874002859999],[-39.0806349539999,-14.5865008499999],[-39.080217358,-14.586275991],[-39.079574904,-14.584348627],[-39.079607027,-14.5868863219999],[-39.077647541,-14.5885567039999],[-39.0798640089999,-14.5875287769999],[-39.0815855489999,-14.5880177559999],[-39.081598636,-14.5876572679999]]]}},{"type":"Feature","properties":{"id":"7502","municipality":"2913606","density":"Pouco densa","type":"Área urbanizada","state":"BA"},"geometry":{"type":"Polygon","coordinates":[[[-39.068374518,-14.6681069649999],[-39.070872952,-14.6689635709999],[-39.0710157189999,-14.668178349],[-39.0674052239999,-14.667223507],[-39.0674373459999,-14.6619269249999],[-39.0666985239999,-14.661734188],[-39.0666985239999,-14.657461866],[-39.067051874,-14.65691578],[-39.0650923869999,-14.656883657],[-39.0655742279999,-14.66918666],[-39.0681440459999,-14.669090292],[-39.068374518,-14.6681069649999]]]}},{"type":"Feature","properties":{"id":"7503","municipality":"2913606","density":"Pouco densa","type":"Área urbanizada","state":"BA"},"geometry":{"type":"Polygon","coordinates":[[[-39.059898124,-14.758363038],[-39.0612472789999,-14.758877002],[-39.062660679,-14.7546046799999],[-39.063206765,-14.754636802],[-39.0636564829999,-14.753737366],[-39.062821292,-14.7517136349999],[-39.062821292,-14.749079571],[-39.064363183,-14.7432011129999],[-39.0660014419999,-14.7393142629999],[-39.0661941779999,-14.733789155],[-39.064202569,-14.733660664],[-39.0637528509999,-14.735298923],[-39.063913465,-14.736969305],[-39.062821292,-14.7454818259999],[-39.059898124,-14.758363038]]]}},{"type":"Feature","properties":{"id":"7504","municipality":"2913606","density":"Pouco densa","type":"Área urbanizada","state":"BA"},"geometry":{"type":"Polygon","coordinates":[[[-39.098974722,-14.716032299],[-39.098460759,-14.716674753],[-39.0972400949999,-14.72017613],[-39.098268023,-14.7202724979999],[-39.099392318,-14.719340939],[-39.0983965129999,-14.719051835],[-39.099392318,-14.716096544],[-39.098974722,-14.716032299]]]}},{"type":"Feature","properties":{"id":"7505","municipality":"2913606","density":"Pouco densa","type":"Área urbanizada","state":"BA"},"geometry":{"type":"Polygon","coordinates":[[[-39.129983373,-14.804761939],[-39.130722196,-14.803444907],[-39.1321677179999,-14.804344343],[-39.1329065409999,-14.802545471],[-39.132135596,-14.800971457],[-39.128923323,-14.800264757],[-39.127831151,-14.802320612],[-39.129983373,-14.804761939]]]}},{"type":"Feature","properties":{"id":"7506","municipality":"2913606","density":"Pouco densa","type":"Área urbanizada","state":"BA"},"geometry":{"type":"Polygon","coordinates":[[[-39.091769229,-14.7437275739999],[-39.090998284,-14.744016679],[-39.092122579,-14.746233146],[-39.09035583,-14.747871405],[-39.0907734249999,-14.748610228],[-39.0918334749999,-14.7474216869999],[-39.092925647,-14.747935651],[-39.093632347,-14.747068337],[-39.093278997,-14.746168901],[-39.0937929609999,-14.745783428],[-39.0923153159999,-14.742121438],[-39.0918334749999,-14.7418002109999],[-39.091030407,-14.742153561],[-39.091769229,-14.7437275739999]]]}},{"type":"Feature","properties":{"id":"7507","municipality":"2918001","density":"Pouco densa","type":"Área urbanizada","state":"BA"},"geometry":{"type":"Polygon","coordinates":[[[-40.13271214,-13.8646931499999],[-40.1346157089999,-13.865302292],[-40.134539566,-13.8665015409999],[-40.1367477059999,-13.866749005],[-40.1382324899999,-13.866177934],[-40.138498989,-13.8646931499999],[-40.1359101359999,-13.864350508],[-40.135967243,-13.862351761],[-40.132902497,-13.8629609029999],[-40.13271214,-13.8646931499999]]]}},{"type":"Feature","properties":{"id":"7508","municipality":"2918001","density":"Pouco densa","type":"Área urbanizada","state":"BA"},"geometry":{"type":"Polygon","coordinates":[[[-40.042927799,-13.872023708],[-40.0425232899999,-13.871214692],[-40.04318243,-13.870596049],[-40.0425494939999,-13.86948841],[-40.0422853439999,-13.8702867019999],[-40.041487064,-13.8691267319999],[-40.042097396,-13.86754439],[-40.0415096689999,-13.86670801],[-40.040379425,-13.868041698],[-40.041569156,-13.869625229],[-40.0410551919999,-13.869986907],[-40.040598336,-13.8692064439999],[-40.0400724459999,-13.86950148],[-40.04040557,-13.8699773719999],[-40.03987498,-13.8703866569999],[-40.039456194,-13.869606193],[-40.038942231,-13.8699488359999],[-40.039358607,-13.8706436209999],[-40.039018374,-13.871338441],[-40.0406673109999,-13.874070045],[-40.042927799,-13.872023708]]]}},{"type":"Feature","properties":{"id":"7509","municipality":"2918001","density":"Pouco densa","type":"Área urbanizada","state":"BA"},"geometry":{"type":"Polygon","coordinates":[[[-40.2297655039999,-13.869168171],[-40.2297382319999,-13.8687318149999],[-40.228701885,-13.868759087],[-40.228725083,-13.867947724],[-40.225729206,-13.866740938],[-40.2257539189999,-13.869513608],[-40.2297655039999,-13.869168171]]]}},{"type":"Feature","properties":{"id":"7510","municipality":"2918001","density":"Pouco densa","type":"Área urbanizada","state":"BA"},"geometry":{"type":"Polygon","coordinates":[[[-40.0625680089999,-13.8344394929999],[-40.063794621,-13.834075555],[-40.0645334439999,-13.836484759],[-40.0658504749999,-13.836131409],[-40.066552416,-13.839657651],[-40.0680026979999,-13.8401146269999],[-40.068585754,-13.843089361],[-40.072349228,-13.841621768],[-40.071182848,-13.839150945],[-40.070215597,-13.838663037],[-40.0689949329999,-13.833052268],[-40.066382285,-13.8315746219999],[-40.0661895489999,-13.8304610349999],[-40.0647119029999,-13.830782262],[-40.064776149,-13.8314675469999],[-40.062206331,-13.8331165129999],[-40.0625680089999,-13.8344394929999]]]}},{"type":"Feature","properties":{"id":"7511","municipality":"2918001","density":"Pouco densa","type":"Área urbanizada","state":"BA"},"geometry":{"type":"Polygon","coordinates":[[[-40.048329133,-13.87661586],[-40.0466539929999,-13.877872215],[-40.0474725279999,-13.880080355],[-40.046064067,-13.8806545749999],[-40.0481068349999,-13.8808972799999],[-40.0512381139999,-13.879731527],[-40.049657054,-13.8754542629999],[-40.0481068349999,-13.8760229539999],[-40.048329133,-13.87661586]]]}},{"type":"Feature","properties":{"id":"7512","municipality":"2918001","density":"Pouco densa","type":"Área urbanizada","state":"BA"},"geometry":{"type":"Polygon","coordinates":[[[-40.0534212219999,-13.869929783],[-40.052374259,-13.867264786],[-40.051565242,-13.867455143],[-40.051208323,-13.8668840729999],[-40.0516842149999,-13.8666937159999],[-40.051374885,-13.865789521],[-40.0507800199999,-13.865741931],[-40.0492095759999,-13.861339928],[-40.051731805,-13.861363723],[-40.051541448,-13.8593411809999],[-40.050756226,-13.8590556459999],[-40.0504944849999,-13.8581752449999],[-40.0483291749999,-13.858746316],[-40.046615963,-13.8579135049999],[-40.0506134579999,-13.868383133],[-40.049780647,-13.8690017929999],[-40.0503755119999,-13.869691837],[-40.050922788,-13.869430096],[-40.0515176529999,-13.870881567],[-40.0534212219999,-13.869929783]]]}},{"type":"Feature","properties":{"id":"7513","municipality":"2918001","density":"Pouco densa","type":"Área urbanizada","state":"BA"},"geometry":{"type":"Polygon","coordinates":[[[-40.1093363839999,-13.853609357],[-40.114123847,-13.8538961969999],[-40.1136408159999,-13.8610616469999],[-40.118356553,-13.861403478],[-40.1183197129999,-13.8605846629999],[-40.1175644909999,-13.8605171959999],[-40.117659515,-13.859625507],[-40.118469192,-13.8596753329999],[-40.1187851549999,-13.8556452499999],[-40.1174477529999,-13.8555771179999],[-40.1174851219999,-13.854954289],[-40.1170865119999,-13.854929376],[-40.117522492,-13.8512422279999],[-40.113299712,-13.8506567689999],[-40.1126175919999,-13.8522616559999],[-40.1121250429999,-13.8522402409999],[-40.111311268,-13.8505698599999],[-40.110932961,-13.851429077],[-40.1095659329999,-13.8513622199999],[-40.1093363839999,-13.853609357]]]}},{"type":"Feature","properties":{"id":"7514","municipality":"2924009","density":"Pouco densa","type":"Área urbanizada","state":"BA"},"geometry":{"type":"Polygon","coordinates":[[[-38.423245568,-9.44244936099995],[-38.423328417,-9.44182799199996],[-38.4253167969999,-9.44079237699998],[-38.427305177,-9.43892826999998],[-38.428092245,-9.43884542099993],[-38.4282165179999,-9.43789265599997],[-38.4263938359999,-9.43772695699994],[-38.4245297299999,-9.43698131499997],[-38.421505735,-9.43445441499996],[-38.4198073269999,-9.43404016899998],[-38.4186474379999,-9.43424729199995],[-38.41794322,-9.43507578399995],[-38.420511545,-9.43619424799995],[-38.420511545,-9.43702273899994],[-38.4181917679999,-9.43892826999998],[-38.4177775219999,-9.44033670599994],[-38.419227383,-9.44327785199993],[-38.4193516559999,-9.44485198699993],[-38.421837132,-9.44526623299993],[-38.423784087,-9.44348497499992],[-38.4248611269999,-9.44373352299994],[-38.425233948,-9.44311215399996],[-38.423245568,-9.44244936099995]]]}},{"type":"Feature","properties":{"id":"7515","municipality":"2924009","density":"Pouco densa","type":"Área urbanizada","state":"BA"},"geometry":{"type":"Polygon","coordinates":[[[-38.210470346,-9.38634212399997],[-38.2108629569999,-9.38544982599997],[-38.2120050979999,-9.38559259399995],[-38.214753376,-9.38362953899998],[-38.215074603,-9.38016742299994],[-38.214539224,-9.38002465499993],[-38.2121835579999,-9.38188063499998],[-38.210862957,-9.38166648299994],[-38.208792826,-9.38387938199997],[-38.209328204,-9.38648489199994],[-38.2092211289999,-9.38901901799995],[-38.2095423559999,-9.38962577999998],[-38.211086879,-9.38966664299995],[-38.210470346,-9.38634212399997]]]}},{"type":"Feature","properties":{"id":"7516","municipality":"2924009","density":"Pouco densa","type":"Área urbanizada","state":"BA"},"geometry":{"type":"Polygon","coordinates":[[[-38.2267914649999,-9.43141506399998],[-38.227535047,-9.43013610399994],[-38.2256017349999,-9.42995764399996],[-38.2246202069999,-9.42900585999996],[-38.2240848279999,-9.42918431899996],[-38.2232817599999,-9.43096891499995],[-38.2267914649999,-9.43141506399998]]]}},{"type":"Feature","properties":{"id":"7517","municipality":"2924009","density":"Pouco densa","type":"Área urbanizada","state":"BA"},"geometry":{"type":"Polygon","coordinates":[[[-38.4353079529999,-9.54807091199996],[-38.437264037,-9.54898910299993],[-38.436282509,-9.54991114399998],[-38.436312253,-9.55113061699997],[-38.4386917139999,-9.55368853799996],[-38.4423203919999,-9.55434288999993],[-38.443807555,-9.55374802499994],[-38.443205551,-9.55139949699998],[-38.443867041,-9.54991114399998],[-38.443331663,-9.54827526399994],[-38.442766541,-9.54851320999995],[-38.441874243,-9.54800757499993],[-38.442350135,-9.54744245299998],[-38.441249634,-9.54705578999995],[-38.4408629719999,-9.54803731799997],[-38.43884043,-9.54720450699994],[-38.437812503,-9.54827407499995],[-38.4354541549999,-9.54720471899998],[-38.435129758,-9.54752444699994],[-38.4353079529999,-9.54807091199996]]]}},{"type":"Feature","properties":{"id":"7518","municipality":"2924009","density":"Pouco densa","type":"Área urbanizada","state":"BA"},"geometry":{"type":"Polygon","coordinates":[[[-38.2387258599999,-9.38715055599993],[-38.2396663319999,-9.38751995699994],[-38.240023251,-9.38470029599995],[-38.241379544,-9.38462891199993],[-38.2422004579999,-9.38163079099996],[-38.24123051,-9.38113004099995],[-38.241511882,-9.37891333499995],[-38.243867548,-9.37646248999995],[-38.245675938,-9.37772360499998],[-38.2455569649999,-9.37953199499998],[-38.2459376789999,-9.37976994099994],[-38.2454121069999,-9.38044491899996],[-38.2456943869999,-9.38059496999994],[-38.24681808,-9.37993650299997],[-38.247672144,-9.38005433199993],[-38.248645506,-9.37875153199998],[-38.2496366199999,-9.37841527399998],[-38.2495306649999,-9.37806624699994],[-38.247189276,-9.37855165699995],[-38.246189902,-9.37798058599999],[-38.24593292,-9.37705259699994],[-38.245161975,-9.37639586499995],[-38.245190528,-9.37551070599995],[-38.244639868,-9.37516268099996],[-38.2406564689999,-9.37628902099995],[-38.2393378269999,-9.37576705899996],[-38.237820684,-9.37608811699994],[-38.2383100389999,-9.37952496799994],[-38.2394164889999,-9.38088126099995],[-38.2390238779999,-9.38170217499994],[-38.2389524939999,-9.38245170499994],[-38.239416489,-9.38298708399998],[-38.239095262,-9.38398645799999],[-38.2387258599999,-9.38715055599993]]]}},{"type":"Feature","properties":{"id":"7519","municipality":"2925303","density":"Pouco densa","type":"Área urbanizada","state":"BA"},"geometry":{"type":"Polygon","coordinates":[[[-39.1569633189999,-16.4079700369999],[-39.1577985099999,-16.409993769],[-39.1588585589999,-16.410025891],[-39.159436769,-16.411696273],[-39.159404646,-16.415486754],[-39.1620387089999,-16.414362459],[-39.1592761549999,-16.4069421099999],[-39.1569633189999,-16.4079700369999]]]}},{"type":"Feature","properties":{"id":"7520","municipality":"2925303","density":"Pouco densa","type":"Área urbanizada","state":"BA"},"geometry":{"type":"Polygon","coordinates":[[[-39.4170519469999,-16.5446823509999],[-39.417276806,-16.546288487],[-39.4177907689999,-16.546159996],[-39.417887137,-16.5442005099999],[-39.418690205,-16.542883478],[-39.4184653459999,-16.542658619],[-39.4170519469999,-16.5446823509999]]]}},{"type":"Feature","properties":{"id":"7521","municipality":"2925303","density":"Pouco densa","type":"Área urbanizada","state":"BA"},"geometry":{"type":"Polygon","coordinates":[[[-39.1537353489999,-16.593364586],[-39.1556305889999,-16.594103409],[-39.1563372889999,-16.5937821819999],[-39.1580076709999,-16.594328268],[-39.157847057,-16.595099213],[-39.160031402,-16.596384122],[-39.160930839,-16.596030772],[-39.1604489979999,-16.594970722],[-39.160641734,-16.593685813],[-39.161830275,-16.592914868],[-39.1623121159999,-16.591533591],[-39.162761834,-16.5915978359999],[-39.1631151839999,-16.590923259],[-39.161380557,-16.590409296],[-39.1601598929999,-16.590666277],[-39.1598065429999,-16.5911159949999],[-39.161380557,-16.591533591],[-39.161027207,-16.592593641],[-39.159742298,-16.593236095],[-39.157750689,-16.5933967089999],[-39.155694835,-16.593043359],[-39.1553736079999,-16.5928827449999],[-39.155566344,-16.591951186],[-39.153703226,-16.591469345],[-39.1537353489999,-16.593364586]]]}},{"type":"Feature","properties":{"id":"7522","municipality":"2925303","density":"Pouco densa","type":"Área urbanizada","state":"BA"},"geometry":{"type":"Polygon","coordinates":[[[-39.0909192329999,-16.4889593529999],[-39.092032821,-16.490874819],[-39.0933498529999,-16.4914851509999],[-39.0937674479999,-16.492480955],[-39.0950523569999,-16.491966991],[-39.094570516,-16.490810573],[-39.095694812,-16.490200242],[-39.0948917439999,-16.488015896],[-39.095373584,-16.487341319],[-39.097268825,-16.488337124],[-39.098232507,-16.487148583],[-39.099035575,-16.487244951],[-39.100031379,-16.486602497],[-39.099935011,-16.485510324],[-39.098842839,-16.48380782],[-39.097316577,-16.484259069],[-39.096128036,-16.483777228],[-39.0949394949999,-16.485126383],[-39.093365482,-16.485961573],[-39.093975814,-16.4867325189999],[-39.093975814,-16.488145919],[-39.093113601,-16.488102312],[-39.0909192329999,-16.4889593529999]]]}},{"type":"Feature","properties":{"id":"7523","municipality":"2925303","density":"Pouco densa","type":"Área urbanizada","state":"BA"},"geometry":{"type":"Polygon","coordinates":[[[-39.052812503,-16.4060456989999],[-39.055268395,-16.4050267499999],[-39.055189584,-16.404439563],[-39.0558641609999,-16.404439563],[-39.0580348309999,-16.4031950459999],[-39.057791525,-16.4028976719999],[-39.05679572,-16.403443758],[-39.054482884,-16.4014842719999],[-39.053872553,-16.402190972],[-39.051463348,-16.402351586],[-39.052234294,-16.403829231],[-39.051334857,-16.404214704],[-39.051816698,-16.405017772],[-39.051067168,-16.4054460749999],[-39.052812503,-16.4060456989999]]]}},{"type":"Feature","properties":{"id":"7524","municipality":"2925303","density":"Pouco densa","type":"Área urbanizada","state":"BA"},"geometry":{"type":"Polygon","coordinates":[[[-39.074760393,-16.430226799],[-39.078133279,-16.42942373],[-39.078679366,-16.4265005629999],[-39.078390261,-16.426211458],[-39.0738259179999,-16.4276544749999],[-39.074760393,-16.430226799]]]}},{"type":"Feature","properties":{"id":"7525","municipality":"2925303","density":"Pouco densa","type":"Área urbanizada","state":"BA"},"geometry":{"type":"Polygon","coordinates":[[[-39.106913042,-16.414757569],[-39.107955246,-16.4144434799999],[-39.1086119779999,-16.415785496],[-39.109282986,-16.4158426029999],[-39.1096113509999,-16.416684933],[-39.109325816,-16.416884807],[-39.109795919,-16.41735491],[-39.1113505549999,-16.417517502],[-39.1109329599999,-16.4162968389999],[-39.110258382,-16.416136225],[-39.109583805,-16.41430523],[-39.109937155,-16.414048248],[-39.109294701,-16.412120885],[-39.1098086639999,-16.411767535],[-39.1091983319999,-16.4104183809999],[-39.1080419139999,-16.410868099],[-39.107527951,-16.411639044],[-39.107849178,-16.412249376],[-39.1067713039999,-16.412802879],[-39.106371533,-16.4120566389999],[-39.1056738349999,-16.4123901469999],[-39.106913042,-16.414757569]]]}},{"type":"Feature","properties":{"id":"7526","municipality":"2925303","density":"Pouco densa","type":"Área urbanizada","state":"BA"},"geometry":{"type":"Polygon","coordinates":[[[-39.2174979969999,-16.426463208],[-39.217594365,-16.425435281],[-39.2167912969999,-16.4248891949999],[-39.216470069,-16.426463208],[-39.215923983,-16.4265274539999],[-39.21483181,-16.428262081],[-39.2134826559999,-16.4288081669999],[-39.213514779,-16.4294506209999],[-39.2162130879999,-16.429514867],[-39.2209672509999,-16.428519062],[-39.221127864,-16.4272983989999],[-39.2174979969999,-16.426463208]]]}},{"type":"Feature","properties":{"id":"7527","municipality":"2925303","density":"Pouco densa","type":"Área urbanizada","state":"BA"},"geometry":{"type":"Polygon","coordinates":[[[-39.083682148,-16.409612301],[-39.084742198,-16.4113790509999],[-39.086027107,-16.4120857509999],[-39.087119279,-16.4112505599999],[-39.089858787,-16.411871192],[-39.090864177,-16.411072035],[-39.0904144589999,-16.410429581],[-39.091699368,-16.409498022],[-39.0907356859999,-16.408245236],[-39.0927915399999,-16.406735468],[-39.0937873449999,-16.407924008],[-39.0944619219999,-16.407410045],[-39.093109607,-16.4055886699999],[-39.0940732889999,-16.404914092],[-39.09349508,-16.404014656],[-39.0897533419999,-16.4052757339999],[-39.083682148,-16.409612301]]]}},{"type":"Feature","properties":{"id":"7528","municipality":"2925303","density":"Pouco densa","type":"Área urbanizada","state":"BA"},"geometry":{"type":"Polygon","coordinates":[[[-39.1238569029999,-16.715784732],[-39.119745194,-16.7188042679999],[-39.120227035,-16.7201855449999],[-39.1193597219999,-16.720795877],[-39.119841562,-16.721502577],[-39.11980944,-16.7224662579999],[-39.12241138,-16.724040272],[-39.122925344,-16.722177154],[-39.123889026,-16.721117104],[-39.1232144479999,-16.720442527],[-39.123503553,-16.718772145],[-39.1240496389999,-16.718386672],[-39.123921148,-16.717422991],[-39.124306621,-16.7172945],[-39.124916953,-16.718097568],[-39.125559407,-16.717583604],[-39.124595726,-16.716041714],[-39.1238569029999,-16.715784732]]]}},{"type":"Feature","properties":{"id":"7529","municipality":"2925303","density":"Pouco densa","type":"Outros equipamentos urbanos","state":"BA"},"geometry":{"type":"Polygon","coordinates":[[[-39.101392054,-16.5472175999999],[-39.1150120889999,-16.536777715],[-39.113952039,-16.5352037009999],[-39.1129562349999,-16.534497002],[-39.11216074,-16.53661832],[-39.1005247409999,-16.546286041],[-39.101392054,-16.5472175999999]]]}},{"type":"Feature","properties":{"id":"7530","municipality":"2925303","density":"Pouco densa","type":"Área urbanizada","state":"BA"},"geometry":{"type":"Polygon","coordinates":[[[-39.152319064,-16.867070863],[-39.153090009,-16.865753831],[-39.1544391629999,-16.8647901489999],[-39.1545997769999,-16.863601608],[-39.1555634589999,-16.86209184],[-39.1546319,-16.861192404],[-39.1540536909999,-16.861931227],[-39.1535076039999,-16.861417263],[-39.152768782,-16.8619633499999],[-39.151323259,-16.8615778769999],[-39.151226891,-16.861160281],[-39.149974105,-16.861192404],[-39.1493958959999,-16.8631197679999],[-39.1487213189999,-16.863408872],[-39.149171037,-16.864725904],[-39.1487534409999,-16.865207745],[-39.14933165,-16.86633204],[-39.1492674049999,-16.867906053],[-39.152319064,-16.867070863]]]}},{"type":"Feature","properties":{"id":"7531","municipality":"2925303","density":"Pouco densa","type":"Área urbanizada","state":"BA"},"geometry":{"type":"Polygon","coordinates":[[[-39.0389890239999,-16.384534182],[-39.043239931,-16.382724602],[-39.0435290359999,-16.3818572879999],[-39.049921458,-16.3846519649999],[-39.0507316639999,-16.3829958599999],[-39.0427128799999,-16.3796170259999],[-39.0424035499999,-16.379926355],[-39.038739181,-16.379474258],[-39.0382632879999,-16.378665241],[-39.0359790059999,-16.3772851539999],[-39.035808874,-16.3775314279999],[-39.0389890239999,-16.384534182]]]}},{"type":"Feature","properties":{"id":"7532","municipality":"2925303","density":"Pouco densa","type":"Área urbanizada","state":"BA"},"geometry":{"type":"Polygon","coordinates":[[[-39.1079455459999,-16.407977054],[-39.106853374,-16.4047005359999],[-39.1060181829999,-16.4045077989999],[-39.105504219,-16.403383504],[-39.104187188,-16.403319259],[-39.103544733,-16.403640486],[-39.1057612009999,-16.40887649],[-39.1079455459999,-16.407977054]]]}},{"type":"Feature","properties":{"id":"7533","municipality":"2925303","density":"Pouco densa","type":"Área urbanizada","state":"BA"},"geometry":{"type":"Polygon","coordinates":[[[-39.0124370189999,-16.350298743],[-39.013368578,-16.354217715],[-39.0128224909999,-16.356723287],[-39.021527749,-16.354924415],[-39.0169020769999,-16.350876952],[-39.014043155,-16.341689853],[-39.014396505,-16.3415613619999],[-39.014428627,-16.340758294],[-39.00764825217056,-16.340869905211964],[-39.00822238616947,-16.34327765590608],[-39.00867869166731,-16.34519126820084],[-39.00867869166731,-16.345191268200843],[-39.0110878639999,-16.348082275],[-39.0124370189999,-16.350298743]]]}},{"type":"Feature","properties":{"id":"7534","municipality":"2925303","density":"Pouco densa","type":"Área urbanizada","state":"BA"},"geometry":{"type":"Polygon","coordinates":[[[-39.4305211829999,-16.572210633],[-39.431484865,-16.572403369],[-39.4322558099999,-16.573656155],[-39.432769774,-16.573656155],[-39.4322879329999,-16.571921528],[-39.430456938,-16.571503933],[-39.4305211829999,-16.572210633]]]}},{"type":"Feature","properties":{"id":"7535","municipality":"2925303","density":"Pouco densa","type":"Área urbanizada","state":"BA"},"geometry":{"type":"Polygon","coordinates":[[[-39.1011589509999,-16.41866096],[-39.099681306,-16.41901431],[-39.10209051,-16.4222587049999],[-39.101223196,-16.423318755],[-39.098426478,-16.424035404],[-39.0987477049999,-16.424581491],[-39.0983301099999,-16.424838472],[-39.098972564,-16.42634824],[-39.099754252,-16.4259015329999],[-39.100782179,-16.4271221969999],[-39.09985062,-16.427796774],[-39.100685811,-16.4298205059999],[-39.103962329,-16.427250688],[-39.1032556289999,-16.42609427],[-39.10457266,-16.424937852],[-39.102838033,-16.4231068559999],[-39.1036411009999,-16.421532843],[-39.105337649,-16.419767157],[-39.102116049,-16.417013298],[-39.100155242,-16.417216036],[-39.1011589509999,-16.41866096]]]}},{"type":"Feature","properties":{"id":"7536","municipality":"2925303","density":"Pouco densa","type":"Área urbanizada","state":"BA"},"geometry":{"type":"Polygon","coordinates":[[[-39.095242606,-16.434380866],[-39.0964753539999,-16.434916716],[-39.096089882,-16.435944643],[-39.0965074769999,-16.436201625],[-39.097663895,-16.436426484],[-39.0993021539999,-16.434402753],[-39.1008119219999,-16.434081525],[-39.100747677,-16.4335675619999],[-39.098113613,-16.433278457],[-39.097342668,-16.431993548],[-39.0961862499999,-16.432796616],[-39.095141048,-16.432506335],[-39.095242606,-16.434380866]]]}},{"type":"Feature","properties":{"id":"7537","municipality":"2925303","density":"Pouco densa","type":"Área urbanizada","state":"BA"},"geometry":{"type":"Polygon","coordinates":[[[-39.1580095789999,-16.557237866],[-39.158555666,-16.557494848],[-39.158587788,-16.560867734],[-39.1602902929999,-16.561092593],[-39.1601618019999,-16.5600004199999],[-39.162892233,-16.559904052],[-39.162763742,-16.559390089],[-39.1633419509999,-16.559293721],[-39.162827988,-16.557944566],[-39.1615752019999,-16.5556959749999],[-39.160740011,-16.555728098],[-39.160129679,-16.5551498889999],[-39.160129679,-16.554057717],[-39.1586520339999,-16.553736489],[-39.1577525969999,-16.554154085],[-39.1580095789999,-16.557237866]]]}},{"type":"Feature","properties":{"id":"7538","municipality":"2925303","density":"Pouco densa","type":"Área urbanizada","state":"BA"},"geometry":{"type":"Polygon","coordinates":[[[-39.1202277789999,-16.59656853],[-39.120195656,-16.598528017],[-39.1193604649999,-16.599331085],[-39.118493152,-16.598881366],[-39.1181076789999,-16.597146739],[-39.11752947,-16.5967291439999],[-39.1170476289999,-16.5984637709999],[-39.116726402,-16.598431648],[-39.1150238979999,-16.5971146169999],[-39.111522521,-16.5959903209999],[-39.111329784,-16.5952193759999],[-39.113064411,-16.5953478669999],[-39.1144135659999,-16.594255694],[-39.1135141299999,-16.592585313],[-39.11280743,-16.593035031],[-39.112839552,-16.5935168719999],[-39.1119079929999,-16.593773853],[-39.11139403,-16.593099276],[-39.1103661029999,-16.594223572],[-39.109916384,-16.593902344],[-39.108984826,-16.5952193759999],[-39.10574043,-16.59361324],[-39.1064471299999,-16.591717999],[-39.106896848,-16.592007104],[-39.108310248,-16.5913967719999],[-39.1079568979999,-16.59043309],[-39.108502985,-16.589405163],[-39.107089585,-16.5886020949999],[-39.104584012,-16.588634218],[-39.104005803,-16.5889875679999],[-39.1039094349999,-16.588634218],[-39.10574043,-16.5869317129999],[-39.1056119399999,-16.586096523],[-39.104616135,-16.5857110499999],[-39.103556085,-16.586546241],[-39.100279567,-16.586000154],[-39.0948829499999,-16.588280868],[-39.0931804459999,-16.5885057269999],[-39.093019832,-16.5888590769999],[-39.0931162,-16.590047618],[-39.0944011089999,-16.590850686],[-39.094304741,-16.5918143669999],[-39.0932446909999,-16.591750122],[-39.092537991,-16.592328331],[-39.0935016729999,-16.59833528],[-39.0954932819999,-16.59798193],[-39.095461159,-16.596632776],[-39.096135736,-16.5959903209999],[-39.099283763,-16.596022444],[-39.100408058,-16.597178862],[-39.101692967,-16.597724948],[-39.102303299,-16.59656853],[-39.103202735,-16.5962151799999],[-39.1036524529999,-16.596504285],[-39.104070049,-16.5957012169999],[-39.105322835,-16.595251499],[-39.105868921,-16.59537999],[-39.1054192029999,-16.597050371],[-39.1043912759999,-16.598431648],[-39.10574043,-16.598817121],[-39.1075714259999,-16.5982389119999],[-39.1083102479999,-16.5959903209999],[-39.1100769979999,-16.5968576349999],[-39.1099806299999,-16.597178862],[-39.110719453,-16.597724948],[-39.111940116,-16.601097834],[-39.1110085569999,-16.6012905709999],[-39.11104068,-16.602029393],[-39.110398225,-16.602254252],[-39.1112227089999,-16.6060566309999],[-39.111704549,-16.606313613],[-39.112636108,-16.6054462989999],[-39.113439177,-16.6065705949999],[-39.1140495079999,-16.6060887539999],[-39.113342808,-16.604996581],[-39.1173260259999,-16.6032940769999],[-39.1174545169999,-16.604578986],[-39.117904235,-16.60451474],[-39.118032726,-16.603904409],[-39.118932162,-16.6034225679999],[-39.119060653,-16.6024910089999],[-39.121212876,-16.6023946409999],[-39.122722644,-16.601238223],[-39.123846939,-16.6042898809999],[-39.124457271,-16.603743795],[-39.124778498,-16.604771722],[-39.125517321,-16.604611109],[-39.124489393,-16.6017521859999],[-39.126898598,-16.6016558179999],[-39.127155579,-16.6007563819999],[-39.1267058609999,-16.5994714729999],[-39.1285047339999,-16.597383496],[-39.127251948,-16.59648406],[-39.1276052979999,-16.5958094819999],[-39.127251948,-16.5953918869999],[-39.126770107,-16.5962592],[-39.1261918979999,-16.5960664639999],[-39.1249391119999,-16.597511987],[-39.1210201389999,-16.5962592],[-39.1202277789999,-16.59656853]]]}},{"type":"Feature","properties":{"id":"7539","municipality":"2925303","density":"Pouco densa","type":"Área urbanizada","state":"BA"},"geometry":{"type":"Polygon","coordinates":[[[-39.150375996,-16.793856037],[-39.1509542049999,-16.7999593549999],[-39.153973741,-16.7993169],[-39.1545198269999,-16.7984817089999],[-39.154841054,-16.798642323],[-39.155868982,-16.795719155],[-39.1552907729999,-16.795140946],[-39.154841054,-16.795751278],[-39.151660905,-16.793695424],[-39.150375996,-16.793856037]]]}},{"type":"Feature","properties":{"id":"7540","municipality":"2925303","density":"Pouco densa","type":"Área urbanizada","state":"BA"},"geometry":{"type":"Polygon","coordinates":[[[-39.0941751839999,-16.6061151179999],[-39.095042497,-16.611286877],[-39.096006179,-16.6091667769999],[-39.095749197,-16.607046677],[-39.0937575889999,-16.603352564],[-39.0928902749999,-16.6038022819999],[-39.0941751839999,-16.6061151179999]]]}},{"type":"Feature","properties":{"id":"7541","municipality":"2925303","density":"Pouco densa","type":"Área urbanizada","state":"BA"},"geometry":{"type":"Polygon","coordinates":[[[-39.06965288,-16.429134626],[-39.0679503759999,-16.4299376939999],[-39.0650593309999,-16.430451658],[-39.0631640899999,-16.429230994],[-39.064995085,-16.426789667],[-39.064256263,-16.424541076],[-39.064995085,-16.4240913579999],[-39.0634853169999,-16.4221639949999],[-39.0576711039999,-16.424123481],[-39.0560007229999,-16.4196263],[-39.0552940229999,-16.4184056359999],[-39.054812182,-16.41856625],[-39.0549727959999,-16.418951723],[-39.054105482,-16.419722668],[-39.055197655,-16.4227743269999],[-39.0591808719999,-16.427239385],[-39.0603694129999,-16.4293916079999],[-39.061847058,-16.43366393],[-39.06245739,-16.437743516],[-39.0619671869999,-16.4414137979999],[-39.0634769549999,-16.4417992699999],[-39.066817718,-16.440867711],[-39.067877768,-16.438522753],[-39.069750496,-16.436060939],[-39.0685928299999,-16.435912521],[-39.068400094,-16.434274262],[-39.069395899,-16.433406948],[-39.0706469459999,-16.433246335],[-39.06965288,-16.429134626]]]}},{"type":"Feature","properties":{"id":"7542","municipality":"2925303","density":"Pouco densa","type":"Área urbanizada","state":"BA"},"geometry":{"type":"Polygon","coordinates":[[[-39.104123587,-16.607277295],[-39.1070467549999,-16.6074700309999],[-39.1073358589999,-16.607791258],[-39.107785577,-16.6075663989999],[-39.107143123,-16.60451474],[-39.105858214,-16.6035189359999],[-39.1042520779999,-16.604643231],[-39.104123587,-16.607277295]]]}},{"type":"Feature","properties":{"id":"7543","municipality":"2925303","density":"Pouco densa","type":"Área urbanizada","state":"BA"},"geometry":{"type":"Polygon","coordinates":[[[-39.0858441249999,-16.5448756719999],[-39.0875145059999,-16.546963649],[-39.087064788,-16.5483128029999],[-39.0882533289999,-16.551717812],[-39.087932102,-16.556086502],[-39.0887672919999,-16.557082307],[-39.089923711,-16.556953816],[-39.090726779,-16.5565362199999],[-39.091015883,-16.555572539],[-39.090694656,-16.5539985249999],[-39.0911443739999,-16.5508504979999],[-39.0902449379999,-16.5476382259999],[-39.094934855,-16.54709214],[-39.094131787,-16.545068408],[-39.094774242,-16.544393831],[-39.0950954689999,-16.540860331],[-39.093007492,-16.539607545],[-39.092140178,-16.540763963],[-39.0910480059999,-16.541149436],[-39.087161156,-16.540667595],[-39.0857703609999,-16.542023888],[-39.085960718,-16.542928083],[-39.0858441249999,-16.5448756719999]]]}},{"type":"Feature","properties":{"id":"7544","municipality":"2925303","density":"Pouco densa","type":"Área urbanizada","state":"BA"},"geometry":{"type":"Polygon","coordinates":[[[-39.147292214,-16.8109132029999],[-39.147260092,-16.810431363],[-39.1495729279999,-16.810463485],[-39.150022646,-16.810816835],[-39.149765664,-16.809210699],[-39.150119014,-16.807668808],[-39.149894155,-16.806608758],[-39.147741933,-16.805388095],[-39.146842496,-16.803942572],[-39.146007305,-16.803460732],[-39.145814569,-16.801693982],[-39.1452684829999,-16.801051527],[-39.1457503239999,-16.804071063],[-39.1456539549999,-16.8110095719999],[-39.147292214,-16.8109132029999]]]}},{"type":"Feature","properties":{"id":"7545","municipality":"2925303","density":"Pouco densa","type":"Área urbanizada","state":"BA"},"geometry":{"type":"Polygon","coordinates":[[[-39.148109559,-16.65950572],[-39.1518357949999,-16.6589275109999],[-39.1546304719999,-16.657578357],[-39.1526067409999,-16.654590943],[-39.1501654139999,-16.656582552],[-39.149265977,-16.6570643929999],[-39.149105364,-16.656582552],[-39.147595596,-16.65738562],[-39.1466961589999,-16.658766897],[-39.1461500729999,-16.6583171789999],[-39.14492941,-16.65879902],[-39.1434517639999,-16.6580601979999],[-39.1424559599999,-16.658606284],[-39.14316266,-16.6600839289999],[-39.139115197,-16.661400961],[-39.138440619,-16.661882802],[-39.138344251,-16.663424692],[-39.1400467559999,-16.663938656],[-39.140496474,-16.6643883739999],[-39.13962916,-16.6650308289999],[-39.142134733,-16.666861824],[-39.1438372369999,-16.667215174],[-39.144190587,-16.66811461],[-39.145090023,-16.667857628],[-39.148109559,-16.65950572]]]}},{"type":"Feature","properties":{"id":"7546","municipality":"2925303","density":"Pouco densa","type":"Área urbanizada","state":"BA"},"geometry":{"type":"Polygon","coordinates":[[[-39.074320276,-16.492957189],[-39.0742239079999,-16.4923147339999],[-39.073324472,-16.4931820479999],[-39.0723929129999,-16.4927965749999],[-39.072682017,-16.491961384],[-39.0722644219999,-16.491736525],[-39.0727783849999,-16.4909334569999],[-39.0724571579999,-16.489937653],[-39.071429231,-16.490130389],[-39.0714934759999,-16.489584303],[-39.072553526,-16.4891345849999],[-39.075251835,-16.4890060939999],[-39.075958535,-16.4902588799999],[-39.07637613,-16.4900340209999],[-39.07778953,-16.492635962],[-39.078913825,-16.492218366],[-39.078807498,-16.4928153999999],[-39.07941289,-16.493043317],[-39.0810832709999,-16.492172434],[-39.081111825,-16.491272998],[-39.081497298,-16.491444319],[-39.0830391879999,-16.490316455],[-39.082539501,-16.4887174569999],[-39.0836102589999,-16.488917331],[-39.0841384989999,-16.4877609129999],[-39.0839107789999,-16.487315974],[-39.0832468239999,-16.487792569],[-39.0832468239999,-16.488306532],[-39.08260437,-16.4884992689999],[-39.081833424,-16.4875998319999],[-39.0809661109999,-16.487953182],[-39.0806127609999,-16.4872464819999],[-39.083825033,-16.485511855],[-39.0836644189999,-16.48403421],[-39.084210506,-16.483166896],[-39.0839214009999,-16.48262081],[-39.0830862099999,-16.482685056],[-39.083054088,-16.481464392],[-39.0845638559999,-16.481239533],[-39.085217756,-16.481604348],[-39.085301247,-16.479821747],[-39.085654597,-16.4796290099999],[-39.087806819,-16.480817551],[-39.089926919,-16.4804963239999],[-39.089830551,-16.478054997],[-39.0934282959999,-16.478311979],[-39.0923361229999,-16.477798015],[-39.091757914,-16.4766094739999],[-39.09111546,-16.476545229],[-39.090890601,-16.4770913149999],[-39.0900232869999,-16.4773482969999],[-39.0882565369999,-16.477155561],[-39.08758196,-16.4774767879999],[-39.08616856,-16.4763203699999],[-39.085686719,-16.476416738],[-39.085654597,-16.4744251289999],[-39.0852048779999,-16.473332956],[-39.084787283,-16.4738147969999],[-39.08510851,-16.476127633],[-39.0845945469999,-16.476159756],[-39.0846266689999,-16.477316174],[-39.0839842149999,-16.477316174],[-39.084690915,-16.4776052789999],[-39.0848194059999,-16.479050801],[-39.0830847789999,-16.479725378],[-39.078940947,-16.478440469],[-39.0787160879999,-16.4761918789999],[-39.077527548,-16.477669524],[-39.078908825,-16.479853869],[-39.0791336839999,-16.481716987],[-39.077591793,-16.48422256],[-39.076082025,-16.484993505],[-39.074732871,-16.484993505],[-39.073351593,-16.486535396],[-39.072966121,-16.487948796],[-39.07213093,-16.487788182],[-39.071841825,-16.4844152959999],[-39.0721630529999,-16.483772842],[-39.07354433,-16.483772842],[-39.07354433,-16.479436274],[-39.071520598,-16.4791471689999],[-39.069850217,-16.4770913149999],[-39.0681798349999,-16.475999142],[-39.0684368169999,-16.475324565],[-39.067569503,-16.474617865],[-39.0659633669999,-16.474457252],[-39.0651602989999,-16.4739432879999],[-39.065770631,-16.472947484],[-39.065481526,-16.4721765379999],[-39.063971758,-16.472337152],[-39.063393549,-16.471823188],[-39.062911708,-16.469767334],[-39.0644535989999,-16.4673260069999],[-39.0636826539999,-16.4656877479999],[-39.06352204,-16.462860949],[-39.062718972,-16.460901462],[-39.06210864,-16.460933585],[-39.062205008,-16.458684994],[-39.059924295,-16.45662914],[-39.059538822,-16.4566933859999],[-39.060791609,-16.460034149],[-39.061851658,-16.466394448],[-39.061948027,-16.4726583789999],[-39.0671840309999,-16.481845478],[-39.0677301169999,-16.485121996],[-39.067633749,-16.4888803549999],[-39.068404694,-16.4933454129999],[-39.071841825,-16.5033355799999],[-39.0741867839999,-16.513679097],[-39.075278957,-16.514514288],[-39.074732871,-16.513839711],[-39.074540134,-16.51017772],[-39.0738334339999,-16.5085394609999],[-39.0729339979999,-16.502661003],[-39.071809703,-16.500605149],[-39.072998244,-16.499127503],[-39.0734479619999,-16.497810472],[-39.0747971159999,-16.496557686],[-39.0756001839999,-16.4946624449999],[-39.07614627,-16.4947266899999],[-39.075990658,-16.493696011],[-39.074320276,-16.492957189]]]}},{"type":"Feature","properties":{"id":"7547","municipality":"2927408","density":"Pouco densa","type":"Área urbanizada","state":"BA"},"geometry":{"type":"Polygon","coordinates":[[[-38.283936054905,-12.5873818811688],[-38.2865058730476,-12.5851689832619],[-38.2883975439114,-12.584919139007],[-38.2896824529828,-12.5838483818973],[-38.291217206309,-12.5863468163524],[-38.2918596603949,-12.5858114373479],[-38.2910030543474,-12.5837769982098],[-38.290182139694,-12.5830988509312],[-38.2877550898255,-12.5827776238882],[-38.2874338627825,-12.5804576500005],[-38.2880763168685,-12.5805647259813],[-38.2878621658063,-12.5814570234228],[-38.2891827671709,-12.5821351698022],[-38.2900393723191,-12.5804219577071],[-38.2887901546419,-12.579922270996],[-38.290209151731,-12.5781119069389],[-38.2895046291353,-12.5774956456075],[-38.2876837061381,-12.5790656649484],[-38.2864344893601,-12.5788158215928],[-38.2861132623172,-12.57927981691],[-38.2867557164031,-12.5800293469768],[-38.286291721086,-12.5807074933561],[-38.2867914077972,-12.5810287203991],[-38.2852923476637,-12.5817425590718],[-38.2864701807542,-12.5834557711669],[-38.2830437565641,-12.5850262149878],[-38.2829366805833,-12.587560340837],[-38.283936054905,-12.5873818811688]]]}},{"type":"Feature","properties":{"id":"7548","municipality":"2927408","density":"Pouco densa","type":"Área urbanizada","state":"BA"},"geometry":{"type":"Polygon","coordinates":[[[-38.3700178544404,-12.6457447676069],[-38.3837616213017,-12.6468488383032],[-38.3844088346,-12.6391774557749],[-38.3717501015859,-12.6368741373315],[-38.3700178544404,-12.6457447676069]]]}},{"type":"Feature","properties":{"id":"7549","municipality":"2927408","density":"Pouco densa","type":"Área urbanizada","state":"BA"},"geometry":{"type":"Polygon","coordinates":[[[-38.6160638011035,-12.4990128115919],[-38.6152904758747,-12.4998456233768],[-38.6176699372178,-12.5053778703924],[-38.6186217212154,-12.5059727350537],[-38.6195735061124,-12.5034148149417],[-38.6174319909936,-12.5002620292692],[-38.617907883442,-12.4994292183837],[-38.6175509641057,-12.4983584603746],[-38.6160638011035,-12.4990128115919]]]}},{"type":"Feature","properties":{"id":"7550","municipality":"2927408","density":"Pouco densa","type":"Área urbanizada","state":"BA"},"geometry":{"type":"Polygon","coordinates":[[[-38.2554393577401,-12.8064401867652],[-38.2559033530573,-12.8069041820823],[-38.2554036663461,-12.807261102318],[-38.2545827516926,-12.8066900310201],[-38.2535833782703,-12.8074395610868],[-38.2522270846122,-12.8073681773995],[-38.251049252421,-12.8081890911536],[-38.2524769288671,-12.8091884645759],[-38.2532264589339,-12.8092241568693],[-38.2542615246496,-12.8081533988602],[-38.2551538220912,-12.8080106323847],[-38.2574024131908,-12.8096881521864],[-38.2578664076085,-12.8091170808885],[-38.2579377921953,-12.8074038687935],[-38.2557962770765,-12.8058691172659],[-38.2554393577401,-12.8064401867652]]]}},{"type":"Feature","properties":{"id":"7551","municipality":"2927408","density":"Pouco densa","type":"Área urbanizada","state":"BA"},"geometry":{"type":"Polygon","coordinates":[[[-38.3745790162086,-12.8976800119229],[-38.3746860921893,-12.8985009256771],[-38.3757211570057,-12.8988578450135],[-38.3765420707599,-12.8983938496963],[-38.3765777630533,-12.8991076892684],[-38.3741864045789,-12.8992504557439],[-38.3730442628824,-12.9010350524257],[-38.3732227225506,-12.9016775056123],[-38.3742577891656,-12.9021771932228],[-38.3774343691008,-12.9008208995648],[-38.3779697481053,-12.9001784463782],[-38.3773986768074,-12.8972160166059],[-38.3754356222561,-12.8967877135821],[-38.3745790162086,-12.8976800119229]]]}},{"type":"Feature","properties":{"id":"7552","municipality":"2927408","density":"Pouco densa","type":"Área urbanizada","state":"BA"},"geometry":{"type":"Polygon","coordinates":[[[-38.6306773733621,-12.7291851305893],[-38.6309629081116,-12.7308983426843],[-38.631324585761,-12.7306699148846],[-38.6315149425605,-12.7289186308901],[-38.6306773733621,-12.7291851305893]]]}},{"type":"Feature","properties":{"id":"7553","municipality":"2927408","density":"Pouco densa","type":"Área urbanizada","state":"BA"},"geometry":{"type":"Polygon","coordinates":[[[-38.3798614189693,-12.8840028704361],[-38.3787906618595,-12.883538875119],[-38.3793617322581,-12.8823610420285],[-38.3785051262105,-12.8808262896016],[-38.3793974236522,-12.8805050616592],[-38.3798257266759,-12.8797555315925],[-38.3787549695662,-12.8785420071079],[-38.3780768231868,-12.8784706234205],[-38.3771488343512,-12.8804693702652],[-38.3752214702945,-12.8793986131554],[-38.3732227225506,-12.8789346178383],[-38.3720805817534,-12.8780066281034],[-38.3710812083311,-12.8785420071079],[-38.3700461426154,-12.8785420071079],[-38.3684756978951,-12.8775069422915],[-38.3655489613155,-12.877007254681],[-38.3655132690221,-12.8778638607286],[-38.3665840270312,-12.8789346178383],[-38.3663341827762,-12.879612765117],[-38.3686184661692,-12.8808976732889],[-38.3695821481975,-12.8806835222267],[-38.3711882843118,-12.8790416938191],[-38.372330425109,-12.8790773861125],[-38.3733333679405,-12.8801624199597],[-38.3784730042257,-12.8821254754103],[-38.3782231599708,-12.8826251621215],[-38.3773665539233,-12.882839314083],[-38.3770096345869,-12.8821254754103],[-38.3752250388044,-12.8818399397614],[-38.3748681203674,-12.8835174595631],[-38.3722626108308,-12.8838386866061],[-38.3719413828884,-12.8848737532211],[-38.3724410695996,-12.8857660506627],[-38.3736545949835,-12.88505221199],[-38.374761045286,-12.88505221199],[-38.3748681203674,-12.8856232832878],[-38.3734047516279,-12.8868011163784],[-38.3711204691343,-12.8874792627577],[-38.370585091029,-12.8896207778765],[-38.371834307807,-12.8897635452514],[-38.3716201558454,-12.8883358688053],[-38.373083524585,-12.8880503331563],[-38.3759388783765,-12.886122969999],[-38.3766884084433,-12.8867297317917],[-38.3766170238565,-12.8879789485696],[-38.3761530294387,-12.8888712469105],[-38.374761045286,-12.8894423182084],[-38.3744755087377,-12.8903703079433],[-38.3752250388044,-12.8911198380101],[-38.3769739431929,-12.8892995499342],[-38.3775450135915,-12.8878718743874],[-38.3774022462167,-12.8868011163784],[-38.3762244131261,-12.8850879042833],[-38.3771167105677,-12.8851949802641],[-38.3780090089086,-12.8844454501974],[-38.377794856947,-12.8862657382731],[-38.3780447012019,-12.8869438837532],[-38.3788299226627,-12.8870152683399],[-38.3798614189693,-12.8840028704361]]]}},{"type":"Feature","properties":{"id":"7554","municipality":"2927408","density":"Pouco densa","type":"Área urbanizada","state":"BA"},"geometry":{"type":"Polygon","coordinates":[[[-37.9759375059111,-12.4940460286013],[-37.975473510594,-12.4940460286013],[-37.9753307432192,-12.4926540453479],[-37.9745455208591,-12.4925826607611],[-37.9742599861094,-12.4939389544192],[-37.9737602993982,-12.4938318784384],[-37.9730821530189,-12.4946170998992],[-37.9736175311241,-12.4949740192356],[-37.9747239814265,-12.4946170998992],[-37.9760445818919,-12.4948669441541],[-37.9761516569733,-12.496758615018],[-37.9770082630209,-12.4969370746862],[-37.9767941119587,-12.4927968118234],[-37.9762230406607,-12.4926897367419],[-37.9759375059111,-12.4940460286013]]]}},{"type":"Feature","properties":{"id":"7555","municipality":"2927408","density":"Pouco densa","type":"Área urbanizada","state":"BA"},"geometry":{"type":"Polygon","coordinates":[[[-38.2576522574457,-12.8161483880376],[-38.2565458071433,-12.8163268477058],[-38.2557962770764,-12.8155059339517],[-38.2561888878069,-12.8137927218566],[-38.2550824393031,-12.812257970329],[-38.2541901409622,-12.8119010500934],[-38.2545113680052,-12.811508439363],[-38.2551181306972,-12.8118296673052],[-38.2561531964129,-12.8103662976665],[-38.2539759890006,-12.8100807629168],[-38.2511206361084,-12.8116868990312],[-38.2518344738819,-12.8130431917898],[-38.2531907666405,-12.8124007368045],[-38.2537261456451,-12.8128290398283],[-38.2547255199667,-12.8151490146153],[-38.2538689139192,-12.815862853288],[-38.2533335349146,-12.8181114443876],[-38.2537261456451,-12.8198603478767],[-38.2547969027548,-12.8212523320295],[-38.2554393577401,-12.8210024886739],[-38.2557605847831,-12.8187182061802],[-38.257009801561,-12.8179329838201],[-38.257580872859,-12.8190751246173],[-38.2570454938544,-12.8193249688722],[-38.2571882621286,-12.8209311049865],[-38.2587587059495,-12.8203243422945],[-38.2585802462813,-12.8194320448529],[-38.2603291497704,-12.8186111310988],[-38.2596510042904,-12.8176831413638],[-38.2581519432575,-12.8177188327579],[-38.2576522574457,-12.8161483880376]]]}},{"type":"Feature","properties":{"id":"7556","municipality":"2927408","density":"Pouco densa","type":"Área urbanizada","state":"BA"},"geometry":{"type":"Polygon","coordinates":[[[-38.5300459910296,-12.7378903233797],[-38.5308312133897,-12.7374263280626],[-38.5314022837883,-12.7366767979958],[-38.5320804301677,-12.7339642115791],[-38.5308312133897,-12.736569722015],[-38.5299389150488,-12.7373192520818],[-38.5250491230185,-12.7384613928789],[-38.5300459910296,-12.7378903233797]]]}},{"type":"Feature","properties":{"id":"7558","municipality":"2927408","density":"Pouco densa","type":"Área urbanizada","state":"BA"},"geometry":{"type":"Polygon","coordinates":[[[-38.519543617344,-12.6650522253799],[-38.5186513190031,-12.6650522253799],[-38.5181159408979,-12.6656232957785],[-38.5151892043183,-12.6654805284036],[-38.5149393600633,-12.6665512846141],[-38.516259961428,-12.6666940528882],[-38.5162956528221,-12.6674078906616],[-38.5154033553805,-12.6683001890025],[-38.514546749333,-12.6681931130217],[-38.511263093417,-12.6710841591066],[-38.511941238897,-12.672119223923],[-38.5127621526512,-12.6721549162164],[-38.5177947129556,-12.6670866636186],[-38.5197220770122,-12.6659445228214],[-38.519543617344,-12.6650522253799]]]}},{"type":"Feature","properties":{"id":"7560","municipality":"2927408","density":"Pouco densa","type":"Área urbanizada","state":"BA"},"geometry":{"type":"Polygon","coordinates":[[[-38.1559169977712,-12.6844776858965],[-38.1549176252482,-12.6852629082566],[-38.1542037865755,-12.6894388616141],[-38.151169974015,-12.6943643459377],[-38.1521693474374,-12.6948640326489],[-38.1533114891339,-12.6935791235777],[-38.154453629931,-12.6937932764385],[-38.1537040998643,-12.6956135627157],[-38.1556671553149,-12.6972196997293],[-38.1564523767758,-12.6961489417203],[-38.1562739180069,-12.6951138769039],[-38.1574517510974,-12.6945784978993],[-38.1591292708991,-12.6958634069706],[-38.1617704727291,-12.6944357296252],[-38.1619489323972,-12.6936505081644],[-38.1611637100372,-12.6937218918518],[-38.1616633967483,-12.693257897434],[-38.1614849370802,-12.6928295944102],[-38.162056008378,-12.6926154424486],[-38.162983998113,-12.693293588828],[-38.163626452199,-12.6926868261361],[-38.1619489323972,-12.6908665389595],[-38.1575588270782,-12.6929009780976],[-38.157059140367,-12.6922942154057],[-38.1575588270782,-12.6916517613197],[-38.1567379124247,-12.6900813157001],[-38.1572732914292,-12.6862622816789],[-38.1559169977712,-12.6844776858965]]]}},{"type":"Feature","properties":{"id":"7561","municipality":"2927408","density":"Pouco densa","type":"Área urbanizada","state":"BA"},"geometry":{"type":"Polygon","coordinates":[[[-38.3971564611018,-12.5978741149984],[-38.3950506382763,-12.6007651601839],[-38.3950506382763,-12.601443305664],[-38.392516512427,-12.603477744802],[-38.3943724918969,-12.6050124981283],[-38.3964722002318,-12.6034858971564],[-38.3962641627609,-12.6016931499189],[-38.3972278447891,-12.6000870129052],[-38.3969066168468,-12.5997657858623],[-38.3976204564189,-12.5980525737672],[-38.3971564611018,-12.5978741149984]]]}},{"type":"Feature","properties":{"id":"7563","municipality":"2927408","density":"Pouco densa","type":"Área urbanizada","state":"BA"},"geometry":{"type":"Polygon","coordinates":[[[-38.2948847531288,-12.7197763019348],[-38.2952147746421,-12.7201393258691],[-38.2946207355585,-12.7210963897865],[-38.2938946876897,-12.7209973834225],[-38.2935976676982,-12.7232085285507],[-38.29415870526,-12.7238685733759],[-38.2962378434017,-12.7225814879453],[-38.297524927933,-12.7200073179833],[-38.2961058337172,-12.7184562149823],[-38.2948847531288,-12.7197763019348]]]}},{"type":"Feature","properties":{"id":"7564","municipality":"2927408","density":"Pouco densa","type":"Área urbanizada","state":"BA"},"geometry":{"type":"Polygon","coordinates":[[[-38.3250704598338,-12.8735357600672],[-38.3257540875811,-12.8718979471325],[-38.3266214018562,-12.8717373327117],[-38.3267498933928,-12.8706130380612],[-38.3276814516377,-12.8705487922929],[-38.3280669244489,-12.8700990737132],[-38.3279384329123,-12.8690711468159],[-38.3294803241576,-12.8672722751953],[-38.3300906562587,-12.8673686429485],[-38.3297373063316,-12.8682359563243],[-38.3302833917651,-12.8687177968887],[-38.3307331103447,-12.866951047253],[-38.329930041838,-12.8667583108473],[-38.3286451327666,-12.8673365200643],[-38.3277135736225,-12.8686856740046],[-38.3255613520747,-12.8688141646419],[-38.3248225293362,-12.8700348288442],[-38.3235376202649,-12.8696493560329],[-38.3238909701921,-12.8687177968887],[-38.3227987984258,-12.8685250613824],[-38.322316956962,-12.8691353925843],[-38.3225096933676,-12.8698420933379],[-38.3245976700464,-12.8708057735676],[-38.3245276227515,-12.8730706217118],[-38.3250704598338,-12.8735357600672]]]}},{"type":"Feature","properties":{"id":"7565","municipality":"2927408","density":"Pouco densa","type":"Área urbanizada","state":"BA"},"geometry":{"type":"Polygon","coordinates":[[[-38.4006331618909,-12.8816824199077],[-38.4004903936167,-12.8834670147909],[-38.4013707948263,-12.8842522380503],[-38.4018704824368,-12.8833004531534],[-38.4026319087356,-12.8829911232417],[-38.402346373986,-12.8823962576811],[-38.4006331618909,-12.8816824199077]]]}},{"type":"Feature","properties":{"id":"7566","municipality":"2927408","density":"Pouco densa","type":"Área urbanizada","state":"BA"},"geometry":{"type":"Polygon","coordinates":[[[-38.2719516272658,-12.8265418736086],[-38.2718445521843,-12.827684015305],[-38.2751639003937,-12.8274698642428],[-38.2751282081003,-12.8263991062337],[-38.2763774248782,-12.8259708032099],[-38.276805727902,-12.8263277234456],[-38.2766272682338,-12.8275769402236],[-38.2776266416561,-12.8277553989924],[-38.27884016704,-12.827041561219],[-38.278518939997,-12.8264704899211],[-38.2771626472384,-12.8263634139403],[-38.2780192532859,-12.8254354251047],[-38.2778764850117,-12.8244717430765],[-38.2755922034174,-12.825685267561],[-38.2754851274367,-12.8249714297876],[-38.271523324242,-12.8261135705848],[-38.2719516272658,-12.8265418736086]]]}},{"type":"Feature","properties":{"id":"7567","municipality":"2927408","density":"Pouco densa","type":"Área urbanizada","state":"BA"},"geometry":{"type":"Polygon","coordinates":[[[-38.3792513251885,-12.8875977601285],[-38.3786564596278,-12.8887399009257],[-38.3788706115894,-12.8907624429323],[-38.3784423085657,-12.8911907459561],[-38.3769194541694,-12.8913573075936],[-38.3749445006881,-12.8944506067101],[-38.3757297230482,-12.8945933749842],[-38.3770146321195,-12.8929515465766],[-38.3771098109689,-12.8921425299537],[-38.3786564596278,-12.89171422693],[-38.3784185143029,-12.8929039580512],[-38.3798699850117,-12.89699663059],[-38.3803458783595,-12.8968538632151],[-38.3793940925633,-12.8914048970183],[-38.3795606551001,-12.8890254356753],[-38.3829394898655,-12.8916190489799],[-38.3834867660014,-12.890867139307],[-38.3820115001306,-12.8894632571236],[-38.3799889581239,-12.8883449105891],[-38.380107931236,-12.8869886178304],[-38.3792513251885,-12.8875977601285]]]}},{"type":"Feature","properties":{"id":"7568","municipality":"2927408","density":"Pouco densa","type":"Área urbanizada","state":"BA"},"geometry":{"type":"Polygon","coordinates":[[[-38.627192245026,-12.6859657248383],[-38.6266211746275,-12.686715254905],[-38.6230876753559,-12.6851805033775],[-38.6174483532589,-12.687357708991],[-38.6175554283403,-12.687964471683],[-38.620160937877,-12.6870721742414],[-38.6207320091748,-12.6872863262029],[-38.6211246199052,-12.6871078656354],[-38.6209461602371,-12.6867509471984],[-38.6239799727975,-12.6862512595879],[-38.6284057713093,-12.6887140017498],[-38.6286556137656,-12.6881786236446],[-38.6277276240306,-12.6876075532459],[-38.6281916193477,-12.686394027862],[-38.6278703923047,-12.6858943411509],[-38.627192245026,-12.6859657248383]]]}},{"type":"Feature","properties":{"id":"7569","municipality":"2927408","density":"Pouco densa","type":"Área urbanizada","state":"BA"},"geometry":{"type":"Polygon","coordinates":[[[-38.320261102268,-12.8510181767474],[-38.3191368067182,-12.8517891223701],[-38.3192331753707,-12.8526564348465],[-38.319875630356,-12.8531703991946],[-38.3203253480363,-12.8551620081201],[-38.3208393105856,-12.853909221933],[-38.3218351163974,-12.8541019583387],[-38.322124219657,-12.8567360213503],[-38.321481765571,-12.8568966348718],[-38.3211284156438,-12.8560614443801],[-38.3195865252978,-12.8559650757276],[-38.3197471388194,-12.856671775582],[-38.3212569071805,-12.8574105992198],[-38.3218993612665,-12.8580851761899],[-38.321738747745,-12.8586633854069],[-38.322316956962,-12.858823998029],[-38.3227345517581,-12.858181543943],[-38.3239552159604,-12.8584064032329],[-38.3267820153776,-12.85965918942],[-38.3264929112188,-12.8600446622313],[-38.3267820153776,-12.8604943799116],[-38.3263001739139,-12.8609762213755],[-38.3275434425757,-12.8610368968353],[-38.3280193350243,-12.8600851128376],[-38.3268771942271,-12.8589905605659],[-38.3252591600821,-12.8583719007426],[-38.3252115706574,-12.8572773493701],[-38.3246405002588,-12.8572773493701],[-38.3244025540346,-12.8578484188694],[-38.3228321102137,-12.8576580620699],[-38.3225465745647,-12.85385092518],[-38.3210237201685,-12.8511383387633],[-38.320261102268,-12.8510181767474]]]}},{"type":"Feature","properties":{"id":"7570","municipality":"2927408","density":"Pouco densa","type":"Área urbanizada","state":"BA"},"geometry":{"type":"Polygon","coordinates":[[[-38.1868163569893,-12.753062095839],[-38.188172649748,-12.7551322272705],[-38.1894932502133,-12.7546682319533],[-38.1901713965926,-12.7539187018866],[-38.1910636949335,-12.7541328529488],[-38.1923129117114,-12.7531334786271],[-38.1922058357307,-12.7516344193929],[-38.1909923112461,-12.751670110787],[-38.1897787858622,-12.7523125648729],[-38.1901713965926,-12.7531691709205],[-38.1893504828384,-12.7535617816508],[-38.1884938767909,-12.7521697983974],[-38.1868163569893,-12.753062095839]]]}},{"type":"Feature","properties":{"id":"7571","municipality":"2927408","density":"Pouco densa","type":"Área urbanizada","state":"BA"},"geometry":{"type":"Polygon","coordinates":[[[-38.3602550742123,-12.8678403400596],[-38.3597494393851,-12.8683757190642],[-38.359719696107,-12.8696546791201],[-38.3588273977662,-12.8696546791201],[-38.3594222633267,-12.8729264379048],[-38.3610581427191,-12.872182855954],[-38.3613853178781,-12.8714392749026],[-38.3615637784456,-12.8680187988285],[-38.3602550742123,-12.8678403400596]]]}},{"type":"Feature","properties":{"id":"7572","municipality":"2927408","density":"Pouco densa","type":"Área urbanizada","state":"BA"},"geometry":{"type":"Polygon","coordinates":[[[-37.9739387590664,-12.4901556108927],[-37.9729750770381,-12.4917260547136],[-37.9733676877685,-12.49208297405],[-37.975473510594,-12.4904768379357],[-37.9750452075702,-12.489477463614],[-37.9739387590664,-12.4901556108927]]]}},{"type":"Feature","properties":{"id":"7573","municipality":"2927408","density":"Pouco densa","type":"Área urbanizada","state":"BA"},"geometry":{"type":"Polygon","coordinates":[[[-38.6080570380018,-12.6961503779376],[-38.6076287349781,-12.6954008469714],[-38.6060939816519,-12.6944371658425],[-38.6057727546089,-12.6932236413579],[-38.607485966704,-12.692973797103],[-38.6083068813575,-12.6924384189978],[-38.609841632885,-12.6901184442108],[-38.6089850268375,-12.6896187566003],[-38.6075930426847,-12.6917959640125],[-38.604202310788,-12.6918673476999],[-38.604523537831,-12.694223013881],[-38.6061296739453,-12.6954365392649],[-38.6064509009883,-12.6981848170756],[-38.6072361242477,-12.6997195686031],[-38.6079856543145,-12.6997195686031],[-38.6080570380018,-12.6961503779376]]]}},{"type":"Feature","properties":{"id":"7574","municipality":"2927408","density":"Pouco densa","type":"Área urbanizada","state":"BA"},"geometry":{"type":"Polygon","coordinates":[[[-38.1353239528381,-12.7140692581897],[-38.133599468849745,-12.714454997675613],[-38.13455565392541,-12.715539311551415],[-38.1361091751982,-12.7144618689201],[-38.1353239528381,-12.7140692581897]]]}},{"type":"Feature","properties":{"id":"7575","municipality":"2927408","density":"Pouco densa","type":"Área urbanizada","state":"BA"},"geometry":{"type":"Polygon","coordinates":[[[-38.3951128129059,-12.8801595646121],[-38.3953745533929,-12.8820631326074],[-38.396802229839,-12.8824676422678],[-38.3971115597506,-12.8837763447025],[-38.3962311594404,-12.8841570592009],[-38.3950652225819,-12.8834194262655],[-38.3938516980974,-12.8833480416788],[-38.3943275896465,-12.8839191129766],[-38.3941372328469,-12.8847995141862],[-38.393137860324,-12.8851088440978],[-38.3932092440114,-12.8857037087591],[-38.3942562068584,-12.8860368329334],[-38.3943989742332,-12.8869648226684],[-38.3949462503691,-12.8870837957805],[-38.3956600890418,-12.8860130386707],[-38.3950414292186,-12.8852516105733],[-38.3950414292186,-12.8845139776379],[-38.3969212029511,-12.8848946921363],[-38.3972305328627,-12.8844187996878],[-38.3984202630846,-12.884276032313],[-38.4001810637051,-12.8847043353368],[-38.4002048588671,-12.8841808543629],[-38.398110933173,-12.883609783065],[-38.3975398627744,-12.8824200528432],[-38.3973257108129,-12.8799454126506],[-38.3951128129059,-12.8801595646121]]]}},{"type":"Feature","properties":{"id":"7576","municipality":"2927408","density":"Pouco densa","type":"Área urbanizada","state":"BA"},"geometry":{"type":"Polygon","coordinates":[[[-38.1906353919098,-12.7458166367284],[-38.1897430935689,-12.7473513891553],[-38.188208341142,-12.7472800045685],[-38.1880298823731,-12.7482079952028],[-38.1894218674252,-12.7488504501881],[-38.1904569322416,-12.7485649136398],[-38.1902784725734,-12.7477439998857],[-38.1910280026402,-12.7473870814486],[-38.1935621293887,-12.7473870814486],[-38.1936692035708,-12.7458523290217],[-38.1906353919098,-12.7458166367284]]]}},{"type":"Feature","properties":{"id":"7577","municipality":"2927408","density":"Pouco densa","type":"Área urbanizada","state":"BA"},"geometry":{"type":"Polygon","coordinates":[[[-37.9816839039889,-12.4758074609455],[-37.9813626769459,-12.4760929956951],[-37.9822192829934,-12.4778062077902],[-37.9818623636571,-12.4784843550689],[-37.9826475860173,-12.4791268091549],[-37.9834684997714,-12.4788412744052],[-37.9840038787759,-12.4793766516111],[-37.9843964904057,-12.4791268091549],[-37.9845035663864,-12.477877592377],[-37.9838968027952,-12.4774135970598],[-37.9833614237906,-12.4779489760643],[-37.9825048177431,-12.4764142227381],[-37.9816839039889,-12.4758074609455]]]}},{"type":"Feature","properties":{"id":"7578","municipality":"2927408","density":"Pouco densa","type":"Área urbanizada","state":"BA"},"geometry":{"type":"Polygon","coordinates":[[[-38.0197006723481,-12.5361747833396],[-38.0183800709834,-12.5369600048004],[-38.0185585297523,-12.5357821717098],[-38.0173806966618,-12.5365317017766],[-38.0154176421104,-12.5362104747336],[-38.0147751871252,-12.5366744700507],[-38.0147394957311,-12.5378523031412],[-38.0154890257979,-12.5385304504199],[-38.0170237782248,-12.5382092215783],[-38.0168810099506,-12.5375667683916],[-38.016274248158,-12.5372098490552],[-38.0164883992202,-12.5369956970937],[-38.0178446919789,-12.5370670807811],[-38.0191652933436,-12.5381378378909],[-38.0199862070978,-12.5381378378909],[-38.0199862070978,-12.5374596924108],[-38.0212354238757,-12.5377095357664],[-38.0204145101215,-12.538316297559],[-38.0207714285585,-12.5399224336733],[-38.0203074341407,-12.5400652019475],[-38.0202003590593,-12.540921807995],[-38.0206286611837,-12.5412073427446],[-38.0225917166344,-12.5405291972646],[-38.0219492616491,-12.5367815460315],[-38.0197006723481,-12.5361747833396]]]}},{"type":"Feature","properties":{"id":"7579","municipality":"2927408","density":"Pouco densa","type":"Área urbanizada","state":"BA"},"geometry":{"type":"Polygon","coordinates":[[[-38.2119137220406,-12.7688065134098],[-38.2104503533011,-12.769663118558],[-38.2107715803441,-12.7703055744427],[-38.2097008232343,-12.770698185173],[-38.2079519188459,-12.7705554168989],[-38.2076306918029,-12.7715904826146],[-38.2055248689775,-12.7717332499894],[-38.2051322582471,-12.7728753916859],[-38.2053464093093,-12.7736963063395],[-38.2068454703421,-12.7730538513541],[-38.2070953127984,-12.7737319977335],[-38.2069882368176,-12.7746956788624],[-38.2063100913376,-12.7750525981988],[-38.2064528587124,-12.7754452089292],[-38.2075236158222,-12.7753738261411],[-38.2079162265526,-12.7744458364062],[-38.2077734600771,-12.7730538513541],[-38.2086657566193,-12.7731966187289],[-38.2088799085808,-12.7754095184345],[-38.2079876111393,-12.7758378205589],[-38.2083445295763,-12.7761233562079],[-38.2095937472536,-12.7759092042463],[-38.2102718936329,-12.7763731986642],[-38.2108786563249,-12.7759805879338],[-38.2098792829025,-12.7739818410891],[-38.2100577416714,-12.7724470886622],[-38.2120564894154,-12.7703412658367],[-38.211985105728,-12.769663118558],[-38.2126632521074,-12.7693418924143],[-38.2126632521073,-12.7688422048039],[-38.2119137220406,-12.7688065134098]]]}},{"type":"Feature","properties":{"id":"7580","municipality":"2927408","density":"Pouco densa","type":"Área urbanizada","state":"BA"},"geometry":{"type":"Polygon","coordinates":[[[-38.3760612967914,-12.8147338947534],[-38.3750797686164,-12.8168754098722],[-38.3720459569553,-12.8165482338139],[-38.3682090758881,-12.8152097872019],[-38.3675249813928,-12.8154179901481],[-38.36939880611,-12.8163995174238],[-38.3704993073971,-12.8163102875897],[-38.3714808346728,-12.8170241262624],[-38.3744849039551,-12.8176784783791],[-38.3747228501793,-12.8190764106478],[-38.3752284859058,-12.8195225598182],[-38.3771617980785,-12.8194333299841],[-38.3771320548004,-12.8187789778675],[-38.3791248526298,-12.8197307627644],[-38.3791248526298,-12.817678478379],[-38.3781433262534,-12.8165482338139],[-38.3780540964194,-12.815685678751],[-38.3773105135693,-12.8155667056389],[-38.3770818681337,-12.8140376459206],[-38.3760612967914,-12.8147338947534]]]}},{"type":"Feature","properties":{"id":"7581","municipality":"2927408","density":"Pouco densa","type":"Área urbanizada","state":"BA"},"geometry":{"type":"Polygon","coordinates":[[[-38.3891260889978,-12.8780894340801],[-38.3878887693512,-12.8774945676202],[-38.3872939037906,-12.8776373358943],[-38.3870559575664,-12.8769472923836],[-38.3864372977431,-12.8766617567346],[-38.385366539734,-12.8767807298468],[-38.3850572098223,-12.8773518011447],[-38.3861041726694,-12.8781370226055],[-38.3862707352062,-12.8788508612782],[-38.3842243989368,-12.8786842987414],[-38.3827967215914,-12.8793029585647],[-38.3823684185676,-12.8815158573709],[-38.3803696717229,-12.8817538035951],[-38.3807027967966,-12.8822296960436],[-38.3822970357795,-12.88258661538],[-38.3824635983163,-12.8834908099529],[-38.3824398031543,-12.8844901842745],[-38.3816545807942,-12.8856561202337],[-38.3806861395536,-12.8860130386707],[-38.3817806918254,-12.8864889311192],[-38.3824945313975,-12.8861796012076],[-38.382637297873,-12.8856085299097],[-38.3852071160155,-12.8868458495563],[-38.3854926516645,-12.8862747791577],[-38.3852309111776,-12.8857037087591],[-38.3834701096578,-12.8853943788475],[-38.3829704229466,-12.8849184872983],[-38.3835652876079,-12.8833242483154],[-38.3829704229466,-12.8820393392441],[-38.3834701096578,-12.8817300093324],[-38.3834463153951,-12.8800881809248],[-38.3839935906316,-12.8797074673257],[-38.3851595265908,-12.8796836721637],[-38.3854926516645,-12.8800881809248],[-38.3856116247766,-12.880968581235],[-38.3849215812659,-12.8818965709699],[-38.3852547063396,-12.8828483558669],[-38.3877055495714,-12.8837049619144],[-38.3881576477571,-12.8847043353368],[-38.3889428701173,-12.8849660758237],[-38.3890856383915,-12.8841094697762],[-38.3884431834061,-12.8832052752032],[-38.3867061770484,-12.8820869277695],[-38.3860161326384,-12.8798740289632],[-38.3879910861197,-12.8807068407481],[-38.3878721130076,-12.8793505479894],[-38.3873724262964,-12.8788032718535],[-38.3879910861197,-12.8783035851423],[-38.388585950781,-12.8783987639917],[-38.389275995191,-12.878612915054],[-38.390941616962,-12.8817775978578],[-38.3912033583482,-12.8813968842588],[-38.3891260889978,-12.8780894340801]]]}},{"type":"Feature","properties":{"id":"7582","municipality":"2927408","density":"Pouco densa","type":"Área urbanizada","state":"BA"},"geometry":{"type":"Polygon","coordinates":[[[-38.3556200933925,-12.6973239077721],[-38.3543994291903,-12.6982875898004],[-38.3563589152317,-12.7006967944215],[-38.357643824303,-12.6996046208565],[-38.3590251011275,-12.700279198726],[-38.3589929791426,-12.7009537756961],[-38.3598281696343,-12.6996367437407],[-38.3587359969686,-12.6991227811914],[-38.3581256648675,-12.6973239077721],[-38.3556200933925,-12.6973239077721]]]}},{"type":"Feature","properties":{"id":"7583","municipality":"2931350","density":"Pouco densa","type":"Área urbanizada","state":"BA"},"geometry":{"type":"Polygon","coordinates":[[[-39.700213733,-17.532262506],[-39.6995712789999,-17.5310132889999],[-39.696965769,-17.5314059],[-39.6980722179999,-17.536188616],[-39.7013558739999,-17.5342969449999],[-39.701284491,-17.533226187],[-39.702069713,-17.53308342],[-39.701891253,-17.531941278],[-39.700213733,-17.532262506]]]}},{"type":"Feature","properties":{"id":"7584","municipality":"2931350","density":"Pouco densa","type":"Área urbanizada","state":"BA"},"geometry":{"type":"Polygon","coordinates":[[[-39.786516784,-17.5210909359999],[-39.7878373849999,-17.5246244359999],[-39.788622607,-17.524196133],[-39.790050283,-17.524588744],[-39.7908711969999,-17.52283984],[-39.7912638079999,-17.5227684559999],[-39.790300127,-17.5199844869999],[-39.786516784,-17.5210909359999]]]}},{"type":"Feature","properties":{"id":"7585","municipality":"2931350","density":"Pouco densa","type":"Área urbanizada","state":"BA"},"geometry":{"type":"Polygon","coordinates":[[[-39.739439148,-17.558960058],[-39.733264446,-17.554819796],[-39.7315155429999,-17.556961311],[-39.7350847339999,-17.55806776],[-39.7336927489999,-17.561101573],[-39.73501335,-17.56160126],[-39.739224996,-17.5598880479999],[-39.739439148,-17.558960058]]]}},{"type":"Feature","properties":{"id":"7586","municipality":"2931350","density":"Pouco densa","type":"Área urbanizada","state":"BA"},"geometry":{"type":"Polygon","coordinates":[[[-39.8013419559999,-17.367956136],[-39.797475332,-17.368669974],[-39.7974455889999,-17.369859705],[-39.7979809669999,-17.370841232],[-39.798724549,-17.370752003],[-39.7988137789999,-17.373815559],[-39.79964659,-17.373785815],[-39.799854793,-17.37336941],[-39.799706077,-17.3707222589999],[-39.8016988749999,-17.370216624],[-39.8013419559999,-17.367956136]]]}},{"type":"Feature","properties":{"id":"7587","municipality":"2931350","density":"Pouco densa","type":"Área urbanizada","state":"BA"},"geometry":{"type":"Polygon","coordinates":[[[-39.7686708259999,-17.5183069669999],[-39.7692062049999,-17.518271275],[-39.769598816,-17.519199265],[-39.7703126539999,-17.5194847999999],[-39.770241271,-17.5202343299999],[-39.769741584,-17.5204841739999],[-39.7693846649999,-17.519913103],[-39.764780408,-17.5215192389999],[-39.764173645,-17.522233077],[-39.7643521049999,-17.523375219],[-39.76520871,-17.523803522],[-39.765315786,-17.524981355],[-39.7668319789999,-17.5275204779999],[-39.773988922,-17.52469582],[-39.773917538,-17.5241604409999],[-39.774881219,-17.523946289],[-39.77445855,-17.5185910719999],[-39.774019881,-17.518611961],[-39.774065889,-17.519332749],[-39.773168008,-17.51930634],[-39.7730966239999,-17.51855681],[-39.771954482,-17.5184854259999],[-39.771633255,-17.5179143559999],[-39.7725969369999,-17.517842972],[-39.772454169,-17.5160583759999],[-39.7688135939999,-17.5164152949999],[-39.7686708259999,-17.517129134],[-39.768242523,-17.517271901],[-39.7686708259999,-17.5183069669999]]]}},{"type":"Feature","properties":{"id":"7588","municipality":"2933307","density":"Pouco densa","type":"Área urbanizada","state":"BA"},"geometry":{"type":"Polygon","coordinates":[[[-41.0229214227854,-15.1511112537813],[-41.0225216732366,-15.1518607838481],[-41.0185241786479,-15.1519107519796],[-41.0170750866459,-15.1535097501748],[-41.0166253689655,-15.1551587174009],[-41.014926433608,-15.1553086226948],[-41.0148264973449,-15.1559582155991],[-41.0166253689656,-15.1559082465683],[-41.0179245547744,-15.1535597192056],[-41.0194236149079,-15.1525103767525],[-41.0244704519497,-15.1524104386908],[-41.0249701386609,-15.1512111909437],[-41.0229214227854,-15.1511112537813]]]}},{"type":"Feature","properties":{"id":"7589","municipality":"2933307","density":"Pouco densa","type":"Área urbanizada","state":"BA"},"geometry":{"type":"Polygon","coordinates":[[[-40.7904274760471,-14.8067466852113],[-40.7903988281433,-14.8047927866578],[-40.7913982015657,-14.8045429442015],[-40.7915052784458,-14.8037220304473],[-40.7906129801049,-14.8037934141347],[-40.7899705251196,-14.8028297321064],[-40.7902917530619,-14.8022229694145],[-40.7887213083417,-14.800759600675],[-40.7886499246542,-14.8002242216705],[-40.7893280710336,-14.7999029946275],[-40.7895422220958,-14.7990106971859],[-40.789042536284,-14.7986894701429],[-40.7880788542557,-14.7997602272527],[-40.787365015583,-14.7985110095754],[-40.7868296365784,-14.7985467018688],[-40.7857588785694,-14.7996531512719],[-40.7865084104347,-14.8006882169876],[-40.7876148589385,-14.8002956062572],[-40.7882930053179,-14.8012949796795],[-40.7892566873462,-14.8036506458606],[-40.789078227678,-14.8047570952637],[-40.7900776011004,-14.8066717123296],[-40.7904274760471,-14.8067466852113]]]}},{"type":"Feature","properties":{"id":"7590","municipality":"2933307","density":"Pouco densa","type":"Área urbanizada","state":"BA"},"geometry":{"type":"Polygon","coordinates":[[[-40.8270823362807,-14.8748374365984],[-40.826028250803,-14.8758345437292],[-40.8249171887772,-14.8769740953782],[-40.8246607902632,-14.8784555108131],[-40.8240263743177,-14.8792044806023],[-40.8253684272111,-14.8791410370292],[-40.8255397480608,-14.8798834291769],[-40.8260581550597,-14.8798834291769],[-40.8261021139214,-14.8813999856208],[-40.8251800723024,-14.8813702432421],[-40.8255369916388,-14.8820543377374],[-40.8274108172554,-14.8821138242935],[-40.8273810739773,-14.88520712341],[-40.8280056819166,-14.8853260974214],[-40.8280056819166,-14.8847014876835],[-40.8292251563159,-14.8848204607956],[-40.8291656697598,-14.8825599725647],[-40.8308907789862,-14.8825897158426],[-40.83068257604,-14.8857127591365],[-40.8318723071612,-14.8857722447932],[-40.831992845993,-14.8771993971344],[-40.8335918441882,-14.8772565040844],[-40.8336480149439,-14.8738300798942],[-40.8314788834436,-14.8738300798942],[-40.8310791329956,-14.8725166182473],[-40.8297656713486,-14.8729734738467],[-40.8299369921984,-14.8736016520945],[-40.8270823362807,-14.8748374365984]]]}},{"type":"Feature","properties":{"id":"7591","municipality":"2933307","density":"Pouco densa","type":"Área urbanizada","state":"BA"},"geometry":{"type":"Polygon","coordinates":[[[-41.1033583612993,-15.0119564915988],[-41.1031078758278,-15.0116149227904],[-41.1026979927182,-15.0125713176122],[-41.1014683415906,-15.0124119181754],[-41.1010812302145,-15.0132772278618],[-41.0995327802136,-15.0128901155864],[-41.1011267718829,-15.0138920538752],[-41.1039731864134,-15.0136187975694],[-41.1038137869767,-15.0132772278618],[-41.1026979927182,-15.0132089135605],[-41.1052483801086,-15.0113644382182],[-41.1055444072485,-15.0104763567984],[-41.1033583612993,-15.0119564915988]]]}},{"type":"Feature","properties":{"id":"7592","municipality":"2933307","density":"Pouco densa","type":"Área urbanizada","state":"BA"},"geometry":{"type":"Polygon","coordinates":[[[-40.8274680950765,-14.8871242873559],[-40.8266309629485,-14.8870384272816],[-40.8257267683756,-14.8889182010141],[-40.8244894478297,-14.8892513260878],[-40.8227524405726,-14.892082883818],[-40.8245370372544,-14.8926777502779],[-40.8239659659565,-14.8933202043639],[-40.8252984653519,-14.8939864527126],[-40.8262978378748,-14.893010873553],[-40.8262740436121,-14.8921780626674],[-40.8273264248746,-14.8921028928342],[-40.8274680950765,-14.8871242873559]]]}},{"type":"Feature","properties":{"id":"7593","municipality":"2933307","density":"Pouco densa","type":"Área urbanizada","state":"BA"},"geometry":{"type":"Polygon","coordinates":[[[-40.9346541600613,-14.839338473192],[-40.933619095245,-14.8388030941874],[-40.933619095245,-14.835733590233],[-40.9326911046108,-14.8314862522886],[-40.930977893415,-14.8310579492649],[-40.9314061964388,-14.8322357823554],[-40.9297643680311,-14.8324856248117],[-40.9289077619836,-14.8337348415896],[-40.928051155936,-14.8333779231526],[-40.9273016258693,-14.8347699082046],[-40.9282653078976,-14.835733590233],[-40.9291576053392,-14.8361618932567],[-40.9294788332815,-14.8359477412952],[-40.9304782058045,-14.8370184984049],[-40.9317274225825,-14.8373040340539],[-40.93190588315,-14.839695391629],[-40.9328338728849,-14.8406947659506],[-40.9327624891975,-14.8418012153538],[-40.934297240725,-14.8414799883108],[-40.9346541600613,-14.839338473192]]]}},{"type":"Feature","properties":{"id":"7594","municipality":"2933307","density":"Pouco densa","type":"Área urbanizada","state":"BA"},"geometry":{"type":"MultiPolygon","coordinates":[[[[-40.8231246906519,-14.9813087357096],[-40.8233835200334,-14.9812941262229],[-40.8233864320381,-14.9812373520221],[-40.8231246906519,-14.9813087357096]]],[[[-40.8230057184391,-14.982807795843],[-40.8221967009169,-14.9843306511386],[-40.8217683978932,-14.9909217581326],[-40.8222918797664,-14.9911121149321],[-40.8227201827901,-14.9904458656841],[-40.8226012096781,-14.9855917659472],[-40.8233835200334,-14.9812941262229],[-40.822886745327,-14.9817846281581],[-40.8230057184391,-14.982807795843]]]]}},{"type":"Feature","properties":{"id":"7595","municipality":"2933307","density":"Pouco densa","type":"Área urbanizada","state":"BA"},"geometry":{"type":"Polygon","coordinates":[[[-41.0394201539169,-14.8443133060142],[-41.0399912243155,-14.8449557601002],[-41.0396343049791,-14.8449914523936],[-41.0392060019554,-14.8464905116278],[-41.0392416942487,-14.8478468052858],[-41.0383850882012,-14.8487391027274],[-41.0390989268739,-14.8491674057512],[-41.039170309662,-14.8499526281112],[-41.0394915376043,-14.8492387903378],[-41.039170309662,-14.8485606430592],[-41.0399555320221,-14.8485963353526],[-41.0407764466756,-14.8494172491067],[-41.0411690583053,-14.8486320267466],[-41.0397056886666,-14.8472400425939],[-41.0406336793008,-14.8445631493698],[-41.0404909110267,-14.8436708510289],[-41.0395272298977,-14.8435994673415],[-41.0394201539169,-14.8443133060142]]]}},{"type":"Feature","properties":{"id":"7596","municipality":"2933307","density":"Pouco densa","type":"Área urbanizada","state":"BA"},"geometry":{"type":"Polygon","coordinates":[[[-41.0200394436653,-14.8409939569056],[-41.0168271723361,-14.8422431736835],[-41.0168271723361,-14.8425287102318],[-41.0180406968207,-14.8427071690006],[-41.0165059443938,-14.8440277703653],[-41.0175410101095,-14.8438850029905],[-41.0191471462237,-14.8423859419576],[-41.0204320552951,-14.8423502496643],[-41.0209317420063,-14.8419219466405],[-41.0206462063573,-14.8412081088671],[-41.0200394436653,-14.8409939569056]]]}},{"type":"Feature","properties":{"id":"7597","municipality":"2933307","density":"Pouco densa","type":"Área urbanizada","state":"BA"},"geometry":{"type":"Polygon","coordinates":[[[-40.8197220616238,-14.9735278975944],[-40.8207690253702,-14.9752649048514],[-40.8210307649578,-14.976763964985],[-40.8216970142058,-14.9773826248082],[-40.8204359002965,-14.9723381682718],[-40.820626257096,-14.971219820838],[-40.8201741589103,-14.971219820838],[-40.8197220616238,-14.9735278975944]]]}},{"type":"Feature","properties":{"id":"7598","municipality":"2933307","density":"Pouco densa","type":"Área urbanizada","state":"BA"},"geometry":{"type":"Polygon","coordinates":[[[-40.7118147664383,-14.7341567146606],[-40.7125583465904,-14.7350490130015],[-40.7126475773238,-14.7371905281203],[-40.7134803891086,-14.7374582176226],[-40.713212698707,-14.7349895273448],[-40.7143131999941,-14.7346920936652],[-40.7130342399382,-14.7345433781743],[-40.7119039962724,-14.7334131336092],[-40.7118147664383,-14.7341567146606]]]}},{"type":"Feature","properties":{"id":"7599","municipality":"2933307","density":"Pouco densa","type":"Área urbanizada","state":"BA"},"geometry":{"type":"Polygon","coordinates":[[[-41.033514782681,-15.1431162646039],[-41.0326153473204,-15.1426165778927],[-41.0331650030624,-15.1420169540191],[-41.032515410158,-15.1415672354396],[-41.0313661296431,-15.1415672354396],[-41.0312162243492,-15.1419170159575],[-41.0295672571232,-15.1415672354396],[-41.0295172889916,-15.1420169540191],[-41.0322155977716,-15.1429663584107],[-41.0320157234468,-15.1444654194435],[-41.0346140941651,-15.1432162017663],[-41.0351637499071,-15.1419170159575],[-41.0360132171362,-15.141517267308],[-41.0357633737806,-15.1410175796975],[-41.033514782681,-15.1431162646039]]]}},{"type":"Feature","properties":{"id":"7600","municipality":"2933307","density":"Pouco densa","type":"Área urbanizada","state":"BA"},"geometry":{"type":"Polygon","coordinates":[[[-40.8142748958697,-14.8578824263329],[-40.8133773652731,-14.8568192720917],[-40.8116403580161,-14.8579138243634],[-40.8126064160532,-14.858924815228],[-40.8142748958697,-14.8578824263329]]]}},{"type":"Feature","properties":{"id":"7601","municipality":"2933307","density":"Pouco densa","type":"Área urbanizada","state":"BA"},"geometry":{"type":"MultiPolygon","coordinates":[[[[-41.0848243573582,-15.2025150873014],[-41.0848461119585,-15.2025610138796],[-41.0848814643081,-15.2025531583016],[-41.0848243573582,-15.2025150873014]]],[[[-41.0858049538355,-15.2052343376945],[-41.0856619265566,-15.2056559749432],[-41.0854144628072,-15.205827295793],[-41.0848814643081,-15.205237190344],[-41.0840819652105,-15.2038285489483],[-41.0832063241126,-15.203904691848],[-41.0823877890652,-15.2026673722014],[-41.0821022543155,-15.2027244791514],[-41.0823116461655,-15.2036191561991],[-41.0829350652011,-15.2043370400223],[-41.0819535370261,-15.2047831891928],[-41.0817453349792,-15.2054077971321],[-41.081923793748,-15.2057052299124],[-41.0832919836381,-15.2054970269662],[-41.0837976202639,-15.2061811223609],[-41.0846601744275,-15.2055862568002],[-41.0856619265566,-15.2071788302388],[-41.0860236060046,-15.2068932945898],[-41.0855477126568,-15.2061318673917],[-41.0862520338043,-15.2051039395951],[-41.0848461119585,-15.2025610138796],[-41.0845388217092,-15.2026293012012],[-41.0858049538355,-15.2052343376945]]]]}},{"type":"Feature","properties":{"id":"7602","municipality":"2933307","density":"Pouco densa","type":"Área urbanizada","state":"BA"},"geometry":{"type":"Polygon","coordinates":[[[-40.7033974232525,-14.7325208361676],[-40.7027430711358,-14.7318069983942],[-40.7021482055751,-14.7321639168313],[-40.7021779488532,-14.7327290391138],[-40.7027133278577,-14.7330562151722],[-40.7016425698487,-14.7336808231115],[-40.701702057304,-14.734216202116],[-40.7062825194227,-14.7315095647146],[-40.7059256000863,-14.7309741857101],[-40.7033974232525,-14.7325208361676]]]}},{"type":"Feature","properties":{"id":"7603","municipality":"2933307","density":"Pouco densa","type":"Área urbanizada","state":"BA"},"geometry":{"type":"Polygon","coordinates":[[[-40.7262771770501,-14.7265445938579],[-40.7257774912382,-14.7261519831275],[-40.7269910157228,-14.7253310693733],[-40.7248495006039,-14.7235464726915],[-40.7244568898735,-14.7239033929272],[-40.7256704152574,-14.7254381453541],[-40.7253731659388,-14.7260132950775],[-40.7235768582853,-14.727058388234],[-40.7227057515692,-14.7282153948246],[-40.7171757393688,-14.730292245091],[-40.7171043547821,-14.7306491653267],[-40.7255276469833,-14.7288645686449],[-40.7259916423004,-14.7289716437263],[-40.7258845663196,-14.7297211746924],[-40.7263842530308,-14.7298639420673],[-40.7283829998755,-14.7283648819337],[-40.7289897625674,-14.7291144120005],[-40.7294537578846,-14.7289002609383],[-40.7288469951926,-14.7279365789099],[-40.7319521923398,-14.723724933259],[-40.7338438632037,-14.7219760288706],[-40.7334869438673,-14.7215477258469],[-40.7327017224065,-14.722047412558],[-40.7326660301131,-14.7226184838559],[-40.7300248291824,-14.7245101547198],[-40.7270624003095,-14.7257236801037],[-40.7262771770501,-14.7265445938579]]]}},{"type":"Feature","properties":{"id":"7604","municipality":"2933307","density":"Pouco densa","type":"Área urbanizada","state":"BA"},"geometry":{"type":"Polygon","coordinates":[[[-40.6598059445886,-14.7687714286585],[-40.6595917926271,-14.770294283954],[-40.6599487119634,-14.7703418733787],[-40.660139068763,-14.7684145102214],[-40.6598059445886,-14.7687714286585]]]}},{"type":"Feature","properties":{"id":"7605","municipality":"2933307","density":"Pouco densa","type":"Área urbanizada","state":"BA"},"geometry":{"type":"Polygon","coordinates":[[[-40.8320085445586,-14.9152112453027],[-40.8319609551339,-14.9159726734001],[-40.8313185010479,-14.9159012888134],[-40.8311281442484,-14.9152112453027],[-40.8282643107493,-14.9151333846979],[-40.8283421102002,-14.9156624198847],[-40.8290464313477,-14.9157004917842],[-40.8290845023479,-14.9162525271324],[-40.830664463694,-14.9160240993327],[-40.8306454277442,-14.9172804540297],[-40.8327012833375,-14.9180799531273],[-40.8332342818366,-14.9178134534281],[-40.8332913887865,-14.9163477050825],[-40.8348142440821,-14.9163667410322],[-40.8348718132835,-14.9152580559145],[-40.8320085445586,-14.9152112453027]]]}},{"type":"Feature","properties":{"id":"7606","municipality":"2933307","density":"Pouco densa","type":"Área urbanizada","state":"BA"},"geometry":{"type":"Polygon","coordinates":[[[-40.6588303663283,-14.772649950135],[-40.6570933590712,-14.77357793987],[-40.6575692506204,-14.7743869573921],[-40.6592586693521,-14.7725071818609],[-40.6603056321991,-14.7722454422733],[-40.6595679992637,-14.7710795063141],[-40.6588303663283,-14.772649950135]]]}},{"type":"Feature","properties":{"id":"7607","municipality":"2933307","density":"Pouco densa","type":"Área urbanizada","state":"BA"},"geometry":{"type":"Polygon","coordinates":[[[-40.8377199626062,-14.8310900946321],[-40.8381006762052,-14.8295672402359],[-40.8366729997591,-14.8298289798235],[-40.8350311722508,-14.8308283541452],[-40.8355070637999,-14.8318039333049],[-40.8367919728712,-14.8309949157827],[-40.8377199626062,-14.8310900946321]]]}},{"type":"Feature","properties":{"id":"7608","municipality":"2933307","density":"Pouco densa","type":"Área urbanizada","state":"BA"},"geometry":{"type":"Polygon","coordinates":[[[-40.7624314368613,-14.8223078407342],[-40.7605278679667,-14.8227539899047],[-40.7595463397917,-14.8214750298487],[-40.7603494082985,-14.8206124747858],[-40.7597842860159,-14.8201663256154],[-40.7592191646327,-14.82085042101],[-40.7585648134154,-14.8203150420055],[-40.7576725150745,-14.8206719622412],[-40.7570181629578,-14.8198094071784],[-40.7568991898457,-14.8193037723512],[-40.7573750822942,-14.8190360819496],[-40.7568991898457,-14.8184114740103],[-40.7555012566776,-14.8190360819496],[-40.7556202297897,-14.8194822311201],[-40.7552633113527,-14.8196012042321],[-40.7558284327359,-14.8205232449517],[-40.7552633113527,-14.8209099075661],[-40.755858176014,-14.821742719351],[-40.756244837729,-14.8214155432926],[-40.7566612436215,-14.8223078407342],[-40.754579215958,-14.8236165449675],[-40.7566612436215,-14.825639086075],[-40.756244837729,-14.8261744650795],[-40.7566909868995,-14.8266801008059],[-40.7575832852404,-14.8259365188552],[-40.7568991898457,-14.8252524243599],[-40.7582971230138,-14.8236760306243],[-40.7592786511888,-14.8259662621333],[-40.7615391394197,-14.8237950037364],[-40.7623124637491,-14.8245683289651],[-40.7632345053681,-14.8224863013017],[-40.7651678166414,-14.8221888676221],[-40.7646026952581,-14.8208801642881],[-40.7632939910248,-14.8198094071784],[-40.7624314368613,-14.8223078407342]]]}},{"type":"Feature","properties":{"id":"7609","municipality":"2933307","density":"Pouco densa","type":"Área urbanizada","state":"BA"},"geometry":{"type":"Polygon","coordinates":[[[-40.8658032729027,-14.8964080967562],[-40.86356093389,-14.8976311900274],[-40.8645317547367,-14.8990588673728],[-40.86698735808,-14.8978596178271],[-40.8681866067264,-14.8994586160223],[-40.870813531819,-14.8978596178271],[-40.8696713901225,-14.8959179779323],[-40.8703566753203,-14.895404015383],[-40.8716701378665,-14.8972885483278],[-40.8721203510733,-14.8969550563307],[-40.8723844010192,-14.8973878047034],[-40.8734884708163,-14.8972164838536],[-40.8740785780639,-14.8979588760013],[-40.8761725028586,-14.896930949104],[-40.8767245382068,-14.8974068406531],[-40.8764770735581,-14.8967976992544],[-40.8782854654018,-14.8942849880617],[-40.8779362541547,-14.8936402910666],[-40.8786371992473,-14.8932339458899],[-40.8773672962637,-14.89034988394],[-40.8778118464395,-14.887776160941],[-40.8741355779945,-14.8864421596779],[-40.8707614799583,-14.8860443940335],[-40.8706461230201,-14.8881471070034],[-40.8697151430394,-14.8903805130502],[-40.8680590378942,-14.8919033683457],[-40.8643470789545,-14.8939782580901],[-40.8658032729027,-14.8964080967562]]]}},{"type":"Feature","properties":{"id":"7610","municipality":"2933307","density":"Pouco densa","type":"Área urbanizada","state":"BA"},"geometry":{"type":"Polygon","coordinates":[[[-40.8456270376576,-14.90962714068],[-40.8459482647006,-14.9082841533909],[-40.848303931781,-14.9091764508325],[-40.8481254721128,-14.9094976787748],[-40.8487322348047,-14.9097475221304],[-40.8494460725781,-14.9084269207657],[-40.8459482647006,-14.9067137086707],[-40.8444492045671,-14.9064995576085],[-40.8446013123006,-14.9098969031196],[-40.8456270376576,-14.90962714068]]]}},{"type":"Feature","properties":{"id":"7611","municipality":"2933307","density":"Pouco densa","type":"Área urbanizada","state":"BA"},"geometry":{"type":"Polygon","coordinates":[[[-40.772845544786,-14.8120682273668],[-40.7693834292019,-14.8160300296621],[-40.7698117322256,-14.8163869489984],[-40.7704541863116,-14.8157444940131],[-40.7712394077724,-14.8162798730177],[-40.7729526198675,-14.8145666609226],[-40.7752725946545,-14.8165297172726],[-40.7720603224259,-14.817243555046],[-40.7723101657815,-14.8182429293677],[-40.7713107923591,-14.8183143121557],[-40.7720246301325,-14.8198133731886],[-40.7738449182083,-14.8189924594344],[-40.7737021499343,-14.8179930851127],[-40.7783064081142,-14.8171364790652],[-40.772845544786,-14.8120682273668]]]}},{"type":"Feature","properties":{"id":"7612","municipality":"2933307","density":"Pouco densa","type":"Área urbanizada","state":"BA"},"geometry":{"type":"Polygon","coordinates":[[[-40.9069083770199,-14.8935969617303],[-40.9067656096451,-14.894501158102],[-40.9085739996903,-14.8948104880135],[-40.9085026160028,-14.893263837556],[-40.9096447576994,-14.8927879460069],[-40.9090498921388,-14.8925024103579],[-40.9069083770199,-14.8935969617303]]]}},{"type":"Feature","properties":{"id":"7613","municipality":"2933307","density":"Pouco densa","type":"Área urbanizada","state":"BA"},"geometry":{"type":"Polygon","coordinates":[[[-41.0638256093644,-15.1159276232611],[-41.0638613007584,-15.1155469087628],[-41.0611606123723,-15.1160346992419],[-41.0597924215829,-15.1167247418533],[-41.0591142761029,-15.1154160394186],[-41.058912022172,-15.1157134712996],[-41.0594711954393,-15.1167604341467],[-41.057543832282,-15.1178906778125],[-41.060547900665,-15.1167306908686],[-41.0638256093644,-15.1159276232611]]]}},{"type":"Feature","properties":{"id":"7614","municipality":"2933307","density":"Pouco densa","type":"Área urbanizada","state":"BA"},"geometry":{"type":"Polygon","coordinates":[[[-40.8609495742634,-14.8386136331126],[-40.86329523099,-14.8378698883846],[-40.8627955442789,-14.8360139089147],[-40.8624029326492,-14.8361566762895],[-40.8619389382314,-14.8349074586123],[-40.859478922814,-14.8356396308643],[-40.8609495742634,-14.8386136331126]]]}},{"type":"Feature","properties":{"id":"7615","municipality":"2933307","density":"Pouco densa","type":"Área urbanizada","state":"BA"},"geometry":{"type":"Polygon","coordinates":[[[-40.9580323649017,-14.8319145553125],[-40.9574256022097,-14.8318431707257],[-40.9572114511475,-14.8323071660428],[-40.9580323649017,-14.8327354690666],[-40.9600311117464,-14.8302013432174],[-40.9597098847034,-14.829844423881],[-40.9580323649017,-14.8319145553125]]]}},{"type":"Feature","properties":{"id":"7616","municipality":"2933307","density":"Pouco densa","type":"Área urbanizada","state":"BA"},"geometry":{"type":"Polygon","coordinates":[[[-40.8937658932813,-14.8481054745879],[-40.8959430997942,-14.8477842484443],[-40.8958717161068,-14.846535030767],[-40.8954791053764,-14.8465707230604],[-40.8955147967704,-14.8475344050887],[-40.8936814586324,-14.8477677386902],[-40.8937658932813,-14.8481054745879]]]}},{"type":"Feature","properties":{"id":"7617","municipality":"2933307","density":"Pouco densa","type":"Área urbanizada","state":"BA"},"geometry":{"type":"MultiPolygon","coordinates":[[[[-40.8963132265741,-14.9322508592897],[-40.8962893756541,-14.9322413192814],[-40.8962834841954,-14.9322806025677],[-40.8963132265741,-14.9322508592897]]],[[[-40.892208656904,-14.9305257500633],[-40.8911676421729,-14.9323698324018],[-40.8900076552291,-14.9332918731214],[-40.8902158581753,-14.9335893059017],[-40.8894425329465,-14.9334405904109],[-40.8884610056708,-14.9339759694154],[-40.8897994522828,-14.9363256856818],[-40.890245600554,-14.936176970191],[-40.8896507358927,-14.9352549285721],[-40.8900968850631,-14.9351359563593],[-40.8910189257827,-14.9368908079644],[-40.8916732778994,-14.9364744029713],[-40.8907512371798,-14.9352549285721],[-40.891286615285,-14.9348087803009],[-40.8917922510115,-14.9352251861934],[-40.892208656904,-14.9348087803009],[-40.890989183404,-14.9331729000093],[-40.8922978858387,-14.9312395878367],[-40.8962893756541,-14.9322413192814],[-40.8963727131302,-14.9316857370071],[-40.892208656904,-14.9305257500633]]]]}},{"type":"Feature","properties":{"id":"7618","municipality":"2933307","density":"Pouco densa","type":"Área urbanizada","state":"BA"},"geometry":{"type":"Polygon","coordinates":[[[-40.7937279708691,-15.012036813648],[-40.7930993969196,-15.0125082445598],[-40.7957184574408,-15.0160177849928],[-40.7969232243273,-15.0157558790306],[-40.7969756053399,-15.0151796851943],[-40.7974470362517,-15.0150749231691],[-40.7979184671635,-15.0159130220683],[-40.7994375210248,-15.0155463540809],[-40.8030518225835,-15.0155987350935],[-40.8040994473316,-15.0131892004212],[-40.8031565864073,-15.0119320516229],[-40.7970279863524,-15.011460620711],[-40.7937279708691,-15.012036813648]]]}},{"type":"Feature","properties":{"id":"7619","municipality":"2933307","density":"Pouco densa","type":"Área urbanizada","state":"BA"},"geometry":{"type":"Polygon","coordinates":[[[-40.892736450127,-14.8469923306315],[-40.8946938830162,-14.8468919501034],[-40.8946581907229,-14.8462494960174],[-40.8967283221543,-14.8461067277432],[-40.8965855547795,-14.8450716620275],[-40.8942655799924,-14.8454642736573],[-40.8941941963051,-14.8448932032587],[-40.8928766994001,-14.845112182781],[-40.892736450127,-14.8469923306315]]]}},{"type":"Feature","properties":{"id":"7620","municipality":"2933307","density":"Pouco densa","type":"Área urbanizada","state":"BA"},"geometry":{"type":"Polygon","coordinates":[[[-40.8497507637867,-14.8976936947082],[-40.8501102686739,-14.8982020778636],[-40.8520899795689,-14.8975548645653],[-40.8528514076663,-14.899172897811],[-40.8530417653651,-14.8986398993118],[-40.8556877246087,-14.8972502938659],[-40.8559351892575,-14.8976119724146],[-40.8572296158541,-14.8970218660662],[-40.8565824025558,-14.8969266872168],[-40.85596734092,-14.8959186686116],[-40.8545951247651,-14.8966946342499],[-40.8541382691657,-14.8957809212525],[-40.8528819126701,-14.8958951351523],[-40.852780890026,-14.8955415523008],[-40.852109016418,-14.8957655095705],[-40.8520519085687,-14.8970599370664],[-40.848949091927,-14.8970789730162],[-40.8489052283935,-14.8977661692733],[-40.8497507637867,-14.8976936947082]]]}},{"type":"Feature","properties":{"id":"7621","municipality":"2933307","density":"Pouco densa","type":"Área urbanizada","state":"BA"},"geometry":{"type":"Polygon","coordinates":[[[-40.8248593722621,-14.8073090672596],[-40.8232532361479,-14.8105808260443],[-40.8235804122062,-14.811354151273],[-40.8241752768675,-14.8115920965979],[-40.8234911823721,-14.8129008008312],[-40.8255732109349,-14.8138228415509],[-40.8261383332174,-14.8132874634457],[-40.8253947512667,-14.8118003004435],[-40.8258409004372,-14.8114136369297],[-40.8264952516545,-14.8118003004435],[-40.8271198595938,-14.8105213403875],[-40.8253055214326,-14.8073090672596],[-40.8248593722621,-14.8073090672596]]]}},{"type":"Feature","properties":{"id":"7622","municipality":"2933307","density":"Pouco densa","type":"Área urbanizada","state":"BA"},"geometry":{"type":"Polygon","coordinates":[[[-40.7975086577983,-14.8076424297543],[-40.7955456032469,-14.8081421173648],[-40.7955099109536,-14.8087488791574],[-40.7939991704253,-14.810784844445],[-40.795038776818,-14.8115385590572],[-40.7942892467513,-14.8123594728113],[-40.7937895600401,-14.8120025543743],[-40.7935754089779,-14.8124665487922],[-40.7940037120016,-14.8126806998544],[-40.7940037120017,-14.8132874634457],[-40.7930757222667,-14.816321276006],[-40.793325564723,-14.8172135743469],[-40.7941821707705,-14.8176418773707],[-40.7950744691114,-14.8171421897602],[-40.7971089082495,-14.8181415631826],[-40.795966766553,-14.8203901542822],[-40.7970732159561,-14.8209969169741],[-40.7984295087148,-14.8201760032199],[-40.7985008933016,-14.8193193971724],[-40.7995716513106,-14.819283704879],[-40.7998571860602,-14.8186412498937],[-40.8008922508767,-14.8188910941486],[-40.8016774741361,-14.8192480125856],[-40.8016060904487,-14.8217821393342],[-40.8032836102504,-14.8220319817905],[-40.8035653309752,-14.8211868187167],[-40.8042532457906,-14.8214757430111],[-40.8039974480238,-14.8231384320929],[-40.806852800916,-14.8241021132219],[-40.807535855795,-14.8231751100432],[-40.8087216613755,-14.8238740559429],[-40.8088644287503,-14.8230650393201],[-40.8094354991489,-14.8232553961196],[-40.8098638021727,-14.8222560217979],[-40.8082933583518,-14.821351827225],[-40.8089120181751,-14.8204476317528],[-40.811148711244,-14.8213994157504],[-40.8117673710673,-14.8204000423281],[-40.8129095118644,-14.8208283453518],[-40.8123860308906,-14.8228270930958],[-40.8145751354341,-14.8238264656188],[-40.8140040641362,-14.8243975369168],[-40.8141944209357,-14.8256348565633],[-40.8160028118802,-14.8263486952361],[-40.8164787043287,-14.8256348565633],[-40.8189533427225,-14.8266818194104],[-40.8198851761599,-14.8249055117799],[-40.8176565374192,-14.8236718011127],[-40.8189652407532,-14.8211733666575],[-40.8214041877531,-14.8220061793417],[-40.822093249204,-14.8230729956222],[-40.8215578701995,-14.8247088759139],[-40.8224799109191,-14.8251550250843],[-40.8231045197578,-14.8238165775729],[-40.823729127697,-14.8240842670752],[-40.8234911823721,-14.8252442549184],[-40.8246511702153,-14.8256606599115],[-40.8252460348766,-14.8243519565775],[-40.825989615928,-14.8243519565775],[-40.8261680755962,-14.8260770658039],[-40.8297372671611,-14.8253334838532],[-40.8288449697195,-14.82021764273],[-40.8263762794417,-14.8206935351785],[-40.8271198595938,-14.8172730600037],[-40.8281608752242,-14.8172433167256],[-40.8281608752242,-14.816618707887],[-40.8260491033834,-14.816291532728],[-40.8264357650984,-14.8154289776651],[-40.8242050210448,-14.8145664226023],[-40.823312722704,-14.8146556533357],[-40.8229855466456,-14.8157264113448],[-40.8239373306433,-14.8159940999477],[-40.824353737435,-14.8153397478311],[-40.8253650079887,-14.8159048701136],[-40.8250675752084,-14.8172433167256],[-40.8231937495918,-14.8167971675552],[-40.8222369986385,-14.8201026104471],[-40.8205118903114,-14.8193887717744],[-40.8209877818606,-14.8181990406531],[-40.8130760753006,-14.8146298490882],[-40.8123027500718,-14.815760092754],[-40.8098043156166,-14.8143324172073],[-40.8096300638763,-14.8147898276883],[-40.8074952559013,-14.8143225291614],[-40.8066029575604,-14.8137157655701],[-40.8080306340065,-14.8120025543743],[-40.8113856736099,-14.8100038066303],[-40.8105647598558,-14.809040124602],[-40.8068956320278,-14.8116042320496],[-40.8060747173743,-14.8129605248083],[-40.8054679546823,-14.8128177574335],[-40.8043971966732,-14.8135315961062],[-40.8028267528523,-14.8134602124188],[-40.802898137439,-14.8126036063713],[-40.8011135407573,-14.8121396110541],[-40.8016132283677,-14.8114614646749],[-40.8023270661412,-14.811675615737],[-40.8035762829191,-14.8111402367325],[-40.8056107229564,-14.8117113080304],[-40.8057177980379,-14.8112473127133],[-40.8035405924244,-14.8101051719161],[-40.801541843781,-14.808356268427],[-40.8030052134198,-14.8061790610148],[-40.8036833588998,-14.8065002880578],[-40.804825499697,-14.8051439961984],[-40.803504900131,-14.8041803141701],[-40.8009707742818,-14.806964283375],[-40.7995787892297,-14.8057507579911],[-40.800542471258,-14.8037520111463],[-40.7999000162727,-14.8036092428722],[-40.7990077179318,-14.8047870768621],[-40.7993646372681,-14.8050726116117],[-40.7991504862059,-14.8056793743036],[-40.7975086577983,-14.8076424297543]]]}},{"type":"Feature","properties":{"id":"7623","municipality":"2933307","density":"Pouco densa","type":"Área urbanizada","state":"BA"},"geometry":{"type":"Polygon","coordinates":[[[-40.8100301749525,-14.8644610993002],[-40.8105536559264,-14.8648418128993],[-40.8096732556162,-14.8660791334452],[-40.8100677657148,-14.8663640566559],[-40.8087374156991,-14.8683120691466],[-40.8136866951848,-14.8709056806526],[-40.8144267778734,-14.8692352007439],[-40.8120902906344,-14.8680500273868],[-40.8125185936581,-14.8674432637956],[-40.8111979931927,-14.8669435770844],[-40.8119118309662,-14.8646949868841],[-40.8123758262833,-14.8644451426292],[-40.8133395083116,-14.8650162139271],[-40.8141604220658,-14.8633386941254],[-40.8124135078771,-14.8624652365813],[-40.8121954843341,-14.8628668603173],[-40.8110533426376,-14.8624147630309],[-40.8100301749525,-14.8644610993002]]]}},{"type":"Feature","properties":{"id":"7624","municipality":"2933307","density":"Pouco densa","type":"Área urbanizada","state":"BA"},"geometry":{"type":"Polygon","coordinates":[[[-40.796724191768,-15.067533177614],[-40.7972571911664,-15.0683707477118],[-40.7979615114146,-15.0670001782156],[-40.7976379047655,-15.0661626081179],[-40.7985135458634,-15.0660674301677],[-40.7985706528133,-15.0672095709649],[-40.7989704032615,-15.0659722513183],[-40.7995034017605,-15.0658009295692],[-40.7973333340661,-15.0651917881705],[-40.796724191768,-15.067533177614]]]}},{"type":"Feature","properties":{"id":"7625","municipality":"2933307","density":"Pouco densa","type":"Área urbanizada","state":"BA"},"geometry":{"type":"Polygon","coordinates":[[[-40.793217628091,-14.8569729527395],[-40.7934317800526,-14.8583649377916],[-40.7925037903177,-14.8586861648346],[-40.7922182546687,-14.8598639979251],[-40.7917185679575,-14.859721229651],[-40.7919684113131,-14.8582935541042],[-40.7913616486212,-14.8581864781234],[-40.791183188953,-14.8587575494214],[-40.790255199218,-14.8584363205797],[-40.7904336588862,-14.860756296266],[-40.7908976542033,-14.8606849116793],[-40.7907905782226,-14.8601852249681],[-40.7917185679575,-14.8605064529105],[-40.7935745483267,-14.8603279932423],[-40.7941099264319,-14.859721229651],[-40.7936816234081,-14.8569729527395],[-40.793217628091,-14.8569729527395]]]}},{"type":"Feature","properties":{"id":"7626","municipality":"2933307","density":"Pouco densa","type":"Área urbanizada","state":"BA"},"geometry":{"type":"Polygon","coordinates":[[[-40.7830365102267,-14.857021493647],[-40.7851648071101,-14.8565612889723],[-40.78506962916,-14.855918833987],[-40.7840783901056,-14.8556362670001],[-40.7837860402935,-14.8549751573776],[-40.7834291209571,-14.855094131389],[-40.7835242989072,-14.8557365845757],[-40.7827152822844,-14.8560221202246],[-40.7830365102267,-14.857021493647]]]}},{"type":"Feature","properties":{"id":"7627","municipality":"2933307","density":"Pouco densa","type":"Área urbanizada","state":"BA"},"geometry":{"type":"Polygon","coordinates":[[[-40.8836679977798,-14.850818382962],[-40.8840606094096,-14.8515679130287],[-40.8858808956867,-14.8518534486777],[-40.8864162746913,-14.8504257722316],[-40.8836679977798,-14.850818382962]]]}},{"type":"Feature","properties":{"id":"7628","municipality":"2933307","density":"Pouco densa","type":"Área urbanizada","state":"BA"},"geometry":{"type":"Polygon","coordinates":[[[-40.7907914388738,-14.8169994223854],[-40.7907200560857,-14.8161071240445],[-40.7892175866222,-14.815523909201],[-40.7881216835688,-14.8185641564106],[-40.7871580024398,-14.8184570804299],[-40.7869438513776,-14.8193850701648],[-40.7881216835688,-14.819599221227],[-40.7875149217762,-14.8212410487354],[-40.7890139819097,-14.8215979689711],[-40.7875863045643,-14.8259166897034],[-40.7916194923457,-14.8279868211349],[-40.7919407193886,-14.8259523819968],[-40.7901204313128,-14.8252742356174],[-40.7899062802506,-14.8258809983094],[-40.7889069059289,-14.8247745489063],[-40.7905844257306,-14.8204915186686],[-40.7912776654319,-14.8172892163243],[-40.7907914388738,-14.8169994223854]]]}},{"type":"Feature","properties":{"id":"7629","municipality":"2933307","density":"Pouco densa","type":"Área urbanizada","state":"BA"},"geometry":{"type":"Polygon","coordinates":[[[-40.8012703870187,-14.886838883008],[-40.8013846018179,-14.8884949881531],[-40.8022412078654,-14.8896371289503],[-40.8029264921639,-14.8919214123433],[-40.8044683834091,-14.8928351253407],[-40.8046968112088,-14.8924353748926],[-40.8063529163539,-14.8944912295866],[-40.8073237363013,-14.8926066966417],[-40.8017272444168,-14.8866675621582],[-40.8012703870187,-14.886838883008]]]}},{"type":"Feature","properties":{"id":"7630","municipality":"2933307","density":"Pouco densa","type":"Área urbanizada","state":"BA"},"geometry":{"type":"Polygon","coordinates":[[[-40.8123044425959,-14.8610544107324],[-40.813089664956,-14.8601264209975],[-40.8113310281044,-14.8593415008096],[-40.8107599577058,-14.8601029280077],[-40.8103792441068,-14.8598649817835],[-40.8097843794455,-14.8603884636567],[-40.8096891996968,-14.8609833292172],[-40.8092133081476,-14.8606977935683],[-40.8085946483244,-14.8580803869003],[-40.8076904528521,-14.8583421273872],[-40.8079759876017,-14.8591035545853],[-40.8071669718782,-14.8592939122842],[-40.807309739253,-14.860055338583],[-40.8080711673505,-14.860055338583],[-40.8080949607139,-14.862054086327],[-40.8123044425959,-14.8610544107324]]]}},{"type":"Feature","properties":{"id":"7631","municipality":"2933307","density":"Pouco densa","type":"Área urbanizada","state":"BA"},"geometry":{"type":"Polygon","coordinates":[[[-40.8309139931862,-14.9136883900072],[-40.8309139931862,-14.9143949873388],[-40.8312947058859,-14.9143784344172],[-40.8313546492976,-14.9095486199728],[-40.8233338873489,-14.909372836687],[-40.8233617798222,-14.9104885859794],[-40.8240870174019,-14.9105443736239],[-40.8247843598103,-14.9116880162888],[-40.8249796170157,-14.9135568956342],[-40.826848496361,-14.9136963651951],[-40.8270716460396,-14.912162209918],[-40.8301120623218,-14.9121901032906],[-40.8301806104467,-14.9130812199223],[-40.8309139931862,-14.9136883900072]]]}},{"type":"Feature","properties":{"id":"7632","municipality":"2933307","density":"Pouco densa","type":"Área urbanizada","state":"BA"},"geometry":{"type":"Polygon","coordinates":[[[-40.7814707725581,-15.0103082348371],[-40.7785374259614,-15.0106225218119],[-40.7791136188984,-15.0065367893413],[-40.7782231389866,-15.006170121354],[-40.7774898021127,-15.0084225120892],[-40.7779612330244,-15.008893943001],[-40.7771755151378,-15.0108844277741],[-40.7808421986085,-15.0116177646481],[-40.7816279155958,-15.0115653827362],[-40.7814707725581,-15.0107796657489],[-40.7822041094321,-15.0104653778748],[-40.7857136489657,-15.0105177597868],[-40.786813653827,-15.0108844277741],[-40.7873374657514,-15.0106225218119],[-40.7873374657514,-15.0097844229127],[-40.7862898419026,-15.0088415610891],[-40.7814707725581,-15.0103082348371]]]}},{"type":"Feature","properties":{"id":"7633","municipality":"2933307","density":"Pouco densa","type":"Área urbanizada","state":"BA"},"geometry":{"type":"Polygon","coordinates":[[[-40.792745733129,-15.0642590392233],[-40.7926695902294,-15.0646968597722],[-40.7964005851189,-15.0654392519199],[-40.7966480488683,-15.0650014313709],[-40.792745733129,-15.0642590392233]]]}},{"type":"Feature","properties":{"id":"7634","municipality":"2933307","density":"Pouco densa","type":"Área urbanizada","state":"BA"},"geometry":{"type":"Polygon","coordinates":[[[-40.7816614477176,-14.7993975972213],[-40.7813402197753,-14.7998972839325],[-40.7818042150924,-14.8005397389178],[-40.7798768519351,-14.803038173373],[-40.7811974532998,-14.8041089295834],[-40.7809476090449,-14.8045729249005],[-40.781411604362,-14.8048584596501],[-40.7813402197753,-14.8053224549673],[-40.780769150276,-14.8057150656976],[-40.7810189927323,-14.8068572082935],[-40.7814472957561,-14.8068928996875],[-40.7813759120686,-14.8059649099526],[-40.7822325181162,-14.8054652232414],[-40.7822682104095,-14.8048941519435],[-40.7846238765906,-14.8057150656976],[-40.7852663306766,-14.8043230824442],[-40.7842669572542,-14.8036449351656],[-40.7835888108749,-14.8045729249005],[-40.7828035894141,-14.8037520111463],[-40.7831962001445,-14.8027883291181],[-40.7841598821728,-14.8024671020751],[-40.7842312649608,-14.8017532643017],[-40.7832675838319,-14.8012178852971],[-40.7838029619371,-14.8007181976867],[-40.7832675838319,-14.7997902079517],[-40.7816614477176,-14.7993975972213]]]}}]}