{"type":"FeatureCollection","features":[{"type":"Feature","properties":{"id":"368","municipality":"2304400","density":"Densa","type":"Área urbanizada","state":"CE"},"geometry":{"type":"Polygon","coordinates":[[[-38.6478521770363,-3.70621775404608],[-38.6494511743322,-3.70627486099603],[-38.6495082812821,-3.70730278879263],[-38.654647916668,-3.70707436009362],[-38.6545908097181,-3.70873046523873],[-38.6553332018658,-3.70895889303842],[-38.6554474157656,-3.71130028338133],[-38.6548763462663,-3.7120426746297],[-38.6548192384171,-3.7131848163262],[-38.6563040218131,-3.71278506677739],[-38.656361128763,-3.71061499818359],[-38.6600159807529,-3.71010103473493],[-38.6601301946527,-3.70952996433637],[-38.6588738399557,-3.70913021478754],[-38.6591593747053,-3.70758832444158],[-38.6580172339082,-3.70735989574259],[-38.6577888061085,-3.70513272019884],[-38.6555616296654,-3.70467586370013],[-38.653391561971,-3.70479007759998],[-38.6532202411212,-3.70570379059741],[-38.6519067776756,-3.70593221929643],[-38.651621242926,-3.70416190025146],[-38.6501935655805,-3.70433322110126],[-38.6495082812821,-3.70124944040931],[-38.6460247510414,-3.70107811866018],[-38.6459105362422,-3.70056415521158],[-38.6471668918385,-3.69987887001378],[-38.6479092839862,-3.69982176306389],[-38.6483661395856,-3.70039283436177],[-38.6489372108836,-3.70022151261264],[-38.6472811057384,-3.69827987181855],[-38.6471668918385,-3.69685219627178],[-38.6457392153924,-3.6963382319238],[-38.6450539301947,-3.69502477027685],[-38.6431693972498,-3.69536741197642],[-38.6424841129514,-3.69491055637702],[-38.6403140443576,-3.69571005457535],[-38.6420272555533,-3.69879383616656],[-38.641284864305,-3.69919358481605],[-38.6417417208037,-3.70033572741187],[-38.6426554338012,-3.70022151261264],[-38.64305518335,-3.70090679691111],[-38.6417417208037,-3.70153497515896],[-38.6416846138538,-3.70233447425653],[-38.6432836111497,-3.70587511234651],[-38.6446541806459,-3.70741700269248],[-38.6464244996908,-3.70781675224128],[-38.6469955709888,-3.70952996433637],[-38.6489943178335,-3.71015814168487],[-38.6492227456332,-3.71181424683],[-38.6500222447308,-3.71181424683],[-38.6500793516807,-3.71112896163221],[-38.6507075299285,-3.71090053383251],[-38.6504219951789,-3.70833071568995],[-38.6478521770363,-3.7084449295898],[-38.6478521770363,-3.70621775404608]]]}},{"type":"Feature","properties":{"id":"369","municipality":"2304400","density":"Densa","type":"Área urbanizada","state":"CE"},"geometry":{"type":"Polygon","coordinates":[[[-38.6988689306566,-3.64603428455455],[-38.7010961070996,-3.64375000296024],[-38.7024095687465,-3.64517767940637],[-38.7009818923004,-3.64660535585245],[-38.702066927047,-3.64763328274979],[-38.7051507077389,-3.64620560630363],[-38.7058930998866,-3.64677667670224],[-38.7118893422193,-3.64209389781507],[-38.7115466987211,-3.64106597091781],[-38.7120035561192,-3.64066622136898],[-38.7113170532394,-3.63946466776015],[-38.712797191637,-3.63842637527695],[-38.7125746256185,-3.63735401107869],[-38.7129743760665,-3.637125583279],[-38.7129172691166,-3.63575501378279],[-38.7136025543144,-3.63564079898361],[-38.7138399258719,-3.63742109061083],[-38.7160609113819,-3.63617637763771],[-38.7157654840898,-3.63489126891689],[-38.7168719325936,-3.63442727359974],[-38.7173359279107,-3.63560510758958],[-38.7196559017984,-3.6343915822057],[-38.719548826717,-3.6337848204131],[-38.7174073115981,-3.63492696121022],[-38.7169679046451,-3.633818132201],[-38.7200067021475,-3.63238314516598],[-38.7201801768736,-3.63316378098365],[-38.7233924491022,-3.63250942886703],[-38.7262478019944,-3.63036791374817],[-38.7301739128957,-3.62894023730207],[-38.7308282650124,-3.6278099927369],[-38.7324689971465,-3.62723672079795],[-38.7318990221221,-3.62572796507351],[-38.7327318339069,-3.62531155918105],[-38.73374310536,-3.6251331004122],[-38.7338620775728,-3.62590642384237],[-38.7332672120122,-3.62626334407805],[-38.7338620775728,-3.62786948019233],[-38.7375502422498,-3.626560775959],[-38.7378476750301,-3.62578745073023],[-38.738739973371,-3.62554950540533],[-38.7389779186959,-3.62608488440987],[-38.7424281371488,-3.62471669362049],[-38.7430824892654,-3.62418131461596],[-38.7428445430412,-3.6235269633986],[-38.7434394077024,-3.62299158529339],[-38.7425471102609,-3.62013623240115],[-38.7370743498013,-3.62305107095013],[-38.7283893171132,-3.6251331004122],[-38.7256529373332,-3.62650129030227],[-38.724225260887,-3.62644180284691],[-38.7235709087704,-3.62751256085596],[-38.7195853122123,-3.6304868868603],[-38.7100079811834,-3.6345319708737],[-38.7113166854166,-3.63667348599257],[-38.7120606630691,-3.63678294068012],[-38.7120900097461,-3.63768475564688],[-38.7101864408515,-3.63833910776356],[-38.7083423576137,-3.63512683643432],[-38.7075095467282,-3.63584067420772],[-38.7082828719569,-3.63750629687804],[-38.7079259526206,-3.6388744867681],[-38.7074500610714,-3.63917192044773],[-38.705784438401,-3.63685194476143],[-38.703404977058,-3.63833910776356],[-38.6999547577059,-3.64089702877482],[-38.6998357845937,-3.64297905733758],[-38.6982891359348,-3.64488262623219],[-38.6970399191569,-3.64393084223452],[-38.6962071073721,-3.64428776067155],[-38.6890092376862,-3.65261587402329],[-38.6881169402445,-3.65380560514449],[-38.6893661570225,-3.65505482192242],[-38.6882953990134,-3.65672044369349],[-38.6887712923612,-3.65743428326552],[-38.6874031015718,-3.65856452693135],[-38.6876410477961,-3.65898093192443],[-38.6893661570225,-3.6589214462677],[-38.689901536027,-3.65832658070707],[-38.6893661570225,-3.65743428326552],[-38.6902584553634,-3.65576865969588],[-38.6913307988772,-3.65677041272431],[-38.6940148309197,-3.65602802057663],[-38.6958993638645,-3.65425770243098],[-38.696755969912,-3.65482877282956],[-38.7021811409468,-3.65026020784229],[-38.7022031050892,-3.64881276339828],[-38.6988689306566,-3.64603428455455]]]}},{"type":"Feature","properties":{"id":"370","municipality":"2304400","density":"Densa","type":"Área urbanizada","state":"CE"},"geometry":{"type":"Polygon","coordinates":[[[-38.3742437921173,-3.89678524584235],[-38.3716263854493,-3.89619038118112],[-38.3718048451175,-3.89856984162487],[-38.3722212501106,-3.89856984162487],[-38.3723402232227,-3.89797497696355],[-38.3734704668885,-3.89827240884454],[-38.3732325206643,-3.89981905930211],[-38.3722807366666,-3.90071135674368],[-38.3724591963348,-3.90178211385341],[-38.3694848703304,-3.90279338530644],[-38.3678787342162,-3.90148468197243],[-38.3667484896511,-3.90207954663373],[-38.3685925719896,-3.90493490042526],[-38.3705556283396,-3.90439952232003],[-38.3707935736645,-3.9052918188623],[-38.3701392224471,-3.90564873909795],[-38.3719833038864,-3.9089799844387],[-38.3732325206643,-3.90844460543419],[-38.3725186828909,-3.90666000875235],[-38.3730540618954,-3.90642206342744],[-38.3722807366666,-3.9045779810889],[-38.3728161147718,-3.90428054830864],[-38.3746601980097,-3.90832563232205],[-38.3756119820073,-3.90802820044104],[-38.3762068466686,-3.90957484909997],[-38.3774560643458,-3.90951536344323],[-38.3779319567943,-3.91094303899001],[-38.3794786063526,-3.91022920121662],[-38.3798355247896,-3.91082406587788],[-38.3779319567943,-3.91177585077487],[-38.3783483617874,-3.9125491751043],[-38.381263202135,-3.91106201210215],[-38.3819770399084,-3.91195431044305],[-38.3804898769063,-3.91415531211788],[-38.3815606349153,-3.9152260692277],[-38.3817985811395,-3.91820039523203],[-38.3832857441417,-3.91843834055692],[-38.3832857441417,-3.91944961200994],[-38.3878067197043,-3.91950909856599],[-38.3878067197043,-3.91820039523203],[-38.3841780415833,-3.9183193683441],[-38.3835831769221,-3.91784347589567],[-38.3838211231463,-3.91552350200795],[-38.3876839433592,-3.91512838216903],[-38.3877472331483,-3.91724861123436],[-38.388520558377,-3.91724861123436],[-38.3887585037019,-3.91790296335104],[-38.391197451601,-3.91825988178806],[-38.3914353978253,-3.91748655655931],[-38.3888774768141,-3.91635631289348],[-38.3887585037019,-3.9152260692277],[-38.3909000188208,-3.91457171711102],[-38.3910189919329,-3.91231122888007],[-38.389472343274,-3.91213277011122],[-38.3892938827064,-3.91350096000128],[-38.388520558377,-3.913560445658],[-38.388520558377,-3.91118098521423],[-38.3881041515853,-3.91100252644539],[-38.3877472331483,-3.9089799844387],[-38.391137965045,-3.90802820044104],[-38.3915543709374,-3.90909895665147],[-38.3922087230541,-3.90909895665147],[-38.3925061549351,-3.90719538775687],[-38.3931010213949,-3.90713590210016],[-38.3932794801638,-3.90790922732898],[-38.3938743448251,-3.90796871298569],[-38.3951830490584,-3.9052918188623],[-38.3940528053926,-3.90422106175255],[-38.3930415339396,-3.90154416762919],[-38.3918518037177,-3.90118724919218],[-38.3906620725965,-3.89934316685363],[-38.3879256928164,-3.90088981731119],[-38.3881636390407,-3.90178211385341],[-38.3851893130363,-3.90202006097702],[-38.384891880256,-3.90142519541638],[-38.3832262566863,-3.9016631407413],[-38.3831667710296,-3.90225800720124],[-38.3823339601441,-3.90255543908222],[-38.3823934458009,-3.9031503046428],[-38.3795380929086,-3.90320979119883],[-38.3791216870162,-3.90118724919218],[-38.3803709037941,-3.90071135674368],[-38.3799544979017,-3.89975957274608],[-38.3781699030185,-3.90017597773915],[-38.3770991450095,-3.90094930296789],[-38.3753145501263,-3.90071135674368],[-38.3753145501263,-3.89946213996577],[-38.3757309551194,-3.89892676096122],[-38.3777534971262,-3.89946213996577],[-38.3778129836822,-3.8980939500757],[-38.3771586315656,-3.89791549040752],[-38.3769801718973,-3.89678524584235],[-38.3746007105543,-3.89601192061361],[-38.3742437921173,-3.89678524584235]]]}},{"type":"Feature","properties":{"id":"371","municipality":"2304400","density":"Densa","type":"Área urbanizada","state":"CE"},"geometry":{"type":"Polygon","coordinates":[[[-38.5083415441269,-3.89008281986623],[-38.5099976492721,-3.88905489206957],[-38.5118821822169,-3.89013992681612],[-38.5137667151618,-3.89459427790353],[-38.5102260770718,-3.89790648729451],[-38.5106258266206,-3.89859177159293],[-38.5110255761693,-3.89830623684332],[-38.5117108613671,-3.89904862899101],[-38.5125103595654,-3.89836334379324],[-38.5139380369108,-3.90013366283825],[-38.5130243239134,-3.90099026888578],[-38.5133669656129,-3.90173266103342],[-38.5154228203069,-3.90007655588831],[-38.5161652115552,-3.90258926708095],[-38.515080177708,-3.90367430092818],[-38.515023070758,-3.90464512087557],[-38.5139951438608,-3.90475933477541],[-38.5134240725628,-3.90316033658024],[-38.5114597445715,-3.90331541567383],[-38.5117108613671,-3.90475933477541],[-38.5101689701218,-3.90504487042437],[-38.5099286721704,-3.90442310883935],[-38.5073381192587,-3.90661296161886],[-38.5060572616333,-3.90475933477541],[-38.505257763435,-3.90498776257516],[-38.5063427972822,-3.91115532575764],[-38.5158225698557,-3.90921368586288],[-38.5157083559558,-3.90829997286541],[-38.5165078541541,-3.90812865201565],[-38.5163365333043,-3.90738625986797],[-38.5155370342067,-3.90750047376783],[-38.515365713357,-3.9068722964193],[-38.5132527517131,-3.90675808162012],[-38.5130814308633,-3.90607279732173],[-38.5162794263544,-3.90538751302325],[-38.5169076037029,-3.90790022421597],[-38.5177642097504,-3.90772890156751],[-38.5172502463018,-3.90607279732173],[-38.5195916357454,-3.90487354867531],[-38.5193632079457,-3.90338876527926],[-38.5214190617403,-3.9028748018306],[-38.5210193130908,-3.9014471253845],[-38.5190776722967,-3.90190398188322],[-38.5186779227479,-3.90093316193584],[-38.5219901330382,-3.89876309334205],[-38.5220472399881,-3.89784938034457],[-38.5226754173366,-3.89739252384583],[-38.5214761686902,-3.89562220480087],[-38.5204482417929,-3.89613616824956],[-38.5200484922441,-3.89539377700117],[-38.5207908843918,-3.89425163530468],[-38.5205053487428,-3.89390899270582],[-38.5181068523493,-3.89590773955046],[-38.5164507472042,-3.89390899270582],[-38.5193061009957,-3.89122496066337],[-38.518833684427,-3.89053780937236],[-38.5182781731991,-3.89105363981362],[-38.5177642097505,-3.89031124766593],[-38.5173073532517,-3.89065389026478],[-38.5169647106528,-3.88985439116716],[-38.5163391233518,-3.89029462010059],[-38.5169647106528,-3.89179603106192],[-38.5151372846579,-3.8934521362071],[-38.5128530021642,-3.8892833207686],[-38.5106258266206,-3.88865514342008],[-38.5098263284222,-3.88751300172363],[-38.5075991519793,-3.88854092862091],[-38.5083415441269,-3.89008281986623]]]}},{"type":"Feature","properties":{"id":"372","municipality":"2304400","density":"Densa","type":"Área urbanizada","state":"CE"},"geometry":{"type":"Polygon","coordinates":[[[-38.6129597595852,-3.69422527117928],[-38.6154153638279,-3.69571005457535],[-38.6172427898229,-3.6955387328262],[-38.617585433321,-3.69331155818181],[-38.6185562532684,-3.69353998598154],[-38.618898894968,-3.69502477027686],[-38.6207263209629,-3.69542451892637],[-38.6219255696093,-3.69650955277359],[-38.6221539983083,-3.6988509431165],[-38.6230106043558,-3.69947912136434],[-38.6252948859502,-3.69930779961521],[-38.6252948859502,-3.69799433706896],[-38.6266654563457,-3.69753748057025],[-38.6278075971429,-3.6990793709162],[-38.6291210596891,-3.69896515701636],[-38.6302060944357,-3.69833697966784],[-38.6298063439875,-3.69685219627178],[-38.6311769143831,-3.69565294762538],[-38.6311769143831,-3.69473923372865],[-38.6320335204306,-3.69433948507912],[-38.6322048412804,-3.69279759383388],[-38.6332898751276,-3.69279759383388],[-38.634489123774,-3.69142702523698],[-38.6354599437214,-3.69148413218693],[-38.6351173011225,-3.69336866513176],[-38.6394574383101,-3.69314023733205],[-38.6440260032973,-3.69256916603418],[-38.6438546824476,-3.69097016783895],[-38.6451681449939,-3.690913060889],[-38.6452823588937,-3.69005645484146],[-38.6460247510414,-3.69005645484146],[-38.6469384640388,-3.69382552073115],[-38.6477379631364,-3.69399684337958],[-38.6483661395856,-3.69542451892637],[-38.6495082812821,-3.69531030502651],[-38.6497367099811,-3.69445369897899],[-38.6511643864272,-3.69422527117928],[-38.6537913106204,-3.69439659202909],[-38.6538484175704,-3.69531030502651],[-38.6557329514145,-3.69571005457535],[-38.6593878043036,-3.6958813763244],[-38.6603015173012,-3.69411105727943],[-38.6606441590007,-3.69485344942713],[-38.6625286919455,-3.69456791287884],[-38.663956369291,-3.69331155818181],[-38.6694386472757,-3.69182677388649],[-38.6694957542256,-3.6906846330893],[-38.6691531116268,-3.68760085059877],[-38.6646987614387,-3.6882861357965],[-38.6647558683886,-3.69051331223954],[-38.6629855493436,-3.69216941738467],[-38.6625286919455,-3.69353998598154],[-38.6615578719981,-3.69365419988141],[-38.6613294441984,-3.69154123913684],[-38.6623002641458,-3.69119859743728],[-38.6623002641458,-3.69057041918944],[-38.6607583729006,-3.69045620528959],[-38.6606441590007,-3.68919984879392],[-38.6617862997979,-3.68902852794417],[-38.6616149789481,-3.68800060104685],[-38.6580172339082,-3.68800060104685],[-38.6580743408581,-3.68708688804943],[-38.662186050246,-3.68663003065139],[-38.6622431571959,-3.68588764030233],[-38.6583027686578,-3.68623028200187],[-38.6581885547579,-3.68543078290423],[-38.6607012659506,-3.6849168185563],[-38.6605870520507,-3.68371757080924],[-38.6596733390533,-3.68371757080924],[-38.6589880538556,-3.68263253696199],[-38.6612723372485,-3.68200435871417],[-38.6624144780457,-3.67852082757406],[-38.663385297993,-3.67800686502478],[-38.6637850484412,-3.67932032667171],[-38.6629284423936,-3.67972007711985],[-38.6629855493436,-3.68046246836815],[-38.6650985100881,-3.68034825356898],[-38.6665832943835,-3.68451706990681],[-38.6666975082833,-3.68543078290423],[-38.6657837952859,-3.68577342460385],[-38.6658980091858,-3.68645870980156],[-38.6693815403258,-3.68583053155373],[-38.6691531116268,-3.68223278741318],[-38.6700668246242,-3.68109064571668],[-38.6716087149702,-3.68063379011727],[-38.6705807880729,-3.679091898872],[-38.6716658219201,-3.67823529282447],[-38.6733790340152,-3.67857793542334],[-38.6736645696641,-3.67737868677695],[-38.6728079636166,-3.67566547468188],[-38.6735503548649,-3.67498019038345],[-38.6741214261628,-3.67509440428331],[-38.6743498539625,-3.67692183027822],[-38.6750351391603,-3.67755000762667],[-38.6803460962952,-3.67549415383206],[-38.6811455953929,-3.67469465473448],[-38.6819450935911,-3.67269590788982],[-38.6814882370924,-3.66978344714835],[-38.6781760277014,-3.67189640879217],[-38.677547850353,-3.67092558884481],[-38.679032633749,-3.66915526979984],[-38.6785186703004,-3.66778470030364],[-38.6797750249973,-3.66624280905836],[-38.6809742736437,-3.66647123775738],[-38.6828588065886,-3.66572884560971],[-38.6838296274353,-3.66475802566232],[-38.6832585561374,-3.66412984831379],[-38.6821735222902,-3.66504356131129],[-38.6808600597439,-3.66527198911098],[-38.6788613119999,-3.66344456311606],[-38.6741785331128,-3.66789891420347],[-38.6609868007003,-3.67766422242591],[-38.6488801039336,-3.68463128380667],[-38.6409422217061,-3.6873153158491],[-38.6387150461624,-3.68742952974896],[-38.6352886228716,-3.68674424634987],[-38.6323761621301,-3.68697267414957],[-38.630720056985,-3.68782928019711],[-38.6293494883881,-3.68919984879392],[-38.6287784170902,-3.68868588624463],[-38.6250664581505,-3.68959959924207],[-38.6190131088678,-3.69017066874132],[-38.613587937833,-3.68908563489407],[-38.6111323335903,-3.68925695574388],[-38.6106754779909,-3.68937116964372],[-38.6101615136429,-3.69171255998663],[-38.6054216278058,-3.69211231043472],[-38.6044508078584,-3.69171255998663],[-38.5989114229238,-3.69331155818181],[-38.5920014675936,-3.69542451892637],[-38.5914875041449,-3.69719483797132],[-38.5937717866386,-3.70102101171028],[-38.5944570718364,-3.7014207612591],[-38.5947997144352,-3.70136365430916],[-38.5940002153376,-3.69987887001378],[-38.5945712857362,-3.6990793709162],[-38.5970839969289,-3.69822276486868],[-38.5977121742774,-3.70005019086359],[-38.5983974585758,-3.69987887001378],[-38.5987401011747,-3.70090679691111],[-38.6007388489187,-3.70027861956261],[-38.6002248845707,-3.69776590926927],[-38.6027947027133,-3.6962811249739],[-38.6081056598483,-3.69473923372865],[-38.6129597595852,-3.69422527117928]]]}},{"type":"Feature","properties":{"id":"373","municipality":"2304400","density":"Densa","type":"Área urbanizada","state":"CE"},"geometry":{"type":"Polygon","coordinates":[[[-38.6997878093599,-3.96156950392941],[-38.6990144850304,-3.96014182658399],[-38.6990144850304,-3.95794082580841],[-38.6966945102434,-3.95704852836685],[-38.6953858069094,-3.95740544680388],[-38.6938986430079,-3.95722698713572],[-38.6940771026761,-3.95817877203268],[-38.6947909413488,-3.95883312414931],[-38.6958616993579,-3.95883312414931],[-38.6972298892479,-3.95817877203268],[-38.6967539967995,-3.95942798881062],[-38.6978247539092,-3.9606177190325],[-38.6993714043668,-3.96454382993376],[-38.7000257546848,-3.96430588370953],[-38.6997878093599,-3.96156950392941]]]}},{"type":"Feature","properties":{"id":"374","municipality":"2304400","density":"Densa","type":"Área urbanizada","state":"CE"},"geometry":{"type":"Polygon","coordinates":[[[-38.4294834517998,-3.84197032876763],[-38.4301021116231,-3.84187515081749],[-38.430625592597,-3.84492086140857],[-38.4311966638949,-3.84477809313444],[-38.4312442533196,-3.84273175686502],[-38.4302448789979,-3.84044747437138],[-38.4304828252222,-3.83935292209965],[-38.4295786297499,-3.83483194563775],[-38.425105243612,-3.83611685470902],[-38.4251528330367,-3.8364975692074],[-38.4283413110027,-3.83611685470902],[-38.4285792572269,-3.83730658583023],[-38.4280557753537,-3.83863908432624],[-38.4261046170344,-3.83882944112577],[-38.4259618496596,-3.83997158192289],[-38.4247721194377,-3.8410661341947],[-38.4248197079631,-3.84311247136346],[-38.4260094390843,-3.84306488193869],[-38.4257714928601,-3.84230345384128],[-38.4270564019313,-3.84216068556714],[-38.4265805085836,-3.84335041668834],[-38.4269136336572,-3.84349318496249],[-38.4283413110027,-3.84130408041892],[-38.4290075602507,-3.84135166984363],[-38.4294834517998,-3.84197032876763]]]}},{"type":"Feature","properties":{"id":"375","municipality":"2304400","density":"Densa","type":"Área urbanizada","state":"CE"},"geometry":{"type":"Polygon","coordinates":[[[-38.3612876272222,-3.97943867955139],[-38.3615850600025,-3.98104481566566],[-38.3631317086614,-3.97985508544379],[-38.3631317086614,-3.98366222323296],[-38.3628937633364,-3.98437606100636],[-38.3621204381077,-3.98431657534963],[-38.3621799246637,-3.98491144001088],[-38.3636076011098,-3.98520887279119],[-38.3641429801144,-3.98062840977325],[-38.3638455473341,-3.97812997621736],[-38.3618824918835,-3.9768212728834],[-38.3615850600025,-3.97616692076674],[-38.3608712213298,-3.9760479476546],[-38.3593840583276,-3.97747562410076],[-38.3600384104442,-3.97789202999314],[-38.3589676524352,-3.97931970733856],[-38.3577779222133,-3.97926021988321],[-38.354208729749,-3.98062840977326],[-38.3545061634287,-3.98104481566566],[-38.3583133012178,-3.9811637887778],[-38.3586702196549,-3.98039046444831],[-38.3612876272222,-3.97943867955139]]]}},{"type":"Feature","properties":{"id":"376","municipality":"2304400","density":"Densa","type":"Área urbanizada","state":"CE"},"geometry":{"type":"Polygon","coordinates":[[[-38.9269532459955,-4.03011819010237],[-38.9274291393433,-4.02992783330281],[-38.9288092263646,-4.03054649312611],[-38.9291423496397,-4.03216452727107],[-38.9305224375604,-4.03187899072281],[-38.9313314550825,-4.03249765144541],[-38.9314742215581,-4.03311631126871],[-38.9309031520587,-4.03378255961741],[-38.9315218109828,-4.03478193393903],[-38.9325687738298,-4.03444880886538],[-38.9321880611301,-4.03316389979409],[-38.9332350230778,-4.03292595356988],[-38.9336157366769,-4.03021336895177],[-38.9320928822806,-4.03040372575129],[-38.9320452928559,-4.02926158405485],[-38.9295706526635,-4.0296422976539],[-38.9293802967633,-4.02888087135508],[-38.9314742215581,-4.02540685774023],[-38.9329970768536,-4.02493096529179],[-38.9328543103781,-4.02435989489318],[-38.9320928822806,-4.02435989489318],[-38.9293802967633,-4.02578757133932],[-38.9280477982672,-4.02573998191457],[-38.927143602795,-4.02355087827039],[-38.9266677112458,-4.02350328884565],[-38.9264773544463,-4.02459784111744],[-38.925192445375,-4.02488337586705],[-38.9247641423513,-4.02678694476164],[-38.9252400339004,-4.02769114023393],[-38.9250496780002,-4.02921399463008],[-38.9253828021745,-4.0303085469019],[-38.9232888755811,-4.03211693784635],[-38.9241930719527,-4.0324500620207],[-38.9270960142696,-4.0310699749993],[-38.9269532459955,-4.03011819010237]]]}},{"type":"Feature","properties":{"id":"377","municipality":"2304400","density":"Densa","type":"Área urbanizada","state":"CE"},"geometry":{"type":"Polygon","coordinates":[[[-38.3661994841188,-4.04923690625817],[-38.3670560901664,-4.04443991167256],[-38.3664279119185,-4.04443991167256],[-38.366085270219,-4.04569626816817],[-38.3653999850213,-4.04558205426833],[-38.3653428780713,-4.04461123342162],[-38.3647146998235,-4.04449701862246],[-38.3647146998235,-4.04569626816817],[-38.3636867729262,-4.04575337511813],[-38.3635725590264,-4.04735237331335],[-38.3627159529788,-4.04878004886012],[-38.3616309191316,-4.04935112015802],[-38.3619735608311,-4.05249200779986],[-38.3639152007259,-4.0526633304483],[-38.3653428780713,-4.05037904705536],[-38.3682553379135,-4.04935112015802],[-38.3683695518133,-4.04889426275999],[-38.3661994841188,-4.04923690625817]]]}},{"type":"Feature","properties":{"id":"378","municipality":"2304400","density":"Densa","type":"Área urbanizada","state":"CE"},"geometry":{"type":"Polygon","coordinates":[[[-38.4825529457618,-3.91869345933567],[-38.4826719188739,-3.91976421644542],[-38.4989712271404,-3.91441042909799],[-38.499625579257,-3.91702783576597],[-38.5006963363668,-3.91684937609779],[-38.5010532548038,-3.92041856766269],[-38.4999824976941,-3.92113240633547],[-38.4995066061449,-3.92041856766269],[-38.4997445523692,-3.91916935088479],[-38.4984358481358,-3.92059702733094],[-38.4991496859092,-3.92184624500817],[-38.49867379436,-3.92256008278156],[-38.4976030372503,-3.92131086600365],[-38.4967702245661,-3.92208419123239],[-38.4973650910261,-3.92315494834215],[-38.4947476843581,-3.92559389624126],[-38.4954615221315,-3.92636721967144],[-38.5001609573623,-3.92256008278156],[-38.500874796035,-3.92464211134434],[-38.5017076069205,-3.92440416512005],[-38.5028378505863,-3.92862770790238],[-38.502242985925,-3.92904411379477],[-38.5025999052614,-3.93070973736446],[-38.5009342816917,-3.93112614235753],[-38.5000419842501,-3.93065024990905],[-38.4990902002525,-3.92934154657509],[-38.4984358481359,-3.9298769246803],[-38.4995066061449,-3.93154254824999],[-38.5005773632546,-3.93142357513784],[-38.5015291472523,-3.93308919780817],[-38.5053362850415,-3.93255381880363],[-38.5052767993847,-3.93350560280129],[-38.5062880690391,-3.93332714403242],[-38.5063475555952,-3.93427892803006],[-38.5083700976019,-3.93410046926119],[-38.5083106110458,-3.93308919780817],[-38.5067044749316,-3.93320817092031],[-38.5063475555952,-3.92928206001904],[-38.5070613942679,-3.92844924913352],[-38.508429584158,-3.92838976167809],[-38.5087865043936,-3.92743797768048],[-38.5099167471601,-3.92714054490016],[-38.5099762337162,-3.92648619278351],[-38.5109875051692,-3.92636721967143],[-38.5111064782813,-3.92565338189805],[-38.5119392891668,-3.92559389624126],[-38.5122533782907,-3.92707392042502],[-38.5148803033833,-3.9266170639263],[-38.5148231964333,-3.92593177872858],[-38.5163650867793,-3.92461831708163],[-38.5166506224282,-3.92490385183123],[-38.5179069780246,-3.92410435273365],[-38.5181925127742,-3.92536070833002],[-38.5176785493255,-3.92598888567848],[-38.5160982597268,-3.92661365189849],[-38.5168790502279,-3.92941530986861],[-38.5163650867793,-3.9295866307184],[-38.5158511233306,-3.92758788387369],[-38.5153681613115,-3.92765466393156],[-38.5160224441804,-3.93078588026412],[-38.5172787997768,-3.93112852196368],[-38.5196201892203,-3.92833027602137],[-38.5187064762229,-3.92576045787878],[-38.5190491188217,-3.92558913702904],[-38.5186493692729,-3.92381881798401],[-38.5192775466214,-3.92336196058596],[-38.5187064762229,-3.92153453459105],[-38.5178498701753,-3.9213632137413],[-38.5168790502279,-3.91782257565132],[-38.5161937659295,-3.91816521825018],[-38.5164221937292,-3.91965000164624],[-38.515280052932,-3.92033528684397],[-38.5148231964333,-3.91930735994664],[-38.5133955190879,-3.92010685904428],[-38.5145947677343,-3.92313353278627],[-38.5140236973357,-3.92364749623495],[-38.5131099843383,-3.92336196058596],[-38.5121391643909,-3.92444699533253],[-38.5119107356918,-3.92376171103412],[-38.5109970226944,-3.92416145968354],[-38.5110541296443,-3.92478963793139],[-38.5101975235968,-3.92501806573109],[-38.5098548809979,-3.92416145968354],[-38.5074778001603,-3.92398775922765],[-38.5056337178217,-3.92493954412466],[-38.5046819329248,-3.92321443489823],[-38.505871664046,-3.92250059622546],[-38.5063475555952,-3.92303597523006],[-38.5071208808239,-3.92285751466251],[-38.5071208808239,-3.92190573066491],[-38.506169095927,-3.92196521812026],[-38.505871664046,-3.92101343322332],[-38.5050388522612,-3.92119189289151],[-38.504860392593,-3.92024010799453],[-38.5059311497028,-3.91916935088479],[-38.5070019077118,-3.91899089121659],[-38.5062880690391,-3.91238788709127],[-38.5027188783735,-3.91482683499039],[-38.5017076069205,-3.91393453664951],[-38.5021240128129,-3.91149558875039],[-38.5003394170304,-3.91066277786485],[-38.4970081716897,-3.9132206979768],[-38.4970081716897,-3.91411299631768],[-38.4825529457618,-3.91869345933567]]]}},{"type":"Feature","properties":{"id":"379","municipality":"2304400","density":"Densa","type":"Área urbanizada","state":"CE"},"geometry":{"type":"Polygon","coordinates":[[[-38.3822744726887,-3.92117472213567],[-38.3820365273638,-3.92188855990908],[-38.3826313920251,-3.9219480455658],[-38.3825719063684,-3.92337572291127],[-38.3877472331483,-3.9228998313621],[-38.3877472331483,-3.92218599268938],[-38.3885800449331,-3.92212650613329],[-38.388520558377,-3.92111523468032],[-38.3877472331483,-3.92105574902353],[-38.3877472331483,-3.92028242379481],[-38.3822744726887,-3.92117472213567]]]}},{"type":"Feature","properties":{"id":"380","municipality":"2304400","density":"Densa","type":"Área urbanizada","state":"CE"},"geometry":{"type":"Polygon","coordinates":[[[-38.869745768952,-4.0269174345919],[-38.8706380672929,-4.02650102869945],[-38.8714708781784,-4.02709589426009],[-38.8713519050663,-4.02822613792586],[-38.8730175277367,-4.02858305726222],[-38.8731365008488,-4.02620359591919],[-38.87236317562,-4.02376464891938],[-38.8731959874049,-4.02352670269512],[-38.8744452041828,-4.02608462280707],[-38.8750995562995,-4.02566821691467],[-38.8736718798533,-4.02293183713453],[-38.8731959874049,-4.0228723505785],[-38.8717088244027,-4.02328875557158],[-38.8703406336133,-4.02525181192154],[-38.8699242277209,-4.02507335225336],[-38.8702216614005,-4.02370516236328],[-38.8712329319542,-4.02215851280504],[-38.871054472286,-4.02037391702261],[-38.8702216614005,-4.02031442956725],[-38.8695078227278,-4.02192056568152],[-38.8672473353962,-4.02376464891938],[-38.867366307609,-4.02465694726028],[-38.8651058202773,-4.02745281269712],[-38.866057604275,-4.02804767915699],[-38.867425794165,-4.02596564969491],[-38.869745768952,-4.0269174345919]]]}},{"type":"Feature","properties":{"id":"381","municipality":"2304400","density":"Densa","type":"Área urbanizada","state":"CE"},"geometry":{"type":"Polygon","coordinates":[[[-38.7057217790368,-3.7235285711866],[-38.7022382478968,-3.72427096333423],[-38.7022382478968,-3.72541310413141],[-38.6994400019545,-3.72581285368023],[-38.6992115732555,-3.72467071198374],[-38.696242005564,-3.72547021108132],[-38.696527541213,-3.72769738662506],[-38.6970986116116,-3.72804002922392],[-38.6970986116116,-3.72861109962253],[-38.6958993638645,-3.7287824213716],[-38.6957280421154,-3.72809713617387],[-38.6935008665717,-3.72895374222141],[-38.6931582248722,-3.72832556487288],[-38.6920160831756,-3.72826845702362],[-38.6918447623259,-3.72615549627911],[-38.6923587257745,-3.72547021108132],[-38.6921874049248,-3.72438517723407],[-38.6915592266769,-3.72449939113398],[-38.6915592266769,-3.72507046243186],[-38.6896175867821,-3.72598417542928],[-38.689960229381,-3.72678367362761],[-38.6909310493284,-3.72718342317637],[-38.6909881562784,-3.73021009781769],[-38.6902457641307,-3.72992456216879],[-38.6900744432809,-3.73129513166493],[-38.6845350583462,-3.72981034826895],[-38.6837926661985,-3.7228432859888],[-38.6828218462512,-3.72295750078799],[-38.6825934175521,-3.72409964158517],[-38.6832787018505,-3.72729763707622],[-38.6815654906548,-3.7294105987201],[-38.67619742657,-3.73135223861487],[-38.67619742657,-3.73180909511359],[-38.6831644879507,-3.72986745521884],[-38.6838497731485,-3.73026720476765],[-38.6839639870484,-3.73112381081519],[-38.6851061287448,-3.73089538211615],[-38.6856200921935,-3.73289412986016],[-38.6849348069957,-3.73340809330882],[-38.6853345574438,-3.73449312715605],[-38.6863624843411,-3.73415048455718],[-38.6859627347923,-3.73340809330882],[-38.6872761973386,-3.73289412986016],[-38.6880185885869,-3.7355210549527],[-38.6885325520356,-3.73534973320359],[-38.6883612311858,-3.73357941415861],[-38.689446265033,-3.73260859421122],[-38.6907597275793,-3.73226595161231],[-38.6925300466243,-3.73289412986016],[-38.6935008665717,-3.73380784285764],[-38.6927013683734,-3.73860483564461],[-38.6960706847143,-3.73843351479485],[-38.6968701838119,-3.7369487313988],[-38.6976125759596,-3.73700583834869],[-38.6983549672079,-3.7397469773411],[-38.6996113228043,-3.73968987039115],[-38.6989831445565,-3.73723426704773],[-38.6981836463581,-3.73689162444885],[-38.6980123246091,-3.7357494827524],[-38.6986405028569,-3.73517841235379],[-38.6987547167568,-3.73363652110852],[-38.6974983611604,-3.73043852561745],[-38.6993828950045,-3.73032431171754],[-38.6994971089044,-3.73215173771247],[-38.700296608002,-3.73226595161231],[-38.7005821427517,-3.73415048455718],[-38.701552962699,-3.7343789132562],[-38.7014958557491,-3.73620633925112],[-38.7031519608942,-3.74043226163952],[-38.7045225303904,-3.74191704593489],[-38.7050364938391,-3.74545768402486],[-38.7056646720869,-3.74585743267431],[-38.7058359929367,-3.74854146471677],[-38.7064070633352,-3.74854146471677],[-38.7064070633352,-3.74568611182456],[-38.7054933503378,-3.74477239882709],[-38.705379136438,-3.74351604413011],[-38.7060644207364,-3.74277365198243],[-38.7074349911319,-3.74334472238098],[-38.7076063119817,-3.74408711362936],[-38.708634238879,-3.74345893718017],[-38.7076634189316,-3.74111754683725],[-38.7061786346362,-3.74111754683725],[-38.7060073137865,-3.73883326434363],[-38.7053220285887,-3.73883326434363],[-38.7054933503378,-3.74037515468963],[-38.7044083155913,-3.74014672688986],[-38.703837246092,-3.73780533744635],[-38.7033803886939,-3.73797665829608],[-38.7027522113455,-3.73751980179736],[-38.7022382478968,-3.73580658970229],[-38.7030948539443,-3.73512130540388],[-38.7032090678442,-3.7331796646098],[-38.7045796373404,-3.73312255765986],[-38.7047509590894,-3.73460734195523],[-38.7053220285887,-3.7343789132562],[-38.705093600789,-3.73255148726128],[-38.7036659243429,-3.73186620296288],[-38.703608817393,-3.73066695431648],[-38.7049793868891,-3.73055274041661],[-38.705093600789,-3.7287253144217],[-38.7042941016914,-3.72866820657244],[-38.7042369947415,-3.72769738662506],[-38.7057217790368,-3.72712631622649],[-38.7057217790368,-3.7235285711866]]]}},{"type":"Feature","properties":{"id":"382","municipality":"2304400","density":"Densa","type":"Área urbanizada","state":"CE"},"geometry":{"type":"Polygon","coordinates":[[[-38.313312601995,-3.93557523600828],[-38.3140859272237,-3.9361106150128],[-38.3151566843335,-3.93545626289619],[-38.3154608782169,-3.93460856013689],[-38.3177740910015,-3.9336716671137],[-38.3152756574455,-3.92950760998816],[-38.3068880566385,-3.93486139733557],[-38.306471650746,-3.93581318223257],[-38.3031998919614,-3.9390254535618],[-38.301177350854,-3.93979877879059],[-38.301177350854,-3.94039364435116],[-38.313312601995,-3.93557523600828]]]}},{"type":"Feature","properties":{"id":"383","municipality":"2304400","density":"Densa","type":"Área urbanizada","state":"CE"},"geometry":{"type":"Polygon","coordinates":[[[-38.3169106788847,-3.95338358238639],[-38.3170891385528,-3.95415690671582],[-38.3180409225505,-3.95391895959228],[-38.3179219503377,-3.95332409493097],[-38.3198405289172,-3.95275980721931],[-38.3203608982368,-3.95088514793117],[-38.3196470586648,-3.94898157903657],[-38.3187547612232,-3.94916003780543],[-38.3185096635901,-3.94853786792824],[-38.3144122453288,-3.95058771515091],[-38.314888136878,-3.95213436470913],[-38.3166132470037,-3.95088514793117],[-38.3169701663401,-3.95124206726751],[-38.3161373536559,-3.95189641938419],[-38.3160778679992,-3.95266974281435],[-38.3142337856606,-3.95314563616212],[-38.3144836290162,-3.95418070097851],[-38.3169106788847,-3.95338358238639]]]}},{"type":"Feature","properties":{"id":"384","municipality":"2304400","density":"Densa","type":"Área urbanizada","state":"CE"},"geometry":{"type":"Polygon","coordinates":[[[-38.7447235163771,-3.74782766831221],[-38.7454373541505,-3.74782766831221],[-38.7464367266735,-3.74618583990451],[-38.7463653438855,-3.74325910332494],[-38.7473647173078,-3.74261664923893],[-38.7460084236498,-3.74047513412011],[-38.7439382931177,-3.74183142687878],[-38.7446521317904,-3.74582892056818],[-38.7425463089649,-3.74654275924092],[-38.7425463089649,-3.74757782495665],[-38.7439739854111,-3.74739936528841],[-38.7438669103296,-3.7501833353926],[-38.7445093644156,-3.75025471907997],[-38.7447235163771,-3.74782766831221]]]}},{"type":"Feature","properties":{"id":"385","municipality":"2304400","density":"Densa","type":"Outros equipamentos urbanos","state":"CE"},"geometry":{"type":"Polygon","coordinates":[[[-38.7492694013617,-3.72961674671548],[-38.7499118563471,-3.73347147392936],[-38.7533382796378,-3.73293609582413],[-38.7528385929267,-3.72965243900883],[-38.7492694013617,-3.72961674671548]]]}},{"type":"Feature","properties":{"id":"386","municipality":"2304400","density":"Densa","type":"Área urbanizada","state":"CE"},"geometry":{"type":"Polygon","coordinates":[[[-38.6028245224337,-3.92797361389114],[-38.6033004139829,-3.93287530305276],[-38.6087593383727,-3.93264201621606],[-38.6092723998013,-3.94049173430602],[-38.6101861127988,-3.94568847664186],[-38.6107000771468,-3.94768722438584],[-38.6112140405954,-3.94734458088767],[-38.6116708970942,-3.9489435790829],[-38.6131556813895,-3.9487151512832],[-38.6124132892419,-3.94780143828571],[-38.6120135387938,-3.94608822619064],[-38.6112140405954,-3.94591690534089],[-38.6112140405954,-3.94249048115076],[-38.6107571840967,-3.94209073160194],[-38.6107571840967,-3.93992066300814],[-38.610071898899,-3.93946380740875],[-38.6104145423972,-3.93226831732892],[-38.6097292571994,-3.93203988773059],[-38.6096721502495,-3.93038378258547],[-38.6091581859015,-3.93032667563552],[-38.6092723998013,-3.92958428528648],[-38.6103574354473,-3.92924164178828],[-38.6112711484447,-3.92592943239737],[-38.6107000771468,-3.92581521759816],[-38.6097863641493,-3.92650050279595],[-38.6095008293997,-3.92735710884348],[-38.6028245224337,-3.92797361389114]]]}},{"type":"Feature","properties":{"id":"387","municipality":"2304400","density":"Densa","type":"Área urbanizada","state":"CE"},"geometry":{"type":"Polygon","coordinates":[[[-38.7137809438354,-3.73981838261221],[-38.7132669803868,-3.73987548956217],[-38.7130385516877,-3.73833359921616],[-38.7134954081865,-3.73833359921616],[-38.7135525160357,-3.73747699316864],[-38.7131527655876,-3.73741988621875],[-38.7129814447378,-3.73353660642919],[-38.7139522646853,-3.73359371337911],[-38.7140093716352,-3.73302264208121],[-38.7124103743392,-3.73296553513133],[-38.7123532673894,-3.73393635507869],[-38.7111540187429,-3.73410767592844],[-38.7108113761441,-3.74010391826119],[-38.7117821969908,-3.73998970436134],[-38.7118964108906,-3.73884756266483],[-38.7125245882391,-3.73867624091578],[-38.7124674812892,-3.74261662855451],[-38.7133811942866,-3.74261662855451],[-38.7140664785851,-3.74181713035626],[-38.7137809438354,-3.73981838261221]]]}},{"type":"Feature","properties":{"id":"388","municipality":"2304400","density":"Densa","type":"Vazio intraurbano","state":"CE"},"geometry":{"type":"Polygon","coordinates":[[[-38.5688874323091,-3.76786702674184],[-38.5693975106865,-3.76716018209668],[-38.566863562903,-3.76471708292702],[-38.5622026672192,-3.76667833163965],[-38.5624585171468,-3.76770258120912],[-38.5633894000007,-3.76815639260339],[-38.5626866283852,-3.76937412321718],[-38.5635187620812,-3.77114144662039],[-38.5633624104468,-3.7718791110321],[-38.5643579131871,-3.77220196225074],[-38.5649020039243,-3.77326019809959],[-38.5660883329102,-3.77409778528455],[-38.5667647139203,-3.77390215665919],[-38.5678869653112,-3.7715596511569],[-38.5692057482467,-3.77101027870135],[-38.5693017517744,-3.76882895059555],[-38.5688874323091,-3.76786702674184]]]}},{"type":"Feature","properties":{"id":"389","municipality":"2304400","density":"Densa","type":"Área urbanizada","state":"CE"},"geometry":{"type":"Polygon","coordinates":[[[-38.4973198812075,-3.89145338936238],[-38.4978338437568,-3.89151049631232],[-38.4982907011549,-3.89293817275844],[-38.4972056673076,-3.89356635010695],[-38.4974340951073,-3.89419452835479],[-38.4965774890598,-3.89487981265319],[-38.4980051664053,-3.90001944893839],[-38.4990330933026,-3.89961969938959],[-38.4985762359045,-3.89807780904362],[-38.5006891984477,-3.89693566734714],[-38.5009747331973,-3.8975067377457],[-38.5027450522423,-3.89665013169817],[-38.5026308383425,-3.89585063260057],[-38.501260267947,-3.89619327519945],[-38.5010889470972,-3.89567931175076],[-38.502973480042,-3.89453717095365],[-38.5034303374401,-3.89505113440233],[-38.504972227786,-3.89413742140484],[-38.5039442999894,-3.89099653286367],[-38.5025737313926,-3.89179603106192],[-38.5025737313926,-3.89310949360822],[-38.5002323410497,-3.89425163530468],[-38.499718377601,-3.89265263710945],[-38.5016600183951,-3.8913391745632],[-38.501488696646,-3.88842671472106],[-38.5005178766986,-3.88859803557085],[-38.4980051664053,-3.88779853737255],[-38.497662522907,-3.888255392972],[-38.4981193803051,-3.88899778511961],[-38.4978909516061,-3.89093942501439],[-38.4972627742576,-3.89065389026478],[-38.49640616821,-3.88722746607465],[-38.4952069195637,-3.88705614522485],[-38.4954924552126,-3.89151049631232],[-38.4961777404104,-3.89236710235985],[-38.4971971723116,-3.89214056223712],[-38.4973198812075,-3.89145338936238]]]}},{"type":"Feature","properties":{"id":"390","municipality":"2304400","density":"Densa","type":"Vazio intraurbano","state":"CE"},"geometry":{"type":"Polygon","coordinates":[[[-38.4810905743704,-3.84546671931362],[-38.4821756082177,-3.84598068186297],[-38.4829180003654,-3.84860760695545],[-38.4846312115611,-3.84866471390537],[-38.4846312115611,-3.84552382626352],[-38.4870868158039,-3.84529539666518],[-38.4874294584027,-3.84769389395798],[-38.4885715991999,-3.84797942870762],[-38.4886784863231,-3.84860132159366],[-38.4894637077838,-3.84857276901801],[-38.4895636449462,-3.84954358896539],[-38.4926621988014,-3.84958281109785],[-38.4919021799416,-3.84735186739471],[-38.4924108616719,-3.84554719244891],[-38.4916553807911,-3.84323954287056],[-38.488286063551,-3.83918494223128],[-38.486972601904,-3.83929915613113],[-38.4874294584027,-3.84204029512348],[-38.4836032846638,-3.84306822202082],[-38.4818329656188,-3.84443879061764],[-38.4810905743704,-3.84546671931362]]]}},{"type":"Feature","properties":{"id":"391","municipality":"2304400","density":"Densa","type":"Área urbanizada","state":"CE"},"geometry":{"type":"Polygon","coordinates":[[[-38.7124593891894,-4.01607101086842],[-38.7133731021869,-4.01532861872075],[-38.7140583873846,-4.01612811781833],[-38.7145723508333,-4.01561415436972],[-38.7136015308859,-4.01447201267321],[-38.7119454257407,-4.01567126131961],[-38.7107461770943,-4.01521440482088],[-38.7102322136457,-4.01555704741975],[-38.7102893205956,-4.01812686466304],[-38.7108032849436,-4.01846950726191],[-38.7116027831419,-4.01795554381323],[-38.7122309613897,-4.01789843686334],[-38.7129162456881,-4.01846950726191],[-38.713544423936,-4.01812686466304],[-38.7124593891894,-4.01607101086842]]]}},{"type":"Feature","properties":{"id":"392","municipality":"2304400","density":"Densa","type":"Área urbanizada","state":"CE"},"geometry":{"type":"Polygon","coordinates":[[[-38.6947314547928,-3.9408087057571],[-38.6954452925661,-3.94366406044798],[-38.6947314547927,-3.94711427800149],[-38.6924709665618,-3.95121884767163],[-38.6915786691202,-3.95139730823911],[-38.6920545606694,-3.95490701324803],[-38.693601211127,-3.95597777035778],[-38.6940176161201,-3.95568033757747],[-38.6932442917905,-3.95419317457534],[-38.6943745363557,-3.95466906702376],[-38.6945529951246,-3.95341985024585],[-38.6956237531336,-3.95341985024585],[-38.6957427262458,-3.95163525356406],[-38.6933037783467,-3.95104038890275],[-38.6938391573512,-3.94996963089369],[-38.6974678345729,-3.95026706367402],[-38.6985385916826,-3.9461030074478],[-38.6958616993579,-3.94550814188722],[-38.6959806715707,-3.94217689744579],[-38.6955047800216,-3.94063024698825],[-38.6947314547928,-3.9408087057571]]]}},{"type":"Feature","properties":{"id":"393","municipality":"2304400","density":"Densa","type":"Área urbanizada","state":"CE"},"geometry":{"type":"Polygon","coordinates":[[[-38.4636112530568,-3.85536156498422],[-38.4637254669567,-3.85395292358852],[-38.4621074328117,-3.85235392629262],[-38.4621455047112,-3.85142117824472],[-38.4637635379569,-3.85185899879373],[-38.4638016098564,-3.85085010694685],[-38.4643536452046,-3.85048842929751],[-38.4630021107587,-3.84850871660394],[-38.4610414349143,-3.84995542989914],[-38.4594170713407,-3.84763344692601],[-38.4581797516942,-3.84801415962574],[-38.4584652873431,-3.84863282034833],[-38.4578942160452,-3.84896594542199],[-38.4581849470776,-3.84937296778821],[-38.4573294759745,-3.84991735799963],[-38.45885233127,-3.85174478399454],[-38.4582431889719,-3.85225874834255],[-38.4604322926162,-3.8554186719341],[-38.4608891491149,-3.85553288583397],[-38.4608701140644,-3.85619913508196],[-38.4636112530568,-3.85536156498422]]]}},{"type":"Feature","properties":{"id":"394","municipality":"2304400","density":"Densa","type":"Área urbanizada","state":"CE"},"geometry":{"type":"Polygon","coordinates":[[[-38.4753031959856,-3.95895368276622],[-38.4761954943265,-3.95675268199063],[-38.4758385749902,-3.95645524921032],[-38.4751842228736,-3.95752600632012],[-38.4745893582122,-3.95710960132698],[-38.4741134657638,-3.95776395164502],[-38.4740539792077,-3.95853727687377],[-38.4747083313244,-3.95919162899044],[-38.4741729523198,-3.9598459811071],[-38.4713175994276,-3.95931060210257],[-38.4705442741989,-3.95823984499281],[-38.4713770850844,-3.95758549287617],[-38.4694735170891,-3.95461116687182],[-38.467094055746,-3.94919789296836],[-38.466023297737,-3.94955481230472],[-38.4663207314166,-3.95044710974628],[-38.4648335684144,-3.95127992063181],[-38.4637628104053,-3.94949532484929],[-38.4626325658402,-3.95056608285841],[-38.4624541070713,-3.9526481114212],[-38.4645956221902,-3.95205324586057],[-38.4649525406272,-3.95282657108937],[-38.4635248641811,-3.95407578786729],[-38.4628705120645,-3.95342143575063],[-38.4619782137236,-3.95413527442334],[-38.4616807818426,-3.95377835508696],[-38.4578141583967,-3.95651473486708],[-38.4585874827261,-3.95800189876855],[-38.4595987532798,-3.95740703320798],[-38.4600151591722,-3.95782343910038],[-38.4640007557302,-3.9555034652127],[-38.4637033238492,-3.95473013998395],[-38.4656068927438,-3.95336195009389],[-38.4662612439612,-3.95365938197483],[-38.4672725154142,-3.95300502985821],[-38.4679863540869,-3.95348092320598],[-38.4687001918603,-3.95478962564067],[-38.4681648128558,-3.95514654497703],[-38.4672725154142,-3.95425424663613],[-38.4667966229657,-3.95467065342785],[-38.467391487627,-3.95562243832485],[-38.4654284330757,-3.95746651976401],[-38.4653689456203,-3.95788292565647],[-38.4666181632975,-3.95907265587836],[-38.4676889213066,-3.95812087188069],[-38.4683432734232,-3.95889419621017],[-38.4669155960779,-3.96002443987596],[-38.4674509750824,-3.9607977651047],[-38.4668561104211,-3.96192800877054],[-38.4659638120802,-3.96240390121903],[-38.4662612439612,-3.96436695666967],[-38.4676889213066,-3.96430747011364],[-38.4686407053043,-3.96228492810691],[-38.4701873548625,-3.96198749622592],[-38.4702468414185,-3.96311773989176],[-38.471020165748,-3.96317722644778],[-38.471971950645,-3.96163057688955],[-38.4742919254319,-3.96115468444112],[-38.476017033759,-3.96020290044345],[-38.4753031959856,-3.95895368276622]]]}},{"type":"Feature","properties":{"id":"395","municipality":"2304400","density":"Densa","type":"Área urbanizada","state":"CE"},"geometry":{"type":"Polygon","coordinates":[[[-38.6883663968916,-3.91618128503826],[-38.6881284497681,-3.91862023293737],[-38.6857489893243,-3.91862023293737],[-38.6857489893243,-3.92058328838801],[-38.6886043431159,-3.9208212337129],[-38.6891397212211,-3.92284377571964],[-38.6915786691202,-3.92296274883178],[-38.6927089127861,-3.92183250516593],[-38.6931253186785,-3.92034534216378],[-38.6914002085527,-3.9198694497153],[-38.6911622632278,-3.91725204304731],[-38.692351994349,-3.91630025815034],[-38.6917571278891,-3.9146346345807],[-38.690388937999,-3.91356387837027],[-38.6868197473334,-3.91261209437261],[-38.6862248817728,-3.91166030857638],[-38.6834885010934,-3.90963776656964],[-38.6834885010934,-3.90815060356744],[-38.6842023397661,-3.90791265824255],[-38.6852136112191,-3.90886444224014],[-38.6897940733378,-3.90767471201833],[-38.6889612615529,-3.90612806156077],[-38.6901509917748,-3.90565217001161],[-38.6901509917748,-3.90481935912607],[-38.6881284497681,-3.9047598716707],[-38.6871171801137,-3.90374860111701],[-38.6855110431001,-3.90339168178066],[-38.6849756649949,-3.90273732966399],[-38.6852136112191,-3.90238041122696],[-38.6867007742213,-3.90261835655186],[-38.6868792329902,-3.90190451877844],[-38.6887828018847,-3.90148811288606],[-38.689080234665,-3.90047684233236],[-38.6859274489925,-3.89649124487499],[-38.6866412867659,-3.89589638021374],[-38.6874740985508,-3.89619381299402],[-38.6879499909992,-3.89720508444703],[-38.6900320186627,-3.89708611133495],[-38.6903294523423,-3.89619381299402],[-38.6917571278891,-3.89643175921829],[-38.6912812363399,-3.89542048776527],[-38.6915786691202,-3.89506356932822],[-38.6925304531179,-3.89524202809709],[-38.693601211127,-3.89613432643796],[-38.6938986430079,-3.89559894743343],[-38.692589939674,-3.89452819032369],[-38.6909838035596,-3.89393332476307],[-38.6900915061181,-3.89411178443123],[-38.6895561271135,-3.89250564831695],[-38.6886043431159,-3.89173232308821],[-38.6889017749968,-3.89143489120721],[-38.6900320186627,-3.89185129620029],[-38.6902699648869,-3.89274359364191],[-38.6924709665618,-3.89280308109727],[-38.6924709665618,-3.8921487289806],[-38.6896751002256,-3.89084002474734],[-38.6884258834477,-3.8907210516352],[-38.6867007742213,-3.89131591809507],[-38.6840238800979,-3.88905542986414],[-38.6842023397661,-3.88834159119143],[-38.6854515574434,-3.88762775341804],[-38.6870576926584,-3.88792518619834],[-38.6867007742213,-3.88631904918475],[-38.6859274489925,-3.88655699630828],[-38.6856895027683,-3.88584315673626],[-38.6848566918828,-3.88596212984839],[-38.6849756649949,-3.88691391474532],[-38.6841428532101,-3.88721134662631],[-38.683012608645,-3.88852005085959],[-38.6832505548692,-3.88970978108149],[-38.6828341498761,-3.8911374584269],[-38.6815849330981,-3.89131591809507],[-38.6812280137618,-3.89339794575854],[-38.6794434179793,-3.8919107827564],[-38.679145985199,-3.89208924242456],[-38.6804546894323,-3.89393332476307],[-38.6781347137459,-3.89619381299401],[-38.6783726599702,-3.89643175921829],[-38.6803357163202,-3.89536100120922],[-38.6808710944254,-3.89797840787719],[-38.6803357163202,-3.89779994910834],[-38.6796218767482,-3.89833532811286],[-38.6786700927506,-3.89726457010382],[-38.6775398490847,-3.89762148944017],[-38.6770639566362,-3.89684816421135],[-38.6742680903001,-3.8973835432159],[-38.6742680903001,-3.89934659776725],[-38.6754578214213,-3.89934659776725],[-38.6765285776317,-3.90071478855663],[-38.6762311448514,-3.90136913977394],[-38.6754578214213,-3.90136913977394],[-38.6746250087371,-3.90446243978971],[-38.6762906323068,-3.90577114312374],[-38.6762311448514,-3.90618754901613],[-38.6752198742977,-3.90612806156077],[-38.6749819280735,-3.90684190113281],[-38.674208603744,-3.90684190113281],[-38.6741491171879,-3.90791265824255],[-38.6759931986272,-3.90880495568412],[-38.6772424163044,-3.906366007785],[-38.6786700927506,-3.90702035990166],[-38.6798598229724,-3.90672292802066],[-38.6798598229724,-3.90589011623582],[-38.6808710944254,-3.90583062967978],[-38.6808116078694,-3.90690138678952],[-38.6828341498761,-3.90737727923801],[-38.6826556902079,-3.90987571279384],[-38.6883663968916,-3.91618128503826]]]}},{"type":"Feature","properties":{"id":"396","municipality":"2304400","density":"Densa","type":"Área urbanizada","state":"CE"},"geometry":{"type":"MultiPolygon","coordinates":[[[[-38.4579860080478,-3.78774813326972],[-38.458521386153,-3.78798607859462],[-38.4581644668166,-3.78911632315977],[-38.456855764382,-3.78935426938399],[-38.4566178181577,-3.79006810715737],[-38.4580454937045,-3.79298294660567],[-38.458521386153,-3.79625470628963],[-38.4604249550476,-3.79673059783876],[-38.4610198197089,-3.79893160041298],[-38.461852632393,-3.79893160041298],[-38.461852632393,-3.80006184407882],[-38.4629233886035,-3.79994287096667],[-38.4630423617156,-3.79916954573794],[-38.4642915793928,-3.79928851885002],[-38.4642915793928,-3.8004782490719],[-38.4638156869444,-3.80059722218404],[-38.4642320928367,-3.80202489863013],[-38.4639346600564,-3.80279822385888],[-38.4644105516056,-3.80279822385888],[-38.4645890121731,-3.80226284485434],[-38.47071612385,-3.80250079107862],[-38.4707756113054,-3.80327411630738],[-38.4714894490788,-3.80339308941952],[-38.4716084221909,-3.80392846842404],[-38.4738153485994,-3.80485396613757],[-38.4736678885622,-3.80564041697165],[-38.4729766120809,-3.80523717085868],[-38.4676823112896,-3.80547511708295],[-38.4676228247336,-3.80720022720868],[-38.4671469331844,-3.80714073975327],[-38.4670892362792,-3.80777540660966],[-38.4620735346659,-3.80783350281389],[-38.4627575752019,-3.80685159062837],[-38.4642447382041,-3.80589980573143],[-38.464185251648,-3.80542391418226],[-38.4624006558655,-3.80423418306105],[-38.4603186273027,-3.80173574860591],[-38.4587124911885,-3.80131934361277],[-38.4561545710765,-3.80298496628315],[-38.4572848147424,-3.80542391418226],[-38.4566304626257,-3.80572134696257],[-38.4553217592917,-3.80417469740435],[-38.4546674080744,-3.80453161584136],[-38.4540130559577,-3.80589980573143],[-38.4541320290699,-3.8081008083056],[-38.453239730729,-3.80804132085025],[-38.4529422979487,-3.80357983184372],[-38.4534776769532,-3.80108139828787],[-38.4550838130674,-3.80084345116427],[-38.4549648399554,-3.79947526127427],[-38.4560950836212,-3.79893988316902],[-38.4559166248523,-3.79816655794025],[-38.4542510021819,-3.79816655794025],[-38.4542510021819,-3.79656042182596],[-38.4531802441729,-3.79626298904566],[-38.453001785404,-3.7956681243844],[-38.4500274593997,-3.79697682681907],[-38.4508602702852,-3.79816655794025],[-38.4499679719443,-3.79876142260149],[-38.4508007828298,-3.80030807305905],[-38.449373107283,-3.80131934361277],[-38.4505033509488,-3.80334188561949],[-38.4500869450564,-3.80453161584136],[-38.4484213223861,-3.80459110329674],[-38.448302349274,-3.80399623683686],[-38.4468746728278,-3.80417469740435],[-38.4468746728278,-3.80530494107012],[-38.4484808089421,-3.8055428872944],[-38.4484213223861,-3.80661364440414],[-38.4489567013906,-3.80679210407232],[-38.4488972148346,-3.80875515862363],[-38.4512766761776,-3.80929053762816],[-38.4513791224485,-3.81113457589992],[-38.453001785404,-3.81065872841754],[-38.453299217285,-3.80946899819566],[-38.4543104878387,-3.80970694441995],[-38.4543699752941,-3.8113130796349],[-38.45686840885,-3.81149153930307],[-38.4572776390518,-3.81223559339787],[-38.4586494496124,-3.81174815095636],[-38.4588160121492,-3.8126285512666],[-38.4595774402466,-3.81246198872976],[-38.4597677970462,-3.8133423899393],[-38.4576976656147,-3.8138182823878],[-38.4571510423867,-3.81347117195697],[-38.4560950836212,-3.81476329808771],[-38.4562293622952,-3.81534516934402],[-38.459910564421,-3.81477006638541],[-38.4601247163825,-3.81512698572176],[-38.4614572139792,-3.81505560203436],[-38.4629800692747,-3.81450832589849],[-38.4634083722985,-3.81581702923245],[-38.4619569006904,-3.81619774283149],[-38.4632865591274,-3.819058893653],[-38.463860469585,-3.81867238212472],[-38.46362252426,-3.8180061328767],[-38.4648396028653,-3.81714275943075],[-38.4675164969887,-3.8166668669823],[-38.4681701494328,-3.81801565130122],[-38.4666710892993,-3.81834877637487],[-38.4666710892993,-3.81875328423661],[-38.4683129168076,-3.81884846308606],[-38.4684318899197,-3.81977645192166],[-38.4676228732969,-3.81982404224574],[-38.4675752838722,-3.82082341476872],[-38.4667662672494,-3.82089479935547],[-38.4668150230948,-3.82272356623953],[-38.4658429881633,-3.82256678562863],[-38.4652719168654,-3.82359471342524],[-38.4631589561209,-3.82273810737771],[-38.4615028509757,-3.82513660377123],[-38.4629876352711,-3.82553635332],[-38.4621055127591,-3.82745811819758],[-38.4603186273027,-3.82707700889683],[-38.4603186273028,-3.82630368366801],[-38.4591883827376,-3.82564933155136],[-38.4590441377767,-3.82478386178576],[-38.4596964133588,-3.82466862355807],[-38.4592205209103,-3.82205121689011],[-38.4607195810438,-3.82117081568055],[-38.4605054299815,-3.82029041626965],[-38.4580476691646,-3.8212141710971],[-38.4570104765522,-3.81849154285039],[-38.4562728436168,-3.81882466792407],[-38.456558380165,-3.81972886339629],[-38.4553834204085,-3.82010186620812],[-38.4553217592917,-3.82053349132754],[-38.4541320290698,-3.82041451821538],[-38.4536561366214,-3.81904632832533],[-38.4541320290698,-3.81868940898898],[-38.4540130559577,-3.81726173164355],[-38.4550243274107,-3.81660738132552],[-38.4543699752941,-3.81547713676042],[-38.4535371644085,-3.81571508298464],[-38.4531207576168,-3.81428740563923],[-38.4507258450217,-3.81446073557443],[-38.4505354882222,-3.813366184202],[-38.4495837042246,-3.81353274673883],[-38.4486592686103,-3.81101564685457],[-38.4456254560499,-3.81113461996671],[-38.445744429162,-3.81256229731214],[-38.4462798081666,-3.8132166494288],[-38.4478859442809,-3.81333562164157],[-38.4479454299376,-3.81452535186344],[-38.4463392938233,-3.81470381243095],[-38.4474695383884,-3.8189868417693],[-38.4498489988322,-3.81868940898898],[-38.4500274593997,-3.81934376110565],[-38.4475885106012,-3.82041451821539],[-38.4476479980566,-3.8211878434442],[-38.4502059181685,-3.82047400477148],[-38.4505033509489,-3.82106887033206],[-38.4511577030655,-3.82106887033206],[-38.4515146224019,-3.82184219466148],[-38.4523474332874,-3.8216042493366],[-38.4528233248365,-3.82243706022213],[-38.4550243274107,-3.82344833077583],[-38.4551432996236,-3.82451908788556],[-38.4521689736192,-3.82564933155136],[-38.4519310273949,-3.82434062911671],[-38.4508602702852,-3.82469754755374],[-38.4502059181685,-3.82356730388789],[-38.4491351610588,-3.82380525011219],[-38.449670539164,-3.82558984589464],[-38.4506818097177,-3.82564933155136],[-38.4509792433973,-3.82666060300437],[-38.4529422979487,-3.82618471055588],[-38.4531802441729,-3.82677957611651],[-38.4547268937311,-3.82672008956043],[-38.4556537089514,-3.82853048869106],[-38.4576048672708,-3.82774526723024],[-38.4574037878545,-3.82600625178702],[-38.4586530046324,-3.82618471055588],[-38.4587719777446,-3.82725546856501],[-38.4599022223097,-3.82731495512104],[-38.4597832491975,-3.82802879289443],[-38.461709802965,-3.82832020021703],[-38.4580764267856,-3.83290316424957],[-38.4601530504229,-3.83419403762468],[-38.4595185796187,-3.83609744913793],[-38.459727972368,-3.83666852043582],[-38.4612317917138,-3.83653526968692],[-38.4624310403602,-3.83465073674205],[-38.4637064310069,-3.83495530834074],[-38.4647153228538,-3.83400352344381],[-38.466371427999,-3.83493627239102],[-38.4669424983975,-3.83364184489518],[-38.4657433189989,-3.83305653193339],[-38.4693265193034,-3.83039045395622],[-38.4690409827551,-3.82742088626487],[-38.4719534443959,-3.82684981586624],[-38.4736095486417,-3.8333029137984],[-38.4723531930454,-3.83433084069572],[-38.4754815126617,-3.83697253355553],[-38.4767504371829,-3.8360440527908],[-38.4778925779801,-3.83741462318625],[-38.4786920770776,-3.83707197968806],[-38.4783494353781,-3.83655801713872],[-38.4794344692253,-3.83570141109119],[-38.4804793969066,-3.8375190587575],[-38.479703237914,-3.83893079561966],[-38.4764481363723,-3.84075822161458],[-38.4770763128215,-3.84178614941123],[-38.4793796321643,-3.84342321860663],[-38.4790560246158,-3.84443210955419],[-38.4763644940261,-3.84588136883008],[-38.4756683818903,-3.84330751093285],[-38.4737648129957,-3.843426484045],[-38.4734078936593,-3.84247470004734],[-38.4725691922144,-3.84298182055455],[-38.4726409976839,-3.84089147236353],[-38.4714607849872,-3.83976836571748],[-38.4691483878877,-3.8408742962118],[-38.4684110256483,-3.83920294126269],[-38.4670428357582,-3.83950037314368],[-38.4657341324242,-3.84057113115273],[-38.4663884836416,-3.84199880669951],[-38.4680541063119,-3.84134445638153],[-38.4689464037535,-3.84259367315946],[-38.4678756466437,-3.84330751093286],[-38.4687679449846,-3.84515159327136],[-38.4682325659801,-3.84556799916379],[-38.4709169991202,-3.85023958059215],[-38.4730509752223,-3.85044589406271],[-38.4737053264396,-3.85223048984518],[-38.4734673802154,-3.85264689483831],[-38.4719802172132,-3.85264689483831],[-38.4718017584444,-3.85365816629128],[-38.4739389154486,-3.85411810296801],[-38.4743196281483,-3.85354703167013],[-38.4751048514077,-3.85395154043118],[-38.4761042239307,-3.8531663180711],[-38.4826324647164,-3.8544325284384],[-38.4832468896322,-3.8531220597352],[-38.486280703092,-3.8531220597352],[-38.486369932926,-3.85169438418844],[-38.4877083804374,-3.85157541107634],[-38.488542381126,-3.85173364499166],[-38.4888088799258,-3.85472819584954],[-38.4923780723901,-3.85431179085641],[-38.4925285496528,-3.85256951357212],[-38.4951739387262,-3.85220001901564],[-38.4957836188189,-3.85558097258376],[-38.4918838085908,-3.85677391698267],[-38.483431963814,-3.85557466923552],[-38.483489070764,-3.85648838223301],[-38.4829751073153,-3.85648838223301],[-38.4830579249832,-3.85796530015843],[-38.4833533711611,-3.85838823243092],[-38.4869225618267,-3.85939950298462],[-38.48686307617,-3.86100563999826],[-38.4883502391722,-3.8613030718792],[-38.4885881853964,-3.86427739788354],[-38.4900753483986,-3.86409893911469],[-38.4906702130599,-3.86528866933656],[-38.4923358357302,-3.86493175000022],[-38.4923358357302,-3.86451534500713],[-38.4935850534075,-3.86397996600262],[-38.4939419718445,-3.86433688533896],[-38.4972890812261,-3.86327431116047],[-38.4974118593698,-3.86591238964502],[-38.4963102060511,-3.86591238964502],[-38.4958343136026,-3.86531752498378],[-38.4914323111522,-3.86656674176169],[-38.4916107699211,-3.86870825688051],[-38.490302066587,-3.86983850144565],[-38.4907779590355,-3.87132566444781],[-38.4944066371565,-3.87073079888723],[-38.4951799623853,-3.87245590811364],[-38.4923246085938,-3.87340769301057],[-38.4924435817059,-3.87400255767189],[-38.4952989345981,-3.87370512489157],[-38.4955368808223,-3.87507331478161],[-38.492503068262,-3.87543023411799],[-38.4928005010423,-3.87685791056408],[-38.4995819648358,-3.87602509967856],[-38.5002363169524,-3.87727431735584],[-38.4946445833808,-3.87804764168527],[-38.4946445833808,-3.87905891223898],[-38.5039244807302,-3.87822610135346],[-38.5038649950734,-3.8774527761247],[-38.5032106429568,-3.87739328956862],[-38.5030321832886,-3.87519228789369],[-38.5018424530667,-3.87531126100585],[-38.5013693341274,-3.87288652599232],[-38.5080885378557,-3.87102823166756],[-38.5082669966246,-3.87156360977276],[-38.5098136470821,-3.87120669133573],[-38.5101110798624,-3.87275334089389],[-38.5113602966403,-3.87233693500151],[-38.5100515933063,-3.86823236533133],[-38.5111223513154,-3.86781595943892],[-38.5118361890888,-3.87013593422592],[-38.5127879730865,-3.86960055522138],[-38.512014648757,-3.86698314765409],[-38.5142751369879,-3.86603136275716],[-38.513382838647,-3.86347344264522],[-38.511036893238,-3.86433773879555],[-38.5100515933063,-3.86228371242334],[-38.5090998093087,-3.86234319897937],[-38.507396846787,-3.85880524986237],[-38.5073011238477,-3.85703506391701],[-38.509450704986,-3.85716714374867],[-38.5094209608086,-3.85633433286314],[-38.5150894317318,-3.85538416314858],[-38.5156545540144,-3.85696055598483],[-38.5150002018978,-3.85737696187726],[-38.5155950665591,-3.85898309799154],[-38.5218411531467,-3.85583031231902],[-38.5217221800345,-3.85499750143352],[-38.5261241815857,-3.85142830896923],[-38.5257672631486,-3.85059549808375],[-38.5273139127068,-3.84952474007465],[-38.5280277513796,-3.85011960473594],[-38.5300502933863,-3.84779963084822],[-38.5335005118391,-3.84524170983702],[-38.5331435916034,-3.84458735861968],[-38.5344522958367,-3.84381403429017],[-38.5338574311755,-3.84202943760842],[-38.532072835393,-3.83935254438439],[-38.5342534899066,-3.8372145312256],[-38.5343333227246,-3.83596181158828],[-38.5351661336101,-3.8352479738149],[-38.5344522958367,-3.83399875703696],[-38.5351066479534,-3.83370132515598],[-38.5325487269422,-3.83037007891597],[-38.5318348891687,-3.82864496968955],[-38.5383671589172,-3.82616267716578],[-38.5409347413452,-3.83585278138072],[-38.5456103823133,-3.83460356370348],[-38.544361164636,-3.82974946306724],[-38.5424694937721,-3.83010638330292],[-38.5416842714119,-3.82703687844913],[-38.542790720815,-3.82682272558828],[-38.5424610716211,-3.82515093716597],[-38.5447515090748,-3.82465593502332],[-38.5438396306944,-3.821279566199],[-38.5435974738443,-3.81834187677611],[-38.5442518259609,-3.81661676844909],[-38.5441923403042,-3.81501063143543],[-38.545263097414,-3.81393987432569],[-38.5454415570821,-3.81310706344016],[-38.5449656637343,-3.81179835920687],[-38.5495461267523,-3.80929992475166],[-38.5520445612075,-3.81209579198719],[-38.552877372093,-3.81167938609475],[-38.5532937779854,-3.81227425075604],[-38.5547463152902,-3.8158780689177],[-38.5540671032142,-3.81655728099368],[-38.5550188872118,-3.81982903977833],[-38.5540076157588,-3.82024544567071],[-38.5547214553309,-3.82244644734563],[-38.5488364987054,-3.82409922679784],[-38.5492127507678,-3.8256555143904],[-38.5507310456013,-3.82525696093995],[-38.5523419939878,-3.8305961010292],[-38.5471071788532,-3.83226172369955],[-38.5485943418553,-3.83690167327355],[-38.5495461267523,-3.83725859171058],[-38.5518066149832,-3.83678270016146],[-38.5525204527567,-3.83963805305364],[-38.5549594006558,-3.83910267404912],[-38.5574304876268,-3.8478893319271],[-38.5537853887846,-3.84829841733801],[-38.5540233350089,-3.84977368320887],[-38.5486457533988,-3.85148689440461],[-38.5491216449479,-3.8527242140512],[-38.5469801298291,-3.85353323067404],[-38.5474587903908,-3.85521802419244],[-38.5461215713534,-3.85582146029214],[-38.5468216423049,-3.85822240284159],[-38.5647309088043,-3.8501543959086],[-38.5631685408954,-3.84487286728894],[-38.5635254602317,-3.84332621683136],[-38.5663213265679,-3.84338570428681],[-38.5666187602475,-3.84445646139653],[-38.5756012248166,-3.84219597316558],[-38.5764935231575,-3.84564619161842],[-38.5742330349266,-3.84689540929566],[-38.5744114936954,-3.84760924706905],[-38.5768504415946,-3.84689540929566],[-38.5769694147067,-3.84754976141233],[-38.5776832533794,-3.84737130084483],[-38.5773858205991,-3.84606259841013],[-38.5814903911686,-3.84528927318138],[-38.5812524449443,-3.84421851517231],[-38.5835129331753,-3.84374262272382],[-38.5841077978366,-3.84499184040107],[-38.5833939600632,-3.84534875883811],[-38.5838103650563,-3.84671694872816],[-38.5852380424016,-3.846241057179],[-38.5856544482941,-3.84760924706905],[-38.5844052306169,-3.84802565296143],[-38.5844052306169,-3.84868000507811],[-38.5852975289578,-3.84868000507811],[-38.5856544482941,-3.84992922185605],[-38.5827396079465,-3.85070254618553],[-38.5820257701731,-3.84808513861822],[-38.5783970920521,-3.84903692441448],[-38.5780996592718,-3.84838257229786],[-38.5773858205991,-3.84862051762276],[-38.5788134970452,-3.85213022263162],[-38.574708927375,-3.85361738563382],[-38.5750063601553,-3.85468814364287],[-38.5763745500454,-3.85445019831798],[-38.5766124962696,-3.85575890075262],[-38.5718535735835,-3.85718657809806],[-38.5714371676911,-3.85629427975715],[-38.5702474383685,-3.85665119909352],[-38.5704258971374,-3.85760298309118],[-38.568700787911,-3.85807887643894],[-38.5688792475792,-3.85920912010478],[-38.5703069240253,-3.8588521998691],[-38.5706043568056,-3.86010141664702],[-38.5714371676911,-3.86016090410239],[-38.5719130601396,-3.86182652677276],[-38.5731027912607,-3.86152909399244],[-38.5735191971532,-3.86277831077037],[-38.5725079257002,-3.86313523010676],[-38.573697655922,-3.8658121242301],[-38.574649440819,-3.86551469055048],[-38.5744709811508,-3.86486033933312],[-38.5772668483863,-3.86402752844765],[-38.5771478752742,-3.86837004434205],[-38.5794083626058,-3.86878645023445],[-38.5795273357179,-3.86712082666476],[-38.5815498768253,-3.86729928723231],[-38.5813714180564,-3.86837004434205],[-38.5817878239489,-3.86961926111997],[-38.5810144987201,-3.87021412668053],[-38.5812524449443,-3.8708684778979],[-38.579943740711,-3.87182026279488],[-38.5803006600474,-3.87235564179942],[-38.5817878239489,-3.87140385690243],[-38.5820852558298,-3.87187974935093],[-38.5834534457199,-3.87098745190934],[-38.5849406087221,-3.87289101990462],[-38.5820257701731,-3.87616277868928],[-38.5836319062874,-3.87818532069593],[-38.5855949608387,-3.87931556526111],[-38.5864872591796,-3.8776499416914],[-38.5860113667311,-3.8768766182613],[-38.5865467457357,-3.87622226614462],[-38.5876175028454,-3.87723353669834],[-38.5890451801908,-3.87705507703015],[-38.5895805582961,-3.87872069970048],[-38.5904728557377,-3.87866121314442],[-38.5916031003028,-3.88026734925869],[-38.5962572097024,-3.87936122474072],[-38.5969710483752,-3.88196673517666],[-38.5996479406999,-3.88139566477805],[-38.602431910804,-3.88168120042702],[-38.6042731782645,-3.88093999538445],[-38.6057008547106,-3.88278407682362],[-38.6042312842463,-3.88501674542643],[-38.6025746790781,-3.88653530016393],[-38.6026817541596,-3.88814143717754],[-38.6009328497711,-3.88831989594639],[-38.6010756180453,-3.88889096724433],[-38.5989710533714,-3.88982367212475],[-38.5972020617257,-3.88330051790457],[-38.596190791172,-3.88371692379697],[-38.5963097642842,-3.88443076157035],[-38.595120033163,-3.88484716836205],[-38.5949415743941,-3.88407384313331],[-38.5941527538465,-3.88420906879346],[-38.5944656819456,-3.88538254556795],[-38.5930974920556,-3.8856799792476],[-38.5934544113919,-3.88710765569368],[-38.5950010600508,-3.88681022291343],[-38.5954174659432,-3.88865430525193],[-38.5918482752776,-3.88954660269349],[-38.5914318693853,-3.88764303379897],[-38.5884575433809,-3.88770252125431],[-38.588516329365,-3.88834917427494],[-38.5891118936989,-3.88829738591557],[-38.5894093273785,-3.88936814392464],[-38.5908964903807,-3.88913019770041],[-38.5916103290534,-3.89150965904351],[-38.5930380046002,-3.89109325315104],[-38.5933354382798,-3.89228298337292],[-38.5948820869387,-3.89186657837986],[-38.5953579802865,-3.893651173263],[-38.5965477096091,-3.89240195558575],[-38.5960718180599,-3.89097428003897],[-38.5975589810621,-3.89049838759049],[-38.5977969272863,-3.89115273880783],[-38.5982642815713,-3.89085533210783],[-38.5986128758835,-3.89146078538688],[-38.5995051742243,-3.8911038651512],[-38.5996122502051,-3.88999741574811],[-38.6002547042911,-3.88996172435407],[-38.6016951133388,-3.89200889609363],[-38.601060906036,-3.89289678595789],[-38.6030239605873,-3.89491932796454],[-38.6042136908092,-3.89420549019115],[-38.6049275303812,-3.89700135562801],[-38.6135530756139,-3.89414600273581],[-38.6160515100691,-3.89396754396695],[-38.6171222671788,-3.89587111196221],[-38.6180740520758,-3.89670392374706],[-38.6168248352978,-3.89854800608555],[-38.6153971579524,-3.90366384720876],[-38.6164084294054,-3.90419922621328],[-38.6155756176206,-3.90741149844183],[-38.6168248352978,-3.90729252532976],[-38.6177766192955,-3.90949352700461],[-38.6192637822976,-3.91014787822196],[-38.6202155671946,-3.91038582444617],[-38.6221896267498,-3.90975771364754],[-38.623192708077,-3.91441068630412],[-38.6209084255833,-3.91474381137772],[-38.6210987823828,-3.91802746729372],[-38.6183386083401,-3.92016898241259],[-38.6191000346388,-3.92116835493558],[-38.6214794959819,-3.91969308906477],[-38.6227644050532,-3.91778952106951],[-38.6249535086975,-3.91745639599583],[-38.625810114745,-3.91778952106951],[-38.6286654676372,-3.91640943314877],[-38.6280943981379,-3.91579077332545],[-38.6262860071934,-3.91645702257349],[-38.6239065458504,-3.91593354070028],[-38.6237161899502,-3.91398238328031],[-38.6240969026499,-3.91331613403231],[-38.6229964553221,-3.90937991475125],[-38.6238442453156,-3.90848225555163],[-38.6244391099769,-3.90562690176006],[-38.6215242696293,-3.90538895643516],[-38.6238442453156,-3.89462189518429],[-38.6247960293132,-3.89212346072909],[-38.6239362360684,-3.89159803182367],[-38.6252747366398,-3.89017587631561],[-38.6259262729791,-3.89045783895808],[-38.6312800603265,-3.88956554061719],[-38.6316964662189,-3.89027937928989],[-38.6336595207702,-3.89021989183447],[-38.6353846308959,-3.88974400028536],[-38.6352061712278,-3.88873272883234],[-38.636752820786,-3.88772145827864],[-38.6373476863466,-3.88807837761499],[-38.636752820786,-3.88992245995356],[-38.6388348493488,-3.89099321706328],[-38.6394297140101,-3.88950605406109],[-38.63806152412,-3.88885170194443],[-38.6387753627927,-3.88712659271801],[-38.6359794955572,-3.88444970039331],[-38.6346113056672,-3.88147537259033],[-38.6353846308959,-3.88117794070935],[-38.6349087384474,-3.88010718270027],[-38.6316964662189,-3.88099948104116],[-38.6319938989992,-3.8830815087046],[-38.6302687888735,-3.88367637516455],[-38.6265211376403,-3.88123742726545],[-38.6262237057593,-3.87951231803904],[-38.6271489633539,-3.8753812633346],[-38.6292575192191,-3.87606209868689],[-38.6299118704365,-3.87421801724765],[-38.6290790586516,-3.87386109791128],[-38.6308636553334,-3.86874525678816],[-38.6299713569925,-3.86832885089569],[-38.6300903301046,-3.86731758034201],[-38.6281272746539,-3.86606836266475],[-38.6284841939903,-3.86481914588683],[-38.6269970309882,-3.86422428122558],[-38.6262831923154,-3.86499760555502],[-38.6252719208624,-3.86356992910891],[-38.6261642192033,-3.86273711822338],[-38.6255098670866,-3.86136892833333],[-38.6203345403068,-3.86339147034005],[-38.6171222671789,-3.85655051909112],[-38.6147428058358,-3.85803768209331],[-38.6140884546185,-3.85684795187143],[-38.6153376722957,-3.85607462664269],[-38.6142074277306,-3.85363567874357],[-38.6158135638448,-3.85256492163376],[-38.6222975948581,-3.85066135273918],[-38.6200371066271,-3.84596191840774],[-38.6206319721877,-3.84566448472817],[-38.6192042957416,-3.84382040328894],[-38.6178955924076,-3.84102453605346],[-38.6152781848403,-3.84227375283138],[-38.6145048596115,-3.84066761671709],[-38.6126012916163,-3.84173837382684],[-38.6128987243966,-3.84286861839202],[-38.6106977227217,-3.84382040328894],[-38.6107572092777,-3.8444747554056],[-38.6084967210468,-3.84590243095239],[-38.6087941538271,-3.84655678306905],[-38.6080208285983,-3.84709216207359],[-38.6090706072227,-3.84984401199154],[-38.6078423698295,-3.85018546119005],[-38.6089131269392,-3.85167262419221],[-38.6099243983922,-3.8512562182998],[-38.6118279672868,-3.85446849142766],[-38.611352073939,-3.85494438297685],[-38.6141479411745,-3.8586325476539],[-38.6120064260557,-3.85970330476369],[-38.611054642058,-3.8606550887613],[-38.6118874529436,-3.86178533332645],[-38.6109995289051,-3.86239572838013],[-38.6075195671742,-3.86067061915373],[-38.6069441485536,-3.85907221900767],[-38.6089131269392,-3.85821614176148],[-38.6083182622779,-3.85577719386236],[-38.6092105597195,-3.85518232920108],[-38.6088536403831,-3.85429003086018],[-38.6082587748226,-3.85446849142766],[-38.6080208285983,-3.85363567874357],[-38.6065931521522,-3.85393311242314],[-38.606355205928,-3.85256492163376],[-38.6015367975851,-3.85393311242314],[-38.6011203916927,-3.85250543597703],[-38.6055223950424,-3.85095878641882],[-38.604094717697,-3.84721113518572],[-38.605046502594,-3.84655678306905],[-38.6041542051524,-3.84495064695477],[-38.6020126900336,-3.84619986373271],[-38.6014178253723,-3.84489116039869],[-38.6020126900336,-3.84465321417447],[-38.6017152572532,-3.84382040328894],[-38.6029644740312,-3.84322553772836],[-38.601477311029,-3.84078658982924],[-38.600109121139,-3.8408460772846],[-38.5991573371414,-3.83935891338309],[-38.5974917135717,-3.83799072259372],[-38.5969563345671,-3.8381691831612],[-38.5952312262401,-3.83501639658937],[-38.5914835750069,-3.83067388069497],[-38.5930897111212,-3.82948414957378],[-38.5919594665561,-3.82752109502247],[-38.592554333016,-3.82686674290581],[-38.5914240893502,-3.8250226605673],[-38.592851764897,-3.82430882279392],[-38.5942794422424,-3.82674776979373],[-38.5927922792403,-3.82787801435882],[-38.5936250901258,-3.82882979925581],[-38.6012393648048,-3.82418984968179],[-38.6006445001435,-3.82288114634776],[-38.6000496345829,-3.82305960601593],[-38.5996332286905,-3.82198884800687],[-38.6011203916927,-3.82091809089714],[-38.6007039858002,-3.81978784723134],[-38.6020126900336,-3.81907400765926],[-38.6030239605873,-3.82026373878045],[-38.6017747438094,-3.82115603712136],[-38.6022506362578,-3.82264320012355],[-38.6042136908092,-3.82192936235015],[-38.6057603412667,-3.82490368835449],[-38.6043921513767,-3.82567701268398],[-38.6046895841569,-3.82680725724907],[-38.6036188261478,-3.82722366224214],[-38.6040352320403,-3.82829442025128],[-38.6032024211548,-3.82894877236788],[-38.603440367379,-3.82960312268592],[-38.6049275303812,-3.82900825802465],[-38.6058198278227,-3.83073336725106],[-38.6043326648206,-3.83162566469264],[-38.6046895841569,-3.83257744958957],[-38.6074854495938,-3.83156617903588],[-38.6078423698295,-3.83233950336536],[-38.6064146933833,-3.83329128826229],[-38.6073069908249,-3.83567074870603],[-38.609607789368,-3.83489144568363],[-38.6090602677171,-3.83336111162596],[-38.6111161224111,-3.83250450557842],[-38.6115158719598,-3.83330400467607],[-38.6124295849573,-3.83290425602655],[-38.6122582641075,-3.83193343607919],[-38.6129582109526,-3.8313877193677],[-38.6128293336069,-3.83061997263361],[-38.6110590145618,-3.83136236478129],[-38.6104879450626,-3.82947783183642],[-38.6136840753598,-3.82781584422577],[-38.6128392378405,-3.82591495890819],[-38.61361256217,-3.82555803957183],[-38.6121253991678,-3.82252422701141],[-38.6130771840648,-3.82192936235015],[-38.611352073939,-3.81847914299802],[-38.6071285311567,-3.81449354643996],[-38.6061172597038,-3.81455303209668],[-38.6043921513767,-3.81348227498696],[-38.6022506362578,-3.81473149176488],[-38.6017152572532,-3.81401765399148],[-38.6007039858002,-3.81401765399147],[-38.600109121139,-3.81217357075366],[-38.6008229598117,-3.81151922043564],[-38.604094717697,-3.81211408509688],[-38.6054034219303,-3.81145973298028],[-38.6042731782645,-3.80997256997807],[-38.6059834513752,-3.80885301385548],[-38.6072215255529,-3.81011824036442],[-38.6065336655961,-3.81062692209476],[-38.6068310992758,-3.81134075986814],[-38.6050465025939,-3.81241151787719],[-38.6052249622621,-3.81282792287027],[-38.6058198278227,-3.81258997664607],[-38.6069500723879,-3.81389868087939],[-38.6087941538271,-3.81288741032568],[-38.609686452168,-3.81366073465512],[-38.6088536403831,-3.81467200610814],[-38.6104002899414,-3.81651608844669],[-38.6112331008269,-3.81645660099129],[-38.612363345392,-3.81538584388154],[-38.6114323258411,-3.81442138124169],[-38.6129631680158,-3.8135863760104],[-38.6133200873521,-3.81388380879071],[-38.6141528982377,-3.81352689035369],[-38.6146882772422,-3.81406226935821],[-38.6153426293588,-3.81346740289826],[-38.6151046831346,-3.81233715923249],[-38.6144503310179,-3.81156383490298],[-38.6133795739082,-3.81180178112726],[-38.6125467621233,-3.81102845589847],[-38.6115354906703,-3.81156383490298],[-38.6107026797848,-3.8107310231182],[-38.6116544637824,-3.8100171853448],[-38.6117139512378,-3.8089464273357],[-38.6101673007803,-3.80954129289633],[-38.6095129486636,-3.80894642733569],[-38.6150451956792,-3.80454442488526],[-38.6147176733819,-3.8040680279171],[-38.6159969805761,-3.80311674843915],[-38.616829792361,-3.80430647866104],[-38.6180195225828,-3.80311674843915],[-38.6177220898026,-3.80246239632248],[-38.6167703049056,-3.80275982910281],[-38.6165918461368,-3.80180804420581],[-38.6173056839102,-3.80157009798161],[-38.6170082520292,-3.80067779964071],[-38.6148667369104,-3.8009752333203],[-38.614509817574,-3.79996396186732],[-38.6133795739081,-3.80026139464758],[-38.6134985470203,-3.80109420643244],[-38.6130821411278,-3.80115369298854],[-38.6132605998967,-3.80174855764978],[-38.6138554663566,-3.80174855764978],[-38.6139149520134,-3.8022839366543],[-38.6146882772422,-3.80222445009828],[-38.6149857100224,-3.80299777532701],[-38.6141503666461,-3.80357998382916],[-38.6114760050136,-3.80389007276857],[-38.6101078151235,-3.80157009798161],[-38.6122493302424,-3.80038036775972],[-38.6128441949036,-3.79823885264092],[-38.61456930413,-3.79877423164543],[-38.619506685585,-3.79907166442575],[-38.6201015511456,-3.79996396186732],[-38.618435927576,-3.80174855764978],[-38.6201610368024,-3.80394955932469],[-38.6222430662645,-3.80281931475952],[-38.6213507679236,-3.80145112486945],[-38.6228974183811,-3.80103471987639],[-38.6237897149234,-3.80454442488526],[-38.6214102535803,-3.80621004665631],[-38.6225999847015,-3.8081136155509],[-38.6231948502621,-3.80793515678204],[-38.6253363653809,-3.81055256434935],[-38.6237302292666,-3.81186126678397],[-38.6217076872599,-3.80936283322815],[-38.6207559032623,-3.80906540134716],[-38.6201610368024,-3.80775669711387],[-38.6192092528047,-3.80716183155323],[-38.6173056839102,-3.80841104923047],[-38.6187928469123,-3.81126640212274],[-38.6173651713655,-3.81198023989613],[-38.6177815763586,-3.81293202479306],[-38.6164728730246,-3.81340791724153],[-38.6159374940201,-3.81453816090739],[-38.6162349268004,-3.8157278911292],[-38.6149262225671,-3.81638224324588],[-38.6143313579058,-3.81560891801711],[-38.613277738277,-3.81630726316962],[-38.6138964565562,-3.81693955041989],[-38.6131416267846,-3.81757197436707],[-38.6126657352355,-3.81715556757537],[-38.6121898427869,-3.8176909465799],[-38.6127252217915,-3.81935656925021],[-38.6134390595649,-3.82001092136688],[-38.6132605998967,-3.82060578602819],[-38.6136770057892,-3.82114116503272],[-38.6167755137789,-3.81988174544616],[-38.6174859943831,-3.82060780590547],[-38.6143313579058,-3.82250935492279],[-38.6146287906861,-3.82298524737121],[-38.6174246570222,-3.82167654403725],[-38.6184359275759,-3.82262832803485],[-38.6161159536883,-3.8241749775931],[-38.6163538999125,-3.82482932970977],[-38.6171272251413,-3.82482932970977],[-38.6180195225828,-3.82548368092712],[-38.6205226856733,-3.82425750118268],[-38.6225310993307,-3.82607332592324],[-38.6206530019344,-3.8266367556817],[-38.620995643634,-3.82732203998012],[-38.6195108611373,-3.82777889737817],[-38.6195679680872,-3.8282928599275],[-38.6211098593325,-3.82823575297754],[-38.6217380357817,-3.82874971732554],[-38.6244220678241,-3.82760757562909],[-38.6257355312697,-3.82897814512525],[-38.6241365330745,-3.82909235902509],[-38.6239412300037,-3.82960014682926],[-38.6259895267952,-3.8300894877396],[-38.6274172032413,-3.836050037779],[-38.6312005458685,-3.83547896827969],[-38.6316474091006,-3.83503852890493],[-38.6290233393556,-3.83176700844064],[-38.6268461328427,-3.82987533667739],[-38.6276771711644,-3.82892103817533],[-38.6275629572646,-3.82834996687741],[-38.6263274614431,-3.82754983285843],[-38.6289859896117,-3.82695115597101],[-38.6298188022959,-3.82814088709221],[-38.6337449122978,-3.82540450731211],[-38.6336854257418,-3.82344145096217],[-38.634934643419,-3.8191584216238],[-38.6381469147483,-3.81416155271343],[-38.6378494828673,-3.81172260571363],[-38.6364812920779,-3.8131502830591],[-38.6357674543045,-3.81154414604543],[-38.6370166710824,-3.80970006370695],[-38.6370761576385,-3.80821290070475],[-38.6345182366273,-3.80868879315324],[-38.6341613181903,-3.80708265703898],[-38.6355295080803,-3.80660676459048],[-38.6355295080803,-3.80595241337312],[-38.6366002660894,-3.8056549796935],[-38.6364812920779,-3.8049411419201],[-38.6346966971948,-3.80506011503224],[-38.6343992644145,-3.80404884357923],[-38.6308300728496,-3.80476268225192],[-38.6306516131814,-3.8039893579225],[-38.6341018307348,-3.80279962680129],[-38.6340423450781,-3.80119349068702],[-38.6319603174147,-3.80172886969156],[-38.6317223702911,-3.80053913857036],[-38.6296403417283,-3.80101503101885],[-38.6292239358359,-3.79887351589998],[-38.6311275047305,-3.79869505713111],[-38.631305965298,-3.79923043613565],[-38.6327931283002,-3.79893300335538],[-38.6326146677327,-3.79744584035319],[-38.63386388541,-3.79696994790471],[-38.6337449122978,-3.79607764956383],[-38.6344587509706,-3.79583970423893],[-38.6336854257418,-3.79238948488678],[-38.6276177997216,-3.79286537733527],[-38.6274393409528,-3.79185410678157],[-38.6304731526138,-3.79161615965802],[-38.6305326400692,-3.79054540344755],[-38.6296403417283,-3.79054540344755],[-38.6294023964034,-3.78959361855062],[-38.6306516131814,-3.78905824044541],[-38.6308895594056,-3.78971259166276],[-38.6324362089638,-3.7894746463378],[-38.6310085316184,-3.78382342621011],[-38.627974719058,-3.78459674964024],[-38.6276177997216,-3.78269318164497],[-38.6286290711747,-3.78215780264044],[-38.6275583140649,-3.77757733962251],[-38.6300567476207,-3.77757733962251],[-38.6312464778426,-3.78037320685798],[-38.6342802913023,-3.77858861107554],[-38.6323767224077,-3.77501942040988],[-38.6302352072889,-3.77626863718781],[-38.6297593148404,-3.77549531195906],[-38.6301162341768,-3.7748409598424],[-38.6298782879526,-3.77442455484931],[-38.6286885577307,-3.77525736573478],[-38.6282126652822,-3.77418660862504],[-38.6307705862935,-3.77234252628655],[-38.631662883735,-3.77382968928869],[-38.6327336408448,-3.77246149939863],[-38.6347561828515,-3.77174766072592],[-38.6355889946364,-3.77210458006226],[-38.6383253753158,-3.77067690361617],[-38.6363623189658,-3.76794052293672],[-38.6369571854257,-3.7677025767125],[-38.6382658878604,-3.7676430910558],[-38.6386228071967,-3.76847590194127],[-38.640169456755,-3.76835692882919],[-38.6408832954277,-3.76936820028215],[-38.6424894324413,-3.76871384816553],[-38.6423109718738,-3.76728617171938],[-38.6430248096472,-3.76698873893913],[-38.6429058374344,-3.76556106159366],[-38.6422514853177,-3.76556106159366],[-38.6419540534368,-3.76246776337655],[-38.6400504836429,-3.76270570870145],[-38.6372546173067,-3.76377646671052],[-38.6353510493115,-3.76579900871724],[-38.6334474804168,-3.76609644059823],[-38.6317818568472,-3.76579900871724],[-38.6283316392936,-3.7677025767125],[-38.6286290711747,-3.76841641628454],[-38.6273798543967,-3.76895179438976],[-38.6272608812846,-3.76669130615881],[-38.6277367728338,-3.7661559280536],[-38.630294693845,-3.76508517004453],[-38.6381469147483,-3.75889857181159],[-38.6377899963113,-3.7577088406904],[-38.6408238088716,-3.75497246091032],[-38.6389797274325,-3.75384221724448],[-38.6363623189658,-3.75574578613909],[-38.6353510493115,-3.75467502813002],[-38.6330310736251,-3.75610270457612],[-38.6317818568472,-3.7539017029012],[-38.6322577492957,-3.75366375667699],[-38.6308895594056,-3.75164121556959],[-38.6296403417284,-3.75247402735444],[-38.6291644501792,-3.75164121556959],[-38.6308300728496,-3.75086789124014],[-38.6298782879526,-3.74890483489019],[-38.6279152334013,-3.74949970135009],[-38.627677287177,-3.74860740300921],[-38.6250598796097,-3.74926175512587],[-38.6248219342848,-3.74830997022891],[-38.6261306367194,-3.74777459122437],[-38.6262496098316,-3.74682280722675],[-38.6274393409528,-3.74640640133429],[-38.6277367728338,-3.7473581862313],[-38.6292834232914,-3.74682280722675],[-38.627677287177,-3.74212337199601],[-38.6250598796097,-3.74140953332323],[-38.622680419166,-3.73956545098475],[-38.6199440393859,-3.7367100980925],[-38.6191707141571,-3.73510396197823],[-38.6181594427041,-3.73444960986155],[-38.618099956148,-3.73373577118884],[-38.616791252814,-3.73337885185248],[-38.615423062924,-3.73718598964168],[-38.6139953855786,-3.73700752997348],[-38.6139953855786,-3.73617471908797],[-38.6112590057984,-3.73605574597588],[-38.6109020873614,-3.73718598964168],[-38.6104261940136,-3.73712650308562],[-38.6098908159084,-3.73926801820443],[-38.6079872470138,-3.73903007198021],[-38.6080467326705,-3.73855418043104],[-38.6057267587829,-3.73795931487048],[-38.6052508672337,-3.74069569465054],[-38.6034662705519,-3.74033877621349],[-38.6039421630004,-3.7372454761977],[-38.6038231898883,-3.73611523163261],[-38.6032878108837,-3.73599625941977],[-38.6026496411679,-3.74110161984385],[-38.6011315747624,-3.74080643986525],[-38.6012981372992,-3.74004501266718],[-38.6004415312516,-3.73971188759351],[-38.6002511753514,-3.74059228880305],[-38.5989291359708,-3.74047905606352],[-38.5991832412136,-3.73920853164841],[-38.5983504303281,-3.73908955943558],[-38.598588375653,-3.73807828798256],[-38.5994211874378,-3.73813777363929],[-38.5997186202181,-3.73700752997348],[-38.6017411622248,-3.73736444930984],[-38.6019196209937,-3.73676958374926],[-38.6010658280255,-3.73591519273192],[-38.6008488638839,-3.73409269142451],[-38.6030498646595,-3.73272450063512],[-38.6055482991147,-3.72838198384142],[-38.6057862462382,-3.72754917295595],[-38.6053103528904,-3.72540765783709],[-38.6062026512313,-3.72225487216458],[-38.605845731895,-3.72130308816698],[-38.6090580041235,-3.71957797804124],[-38.6095933831281,-3.71826927470721],[-38.609533896572,-3.71713903104144],[-38.6086415991305,-3.7155328949271],[-38.6092364637917,-3.71481905625439],[-38.6086415991305,-3.71345086636434],[-38.6101882477894,-3.71303446137125],[-38.6098908159084,-3.70952475636238],[-38.609474410016,-3.70952475636238],[-38.6096528696842,-3.71261805457948],[-38.6090580041235,-3.71273702769163],[-38.6088200578993,-3.71226113614245],[-38.608225193238,-3.7123801092546],[-38.6083441663501,-3.71083345879703],[-38.6057862462382,-3.70988167479943],[-38.6050129210095,-3.71071448568495],[-38.6041206226686,-3.70982218824332],[-38.6035257580073,-3.70744272690031],[-38.6026334596664,-3.70708580756395],[-38.6013247563324,-3.70928681013811],[-38.6007298907718,-3.70958424201911],[-38.5931156160927,-3.70375456312251],[-38.5934725354291,-3.70292175133774],[-38.59240177742,-3.70196996734008],[-38.5914499934224,-3.70220791266502],[-38.5899628304202,-3.70173202111585],[-38.588654126187,-3.70054228999465],[-38.5869851856564,-3.6968215680698306],[-38.552959245712806,-3.7201525947049983],[-38.501347997551115,-3.755541577567215],[-38.5020007310488,-3.75655034662118],[-38.5028335419344,-3.75631240129623],[-38.5025361100534,-3.75559856262351],[-38.5032499478267,-3.75458729206982],[-38.5042017318244,-3.75524164418647],[-38.5045586511608,-3.75643137440835],[-38.5044991646047,-3.75988159286117],[-38.5053914629456,-3.76130926930728],[-38.5071165721721,-3.76208259363678],[-38.5077114368333,-3.76416462219954],[-38.5086632217303,-3.76434308186771],[-38.5088416813985,-3.76696048943502],[-38.5105667897256,-3.76993481543936],[-38.512053953627,-3.77772754978658],[-38.5116970342906,-3.7799880380175],[-38.5121729267391,-3.7826054446855],[-38.5126488191876,-3.78325979680217],[-38.5140758058538,-3.78225655359705],[-38.5144915750261,-3.78362187824707],[-38.5153263491316,-3.78338820110457],[-38.5155035353598,-3.78469231879542],[-38.5167540552554,-3.78463740978856],[-38.5170501561398,-3.78671486889603],[-38.5147891256176,-3.78660023141549],[-38.5144360337959,-3.78790484733077],[-38.5152060504188,-3.78897807307953],[-38.5153837375694,-3.7915348033884],[-38.5139594380775,-3.79575956475208],[-38.5153262933737,-3.80105101739049],[-38.5164552932771,-3.80171019616858],[-38.5167327350276,-3.80275528123123],[-38.5158100692792,-3.8029212996782],[-38.514909858703,-3.80908177260569],[-38.513362656961,-3.80872716812429],[-38.5087811732125,-3.80979577675367],[-38.5083683313334,-3.80795563344566],[-38.5105644272065,-3.80575312001043],[-38.5118753060006,-3.80628584781358],[-38.5119384563946,-3.80155881238927],[-38.5115254166646,-3.80131550800424],[-38.5115250866134,-3.79988937929137],[-38.5118807990596,-3.79691859211932],[-38.5092641882916,-3.79601982135763],[-38.5095008889548,-3.79352780086727],[-38.5118824798925,-3.79280994222501],[-38.5125929568994,-3.79108820006036],[-38.5117028250253,-3.79090384803415],[-38.5118227730025,-3.78882715514903],[-38.512593204213,-3.78769466137947],[-38.5127133050749,-3.78585406211522],[-38.5118207504273,-3.78543298514409],[-38.5116428528353,-3.78394099458121],[-38.5108100419498,-3.78352458958806],[-38.5100367167211,-3.78108564168895],[-38.5089064730552,-3.7800743711353],[-38.5074193100531,-3.7800743711353],[-38.5068244453918,-3.77739747791123],[-38.5079546890576,-3.77704055767556],[-38.5074193100531,-3.77460161067576],[-38.5043854965933,-3.77507750312424],[-38.504682930273,-3.77614826113331],[-38.5041475512684,-3.77626723424544],[-38.5048019033851,-3.77870618124524],[-38.5041475512684,-3.77894412657015],[-38.5041475512684,-3.77959847868682],[-38.5032552529275,-3.77965796614216],[-38.5027198748223,-3.77870618124524],[-38.5015301437011,-3.77912258713763],[-38.5011732252641,-3.7781708022407],[-38.5023034689299,-3.77763542413551],[-38.5019465495935,-3.77394725855907],[-38.5028388479345,-3.77335239389784],[-38.5027198748223,-3.77275752923652],[-38.5049803630533,-3.77240060900083],[-38.5046234428176,-3.77073498722984],[-38.5023034689299,-3.77055652666236],[-38.4991506832574,-3.77168677122746],[-38.4979609530355,-3.7679986065504],[-38.4981394118043,-3.76722528222098],[-38.4976040327998,-3.76722528222098],[-38.4958789235734,-3.76407249564909],[-38.4952840589121,-3.76460787465362],[-38.4964143025779,-3.76692784944067],[-38.4949866261318,-3.76782014688224],[-38.4942727883585,-3.76698733599671],[-38.4929045975691,-3.76782014688224],[-38.4922502463518,-3.76728476787771],[-38.4892759203474,-3.76895039144734],[-38.4885025951186,-3.76877193087985],[-38.486539539668,-3.76954525610865],[-38.4867179993362,-3.77091344599872],[-38.4848739169976,-3.77115139222294],[-38.4846954573294,-3.77073498722984],[-38.482672916222,-3.77055652666236],[-38.48260920825573,-3.768390456771907],[-38.47184656883593,-3.7757702213686923],[-38.4723222599643,-3.77698107201884],[-38.4751181271998,-3.77692158456341],[-38.4775570741996,-3.77781388290432],[-38.477973480092,-3.77900361402551],[-38.480293454879,-3.77930104590651],[-38.480293454879,-3.78078820890869],[-38.4829108624463,-3.78114512914436],[-38.4830893212152,-3.78221588625411],[-38.4810667792084,-3.78221588625411],[-38.4806503742154,-3.78287023837078],[-38.4750586397444,-3.7826322921465],[-38.4751181271998,-3.78388150892442],[-38.4854687816589,-3.78465483415324],[-38.4854092960022,-3.7853091853706],[-38.4848144304416,-3.78542815758334],[-38.4849334035537,-3.78614199715543],[-38.4857662153385,-3.78632045592424],[-38.4857662153385,-3.78739121393334],[-38.4817806178811,-3.78739121393334],[-38.4817806178811,-3.78590405093117],[-38.4776760473117,-3.78578507781902],[-38.4773786154307,-3.78673686181669],[-38.4760699111974,-3.78667737526065],[-38.4760699111974,-3.78745069959008],[-38.4744042894264,-3.78733172737725],[-38.4744042894264,-3.78661788870455],[-38.4728576389688,-3.78649891559246],[-38.4727981524127,-3.78798607859462],[-38.4712515028545,-3.78780761892643],[-38.4716084221909,-3.78447637358573],[-38.4711325297424,-3.78429791391757],[-38.4661356617313,-3.78655840214851],[-38.465838228951,-3.78388150892442],[-38.4655407961708,-3.78388150892442],[-38.4639941466125,-3.78840248538638],[-38.4623285239422,-3.78798607859462],[-38.4624474970543,-3.78429791391757],[-38.4631613348277,-3.78429791391757],[-38.463220822283,-3.78370304925626],[-38.4624474970543,-3.78275126525866],[-38.461732026217426,-3.7827055966625394],[-38.45687706365451,-3.7860345645339897],[-38.4580454937045,-3.78620148281215],[-38.4579860080478,-3.78774813326972]],[[-38.5743751880644,-3.74104790333804],[-38.5737739930753,-3.74289833129292],[-38.5746996077007,-3.74318957314022],[-38.5745936306915,-3.74397063073996],[-38.5735570370276,-3.7445078326703],[-38.572055725891,-3.74418737724562],[-38.5720208600746,-3.7455409936219],[-38.5708788865513,-3.7460446058738],[-38.5709838374341,-3.74657733727424],[-38.5697377763772,-3.74825424193967],[-38.5685582651518,-3.74857528372237],[-38.5678810936375,-3.74679392729787],[-38.5671335447772,-3.74646675663547],[-38.5683821698012,-3.74276012527953],[-38.570164082906,-3.74136609157184],[-38.5715247625577,-3.74108239683512],[-38.5729862103453,-3.73997350667196],[-38.5743751880644,-3.74104790333804]],[[-38.5692057482467,-3.77101027870135],[-38.5678869653112,-3.7715596511569],[-38.5667647139203,-3.77390215665919],[-38.5660883329102,-3.77409778528455],[-38.5649020039243,-3.77326019809959],[-38.5643579131871,-3.77220196225074],[-38.5633624104468,-3.7718791110321],[-38.5635187620812,-3.77114144662039],[-38.5626866283852,-3.76937412321718],[-38.5633894000007,-3.76815639260339],[-38.5624585171468,-3.76770258120912],[-38.5622026672192,-3.76667833163965],[-38.566863562903,-3.76471708292702],[-38.5693975106865,-3.76716018209668],[-38.5688874323091,-3.76786702674184],[-38.5693017517744,-3.76882895059555],[-38.5692057482467,-3.77101027870135]],[[-38.4904002275884,-3.81209225585287],[-38.489216432892,-3.81082890532969],[-38.4895733522284,-3.80957968765238],[-38.4883241345511,-3.80922276921537],[-38.4884431085626,-3.80833047087449],[-38.489216432892,-3.8079735506388],[-38.4889784866678,-3.80749765908963],[-38.4875508111209,-3.8079735506388],[-38.487907729558,-3.80928225487213],[-38.487550811121,-3.80999609264552],[-38.4885025951186,-3.81154274310309],[-38.4881456757823,-3.81201863465225],[-38.4908820555624,-3.81457655566346],[-38.488919001011,-3.81523090778012],[-38.4890379741232,-3.81582577334075],[-38.4911200017866,-3.81594474555351],[-38.4910010286745,-3.81671807078232],[-38.4889784866678,-3.81671807078232],[-38.4883836220065,-3.81749139601108],[-38.4888595135557,-3.82159596568124],[-38.490168217789,-3.82153647912514],[-38.4902871909011,-3.82242877656672],[-38.4889784866678,-3.82254774967884],[-38.4890974597799,-3.82355902113187],[-38.487848243002,-3.82367799424401],[-38.4869559446611,-3.82213134378645],[-38.483922133,-3.82219083124183],[-38.4838031598879,-3.82165545223729],[-38.4864800531119,-3.82046572201542],[-38.486301594343,-3.81701550266326],[-38.4846359707734,-3.81743190855572],[-38.4843385379931,-3.81493347499981],[-38.4858851875513,-3.81392220444617],[-38.4868369724483,-3.8125540136568],[-38.4871344052286,-3.81112633721063],[-38.4851713497779,-3.81035301198188],[-38.4848144304416,-3.81112633721063],[-38.4833272674394,-3.81065044476218],[-38.4822565103296,-3.81118582376673],[-38.4811857523206,-3.80761663220176],[-38.4790370857928,-3.80709286524347],[-38.4791632112132,-3.80618895575567],[-38.4804124279911,-3.80618895575567],[-38.4806503742154,-3.80672433386088],[-38.482672916222,-3.80624844231171],[-38.4834462396522,-3.80940122798421],[-38.4851118632218,-3.80856841709876],[-38.4845169976612,-3.80630792886781],[-38.4832082943273,-3.80666484820416],[-38.4830893212152,-3.80583203731863],[-38.4823754834418,-3.80559409019509],[-38.481661644769,-3.80279822385888],[-38.4835652127643,-3.80267925074681],[-38.4845169976613,-3.80434487341711],[-38.4857662153385,-3.8045233330853],[-38.486301594343,-3.80505871208981],[-38.4864800531119,-3.80618895575567],[-38.4874913236656,-3.80583203731863],[-38.4876102967777,-3.80630792886781],[-38.4895733522284,-3.80547511708295],[-38.4892759203474,-3.80446384742856],[-38.4903466765578,-3.80410692719291],[-38.4902871909011,-3.80369052219983],[-38.4923692185645,-3.80327411630738],[-38.4933804900175,-3.80636741542386],[-38.4909415430177,-3.80690279442836],[-38.4903466765578,-3.80868739021082],[-38.4912984623541,-3.8093417423275],[-38.4912679771354,-3.81128040456697],[-38.4904002275884,-3.81209225585287]],[[-38.527612260997,-3.82169438119069],[-38.5286207994103,-3.82638790607696],[-38.526959345997,-3.82698612161215],[-38.5292161110347,-3.82901193984914],[-38.5272561807281,-3.82947452862654],[-38.5258261129847,-3.82912570768521],[-38.5256489267565,-3.82782158909504],[-38.5238622661306,-3.82752376780758],[-38.5236866627093,-3.82805533998193],[-38.5220785525831,-3.82781698096887],[-38.5217822115798,-3.8252636932648],[-38.5210670859772,-3.82514014260346],[-38.5208306236343,-3.82365750139252],[-38.5235047739261,-3.82252370810262],[-38.527612260997,-3.82169438119069]],[[-38.498683126625,-3.83193974572265],[-38.4984582673351,-3.83226097276566],[-38.496948498974,-3.83210035924413],[-38.4961454313665,-3.83129729073732],[-38.4954387306129,-3.82936992758005],[-38.4935434912391,-3.8275068101911],[-38.4934471225866,-3.82660737393111],[-38.4938968411662,-3.8258364283085],[-38.496241800019,-3.82455151923718],[-38.497205481148,-3.82532246485984],[-38.4978479361333,-3.82667161880011],[-38.4989401078996,-3.82728195090123],[-38.4990685994362,-3.82805289562458],[-38.498683126625,-3.83193974572265]],[[-38.4895636449462,-3.84954358896539],[-38.4894637077838,-3.84857276901801],[-38.4886784863231,-3.84860132159366],[-38.4885715991999,-3.84797942870762],[-38.4874294584027,-3.84769389395798],[-38.4870868158039,-3.84529539666518],[-38.4846312115611,-3.84552382626352],[-38.4846312115611,-3.84866471390537],[-38.4829180003654,-3.84860760695545],[-38.4821756082177,-3.84598068186297],[-38.4810905743704,-3.84546671931362],[-38.4836032846638,-3.84306822202082],[-38.4874294584027,-3.84204029512348],[-38.486972601904,-3.83929915613113],[-38.488286063551,-3.83918494223128],[-38.4916553807911,-3.84323954287056],[-38.4924108616719,-3.84554719244891],[-38.4919021799416,-3.84735186739471],[-38.492645760993,-3.84946363923554],[-38.4895636449462,-3.84954358896539]],[[-38.5170804201252,-3.85660923133095],[-38.5151455970916,-3.85225455390451],[-38.5192849939073,-3.85078269466556],[-38.5211241182834,-3.85494221830868],[-38.5170804201252,-3.85660923133095]],[[-38.4823886980799,-3.79899661869895],[-38.4843113020249,-3.79873011989908],[-38.4841590171249,-3.79616030175647],[-38.4879471189643,-3.79629355160609],[-38.4886324041621,-3.80078597369369],[-38.4831310902276,-3.80145222294171],[-38.4823886980799,-3.79899661869895]]],[[[-38.4923692185645,-3.76472684776575],[-38.4920123001275,-3.76383455032419],[-38.4949866261318,-3.76210944109779],[-38.49427827859703,-3.7603891674205525],[-38.489642030569655,-3.763568166337062],[-38.4910010286745,-3.76532171332639],[-38.4923692185645,-3.76472684776575]]],[[[-38.4864800531119,-3.76841501244281],[-38.4867179993362,-3.76728476787771],[-38.4883836220065,-3.76734425533306],[-38.4886215682308,-3.76567863176342],[-38.4881456757823,-3.76538119898312],[-38.48830367824625,-3.7644858524834683],[-38.484076291500315,-3.7673845019529604],[-38.4839816186567,-3.76823655277463],[-38.4864800531119,-3.76841501244281]]]]}},{"type":"Feature","properties":{"id":"397","municipality":"2304400","density":"Densa","type":"Área urbanizada","state":"CE"},"geometry":{"type":"Polygon","coordinates":[[[-38.6044944429642,-3.98588946982311],[-38.6054462269617,-3.98588946982311],[-38.6050893076254,-3.98684125472012],[-38.6054462269618,-3.98696022783219],[-38.6063980109594,-3.98535409171791],[-38.6099077159683,-3.98279617070666],[-38.6096102840873,-3.98226079170212],[-38.6077662017487,-3.98243925226962],[-38.6051487941814,-3.98124952114843],[-38.6047355422115,-3.98198066007934],[-38.6044944429642,-3.98588946982311]]]}},{"type":"Feature","properties":{"id":"398","municipality":"2304400","density":"Densa","type":"Área urbanizada","state":"CE"},"geometry":{"type":"Polygon","coordinates":[[[-38.6179978839951,-3.99130274372658],[-38.6151425311029,-3.99160017740622],[-38.6109189874213,-3.99290887984093],[-38.6105620680849,-3.99534782774003],[-38.6118707723182,-3.99516936807185],[-38.6117517992061,-3.99362271941295],[-38.613179474753,-3.99362271941295],[-38.6131794747529,-3.99314682606514],[-38.6149640714347,-3.99249247484779],[-38.615558936096,-3.99284939418414],[-38.6157373957641,-3.99409861096206],[-38.6153209898717,-3.99427706973092],[-38.615261504215,-3.99493142184758],[-38.6161538016566,-3.99516936807185],[-38.6168676403293,-3.99707293696644],[-38.6178194243269,-3.99683499074218],[-38.6182358302194,-3.99754882941489],[-38.6191281276609,-3.99725139663464],[-38.6193065873291,-3.99808420841943],[-38.6180573696519,-3.99969034363444],[-38.6199014528897,-4.00028520919501],[-38.6213886158919,-3.99891701930494],[-38.6224593730016,-4.00153442597293],[-38.6231137251183,-4.001236994092],[-38.622816292338,-4.00040418230715],[-38.6234706435553,-3.99974983108981],[-38.622875778894,-3.99832215374436],[-38.6242439687841,-3.99737036974672],[-38.622875778894,-3.99629961173763],[-38.6225783461137,-3.99505039495971],[-38.620258372226,-3.99320631262117],[-38.6194255604412,-3.99142171683873],[-38.6188306948806,-3.99142171683873],[-38.6181168571072,-3.98880431017074],[-38.6161538016566,-3.98933968917529],[-38.6163322613248,-3.99017250006079],[-38.6177599377709,-3.98963712105627],[-38.6179978839951,-3.99130274372658]]]}},{"type":"Feature","properties":{"id":"399","municipality":"2304400","density":"Densa","type":"Área urbanizada","state":"CE"},"geometry":{"type":"Polygon","coordinates":[[[-38.6782781816927,-3.71409076367776],[-38.6776714199001,-3.71551844102317],[-38.6803840054175,-3.71808825916578],[-38.6809907681094,-3.71530428996096],[-38.6798486264129,-3.71526859766761],[-38.6796701667448,-3.71416214826452],[-38.6808836921287,-3.7139123049089],[-38.6807409238545,-3.71319846713551],[-38.6782781816927,-3.71409076367776]]]}},{"type":"Feature","properties":{"id":"400","municipality":"2304400","density":"Densa","type":"Área urbanizada","state":"CE"},"geometry":{"type":"Polygon","coordinates":[[[-38.3578968953254,-3.98479246689881],[-38.3544466768726,-3.98282941234744],[-38.3541492440923,-3.98181814089448],[-38.3536733516438,-3.98152070811416],[-38.3524241348659,-3.98187762655118],[-38.3529000273144,-3.98306735767238],[-38.3534948919756,-3.98276992489209],[-38.3540302709802,-3.98348376266546],[-38.3539707844241,-3.98467349378667],[-38.3545061634287,-3.98479246689881],[-38.3545656499847,-3.98407862912541],[-38.3550415424332,-3.98401914167],[-38.3575399759891,-3.98562527778433],[-38.3578968953254,-3.98479246689881]]]}},{"type":"Feature","properties":{"id":"401","municipality":"2304400","density":"Densa","type":"Área urbanizada","state":"CE"},"geometry":{"type":"Polygon","coordinates":[[[-38.6600064632277,-3.77006424496887],[-38.6596638206288,-3.76869367637203],[-38.6608630692752,-3.7657241077813],[-38.6590356432803,-3.76446775308433],[-38.6595496067289,-3.76309718268881],[-38.6606346405762,-3.76292586183899],[-38.6620052109717,-3.76166950714203],[-38.6625762813703,-3.76178372104187],[-38.666573775959,-3.75595879955893],[-38.6661169185609,-3.75498797961154],[-38.6652603134127,-3.7545311240121],[-38.6639468508664,-3.75515930225992],[-38.6621765318214,-3.75533062310974],[-38.6620052109716,-3.75435980316234],[-38.6624620665711,-3.75424558836319],[-38.6621765318214,-3.75270369801723],[-38.6610914979742,-3.75287501886697],[-38.6603491058265,-3.75504508656145],[-38.6586358937315,-3.75510219441072],[-38.6582361441826,-3.75441691011226],[-38.6570940033855,-3.7543026962124],[-38.6558947547391,-3.7533318753657],[-38.6548097208919,-3.75435980316234],[-38.654467078293,-3.7556161578594],[-38.6556092199894,-3.75750069080419],[-38.6553807912904,-3.75812886905204],[-38.6537817930952,-3.75715804910465],[-38.6532678296466,-3.75818597600193],[-38.6521827957993,-3.75767201165401],[-38.6521827957993,-3.75647276390687],[-38.6516117254007,-3.75607301525743],[-38.6489276933583,-3.75721515605454],[-38.647385802113,-3.76029893674651],[-38.6464720891156,-3.75972786724725],[-38.6444733422709,-3.76064158024469],[-38.6442449135719,-3.76166950714204],[-38.6445875561707,-3.76326850533719],[-38.6454441622183,-3.76383957483649],[-38.6449301987696,-3.76549567998159],[-38.6451586265693,-3.76783707032451],[-38.6464149821656,-3.7682939259239],[-38.646186554366,-3.76937895977113],[-38.6506980124033,-3.77132060056523],[-38.6485850507594,-3.77451859605636],[-38.6499556202556,-3.77531809515394],[-38.6520685818995,-3.77440438215649],[-38.6530394018469,-3.77486123865522],[-38.6530965087968,-3.77537520210388],[-38.6523541166491,-3.7760604873016],[-38.6528680800978,-3.77685998639918],[-38.6536675791954,-3.77628891510131],[-38.6542386495939,-3.77765948459751],[-38.6615483535736,-3.77177745706393],[-38.6600064632277,-3.77006424496887]]]}},{"type":"Feature","properties":{"id":"402","municipality":"2304400","density":"Densa","type":"Área urbanizada","state":"CE"},"geometry":{"type":"Polygon","coordinates":[[[-38.6370427289388,-3.86021570878791],[-38.6364716594395,-3.85953042359011],[-38.638584620184,-3.85644664289822],[-38.6377280141365,-3.85479053775305],[-38.6372711576378,-3.85519028820119],[-38.6355008385928,-3.85233493440969],[-38.6323028431017,-3.85530450210103],[-38.6310464884046,-3.85376261085577],[-38.6293903832596,-3.85496185860286],[-38.6307609518564,-3.85667507069792],[-38.6290477397613,-3.85827406889313],[-38.6292190624097,-3.85918778189057],[-38.6305325240567,-3.86078678008578],[-38.6294474902095,-3.86192892088292],[-38.6321315222519,-3.86558377287277],[-38.632017308352,-3.86604063027086],[-38.6362432307405,-3.86803937711552],[-38.6369285150389,-3.86678302241853],[-38.6331023421993,-3.86478427377518],[-38.6361290159413,-3.860615459236],[-38.6370427289388,-3.86021570878791]]]}},{"type":"Feature","properties":{"id":"403","municipality":"2304400","density":"Densa","type":"Área urbanizada","state":"CE"},"geometry":{"type":"Polygon","coordinates":[[[-38.3561930586627,-3.94134064575417],[-38.3546251356415,-3.94285446735972],[-38.3539707844241,-3.94291395301646],[-38.353554379431,-3.94184319590669],[-38.3529595129711,-3.94196216901885],[-38.353554379431,-3.94392522357016],[-38.3516508096371,-3.94493649502317],[-38.3517102961932,-3.94570982025199],[-38.3524836214219,-3.94588827992016],[-38.353851811312,-3.94487700936645],[-38.3543871903165,-3.94588827992015],[-38.3567666507603,-3.94684006391777],[-38.3573615163208,-3.94499598157923],[-38.3567666507603,-3.94463906224287],[-38.3565881910921,-3.94505546813532],[-38.3555174339823,-3.94535290091563],[-38.3545061634287,-3.94386573791343],[-38.3566080202439,-3.9421406277877],[-38.3561930586627,-3.94134064575417]]]}},{"type":"Feature","properties":{"id":"404","municipality":"2304400","density":"Densa","type":"Área urbanizada","state":"CE"},"geometry":{"type":"Polygon","coordinates":[[[-38.6319602014021,-3.83954295244526],[-38.6335483483775,-3.84386350060004],[-38.6359005881416,-3.84314069658582],[-38.6363003376904,-3.84456837393129],[-38.6414970800262,-3.84382598178361],[-38.6420110443741,-3.84491101563083],[-38.6413828661263,-3.84536787302886],[-38.6451141029335,-3.84904049202504],[-38.6440853279755,-3.84950589028456],[-38.6451203927919,-3.8510049513174],[-38.6400694035801,-3.85576135770044],[-38.6405262600788,-3.85673217764782],[-38.6377851210864,-3.86084388703569],[-38.6404120461789,-3.86352791907815],[-38.641839722625,-3.86255709913076],[-38.6422965791238,-3.86135785138369],[-38.6441240051187,-3.85981596013841],[-38.6448092903165,-3.860615459236],[-38.6444095407676,-3.86130074263515],[-38.6464082876124,-3.86318527737859],[-38.6477788580078,-3.86198602783287],[-38.6485783562061,-3.86272841998055],[-38.6473220006098,-3.86409899037608],[-38.6477788580078,-3.86484138072507],[-38.6465225024115,-3.86695434326827],[-38.6470935728101,-3.86741119886769],[-38.6486925710053,-3.86535534507306],[-38.6508626386998,-3.8663832719704],[-38.6505199970002,-3.86701145021824],[-38.6510910673988,-3.86735409191777],[-38.6529184933937,-3.8654695589729],[-38.6538322063911,-3.8659835233209],[-38.6546888124387,-3.86489848857434],[-38.6544603837397,-3.86409899037608],[-38.6564020236344,-3.86118652873529],[-38.652414892833,-3.85685483078578],[-38.6538322063911,-3.85547582295084],[-38.6548601332885,-3.85610400119868],[-38.6556596323861,-3.85416236040459],[-38.6552027758873,-3.85296311175814],[-38.6543461698398,-3.85233493440969],[-38.6529184933937,-3.85404814560536],[-38.651890565597,-3.85302021870808],[-38.6522332090953,-3.85256336310868],[-38.6500060326522,-3.85056461536466],[-38.6501202465521,-3.84930825976836],[-38.6516021826945,-3.8486406381549],[-38.6517192447473,-3.84947958061811],[-38.6536608846421,-3.84925115281841],[-38.6547459193886,-3.85079304406366],[-38.6545174906896,-3.85124989966312],[-38.6555454175869,-3.8522778265604],[-38.6573728435818,-3.85193518486084],[-38.6573728435818,-3.85096436491347],[-38.655945168035,-3.85119279271317],[-38.656002274985,-3.84862297457057],[-38.6578868079298,-3.84776636942235],[-38.6576012731801,-3.84696687032476],[-38.6601710904234,-3.84645290687611],[-38.6603995191224,-3.84759504767328],[-38.659028948727,-3.84947958061811],[-38.6595429130749,-3.85290600480825],[-38.6604566260724,-3.8528488978583],[-38.6605137330223,-3.85176386401106],[-38.6618271946692,-3.85170675706115],[-38.6618843016192,-3.85113568576328],[-38.6626266937669,-3.85090725796351],[-38.6627980146166,-3.85016486581589],[-38.6613132321199,-3.84890851111885],[-38.6611990182201,-3.84805190507133],[-38.6615987668695,-3.84725240597375],[-38.6631977650647,-3.8463957999262],[-38.6631406581148,-3.84256962618725],[-38.6620556242676,-3.84285516183622],[-38.6618271946692,-3.84216987663843],[-38.6598855547745,-3.84285516183622],[-38.6596000200249,-3.84199855578869],[-38.6585720931275,-3.84188434188883],[-38.6577663842112,-3.84099818861546],[-38.6561164888848,-3.84114194974115],[-38.6564020236344,-3.84382598178361],[-38.655659632386,-3.84416862438246],[-38.656002274985,-3.84611026427724],[-38.6502915683012,-3.84725240597375],[-38.6502915683012,-3.84810901202127],[-38.6485783562062,-3.84890851111885],[-38.6482928205572,-3.84713819207388],[-38.6475504293088,-3.84685265642491],[-38.6470935728101,-3.84582472862826],[-38.6462369667625,-3.84582472862826],[-38.6461798598127,-3.84485390868088],[-38.645380360715,-3.84485390868088],[-38.6450377181161,-3.84371176788374],[-38.6455516815648,-3.84354044703395],[-38.645437467665,-3.84285516183622],[-38.6448092903165,-3.84302648268597],[-38.6433816138703,-3.83828659684896],[-38.6414399730763,-3.83891477419741],[-38.6415541878754,-3.8398284871949],[-38.642182365224,-3.8398284871949],[-38.6424107930237,-3.84074220019232],[-38.6409260096276,-3.84091352194145],[-38.6410973313767,-3.84188434188883],[-38.6394060924172,-3.84229321326114],[-38.6385275132341,-3.84097062889134],[-38.6372140506879,-3.84119905669105],[-38.6357292672918,-3.84051377239264],[-38.6397838688304,-3.83902898809726],[-38.6394412262316,-3.83851502464866],[-38.6361290159413,-3.8396000593952],[-38.6333878769489,-3.83914320289644],[-38.6319602014021,-3.83954295244526]]]}},{"type":"Feature","properties":{"id":"405","municipality":"2304400","density":"Densa","type":"Área urbanizada","state":"CE"},"geometry":{"type":"Polygon","coordinates":[[[-38.4562483766612,-3.85089115380368],[-38.4546105601292,-3.8517261203641],[-38.4542298456308,-3.85105987111611],[-38.4557561309406,-3.85021496255043],[-38.4538491329311,-3.84749067865188],[-38.4451878936064,-3.8505363892429],[-38.4457589649042,-3.8521544233879],[-38.4464728026776,-3.85224960133797],[-38.4465203930017,-3.85282067173653],[-38.4480432482972,-3.85291584968667],[-38.4481384262473,-3.85343933155985],[-38.4492805670445,-3.85305861796082],[-38.4485191398464,-3.85091710284195],[-38.4496136921181,-3.8505363892429],[-38.4502323519414,-3.8516309406154],[-38.4499944057172,-3.85220201191329],[-38.4509937791395,-3.85315379591089],[-38.4515648504375,-3.85248754666292],[-38.4509461897148,-3.85139299529045],[-38.4518503851871,-3.85086951431657],[-38.4551340411031,-3.85581879290294],[-38.4543250253795,-3.85638986330151],[-38.4565299768769,-3.85937809462332],[-38.4581953666228,-3.85852142562323],[-38.459369481916,-3.85948316241799],[-38.4599405532139,-3.86124396393775],[-38.4575610918708,-3.86195780171112],[-38.4574659130214,-3.86148191016197],[-38.4568472531981,-3.86148191016197],[-38.4567044858233,-3.86210056998528],[-38.4557527009264,-3.86210056998529],[-38.4554671661767,-3.86419449478007],[-38.460987516061,-3.86281440775867],[-38.4608447477868,-3.86186262286175],[-38.4615109970348,-3.86162467663748],[-38.4614158190847,-3.86048253584035],[-38.4627007272567,-3.86005423281655],[-38.4628910840562,-3.86105360713822],[-38.465318134824,-3.86024458961605],[-38.463985636328,-3.85629468535138],[-38.4627959061061,-3.85672298837517],[-38.461986888584,-3.85767477237279],[-38.4621772462829,-3.85824584277141],[-38.4615585855602,-3.85867414579513],[-38.4602736773882,-3.85853137842032],[-38.4602486546516,-3.85667167036127],[-38.4562483766612,-3.85089115380368]]]}},{"type":"Feature","properties":{"id":"406","municipality":"2304400","density":"Densa","type":"Vazio intraurbano","state":"CE"},"geometry":{"type":"Polygon","coordinates":[[[-38.51177935913,-3.78507071664025],[-38.5127133050749,-3.78585406211522],[-38.512593204213,-3.78769466137947],[-38.5118227730025,-3.78882715514903],[-38.5117028250253,-3.79090384803415],[-38.5125929568994,-3.79108820006036],[-38.5118824798925,-3.79280994222501],[-38.5095008889548,-3.79352780086727],[-38.5092641882916,-3.79601982135763],[-38.5118807990596,-3.79691859211932],[-38.5115250866134,-3.79988937929137],[-38.5115254166646,-3.80131550800424],[-38.5119384563946,-3.80155881238927],[-38.5118753060006,-3.80628584781358],[-38.5105644272065,-3.80575312001043],[-38.5083683313334,-3.80795563344566],[-38.5087811732125,-3.80979577675367],[-38.513362656961,-3.80872716812429],[-38.514909858703,-3.80908177260569],[-38.5158100692792,-3.8029212996782],[-38.5167327350276,-3.80275528123123],[-38.5164552932771,-3.80171019616858],[-38.5153262933737,-3.80105101739049],[-38.5139594380775,-3.79575956475208],[-38.5153837375694,-3.7915348033884],[-38.5152060504188,-3.78897807307953],[-38.5144360337959,-3.78790484733077],[-38.5147891256176,-3.78660023141549],[-38.5170501561398,-3.78671486889603],[-38.5167540552554,-3.78463740978856],[-38.5155035353598,-3.78469231879542],[-38.5153263491316,-3.78338820110457],[-38.5144915750261,-3.78362187824707],[-38.5140758058538,-3.78225655359705],[-38.5127266330276,-3.78321181707169],[-38.51177935913,-3.78507071664025]]]}},{"type":"Feature","properties":{"id":"407","municipality":"2304400","density":"Densa","type":"Área urbanizada","state":"CE"},"geometry":{"type":"Polygon","coordinates":[[[-38.7493707783387,-3.97497771934621],[-38.7490281357398,-3.97423532719855],[-38.7495992070377,-3.97377847069983],[-38.74891392184,-3.97297897160223],[-38.7481715296923,-3.97337872115101],[-38.7476004592937,-3.97303607855214],[-38.7457730332988,-3.97126576040648],[-38.7449164272513,-3.97109443865738],[-38.7425750378077,-3.97223658035387],[-38.7420610743591,-3.97623407404324],[-38.7428034656074,-3.97629118099315],[-38.7427463586575,-3.97452086194818],[-38.7432603221062,-3.97257922205343],[-38.7443453568527,-3.97217947340392],[-38.7450877481011,-3.97235079425372],[-38.7461156758977,-3.97526325409587],[-38.74891392184,-3.97549168279489],[-38.7493707783387,-3.97497771934621]]]}},{"type":"Feature","properties":{"id":"408","municipality":"2304400","density":"Densa","type":"Vazio intraurbano","state":"CE"},"geometry":{"type":"Polygon","coordinates":[[[-38.5170804201252,-3.85660923133095],[-38.5211241182834,-3.85494221830868],[-38.5192849939073,-3.85078269466556],[-38.5151455970916,-3.85225455390451],[-38.5170804201252,-3.85660923133095]]]}},{"type":"Feature","properties":{"id":"409","municipality":"2304400","density":"Densa","type":"Área urbanizada","state":"CE"},"geometry":{"type":"Polygon","coordinates":[[[-38.3478436718479,-3.95124206726751],[-38.3487954567449,-3.95142052603639],[-38.348973916413,-3.95243179659009],[-38.3503421063031,-3.95326460927424],[-38.3508774853077,-3.95255076970222],[-38.3507585121955,-3.95136104037966],[-38.3495687810744,-3.95189641938419],[-38.3501041600789,-3.94975490426539],[-38.3506395390834,-3.94862465970023],[-38.3513533768568,-3.94832722691996],[-38.3515318374243,-3.94755390169116],[-38.3509964584198,-3.94743492857907],[-38.3512344037447,-3.9461857118011],[-38.3508774853077,-3.94553135968448],[-38.3492713491934,-3.94707801014198],[-38.3479031593033,-3.94606673868903],[-38.3471298340746,-3.94630468491324],[-38.3473677802988,-3.94713749669808],[-38.3427278307248,-3.9485651731442],[-38.3420139929514,-3.94927901091757],[-38.3402888837249,-3.94939798492903],[-38.3397535047204,-3.94820825380782],[-38.341597587059,-3.94678057736172],[-38.3414191282901,-3.94624519925651],[-38.3402888837249,-3.94689954957449],[-38.3397535047204,-3.94678057736172],[-38.3391586400592,-3.94547187402771],[-38.3377904492698,-3.94612622614438],[-38.3390991526037,-3.94785133537079],[-38.3390991526037,-3.94844620003204],[-38.3385637735992,-3.94868414625631],[-38.3374335299334,-3.94791082102751],[-38.3357679081624,-3.94505546813532],[-38.3349350963775,-3.94446060257468],[-38.3344592039291,-3.94481752191103],[-38.3362437997115,-3.9479108210275],[-38.3375525030455,-3.94862465970023],[-38.3374930173888,-3.94927901091757],[-38.339337098828,-3.95052822769549],[-38.3410027223976,-3.95029028237061],[-38.3417760467272,-3.95124206726751],[-38.3423114248324,-3.95118257981217],[-38.3421329660635,-3.9504092545834],[-38.3442744811823,-3.95023079581455],[-38.3464754819579,-3.94868414625631],[-38.3478436718479,-3.95469228482103],[-38.3483790508525,-3.95469228482103],[-38.3478436718479,-3.95124206726751]]]}},{"type":"Feature","properties":{"id":"410","municipality":"2304400","density":"Densa","type":"Área urbanizada","state":"CE"},"geometry":{"type":"Polygon","coordinates":[[[-38.7174807313506,-3.72289134665828],[-38.7173786888753,-3.72685507889872],[-38.7190919009704,-3.7278258988461],[-38.7194345426699,-3.72856829099381],[-38.7187492583715,-3.73039571698871],[-38.7192632218202,-3.73136653693611],[-38.7191490079203,-3.73216603603368],[-38.7177213305749,-3.73233735688348],[-38.7177213305749,-3.73296553513133],[-38.7203482556674,-3.73273710733162],[-38.7210335408652,-3.73176628738425],[-38.7217759330129,-3.73199471518393],[-38.7223470034114,-3.73085257438675],[-38.7218901469127,-3.73045282393861],[-38.7223470034114,-3.73005307528918],[-38.7214903973639,-3.72936779009138],[-38.7216046121631,-3.72896804144194],[-38.7237175729076,-3.72993886138932],[-38.725944747552,-3.73016728918901],[-38.7258305336522,-3.72377129820684],[-38.725145250253,-3.72377129820684],[-38.7248026067549,-3.72902514839183],[-38.7220614677625,-3.72856829099381],[-38.7221119071387,-3.72670205295731],[-38.721433290414,-3.72662665109903],[-38.721147754765,-3.72851118404385],[-38.7203482556674,-3.72856829099381],[-38.7199485070179,-3.72497054595391],[-38.7210906478151,-3.72497054595391],[-38.7209193269653,-3.72348576165855],[-38.7201769348176,-3.72354286860845],[-38.7202489147556,-3.72163538856229],[-38.7194916496199,-3.72165833566362],[-38.7193203287701,-3.72708350669842],[-38.7187492583715,-3.72685507889872],[-38.7188634722714,-3.72519897375362],[-38.7183495088227,-3.72491343900397],[-38.7183495088227,-3.72290983222293],[-38.7174807313506,-3.72289134665828]]]}},{"type":"Feature","properties":{"id":"411","municipality":"2304400","density":"Densa","type":"Área urbanizada","state":"CE"},"geometry":{"type":"Polygon","coordinates":[[[-38.6002547042911,-3.9078433735728],[-38.5985414921961,-3.90822408717186],[-38.5948933167731,-3.91265441916609],[-38.593168208446,-3.91265441916609],[-38.5928112891096,-3.91437952929182],[-38.5910266933272,-3.91449850240389],[-38.5912646386521,-3.91539079984551],[-38.5919784782241,-3.91521234017735],[-38.5919784782241,-3.91711590907194],[-38.5932871806588,-3.92092304596173],[-38.5938820471187,-3.92080407284965],[-38.5939415327755,-3.91913845107859],[-38.5964994537867,-3.9188410182983],[-38.5967968856677,-3.92133945185418],[-38.5947991019969,-3.92145696896394],[-38.5949528042285,-3.92264815608747],[-38.6073768339737,-3.92152002223124],[-38.6073854881497,-3.92187483085872],[-38.6083372721474,-3.92187483085872],[-38.6083372721474,-3.91943588295961],[-38.6073260006943,-3.91788923430069],[-38.6061362713718,-3.91426055617967],[-38.6098839217056,-3.91307082505847],[-38.6094675158131,-3.91086982428295],[-38.6072070275822,-3.91152417460092],[-38.6066121629209,-3.90854984859658],[-38.6045896209142,-3.90866882170872],[-38.6038844921756,-3.90624685840573],[-38.6021506739144,-3.90634884782104],[-38.6017254510687,-3.9044353477131],[-38.5995927529032,-3.90509963104307],[-38.6002547042911,-3.9078433735728]]]}},{"type":"Feature","properties":{"id":"412","municipality":"2304400","density":"Densa","type":"Área urbanizada","state":"CE"},"geometry":{"type":"Polygon","coordinates":[[[-38.284342663583,-3.94580691825461],[-38.287971341704,-3.94544999891827],[-38.2893395315941,-3.9457474316986],[-38.2946933189415,-3.94354643002368],[-38.2962994559551,-3.94372488969187],[-38.2980245651815,-3.94295156536242],[-38.2986789172982,-3.94247567291394],[-38.2982625114057,-3.94063158967607],[-38.3021291348517,-3.93837110234443],[-38.3023670810759,-3.93706239901048],[-38.2920759122735,-3.94223772668971],[-38.2845211241505,-3.94431975525249],[-38.28246769710727,-3.9464080915995923],[-38.2824985821438,-3.94663972914016],[-38.284342663583,-3.94580691825461]]]}},{"type":"Feature","properties":{"id":"413","municipality":"2304400","density":"Densa","type":"Vazio intraurbano","state":"CE"},"geometry":{"type":"Polygon","coordinates":[[[-38.4832082943273,-3.80666484820416],[-38.4845169976612,-3.80630792886781],[-38.4851118632218,-3.80856841709876],[-38.4834462396522,-3.80940122798421],[-38.482672916222,-3.80624844231171],[-38.4806503742154,-3.80672433386088],[-38.4804124279911,-3.80618895575567],[-38.4791632112132,-3.80618895575567],[-38.4790370857928,-3.80709286524347],[-38.4811857523206,-3.80761663220176],[-38.4822565103296,-3.81118582376673],[-38.4833272674394,-3.81065044476218],[-38.4848144304416,-3.81112633721063],[-38.4851713497779,-3.81035301198188],[-38.4871344052286,-3.81112633721063],[-38.4868369724483,-3.8125540136568],[-38.4858851875513,-3.81392220444617],[-38.4843385379931,-3.81493347499981],[-38.4846359707734,-3.81743190855572],[-38.486301594343,-3.81701550266326],[-38.4864800531119,-3.82046572201542],[-38.4838031598879,-3.82165545223729],[-38.483922133,-3.82219083124183],[-38.4869559446611,-3.82213134378645],[-38.487848243002,-3.82367799424401],[-38.4890974597799,-3.82355902113187],[-38.4889784866678,-3.82254774967884],[-38.4902871909011,-3.82242877656672],[-38.490168217789,-3.82153647912514],[-38.4888595135557,-3.82159596568124],[-38.4883836220065,-3.81749139601108],[-38.4889784866678,-3.81671807078232],[-38.4910010286745,-3.81671807078232],[-38.4911200017866,-3.81594474555351],[-38.4890379741232,-3.81582577334075],[-38.488919001011,-3.81523090778012],[-38.4908820555624,-3.81457655566346],[-38.4881456757823,-3.81201863465225],[-38.4885025951186,-3.81154274310309],[-38.487550811121,-3.80999609264552],[-38.487907729558,-3.80928225487213],[-38.4875508111209,-3.8079735506388],[-38.4889784866678,-3.80749765908963],[-38.489216432892,-3.8079735506388],[-38.4884431085626,-3.80833047087449],[-38.4883241345511,-3.80922276921537],[-38.4895733522284,-3.80957968765238],[-38.489216432892,-3.81082890532969],[-38.4904002275884,-3.81209225585287],[-38.4912679771354,-3.81128040456697],[-38.4912984623541,-3.8093417423275],[-38.4903466765578,-3.80868739021082],[-38.4909415430177,-3.80690279442836],[-38.4933804900175,-3.80636741542386],[-38.4923692185645,-3.80327411630738],[-38.4902871909011,-3.80369052219983],[-38.4903466765578,-3.80410692719291],[-38.4892759203474,-3.80446384742856],[-38.4895733522284,-3.80547511708295],[-38.4876102967777,-3.80630792886781],[-38.4874913236656,-3.80583203731863],[-38.4864800531119,-3.80618895575567],[-38.486301594343,-3.80505871208981],[-38.4857662153385,-3.8045233330853],[-38.4845169976613,-3.80434487341711],[-38.4835652127643,-3.80267925074681],[-38.481661644769,-3.80279822385888],[-38.4823754834418,-3.80559409019509],[-38.4830893212152,-3.80583203731863],[-38.4832082943273,-3.80666484820416]]]}},{"type":"Feature","properties":{"id":"414","municipality":"2304400","density":"Densa","type":"Área urbanizada","state":"CE"},"geometry":{"type":"Polygon","coordinates":[[[-38.3897697751549,-3.93610583871345],[-38.3927441011593,-3.93533251528327],[-38.3922682087108,-3.93390483793787],[-38.3898887482671,-3.93449970259916],[-38.3895913163861,-3.93206075559936],[-38.3887585037019,-3.93140640438202],[-38.3888179911574,-3.9375930026149],[-38.3899482348231,-3.9375930026149],[-38.3897697751549,-3.93610583871345]]]}},{"type":"Feature","properties":{"id":"416","municipality":"2304400","density":"Densa","type":"Área urbanizada","state":"CE"},"geometry":{"type":"Polygon","coordinates":[[[-38.445140305081,-3.85609243142052],[-38.4457113763789,-3.85604484109651],[-38.4463776247276,-3.857186982793],[-38.4440933422339,-3.8585670698144],[-38.4439505748591,-3.85809117826524],[-38.4428084331626,-3.85875742661394],[-38.4431415582363,-3.85961403266146],[-38.4443788778829,-3.85942367586189],[-38.4446168241071,-3.86028028190942],[-38.4424532746988,-3.86173841569531],[-38.4409661116966,-3.86007279302493],[-38.4385866512529,-3.86120303669078],[-38.440014327699,-3.86483171481173],[-38.4368074630939,-3.86714087435184],[-38.4360882167977,-3.86566452569725],[-38.4351364319008,-3.8660214450336],[-38.4341846479031,-3.86441530891932],[-38.4327569705577,-3.86495068792387],[-38.4337682420107,-3.86715168869945],[-38.432697484901,-3.86774655515934],[-38.4335302957865,-3.86947166438575],[-38.4353053668491,-3.86884052826771],[-38.4360882167977,-3.87095882738794],[-38.4370400007954,-3.87060190805159],[-38.4376360678502,-3.87186855009345],[-38.4388245965778,-3.87119677271284],[-38.439145782252,-3.87181237843844],[-38.4412635453763,-3.87036396182731],[-38.4410135527332,-3.86977574585393],[-38.4429291671473,-3.86905525759405],[-38.442572247811,-3.86798450138362],[-38.4416204638133,-3.86804398704033],[-38.4411445722641,-3.86703271558731],[-38.4399548411429,-3.86738963492366],[-38.4396574083627,-3.86667579715028],[-38.4416204638133,-3.86560504004053],[-38.4422153293739,-3.86655682403814],[-38.4441783839252,-3.86584298626475],[-38.4451896553783,-3.8660214450336],[-38.4453681150464,-3.86685425681845],[-38.4444758167055,-3.86756809459183],[-38.4445353032616,-3.86846039293272],[-38.4455316675524,-3.87085867258963],[-38.4441188982685,-3.87131574582498],[-38.4444758167055,-3.87357623405592],[-38.4429291671473,-3.87440904494145],[-38.4432860855844,-3.87553928860723],[-38.4451896553783,-3.8747064777217],[-38.4460819528198,-3.87315982816347],[-38.4467363049365,-3.87399263994832],[-38.4489146895612,-3.8734568904231],[-38.4495809388092,-3.8766691626517],[-38.4507944650924,-3.87650260011486],[-38.4505327237062,-3.87459903211961],[-38.4520726121613,-3.87444281088699],[-38.4523262767363,-3.87580626494713],[-38.4536111858075,-3.87556831872286],[-38.4540394888313,-3.87766224531636],[-38.4528021700841,-3.87799536859131],[-38.4527069912346,-3.87894715258899],[-38.4515648504375,-3.87913751028782],[-38.4518027957624,-3.88085072238291],[-38.4556015356823,-3.88048400493284],[-38.4557051124009,-3.88156456105562],[-38.4549436852029,-3.88189768522994],[-38.4546581486546,-3.88327777315067],[-38.4561334154247,-3.88337295110076],[-38.4562285942741,-3.88237357677912],[-38.4596550166657,-3.88199286407939],[-38.4589411788923,-3.88384884264993],[-38.4631290302805,-3.88456268132264],[-38.4629862629057,-3.88527651999533],[-38.461082694011,-3.88499098434642],[-38.460939925737,-3.88584759039397],[-38.4594646598661,-3.88570482301913],[-38.4596550166656,-3.88465786017207],[-38.4583701075944,-3.88427714567373],[-38.457656269821,-3.88603794719347],[-38.4595598387155,-3.88665660701675],[-38.4594170713408,-3.88784633813795],[-38.4602260879635,-3.8897974955579],[-38.4620344780087,-3.89027338800639],[-38.4623200136577,-3.88903606835983],[-38.461082694011,-3.88860776533609],[-38.4622248348082,-3.88589517981866],[-38.4640808151775,-3.88613312604286],[-38.4643187614017,-3.88494339492168],[-38.4657940272725,-3.88508616319581],[-38.4656036695736,-3.88570482301913],[-38.4665554535713,-3.88594276924334],[-38.465936793748,-3.88817946231228],[-38.466603042996,-3.88851258738595],[-38.4661747408716,-3.88936919343348],[-38.4645091182012,-3.88936919343348],[-38.4637952804278,-3.89065410160544],[-38.4644139393518,-3.89084445930435],[-38.4640547249456,-3.89271434409166],[-38.4618418261393,-3.89421340422519],[-38.4573089534454,-3.8920361977123],[-38.4558053391451,-3.89011296963783],[-38.4562285942741,-3.88936919343348],[-38.4543250253795,-3.88808428436221],[-38.4521835102607,-3.88827464116174],[-38.4520883314114,-3.88884571066099],[-38.4505654761158,-3.88898847893512],[-38.4503275298915,-3.88775115928854],[-38.4511841359391,-3.88732285626474],[-38.4507558329153,-3.88518134114595],[-38.4513744927386,-3.88489580639629],[-38.4511365474137,-3.88342053962619],[-38.4529449365595,-3.88308741635114],[-38.4525642238598,-3.88146938220616],[-38.4502799413661,-3.88146938220616],[-38.4474245875746,-3.88237357677913],[-38.4475673549494,-3.88313500487653],[-38.4489950322949,-3.88308741635114],[-38.4495661026934,-3.88708491004052],[-38.4467107489019,-3.88732285626474],[-38.445806554329,-3.88794151608806],[-38.4444264673075,-3.88584759039397],[-38.4456032778689,-3.88529249105557],[-38.4452830733551,-3.88470544869746],[-38.4459969111285,-3.88427714567373],[-38.4454258407299,-3.88318259430123],[-38.4438078065849,-3.88427714567373],[-38.4438553960097,-3.88499098434642],[-38.4408572748433,-3.8867041964415],[-38.4410000431174,-3.88756080158971],[-38.4401434370699,-3.88827464116174],[-38.4406669189431,-3.88955955023301],[-38.4403337938695,-3.89003544178219],[-38.4390964742229,-3.89051133423068],[-38.4378591545763,-3.8878939266633],[-38.4371929053283,-3.88732285626474],[-38.4357176403568,-3.88808428436221],[-38.4350513911087,-3.89008303120686],[-38.4357652288822,-3.89127276232808],[-38.435241747009,-3.89255766960071],[-38.4354796941326,-3.89460400676945],[-38.4386205817744,-3.89393775842077],[-38.4388109385739,-3.89455641824407],[-38.4376687977768,-3.89541302429162],[-38.4379543334257,-3.8974593596617],[-38.440524150669,-3.89722141433676],[-38.4412379893417,-3.89955328625513],[-38.4435698612601,-3.899410517981],[-38.4438078065849,-3.90017194607838],[-38.4463776247276,-3.90012435575437],[-38.4469486960254,-3.90093337327652],[-38.4469962845508,-3.90226587087318],[-38.4446168241071,-3.90240863914732],[-38.4442836990335,-3.9036459587939],[-38.4464728026776,-3.90402667239294],[-38.4473294087252,-3.90612059808706],[-38.4464252141523,-3.90669166938501],[-38.4464252141523,-3.90797657755696],[-38.4479480694478,-3.90907112982872],[-38.446853517176,-3.91021327062589],[-38.447900480023,-3.9115933576473],[-38.4484239609969,-3.91397281988969],[-38.4502323519414,-3.91435353258942],[-38.451088957989,-3.91678058335721],[-38.4488522640207,-3.91739924318046],[-38.4498040489177,-3.92115879244427],[-38.453801542607,-3.91944558034921],[-38.4533732395833,-3.9168281727819],[-38.45275457976,-3.9168281727819],[-38.452135920836,-3.91578120993485],[-38.4514696706887,-3.9121168404198],[-38.4573231456466,-3.91240237516945],[-38.461653765309,-3.91411558726452],[-38.461986888584,-3.91259273196897],[-38.4582273411188,-3.91126023437226],[-38.4580369843193,-3.9088331836045],[-38.4542774350555,-3.90807175640641],[-38.4542774350555,-3.90683443586051],[-38.4525642238598,-3.90645372316073],[-38.4526118132845,-3.90421702919253],[-38.4513744927386,-3.90388390501819],[-38.4518027957624,-3.90259899594685],[-38.4534208299073,-3.90288453069651],[-38.453706364657,-3.9019803361236],[-38.4559430577259,-3.90231346119725],[-38.4560382365753,-3.9015044436751],[-38.4589887683169,-3.90193274669883],[-38.4591315356918,-3.90026712402852],[-38.4558478797758,-3.89945810740567],[-38.4527069912346,-3.89726900286211],[-38.4507082443899,-3.8970310566379],[-38.4507082443899,-3.89546061281697],[-38.4469011057014,-3.89546061281697],[-38.4466155709518,-3.89603168411485],[-38.4452830733551,-3.89588891584077],[-38.445140305081,-3.8949847212678],[-38.4440933422339,-3.89484195299373],[-38.4442836990335,-3.89236731370052],[-38.4457589649042,-3.89246249165063],[-38.4456637869542,-3.89389016899606],[-38.4463300362021,-3.89398534694618],[-38.4465203930017,-3.89231972427581],[-38.447519766424,-3.89212936657698],[-38.447519766424,-3.89260525992478],[-38.4480908368226,-3.89274802729955],[-38.4480908368226,-3.8937474007219],[-38.4487570860706,-3.89389016899606],[-38.4486619081205,-3.89469918471959],[-38.449510236808,-3.89469918471959],[-38.4497088700683,-3.89317633032335],[-38.4513744927386,-3.89279561672431],[-38.4516124389629,-3.89179624330195],[-38.4523262767363,-3.89141552880358],[-38.4538491329311,-3.89170106355317],[-38.4543250253795,-3.89246249165063],[-38.4540870791553,-3.89327150917273],[-38.4523262767363,-3.89403293637087],[-38.4523262767363,-3.89536543396759],[-38.4539919003059,-3.89598409379084],[-38.4546581486546,-3.89712623638669],[-38.4561334154248,-3.89788766268544],[-38.463198118898,-3.89913888944814],[-38.4631267352106,-3.89753275333386],[-38.4643759519885,-3.89714014170416],[-38.4638503018499,-3.89535876999123],[-38.4658892052226,-3.89517507806733],[-38.4661271514468,-3.89422329317042],[-38.4670789363438,-3.89431847201986],[-38.4677927741172,-3.89265284934948],[-38.4695535747376,-3.89241490312528],[-38.4700770566108,-3.89084445930435],[-38.4683638454151,-3.88965472818314],[-38.4687445581148,-3.88846499796125],[-38.4698866998113,-3.88775115928854],[-38.4700770566108,-3.88599035776878],[-38.4709336626583,-3.88594276924334],[-38.4715047330569,-3.88280187980287],[-38.471885446656,-3.88265911332734],[-38.4723137496797,-3.88384884264993],[-38.4739793732495,-3.8836584858504],[-38.4742649079991,-3.88456268132263],[-38.474835979297,-3.88456268132263],[-38.4746881001756,-3.88137215919773],[-38.475047465668,-3.88114582142248],[-38.4745610340644,-3.87539707971144],[-38.4767395472923,-3.87433099907628],[-38.4766443693421,-3.87318885827915],[-38.4728372306536,-3.87437858760172],[-38.4726944641781,-3.87395028457792],[-38.4718378581306,-3.87414064227676],[-38.4715523215823,-3.87318885827915],[-38.4704577702099,-3.87314126885446],[-38.4703150028351,-3.87071421808667],[-38.4738366049753,-3.87071421808667],[-38.4741697291496,-3.87009555916269],[-38.4765967799174,-3.86985761203915],[-38.4764540116433,-3.86923895311515],[-38.4757877632946,-3.86928654164052],[-38.4755974055957,-3.86838234706761],[-38.4729799989278,-3.86909618484101],[-38.4730275883525,-3.86838234706761],[-38.4715523215823,-3.86838234706761],[-38.4714095551068,-3.86743056217069],[-38.4742649079991,-3.86695466972219],[-38.4747408004475,-3.86590770687514],[-38.4759781200941,-3.86566976065088],[-38.4758829412447,-3.86424208420477],[-38.4735034799016,-3.86486074402807],[-38.472551695904,-3.86633600989887],[-38.4718378581306,-3.86633600989887],[-38.4717902678066,-3.86500351230222],[-38.4694583967876,-3.86514627967701],[-38.466983756595,-3.868429935593],[-38.4653657242487,-3.86752574102008],[-38.4646042961513,-3.868429935593],[-38.4617013538344,-3.86652636669839],[-38.4594170713407,-3.8691437742657],[-38.458703232668,-3.87085698636077],[-38.4597977849398,-3.87099975373559],[-38.4596074281403,-3.87228466280693],[-38.4582273411188,-3.87242743018169],[-38.4577038592457,-3.87356957187821],[-38.4584652873431,-3.87666287099467],[-38.4611302834358,-3.87618697944549],[-38.4602736773883,-3.87794778006593],[-38.4560382365753,-3.878994742913],[-38.4558478797758,-3.8778050117918],[-38.455038863153,-3.87775742326643],[-38.4547533284033,-3.87490207037423],[-38.4537539540817,-3.87475930210007],[-38.4533884507164,-3.87343907934996],[-38.4549823155813,-3.87326653272426],[-38.4554106186051,-3.87478938801979],[-38.4565289660389,-3.87464662064497],[-38.4560768678531,-3.8719578302896],[-38.4552440569676,-3.87193403512761],[-38.4552678512303,-3.87088707228056],[-38.4499854475703,-3.87174367832808],[-38.4489967931674,-3.86994755593493],[-38.4474149567348,-3.87035266274513],[-38.4461414402752,-3.86875782571303],[-38.4460224671631,-3.86715168869945],[-38.4468208609939,-3.86698268540255],[-38.4460819528198,-3.86495068792387],[-38.4442378713806,-3.86524812070417],[-38.4438214645889,-3.86435582326261],[-38.4456060612707,-3.86298763337254],[-38.447569115822,-3.8653076072602],[-38.4480126209856,-3.86679651404785],[-38.4506130664398,-3.86646688104168],[-38.4504702981657,-3.86541991819463],[-38.4516124389629,-3.86518197197042],[-38.4520407419866,-3.86613375596803],[-38.4528973480341,-3.86580063089434],[-38.4524690450104,-3.86403983027391],[-38.4498350611391,-3.8644503213252],[-38.4493537116045,-3.86370147114593],[-38.4482811936222,-3.86394465232384],[-38.446758339226,-3.86132724475648],[-38.4483287830469,-3.8605182281337],[-38.4479956579732,-3.85970921061152],[-38.4492329776198,-3.85894778431276],[-38.4489474428701,-3.85832912359013],[-38.4481860147727,-3.85851948128898],[-38.4476625337989,-3.857186982793],[-38.4487094966459,-3.85666350091982],[-38.4491377996697,-3.85728216074308],[-38.4502323519414,-3.85661591239439],[-38.4497564603923,-3.85575930634684],[-38.4487570860706,-3.85618760937064],[-38.4479480694478,-3.8546647540751],[-38.4473769990492,-3.85504546767413],[-38.446853517176,-3.85437921932543],[-38.4455210186801,-3.85490270029931],[-38.4451878936064,-3.85433162900144],[-38.444474055833,-3.85461716465041],[-38.445140305081,-3.85609243142052]]]}},{"type":"Feature","properties":{"id":"417","municipality":"2304400","density":"Densa","type":"Vazio intraurbano","state":"CE"},"geometry":{"type":"Polygon","coordinates":[[[-38.4989401078996,-3.82728195090123],[-38.4978479361333,-3.82667161880011],[-38.4967236396842,-3.82474425564282],[-38.4957599585552,-3.8246800098745],[-38.4936398589922,-3.82618977823564],[-38.4935434912391,-3.8275068101911],[-38.4954387306129,-3.82936992758005],[-38.496563027062,-3.83190762283846],[-38.4984582673351,-3.83226097276566],[-38.4990364765521,-3.83107243234686],[-38.4989401078996,-3.82728195090123]]]}},{"type":"Feature","properties":{"id":"418","municipality":"2304400","density":"Densa","type":"Área urbanizada","state":"CE"},"geometry":{"type":"Polygon","coordinates":[[[-38.6120492310871,-3.97494394980339],[-38.6105620680849,-3.97464651702309],[-38.6097292571994,-3.97500343635944],[-38.6097887428562,-3.97762084302741],[-38.6116923117507,-3.97928646569779],[-38.611930257975,-3.98232027915755],[-38.6125251244349,-3.98309360438629],[-38.6136553672014,-3.98356949593546],[-38.6141907462059,-3.98303411693092],[-38.6154399629839,-3.9833315497112],[-38.6165702066497,-3.98523511860577],[-38.6190686411048,-3.98541357827396],[-38.6193065873291,-3.98624638915949],[-38.6217455352282,-3.98565152359892],[-38.6212696427797,-3.98392641527182],[-38.6219239939971,-3.98368846904753],[-38.6219239939971,-3.98327206315514],[-38.6210911831116,-3.9833315497112],[-38.6207937512306,-3.98166592704087],[-38.6189769759067,-3.98181423513881],[-38.6175814781027,-3.97940543880992],[-38.6165107209929,-3.97964338503416],[-38.6157373957641,-3.97785878925168],[-38.6165702066497,-3.97726392369105],[-38.6159158554323,-3.97494394980339],[-38.6143692058741,-3.97506292291554],[-38.6137743412128,-3.97428959768673],[-38.6123466638674,-3.97458703136637],[-38.6120492310871,-3.97494394980339]]]}},{"type":"Feature","properties":{"id":"419","municipality":"2304400","density":"Densa","type":"Vazio intraurbano","state":"CE"},"geometry":{"type":"Polygon","coordinates":[[[-38.4879471189643,-3.79629355160609],[-38.4841590171249,-3.79616030175647],[-38.4843113020249,-3.79873011989908],[-38.4823886980799,-3.79899661869895],[-38.4831310902276,-3.80145222294171],[-38.4886324041621,-3.80078597369369],[-38.4879471189643,-3.79629355160609]]]}},{"type":"Feature","properties":{"id":"420","municipality":"2304400","density":"Densa","type":"Área urbanizada","state":"CE"},"geometry":{"type":"Polygon","coordinates":[[[-38.6623002641458,-3.7097012851861],[-38.6619005136977,-3.71181424683],[-38.6594449112536,-3.71181424683],[-38.6593306973538,-3.71221399637881],[-38.6620718363461,-3.71261374592756],[-38.6623002641458,-3.7131848163262],[-38.6636708327427,-3.7134132441259],[-38.6631568701933,-3.71581174141868],[-38.6587596260559,-3.71529777797003],[-38.6583027686578,-3.7131848163262],[-38.6576174852587,-3.71289928067722],[-38.656875093111,-3.71632570486737],[-38.658702519106,-3.71998055685715],[-38.6590635312569,-3.72004824702896],[-38.6590045483212,-3.72087222837058],[-38.6507240243942,-3.72219282883595],[-38.6495558707068,-3.72500677244456],[-38.6492703350578,-3.72831898093621],[-38.6475571229628,-3.72843319483606],[-38.6464720891156,-3.7255207349939],[-38.6434454153736,-3.72671998364029],[-38.644130699672,-3.73140276342673],[-38.6453299483184,-3.73545736406607],[-38.6470431604135,-3.73545736406607],[-38.6470431604135,-3.73500050756735],[-38.6455012691682,-3.73511472236651],[-38.6453870552683,-3.73385836677016],[-38.6465291960655,-3.73385836677016],[-38.6465291960655,-3.7332872963716],[-38.6453870552683,-3.73340151027146],[-38.6452157344186,-3.73220226162506],[-38.6489276933583,-3.73185961902612],[-38.6489276933583,-3.73431522326888],[-38.6493845498571,-3.7347149728177],[-38.6517259393006,-3.7347149728177],[-38.6518401532004,-3.73614264926381],[-38.6489848003082,-3.7368850414115],[-38.6485850507594,-3.7359142205648],[-38.6456154830681,-3.73654239881264],[-38.6458439117671,-3.73768453960976],[-38.6444162353209,-3.73797007525873],[-38.6440164848728,-3.73682793356221],[-38.6433883084236,-3.7368850414115],[-38.6436167362233,-3.73814139610852],[-38.6353362122963,-3.74019725080246],[-38.6357359609458,-3.7412822846497],[-38.6366496739433,-3.74122517769973],[-38.6369923174415,-3.74208178374727],[-38.6393908129356,-3.7438521027923],[-38.6424174875769,-3.74476581578972],[-38.6449301987696,-3.74465160188988],[-38.646129447416,-3.74356656714333],[-38.6463578752157,-3.7427099619951],[-38.645901018717,-3.74122517769973],[-38.6469289456143,-3.74093964295015],[-38.6474429090629,-3.74196756984742],[-38.6474429090629,-3.74368078194249],[-38.6460723395668,-3.74465160188988],[-38.6464720891156,-3.746307707035],[-38.6472144812632,-3.74659324178464],[-38.654467078293,-3.74550820793742],[-38.6548097208919,-3.74625059918579],[-38.6562945042879,-3.74607927833598],[-38.6565229329869,-3.74722142003249],[-38.6576650737841,-3.747849597381],[-38.6587501076313,-3.74779249043104],[-38.6596638206288,-3.74705009828336],[-38.6646892430141,-3.74682166958434],[-38.6646892430141,-3.74625059918579],[-38.6676588098062,-3.74642192093484],[-38.6675422109043,-3.74447178244673],[-38.6688009506033,-3.74465160188988],[-38.6688009506033,-3.7453368861883],[-38.669600449701,-3.74539399403756],[-38.6696575566508,-3.74625059918579],[-38.6709139131465,-3.746307707035],[-38.6711423409462,-3.74459449493992],[-38.6723986956433,-3.74442317319086],[-38.6721131608936,-3.74225310459708],[-38.6726271252416,-3.74208178374727],[-38.6722273747935,-3.73905510910597],[-38.6715991974449,-3.73911221605591],[-38.6713707687459,-3.73711346921118],[-38.6702857348987,-3.73717057616115],[-38.6701075980871,-3.7360635565878],[-38.6711994478962,-3.73580000666494],[-38.6722844817434,-3.73614264926381],[-38.6727984460913,-3.73774164655971],[-38.6740548007884,-3.73762743265984],[-38.6739976938384,-3.73848403870738],[-38.6747400859861,-3.7387124674064],[-38.6750256207357,-3.7427099619951],[-38.6761677633316,-3.74248153329608],[-38.6761677633316,-3.73974039430368],[-38.6769672606306,-3.73934064475493],[-38.6775954388784,-3.73825561090769],[-38.6774241180286,-3.7347149728177],[-38.6759964406832,-3.73488629366744],[-38.6757680128834,-3.73420100936902],[-38.6742832285881,-3.73414390241914],[-38.6743403373367,-3.73482918671757],[-38.6713707687459,-3.73500050756735],[-38.6711994478962,-3.73454365106858],[-38.6687438436534,-3.7347720797676],[-38.6658313838113,-3.73442943716874],[-38.6650889916636,-3.73163119122643],[-38.6657171699114,-3.7307745851789],[-38.6672590611567,-3.72991797913136],[-38.6672019542068,-3.7288900522341],[-38.6657742768613,-3.72671998364029],[-38.6659455977111,-3.72632023409148],[-38.6682298811041,-3.72620602019162],[-38.6700002001491,-3.72911848003378],[-38.6718847330939,-3.72803344618656],[-38.6719989469938,-3.72723394708897],[-38.6700002001491,-3.7253494141441],[-38.6694291288512,-3.72597759239192],[-38.6683440950039,-3.72563494889374],[-38.6683440950039,-3.72449280809658],[-38.6679443445558,-3.72420727334698],[-38.6681156672042,-3.72186588300406],[-38.6674303820065,-3.720152670909],[-38.6661169185609,-3.72009556395905],[-38.6634926734481,-3.72105213684661],[-38.6617260551133,-3.72112349085639],[-38.6601495291774,-3.72112349085639],[-38.6595756187198,-3.72083653607722],[-38.659468542739,-3.72015838969789],[-38.6605870520507,-3.71803891696243],[-38.6619576206476,-3.71809602391232],[-38.6620718363461,-3.71912395080966],[-38.6629284423936,-3.71918105775957],[-38.6643561179404,-3.71746784566448],[-38.665726688336,-3.7174107387146],[-38.6665832943835,-3.71689677526592],[-38.667439900431,-3.71449827887244],[-38.6698955028751,-3.71358456587496],[-38.6715516080202,-3.71358456587496],[-38.6721226793181,-3.71444117192249],[-38.6744069609125,-3.71404142237366],[-38.6748067113606,-3.71529777797003],[-38.6709234306717,-3.7160401692184],[-38.6705236811229,-3.71729652481476],[-38.6684107203784,-3.71775338131345],[-38.6688104690279,-3.7198663429573],[-38.6712660732706,-3.71900973690982],[-38.6714945010703,-3.71969502210754],[-38.6744069609125,-3.71855288041105],[-38.6765199225563,-3.71541199186988],[-38.6760630660576,-3.71364167282491],[-38.6750922461102,-3.71352745892507],[-38.6738929983632,-3.70513272019884],[-38.6759488521578,-3.70450454195101],[-38.6754348887091,-3.70244868815638],[-38.6742927470126,-3.7026200090062],[-38.673493247915,-3.70164918905882],[-38.6721226793181,-3.70204893860757],[-38.6707521089227,-3.69999308391362],[-38.6698383959252,-3.70039283436177],[-38.6707521089227,-3.70301975855495],[-38.6697241820253,-3.70336240115388],[-38.6694386472757,-3.7026771159561],[-38.6648129753385,-3.70381925765259],[-38.6640705831908,-3.69965044221409],[-38.6631568701933,-3.69919358481606],[-38.6625286919455,-3.69959333526418],[-38.6623573710958,-3.70039283436177],[-38.6623002641458,-3.7097012851861]]]}},{"type":"Feature","properties":{"id":"421","municipality":"2304400","density":"Densa","type":"Vazio intraurbano","state":"CE"},"geometry":{"type":"Polygon","coordinates":[[[-38.5208306236343,-3.82365750139252],[-38.5210670859772,-3.82514014260346],[-38.5217822115798,-3.8252636932648],[-38.5220785525831,-3.82781698096887],[-38.5236866627093,-3.82805533998193],[-38.5238622661306,-3.82752376780758],[-38.5256489267565,-3.82782158909504],[-38.5258261129847,-3.82912570768521],[-38.5272561807281,-3.82947452862654],[-38.5292161110347,-3.82901193984914],[-38.526959345997,-3.82698612161215],[-38.5286207994103,-3.82638790607696],[-38.527612260997,-3.82169438119069],[-38.5235047739261,-3.82252370810262],[-38.5208306236343,-3.82365750139252]]]}},{"type":"Feature","properties":{"id":"422","municipality":"2304400","density":"Densa","type":"Outros equipamentos urbanos","state":"CE"},"geometry":{"type":"Polygon","coordinates":[[[-38.7413814881651,-3.7356486813415],[-38.739989503113,-3.73529176200516],[-38.7388830537099,-3.73447084825103],[-38.7386332112537,-3.73489915127476],[-38.7392042807529,-3.73886095267081],[-38.7435943869713,-3.73686220582608],[-38.7430947002601,-3.73550591306743],[-38.7413814881651,-3.7356486813415]]]}},{"type":"Feature","properties":{"id":"423","municipality":"2304400","density":"Densa","type":"Área urbanizada","state":"CE"},"geometry":{"type":"Polygon","coordinates":[[[-38.6677171362368,-3.86909770019866],[-38.6665274060149,-3.86802694308893],[-38.6646238371204,-3.86963307920321],[-38.6641479446719,-3.86927615986684],[-38.6611141321115,-3.87213151275906],[-38.6606977271184,-3.8715366480978],[-38.6593890228851,-3.87272637831966],[-38.660638239663,-3.8739755950976],[-38.6620064295531,-3.87278586487571],[-38.6631366741182,-3.87367816321659],[-38.661649511116,-3.875403272443],[-38.6624228363448,-3.87647402955275],[-38.6615900236606,-3.87748530010647],[-38.6620064295531,-3.87796119255494],[-38.6638505118915,-3.87641454299672],[-38.6643264052394,-3.87683094888911],[-38.6634935925552,-3.878020679111],[-38.6649807555574,-3.87909143712005],[-38.6662894597907,-3.87766375977463],[-38.6680145690171,-3.87891297655257],[-38.6690853270262,-3.87796119255495],[-38.6698586513556,-3.87885349089585],[-38.6678361102482,-3.88075705889112],[-38.6673602169004,-3.88022168078591],[-38.6661704866786,-3.88111397912678],[-38.6670032975641,-3.88200627566903],[-38.6680740555732,-3.8811734647835],[-38.6684309749096,-3.88147089756383],[-38.6690853270262,-3.88069757323438],[-38.6697991647996,-3.88111397912678],[-38.6681335421292,-3.88260114212899],[-38.6694422463626,-3.88426676389998],[-38.6700965975798,-3.88343395301445],[-38.6713458152571,-3.88450471012425],[-38.6706914631405,-3.88557546813332],[-38.6714647883692,-3.88628930590672],[-38.6721191386873,-3.88575392690217],[-38.6725355445797,-3.88628930590672],[-38.6736308333962,-3.88536926438003],[-38.6740896306319,-3.88554572485528],[-38.6740301440759,-3.88709237441351],[-38.6761716591947,-3.88715186096955],[-38.6760526860825,-3.8863785357408],[-38.6752793608538,-3.8863785357408],[-38.6749819280735,-3.88530777863105],[-38.6740988028175,-3.88487959611644],[-38.6737252757009,-3.88408830513111],[-38.6764616563803,-3.88212524878117],[-38.6777703588149,-3.88319600679023],[-38.6776831002948,-3.8860319370242],[-38.6782914170153,-3.88619677196339],[-38.6785436840437,-3.8847426572478],[-38.679852388277,-3.88498060257269],[-38.679852388277,-3.88575392690217],[-38.679138548705,-3.88581341435752],[-38.6789892171786,-3.88638585262492],[-38.6832431201738,-3.88753852268464],[-38.683481066398,-3.88628930590672],[-38.6825887680571,-3.88622982024999],[-38.6827077411693,-3.88515906224087],[-38.6836000386109,-3.88486163035993],[-38.6833620932859,-3.88408830513111],[-38.6811610907117,-3.88515906224087],[-38.6807446857187,-3.88498060257269],[-38.6807446857187,-3.8841477907879],[-38.6821723621647,-3.88307703367809],[-38.6814585243913,-3.88141141100777],[-38.6808041722747,-3.88081654634647],[-38.680090333602,-3.88135192535106],[-38.6803877663823,-3.88194679001232],[-38.6797334151649,-3.88266062778571],[-38.679138548705,-3.88188730255695],[-38.6778893319271,-3.88272011524107],[-38.677472926934,-3.88212524878117],[-38.6797929008216,-3.87962681522533],[-38.6803877663823,-3.87968630178136],[-38.6806851991625,-3.8792104102322],[-38.6800308470459,-3.87855605811554],[-38.679138548705,-3.87938886900105],[-38.6781272781513,-3.878020679111],[-38.680090333602,-3.87504635310667],[-38.6796739277095,-3.87391610944087],[-38.6785436840437,-3.87373764887338],[-38.6781867647074,-3.87683094888912],[-38.6772944672658,-3.87576019088004],[-38.6769375479295,-3.87593865144754],[-38.6759857630325,-3.87534378588698],[-38.6689663539141,-3.86772951030863],[-38.6677171362368,-3.86909770019866]]]}},{"type":"Feature","properties":{"id":"424","municipality":"2304400","density":"Densa","type":"Área urbanizada","state":"CE"},"geometry":{"type":"Polygon","coordinates":[[[-38.889495294772,-4.02316978335876],[-38.889495294772,-4.02132570102027],[-38.8927075678999,-4.01912470024469],[-38.8926480813439,-4.01876778090833],[-38.889138376335,-4.02079032201574],[-38.8883055654494,-4.01852983378478],[-38.8889599166667,-4.0172806170068],[-38.8889599166667,-4.01620985989707],[-38.8883650511062,-4.01620985989707],[-38.8883650511062,-4.01728061700681],[-38.8870563477722,-4.01870829435227],[-38.8875322402207,-4.01989802457411],[-38.8866399418798,-4.02013597079839],[-38.8866399418798,-4.021087754796],[-38.8876512133328,-4.02132570102027],[-38.8874132671086,-4.02263440525354],[-38.8868184024473,-4.02299132369059],[-38.8862830234427,-4.02239645902934],[-38.8860450772185,-4.02263440525354],[-38.8862235359874,-4.02334824302694],[-38.8849148326533,-4.02596564969491],[-38.8853907251018,-4.02626308337456],[-38.8870563477722,-4.02584667658285],[-38.8874132671086,-4.02453797414814],[-38.8870563477722,-4.02340772958303],[-38.888246077994,-4.02334824302695],[-38.8879486461131,-4.02644154214341],[-38.8903281065568,-4.02596564969491],[-38.890506566225,-4.0253112975783],[-38.889495294772,-4.02316978335876]]]}},{"type":"Feature","properties":{"id":"425","municipality":"2304400","density":"Densa","type":"Vazio intraurbano","state":"CE"},"geometry":{"type":"Polygon","coordinates":[[[-38.5737739930753,-3.74289833129292],[-38.5743751880644,-3.74104790333804],[-38.5729862103453,-3.73997350667196],[-38.5715247625577,-3.74108239683512],[-38.570164082906,-3.74136609157184],[-38.5683821698012,-3.74276012527953],[-38.5671335447772,-3.74646675663547],[-38.5678810936375,-3.74679392729787],[-38.5685582651518,-3.74857528372237],[-38.5693120391192,-3.74861283311571],[-38.5709838374341,-3.74657733727424],[-38.5708788865513,-3.7460446058738],[-38.5720208600746,-3.7455409936219],[-38.572055725891,-3.74418737724562],[-38.573916263125,-3.74440134304752],[-38.5745936306915,-3.74397063073996],[-38.5746996077007,-3.74318957314022],[-38.5737739930753,-3.74289833129292]]]}},{"type":"Feature","properties":{"id":"426","municipality":"2304400","density":"Densa","type":"Área urbanizada","state":"CE"},"geometry":{"type":"Polygon","coordinates":[[[-38.5215332756401,-3.97602895127506],[-38.5249025928803,-3.97597184432511],[-38.5248454859304,-3.97482970262865],[-38.5253023424291,-3.97442995307984],[-38.5257591989279,-3.97551498692708],[-38.5265015910755,-3.97511523827756],[-38.5258734128277,-3.97385888268129],[-38.5265015910755,-3.97357334703231],[-38.5270726605748,-3.97425863223004],[-38.5296995856673,-3.97368756093215],[-38.5303277639151,-3.97517234522753],[-38.5299280152656,-3.97602895127506],[-38.529128516168,-3.97654291472369],[-38.5283290170705,-3.97591473737521],[-38.5274724110229,-3.97648580777377],[-38.5281005883714,-3.97819901986885],[-38.5262160554266,-3.97905562501705],[-38.5259876267276,-3.97979801716476],[-38.5328404751078,-3.98436658215201],[-38.5340397228549,-3.98282469180606],[-38.5336399742054,-3.98208229965839],[-38.5346679011027,-3.98065462321223],[-38.5361526853981,-3.98191097880857],[-38.537980111393,-3.97962669631495],[-38.5390651452402,-3.97974091021479],[-38.5391793591401,-3.97894141111721],[-38.5385511808922,-3.97871298331751],[-38.5394648938897,-3.97568630867614],[-38.5430626389296,-3.9731735983828],[-38.5426057833302,-3.97151749323769],[-38.5406641434354,-3.97283095488461],[-38.540949678185,-3.9736304539822],[-38.5381514322428,-3.97545787997713],[-38.5368379687972,-3.97985512411465],[-38.5345536872029,-3.97854166156839],[-38.5333544376571,-3.97671423557347],[-38.531641225562,-3.97511523827756],[-38.5335828672555,-3.97460127392959],[-38.5335257603056,-3.97265963403482],[-38.53221229686,-3.97225988538538],[-38.5310130491128,-3.96940453159379],[-38.5302135500153,-3.96957585334293],[-38.5299280152656,-3.96889056814518],[-38.5306132986648,-3.96809106904756],[-38.5295853717674,-3.96649207085233],[-38.5296424787174,-3.96455043095755],[-38.5303848708651,-3.96386514575983],[-38.5302706569652,-3.9626087910628],[-38.5287858726698,-3.96278011191259],[-38.5288429796198,-3.96357961101018],[-38.527415304073,-3.96357961101017],[-38.5260447336774,-3.96158086416552],[-38.5261018406274,-3.96112400676749],[-38.5271868753739,-3.96118111371739],[-38.5275295179728,-3.96021029376999],[-38.5288429796198,-3.96123822066733],[-38.5299851222156,-3.96112400676749],[-38.5302706569652,-3.96026740071994],[-38.5296995856673,-3.95866840432337],[-38.5304990847649,-3.95752626172755],[-38.5300993361154,-3.95701229917824],[-38.5319838690602,-3.95621280008061],[-38.5318696551604,-3.95558462183277],[-38.5324978316096,-3.95535619403309],[-38.5322694038099,-3.95467090883535],[-38.5310130491128,-3.95427116018584],[-38.5207908843918,-3.96380803880987],[-38.5219901330382,-3.9654070370051],[-38.5210764200407,-3.96614942915279],[-38.5217617043392,-3.96826238989735],[-38.5225612034367,-3.96917610289479],[-38.5246170581307,-3.96900478204505],[-38.5247883789805,-3.97003270894232],[-38.5206766695926,-3.97180302798729],[-38.5205053487428,-3.97494391742783],[-38.5163365333043,-3.97431573917998],[-38.5162794263544,-3.9729451696838],[-38.5154228203069,-3.97288806273388],[-38.5154228203069,-3.97088931498987],[-38.5148517499083,-3.97100352888971],[-38.5141664647105,-3.97785637726999],[-38.5155370342067,-3.9787700902674],[-38.5167362828531,-3.97808480506969],[-38.5167362828531,-3.9773424138213],[-38.5206766695926,-3.97642870082383],[-38.5215332756401,-3.97602895127506]]]}},{"type":"Feature","properties":{"id":"427","municipality":"2304400","density":"Densa","type":"Área urbanizada","state":"CE"},"geometry":{"type":"Polygon","coordinates":[[[-38.5225377401245,-3.86919769941427],[-38.5194741842861,-3.86809719812716],[-38.5181654809521,-3.86919769941427],[-38.5205746846739,-3.8699710237437],[-38.5191470082278,-3.87116075396557],[-38.5209613472883,-3.8718448493603],[-38.5223592813557,-3.870595631683],[-38.5225377401245,-3.86919769941427]]]}},{"type":"Feature","properties":{"id":"428","municipality":"2306405","density":"Densa","type":"Área urbanizada","state":"CE"},"geometry":{"type":"Polygon","coordinates":[[[-39.6529497879999,-3.28015649499998],[-39.6526820989999,-3.28206006399997],[-39.653180623,-3.28260409999996],[-39.653336451,-3.28378517299996],[-39.652886807,-3.28410990499999],[-39.652920045,-3.28518310599998],[-39.6543558859999,-3.28506480599998],[-39.654649701,-3.28554225699999],[-39.6587396789999,-3.28589238499995],[-39.658482035,-3.28473695699995],[-39.65916613,-3.284707214],[-39.6590668549999,-3.28398881699998],[-39.65642975,-3.28426106499996],[-39.6561918039999,-3.28336876699997],[-39.6567171369999,-3.28318574799995],[-39.6567171369999,-3.28238267999996],[-39.655567195,-3.28232775299996],[-39.654576247,-3.27988630499993],[-39.6529497879999,-3.28015649499998]]]}},{"type":"Feature","properties":{"id":"429","municipality":"2306405","density":"Densa","type":"Área urbanizada","state":"CE"},"geometry":{"type":"Polygon","coordinates":[[[-39.514907899,-3.53094769899997],[-39.514134574,-3.53103692899992],[-39.5143725199999,-3.53371382299997],[-39.513509966,-3.53407074199993],[-39.5126474109999,-3.53374356599994],[-39.512528438,-3.53466560699997],[-39.51300433,-3.53499278299995],[-39.5131827899999,-3.53463586399995],[-39.51550042,-3.53469001599997],[-39.514907899,-3.53094769899997]]]}},{"type":"Feature","properties":{"id":"430","municipality":"2306405","density":"Densa","type":"Área urbanizada","state":"CE"},"geometry":{"type":"Polygon","coordinates":[[[-39.6633438,-3.58533578799995],[-39.6596982249999,-3.58765235999994],[-39.658270548,-3.58946669899997],[-39.6590141299999,-3.58925849599997],[-39.660408914,-3.587593945],[-39.662600218,-3.58709063999995],[-39.6637602059999,-3.58857780299996],[-39.6638791789999,-3.58789370799998],[-39.6649796789999,-3.58694192399999],[-39.66471199,-3.58536553099998],[-39.6651581389999,-3.58483015199993],[-39.6656637739999,-3.58444348999997],[-39.6673293969999,-3.58494912499999],[-39.6686975869999,-3.58468143599992],[-39.667775546,-3.58417580099996],[-39.6673293969999,-3.58337273299997],[-39.665931464,-3.58337273299997],[-39.6669724779999,-3.58268863699994],[-39.6667047889999,-3.58209377199996],[-39.665931464,-3.58245069099997],[-39.6655448009999,-3.58322401599998],[-39.6633438,-3.58533578799995]]]}},{"type":"Feature","properties":{"id":"431","municipality":"2306405","density":"Densa","type":"Área urbanizada","state":"CE"},"geometry":{"type":"Polygon","coordinates":[[[-39.583255901,-3.55463836099996],[-39.5826942689999,-3.55589116899997],[-39.583107185,-3.55677987599996],[-39.5824640559999,-3.55721414899994],[-39.5827502659999,-3.55752345799994],[-39.5821041619999,-3.55844195099997],[-39.582780009,-3.55871318799995],[-39.582694269,-3.55933662799994],[-39.583151125,-3.55941277099993],[-39.583821023,-3.55814806599996],[-39.583464104,-3.55799934999995],[-39.5842969159999,-3.55779114699993],[-39.584564605,-3.55710705199994],[-39.584357153,-3.55462212899995],[-39.583255901,-3.55463836099996]]]}},{"type":"Feature","properties":{"id":"432","municipality":"2306405","density":"Densa","type":"Área urbanizada","state":"CE"},"geometry":{"type":"Polygon","coordinates":[[[-39.4965563059999,-3.51164432199996],[-39.4952476029999,-3.51021664499997],[-39.495188116,-3.50971100999993],[-39.495753238,-3.50926486099996],[-39.494801454,-3.50902691499994],[-39.4945932509999,-3.50843204999997],[-39.4939983859999,-3.50855102299995],[-39.494117359,-3.50965152299996],[-39.4936414659999,-3.51003818599997],[-39.492600452,-3.50899717199997],[-39.493135831,-3.50872948199998],[-39.4929573709999,-3.50840230599995],[-39.4915296949999,-3.50852127899999],[-39.491767641,-3.50959203699994],[-39.492392249,-3.50935409099998],[-39.492719425,-3.50971100999994],[-39.491975844,-3.51063305099997],[-39.491380979,-3.50988946899999],[-39.4896558689999,-3.51027613199995],[-39.489150234,-3.51482685099995],[-39.489774842,-3.51527299999999],[-39.4909050859999,-3.51515402699995],[-39.4915891809999,-3.51548120299998],[-39.491916357,-3.51625452799994],[-39.492838398,-3.51649247399998],[-39.4922732759999,-3.51854475899997],[-39.4911132889999,-3.52021038199995],[-39.4915296949999,-3.52047807099997],[-39.49495017,-3.51577863499996],[-39.4953070889999,-3.51762271799993],[-39.496020927,-3.51774169099998],[-39.4964075899999,-3.51720631199994],[-39.4964968199999,-3.51676016299997],[-39.4955152919999,-3.51628427099998],[-39.4969132249999,-3.51372634999998],[-39.497032198,-3.51235815999998],[-39.4964968199999,-3.51244738999999],[-39.4965563059999,-3.51164432199996]]]}},{"type":"Feature","properties":{"id":"433","municipality":"2306405","density":"Densa","type":"Área urbanizada","state":"CE"},"geometry":{"type":"Polygon","coordinates":[[[-39.5719968729999,-3.47801851299996],[-39.5700040739999,-3.47781030999995],[-39.569594878,-3.47606275099997],[-39.566644346,-3.47658623299999],[-39.5643124749999,-3.47620551899997],[-39.563836582,-3.47710971399995],[-39.5622410829999,-3.47670980899996],[-39.5607295039999,-3.47550301299999],[-39.5602536119999,-3.47574095899996],[-39.562538515,-3.47870260799995],[-39.563108965,-3.48070808399996],[-39.564360064,-3.48220176099994],[-39.563170333,-3.48329631299992],[-39.563639016,-3.48423485399997],[-39.5655479119999,-3.48567520899998],[-39.56652944,-3.48555623599999],[-39.56771917,-3.48692442599999],[-39.567713843,-3.4875661],[-39.5662617509999,-3.48787621099997],[-39.566613342,-3.49051068299998],[-39.5669161019999,-3.49049361799996],[-39.5672730219999,-3.49186180799995],[-39.568844087,-3.49143272399993],[-39.5691117759999,-3.49024299299993],[-39.5715263079999,-3.48915517099994],[-39.571645281,-3.49001772499997],[-39.572443022,-3.49024299299993],[-39.5740247419999,-3.49183206399994],[-39.572175332,-3.49253322499995],[-39.572121173,-3.49373563299999],[-39.5713722639999,-3.49384192799993],[-39.570247348,-3.49311102499995],[-39.570063561,-3.49345526599996],[-39.5706286829999,-3.49422859099998],[-39.5700986309999,-3.49459818799996],[-39.5696822259999,-3.49436024199997],[-39.567213535,-3.49510382299998],[-39.566469953,-3.49569868899994],[-39.5667079,-3.49653149999995],[-39.567183792,-3.49647201299995],[-39.567510968,-3.49703713499998],[-39.5720319439999,-3.49620432399996],[-39.5722104029999,-3.49668021599997],[-39.5661671929999,-3.49863059299997],[-39.5664402099999,-3.49995197499994],[-39.567629941,-3.50054683999998],[-39.574262688,-3.49864327199998],[-39.574530378,-3.50072529999994],[-39.57372731,-3.50108221899996],[-39.5740247419999,-3.50248015199999],[-39.571407335,-3.50390782899997],[-39.5713181049999,-3.50518678899994],[-39.570128375,-3.50610883099996],[-39.5692658199999,-3.50952930599995],[-39.566767386,-3.50780419599994],[-39.5679571169999,-3.51048108999994],[-39.566202264,-3.51098672599995],[-39.565458683,-3.51158159099999],[-39.5651909929999,-3.51253337499999],[-39.5644474119999,-3.51262260499994],[-39.56370383,-3.51119492799997],[-39.563103637,-3.51121199399996],[-39.562692559,-3.51294978099999],[-39.5614135989999,-3.51348515999997],[-39.5606349459999,-3.51168788599996],[-39.5562085279999,-3.51369336199999],[-39.556565447,-3.51452617399997],[-39.5570115959999,-3.51443694399997],[-39.5577498499999,-3.51546527999996],[-39.55650596,-3.51565641799995],[-39.5561787849999,-3.51815485199997],[-39.556976525,-3.51736884899999],[-39.5574280019999,-3.51806562199995],[-39.5593613139999,-3.51708409399994],[-39.559921108,-3.51623860499997],[-39.560402328,-3.51693537799997],[-39.564149979,-3.51717332399995],[-39.56604822,-3.51683346999993],[-39.566375396,-3.51817191699996],[-39.5648638169999,-3.51943381199995],[-39.565518169,-3.52279480099998],[-39.565042277,-3.52523374799994],[-39.5651315069999,-3.52570964099995],[-39.565637142,-3.52579886999996],[-39.566410467,-3.52255685499996],[-39.565994061,-3.52068302899995],[-39.5670000049999,-3.51835037699993],[-39.56652944,-3.51550770099993],[-39.5669458459999,-3.51443694399997],[-39.567892302,-3.51427555],[-39.567094562,-3.51345541599995],[-39.568516911,-3.51204480499997],[-39.568992803,-3.51246121099997],[-39.569801199,-3.51196825299997],[-39.56887383,-3.51082533099999],[-39.569647155,-3.51031969599995],[-39.5705691959999,-3.51115250699996],[-39.571288362,-3.51074877899993],[-39.5711938049999,-3.51005200599997],[-39.57209143,-3.50991596799999],[-39.572388863,-3.50830983199995],[-39.573043214,-3.50801239899995],[-39.572953985,-3.50545447899998],[-39.573484036,-3.50508488099996],[-39.573632752,-3.50579871999999],[-39.574470891,-3.50637651999996],[-39.5753578609999,-3.50600692299999],[-39.5759229829999,-3.50654230099998],[-39.576960792,-3.50576366899997],[-39.578256116,-3.50751922599996],[-39.5795886139999,-3.50770958299995],[-39.580538517,-3.50685241199994],[-39.582917978,-3.50688215499998],[-39.583155924,-3.50741753399997],[-39.582263626,-3.50848829199992],[-39.5821446529999,-3.51048108999994],[-39.583007207,-3.51274157799999],[-39.583661559,-3.51274157799999],[-39.583691302,-3.51336618699997],[-39.5851784659999,-3.51318772699994],[-39.5857435879999,-3.51220619899993],[-39.584964935,-3.51204480499997],[-39.585118979,-3.51125441499995],[-39.5871361929999,-3.51079558799995],[-39.5875525989999,-3.50999251999998],[-39.5875525989999,-3.50921919499996],[-39.586571071,-3.50788074799993],[-39.5849351919999,-3.50701819399996],[-39.585029749,-3.50494884299997],[-39.5869577339999,-3.50431155699995],[-39.5855895439999,-3.50205106899995],[-39.5863331249999,-3.50047467599995],[-39.587052291,-3.50036838099992],[-39.5882717649999,-3.50114170599996],[-39.5900510329999,-3.50151568999996],[-39.5902645639999,-3.50206374699998],[-39.591121791,-3.50211055499994],[-39.5925250509999,-3.50134990899996],[-39.5928224839999,-3.50036838099993],[-39.5940122149999,-3.50042786699995],[-39.59579681,-3.50170682799996],[-39.5978193519999,-3.50230169299993],[-39.597878839,-3.50361039599994],[-39.598503447,-3.50372936999998],[-39.598503447,-3.50253963899996],[-39.5990090829999,-3.50259912599995],[-39.598979339,-3.50132016499994],[-39.5999608669999,-3.50134990899996],[-39.601031625,-3.49804840599996],[-39.601180341,-3.49599612099997],[-39.60171572,-3.49537151299997],[-39.6008234219999,-3.49308128199995],[-39.6025782739999,-3.49195103799998],[-39.605046965,-3.49141565899993],[-39.605493114,-3.49067207699996],[-39.609032562,-3.48969054999999],[-39.6102169649999,-3.48958864199994],[-39.617520374,-3.49104616199998],[-39.616184725,-3.48439086499997],[-39.6168794559999,-3.48387793499995],[-39.6161412019999,-3.48210601799998],[-39.6128991859999,-3.48290908599995],[-39.6124530369999,-3.48237370699996],[-39.6117391989999,-3.48255216699996],[-39.6114715099999,-3.48392035699994],[-39.610246708,-3.48459177399997],[-39.6098356299999,-3.48415830299996],[-39.609448968,-3.48448547899994],[-39.609776144,-3.48653776399994],[-39.60816468,-3.48694149099994],[-39.608051035,-3.48564546599993],[-39.607694115,-3.48564546599993],[-39.6075995579999,-3.48679277499999],[-39.605969006,-3.48650801999997],[-39.60533907,-3.48709020799993],[-39.605314654,-3.48814389999996],[-39.6064395709999,-3.48923172199995],[-39.604387286,-3.49039170999994],[-39.603440829,-3.48980952299996],[-39.6016211619999,-3.49175989999999],[-39.600972138,-3.48850081899998],[-39.599484975,-3.48861979199996],[-39.599301188,-3.48744712699994],[-39.5988603659999,-3.48740031799998],[-39.597784281,-3.48878557399998],[-39.593675023,-3.48919737599994],[-39.593447093,-3.49180232099998],[-39.5919546019999,-3.49208707599997],[-39.5918666329999,-3.49124371299997],[-39.5907720809999,-3.49143406899998],[-39.590486546,-3.48986362499996],[-39.5870225479999,-3.49082079399995],[-39.5868685039999,-3.49158143999995],[-39.585946463,-3.49107580499997],[-39.5855003139999,-3.48961838499997],[-39.586249223,-3.48939311699997],[-39.5863979389999,-3.48760852099998],[-39.5885043829999,-3.48753635699995],[-39.5878202879999,-3.48557330099993],[-39.5890153459999,-3.48469368099997],[-39.5905917389999,-3.48445573499994],[-39.5905619959999,-3.48344446399994],[-39.588926117,-3.48323626199993],[-39.588836887,-3.48427727599994],[-39.5846675029999,-3.48765532999995],[-39.5842510969999,-3.48706046399998],[-39.583745461,-3.48717943699995],[-39.583180339,-3.48804199199999],[-39.5817229199999,-3.48857737099996],[-39.583596745,-3.48542458499998],[-39.5846080159999,-3.48584099099997],[-39.585000006,-3.48445573499994],[-39.584732317,-3.48392035699994],[-39.5851784659999,-3.48293882899998],[-39.5856192869999,-3.48286666399997],[-39.5867548589999,-3.47829887999996],[-39.586576399,-3.47752555499994],[-39.5856543579999,-3.47764452799995],[-39.586100507,-3.47844759599998],[-39.5856490299999,-3.48069540599994],[-39.5778021359999,-3.48136243599994],[-39.577088298,-3.48038090799997],[-39.5767611219999,-3.47892348899997],[-39.576136514,-3.47895323199999],[-39.5760770269999,-3.47829887999996],[-39.573354426,-3.47825185599993],[-39.573102701,-3.47743632499992],[-39.574857553,-3.47710914999993],[-39.5747980669999,-3.47624659499997],[-39.573310904,-3.47612762199998],[-39.5714965649999,-3.47237997099997],[-39.570360993,-3.47254575199998],[-39.5719968729999,-3.47801851299996]]]}},{"type":"Feature","properties":{"id":"434","municipality":"2306405","density":"Densa","type":"Área urbanizada","state":"CE"},"geometry":{"type":"Polygon","coordinates":[[[-39.4475505149999,-3.14692971099994],[-39.443918969,-3.14676742499996],[-39.440620335,-3.14788149499999],[-39.4380000589999,-3.14822484499998],[-39.4346390709999,-3.15039610299995],[-39.4340144619999,-3.15099096799997],[-39.434166047,-3.15156965899997],[-39.4312185959999,-3.15265659099992],[-39.4313106939999,-3.15397886399995],[-39.433776516,-3.15340017299998],[-39.434252408,-3.15277556399998],[-39.435442139,-3.15250787499999],[-39.437167248,-3.15262684799997],[-39.437137505,-3.15345965899997],[-39.4374646809999,-3.15351914599995],[-39.4382380059999,-3.15250787499999],[-39.4391897899999,-3.15247813199995],[-39.439160047,-3.15298376699997],[-39.4405579799999,-3.15337042899996],[-39.44073644,-3.15295402399995],[-39.4430564139999,-3.15241864499997],[-39.443086157,-3.15170480699994],[-39.442045143,-3.15179403699995],[-39.4417179669999,-3.15108019799994],[-39.4428482109999,-3.15051507599998],[-39.4419290379999,-3.14892250899993],[-39.4438326069999,-3.14844661699994],[-39.4438892249999,-3.14795715599996],[-39.4479937959999,-3.14780843899998],[-39.4480532819999,-3.14739203399995],[-39.448915837,-3.14718383099995],[-39.450789662,-3.14712434399996],[-39.451265555,-3.14968226499998],[-39.45168196,-3.14977149499994],[-39.4521012339999,-3.15103428099997],[-39.4536776269999,-3.150915308],[-39.4548050029999,-3.15158583399995],[-39.4558460169999,-3.15161557699998],[-39.456354521,-3.15130196999996],[-39.4560868309999,-3.15073684799997],[-39.454748385,-3.15040967199997],[-39.453615272,-3.14676742499996],[-39.456976261,-3.14646999299993],[-39.457779329,-3.14682691199994],[-39.45861214,-3.14649973599997],[-39.45825809,-3.14562100699994],[-39.4475505149999,-3.14692971099994]]]}},{"type":"Feature","properties":{"id":"435","municipality":"2306405","density":"Densa","type":"Área urbanizada","state":"CE"},"geometry":{"type":"Polygon","coordinates":[[[-39.631880187,-3.63140081399995],[-39.6315530109999,-3.63047877299995],[-39.6324875139999,-3.63025849599997],[-39.633843242,-3.62872392099997],[-39.632249568,-3.62826569699996],[-39.631671984,-3.62919981299995],[-39.631196092,-3.62925929999994],[-39.63007945,-3.62866757799998],[-39.62999022,-3.63009525499996],[-39.628472174,-3.63156719899997],[-39.628739863,-3.63183488899994],[-39.6304661119999,-3.63048191699994],[-39.630733802,-3.63077934999996],[-39.6311663489999,-3.63041928699995],[-39.6308527749999,-3.63220702699995],[-39.631880187,-3.63140081399995]]]}},{"type":"Feature","properties":{"id":"436","municipality":"2307304","density":"Densa","type":"Área urbanizada","state":"CE"},"geometry":{"type":"Polygon","coordinates":[[[-39.3123627738229,-7.13788790100581],[-39.3117084217063,-7.1395535227768],[-39.3107566377086,-7.13931557655258],[-39.3115894485941,-7.14163555223888],[-39.311113557045,-7.14568063625235],[-39.311410988926,-7.14574012190905],[-39.3126602066032,-7.14002941612462],[-39.3139094242804,-7.14038633456163],[-39.3155750460515,-7.13991044301248],[-39.3174191292894,-7.14044582111769],[-39.3174191292894,-7.13925609089586],[-39.3136119906009,-7.13925609089586],[-39.3136119906009,-7.13842327911102],[-39.3128386662714,-7.13794738666251],[-39.3128981528275,-7.1359843321112],[-39.3123627738229,-7.13610330522328],[-39.3123627738229,-7.13788790100581]]]}},{"type":"Feature","properties":{"id":"437","municipality":"2307304","density":"Densa","type":"Área urbanizada","state":"CE"},"geometry":{"type":"Polygon","coordinates":[[[-39.2838623129953,-7.30006315369156],[-39.2855440470201,-7.30047084695194],[-39.2863768588049,-7.29654473695002],[-39.2851871276837,-7.2959498713894],[-39.2846987301622,-7.29617786211862],[-39.2838623129953,-7.30006315369156]]]}},{"type":"Feature","properties":{"id":"438","municipality":"2307304","density":"Densa","type":"Área urbanizada","state":"CE"},"geometry":{"type":"Polygon","coordinates":[[[-39.3854852230646,-7.18045415883233],[-39.3850093306161,-7.18039467317557],[-39.3848903584033,-7.1818223487224],[-39.3852472768403,-7.18247670083901],[-39.3876862247394,-7.18348797229203],[-39.3879738009501,-7.17715519825373],[-39.3872926796134,-7.17700383785677],[-39.3872926796134,-7.17552807556019],[-39.3866229958545,-7.17531499469118],[-39.3867344407418,-7.17408910093122],[-39.3863180348494,-7.17397012781909],[-39.3854852230646,-7.18045415883233]]]}},{"type":"Feature","properties":{"id":"439","municipality":"2307304","density":"Densa","type":"Área urbanizada","state":"CE"},"geometry":{"type":"Polygon","coordinates":[[[-39.350378561921,-7.37744066155722],[-39.3504975350332,-7.3751801742256],[-39.3493078048113,-7.37512068766956],[-39.3499026703719,-7.37595349855509],[-39.3496052375916,-7.37779758089357],[-39.3478801283652,-7.37773809523687],[-39.3484155073697,-7.38005806912451],[-39.3508544552688,-7.3807719077973],[-39.3507354821567,-7.37970114978816],[-39.351330346818,-7.37833295989817],[-39.3508544552688,-7.37744066155722],[-39.350378561921,-7.37744066155722]]]}},{"type":"Feature","properties":{"id":"440","municipality":"2307304","density":"Densa","type":"Área urbanizada","state":"CE"},"geometry":{"type":"Polygon","coordinates":[[[-39.2901108592287,-7.21134657168688],[-39.2908130795599,-7.20954759574488],[-39.2837945976425,-7.21022237416321],[-39.284069467332,-7.20853389522302],[-39.2828521908759,-7.20869096271771],[-39.2824244436331,-7.21230737408599],[-39.2901108592287,-7.21134657168688]]]}},{"type":"Feature","properties":{"id":"441","municipality":"2307304","density":"Densa","type":"Área urbanizada","state":"CE"},"geometry":{"type":"Polygon","coordinates":[[[-39.4752906871155,-7.04016084324826],[-39.4752312005594,-7.03897111212706],[-39.474874281223,-7.03897111212706],[-39.474874281223,-7.03968495079977],[-39.4741604425503,-7.03962546424373],[-39.4739224972254,-7.04123160035802],[-39.4729707132277,-7.04158851879505],[-39.4724353342232,-7.04051776168531],[-39.4729707132277,-7.0402798163604],[-39.4725543073354,-7.03986340956862],[-39.4716025233378,-7.04051776168531],[-39.4725543073354,-7.04182646501931],[-39.4717809821066,-7.04218338525498],[-39.4707697106536,-7.04069622135347],[-39.470234331649,-7.04093416757775],[-39.4697584400999,-7.0420049246875],[-39.4690446023265,-7.04182646501931],[-39.468866141759,-7.04289722302838],[-39.4679738443174,-7.04289722302838],[-39.4696394669878,-7.04414643980629],[-39.4765399038934,-7.04105314068983],[-39.4763614451245,-7.04057724824139],[-39.4752906871155,-7.04016084324826]]]}},{"type":"Feature","properties":{"id":"442","municipality":"2307304","density":"Densa","type":"Área urbanizada","state":"CE"},"geometry":{"type":"Polygon","coordinates":[[[-39.3217616451838,-7.17316340986343],[-39.3231298350738,-7.17423416787251],[-39.3248549443002,-7.17964744087664],[-39.3286620820893,-7.17982590144414],[-39.329673352643,-7.18036128044866],[-39.3297923257552,-7.18166998288337],[-39.3319933274301,-7.18196741566367],[-39.3324097333225,-7.1826217677803],[-39.3323502458671,-7.18309766022879],[-39.3318743543179,-7.18309766022878],[-39.331874354318,-7.18488225601124],[-39.3303871913158,-7.18523917534759],[-39.3299707854234,-7.18660736523767],[-39.3294354073182,-7.18690479711865],[-39.3280672174281,-7.18630993155807],[-39.3277102971924,-7.18666685089443],[-39.3284241358651,-7.18744017612318],[-39.3278292703045,-7.18815401389657],[-39.3270559459751,-7.190890394576],[-39.3264610804145,-7.1905929617957],[-39.3252713501926,-7.19118782735633],[-39.3250928896251,-7.19178269291689],[-39.3264015938584,-7.19374574836753],[-39.3260446754214,-7.19558982980676],[-39.3266990257394,-7.19576829037424],[-39.3271154316318,-7.19416215425997],[-39.3280077299727,-7.19356728780003],[-39.3290190014257,-7.19362677525545],[-39.328305162753,-7.18851093413224],[-39.3302682182037,-7.18767812234745],[-39.3314579484255,-7.18779709456021],[-39.331933840874,-7.18732120301104],[-39.3335994626451,-7.18755914923532],[-39.3338968963247,-7.18803504078448],[-39.3346702206541,-7.18785658201563],[-39.3346702206541,-7.18738068956714],[-39.3343133022171,-7.18595301312103],[-39.3335399769883,-7.18607198623313],[-39.3331235710959,-7.18535814756042],[-39.3330640854392,-7.18143203665915],[-39.3305656509839,-7.1802423073366],[-39.3315174349816,-7.17845771065476],[-39.3309225703203,-7.1781602778745],[-39.3288405408582,-7.17887411744653],[-39.3249144308563,-7.17798181910565],[-39.3237246997351,-7.1739367350922],[-39.3225944560692,-7.17292546363923],[-39.3217616451838,-7.17316340986343]]]}},{"type":"Feature","properties":{"id":"443","municipality":"2307304","density":"Densa","type":"Área urbanizada","state":"CE"},"geometry":{"type":"Polygon","coordinates":[[[-39.3034494914008,-7.31593734433296],[-39.3032710317327,-7.31498555943597],[-39.3036874367258,-7.31492607287994],[-39.3039253838493,-7.31575888376546],[-39.3045797350667,-7.31581837122083],[-39.3048176812909,-7.31510453164879],[-39.3076730350825,-7.31569939810869],[-39.3074350888582,-7.31617528965786],[-39.3090412249725,-7.31653220899422],[-39.3095766030777,-7.3162347762139],[-39.3100524964255,-7.31462864009962],[-39.3099930089701,-7.31373634175874],[-39.3063048451924,-7.31302250398535],[-39.3068402232976,-7.31224917875655],[-39.3060668980688,-7.31159482663993],[-39.3082678997437,-7.31111893509074],[-39.3081489266316,-7.31052407042946],[-39.3070186829658,-7.31064304264225],[-39.3070781686225,-7.30963177208855],[-39.3058884393,-7.30885844685979],[-39.304936654403,-7.30624104019182],[-39.3029141132956,-7.30499182341391],[-39.3007725981768,-7.30647898641605],[-39.2992854351746,-7.30879896120303],[-39.2987500561701,-7.30862050063554],[-39.2980362183967,-7.30951279897647],[-39.2978577578292,-7.31213020564446],[-39.2967275141634,-7.31373634175874],[-39.296311108271,-7.31718656111088],[-39.2951808637059,-7.3188521837812],[-39.2952998368179,-7.32045831989553],[-39.292384998269,-7.32563364667539],[-39.2926229435939,-7.32819156768667],[-39.2942885662643,-7.32950027191999],[-39.295002404937,-7.32884591980333],[-39.2967870007194,-7.3297382181442],[-39.2987500561701,-7.3268233777966],[-39.3016054090623,-7.32747772991325],[-39.3005941376093,-7.32236188879011],[-39.3014126798512,-7.32110642891853],[-39.3034494914008,-7.31593734433296]]]}},{"type":"Feature","properties":{"id":"444","municipality":"2307304","density":"Densa","type":"Área urbanizada","state":"CE"},"geometry":{"type":"Polygon","coordinates":[[[-39.4196102031483,-7.11913100639078],[-39.4188963653749,-7.12097508783002],[-39.4195507165923,-7.1211535483975],[-39.4200860946975,-7.12055868283687],[-39.4202050687089,-7.12210533239512],[-39.4209189073816,-7.12210533239512],[-39.4209783930383,-7.12258122484361],[-39.420264555265,-7.12258122484361],[-39.4202645552649,-7.12359249629663],[-39.4196696897044,-7.12347352318449],[-39.4195507165922,-7.12394941473366],[-39.4205025005899,-7.12412787440184],[-39.4201455821528,-7.12561503740404],[-39.4205619880453,-7.12567452396007],[-39.4213947989308,-7.12281917106783],[-39.4213947989308,-7.12014227694449],[-39.4206809611574,-7.11889306016657],[-39.4196102031483,-7.11913100639078]]]}},{"type":"Feature","properties":{"id":"445","municipality":"2307304","density":"Densa","type":"Área urbanizada","state":"CE"},"geometry":{"type":"Polygon","coordinates":[[[-39.2808411413056,-7.22921320582475],[-39.279719803626,-7.22913844967969],[-39.2794207808443,-7.22764333397265],[-39.2777013976014,-7.22854040411629],[-39.2774023748197,-7.22943747336063],[-39.2791888978494,-7.2313205449072],[-39.2788676708063,-7.23281960593999],[-39.275549168859,-7.23460649229573],[-39.2765800608211,-7.23586647126058],[-39.2775518862105,-7.23556744757957],[-39.2774771309648,-7.23661402911411],[-39.2790470019176,-7.23676354140428],[-39.2817382114492,-7.23676354140428],[-39.2860481458052,-7.23617304385084],[-39.2872520016785,-7.23570417960418],[-39.2871125033393,-7.23467558540989],[-39.2885758720788,-7.23428297378019],[-39.2885401797854,-7.23364051969419],[-39.2844713024086,-7.2341758977994],[-39.2843999178219,-7.23160608055611],[-39.2863629732725,-7.2306067071338],[-39.2862983138161,-7.22958698475151],[-39.2858497787443,-7.22966174089658],[-39.285027465645,-7.2280171128994],[-39.281513943014,-7.22891418304307],[-39.2812896763774,-7.22689577611913],[-39.2807663851605,-7.22697053226422],[-39.2808411413056,-7.22921320582475]]]}},{"type":"Feature","properties":{"id":"446","municipality":"2307304","density":"Densa","type":"Área urbanizada","state":"CE"},"geometry":{"type":"Polygon","coordinates":[[[-39.4036083276621,-7.1203802231687],[-39.4046790847719,-7.1203802231687],[-39.4055713831128,-7.11585924670682],[-39.4042031932227,-7.11574027359473],[-39.4036083276621,-7.1203802231687]]]}},{"type":"Feature","properties":{"id":"447","municipality":"2307304","density":"Densa","type":"Área urbanizada","state":"CE"},"geometry":{"type":"Polygon","coordinates":[[[-39.3098048528117,-7.18161049722664],[-39.3105186923837,-7.18285971400458],[-39.311410988926,-7.18297868711666],[-39.3120058553858,-7.18202690221972],[-39.3112920158138,-7.17804130476237],[-39.3095074209307,-7.17768438632532],[-39.3098048528117,-7.18161049722664]]]}},{"type":"Feature","properties":{"id":"448","municipality":"2307304","density":"Densa","type":"Área urbanizada","state":"CE"},"geometry":{"type":"Polygon","coordinates":[[[-39.3155688722056,-7.28706705889761],[-39.3151524663132,-7.28724551766648],[-39.3131894108626,-7.29081471013076],[-39.3089063806249,-7.28914908656106],[-39.3069433260736,-7.29456236136382],[-39.3070622991857,-7.29634695714628],[-39.3093227874166,-7.29741771425609],[-39.3108099504188,-7.29444338825171],[-39.3102150848582,-7.29390800924718],[-39.3120591671968,-7.29218290002076],[-39.312535058746,-7.29248033280107],[-39.3101555983022,-7.29789360580521],[-39.3109289226316,-7.29908333692641],[-39.3115832747483,-7.29932128315068],[-39.3134868436429,-7.29848847226515],[-39.314617088208,-7.29908333692641],[-39.314914520089,-7.29854795792187],[-39.3142601679724,-7.29747720081214],[-39.3150929797571,-7.29604952436603],[-39.3159852780981,-7.29658490337058],[-39.3163421974344,-7.29539517224937],[-39.3171155217639,-7.29581157814176],[-39.31854319821,-7.29307519836171],[-39.3169965486517,-7.29224238657684],[-39.3178888460934,-7.29057676390648],[-39.3187216578781,-7.29075522267533],[-39.3197924149879,-7.28855422189981],[-39.3155688722056,-7.28706705889761]]]}},{"type":"Feature","properties":{"id":"449","municipality":"2307304","density":"Densa","type":"Área urbanizada","state":"CE"},"geometry":{"type":"Polygon","coordinates":[[[-39.4095132438411,-7.15901861641596],[-39.4081926433757,-7.15891154043521],[-39.408121258789,-7.1556278836199],[-39.4061225119443,-7.1550568132213],[-39.4054086741709,-7.15923276657889],[-39.4116190666666,-7.16076751990507],[-39.4113692233109,-7.15798354980093],[-39.4095132438411,-7.15901861641596]]]}},{"type":"Feature","properties":{"id":"450","municipality":"2307304","density":"Densa","type":"Área urbanizada","state":"CE"},"geometry":{"type":"Polygon","coordinates":[[[-39.3506659222944,-7.23269637543736],[-39.352991955814,-7.23269637543736],[-39.3537738192064,-7.23007205478145],[-39.3529919558141,-7.22910976310506],[-39.3516086600116,-7.22868875987832],[-39.3519093762167,-7.2276663242414],[-39.3502044270926,-7.22755976357217],[-39.3502253642092,-7.22676417382751],[-39.3478797749316,-7.22634317060079],[-39.3476993448488,-7.22742575019819],[-39.3465566230897,-7.22742575019818],[-39.3467370531724,-7.22544102108623],[-39.345474042593,-7.22538087802507],[-39.3451733272872,-7.22634317060079],[-39.3449928972044,-7.22580188125177],[-39.3440907476898,-7.22580188125177],[-39.3442110338121,-7.2247794447156],[-39.343609601402,-7.22465915859322],[-39.343609601402,-7.22405772618305],[-39.3443914638949,-7.22399758222258],[-39.3447523240605,-7.22129113367885],[-39.3458349027585,-7.22129113367885],[-39.3455943296146,-7.2229150026252],[-39.3467370531724,-7.2229150026252],[-39.3473986286438,-7.22147156376162],[-39.3469174832552,-7.22135127674],[-39.3475189156654,-7.21918611844456],[-39.346436336068,-7.21900568926112],[-39.3463761930068,-7.21954697771082],[-39.3469776263163,-7.21972740779359],[-39.3469174832552,-7.22038898416424],[-39.3445117509165,-7.21984769481522],[-39.344451606956,-7.21834411199116],[-39.3440907476898,-7.21828396892998],[-39.3438501736466,-7.21906583232225],[-39.3411437260021,-7.21828396892999],[-39.3410835829409,-7.21876511521783],[-39.3395800001169,-7.21846439901278],[-39.3386778506023,-7.22658374374476],[-39.3374148409221,-7.22658374374476],[-39.337354697861,-7.22784675342489],[-39.3401212903652,-7.22802718260836],[-39.3399467850161,-7.22930688820231],[-39.3392545759379,-7.22925914859083],[-39.3390373150201,-7.23137747558997],[-39.3383234772467,-7.23096106969756],[-39.338227652684,-7.22918832697968],[-39.3371932326815,-7.22911698825836],[-39.3364793949081,-7.23530358559197],[-39.3360629890157,-7.23548204615946],[-39.336657853677,-7.23643383015708],[-39.3361819621278,-7.23649331671317],[-39.3358845293475,-7.23726664194191],[-39.3368363142445,-7.23750458816619],[-39.3368363142445,-7.23798047971531],[-39.3357319962346,-7.23765910068693],[-39.3357319962346,-7.23813499313536],[-39.3365983680203,-7.23839688560777],[-39.336360421796,-7.24196607717267],[-39.3339214738968,-7.25891973665649],[-39.3346947991257,-7.25891973665649],[-39.3346353116702,-7.26106125177529],[-39.3334455823477,-7.26106125177529],[-39.3333860948923,-7.26213200888503],[-39.3355276100111,-7.26242944166536],[-39.3402749161545,-7.23251051884535],[-39.341384299146,-7.23235750099782],[-39.3421060185778,-7.23145535058394],[-39.3433088851969,-7.2313952084221],[-39.343910317607,-7.23049305890749],[-39.3443914638949,-7.23055320196863],[-39.34535375737,-7.23235750099782],[-39.345474042593,-7.23428208614934],[-39.3450530402656,-7.23434223010981],[-39.3449928972044,-7.23488351855951],[-39.345474042593,-7.23560523889063],[-39.345113184226,-7.2374095379198],[-39.3470377693775,-7.23752982404211],[-39.3472783416221,-7.2351842356639],[-39.3483609221188,-7.23295893430731],[-39.3487819253455,-7.23301907736845],[-39.3487819253455,-7.23452266019258],[-39.3494435008168,-7.23434223010981],[-39.3494435008168,-7.23337993663473],[-39.3505384865618,-7.23321521590947],[-39.3506659222944,-7.23269637543736]]]}},{"type":"Feature","properties":{"id":"451","municipality":"2307304","density":"Densa","type":"Área urbanizada","state":"CE"},"geometry":{"type":"Polygon","coordinates":[[[-39.2822584027031,-7.30209761261467],[-39.2814374889489,-7.30216899720142],[-39.2806879588821,-7.2979573506512],[-39.2816516400111,-7.29763612270887],[-39.2820442507415,-7.29942071939066],[-39.2828600041858,-7.29910494403788],[-39.2823912613476,-7.29535500582882],[-39.2806661521212,-7.29529552017211],[-39.2784651513456,-7.29428424871907],[-39.2770908910318,-7.29489663037515],[-39.2760856900026,-7.29392733028203],[-39.2745390404443,-7.29446270838726],[-39.2747175001125,-7.29523603271666],[-39.2757287706662,-7.29481962682428],[-39.2765615815517,-7.29612833105757],[-39.2773943933365,-7.29618781671434],[-39.2775456044461,-7.29830477314671],[-39.2765764644323,-7.29841879009503],[-39.2787774652078,-7.31049455378058],[-39.2804430878782,-7.31031609501174],[-39.2800266819858,-7.30763920088839],[-39.2790748979881,-7.30763920088839],[-39.2787774652078,-7.3068658756596],[-39.2798226402026,-7.30637079437662],[-39.2803687202402,-7.30749025696974],[-39.2813205042378,-7.3073712838576],[-39.2825088243228,-7.30479659228888],[-39.2822584027031,-7.30209761261467]]]}},{"type":"Feature","properties":{"id":"452","municipality":"2307304","density":"Densa","type":"Área urbanizada","state":"CE"},"geometry":{"type":"Polygon","coordinates":[[[-39.4240413499283,-7.22500488586673],[-39.4246362163882,-7.2246479674297],[-39.4245767289328,-7.22559975232667],[-39.4275510549371,-7.22595667076371],[-39.4290977053947,-7.22542129175919],[-39.429692570056,-7.22476693964253],[-39.429395138175,-7.22327977664032],[-39.4305253818409,-7.22322029098358],[-39.4308228137218,-7.22250645231089],[-39.4318340851748,-7.22292285820327],[-39.4322504910673,-7.22214953297453],[-39.4305253818409,-7.21959161286259],[-39.4280864339417,-7.22143569520114],[-39.427075163388,-7.22119774897686],[-39.4266587565963,-7.22167364142535],[-39.4258854331662,-7.22125723463366],[-39.4252310810495,-7.22179261363818],[-39.4244577558208,-7.22107877586478],[-39.4238034037041,-7.22161415396999],[-39.4242792961526,-7.2234582372078],[-39.4235059718231,-7.22423156243661],[-39.4240413499283,-7.22500488586673]]]}},{"type":"Feature","properties":{"id":"453","municipality":"2307304","density":"Densa","type":"Área urbanizada","state":"CE"},"geometry":{"type":"Polygon","coordinates":[[[-39.3973182129651,-7.24583074279451],[-39.3979725641825,-7.24743687890879],[-39.3994002406286,-7.24713944702781],[-39.3997571599649,-7.24785328480118],[-39.4008874036307,-7.24785328480118],[-39.4012443229671,-7.24945942091553],[-39.4016607288595,-7.24874558314214],[-39.4023745666329,-7.24904301502306],[-39.4029694321935,-7.24862661002999],[-39.4020176481959,-7.2477343116891],[-39.4032073793171,-7.24594971590659],[-39.4037427574223,-7.24594971590659],[-39.4042781364268,-7.24446255290447],[-39.4039212170904,-7.24196411934862],[-39.403445324642,-7.24208309156138],[-39.4038617296351,-7.24416512012414],[-39.4023150809762,-7.2450574175657],[-39.4020176481958,-7.24565228402565],[-39.4016012423035,-7.24547382435749],[-39.3996381868528,-7.24636612179904],[-39.3987458894112,-7.24499793190898],[-39.3973182129651,-7.24583074279451]]]}},{"type":"Feature","properties":{"id":"454","municipality":"2307304","density":"Densa","type":"Área urbanizada","state":"CE"},"geometry":{"type":"Polygon","coordinates":[[[-39.3717420245748,-7.21961830204294],[-39.3710262316752,-7.22298252732174],[-39.3714415736696,-7.22495097330876],[-39.3722148988984,-7.22512943207762],[-39.371501061125,-7.22792529931309],[-39.370787221553,-7.22792529931309],[-39.3707277358962,-7.22869862364252],[-39.3700138972235,-7.2285796514297],[-39.3696569778872,-7.22762786563347],[-39.3681103292283,-7.22709248842756],[-39.3679318686608,-7.22852016397433],[-39.3650170292125,-7.22863913708649],[-39.3649575426564,-7.23185141021436],[-39.3661472728783,-7.23197038332648],[-39.3660282997662,-7.23084013876133],[-39.366861111551,-7.23089962531743],[-39.3685267342213,-7.23268422109988],[-39.3694190316629,-7.23012630008862],[-39.3704303031159,-7.23018578664472],[-39.3706682493402,-7.22965040764018],[-39.3722148988984,-7.23036424721222],[-39.3722743845552,-7.22816324463799],[-39.3729287366718,-7.22721146064037],[-39.3760815232437,-7.22810375898128],[-39.3764979291361,-7.22506994642085],[-39.3769738206852,-7.22501045896547],[-39.3767358753603,-7.2241181606246],[-39.3757246039073,-7.22388021529963],[-39.3762004963558,-7.22280945818989],[-39.3776281728019,-7.22263099762238],[-39.378996362692,-7.22138178084446],[-39.3774497131337,-7.22078691618322],[-39.3767953610171,-7.22203613296114],[-39.3747728190103,-7.22013256406655],[-39.3731020306342,-7.21936777520263],[-39.3717420245748,-7.21961830204294]]]}},{"type":"Feature","properties":{"id":"455","municipality":"2307304","density":"Densa","type":"Área urbanizada","state":"CE"},"geometry":{"type":"Polygon","coordinates":[[[-39.3138745152966,-7.19175944993863],[-39.3131011900678,-7.19175944993863],[-39.3130417044111,-7.19229482894315],[-39.3141719480769,-7.19259226082414],[-39.31458835307,-7.19336558605289],[-39.3150642464178,-7.19544761461567],[-39.3147668127382,-7.19729169695422],[-39.3151832186306,-7.19812450783974],[-39.3149452724064,-7.19937372461767],[-39.3136365690723,-7.20014704984641],[-39.3132201631799,-7.20092037507522],[-39.311970946402,-7.2013962666244],[-39.3117330001778,-7.20103934818731],[-39.309294053178,-7.20092037507522],[-39.309294053178,-7.20044448262674],[-39.3084017548371,-7.20044448262674],[-39.3080448364,-7.20133678096762],[-39.3073904842834,-7.20092037507522],[-39.3043566708237,-7.20068242885093],[-39.3039997523866,-7.20026602295854],[-39.3038401479045,-7.20064434256233],[-39.302445564711,-7.20035746962146],[-39.3017727630026,-7.19916137759544],[-39.3013242279307,-7.19908662234968],[-39.3013076660159,-7.20060196740685],[-39.2985864775838,-7.20448956574079],[-39.2987054506959,-7.20621467586654],[-39.3006685061466,-7.2075828657566],[-39.3009064532702,-7.20847516409748],[-39.3013823448193,-7.20871311032176],[-39.3010254263823,-7.20924848842697],[-39.3015013179314,-7.20966489431937],[-39.3021556700481,-7.20954592120722],[-39.3045946170479,-7.21162794887068],[-39.3048325632721,-7.21257973376766],[-39.3053084548213,-7.21257973376766],[-39.3059033212812,-7.21638687065753],[-39.3051894817092,-7.21638687065752],[-39.3051299960524,-7.21692224966204],[-39.3056058876016,-7.21704122277419],[-39.3054869153888,-7.21799300767112],[-39.30471359016,-7.2176955748908],[-39.3047730767161,-7.21930171100513],[-39.3030436111737,-7.2190464177579],[-39.3025950770012,-7.21844837219459],[-39.3036416576363,-7.21740179066007],[-39.3037911690272,-7.21433680310095],[-39.3020717857842,-7.21119706029606],[-39.2985582640526,-7.20932816476295],[-39.2963903457379,-7.21157083922283],[-39.2969136369547,-7.21613094158965],[-39.2899613478379,-7.21725227926926],[-39.2888400110576,-7.21897166161284],[-39.2888400110576,-7.22031726682839],[-39.2971379035913,-7.21934544143894],[-39.2971379035914,-7.22158811499948],[-39.2903351267647,-7.22233567285299],[-39.2904098829097,-7.22308323070651],[-39.2920545100076,-7.22300847456144],[-39.2922040222978,-7.22360652192339],[-39.2936991371055,-7.22353176577833],[-39.2939234046414,-7.22450359116777],[-39.2904846381555,-7.22502688238466],[-39.2886904987674,-7.22599870687475],[-39.2890642776942,-7.2280171128994],[-39.288615744421,-7.2280171128994],[-39.2884662321309,-7.22951222860645],[-39.2872701392055,-7.22951222860645],[-39.2875107771006,-7.23035445989035],[-39.2868837355959,-7.23054605505633],[-39.2870054282579,-7.23124916121975],[-39.2948933405552,-7.23024978779745],[-39.2950718002233,-7.2313205449072],[-39.2932158207535,-7.23160608055611],[-39.2922878310185,-7.2312848526138],[-39.2922878310185,-7.23160608055611],[-39.2913955326777,-7.23182023161838],[-39.292037987663,-7.23474696909728],[-39.2896516923716,-7.23544004961855],[-39.2898607811501,-7.2375309383021],[-39.288790023141,-7.2375309383021],[-39.2887272954283,-7.23840914156858],[-39.2917106326395,-7.23837826604411],[-39.2906341504456,-7.23945474913735],[-39.2901108592287,-7.24229547005985],[-39.2954185212477,-7.24177217884294],[-39.299530089442,-7.24244498055135],[-39.299390521855,-7.23977952940171],[-39.3007825069071,-7.239386917772],[-39.3008538905945,-7.23885153876745],[-39.3001400519218,-7.23863738770525],[-39.3005683549456,-7.23717401896574],[-39.3009244603955,-7.23720963032014],[-39.3010252051491,-7.23803438867606],[-39.3030436111737,-7.23788487818457],[-39.3033426348547,-7.23855767989295],[-39.3082017609025,-7.23571695986976],[-39.3098463888997,-7.23810914482113],[-39.3128874401032,-7.24027011317516],[-39.3131866031791,-7.24428585141089],[-39.3197754906463,-7.24438472197727],[-39.3198828598061,-7.24316787539709],[-39.3208491804453,-7.24316787539709],[-39.3209207592856,-7.24413419513696],[-39.3221733961852,-7.24431314313699],[-39.3218716358672,-7.25150685705575],[-39.3236765599253,-7.25150685705575],[-39.3244997210852,-7.25132790905571],[-39.3264323605649,-7.24971737615597],[-39.3265397297247,-7.24803526441587],[-39.3287082299008,-7.24800596000701],[-39.3286513181038,-7.24442051229676],[-39.326611308565,-7.24442051229676],[-39.326611308565,-7.24319134770248],[-39.3280235607387,-7.24319134770248],[-39.3279713146244,-7.24209418559816],[-39.3265755200442,-7.24195102791754],[-39.3265397297247,-7.24134260417783],[-39.3252155139847,-7.24059102185812],[-39.3252056888914,-7.23501634932501],[-39.3263954200126,-7.23495686276898],[-39.3301553766693,-7.23730985706421],[-39.330047112684,-7.2380857480588],[-39.3348071334424,-7.23787100973926],[-39.3366271022589,-7.23007896787004],[-39.3379665579102,-7.21781454800294],[-39.3320773915584,-7.22031298155877],[-39.3301143361077,-7.21965863034149],[-39.3313635528856,-7.21293665310402],[-39.3285676874487,-7.21174692288212],[-39.3287461462176,-7.21097359765339],[-39.3268425782223,-7.21037873209276],[-39.3270210369912,-7.20877259597848],[-39.3275564159958,-7.20877259597848],[-39.3270805244466,-7.20740440608842],[-39.3256528471012,-7.20776132542478],[-39.3263666848746,-7.20645262209081],[-39.3255933596458,-7.20454905319623],[-39.3252364412087,-7.20460853885294],[-39.3245820899914,-7.2037162423107],[-39.3247010631035,-7.20228856496528],[-39.324165684099,-7.20216959185314],[-39.3239277378748,-7.2013962666244],[-39.3242251697557,-7.20008756418968],[-39.3224405748726,-7.20038499607068],[-39.3199421413167,-7.19836245406397],[-39.3197041941932,-7.19657785918084],[-39.3186334370834,-7.19663734483756],[-39.3180980580789,-7.19711323728603],[-39.3180980580789,-7.19639939861333],[-39.3170273009691,-7.1962804264005],[-39.3175626799736,-7.19092663905309],[-39.3151237320745,-7.1904507466046],[-39.3137555421845,-7.19110509782197],[-39.3138745152966,-7.19175944993863]]]}},{"type":"Feature","properties":{"id":"456","municipality":"2307304","density":"Densa","type":"Área urbanizada","state":"CE"},"geometry":{"type":"Polygon","coordinates":[[[-39.3976097371996,-7.22389371412356],[-39.3967362517765,-7.22382901239894],[-39.3954967917435,-7.22186967924228],[-39.3935110751759,-7.22304740441416],[-39.3937490214002,-7.22346381030655],[-39.3900608558238,-7.22483200019662],[-39.391250586945,-7.22584327075033],[-39.3901798289359,-7.22655710942303],[-39.3904772617162,-7.22703300097214],[-39.3917859659495,-7.22697351531542],[-39.3945223457296,-7.22780632620096],[-39.3964259146242,-7.23095911187347],[-39.3975561591894,-7.23042373286895],[-39.3978535910703,-7.23107808498561],[-39.3971397532969,-7.23173243710227],[-39.3975561591894,-7.23220832865139],[-39.3991028078482,-7.23197038332648],[-39.4013038104224,-7.23357651944076],[-39.4025530272004,-7.23524214211113],[-39.4017202154156,-7.23506368244295],[-39.3998761330771,-7.23595597988453],[-39.4001735658574,-7.23631289922089],[-39.4031478918617,-7.23601546644056],[-39.4041591633147,-7.23768108911095],[-39.4027314859692,-7.23821646811549],[-39.4033263524292,-7.24035798323428],[-39.4049919742002,-7.24089336223883],[-39.4063601640902,-7.24273744367804],[-39.4067170834266,-7.24261847056592],[-39.4061817053214,-7.2416072000122],[-39.407133489319,-7.24101233535094],[-39.4067170834266,-7.24006054955471],[-39.4083232204403,-7.24023901012221],[-39.4080257867606,-7.24208309156138],[-39.4088585976462,-7.2421425790168],[-39.4092750044379,-7.24125028067584],[-39.4102862749916,-7.24136925378798],[-39.411000112765,-7.24202360500533],[-39.4112380589892,-7.24154771255685],[-39.4099293556552,-7.23964414366226],[-39.4118924111058,-7.23875184712001],[-39.413379574108,-7.24190463189321],[-39.4157590345517,-7.24089336223883],[-39.416710820348,-7.24178565878106],[-39.417008252229,-7.24107182100766],[-39.4174841446775,-7.24184514623648],[-39.4158780076639,-7.24345128235075],[-39.4162349278996,-7.2455333100142],[-39.4170677387851,-7.24630663524302],[-39.4179005496706,-7.24618766213086],[-39.419328227016,-7.24707995957243],[-39.4173651706661,-7.24892404191099],[-39.4172461975539,-7.25023274614427],[-39.4180790102381,-7.25183888225854],[-39.417008252229,-7.25189836881465],[-39.4172461975539,-7.25267169314408],[-39.4184954152312,-7.25219580069558],[-39.4205179572379,-7.25392091082132],[-39.4206964169061,-7.25362347804106],[-39.4225999858007,-7.25475372170684],[-39.4243845806838,-7.25499166793111],[-39.4270614748071,-7.25398039737741],[-39.4258717445853,-7.25189836881465],[-39.4262881495784,-7.251303503254],[-39.4258122580292,-7.2507681251488],[-39.4272994210314,-7.24975685369579],[-39.4279537731481,-7.25017325868891],[-39.4291435033699,-7.24868609568672],[-39.4261691773656,-7.24470049912866],[-39.4245630412513,-7.24374871513107],[-39.4242061219149,-7.24309436301439],[-39.4249199596883,-7.24297538990226],[-39.4249794471437,-7.24142874034404],[-39.4261691773656,-7.24172617312434],[-39.4263476370338,-7.244046147012],[-39.4303332335918,-7.24606868901874],[-39.4311065588206,-7.24713944702781],[-39.4306901529281,-7.24785328480118],[-39.4316419378251,-7.24797225791333],[-39.4322368033857,-7.24707995957243],[-39.4343783176052,-7.24719893268458],[-39.4349731831658,-7.24577125713774],[-39.4328911546031,-7.244046147012],[-39.4325937218227,-7.24178565878106],[-39.4314634781569,-7.24130976723194],[-39.4301547739236,-7.24315384867113],[-39.4279537731481,-7.24119079411982],[-39.4295004227063,-7.23952517144943],[-39.4277753125806,-7.23780006222307],[-39.4280727462602,-7.23696725133757],[-39.4294409361502,-7.23696725133757],[-39.4300952882669,-7.23655084544509],[-39.4327126949349,-7.23714571010642],[-39.4333075595961,-7.23542060088],[-39.4308686125963,-7.23304114043623],[-39.4289055571457,-7.23333857321655],[-39.4278348000359,-7.23298165388019],[-39.4247415009195,-7.23161346399014],[-39.4245630412513,-7.23078065220529],[-39.4236707429104,-7.23000732697654],[-39.422956905137,-7.23036424721222],[-39.4202800110137,-7.22578378419424],[-39.4167703060048,-7.22471302708447],[-39.4168297925608,-7.22376124218755],[-39.4161159538881,-7.22358278341869],[-39.4163539010117,-7.22173870018082],[-39.4129631691149,-7.22120332207561],[-39.4129036816595,-7.22084640273926],[-39.4111785733324,-7.2216197270687],[-39.4106431943279,-7.22138178084446],[-39.4114165186574,-7.22007307840976],[-39.4099888422112,-7.21929975318104],[-39.4080257867606,-7.21894283384468],[-39.4071929758751,-7.21947821194988],[-39.4067765699827,-7.22173870018082],[-39.4054083800926,-7.2215007539566],[-39.4054083800926,-7.2260217304185],[-39.4061817053214,-7.22721146064037],[-39.405824785985,-7.22834170520548],[-39.4038617296351,-7.22744940686459],[-39.4036832708662,-7.22822273209335],[-39.4002330524134,-7.22721146064037],[-39.3987458894112,-7.22447508086027],[-39.3993619771734,-7.22436306490346],[-39.3990655453386,-7.22389371412356],[-39.3985802756591,-7.22399076805947],[-39.3980303042551,-7.22305258091182],[-39.3993446949017,-7.22291660881439],[-39.3995787002967,-7.22221459262932],[-39.3987458894112,-7.21864540106435],[-39.3978535910703,-7.21894283384468],[-39.3972132539884,-7.22080563377296],[-39.3977067911355,-7.2223085007367],[-39.3972215223553,-7.22263201385631],[-39.3976097371996,-7.22389371412356]]]}},{"type":"Feature","properties":{"id":"457","municipality":"2307304","density":"Densa","type":"Área urbanizada","state":"CE"},"geometry":{"type":"Polygon","coordinates":[[[-39.3863132045907,-7.22923400264706],[-39.3846475828196,-7.22976938075227],[-39.3841716903712,-7.22828221775014],[-39.3835768248106,-7.22810375898128],[-39.3830414458061,-7.22941246231524],[-39.3810783912547,-7.22959092198342],[-39.3814353096918,-7.22762786563347],[-39.3806024988062,-7.22721146064037],[-39.3806619853623,-7.2259622438624],[-39.3792937945729,-7.22417764807994],[-39.3779850921382,-7.22322586408233],[-39.3770333072413,-7.22852016397434],[-39.3778661190261,-7.23006681443189],[-39.3785204711428,-7.23012630008862],[-39.3786989299116,-7.22959092198342],[-39.3818517155842,-7.23018578664472],[-39.3811973643668,-7.23286268076807],[-39.3845880962636,-7.2336954916536],[-39.3847665559318,-7.23161346399014],[-39.3852424483803,-7.2315539774341],[-39.3855993668173,-7.22976938075227],[-39.3868485835952,-7.22994784131977],[-39.388990098714,-7.22762786563347],[-39.3886926659337,-7.22691402786006],[-39.3863132045907,-7.22923400264706]]]}},{"type":"Feature","properties":{"id":"458","municipality":"2307304","density":"Densa","type":"Área urbanizada","state":"CE"},"geometry":{"type":"Polygon","coordinates":[[[-39.2923998793509,-7.30311822532583],[-39.2932326911357,-7.30520025388859],[-39.2916860406782,-7.30686587565959],[-39.2914480953533,-7.30811509333683],[-39.2941249885773,-7.31085147311694],[-39.2953742062546,-7.31037558066845],[-39.2963854768083,-7.30894790512167],[-39.2970398280256,-7.30918585134595],[-39.2972182876938,-7.30829355300501],[-39.2994192893687,-7.30549768576954],[-39.2994192893686,-7.30484333365286],[-39.2978726398105,-7.30359411687495],[-39.2970398280256,-7.3039510362113],[-39.2959095843598,-7.30311822532583],[-39.2960285565726,-7.30216644132816],[-39.2950767725749,-7.30121465643124],[-39.2940060163645,-7.30115516987514],[-39.2923998793509,-7.30311822532583]]]}},{"type":"Feature","properties":{"id":"459","municipality":"2307304","density":"Densa","type":"Área urbanizada","state":"CE"},"geometry":{"type":"Polygon","coordinates":[[[-39.4521131821776,-7.26406385336413],[-39.4521726687336,-7.26519409702991],[-39.4536598317358,-7.26584844914657],[-39.4554444284176,-7.26834688270242],[-39.456158266191,-7.26816842303425],[-39.4543736704085,-7.26507512391778],[-39.4530054796191,-7.26459923236866],[-39.4520293419805,-7.26235588791384],[-39.4513573118904,-7.26260287142533],[-39.4521131821776,-7.26406385336413]]]}},{"type":"Feature","properties":{"id":"460","municipality":"2307304","density":"Densa","type":"Área urbanizada","state":"CE"},"geometry":{"type":"Polygon","coordinates":[[[-39.3981647124315,-7.23690219078345],[-39.3967965216421,-7.23511759590031],[-39.3962611426376,-7.23541502778126],[-39.3945955199672,-7.23279762111328],[-39.394060141862,-7.2329165942254],[-39.3933463031893,-7.23428478411548],[-39.3935842494136,-7.23690219078345],[-39.3942542686195,-7.23871150083505],[-39.3981647124315,-7.23690219078345]]]}},{"type":"Feature","properties":{"id":"461","municipality":"2307304","density":"Densa","type":"Área urbanizada","state":"CE"},"geometry":{"type":"Polygon","coordinates":[[[-39.4257968022806,-7.11895254672261],[-39.4250829636078,-7.11972587105208],[-39.4258562879373,-7.12049919628085],[-39.4264511543972,-7.11990433072027],[-39.4274029383948,-7.12103457528536],[-39.4273434518388,-7.12168892740204],[-39.4287116417289,-7.12174841305876],[-39.4293659929462,-7.12085611471788],[-39.4303772643992,-7.12085611471788],[-39.430496236612,-7.1167515450477],[-39.4300203450628,-7.11639462571134],[-39.4290685610652,-7.11764384338865],[-39.4274029383948,-7.11877408705442],[-39.4261537207176,-7.11740589716436],[-39.4250829636078,-7.11835768116202],[-39.4257968022806,-7.11895254672261]]]}},{"type":"Feature","properties":{"id":"462","municipality":"2307304","density":"Densa","type":"Área urbanizada","state":"CE"},"geometry":{"type":"Polygon","coordinates":[[[-39.2714966672374,-7.19355469279481],[-39.2707491093839,-7.19355469279481],[-39.2699139728515,-7.19633991205724],[-39.2683078367372,-7.2136504908774],[-39.2694975669591,-7.21376946398955],[-39.2716390820779,-7.19639939861333],[-39.2713656692901,-7.19638997102033],[-39.2715714233825,-7.19400322786664],[-39.2719452023092,-7.19392847172157],[-39.2720199575549,-7.19325567001312],[-39.2746364109416,-7.19333042615818],[-39.2751597012592,-7.19392847172157],[-39.2744121434056,-7.20065649330247],[-39.2752344574042,-7.20088076083841],[-39.27530921265,-7.20282441071794],[-39.2759072591127,-7.2030486791532],[-39.2759820152577,-7.20461855010597],[-39.2755334801859,-7.20521659656863],[-39.2745616547965,-7.20529135181436],[-39.2741131197246,-7.2086553630545],[-39.2734403180162,-7.20873011919956],[-39.273290805726,-7.2095524331982],[-39.2721694689458,-7.2095524331982],[-39.2718704461641,-7.21381351278338],[-39.2689209504414,-7.215035928865],[-39.2698132469838,-7.21710606029637],[-39.2550011026187,-7.22249553903783],[-39.2563930867715,-7.22567211987241],[-39.2815915787883,-7.21653498989781],[-39.2805922062653,-7.21389378806782],[-39.2772528634289,-7.21381351278338],[-39.2741131197246,-7.21463582588262],[-39.2731412952345,-7.21441155924602],[-39.2735150741613,-7.21231839707635],[-39.27530921265,-7.21246790936648],[-39.2754587240409,-7.21314071107492],[-39.2767295731112,-7.21261741985802],[-39.2777013976014,-7.19990893544895],[-39.2766548169662,-7.19789052942434],[-39.2769538397479,-7.19706821542578],[-39.2776266423556,-7.19699346018002],[-39.2775518862105,-7.19602163389125],[-39.2759820152577,-7.19333042615818],[-39.2743373872606,-7.19228384462366],[-39.2715714233825,-7.19213433323285],[-39.2714966672374,-7.19355469279481]]]}},{"type":"Feature","properties":{"id":"463","municipality":"2307304","density":"Densa","type":"Área urbanizada","state":"CE"},"geometry":{"type":"Polygon","coordinates":[[[-39.29736805719,-7.19813951932333],[-39.2944466949589,-7.19647016896307],[-39.2948204738857,-7.19736723910677],[-39.2942224283224,-7.19804004081518],[-39.2951194975667,-7.19946040127644],[-39.2945962072491,-7.20207685286444],[-39.2969883922005,-7.20132929591024],[-39.29736805719,-7.19813951932333]]]}},{"type":"Feature","properties":{"id":"464","municipality":"2307304","density":"Densa","type":"Área urbanizada","state":"CE"},"geometry":{"type":"Polygon","coordinates":[[[-39.4111886349475,-7.2441835841051],[-39.4111886349475,-7.24567074710722],[-39.414400907176,-7.24555177399516],[-39.41434142062,-7.24394563698152],[-39.4111886349475,-7.2441835841051]]]}},{"type":"Feature","properties":{"id":"465","municipality":"2307304","density":"Densa","type":"Área urbanizada","state":"CE"},"geometry":{"type":"Polygon","coordinates":[[[-39.3268090173223,-7.26222703574905],[-39.3276418291071,-7.25687324840163],[-39.3250244206404,-7.2558024912919],[-39.3237157182058,-7.25621889718429],[-39.3237844920606,-7.25496735835685],[-39.3224583607647,-7.25501357361748],[-39.3225223808032,-7.26184233725401],[-39.3268090173223,-7.26222703574905]]]}},{"type":"Feature","properties":{"id":"466","municipality":"2312908","density":"Densa","type":"Área urbanizada","state":"CE"},"geometry":{"type":"Polygon","coordinates":[[[-40.2724992889999,-3.59198997999995],[-40.271844937,-3.59228741199996],[-40.2717557069999,-3.59312022399997],[-40.273064411,-3.59567814399998],[-40.2750572099999,-3.59552942799998],[-40.2758007909999,-3.59395303499997],[-40.275354642,-3.59270381799996],[-40.274670547,-3.59234689899994],[-40.2724992889999,-3.59198997999995]]]}},{"type":"Feature","properties":{"id":"467","municipality":"2312908","density":"Densa","type":"Área urbanizada","state":"CE"},"geometry":{"type":"Polygon","coordinates":[[[-40.2652334909999,-3.79870335999993],[-40.265297736,-3.79761118799997],[-40.263916459,-3.79741845099996],[-40.2637237229999,-3.79818939699994],[-40.259065928,-3.79677599699996],[-40.2581343689999,-3.79786816999997],[-40.2583913509999,-3.79953855099997],[-40.259387155,-3.80056647799996],[-40.2591622959999,-3.80136954599994],[-40.259836873,-3.80127317799997],[-40.2601580999999,-3.80239747399998],[-40.259708382,-3.80281506899997],[-40.2614430089999,-3.80538488699996],[-40.262374568,-3.80612370999996],[-40.2629848999999,-3.80602734099996],[-40.264687404,-3.81026754099998],[-40.2652656129999,-3.80862928199997],[-40.267482081,-3.80557762299999],[-40.2695379359999,-3.80673404099998],[-40.2697949169999,-3.80744074099994],[-40.2703088809999,-3.80705526799996],[-40.270758599,-3.80740861799995],[-40.2710477039999,-3.80702314599997],[-40.269762795,-3.80625219999997],[-40.27018039,-3.80532064099999],[-40.2693451989999,-3.80471030999998],[-40.271208317,-3.80226898299999],[-40.2702125129999,-3.80146591499995],[-40.270790722,-3.80040586499996],[-40.273071435,-3.79931369199995],[-40.2753842709999,-3.79619778799998],[-40.274613326,-3.79497712399997],[-40.2725895939999,-3.79783604699999],[-40.2698270399999,-3.79700085599995],[-40.2671608539999,-3.79879972899995],[-40.2652334909999,-3.79870335999993]]]}},{"type":"Feature","properties":{"id":"468","municipality":"2312908","density":"Densa","type":"Área urbanizada","state":"CE"},"geometry":{"type":"Polygon","coordinates":[[[-40.370078804,-3.66570716899998],[-40.3717458749999,-3.66765894199995],[-40.3707702959999,-3.66906282399997],[-40.3708178849999,-3.67120433899993],[-40.369342619,-3.67232268599999],[-40.3685336019999,-3.67194197199995],[-40.367296283,-3.67336964899994],[-40.3662255249999,-3.67263201599998],[-40.365916195,-3.67294134599995],[-40.364512313,-3.67156125899995],[-40.3612798949999,-3.67443406099996],[-40.360573195,-3.67382372899994],[-40.3597058809999,-3.67433769299994],[-40.358934936,-3.67382372899994],[-40.357810641,-3.67414495699996],[-40.3556905409999,-3.67106117499997],[-40.356557854,-3.67012961599995],[-40.355722664,-3.66910168899996],[-40.354598368,-3.67012961599995],[-40.3538916679999,-3.66833074399996],[-40.353827423,-3.66685309799994],[-40.3509042549999,-3.66672460699993],[-40.3510327459999,-3.66495785799999],[-40.351707323,-3.66486148899998],[-40.352189164,-3.66277351199994],[-40.353634687,-3.66303049399996],[-40.35273525,-3.66161709399995],[-40.3510327459999,-3.66123162199995],[-40.350583028,-3.66258077599997],[-40.349908451,-3.66309473999996],[-40.3496193459999,-3.66402629899996],[-40.350679396,-3.66441177099994],[-40.3503902919999,-3.66694946699995],[-40.349908451,-3.66707795699996],[-40.350197555,-3.66820225299996],[-40.3470174059999,-3.66813800699992],[-40.346985283,-3.66717432599996],[-40.346117969,-3.66711007999995],[-40.346117969,-3.66595366199995],[-40.344094238,-3.66582517099994],[-40.343869379,-3.66460450799997],[-40.3419741379999,-3.66441177099994],[-40.341363806,-3.66242016199994],[-40.3417492789999,-3.66216318099992],[-40.341556543,-3.66155284899998],[-40.3425202239999,-3.66132798999997],[-40.3425202239999,-3.66074978099994],[-40.340078897,-3.66126374399995],[-40.339661302,-3.66171346299996],[-40.3393721969999,-3.66142435799998],[-40.337733938,-3.66293412599993],[-40.337219975,-3.66479724399994],[-40.337894552,-3.66646762599995],[-40.3417492789999,-3.66550394399996],[-40.3418777699999,-3.66813800699992],[-40.339950406,-3.66739918499996],[-40.3403680019999,-3.67176787499996],[-40.3368023789999,-3.67260306599997],[-40.3364490289999,-3.67189636599994],[-40.335196243,-3.67237820699996],[-40.335453225,-3.67359886999997],[-40.338537007,-3.67835303299996],[-40.331341516,-3.67722873799994],[-40.33114878,-3.67870638299998],[-40.3319108649999,-3.67889330999998],[-40.3335258619999,-3.68124407899997],[-40.3343931749999,-3.68442422799995],[-40.334971384,-3.68477757799997],[-40.336738134,-3.68455271899996],[-40.3371878519999,-3.68538790999999],[-40.3358708199999,-3.68583762799994],[-40.3369308699999,-3.68712253699993],[-40.341639287,-3.68947451399994],[-40.339886161,-3.69907218999994],[-40.3393079519999,-3.70003587199995],[-40.3400467749999,-3.69984313499999],[-40.3414922969999,-3.69698421299996],[-40.342873574,-3.69740180799993],[-40.344222729,-3.69720907199996],[-40.345090042,-3.69759454499998],[-40.3445439559999,-3.69846185799998],[-40.3449294289999,-3.69887945399996],[-40.343516029,-3.70141714899995],[-40.344865183,-3.70202748099998],[-40.3439978699999,-3.70350512599994],[-40.340560738,-3.70218809399995],[-40.338890356,-3.70498277099995],[-40.337252098,-3.70434031699996],[-40.3380872879999,-3.70135290299994],[-40.337027239,-3.70087106299997],[-40.335999311,-3.70103167599998],[-40.3349392609999,-3.70183474399993],[-40.334457421,-3.70302328499998],[-40.333590107,-3.70276630299999],[-40.3342968069999,-3.69997162599998],[-40.3330732279999,-3.69854620899999],[-40.332949496,-3.69702930299997],[-40.3319727269999,-3.69664263999993],[-40.3304742029999,-3.69711270399995],[-40.330666939,-3.69897582199996],[-40.3315984979999,-3.69891157599995],[-40.3313415159999,-3.70029285399994],[-40.3270691939999,-3.69833336699998],[-40.325704037,-3.69663669199997],[-40.3253828099999,-3.69677945899997],[-40.3251686579999,-3.69777883299997],[-40.326167261,-3.69898582999999],[-40.325559426,-3.69942553999994],[-40.328129244,-3.70347300299994],[-40.327165562,-3.70395484399996],[-40.330891798,-3.70886962099998],[-40.3317269889999,-3.70883749799998],[-40.333301003,-3.71153580699997],[-40.335292611,-3.71185703399993],[-40.3349071389999,-3.71362378399993],[-40.332690671,-3.71317406599998],[-40.3322409529999,-3.71561539299996],[-40.331470007,-3.71548690199996],[-40.331180903,-3.71661119699997],[-40.332016094,-3.71876341999996],[-40.3311166569999,-3.71969497899993],[-40.3306990619999,-3.71930950599995],[-40.329928117,-3.72014469699997],[-40.330377835,-3.72062653799997],[-40.331919725,-3.72069078299997],[-40.334200439,-3.71869917399994],[-40.335356857,-3.71863492899997],[-40.3358708199999,-3.72008045099996],[-40.3362884159999,-3.71991983799996],[-40.336416907,-3.71799247399997],[-40.3376696929999,-3.71715728299994],[-40.336738134,-3.71545477899998],[-40.338922479,-3.70864476199995],[-40.3429056969999,-3.70919084799994],[-40.3431305559999,-3.71166429799997],[-40.3439978699999,-3.71320618799995],[-40.3448009379999,-3.71339892499998],[-40.3465998099999,-3.71227462899999],[-40.347145896,-3.71291708399997],[-40.348912646,-3.71179278899997],[-40.349683592,-3.71307769799996],[-40.354245018,-3.70999391599998],[-40.352960109,-3.70613918899994],[-40.3518036909999,-3.70633192599997],[-40.3520285499999,-3.70819504399999],[-40.3501333099999,-3.70858051599993],[-40.344351219,-3.71166429799997],[-40.3436427349999,-3.70980950799999],[-40.3440139309999,-3.70925747299999],[-40.343366717,-3.70887675899998],[-40.343661771,-3.70840086699997],[-40.343071664,-3.70793449299993],[-40.34432802,-3.70656392299997],[-40.345241733,-3.707268244],[-40.3464409809999,-3.70549792499998],[-40.3453273929999,-3.70500299699997],[-40.3444898229999,-3.70386085499997],[-40.344841983,-3.70314701699995],[-40.3454891969999,-3.70331833799998],[-40.345622447,-3.70302328499998],[-40.3450323399999,-3.70284244599999],[-40.3454796789999,-3.70189066199992],[-40.346203035,-3.70222378599995],[-40.3465551949999,-3.70155753699994],[-40.348001908,-3.70229041099998],[-40.347973354,-3.70121489499996],[-40.349010799,-3.70057719899996],[-40.349705602,-3.70087225199995],[-40.3509864649999,-3.69953499499996],[-40.3517252879999,-3.69940650399998],[-40.3480954199999,-3.69580875899994],[-40.3503761339999,-3.69368865999996],[-40.35198227,-3.69513418199996],[-40.354969683,-3.69571239099999],[-40.35445572,-3.69670819599998],[-40.355965488,-3.69783249099994],[-40.358021342,-3.69796098199994],[-40.358278324,-3.69686880899996],[-40.361304998,-3.69631915399998],[-40.361691661,-3.69804426299992],[-40.362256783,-3.69798477599994],[-40.3620783229999,-3.69988834499999],[-40.363773689,-3.70396317199993],[-40.364576757,-3.70449855099998],[-40.364249581,-3.70363599599996],[-40.3651716219999,-3.70324933399998],[-40.3653577549999,-3.70462573199997],[-40.3664285119999,-3.70626161199994],[-40.3664478049999,-3.70367976899998],[-40.369484395,-3.69973962899998],[-40.370931216,-3.69894800599997],[-40.372347421,-3.69933143099997],[-40.375589437,-3.69823093099997],[-40.375321748,-3.69742786299998],[-40.371447169,-3.69862478899996],[-40.370751458,-3.69710437599998],[-40.3713225289999,-3.69617638599995],[-40.370299361,-3.69491527199994],[-40.3688954789999,-3.69512942299997],[-40.3688954789999,-3.69470111999995],[-40.3707276639999,-3.69344000599996],[-40.372226724,-3.69467732599999],[-40.373416455,-3.69217889199998],[-40.373797168,-3.69225027499993],[-40.373868552,-3.69301170299997],[-40.375462791,-3.69298790799998],[-40.376176629,-3.69396348699998],[-40.378627474,-3.69510562899995],[-40.379222339,-3.69460594199997],[-40.380864168,-3.69529598499999],[-40.3812924709999,-3.69605741299996],[-40.381887336,-3.69586705599996],[-40.3834756259999,-3.69649166499994],[-40.3841537719999,-3.69570644199997],[-40.383582702,-3.69449291699995],[-40.3828331719999,-3.69517106399998],[-40.382262101,-3.69492121999999],[-40.382012258,-3.69538521499993],[-40.3809414999999,-3.69484983699994],[-40.3811913429999,-3.69395753899994],[-40.3799064349999,-3.69288678099998],[-40.3790498289999,-3.69410030599996],[-40.375373561,-3.69242278599996],[-40.376408627,-3.69028127099997],[-40.375195102,-3.68981727699998],[-40.375230794,-3.68767576199998],[-40.374802491,-3.68671207999995],[-40.375480637,-3.68631946899997],[-40.375480637,-3.68546286299995],[-40.374017269,-3.68432072199993],[-40.372625284,-3.68521301899994],[-40.3711976069999,-3.68696192299995],[-40.3719828289999,-3.68863944299994],[-40.371554526,-3.68881790299998],[-40.371732986,-3.68992435199994],[-40.368841941,-3.69035265499998],[-40.3679139509999,-3.69099510999996],[-40.3668788859999,-3.68946035699997],[-40.367200113,-3.68728315099998],[-40.3679139509999,-3.68674777199993],[-40.3667718099999,-3.68424933799999],[-40.368485022,-3.68378534299997],[-40.368877633,-3.68467764099994],[-40.369484395,-3.68446348899995],[-40.369984082,-3.68489179199998],[-40.373267738,-3.68257181799992],[-40.3733034299999,-3.68210782299997],[-40.37546636,-3.68104063499995],[-40.374566924,-3.67998058499997],[-40.375305747,-3.67920963899997],[-40.3759160779999,-3.67953086699992],[-40.377457969,-3.67901690299994],[-40.377714951,-3.67821383499994],[-40.3769118829999,-3.67776411699998],[-40.37758646,-3.67757137999997],[-40.377297356,-3.67670406699996],[-40.37899986,-3.67654345299997],[-40.3789034919999,-3.67619010299997],[-40.38041326,-3.67503368499998],[-40.3803490139999,-3.67416637199994],[-40.3786946939999,-3.67253881999995],[-40.377495446,-3.67236749899996],[-40.37910872,-3.67141095599995],[-40.3792943179999,-3.67005466299999],[-40.378152177,-3.66928371799999],[-40.378152177,-3.66866981699998],[-40.3811223389999,-3.67028071199997],[-40.381475689,-3.67008797599993],[-40.381411444,-3.66861032999998],[-40.3807689889999,-3.66771089399993],[-40.380158657,-3.66812848899997],[-40.3792360209999,-3.66732542099994],[-40.37719484,-3.66487497299994],[-40.3779324729999,-3.66418492899992],[-40.3776231429999,-3.66349488599998],[-40.3760526989999,-3.66235274399997],[-40.3764810019999,-3.66082988899996],[-40.377052073,-3.66102024599996],[-40.37724243,-3.66061573799994],[-40.3766818079999,-3.65978825999997],[-40.376052699,-3.65947359699995],[-40.370078804,-3.66570716899998]]]}},{"type":"Feature","properties":{"id":"469","municipality":"2312908","density":"Densa","type":"Área urbanizada","state":"CE"},"geometry":{"type":"Polygon","coordinates":[[[-40.3964858469999,-3.77268464499998],[-40.3972853459999,-3.77312722399997],[-40.3971568549999,-3.77381250899994],[-40.397827863,-3.77465483799996],[-40.3987558529999,-3.77431219599995],[-40.398513148,-3.77368401799992],[-40.3995410749999,-3.77311294799996],[-40.3985559779999,-3.77224206499995],[-40.3964858469999,-3.77268464499998]]]}},{"type":"Feature","properties":{"id":"470","municipality":"2312908","density":"Densa","type":"Outros equipamentos urbanos","state":"CE"},"geometry":{"type":"Polygon","coordinates":[[[-40.345320818,-3.65959332499996],[-40.3445243839999,-3.65976099499994],[-40.34476233,-3.66077226599998],[-40.3510450649999,-3.65908318399994],[-40.350949886,-3.65836934599997],[-40.345048823,-3.65836934599997],[-40.345320818,-3.65959332499996]]]}},{"type":"Feature","properties":{"id":"471","municipality":"2312908","density":"Densa","type":"Área urbanizada","state":"CE"},"geometry":{"type":"Polygon","coordinates":[[[-40.6713975289999,-3.83872617499999],[-40.671849626,-3.83858340699994],[-40.6720875719999,-3.83796474799995],[-40.669755701,-3.83677501699998],[-40.670184004,-3.83387207499993],[-40.6694463709999,-3.83277752299996],[-40.668589765,-3.83327720899997],[-40.668851505,-3.83384827999993],[-40.667590391,-3.83477626999997],[-40.6670431149999,-3.83491903699997],[-40.66644825,-3.83444314499997],[-40.666091331,-3.83261095999996],[-40.666686196,-3.83111189999995],[-40.666424455,-3.83099292699996],[-40.665900974,-3.83180194399996],[-40.664830216,-3.83144502399996],[-40.664616065,-3.83189712199993],[-40.6655440549999,-3.83232542499996],[-40.666115125,-3.83460970699997],[-40.6656868219999,-3.83501421599993],[-40.664306735,-3.83434796699993],[-40.6638546369999,-3.83513318899999],[-40.6659009739999,-3.83582323299993],[-40.6713975289999,-3.83872617499999]]]}},{"type":"Feature","properties":{"id":"472","municipality":"2312908","density":"Densa","type":"Área urbanizada","state":"CE"},"geometry":{"type":"Polygon","coordinates":[[[-40.483627521,-3.66544918699998],[-40.483419318,-3.66806659399994],[-40.4826459929999,-3.66809633699996],[-40.4827054789999,-3.66866145899997],[-40.485092983,-3.66856902599995],[-40.488237726,-3.66934555399997],[-40.4886838749999,-3.66776916199997],[-40.4877320909999,-3.66776916199997],[-40.4878808069999,-3.66583584999996],[-40.483627521,-3.66544918699998]]]}},{"type":"Feature","properties":{"id":"473","municipality":"2312908","density":"Densa","type":"Área urbanizada","state":"CE"},"geometry":{"type":"Polygon","coordinates":[[[-40.4973254829999,-3.77508799099997],[-40.496611644,-3.77458235599995],[-40.4961357519999,-3.775177221],[-40.496819847,-3.77603977599995],[-40.497087537,-3.77752693899993],[-40.4989018759999,-3.77743770899998],[-40.4985747,-3.77838949299996],[-40.499139822,-3.77913307499996],[-40.500270066,-3.77770539799997],[-40.5006864709999,-3.77592080299998],[-40.501281337,-3.77565311299999],[-40.5015192829999,-3.77711053299994],[-40.5026495269999,-3.77630746499995],[-40.502917216,-3.77717001999999],[-40.5030361889999,-3.77580182999999],[-40.503601311,-3.77544490999999],[-40.504255663,-3.77601003199995],[-40.5047612979999,-3.775177221],[-40.504374636,-3.77464184199994],[-40.504642325,-3.77428492299994],[-40.505266934,-3.77455261299997],[-40.5057428259999,-3.77425517999995],[-40.5050884739999,-3.77363057099997],[-40.505266934,-3.77258955699995],[-40.5044936089999,-3.77291673299995],[-40.502173634,-3.77095367799997],[-40.4989613619999,-3.77018035299994],[-40.4986936729999,-3.76952600099999],[-40.497236253,-3.76937728499998],[-40.4965224149999,-3.77101316399995],[-40.496581901,-3.77184597599995],[-40.49693882,-3.77267878699998],[-40.4980988069999,-3.77258955699995],[-40.498455727,-3.77392800399998],[-40.4973254829999,-3.77508799099997]]]}},{"type":"Feature","properties":{"id":"474","municipality":"2312908","density":"Densa","type":"Área urbanizada","state":"CE"},"geometry":{"type":"Polygon","coordinates":[[[-40.2965586879999,-3.92063644099994],[-40.297897135,-3.92060669799998],[-40.297391499,-3.91876261499994],[-40.296499201,-3.91873287199996],[-40.2948335789999,-3.91641289799999],[-40.294357686,-3.91629392499993],[-40.2938520509999,-3.91706724899996],[-40.294089997,-3.91908979099998],[-40.2934059019999,-3.91956568299998],[-40.296499201,-3.92099335999995],[-40.2965586879999,-3.92063644099994]]]}},{"type":"Feature","properties":{"id":"475","municipality":"2312908","density":"Densa","type":"Área urbanizada","state":"CE"},"geometry":{"type":"Polygon","coordinates":[[[-40.242191621,-3.68164793499996],[-40.2401095929999,-3.67813822999995],[-40.23862243,-3.67662132299995],[-40.2380275639999,-3.67400391599996],[-40.23570759,-3.67168394199997],[-40.2350829809999,-3.67186240099995],[-40.234369143,-3.67320084799997],[-40.2351424679999,-3.67391468599994],[-40.2354399,-3.67543159299994],[-40.2365998879999,-3.67623466099998],[-40.237640902,-3.67819771599995],[-40.241567013,-3.68212382699995],[-40.242191621,-3.68164793499996]]]}},{"type":"Feature","properties":{"id":"476","municipality":"2312908","density":"Densa","type":"Área urbanizada","state":"CE"},"geometry":{"type":"Polygon","coordinates":[[[-40.5008844499999,-3.79050874699994],[-40.501598289,-3.78985439499998],[-40.5008844499999,-3.78893235399996],[-40.499546003,-3.78821851599999],[-40.499754206,-3.78720724499995],[-40.4987726789999,-3.78399497199997],[-40.4994567739999,-3.78360830999998],[-40.499218828,-3.78319190399997],[-40.498356273,-3.78325139099997],[-40.497463975,-3.78185345699995],[-40.4963039879999,-3.78167499799997],[-40.4949655409999,-3.78292421499998],[-40.4946978519999,-3.78402471599998],[-40.4963337309999,-3.78441137799997],[-40.4966311639999,-3.78506572999993],[-40.4963634739999,-3.78646366299996],[-40.4974937179999,-3.78801031299999],[-40.499486517,-3.78911081299999],[-40.5008844499999,-3.79050874699994]]]}},{"type":"Feature","properties":{"id":"477","municipality":"2312908","density":"Densa","type":"Área urbanizada","state":"CE"},"geometry":{"type":"Polygon","coordinates":[[[-40.0196318939999,-3.87985964099994],[-40.018918055,-3.88044498799998],[-40.0177901909999,-3.88013089899994],[-40.017404718,-3.88057347899998],[-40.018775288,-3.88340027899996],[-40.0185754129999,-3.88498499999997],[-40.0197175539999,-3.88445675899995],[-40.0208656659999,-3.87968555099998],[-40.0196318939999,-3.87985964099994]]]}},{"type":"Feature","properties":{"id":"478","municipality":"2312908","density":"Densa","type":"Área urbanizada","state":"CE"},"geometry":{"type":"Polygon","coordinates":[[[-39.956446021,-4.07145521599994],[-39.9560653069999,-4.07174075099993],[-39.958692232,-4.07507199699995],[-39.959225232,-4.07507199699995],[-39.959244267,-4.07735627899996],[-39.9623661199999,-4.07606185299994],[-39.962880084,-4.07667099499998],[-39.964022225,-4.07556692499997],[-39.9654499019999,-4.07516717499994],[-39.965868687,-4.07549078199997],[-39.966363615,-4.07520524699993],[-39.9661542219999,-4.07476742599993],[-39.9676390059999,-4.07356817699998],[-39.967067935,-4.07280674999992],[-39.965868687,-4.07400599799996],[-39.963489226,-4.07478646099999],[-39.9621757629999,-4.07316842799998],[-39.9619473349999,-4.07356817699998],[-39.9611097649999,-4.07349203499997],[-39.960119909,-4.07406310499995],[-39.9603673729999,-4.07448188999996],[-39.9597391949999,-4.07482453299999],[-39.9573978059999,-4.07214050099998],[-39.956446021,-4.07145521599994]]]}},{"type":"Feature","properties":{"id":"479","municipality":"2312908","density":"Densa","type":"Área urbanizada","state":"CE"},"geometry":{"type":"Polygon","coordinates":[[[-39.947147088,-4.07481977399993],[-39.947375516,-4.07586197799999],[-39.9464189729999,-4.07579059399997],[-39.946847276,-4.07760374299993],[-39.946604571,-4.07808915299996],[-39.947332686,-4.07834613499996],[-39.947232748,-4.07880299199996],[-39.946219098,-4.07831758199997],[-39.946133437,-4.07880299199996],[-39.946847276,-4.07924557099996],[-39.945947839,-4.07984519599997],[-39.943792048,-4.07925984799993],[-39.944106136,-4.08162979099996],[-39.94316387,-4.08127287199995],[-39.9428783349999,-4.08160123799996],[-39.9442203509999,-4.08232935299999],[-39.943906262,-4.08325734299995],[-39.944320288,-4.08351432399996],[-39.941807577,-4.08458508199994],[-39.942036005,-4.08567011599996],[-39.940651159,-4.08591282099998],[-39.9407082659999,-4.08641250799997],[-39.941636256,-4.08636967799994],[-39.941779024,-4.08674087399994],[-39.9428926109999,-4.08641250799998],[-39.943292361,-4.08491344699998],[-39.944534439,-4.08529891999997],[-39.945747965,-4.08377130599998],[-39.946718785,-4.08317168199995],[-39.947104257,-4.08364281499998],[-39.9475468369999,-4.08331444999993],[-39.947118534,-4.08252922799995],[-39.9490887279999,-4.08172972899997],[-39.949145835,-4.08044481999998],[-39.9513587339999,-4.07754663599997],[-39.9499596109999,-4.07611895999999],[-39.948260675,-4.07556216599994],[-39.9480608009999,-4.07453423899994],[-39.947147088,-4.07481977399993]]]}},{"type":"Feature","properties":{"id":"6731","municipality":"2304400","density":"Pouco densa","type":"Área urbanizada","state":"CE"},"geometry":{"type":"Polygon","coordinates":[[[-38.5865295120273,-3.97083937923391],[-38.5859346473661,-3.97125578512635],[-38.5868864313636,-3.97238602879215],[-38.5860536195788,-3.97333781278979],[-38.5870054035765,-3.97464651702309],[-38.5890279455831,-3.97304038090879],[-38.5865295120273,-3.97083937923391]]]}},{"type":"Feature","properties":{"id":"6733","municipality":"2304400","density":"Pouco densa","type":"Área urbanizada","state":"CE"},"geometry":{"type":"Polygon","coordinates":[[[-38.5294711578676,-3.87317912941324],[-38.5290143022682,-3.87317912941324],[-38.5282148031706,-3.8714088103683],[-38.5257020919779,-3.87312202066466],[-38.5250739137301,-3.87403573456147],[-38.5253594493791,-3.87483523275972],[-38.5267164759845,-3.87434314082328],[-38.5271868753739,-3.87586316055638],[-38.5259876267275,-3.87746215785228],[-38.5263302702257,-3.87786190830038],[-38.5277008388226,-3.87723373005259],[-38.5298137995671,-3.87529209015781],[-38.5294711578676,-3.87317912941324]]]}},{"type":"Feature","properties":{"id":"6734","municipality":"2304400","density":"Pouco densa","type":"Área urbanizada","state":"CE"},"geometry":{"type":"Polygon","coordinates":[[[-38.7076704876028,-3.66872008786175],[-38.7153846212032,-3.66926718862983],[-38.7156654767803,-3.67317443894916],[-38.7165220828278,-3.6731173319992],[-38.7165220828278,-3.67043329995675],[-38.7156654767802,-3.66723530356639],[-38.7136096229856,-3.66723530356639],[-38.7134383012366,-3.66769216096442],[-38.7105829483443,-3.66717819661644],[-38.7104116265953,-3.66632159056889],[-38.7088126292994,-3.6660360558193],[-38.7069280963545,-3.66655001926791],[-38.7076704876028,-3.66872008786175]]]}},{"type":"Feature","properties":{"id":"6735","municipality":"2304400","density":"Pouco densa","type":"Área urbanizada","state":"CE"},"geometry":{"type":"Polygon","coordinates":[[[-38.9479477977526,-3.74170893292087],[-38.9486330829504,-3.74142339727196],[-38.9483475482007,-3.73948175737717],[-38.9444071596627,-3.73896779392853],[-38.9443500527127,-3.73971018517687],[-38.9427510554168,-3.73988150692595],[-38.9424084128179,-3.73879647217939],[-38.9413233789707,-3.73879647217939],[-38.9416089137204,-3.74045257732458],[-38.940580986823,-3.74068100602357],[-38.940638093773,-3.74193736072055],[-38.942351305868,-3.74170893292087],[-38.9426939475676,-3.74267975286826],[-38.9438931971133,-3.74245132506856],[-38.9436647684143,-3.74130918337211],[-38.9445784814117,-3.74113786162297],[-38.9449782309605,-3.7427939667681],[-38.9484617621006,-3.74319371631693],[-38.9479477977526,-3.74170893292087]]]}},{"type":"Feature","properties":{"id":"6736","municipality":"2304400","density":"Pouco densa","type":"Área urbanizada","state":"CE"},"geometry":{"type":"Polygon","coordinates":[[[-38.7530924445606,-4.0678525911241],[-38.7520526699947,-4.06780054016274],[-38.7508034532167,-4.06702721583333],[-38.7502680751115,-4.06916873005282],[-38.7509819128849,-4.06946616283314],[-38.7513388322213,-4.06893078382859],[-38.7532225719641,-4.06863335194761],[-38.7530924445606,-4.0678525911241]]]}},{"type":"Feature","properties":{"id":"6737","municipality":"2304400","density":"Pouco densa","type":"Área urbanizada","state":"CE"},"geometry":{"type":"Polygon","coordinates":[[[-38.3607522482176,-3.9717649183163],[-38.3606332751055,-3.97360899975549],[-38.3593840583276,-3.97313310820636],[-38.3587297062109,-3.97063467375114],[-38.3565287054354,-3.97021826785875],[-38.356171786099,-3.9705751871951],[-38.3565287054354,-3.9717649183163],[-38.3556958936505,-3.97319259476239],[-38.3546846230968,-3.97170543086089],[-38.3541492440923,-3.97188389142837],[-38.3548630818657,-3.97372797286762],[-38.3539707844241,-3.97450129809637],[-38.3531974591953,-3.97301413509422],[-38.3521267020856,-3.97467975776454],[-38.3536138650878,-3.97658332665912],[-38.354922569321,-3.97563154176221],[-38.3559933264308,-3.97402540564792],[-38.3573615163208,-3.97343054098661],[-38.3586107330988,-3.97325208131844],[-38.3592055986594,-3.97384694597976],[-38.3617635187713,-3.97432283932751],[-38.3616445456592,-3.97164594520418],[-38.3607522482176,-3.9717649183163]]]}},{"type":"Feature","properties":{"id":"6738","municipality":"2304400","density":"Pouco densa","type":"Área urbanizada","state":"CE"},"geometry":{"type":"Polygon","coordinates":[[[-38.3543752931852,-3.9554389604396],[-38.3538993998374,-3.95531998732752],[-38.3527691570709,-3.95627177132514],[-38.3531260764072,-3.95692612344181],[-38.3512819931694,-3.95978147633401],[-38.3475938293917,-3.9598409628901],[-38.347296395712,-3.95912712511672],[-38.345928205822,-3.95960301666583],[-38.3461066663895,-3.96043582755136],[-38.3453928268175,-3.96085223434308],[-38.3443220697077,-3.96103069311194],[-38.3436677175911,-3.96037634189464],[-38.3413477437033,-3.96156607211651],[-38.3408123646988,-3.96216093677778],[-38.3410503109231,-3.96305323511865],[-38.3401580125822,-3.9635886141232],[-38.3394441748088,-3.96239888390131],[-38.3387898226921,-3.96251785701345],[-38.3392062285845,-3.96376707379137],[-38.3367389232627,-3.9650063980268],[-38.3379199993085,-3.96649558180561],[-38.3386113639233,-3.96608704767908],[-38.3388493101475,-3.96483783090111],[-38.3397416066897,-3.96454039812086],[-38.3405744193739,-3.96483783090111],[-38.3408123646988,-3.96578961489878],[-38.3415262033715,-3.96567064178664],[-38.3412287705913,-3.964361939352],[-38.3424779882685,-3.96400502001563],[-38.3423590151564,-3.96311272167468],[-38.3474153688242,-3.96091171999984],[-38.3502707217164,-3.96109017966802],[-38.3502112360596,-3.96204196366564],[-38.3511035344005,-3.96257734267016],[-38.351817372174,-3.9619824780089],[-38.3533045351761,-3.96216093677778],[-38.3534829948443,-3.96144709900438],[-38.3516389134051,-3.96061428811885],[-38.3544347788419,-3.95710458310998],[-38.355505536851,-3.95674766377365],[-38.3556245099631,-3.95502255364791],[-38.3549701578465,-3.95466563521087],[-38.3543752931852,-3.9554389604396]]]}},{"type":"Feature","properties":{"id":"6739","municipality":"2304400","density":"Pouco densa","type":"Área urbanizada","state":"CE"},"geometry":{"type":"Polygon","coordinates":[[[-38.9754228668718,-4.02869051365622],[-38.9708424047531,-4.02303929442786],[-38.9703665123047,-4.02351518597699],[-38.970723431641,-4.02500234897917],[-38.9704854854168,-4.0269654044298],[-38.9724485408674,-4.02684643131773],[-38.9738167307575,-4.02761975564716],[-38.9750659484348,-4.02993973133352],[-38.9763746508694,-4.03077254221899],[-38.9789325718806,-4.03011819010237],[-38.9789325718806,-4.02952332544106],[-38.9754228668718,-4.02869051365622]]]}},{"type":"Feature","properties":{"id":"6740","municipality":"2304400","density":"Pouco densa","type":"Área urbanizada","state":"CE"},"geometry":{"type":"Polygon","coordinates":[[[-38.7496397907437,-3.6281699526811],[-38.7490449251831,-3.62674227713434],[-38.7483310874097,-3.62686125024648],[-38.748925952071,-3.62906225102201],[-38.7505320890846,-3.6283484132486],[-38.7504726016292,-3.62793200735622],[-38.7496397907437,-3.6281699526811]]]}},{"type":"Feature","properties":{"id":"6741","municipality":"2304400","density":"Pouco densa","type":"Área urbanizada","state":"CE"},"geometry":{"type":"Polygon","coordinates":[[[-38.9086840213504,-4.05436447004423],[-38.9078274153029,-4.05482132564362],[-38.9091408769499,-4.05853328458336],[-38.9079416292028,-4.059332783681],[-38.9091979838998,-4.0612173166258],[-38.9103972334455,-4.0605891401766],[-38.9094264125988,-4.0589330350315],[-38.9104543403955,-4.05813353593392],[-38.9086840213504,-4.05436447004423]]]}},{"type":"Feature","properties":{"id":"6742","municipality":"2304400","density":"Pouco densa","type":"Área urbanizada","state":"CE"},"geometry":{"type":"Polygon","coordinates":[[[-38.7708880079751,-3.64844708016859],[-38.7706595801754,-3.64644833332386],[-38.7691176889302,-3.64444958557987],[-38.7683752967825,-3.64239373088594],[-38.7663194429879,-3.64273637438412],[-38.7668334064365,-3.64547751337649],[-38.7685466176322,-3.64838997321865],[-38.7708880079751,-3.64844708016859]]]}},{"type":"Feature","properties":{"id":"6743","municipality":"2304400","density":"Pouco densa","type":"Área urbanizada","state":"CE"},"geometry":{"type":"Polygon","coordinates":[[[-38.8233240446689,-3.57687935279983],[-38.8211825304494,-3.5767603796877],[-38.8210040698819,-3.57735524614765],[-38.8235619908931,-3.57753370491652],[-38.8239294080157,-3.57665190526116],[-38.8253465866756,-3.57646294780677],[-38.8254655597877,-3.57515424357342],[-38.8236809640052,-3.57509475791672],[-38.8235904283555,-3.57631698783865],[-38.8233240446689,-3.57687935279983]]]}},{"type":"Feature","properties":{"id":"6744","municipality":"2304400","density":"Pouco densa","type":"Área urbanizada","state":"CE"},"geometry":{"type":"Polygon","coordinates":[[[-38.3941717776054,-3.92165061368484],[-38.3936363986009,-3.92176958679692],[-38.3932794801638,-3.91998499101449],[-38.3906620725965,-3.92028242379481],[-38.3912569381571,-3.92337572291127],[-38.3942312650608,-3.92230496580146],[-38.3941717776054,-3.92165061368484]]]}},{"type":"Feature","properties":{"id":"6745","municipality":"2304400","density":"Pouco densa","type":"Área urbanizada","state":"CE"},"geometry":{"type":"Polygon","coordinates":[[[-38.4472910778209,-3.79376455459051],[-38.4476479980566,-3.79287225714895],[-38.447422278505314,-3.7925175549968966],[-38.44676784675335,-3.79296628807117],[-38.44611178862041,-3.7934161363280956],[-38.4462798081666,-3.79364558237769],[-38.4472910778209,-3.79376455459051]]]}},{"type":"Feature","properties":{"id":"6746","municipality":"2304400","density":"Pouco densa","type":"Área urbanizada","state":"CE"},"geometry":{"type":"Polygon","coordinates":[[[-38.8724583355837,-3.92265762684798],[-38.8721609028034,-3.92105149073366],[-38.8701978482521,-3.92105149073366],[-38.8684132515702,-3.92045662517308],[-38.8636543297835,-3.92134892261466],[-38.8638327903509,-3.92224122095554],[-38.8684727390257,-3.92176532940637],[-38.8699004145725,-3.92236019406767],[-38.870435793577,-3.92307403274038],[-38.8717444978102,-3.92343095207672],[-38.8724583355837,-3.92265762684798]]]}},{"type":"Feature","properties":{"id":"6747","municipality":"2304400","density":"Pouco densa","type":"Área urbanizada","state":"CE"},"geometry":{"type":"Polygon","coordinates":[[[-38.8659981177189,-4.02073083635896],[-38.8655817118265,-4.02239645902934],[-38.8646299278288,-4.02370516236328],[-38.8654032530576,-4.02418105391247],[-38.8661170908311,-4.02346721613908],[-38.8668309286044,-4.02156364724449],[-38.8659981177189,-4.02073083635896]]]}},{"type":"Feature","properties":{"id":"6748","municipality":"2304400","density":"Pouco densa","type":"Área urbanizada","state":"CE"},"geometry":{"type":"Polygon","coordinates":[[[-38.8621909799297,-4.0250138656973],[-38.8606443312708,-4.02566821691467],[-38.8608227900397,-4.02602513715033],[-38.8618340605934,-4.02572770437001],[-38.8623099530419,-4.02685794803587],[-38.8626073858222,-4.02662000181157],[-38.862428926154,-4.0253112975783],[-38.8621909799297,-4.0250138656973]]]}},{"type":"Feature","properties":{"id":"6749","municipality":"2304400","density":"Pouco densa","type":"Área urbanizada","state":"CE"},"geometry":{"type":"Polygon","coordinates":[[[-38.7945012632227,-4.0814298952734],[-38.7925382077721,-4.08404730194139],[-38.7908725851017,-4.08178681371043],[-38.7904561801086,-4.08160835404227],[-38.789920801104,-4.08273859770804],[-38.7913484766509,-4.08309551704447],[-38.7929546136645,-4.08541549183144],[-38.7932520464448,-4.08529651871931],[-38.7928356405523,-4.08470165405805],[-38.7931330733326,-4.0841067875981],[-38.7942633169984,-4.08464216660265],[-38.7945012632227,-4.0841067875981],[-38.7937874254493,-4.083630896049],[-38.7949176691151,-4.08160835404227],[-38.7945012632227,-4.0814298952734]]]}},{"type":"Feature","properties":{"id":"6750","municipality":"2304400","density":"Pouco densa","type":"Área urbanizada","state":"CE"},"geometry":{"type":"Polygon","coordinates":[[[-38.4239252080819,-4.03145043498957],[-38.4227830672847,-4.03209288907552],[-38.4221406122994,-4.03302087881049],[-38.4231399857217,-4.03444855615589],[-38.4223547642609,-4.0351623939293],[-38.4231399857217,-4.03666145406282],[-38.4199990971806,-4.0383746661579],[-38.4207843186413,-4.0393740395802],[-38.4212126216651,-4.03908850393129],[-38.4210698551896,-4.038517434432],[-38.4234255213707,-4.03737529273554],[-38.4267805609741,-4.03494824196775],[-38.4239252080819,-4.03145043498957]]]}},{"type":"Feature","properties":{"id":"6751","municipality":"2304400","density":"Pouco densa","type":"Área urbanizada","state":"CE"},"geometry":{"type":"Polygon","coordinates":[[[-38.4766713858757,-3.94324924006032],[-38.4731021952101,-3.94408205184516],[-38.4722693834253,-3.94378461906484],[-38.4722098968692,-3.94568818795944],[-38.4726857893177,-3.94550972829125],[-38.4726263018623,-3.94497435018604],[-38.4732211683222,-3.9449148627307],[-38.4735780867592,-3.94669945941246],[-38.4715555447526,-3.94753227029798],[-38.4717934909768,-3.94818662241466],[-38.4741134657638,-3.94747278374196],[-38.4742324388759,-3.94669945941248],[-38.4771472783242,-3.94568818795944],[-38.4766713858757,-3.94324924006032]]]}},{"type":"Feature","properties":{"id":"6752","municipality":"2304400","density":"Pouco densa","type":"Área urbanizada","state":"CE"},"geometry":{"type":"Polygon","coordinates":[[[-38.7439014137192,-3.95826771678169],[-38.7431875759459,-3.95814874366953],[-38.7436634683943,-3.95945744700352],[-38.7448531986162,-3.95945744700352],[-38.7455075498335,-3.95832720333773],[-38.7453885767214,-3.95791079744532],[-38.7444436788327,-3.95776160261586],[-38.7439014137192,-3.95826771678169]]]}},{"type":"Feature","properties":{"id":"6753","municipality":"2304400","density":"Pouco densa","type":"Área urbanizada","state":"CE"},"geometry":{"type":"Polygon","coordinates":[[[-38.6032924549827,-3.83737288385146],[-38.6031782401836,-3.83668759865374],[-38.6040919531811,-3.83611652825512],[-38.6031782401836,-3.8342891022602],[-38.6038635253814,-3.83371803096232],[-38.6030640262837,-3.83177639106754],[-38.6002086733915,-3.83291853276403],[-38.6004371011912,-3.83366092401242],[-38.5977530691488,-3.83497438655866],[-38.6002086733915,-3.83874345334767],[-38.6032924549827,-3.83737288385146]]]}},{"type":"Feature","properties":{"id":"6754","municipality":"2304400","density":"Pouco densa","type":"Área urbanizada","state":"CE"},"geometry":{"type":"Polygon","coordinates":[[[-38.5503152359593,-3.96369382491002],[-38.5499154873099,-3.96460753790751],[-38.5506007716083,-3.96586389440319],[-38.5517429133047,-3.96672049955134],[-38.5534561253998,-3.96723446300001],[-38.5538558740493,-3.96666339260145],[-38.5539276057743,-3.96461728835714],[-38.5527137332521,-3.96380803880988],[-38.5515144846057,-3.96243747021305],[-38.5517940784339,-3.96204564279214],[-38.5504483778903,-3.96072115006099],[-38.5491790792511,-3.96200832722246],[-38.5503152359593,-3.96369382491002]]]}},{"type":"Feature","properties":{"id":"6755","municipality":"2304400","density":"Pouco densa","type":"Área urbanizada","state":"CE"},"geometry":{"type":"Polygon","coordinates":[[[-38.7542179802755,-4.01664212893105],[-38.753742087827,-4.01673730688118],[-38.7542179802755,-4.01845051897624],[-38.7536944984024,-4.01868846520046],[-38.7530282491543,-4.01688007515532],[-38.75269512498,-4.01683248573057],[-38.7531234280037,-4.0185932872504],[-38.7525999461305,-4.0187836440499],[-38.7527903029301,-4.01949748182329],[-38.7546938718247,-4.01897400084944],[-38.7542179802755,-4.01664212893105]]]}},{"type":"Feature","properties":{"id":"6756","municipality":"2304400","density":"Pouco densa","type":"Área urbanizada","state":"CE"},"geometry":{"type":"Polygon","coordinates":[[[-38.6606856510219,-3.79002976905855],[-38.659115207201,-3.7898870007844],[-38.6591865899891,-3.79267097088854],[-38.6575447615815,-3.79295650563821],[-38.6574733787933,-3.79452695035843],[-38.660114579724,-3.79424141470948],[-38.6600431960366,-3.79259958720117],[-38.6605428827478,-3.79217128417736],[-38.6606856510219,-3.79002976905855]]]}},{"type":"Feature","properties":{"id":"6757","municipality":"2304400","density":"Pouco densa","type":"Área urbanizada","state":"CE"},"geometry":{"type":"Polygon","coordinates":[[[-38.7534565521781,-4.02087756884471],[-38.7521716431068,-4.02235283471551],[-38.7547414612494,-4.02292390601343],[-38.7548366400988,-4.0209727476941],[-38.7534565521781,-4.02087756884471]]]}},{"type":"Feature","properties":{"id":"6758","municipality":"2304400","density":"Pouco densa","type":"Área urbanizada","state":"CE"},"geometry":{"type":"Polygon","coordinates":[[[-38.7428441563327,-4.02282872716399],[-38.7433676382059,-4.0220672999659],[-38.7441766539294,-4.02216247791598],[-38.7441766539294,-4.02140105071789],[-38.7430821016577,-4.02106792564423],[-38.742415853309,-4.02235283471551],[-38.7406550517892,-4.02140105071789],[-38.7403219276148,-4.02163899694211],[-38.7436055844302,-4.02454193925907],[-38.744129065404,-4.02430399303479],[-38.7459850448739,-4.02620756192937],[-38.7452236167765,-4.02796836344921],[-38.7459374563485,-4.02853943384776],[-38.7475554886948,-4.02715934592703],[-38.7428441563327,-4.02282872716399]]]}},{"type":"Feature","properties":{"id":"6759","municipality":"2304400","density":"Pouco densa","type":"Área urbanizada","state":"CE"},"geometry":{"type":"Polygon","coordinates":[[[-38.791229504438,-4.08529651871931],[-38.7886120968707,-4.08743803383818],[-38.7887905574382,-4.08785443883124],[-38.7917648834426,-4.08559395060031],[-38.791229504438,-4.08529651871931]]]}},{"type":"Feature","properties":{"id":"6760","municipality":"2304400","density":"Pouco densa","type":"Área urbanizada","state":"CE"},"geometry":{"type":"Polygon","coordinates":[[[-38.7544982809708,-3.66266673857906],[-38.7550122444195,-3.66529366367161],[-38.752099783678,-3.66557919932053],[-38.7522139975779,-3.66672134101704],[-38.7532990323244,-3.66655001926791],[-38.7533561392744,-3.6675208392153],[-38.7548409226704,-3.66729241141559],[-38.7550693513694,-3.6691198374105],[-38.7536416749233,-3.66934826610953],[-38.7537558888231,-3.67026197910701],[-38.7578675973117,-3.66980512170898],[-38.7576962755626,-3.66792058876412],[-38.7590097390082,-3.66757794706456],[-38.758895524209,-3.66632159056889],[-38.7579247042617,-3.66632159056889],[-38.7575820616628,-3.66472259327303],[-38.7569538843143,-3.66437995067413],[-38.7560972782667,-3.65866924488968],[-38.7539843166228,-3.65878345878959],[-38.753927209673,-3.65764131709307],[-38.7545553879208,-3.65724156844359],[-38.7544411731216,-3.65638496239605],[-38.7551835652693,-3.65569967719831],[-38.7564970278155,-3.65718446059436],[-38.7574678477629,-3.65661339019574],[-38.7562114921666,-3.65432910770209],[-38.7547838157205,-3.65478596420082],[-38.7548409226704,-3.65524282069959],[-38.7542698522718,-3.65569967719831],[-38.7498726081343,-3.6558709980481],[-38.7497583942344,-3.65638496239605],[-38.7536416749233,-3.65627074759687],[-38.7536416749233,-3.65667049714569],[-38.748844681237,-3.65729867539353],[-38.7494157516356,-3.66163881168178],[-38.750386571583,-3.66169591863167],[-38.7505578933321,-3.66278095337828],[-38.7544982809708,-3.66266673857906]]]}},{"type":"Feature","properties":{"id":"6761","municipality":"2304400","density":"Pouco densa","type":"Área urbanizada","state":"CE"},"geometry":{"type":"Polygon","coordinates":[[[-38.4941002723096,-4.04369038160576],[-38.4948141100831,-4.04583189672464],[-38.4958848680922,-4.04565343705645],[-38.4953494890876,-4.04345243628086],[-38.4941002723096,-4.04369038160576]]]}},{"type":"Feature","properties":{"id":"6762","municipality":"2304400","density":"Pouco densa","type":"Área urbanizada","state":"CE"},"geometry":{"type":"Polygon","coordinates":[[[-38.3693658972183,-3.90719538775687],[-38.3684141132207,-3.90707641464479],[-38.3679977073283,-3.90648154998348],[-38.3666295174383,-3.90654103564027],[-38.366391571214,-3.90767128020537],[-38.365677731642,-3.90784973987355],[-38.3653208132049,-3.90856357764695],[-38.3654992728731,-3.90915844410689],[-38.3662725981019,-3.90909895665147],[-38.3668674627631,-3.9074928214365],[-38.3687710316577,-3.90784973987355],[-38.3690684644381,-3.90886101132657],[-38.3666295174382,-3.90987228188027],[-38.3669269493192,-3.91076458022117],[-38.3687115451017,-3.91034817432876],[-38.3702581946599,-3.9089799844387],[-38.3693658972183,-3.90719538775687]]]}},{"type":"Feature","properties":{"id":"6763","municipality":"2304400","density":"Pouco densa","type":"Área urbanizada","state":"CE"},"geometry":{"type":"Polygon","coordinates":[[[-38.3530784860832,-3.94059397912877],[-38.352543107978,-3.93934476235086],[-38.3505205659713,-3.93958270767577],[-38.3480221324155,-3.94029654634847],[-38.3460590760654,-3.94035603290456],[-38.3430847500611,-3.9414267900143],[-38.342965776949,-3.94208114213099],[-38.3447503727315,-3.94422265724978],[-38.3453452382921,-3.94386573791343],[-38.3449883189557,-3.94291395301646],[-38.34522626518,-3.94231908835519],[-38.3457616441845,-3.94225960089983],[-38.3459995904087,-3.94297343957255],[-38.3467134281821,-3.94261652113551],[-38.3465349694132,-3.94160524968249],[-38.3521267020856,-3.94017757323639],[-38.3527215667469,-3.94065346478551],[-38.3530784860832,-3.94059397912877]]]}},{"type":"Feature","properties":{"id":"6764","municipality":"2304400","density":"Pouco densa","type":"Área urbanizada","state":"CE"},"geometry":{"type":"Polygon","coordinates":[[[-38.4053851660925,-3.96832669592023],[-38.4023156621381,-3.96852894985115],[-38.4016732071527,-3.97023026481481],[-38.4036719548968,-3.97194347690987],[-38.4046237388944,-3.97222901165953],[-38.405575522892,-3.97165794126096],[-38.4057658796916,-3.97080133521343],[-38.4070032002375,-3.97070615726329],[-38.4076694485862,-3.97184829806049],[-38.4072887349871,-3.97299043975692],[-38.407574270636,-3.97346633220543],[-38.4084308766836,-3.97337115335598],[-38.4087402056959,-3.97186019609115],[-38.4096325040368,-3.97102738430629],[-38.408906769132,-3.97013508596542],[-38.4089067691321,-3.96918330196776],[-38.4053851660925,-3.96832669592023]]]}},{"type":"Feature","properties":{"id":"6765","municipality":"2304400","density":"Pouco densa","type":"Área urbanizada","state":"CE"},"geometry":{"type":"Polygon","coordinates":[[[-38.3279462866917,-3.91957336142145],[-38.3284221791402,-3.92064411763187],[-38.3295524228061,-3.92052514541911],[-38.3298498555863,-3.91998976641453],[-38.3291360169136,-3.91868106308057],[-38.3279462866917,-3.91957336142145]]]}},{"type":"Feature","properties":{"id":"6766","municipality":"2304400","density":"Pouco densa","type":"Área urbanizada","state":"CE"},"geometry":{"type":"Polygon","coordinates":[[[-38.4938028386301,-4.03922889259929],[-38.4930890008567,-4.03768224304104],[-38.4879731597335,-4.04059708338867],[-38.4883300790698,-4.0410729749378],[-38.4897577546166,-4.04035913716438],[-38.4902336479644,-4.04154886738627],[-38.4938028386301,-4.03922889259929]]]}},{"type":"Feature","properties":{"id":"6767","municipality":"2304400","density":"Pouco densa","type":"Área urbanizada","state":"CE"},"geometry":{"type":"Polygon","coordinates":[[[-38.7007752856509,-4.04501720088309],[-38.699942473866,-4.04513617399518],[-38.7000614469782,-4.04579052611184],[-38.7015486108796,-4.04608795889216],[-38.7025598814333,-4.04596898578],[-38.7026193679894,-4.04537412021944],[-38.7007752856509,-4.04501720088309]]]}},{"type":"Feature","properties":{"id":"6768","municipality":"2304400","density":"Pouco densa","type":"Área urbanizada","state":"CE"},"geometry":{"type":"Polygon","coordinates":[[[-38.448804674596,-3.8809459012323],[-38.4486143177965,-3.88004170576005],[-38.4500895836673,-3.87975617011114],[-38.4498516383424,-3.87799536859132],[-38.4481860147727,-3.87837608308974],[-38.447805302073,-3.87732912024269],[-38.4448071809066,-3.87799536859131],[-38.4448071809066,-3.87880438611347],[-38.4462824467774,-3.87866161783935],[-38.4465203930017,-3.88037482993439],[-38.4473769990492,-3.88027965198433],[-38.4479004800231,-3.88170732843044],[-38.4496136921181,-3.88108866770779],[-38.4495661026934,-3.8808031329582],[-38.448804674596,-3.8809459012323]]]}},{"type":"Feature","properties":{"id":"6769","municipality":"2304400","density":"Pouco densa","type":"Área urbanizada","state":"CE"},"geometry":{"type":"Polygon","coordinates":[[[-38.9275103157484,-4.09248502106682],[-38.9272247809988,-4.09208527241737],[-38.925283141104,-4.09259923496667],[-38.9231701785608,-4.09248502106682],[-38.923055964661,-4.09311319931465],[-38.9248833906559,-4.09442666096157],[-38.9256257828036,-4.09419823316188],[-38.9256828897535,-4.09311319931465],[-38.9275103157484,-4.09248502106682]]]}},{"type":"Feature","properties":{"id":"6770","municipality":"2304400","density":"Pouco densa","type":"Área urbanizada","state":"CE"},"geometry":{"type":"Polygon","coordinates":[[[-38.241037532656,-4.0131510911499],[-38.242108290665,-4.02542910876635],[-38.2448922598699,-4.02550049335303],[-38.2434645843231,-4.01279417091422],[-38.241037532656,-4.0131510911499]]]}},{"type":"Feature","properties":{"id":"6771","municipality":"2304400","density":"Pouco densa","type":"Área urbanizada","state":"CE"},"geometry":{"type":"Polygon","coordinates":[[[-38.3770396593528,-3.91992550535776],[-38.3781104155632,-3.91891423390473],[-38.3779319567943,-3.91837885490021],[-38.3772776046777,-3.91867628768051],[-38.3750766030028,-3.91576144823222],[-38.3716263854493,-3.916891691898],[-38.3709125467766,-3.91433377088674],[-38.3695443568865,-3.91498812300343],[-38.3701392224471,-3.91718912377901],[-38.3753740357831,-3.92057985567574],[-38.3770396593528,-3.91992550535776]]]}},{"type":"Feature","properties":{"id":"6772","municipality":"2304400","density":"Pouco densa","type":"Área urbanizada","state":"CE"},"geometry":{"type":"Polygon","coordinates":[[[-38.6202612005939,-4.00927175488757],[-38.6227568057819,-4.00867280910281],[-38.621507589004,-4.00569848309846],[-38.6197824797776,-4.00641232087185],[-38.6196569739901,-4.00698911815324],[-38.6202612005939,-4.00927175488757]]]}},{"type":"Feature","properties":{"id":"6773","municipality":"2304400","density":"Pouco densa","type":"Área urbanizada","state":"CE"},"geometry":{"type":"Polygon","coordinates":[[[-38.3153640293265,-3.95629842093536],[-38.3147691637658,-3.95671482682775],[-38.314888136878,-3.95772609828078],[-38.3176245166581,-3.95760712516865],[-38.3178624637816,-3.95832096294202],[-38.3184573293422,-3.95855890916631],[-38.318516814999,-3.95957017971996],[-38.3164347873355,-3.9593917209511],[-38.3180409225505,-3.96498345362347],[-38.3183383562301,-3.96771983430284],[-38.3189927083468,-3.96754137463467],[-38.3177434897702,-3.96081939739725],[-38.3204203838936,-3.96070042428513],[-38.321134221667,-3.96403166962581],[-38.3217885737836,-3.96385320995763],[-38.3215506275594,-3.96242553441086],[-38.3219670343511,-3.96218758728732],[-38.3198405289172,-3.95275980721931],[-38.3179219503377,-3.95332409493097],[-38.3180409225505,-3.95391895959228],[-38.3170891385528,-3.95415690671582],[-38.3169106788847,-3.95338358238639],[-38.3144836290162,-3.95418070097851],[-38.3153640293265,-3.95629842093536]]]}},{"type":"Feature","properties":{"id":"6774","municipality":"2304400","density":"Pouco densa","type":"Área urbanizada","state":"CE"},"geometry":{"type":"Polygon","coordinates":[[[-38.7136243745652,-4.05304788235384],[-38.7123156721305,-4.05233404368114],[-38.7124941308994,-4.05013304200623],[-38.7158253771394,-4.05090636723505],[-38.7164797283567,-4.05150123189629],[-38.7177289451347,-4.05150123189629],[-38.7179074048029,-4.05108482690321],[-38.7167176736817,-4.05066842101076],[-38.7182643241392,-4.05025201511836],[-38.7182048375831,-4.04989509578202],[-38.7155874300158,-4.05025201511836],[-38.7114828603457,-4.04924074456465],[-38.7113044006775,-4.05215558401296],[-38.7139218082448,-4.05435658568787],[-38.7143382132379,-4.05429709913178],[-38.7142192401258,-4.05114431255992],[-38.7137433476773,-4.05102534034711],[-38.7136243745652,-4.05304788235384]]]}},{"type":"Feature","properties":{"id":"6775","municipality":"2304400","density":"Pouco densa","type":"Área urbanizada","state":"CE"},"geometry":{"type":"Polygon","coordinates":[[[-38.5331831168074,-3.9228051669249],[-38.5336970811553,-3.92309070257381],[-38.5332283230286,-3.92383164231638],[-38.5332973307072,-3.92474680681965],[-38.5338684020051,-3.92537498506744],[-38.5352960793505,-3.92434705817017],[-38.5357529349499,-3.92457548596986],[-38.5363240062479,-3.92366177297243],[-38.5368950757471,-3.92406152342052],[-38.536209792348,-3.92520366421769],[-38.536952182697,-3.92811612405985],[-38.5375803609449,-3.92788769626015],[-38.5370663983955,-3.92526077116758],[-38.537923004443,-3.9246896998697],[-38.5398075373879,-3.92537498506744],[-38.540549927737,-3.92446127207001],[-38.5406070355861,-3.92326202432292],[-38.5368379687972,-3.92132038442817],[-38.535181863652,-3.9222340974256],[-38.5344965802529,-3.92154881222785],[-38.533925508955,-3.92229120437554],[-38.5330689029075,-3.92194856087736],[-38.53215518991,-3.9228051669249],[-38.5326982761045,-3.92332463962039],[-38.5331831168074,-3.9228051669249]]]}},{"type":"Feature","properties":{"id":"6776","municipality":"2304400","density":"Pouco densa","type":"Área urbanizada","state":"CE"},"geometry":{"type":"Polygon","coordinates":[[[-38.6247076043724,-3.83348960316261],[-38.6231086061772,-3.83377513881157],[-38.6235083548267,-3.83657338475387],[-38.6256784243198,-3.83634495605485],[-38.627042962063,-3.83913149372341],[-38.6250615370602,-3.83961923024322],[-38.6252127499684,-3.84035639373252],[-38.6238509983249,-3.84068509324243],[-38.6240223191746,-3.84188434188883],[-38.6262959842722,-3.84146233681735],[-38.6275242792221,-3.84204628011169],[-38.6279525822458,-3.8436167239326],[-38.6274172032413,-3.84379518360078],[-38.6276670465968,-3.8452585523403],[-38.6335483483775,-3.84386350060004],[-38.6319602014021,-3.83954295244526],[-38.6333878769489,-3.83914320289644],[-38.6316474091006,-3.83503852890493],[-38.6312005458685,-3.83547896827969],[-38.6274172032413,-3.836050037779],[-38.6259895267952,-3.8300894877396],[-38.6238509983249,-3.82983475117277],[-38.6247076043724,-3.83348960316261]]]}},{"type":"Feature","properties":{"id":"6777","municipality":"2304400","density":"Pouco densa","type":"Área urbanizada","state":"CE"},"geometry":{"type":"Polygon","coordinates":[[[-38.3327816841274,-3.93818786817553],[-38.3321273320107,-3.93824735383225],[-38.3321868185668,-3.93890170594893],[-38.3312945211252,-3.93890170594893],[-38.3318299001297,-3.9424114109578],[-38.3307591421206,-3.94229243784572],[-38.3303427371276,-3.94110270762383],[-38.3292124925624,-3.94038886895112],[-38.3289745463382,-3.94098373541102],[-38.3277253286609,-3.94098373541102],[-38.3270709783429,-3.94306576307448],[-38.3286176270018,-3.94336319585478],[-38.3286771135579,-3.94407703362817],[-38.329807358123,-3.94431497985239],[-38.3303427371276,-3.94288730340627],[-38.3326032235599,-3.94372011519114],[-38.334685253022,-3.943601142079],[-38.3346257655665,-3.94312524873119],[-38.3339119277932,-3.94312524873119],[-38.3327816841274,-3.93818786817553]]]}},{"type":"Feature","properties":{"id":"6778","municipality":"2304400","density":"Pouco densa","type":"Área urbanizada","state":"CE"},"geometry":{"type":"Polygon","coordinates":[[[-38.5096459567955,-3.96266849705348],[-38.5090177794469,-3.96249717620368],[-38.5086180298981,-3.9586710033641],[-38.5055913552568,-3.95832836076518],[-38.5053058196078,-3.95901364506365],[-38.5058768909058,-3.96084107105855],[-38.5083896011991,-3.96632334994262],[-38.5097601706953,-3.9662091351434],[-38.5096459567955,-3.96266849705348]]]}},{"type":"Feature","properties":{"id":"6779","municipality":"2304400","density":"Pouco densa","type":"Área urbanizada","state":"CE"},"geometry":{"type":"Polygon","coordinates":[[[-38.6758147398583,-3.91011365991746],[-38.6753983339659,-3.90951879435682],[-38.6725429810736,-3.91118441702719],[-38.6734352794145,-3.91398028426266],[-38.6755767936341,-3.91314747157851],[-38.6759931986272,-3.91386131115052],[-38.6789080389748,-3.91285003969751],[-38.6784321474256,-3.91136287669537],[-38.676885496968,-3.90963776656964],[-38.6758147398583,-3.91011365991746]]]}},{"type":"Feature","properties":{"id":"6780","municipality":"2304400","density":"Pouco densa","type":"Área urbanizada","state":"CE"},"geometry":{"type":"Polygon","coordinates":[[[-38.5939653279375,-3.97928646569779],[-38.5939653279375,-3.97857262792439],[-38.5967611942737,-3.97869160103655],[-38.5969991395986,-3.97958389937743],[-38.5996165480652,-3.97851314136836],[-38.5962258161684,-3.97690700525401],[-38.5932723436437,-3.97744163872062],[-38.5931325161527,-3.97690700525401],[-38.5937273817133,-3.97631213969345],[-38.5931920027087,-3.97541984225188],[-38.5921212446996,-3.97583624814429],[-38.5903366498165,-3.97339730024516],[-38.5899202439241,-3.97369473302549],[-38.5904556229286,-3.97482497669127],[-38.5883141078098,-3.97660957157444],[-38.5892658918074,-3.9775613573707],[-38.5880761615855,-3.97881057414863],[-38.5886115396908,-3.97922697914176],[-38.5890874330386,-3.97892954726077],[-38.5898272908967,-3.97956516110327],[-38.592180732155,-3.97750186991532],[-38.5933704623769,-3.98023824969545],[-38.5953930043836,-3.97982184470232],[-38.5953335178276,-3.9792864656978],[-38.5939653279375,-3.97928646569779]]]}},{"type":"Feature","properties":{"id":"6781","municipality":"2304400","density":"Pouco densa","type":"Área urbanizada","state":"CE"},"geometry":{"type":"Polygon","coordinates":[[[-38.8961775741357,-4.06846991365553],[-38.8957778236876,-4.06852702240411],[-38.8962346810856,-4.07189633784567],[-38.8968628584341,-4.07269583694329],[-38.8958920375874,-4.07338112214103],[-38.893721969893,-4.07292426474299],[-38.8934364351433,-4.07378087079054],[-38.8938361837928,-4.07446615598828],[-38.8957207167376,-4.07435194208841],[-38.8974910357827,-4.07263872999336],[-38.8961775741357,-4.06846991365553]]]}},{"type":"Feature","properties":{"id":"6782","municipality":"2304400","density":"Pouco densa","type":"Área urbanizada","state":"CE"},"geometry":{"type":"Polygon","coordinates":[[[-38.408682908989,-3.87614827981924],[-38.4080547307412,-3.87500613902205],[-38.4065699482444,-3.87449217467407],[-38.4054849125986,-3.87317871302714],[-38.4047996291995,-3.87363556862653],[-38.4052564847989,-3.87426374687437],[-38.4049138430993,-3.87483481817224],[-38.4052564847989,-3.87546299462146],[-38.4042856648515,-3.87603406591939],[-38.4059988769466,-3.87774727801441],[-38.4078263029415,-3.87717620671651],[-38.4088542298387,-3.87797570581415],[-38.4097679428363,-3.87740463631486],[-38.4094824080866,-3.87609117286928],[-38.408682908989,-3.87614827981924]]]}},{"type":"Feature","properties":{"id":"6783","municipality":"2304400","density":"Pouco densa","type":"Área urbanizada","state":"CE"},"geometry":{"type":"Polygon","coordinates":[[[-38.4883924749327,-3.87104178085345],[-38.4861617299798,-3.8699710237437],[-38.4873514602017,-3.86744284601047],[-38.4863104463699,-3.86678849479313],[-38.4865186493162,-3.86622337340992],[-38.4852991749169,-3.86547979055985],[-38.4843771341974,-3.86669926495904],[-38.4837822686367,-3.86661003512496],[-38.4833956069217,-3.86750233256657],[-38.4841986754285,-3.86794848173702],[-38.4839309850269,-3.86851360401956],[-38.4831576597981,-3.86833514435138],[-38.482652024971,-3.86934641490508],[-38.4834848358565,-3.86991153718766],[-38.4829197135739,-3.87089306536263],[-38.4823545921906,-3.87071460479514],[-38.4826817682489,-3.8732725258064],[-38.4843473909193,-3.87282637663596],[-38.4848827699238,-3.8731238094162],[-38.4851504594261,-3.87238022836482],[-38.4865781358722,-3.87288586319198],[-38.4875894073252,-3.87148793002394],[-38.4880652988744,-3.87166638969211],[-38.4883924749327,-3.87104178085345]]]}},{"type":"Feature","properties":{"id":"6785","municipality":"2304400","density":"Pouco densa","type":"Área urbanizada","state":"CE"},"geometry":{"type":"Polygon","coordinates":[[[-38.3241391489025,-3.93123271921457],[-38.3227114733557,-3.92819890665419],[-38.3214027691225,-3.92867479910262],[-38.3210458497861,-3.92807993444139],[-38.3197371455528,-3.9289127453269],[-38.3214027691225,-3.93218450411155],[-38.3241391489025,-3.93123271921457]]]}},{"type":"Feature","properties":{"id":"6786","municipality":"2304400","density":"Pouco densa","type":"Área urbanizada","state":"CE"},"geometry":{"type":"Polygon","coordinates":[[[-38.5193061009957,-4.00132737955489],[-38.5182781731991,-4.00001391790795],[-38.5167933898031,-4.00149870220334],[-38.5174215671516,-4.00344034209811],[-38.5193061009957,-4.00132737955489]]]}},{"type":"Feature","properties":{"id":"6787","municipality":"2304400","density":"Pouco densa","type":"Área urbanizada","state":"CE"},"geometry":{"type":"Polygon","coordinates":[[[-38.5172502463018,-3.90607279732173],[-38.5185066018981,-3.91155507620573],[-38.5191918861965,-3.9113266466074],[-38.518620815798,-3.90858550761505],[-38.5242744146325,-3.90710072511831],[-38.5237604520831,-3.90567304777289],[-38.521875918239,-3.90595858342187],[-38.5217617043392,-3.90447380002582],[-38.5195916357454,-3.90487354867531],[-38.5172502463018,-3.90607279732173]]]}},{"type":"Feature","properties":{"id":"6788","municipality":"2304400","density":"Pouco densa","type":"Área urbanizada","state":"CE"},"geometry":{"type":"Polygon","coordinates":[[[-38.4318153237182,-3.82374365824319],[-38.4325291623909,-3.82688454678435],[-38.4335761252379,-3.82631347638579],[-38.4335761252379,-3.82536169238815],[-38.4360507636318,-3.82498097788978],[-38.4363363001801,-3.82264910597143],[-38.4332430001643,-3.82331535521939],[-38.4327359731866,-3.81968559881132],[-38.4312640887666,-3.81988501628041],[-38.4318153237182,-3.82374365824319]]]}},{"type":"Feature","properties":{"id":"6789","municipality":"2304400","density":"Pouco densa","type":"Área urbanizada","state":"CE"},"geometry":{"type":"Polygon","coordinates":[[[-38.920290755314,-4.02745319400963],[-38.9198148628656,-4.02921399463008],[-38.9183871873188,-4.02945194085435],[-38.9182444190446,-4.0303085469019],[-38.919529328116,-4.03064167197557],[-38.9201003994139,-4.02949953027907],[-38.9217184317602,-4.02878569160636],[-38.9224798598576,-4.02797667498352],[-38.920290755314,-4.02745319400963]]]}},{"type":"Feature","properties":{"id":"6790","municipality":"2304400","density":"Pouco densa","type":"Área urbanizada","state":"CE"},"geometry":{"type":"Polygon","coordinates":[[[-38.3638278801525,-3.99095536979445],[-38.3648391507062,-3.99071742357019],[-38.3655529893789,-3.98899231524309],[-38.366623747388,-3.98851642279466],[-38.3678134767105,-3.9900035857968],[-38.3690032078317,-3.99053896390199],[-38.3700144792847,-3.99238304713988],[-38.3703713977218,-3.99190715469139],[-38.3687057750514,-3.98911128835522],[-38.3678729641659,-3.98851642279466],[-38.3676945035984,-3.98792155723402],[-38.3689437212757,-3.98696977323642],[-38.3683488557151,-3.9861964480076],[-38.3635304473722,-3.98851642279466],[-38.3617458515897,-3.99184766813533],[-38.3625191759192,-3.994167642023],[-38.3632925011479,-3.994167642023],[-38.3638278801525,-3.99095536979445]]]}},{"type":"Feature","properties":{"id":"6791","municipality":"2304400","density":"Pouco densa","type":"Área urbanizada","state":"CE"},"geometry":{"type":"Polygon","coordinates":[[[-38.4338616599876,-3.81536795456743],[-38.432637856252,-3.8156688911064],[-38.4333381790137,-3.81769982738509],[-38.4324339826421,-3.81808054098412],[-38.4326719297657,-3.81912750383117],[-38.4375736189273,-3.81779500623453],[-38.4373356727031,-3.81703357813705],[-38.438572993249,-3.8166528636387],[-38.4383826364495,-3.81570107964108],[-38.4351465690589,-3.81608179413946],[-38.4347182660351,-3.81479688506812],[-38.4338616599876,-3.81484932993261],[-38.4338616599876,-3.81536795456743]]]}},{"type":"Feature","properties":{"id":"6792","municipality":"2304400","density":"Pouco densa","type":"Área urbanizada","state":"CE"},"geometry":{"type":"Polygon","coordinates":[[[-38.518563708848,-3.99807227801318],[-38.5190205653468,-3.99778674326353],[-38.5184494949482,-3.99647327981797],[-38.5191347792466,-3.9959022094194],[-38.5188492435977,-3.99521692512094],[-38.5163365333043,-3.99710145806581],[-38.5165649620034,-3.99841491971273],[-38.5181639592992,-3.9975012067153],[-38.518563708848,-3.99807227801318]]]}},{"type":"Feature","properties":{"id":"6793","municipality":"2304400","density":"Pouco densa","type":"Área urbanizada","state":"CE"},"geometry":{"type":"Polygon","coordinates":[[[-38.3667603867824,-3.96617318474461],[-38.3668198742377,-3.9669465090741],[-38.3662844952332,-3.96718445619764],[-38.3654516843477,-3.9664111309689],[-38.3621204381077,-3.96742240242192],[-38.3621204381077,-3.96795777962782],[-38.3602763557691,-3.96819572585201],[-38.3605143019934,-3.96890956542404],[-38.3620014649956,-3.96902853763686],[-38.3624773574441,-3.96962340319743],[-38.3674742263544,-3.96849315863234],[-38.3674742263544,-3.96730342930977],[-38.3678906313475,-3.96718445619764],[-38.367414738899,-3.96587575196436],[-38.3667603867824,-3.96617318474461]]]}},{"type":"Feature","properties":{"id":"6794","municipality":"2304400","density":"Pouco densa","type":"Área urbanizada","state":"CE"},"geometry":{"type":"Polygon","coordinates":[[[-38.737742485827,-3.63399963337634],[-38.7374450530467,-3.63477295770578],[-38.7395865681655,-3.63388066026421],[-38.7399434866026,-3.63667652570105],[-38.7418520449359,-3.63647465578073],[-38.7422235989399,-3.6376276981597],[-38.7410142446117,-3.6380447155911],[-38.7414306496048,-3.63959136604866],[-38.7419065420532,-3.63959136604866],[-38.7421444891768,-3.64042417693418],[-38.7427988403941,-3.64048366438954],[-38.7433937059547,-3.63976982571682],[-38.7433342193986,-3.63762831059801],[-38.7447417339438,-3.63784892688642],[-38.744999842069,-3.63959136604866],[-38.7457136798424,-3.63976982571682],[-38.7458921404099,-3.63917496015625],[-38.7465464907279,-3.63899650138741],[-38.7469034109636,-3.63941290727979],[-38.7491638982952,-3.63953188039193],[-38.7500561957368,-3.6400077719411],[-38.7511269537459,-3.63852060893892],[-38.750889008421,-3.63727139216099],[-38.7521977108556,-3.63614114759582],[-38.7520192520868,-3.63518936269891],[-38.7506510621967,-3.63602217538306],[-38.7497587638558,-3.63721190470557],[-38.74862852019,-3.63786625682225],[-38.7485095470779,-3.63881804081989],[-38.7467249512954,-3.63750933838521],[-38.7458326529545,-3.63798522993439],[-38.7455352201743,-3.6370929315935],[-38.7480336546294,-3.63673601315646],[-38.7478551949612,-3.63578422915878],[-38.7473198159567,-3.63566525514739],[-38.7464870050712,-3.63626012070796],[-38.7458921404099,-3.63572474170343],[-38.7425608941699,-3.63715241904886],[-38.7422039748335,-3.63602217538306],[-38.7413116773919,-3.63590320227092],[-38.7410142446117,-3.6345944980376],[-38.7422634622889,-3.63399963337634],[-38.7423824354011,-3.63346425437182],[-38.7399434866026,-3.63310733503546],[-38.7401219471701,-3.63227452414992],[-38.7407762983874,-3.63221503669457],[-38.7406573252753,-3.63043044091205],[-38.7386942698246,-3.631025307372],[-38.7388727303921,-3.63352374092785],[-38.737742485827,-3.63399963337634]]]}},{"type":"Feature","properties":{"id":"6795","municipality":"2304400","density":"Pouco densa","type":"Área urbanizada","state":"CE"},"geometry":{"type":"Polygon","coordinates":[[[-38.8170779598799,-3.60614672399208],[-38.8145200388686,-3.60656312898515],[-38.8146984994361,-3.60739594077002],[-38.8142820926444,-3.60763388699423],[-38.8148174716489,-3.6104297542297],[-38.8164236077632,-3.61031078111763],[-38.8168995002117,-3.61185742977654],[-38.8162451480951,-3.61203589034405],[-38.8165425808754,-3.61405843235072],[-38.817494364873,-3.61393945923864],[-38.817494364873,-3.61197640288863],[-38.8181584800298,-3.6118742318103],[-38.8170779598799,-3.60614672399208]]]}},{"type":"Feature","properties":{"id":"6796","municipality":"2304400","density":"Pouco densa","type":"Área urbanizada","state":"CE"},"geometry":{"type":"Polygon","coordinates":[[[-38.4106816558337,-3.89642128841167],[-38.410453228034,-3.89704946576017],[-38.4125090818286,-3.89739210835905],[-38.4128517253268,-3.89830582135655],[-38.4142794008736,-3.89813449960742],[-38.4146791513217,-3.89739210835905],[-38.4161068268685,-3.89744921530901],[-38.4143365078235,-3.8993337482538],[-38.413936759174,-3.90019035430134],[-38.4144507226227,-3.90070431775002],[-38.4173060764142,-3.89762053615881],[-38.417248968565,-3.89682103706116],[-38.4106816558337,-3.89642128841167]]]}},{"type":"Feature","properties":{"id":"6797","municipality":"2304400","density":"Pouco densa","type":"Área urbanizada","state":"CE"},"geometry":{"type":"Polygon","coordinates":[[[-38.2405378468441,-4.01129511078069],[-38.2432504323615,-4.01115234340587],[-38.2416799876413,-4.00915359566188],[-38.24039507857,-4.0093677476234],[-38.2405378468441,-4.01129511078069]]]}},{"type":"Feature","properties":{"id":"6798","municipality":"2304400","density":"Pouco densa","type":"Área urbanizada","state":"CE"},"geometry":{"type":"Polygon","coordinates":[[[-38.4303225966105,-3.81071301959013],[-38.4303820831665,-3.8095827759243],[-38.4326425713975,-3.80898791036372],[-38.4323451386172,-3.80690588180097],[-38.4275267302743,-3.80750074736153],[-38.4275267302743,-3.80809561202285],[-38.4299656781735,-3.80767920702971],[-38.4300251638302,-3.80910688257654],[-38.4231842143799,-3.80999918091744],[-38.423838564698,-3.81225966914839],[-38.4253257285994,-3.81225966914839],[-38.4253852151555,-3.81291402126505],[-38.4271103243819,-3.81279504815291],[-38.4274077571622,-3.81112942458323],[-38.4303225966105,-3.81071301959013]]]}},{"type":"Feature","properties":{"id":"6799","municipality":"2304400","density":"Pouco densa","type":"Área urbanizada","state":"CE"},"geometry":{"type":"Polygon","coordinates":[[[-38.757492011647,-3.64012674505318],[-38.7560643352009,-3.64018623070996],[-38.756242794869,-3.64119750216293],[-38.7558263889766,-3.64143544838721],[-38.7564807410933,-3.64369593571884],[-38.7583843099879,-3.64351747694996],[-38.757492011647,-3.64012674505318]]]}},{"type":"Feature","properties":{"id":"6800","municipality":"2304400","density":"Pouco densa","type":"Área urbanizada","state":"CE"},"geometry":{"type":"Polygon","coordinates":[[[-38.6842618263222,-3.91338541780271],[-38.6815254456428,-3.91517001358523],[-38.6820608246473,-3.91618128503826],[-38.6856300162122,-3.91481309514819],[-38.6842618263222,-3.91338541780271]]]}},{"type":"Feature","properties":{"id":"6801","municipality":"2304400","density":"Pouco densa","type":"Área urbanizada","state":"CE"},"geometry":{"type":"Polygon","coordinates":[[[-38.4241589229958,-3.90692898788247],[-38.4234165317475,-3.90692898788247],[-38.4232452099984,-3.90612948878481],[-38.4283277393337,-3.90470181233872],[-38.4279279897848,-3.9037880993413],[-38.4265003133387,-3.9037880993413],[-38.4253581716422,-3.90013324735145],[-38.4245015655947,-3.90036167515115],[-38.4257008142412,-3.90441627668975],[-38.4245015655947,-3.90464470538882],[-38.4242160299458,-3.9040736349902],[-38.4226741395998,-3.90424495584001],[-38.42250281875,-3.90361677759217],[-38.4198187867076,-3.90373099239133],[-38.4202185362564,-3.9056726322861],[-38.420789606655,-3.90572973923606],[-38.420789606655,-3.90641502443378],[-38.422274390051,-3.90635791658452],[-38.4228454613489,-3.90807112867958],[-38.424273137795,-3.90784270087989],[-38.4241589229958,-3.90692898788247]]]}},{"type":"Feature","properties":{"id":"6802","municipality":"2304400","density":"Pouco densa","type":"Área urbanizada","state":"CE"},"geometry":{"type":"Polygon","coordinates":[[[-38.4217449600618,-3.85583363171667],[-38.4215308089996,-3.85511979394329],[-38.4184613041458,-3.8557622480293],[-38.4186754561074,-3.85754684381176],[-38.4199603642793,-3.85747546012437],[-38.4203172836157,-3.8590459039453],[-38.4216735763744,-3.85883175288304],[-38.4217449600618,-3.85747546012437],[-38.422530182422,-3.8572613081628],[-38.4228871017583,-3.8585462172341],[-38.4248144649156,-3.85826068158514],[-38.4241661193708,-3.85551768009681],[-38.4217449600618,-3.85583363171667]]]}},{"type":"Feature","properties":{"id":"6803","municipality":"2304400","density":"Pouco densa","type":"Área urbanizada","state":"CE"},"geometry":{"type":"Polygon","coordinates":[[[-38.3142337856606,-3.95314563616212],[-38.3160778679992,-3.95266974281435],[-38.3161373536559,-3.95189641938419],[-38.3169701663401,-3.95124206726751],[-38.3166132470037,-3.95088514793117],[-38.314888136878,-3.95213436470913],[-38.3144122453288,-3.95058771515091],[-38.3185096635901,-3.94853786792824],[-38.3179814368938,-3.94719698325413],[-38.3186357881111,-3.94666160424958],[-38.318516814999,-3.9461857118011],[-38.3197660317769,-3.94582879336407],[-38.3196470586648,-3.94505546813532],[-38.3201229520126,-3.94463906224287],[-38.3195280855527,-3.94321138579676],[-38.3206583301178,-3.94261652113551],[-38.3204798713489,-3.94172422279463],[-38.3103076747593,-3.942438060568],[-38.3092369167502,-3.9421406277877],[-38.3103671613154,-3.94499598157923],[-38.3111999731003,-3.94481752191103],[-38.3117353512055,-3.94559084713985],[-38.3117353512055,-3.94648314458142],[-38.3128655948712,-3.94844620003204],[-38.3123897033221,-3.94868414625631],[-38.3132225151069,-3.95195590504096],[-38.3125086764342,-3.95237231093337],[-38.3129845679834,-3.95374050082343],[-38.3142932722167,-3.95379998737946],[-38.3144836290162,-3.95418070097851],[-38.3142337856606,-3.95314563616212]]]}},{"type":"Feature","properties":{"id":"6804","municipality":"2304400","density":"Pouco densa","type":"Área urbanizada","state":"CE"},"geometry":{"type":"Polygon","coordinates":[[[-38.6400694035801,-3.83720156210235],[-38.6406404739786,-3.83680181255359],[-38.6408117957278,-3.83577388565624],[-38.6424107930236,-3.83491727960872],[-38.642182365224,-3.83371803096232],[-38.6412686522265,-3.83269010406504],[-38.6378993349863,-3.83406067356117],[-38.6369285150389,-3.83360381706246],[-38.6361290159413,-3.83417488836034],[-38.637099836788,-3.83514570830773],[-38.638641727134,-3.83571677870635],[-38.6400694035801,-3.83720156210235]]]}},{"type":"Feature","properties":{"id":"6805","municipality":"2304400","density":"Pouco densa","type":"Área urbanizada","state":"CE"},"geometry":{"type":"Polygon","coordinates":[[[-38.8295701303572,-3.57949676126646],[-38.8279639942429,-3.57878292169444],[-38.8279045067875,-3.57836651670134],[-38.82968910257,-3.57830703014525],[-38.829748589126,-3.57711729992345],[-38.8286183445609,-3.57693884025526],[-38.8286183445609,-3.57604654191432],[-38.8282614261239,-3.57598705625759],[-38.8280234798996,-3.5774742192598],[-38.8267742631217,-3.57789062425287],[-38.8268337496777,-3.58187622171023],[-38.8275475883505,-3.58199519482237],[-38.8274881008951,-3.58324441160028],[-38.8283209126799,-3.58336338471242],[-38.8292726966775,-3.58253057292758],[-38.8295701303572,-3.57949676126646]]]}},{"type":"Feature","properties":{"id":"6806","municipality":"2304400","density":"Pouco densa","type":"Área urbanizada","state":"CE"},"geometry":{"type":"Polygon","coordinates":[[[-38.4319825913235,-3.8913387590764],[-38.4299838435795,-3.89208115122409],[-38.42958409493,-3.89105322432681],[-38.4286703819325,-3.8913387590764],[-38.4287274888825,-3.89190983037435],[-38.4276995610858,-3.89236668597374],[-38.4270713837373,-3.89179561557518],[-38.4257008142412,-3.89213825817406],[-38.4259863489908,-3.89305197117147],[-38.427528240236,-3.89282354337177],[-38.4283848462835,-3.89545046756497],[-38.4307262357272,-3.8946509693667],[-38.4329534112709,-3.89328039897118],[-38.4319825913235,-3.8913387590764]]]}},{"type":"Feature","properties":{"id":"6807","municipality":"2304400","density":"Pouco densa","type":"Área urbanizada","state":"CE"},"geometry":{"type":"Polygon","coordinates":[[[-38.7551125512032,-3.63019249468784],[-38.753625388201,-3.6284078989054],[-38.7521977108556,-3.62912173757811],[-38.7517218193064,-3.62870533168565],[-38.7510674671898,-3.62906225102201],[-38.751245926858,-3.6298355762508],[-38.7518407924186,-3.62989506280685],[-38.7537443613132,-3.62924071069024],[-38.7546366587547,-3.63043044091205],[-38.7551125512032,-3.63019249468784]]]}},{"type":"Feature","properties":{"id":"6808","municipality":"2304400","density":"Pouco densa","type":"Área urbanizada","state":"CE"},"geometry":{"type":"Polygon","coordinates":[[[-38.4361459433806,-3.82883570510364],[-38.4360031751064,-3.82821704528038],[-38.4345279092355,-3.82888329362908],[-38.4336237137633,-3.83016820270035],[-38.4338140705629,-3.83088204137306],[-38.4379543334257,-3.8298826679507],[-38.4380019219511,-3.82902606190317],[-38.4397151340461,-3.82850258002998],[-38.4396675446214,-3.82802668758155],[-38.4361459433806,-3.82883570510364]]]}},{"type":"Feature","properties":{"id":"6809","municipality":"2304400","density":"Pouco densa","type":"Área urbanizada","state":"CE"},"geometry":{"type":"Polygon","coordinates":[[[-38.4942270497385,-3.95198947583361],[-38.4929706941422,-3.9523321193318],[-38.4923425158943,-3.95164683413408],[-38.4922283019945,-3.95044758638693],[-38.4936559793399,-3.94964808728935],[-38.493370443691,-3.94896280209162],[-38.4912574820471,-3.94953387338949],[-38.491885660295,-3.95238922628171],[-38.4927993732924,-3.95318872537933],[-38.4939415140896,-3.95307451058018],[-38.4942841566884,-3.95341715317903],[-38.495369191435,-3.95261765408145],[-38.4942270497385,-3.95198947583361]]]}},{"type":"Feature","properties":{"id":"6810","municipality":"2304400","density":"Pouco densa","type":"Área urbanizada","state":"CE"},"geometry":{"type":"Polygon","coordinates":[[[-38.5049357521832,-3.88460543599206],[-38.5057685630687,-3.88412954444289],[-38.506065995849,-3.88460543599206],[-38.5050547252953,-3.88573567965785],[-38.5055306168445,-3.88787719477666],[-38.5076721319633,-3.88674695111086],[-38.5068988067345,-3.88424851665564],[-38.5079100781875,-3.88353467888226],[-38.5088023756291,-3.88371313765112],[-38.5090998093087,-3.8844269772232],[-38.5110033782033,-3.88377262510653],[-38.5113008100843,-3.88276135365351],[-38.5101705664185,-3.8825234083286],[-38.5101110798624,-3.88163110998767],[-38.5092187824208,-3.88157162343164],[-38.5089213487412,-3.88008446042944],[-38.504816779071,-3.88061983943402],[-38.5043408866226,-3.88127419065131],[-38.5029132101765,-3.88127419065131],[-38.5026157782955,-3.8805603519786],[-38.50118810095,-3.8805603519786],[-38.5016045068424,-3.88502184188446],[-38.5036270488492,-3.88472440910413],[-38.5036865354052,-3.88407005698747],[-38.5046383194029,-3.88395108387541],[-38.5049357521832,-3.88460543599206]]]}},{"type":"Feature","properties":{"id":"6811","municipality":"2304400","density":"Pouco densa","type":"Área urbanizada","state":"CE"},"geometry":{"type":"Polygon","coordinates":[[[-38.6012108104305,-3.90264096730675],[-38.601068686071,-3.90215774718225],[-38.6022584171922,-3.90150339506557],[-38.6021394431807,-3.90073006983683],[-38.6000574146179,-3.90144390761021],[-38.5997572317108,-3.9000764057015],[-38.5976184676181,-3.90061109672469],[-38.5971425751697,-3.90156288072233],[-38.5983917919476,-3.9013249353974],[-38.59880819784,-3.90269312528744],[-38.5968451432887,-3.90346644961695],[-38.5962502768287,-3.90197928661473],[-38.595120033163,-3.90293107061241],[-38.5965499417264,-3.90412898556418],[-38.6012108104305,-3.90264096730675]]]}},{"type":"Feature","properties":{"id":"6812","municipality":"2304400","density":"Pouco densa","type":"Área urbanizada","state":"CE"},"geometry":{"type":"Polygon","coordinates":[[[-38.7469030413422,-3.68887888075568],[-38.7442761162497,-3.68905020340413],[-38.7442761162498,-3.69070630764992],[-38.7474170047909,-3.69064919980072],[-38.7469030413422,-3.68887888075568]]]}},{"type":"Feature","properties":{"id":"6813","municipality":"2304400","density":"Pouco densa","type":"Área urbanizada","state":"CE"},"geometry":{"type":"Polygon","coordinates":[[[-38.7098648271,-3.97452566882454],[-38.7100075935755,-3.97233656518028],[-38.7094841126017,-3.97186067273179],[-38.7072950089574,-3.97452566882454],[-38.7061528681603,-3.97376424072707],[-38.7069142953584,-3.97590575584594],[-38.7066763491342,-3.97704789844171],[-38.7070094742078,-3.97704789844172],[-38.7082943823798,-3.97471602562406],[-38.7091509884273,-3.97481120357412],[-38.7098648271,-3.97452566882454]]]}},{"type":"Feature","properties":{"id":"6814","municipality":"2304400","density":"Pouco densa","type":"Área urbanizada","state":"CE"},"geometry":{"type":"Polygon","coordinates":[[[-38.6030069193338,-3.82760757562909],[-38.6018647776373,-3.8253232931354],[-38.5961540718529,-3.82857839557648],[-38.5967251422514,-3.82960632337309],[-38.5949548232065,-3.83080557112015],[-38.5954687866551,-3.83154796326784],[-38.5974592633343,-3.83051291463925],[-38.5985445471931,-3.83244367093864],[-38.5995419196238,-3.83192057937119],[-38.5987809960461,-3.83057714332046],[-38.6008939576899,-3.82960632337308],[-38.6006655298902,-3.8290352520752],[-38.6030069193338,-3.82760757562909]]]}},{"type":"Feature","properties":{"id":"6815","municipality":"2304400","density":"Pouco densa","type":"Área urbanizada","state":"CE"},"geometry":{"type":"Polygon","coordinates":[[[-38.5194774218455,-4.00995054698013],[-38.518620815798,-4.01086425997756],[-38.5192489940458,-4.01183507992495],[-38.5196487426953,-4.01132111737564],[-38.5202769209431,-4.01177797297505],[-38.5225040955875,-4.01417647026785],[-38.5230180599355,-4.01389093461887],[-38.5194774218455,-4.00995054698013]]]}},{"type":"Feature","properties":{"id":"6816","municipality":"2304400","density":"Pouco densa","type":"Área urbanizada","state":"CE"},"geometry":{"type":"Polygon","coordinates":[[[-38.7565836658035,-3.86926004311647],[-38.7536807243859,-3.87116361201106],[-38.7539186697108,-3.87149673708472],[-38.7551083999327,-3.87068771956257],[-38.7558698280301,-3.87230575280819],[-38.7555842923812,-3.87054495218776],[-38.7565836658035,-3.86926004311647]]]}},{"type":"Feature","properties":{"id":"6817","municipality":"2304400","density":"Pouco densa","type":"Área urbanizada","state":"CE"},"geometry":{"type":"Polygon","coordinates":[[[-38.2392609507323,-3.99815419006376],[-38.2384876264028,-3.99880854218045],[-38.2379522473982,-4.0004741648508],[-38.2369409759452,-4.00160440941591],[-38.2333717852796,-4.00422181608388],[-38.2331933247121,-4.00642281685947],[-38.2336692171606,-4.00666076398302],[-38.2345615146021,-4.00529257319364],[-38.2364055969407,-4.0041028429718],[-38.236346111284,-4.00356746396723],[-38.2387255717277,-4.00053365140686],[-38.2387255717277,-3.99964135396528],[-38.2394394104005,-3.99874905562439],[-38.2392609507323,-3.99815419006376]]]}},{"type":"Feature","properties":{"id":"6818","municipality":"2304400","density":"Pouco densa","type":"Área urbanizada","state":"CE"},"geometry":{"type":"Polygon","coordinates":[[[-38.7579418363466,-4.06964462340063],[-38.7584177287951,-4.07136973172773],[-38.7592505396806,-4.07220254261318],[-38.7597859186852,-4.07196459728828],[-38.7590720800124,-4.07136973172773],[-38.7584772153511,-4.06904975694068],[-38.7564546733445,-4.06899027128397],[-38.7555638094222,-4.06838286287877],[-38.7552968375789,-4.06887230990914],[-38.7579418363466,-4.06964462340063]]]}},{"type":"Feature","properties":{"id":"6819","municipality":"2304400","density":"Pouco densa","type":"Área urbanizada","state":"CE"},"geometry":{"type":"Polygon","coordinates":[[[-38.3537566333619,-3.99199937836859],[-38.3534607204359,-3.99136202883454],[-38.351472349969,-3.99142830797003],[-38.351615118243,-3.99307013637765],[-38.3491880683746,-3.99328428743986],[-38.3490453001005,-3.99178522730638],[-38.3459044115593,-3.99307013637765],[-38.3463327136837,-3.99514026690974],[-38.3479205989564,-3.99503075826283],[-38.3477603910292,-3.99406950979999],[-38.3482600777403,-3.99399812611257],[-38.3487199181896,-3.99502392161662],[-38.3504729774459,-3.99442642913635],[-38.351615118243,-3.99535441797197],[-38.3523289560164,-3.9949974986356],[-38.3519006529927,-3.99406950979999],[-38.352543107978,-3.99392674242518],[-38.3530427946892,-3.99449781282376],[-38.3536138650878,-3.99421227717482],[-38.3536138650878,-3.99349843940145],[-38.3550415424332,-3.99285598441611],[-38.3548135741871,-3.99164706535975],[-38.3537566333619,-3.99199937836859]]]}},{"type":"Feature","properties":{"id":"6820","municipality":"2304400","density":"Pouco densa","type":"Área urbanizada","state":"CE"},"geometry":{"type":"Polygon","coordinates":[[[-38.5341539367548,-3.88174518808989],[-38.5350105428022,-3.8819736158896],[-38.5351247567021,-3.88237336633774],[-38.5341539367548,-3.88368682798467],[-38.534439473303,-3.8840865784328],[-38.5363811131978,-3.88300154368625],[-38.5343252576045,-3.88071726119262],[-38.5325549385595,-3.88174518808989],[-38.5319838690602,-3.88134543944046],[-38.532669154258,-3.88054594034281],[-38.5319838690602,-3.87894694214761],[-38.5338112950551,-3.87711951615267],[-38.5336970811553,-3.87649133790491],[-38.5310701560628,-3.87911826299741],[-38.530441977815,-3.8787185143479],[-38.530898835213,-3.87774769440052],[-38.5304990847649,-3.87729083700248],[-38.5299851222156,-3.87774769440052],[-38.5295282648175,-3.87843297779966],[-38.5299851222156,-3.87951801344553],[-38.5294140509177,-3.87986065514509],[-38.5287858726698,-3.87946090559627],[-38.5286145518201,-3.88117411769133],[-38.5278721596724,-3.88185940198976],[-38.5281576962207,-3.88231625938784],[-38.5295282648175,-3.88105990289216],[-38.5308417282631,-3.88220204458869],[-38.5284432309703,-3.88437211318246],[-38.5287858726698,-3.88505739838019],[-38.5282719101205,-3.88557136092955],[-38.5290714092181,-3.88631375307723],[-38.5341539367548,-3.88174518808989]]]}},{"type":"Feature","properties":{"id":"6821","municipality":"2304400","density":"Pouco densa","type":"Área urbanizada","state":"CE"},"geometry":{"type":"Polygon","coordinates":[[[-38.732226526433,-3.68122653507646],[-38.7325691681325,-3.68214024807396],[-38.7319129526206,-3.68228290303352],[-38.7322836333829,-3.68356792541938],[-38.7337113089297,-3.6834537097209],[-38.7340539524279,-3.68442452966828],[-38.7379943391674,-3.68408188796873],[-38.7375945896186,-3.68259710367336],[-38.7361669131724,-3.682083141124],[-38.7358242705736,-3.68014150122923],[-38.7345108080273,-3.68036992902894],[-38.7333686672301,-3.67602979184138],[-38.7321123107345,-3.67660086313931],[-38.7331402394304,-3.68014150122923],[-38.7314270273354,-3.68059835682869],[-38.7315892137712,-3.68116060577729],[-38.732226526433,-3.68122653507646]]]}},{"type":"Feature","properties":{"id":"6822","municipality":"2304400","density":"Pouco densa","type":"Área urbanizada","state":"CE"},"geometry":{"type":"Polygon","coordinates":[[[-38.5568825486906,-3.96797685514771],[-38.5573394051893,-3.96660628475219],[-38.5580246903871,-3.96586389440319],[-38.5583673320867,-3.96643496390243],[-38.5590526172844,-3.96643496390243],[-38.559623687683,-3.96517860920542],[-38.5589384033846,-3.96409357535817],[-38.5581960112369,-3.96397936055899],[-38.556311478292,-3.9653499300552],[-38.5549980157458,-3.96466464485741],[-38.5544840522971,-3.96574967960396],[-38.5547124800968,-3.96677760740062],[-38.5541414096983,-3.96877635424528],[-38.5549409087958,-3.97008981589229],[-38.5553977652946,-3.96974717419267],[-38.5559688356932,-3.97031824459129],[-38.5572251912895,-3.96929031679462],[-38.5568825486906,-3.96797685514771]]]}},{"type":"Feature","properties":{"id":"6823","municipality":"2304400","density":"Pouco densa","type":"Área urbanizada","state":"CE"},"geometry":{"type":"Polygon","coordinates":[[[-38.7702598297273,-3.72908225534177],[-38.7700314019276,-3.72862539794368],[-38.7688892611304,-3.72913936229168],[-38.767975548133,-3.72714061364838],[-38.7686037245822,-3.72662665109902],[-38.7682610828827,-3.72565583115165],[-38.766205229088,-3.72188676526195],[-38.7646062308928,-3.7229717991092],[-38.765976800389,-3.72588425895135],[-38.7664907638376,-3.72588425895135],[-38.7669476212357,-3.7281114353944],[-38.7674044768351,-3.72799721969592],[-38.7682610828827,-3.72976753874087],[-38.7702598297273,-3.72908225534177]]]}},{"type":"Feature","properties":{"id":"6824","municipality":"2304400","density":"Pouco densa","type":"Área urbanizada","state":"CE"},"geometry":{"type":"Polygon","coordinates":[[[-38.8300023993911,-3.70928644411407],[-38.8271470447003,-3.70797773988074],[-38.8253624498171,-3.70845363322856],[-38.8253029632611,-3.71005976934282],[-38.8239942599271,-3.71047617433597],[-38.8231019615862,-3.71148744488959],[-38.8217337716962,-3.71184436512532],[-38.8219717179204,-3.71428331212513],[-38.8226855556938,-3.71398587934484],[-38.8224476103689,-3.71232025667446],[-38.8240537455839,-3.71184436512533],[-38.8244701523756,-3.71279614912293],[-38.8248270708126,-3.7126771760108],[-38.8254219363732,-3.7108330936723],[-38.830121371604,-3.70970285000648],[-38.8300023993911,-3.70928644411407]]]}},{"type":"Feature","properties":{"id":"6825","municipality":"2304400","density":"Pouco densa","type":"Área urbanizada","state":"CE"},"geometry":{"type":"Polygon","coordinates":[[[-38.4404765621436,-3.87832849366499],[-38.4412379893417,-3.87951822388688],[-38.4403813832941,-3.88027965198433],[-38.439572365772,-3.8794706353615],[-38.4384302249749,-3.8808031329582],[-38.4376687977768,-3.88061277615867],[-38.4359079971563,-3.88270670185278],[-38.4366218349297,-3.88408678887418],[-38.437240494753,-3.8836584858504],[-38.4377639757268,-3.8843247350984],[-38.4379543334257,-3.8867993752909],[-38.4400958476452,-3.88565723359443],[-38.4401434370699,-3.88437232542241],[-38.4406669189431,-3.88394402239869],[-38.4414759346666,-3.88494339492168],[-38.4433795035612,-3.88389643207461],[-38.4440457528092,-3.88299223660238],[-38.4431415582363,-3.88185009580525],[-38.4401910255953,-3.88237357677913],[-38.4383826364495,-3.88342053962619],[-38.4376687977768,-3.88275429127749],[-38.4419994174391,-3.87985134896053],[-38.4410952219669,-3.87770983384174],[-38.4404765621436,-3.87832849366499]]]}},{"type":"Feature","properties":{"id":"6826","municipality":"2304400","density":"Pouco densa","type":"Área urbanizada","state":"CE"},"geometry":{"type":"Polygon","coordinates":[[[-38.5112918780177,-4.04660522195338],[-38.510578039345,-4.04482062617094],[-38.5126005813517,-4.04309551694451],[-38.5123031485714,-4.04238167917112],[-38.5092098485556,-4.04446370683458],[-38.5098047141162,-4.04553446394431],[-38.5087339570065,-4.04636727572915],[-38.5081390923452,-4.0459508698367],[-38.5079606317777,-4.04452319339062],[-38.5070088477801,-4.04815187061229],[-38.5075442267846,-4.04850879084796],[-38.5079606317777,-4.04779495217527],[-38.5089124166747,-4.04898468329647],[-38.508317551114,-4.04975800762589],[-38.5076631998967,-4.04916314206532],[-38.5075442267846,-4.05047184629865],[-38.509269336011,-4.05243490084996],[-38.5099831737844,-4.05178054873331],[-38.5094477947799,-4.05070979162356],[-38.5105185527889,-4.04987698073803],[-38.5096262553474,-4.04850879084796],[-38.5112918780177,-4.04660522195338]]]}},{"type":"Feature","properties":{"id":"6827","municipality":"2304400","density":"Pouco densa","type":"Área urbanizada","state":"CE"},"geometry":{"type":"Polygon","coordinates":[[[-38.3888179911574,-3.9375930026149],[-38.3887585037019,-3.93140640438202],[-38.3878067197043,-3.92575518425429],[-38.3870333953748,-3.92581467081038],[-38.3854867449173,-3.92426802125217],[-38.3841185550273,-3.92462493968918],[-38.3847134205878,-3.92765875314888],[-38.3857841776976,-3.92765875314888],[-38.3860221239218,-3.92980026826775],[-38.3853810466979,-3.92995726561526],[-38.3854867449173,-3.93104948504566],[-38.3841185550273,-3.93128743126988],[-38.3841185550273,-3.93026644803808],[-38.3815606349153,-3.93063307915323],[-38.3821554995766,-3.93212024215541],[-38.3801924450253,-3.93366689171365],[-38.3810847415675,-3.93426175727421],[-38.3836426625788,-3.93235818837963],[-38.3854272592606,-3.93217972871144],[-38.3857246911415,-3.93330997327661],[-38.3832857441417,-3.93414278416215],[-38.3832857441417,-3.93515405471579],[-38.3861410970339,-3.93479713627875],[-38.3868549348073,-3.93396432539328],[-38.3881041515853,-3.93408329760605],[-38.3881636390407,-3.93491610939088],[-38.3841780415833,-3.93628429928095],[-38.3844159878075,-3.93693865139762],[-38.3857246911415,-3.93658173206126],[-38.3859031508097,-3.93890170594893],[-38.3880446659285,-3.9388422202922],[-38.3882231246974,-3.93955605806559],[-38.3878662062603,-3.94021041018226],[-38.3850548976653,-3.94093331671917],[-38.3856652045855,-3.94449343862125],[-38.3843565012515,-3.94479087230089],[-38.3841780415833,-3.94431497985239],[-38.3828693382493,-3.94449343862125],[-38.3824529332562,-3.94264935718207],[-38.3840590693705,-3.94211397817755],[-38.3838418830964,-3.94124523577899],[-38.3819770399084,-3.9416975731844],[-38.3815011483593,-3.94110270762383],[-38.3834642029106,-3.94044835640648],[-38.3831667710296,-3.93949657061018],[-38.382512418913,-3.93943708495345],[-38.3820960130205,-3.93818786817553],[-38.3758499282316,-3.93991297740194],[-38.3762068466686,-3.94080527484352],[-38.3760283878997,-3.94383908830322],[-38.3778724702383,-3.94407703362817],[-38.3785863080117,-3.94711084708787],[-38.3776940105701,-3.94812211764156],[-38.3779319567943,-3.94853852263471],[-38.3794191197965,-3.94895492942641],[-38.3807873096865,-3.94841955042189],[-38.3794786063526,-3.94550471007428],[-38.380251930682,-3.94544522441755],[-38.3805493643616,-3.94609957563483],[-38.3813226886911,-3.94592111596666],[-38.381620120572,-3.94687289996433],[-38.3845944465764,-3.94556419663031],[-38.384891880256,-3.94651598062797],[-38.3882826121528,-3.94455292607667],[-38.388520558377,-3.94104322106773],[-38.3929225608275,-3.94050784206321],[-38.3938743448251,-3.94015092272685],[-38.3935769129441,-3.93925862528528],[-38.3956589406076,-3.93866375972471],[-38.3961348330561,-3.93937759839742],[-38.3978004557264,-3.93872324718006],[-38.3972650767218,-3.93711711016648],[-38.3909000188208,-3.93913965217313],[-38.3906620725965,-3.9375930026149],[-38.3888179911574,-3.9375930026149]]]}},{"type":"Feature","properties":{"id":"6828","municipality":"2304400","density":"Pouco densa","type":"Área urbanizada","state":"CE"},"geometry":{"type":"Polygon","coordinates":[[[-38.6451239756909,-3.79588324311715],[-38.6457664297769,-3.79238543523963],[-38.6466230358244,-3.79195713221585],[-38.6473368753964,-3.79052945576972],[-38.6442673696433,-3.7906008385578],[-38.6440532176818,-3.79138606181726],[-38.6451239756909,-3.79181436484102],[-38.6448384409413,-3.79338480866194],[-38.6434821481825,-3.79317065670041],[-38.643267996221,-3.79388449627244],[-38.6443387542301,-3.79431279929623],[-38.6443387542301,-3.79574047484301],[-38.6437676829322,-3.79738230325065],[-38.6428396931972,-3.79723953587586],[-38.6424827738609,-3.79781060627443],[-38.6428396931972,-3.79909551534571],[-38.6434821481826,-3.79945243378274],[-38.6438390666196,-3.79909551534571],[-38.6451239756909,-3.79588324311715]]]}},{"type":"Feature","properties":{"id":"6829","municipality":"2304400","density":"Pouco densa","type":"Área urbanizada","state":"CE"},"geometry":{"type":"Polygon","coordinates":[[[-38.4985617613162,-4.03708737837974],[-38.4992755999889,-4.03833659515772],[-38.5022499259932,-4.03667097158804],[-38.5021904394372,-4.03601662037069],[-38.5173000165824,-4.02548750534408],[-38.5170620712575,-4.02453572134642],[-38.5101616343519,-4.02977053468238],[-38.5015955738766,-4.0354217548101],[-38.4985617613162,-4.03708737837974]]]}},{"type":"Feature","properties":{"id":"6830","municipality":"2304400","density":"Pouco densa","type":"Área urbanizada","state":"CE"},"geometry":{"type":"Polygon","coordinates":[[[-38.7417598986004,-3.95553133610225],[-38.7421158961317,-3.95416087182673],[-38.7406296549346,-3.95374674121912],[-38.7398563297058,-3.95428211932432],[-38.7397373565937,-3.95565030921439],[-38.7388450600514,-3.95576928232647],[-38.7389640331636,-3.95660209411132],[-38.7401537633854,-3.95660209411132],[-38.7406891423899,-3.95600722855074],[-38.7407486280467,-3.95493647144094],[-38.7414029801633,-3.9548769848849],[-38.7417598986004,-3.95660209411132],[-38.7421168179367,-3.95684004033553],[-38.7429725021792,-3.95630238694555],[-38.7417598986004,-3.95553133610225]]]}},{"type":"Feature","properties":{"id":"6831","municipality":"2304400","density":"Pouco densa","type":"Área urbanizada","state":"CE"},"geometry":{"type":"Polygon","coordinates":[[[-38.3660346518776,-3.95775893522666],[-38.3657372190973,-3.95650971844873],[-38.3660941384337,-3.95478460832301],[-38.3672838686556,-3.95418974276238],[-38.3679977073283,-3.95585536633207],[-38.3687115451017,-3.95561742010779],[-38.366391571214,-3.94984722686798],[-38.3615731619718,-3.95436820332986],[-38.3628818662051,-3.95746150244634],[-38.3624654603127,-3.95775893522667],[-38.3628223787497,-3.9587702057803],[-38.3646664619876,-3.95793739399551],[-38.3656777316419,-3.96031685533853],[-38.369008977882,-3.95871071922428],[-38.3694848703304,-3.95936507134093],[-38.3708530602205,-3.95906763766129],[-38.3693658972183,-3.95704509565463],[-38.3660346518776,-3.95775893522666]]]}},{"type":"Feature","properties":{"id":"6832","municipality":"2304400","density":"Pouco densa","type":"Área urbanizada","state":"CE"},"geometry":{"type":"Polygon","coordinates":[[[-38.3876707583987,-3.85740994181533],[-38.3885630558404,-3.85740994181533],[-38.39022867941,-3.85859967203721],[-38.3917158424122,-3.85895659137356],[-38.3913589230758,-3.8597894031584],[-38.3920727608492,-3.86008683503935],[-38.3931435188583,-3.85794531992055],[-38.3912994356204,-3.85800480737589],[-38.3926081398538,-3.85604175192526],[-38.3933219776271,-3.85627969814948],[-38.3938573566317,-3.85544688636469],[-38.3933814650825,-3.85491150825948],[-38.3950470868535,-3.85181820824369],[-38.3958204120823,-3.85211564102394],[-38.3964152767436,-3.85074745113395],[-38.3954040061899,-3.84997412590515],[-38.3957609264256,-3.84926028813176],[-38.3993301170912,-3.85068796367854],[-38.3998654960957,-3.84967669312482],[-38.3995085767594,-3.84795158389841],[-38.3962368179747,-3.84664288056444],[-38.3966532229678,-3.84557212255539],[-38.3973075750845,-3.84575058312288],[-38.397842954089,-3.84473931166985],[-38.3986757649745,-3.8452746906744],[-38.3995680633154,-3.84384701422829],[-38.4003413876449,-3.84396598734038],[-38.4007577944366,-3.84325214866766],[-38.3992706314344,-3.84241933688289],[-38.4002224154321,-3.84099166133605],[-38.4011147128737,-3.84128909321704],[-38.4016500918782,-3.84063474199967],[-38.4008767666494,-3.84015884865194],[-38.4012931716425,-3.83950449833389],[-38.4020664968713,-3.83968295710276],[-38.4031372548804,-3.83831476721271],[-38.4036726329856,-3.83855271343691],[-38.4048623641068,-3.83682760421051],[-38.4055167162234,-3.83712503699083],[-38.4060520943286,-3.83605427898175],[-38.4052787699992,-3.83492403531593],[-38.4043864716583,-3.8342696831993],[-38.4016500918782,-3.83867168564975],[-38.3995680633154,-3.83718452264754],[-38.4011741994297,-3.83516198064086],[-38.3972480894277,-3.83165227563199],[-38.3934409507392,-3.83795784787634],[-38.3936194113068,-3.83890963187396],[-38.3909425171834,-3.84176498566553],[-38.39022867941,-3.84313317555558],[-38.3902881650667,-3.84414444700862],[-38.3892768936137,-3.8452746906744],[-38.3902881650667,-3.84640493523954],[-38.3897527869615,-3.84795158389841],[-38.387968191179,-3.84711877301294],[-38.3851723239436,-3.85122334268306],[-38.3853507836117,-3.85211564102394],[-38.383328241605,-3.85413818303067],[-38.3863620550647,-3.8578263468084],[-38.3855292432799,-3.85877813170538],[-38.3857671886048,-3.85931351070991],[-38.386956919726,-3.85859967203721],[-38.3876707583987,-3.85740994181533]]]}},{"type":"Feature","properties":{"id":"6833","municipality":"2304400","density":"Pouco densa","type":"Área urbanizada","state":"CE"},"geometry":{"type":"Polygon","coordinates":[[[-38.751863653185,-3.63362075439426],[-38.7537443613132,-3.63298836192332],[-38.753506415089,-3.63239349726205],[-38.7517066981056,-3.63281854294137],[-38.751863653185,-3.63362075439426]]]}},{"type":"Feature","properties":{"id":"6834","municipality":"2304400","density":"Pouco densa","type":"Área urbanizada","state":"CE"},"geometry":{"type":"Polygon","coordinates":[[[-38.4230738891486,-3.88859762008406],[-38.422274390051,-3.88522830284387],[-38.4212464631537,-3.88534251674373],[-38.4211322492539,-3.8843145898464],[-38.418733751961,-3.88437169679634],[-38.4186195380612,-3.88374352034714],[-38.4161639338184,-3.8843145898464],[-38.4170776468159,-3.88699862188883],[-38.419247716309,-3.88705572883879],[-38.4202756432063,-3.89145297297627],[-38.4232452099984,-3.89076768867784],[-38.4234736386974,-3.89122454517657],[-38.4248442081936,-3.89099611737687],[-38.424273137795,-3.88831208533441],[-38.4230738891486,-3.88859762008406]]]}},{"type":"Feature","properties":{"id":"6835","municipality":"2304400","density":"Pouco densa","type":"Área urbanizada","state":"CE"},"geometry":{"type":"Polygon","coordinates":[[[-38.4720338689679,-3.92980322164129],[-38.4679649906917,-3.92980322164129],[-38.4674653039805,-3.9302315246651],[-38.4676794559421,-3.93287272739441],[-38.4700351221231,-3.93251580805804],[-38.4701065058106,-3.93194473676017],[-38.4722480209294,-3.93165920201052],[-38.4720338689679,-3.92980322164129]]]}},{"type":"Feature","properties":{"id":"6836","municipality":"2304400","density":"Pouco densa","type":"Área urbanizada","state":"CE"},"geometry":{"type":"Polygon","coordinates":[[[-38.483548029418,-3.95176104803391],[-38.4837193502677,-3.95084733503644],[-38.4856537596133,-3.95077741634465],[-38.486117845762,-3.94941965859033],[-38.4829198511702,-3.95021915768791],[-38.4822916729223,-3.94947676643957],[-38.4804642469274,-3.9501620498387],[-38.4776660009851,-3.9501620498387],[-38.4778373218349,-3.95113287068541],[-38.4816063877246,-3.95101865588624],[-38.4823487798723,-3.95044758638693],[-38.482520100722,-3.95096154893628],[-38.481777710373,-3.95261765408145],[-38.4846901702151,-3.95256054713151],[-38.4849757049647,-3.95330293927919],[-38.4856609901625,-3.95358847402883],[-38.489829805601,-3.95130419243447],[-38.4896584838519,-3.95079022808654],[-38.4868602379096,-3.95216079758269],[-38.483548029418,-3.95176104803391]]]}},{"type":"Feature","properties":{"id":"6837","municipality":"2304400","density":"Pouco densa","type":"Área urbanizada","state":"CE"},"geometry":{"type":"Polygon","coordinates":[[[-38.3735894400006,-3.94615906219094],[-38.3725781694469,-3.94687289996433],[-38.3721617635545,-3.94615906219094],[-38.3711504930008,-3.94663495374011],[-38.3709125467766,-3.94615906219094],[-38.3695443568866,-3.94681341430761],[-38.3697228156554,-3.94758673863702],[-38.3688900047699,-3.94812211764156],[-38.3692469241062,-3.94889544197106],[-38.3702581946599,-3.94841955042188],[-38.3708530602205,-3.94996619998012],[-38.3719833038864,-3.9496687671998],[-38.3722807366666,-3.95056106464136],[-38.3712099786575,-3.95109644364589],[-38.3714479248818,-3.9518697688747],[-38.3744817383415,-3.95056106464136],[-38.3745412248975,-3.95109644364589],[-38.3731135475521,-3.95204822764358],[-38.3735894400006,-3.95317847220867],[-38.3758499282315,-3.95240514697992],[-38.3756119820073,-3.95163182265043],[-38.3763258197807,-3.95091798397773],[-38.3735894400006,-3.94615906219094]]]}},{"type":"Feature","properties":{"id":"6838","municipality":"2304400","density":"Pouco densa","type":"Área urbanizada","state":"CE"},"geometry":{"type":"Polygon","coordinates":[[[-38.6666426181623,-3.81531303566801],[-38.6647545292981,-3.81487134173899],[-38.6628985498282,-3.81372920004248],[-38.6636505080645,-3.81985002815622],[-38.6628271661407,-3.8202251290864],[-38.6606142673345,-3.81986820975005],[-38.6604001162723,-3.82058204842275],[-38.6604714990604,-3.82208110855628],[-38.6608998020841,-3.82222387593107],[-38.6612567223198,-3.8207962003843],[-38.6636123876016,-3.82136726988352],[-38.6641120752121,-3.82336601762758],[-38.6557601666983,-3.82693520919253],[-38.6559743177605,-3.82779181524005],[-38.6574733787933,-3.82829150195119],[-38.6583299848409,-3.82950502733509],[-38.6599718132485,-3.82907672431135],[-38.6604001162723,-3.82971917839734],[-38.6667532761427,-3.8288625723498],[-38.6662556398858,-3.82748276321888],[-38.664754529298,-3.82779181524005],[-38.6644689936491,-3.82686382460577],[-38.6637551558757,-3.8267924409184],[-38.6633268528519,-3.82750627959109],[-38.6604001162723,-3.8282201182638],[-38.6586869041772,-3.82829150195119],[-38.658401367629,-3.82743489590366],[-38.6574733787933,-3.82743489590366],[-38.6577589144423,-3.82657828985617],[-38.664993882062,-3.82398425027288],[-38.6641120752121,-3.81579933237322],[-38.6667853864364,-3.81591979835997],[-38.6689982843433,-3.81763300955573],[-38.6688912092619,-3.81831115593508],[-38.6699976577656,-3.81741885939279],[-38.670675804145,-3.81545580304282],[-38.6702118088279,-3.81527734427398],[-38.6699619663716,-3.81595548975401],[-38.6689625920499,-3.81577703008584],[-38.6683558302573,-3.8135641321789],[-38.6664998498881,-3.8137782832411],[-38.6666426181623,-3.81531303566801]]]}},{"type":"Feature","properties":{"id":"6839","municipality":"2304400","density":"Pouco densa","type":"Área urbanizada","state":"CE"},"geometry":{"type":"Polygon","coordinates":[[[-38.4421421839146,-3.81922268178129],[-38.441190399917,-3.81922268178129],[-38.4409048651673,-3.81822330925825],[-38.4380971008005,-3.81912750383117],[-38.4387157606238,-3.82093589387638],[-38.4404765621436,-3.82060276970202],[-38.4408572748433,-3.8211738401006],[-38.4428084331626,-3.82065035912671],[-38.4421421839146,-3.81922268178129]]]}},{"type":"Feature","properties":{"id":"6840","municipality":"2304400","density":"Pouco densa","type":"Área urbanizada","state":"CE"},"geometry":{"type":"Polygon","coordinates":[[[-38.4408604980135,-3.92492739068651],[-38.4396707677917,-3.92528431002284],[-38.4397809437355,-3.92585722942754],[-38.4387927992482,-3.92609126270157],[-38.4388879771984,-3.92385456963263],[-38.4395542264464,-3.92375939078324],[-38.4394590475969,-3.92299796358511],[-38.4387927992482,-3.92304555300985],[-38.4386500309741,-3.92218894696231],[-38.4345097690105,-3.92337867808346],[-38.4346525372847,-3.92404492733147],[-38.435937446356,-3.92375939078324],[-38.435937446356,-3.92447323035526],[-38.4351284288339,-3.92494912190445],[-38.4350332508838,-3.92737617177284],[-38.4345097690106,-3.92899420591784],[-38.4348428940842,-3.92994598991545],[-38.4360326243061,-3.92994598991545],[-38.4360802128315,-3.92918456181805],[-38.4356043212824,-3.92894661559382],[-38.4356519098077,-3.92680510137428],[-38.4366512841294,-3.92618644155103],[-38.4364609273299,-3.9253298364028],[-38.4379361932007,-3.9248063536303],[-38.436936818879,-3.92780447479663],[-38.4370795871532,-3.92837554609452],[-38.4386500309741,-3.92785206422132],[-38.4389831560477,-3.92704304759855],[-38.4413363895627,-3.92653352680077],[-38.4413363895627,-3.92593866213951],[-38.4449650676837,-3.925403283135],[-38.4456194198003,-3.92558174190385],[-38.4457383929124,-3.92671198556963],[-38.4450245551391,-3.92831812258323],[-38.443656365249,-3.92802068980297],[-38.4422286879036,-3.92843709569535],[-38.4422286879036,-3.92921042002485],[-38.4443107173657,-3.92921042002485],[-38.4444296895784,-3.92974579902939],[-38.4455599341436,-3.92932939313694],[-38.4460953122488,-3.92754479825379],[-38.446571203798,-3.92748531079844],[-38.4471065828025,-3.92837760913932],[-38.4481178542555,-3.92831812258323],[-38.4484747726926,-3.92909144691272],[-38.4491291248092,-3.92897247380057],[-38.4490101516971,-3.92825863602719],[-38.4515680727084,-3.92808017635901],[-38.4518060189326,-3.92849658225141],[-38.4523413970378,-3.92837760913932],[-38.4529362625984,-3.93004323180965],[-38.4535906138157,-3.92980528558542],[-38.4537690743832,-3.93164936792396],[-38.4545423987127,-3.93200628726033],[-38.4556726432778,-3.93176834103606],[-38.4557916163899,-3.9323037200406],[-38.4547208583809,-3.93301755781397],[-38.4553157239415,-3.93468318138366],[-38.4544234256006,-3.93492112670856],[-38.4528767760423,-3.93277961158977],[-38.4504378290425,-3.93260115192159],[-38.4504378290425,-3.9330770452694],[-38.4518060189326,-3.9330770452694],[-38.4519844777014,-3.93385036869949],[-38.4512706399281,-3.93432626204731],[-38.4513301255848,-3.93515907293284],[-38.4524603701499,-3.9350400998207],[-38.4528767760423,-3.93563496538133],[-38.4557321289346,-3.93545650571315],[-38.4603720776092,-3.93283909814579],[-38.4619782137236,-3.93266063937695],[-38.4617997549547,-3.93093553015052],[-38.4606100238335,-3.93093553015052],[-38.4603720776092,-3.93022169057849],[-38.4594797801677,-3.93028117803391],[-38.4573382659482,-3.92754479825379],[-38.4551967508293,-3.92831812258323],[-38.4550777777172,-3.92718787891743],[-38.4540665071635,-3.92748531079844],[-38.4534121550468,-3.92421355201378],[-38.4541854802757,-3.92361868735248],[-38.4535906138157,-3.92225049656311],[-38.4542449659324,-3.92213152435035],[-38.4540070197082,-3.92112025289732],[-38.4522224239257,-3.92135819912154],[-38.4521034508136,-3.92219101000705],[-38.4492480979213,-3.92320228056076],[-38.4479988811434,-3.92617660836373],[-38.4469876096904,-3.92629558057656],[-38.4460358256928,-3.92278587556768],[-38.4440727702421,-3.92308330834796],[-38.4410389576817,-3.92058487389279],[-38.4400871727847,-3.92106076634128],[-38.4399681996726,-3.92201255123821],[-38.4405630652332,-3.92284536212374],[-38.4408604980135,-3.92492739068651]]]}},{"type":"Feature","properties":{"id":"6841","municipality":"2304400","density":"Pouco densa","type":"Área urbanizada","state":"CE"},"geometry":{"type":"Polygon","coordinates":[[[-38.6086034121178,-3.83754420470127],[-38.6076896982209,-3.83663049170379],[-38.6067759852235,-3.83737288385146],[-38.60791812692,-3.84074220019232],[-38.6057480583262,-3.84199855578869],[-38.6063191287247,-3.84354044703395],[-38.6047201314289,-3.84468258783115],[-38.6056909513763,-3.84622447907639],[-38.6066617713237,-3.84536787302886],[-38.606147807875,-3.84462548088119],[-38.6080323408198,-3.84371176788374],[-38.6074612704213,-3.84182723493888],[-38.6088889468673,-3.84119905669105],[-38.6092315885669,-3.84188434188883],[-38.6180831837918,-3.83651627780393],[-38.6171123638444,-3.83417488836034],[-38.6123724780074,-3.8368589204028],[-38.61167123434,-3.83576809672026],[-38.6086034121178,-3.83754420470127]]]}},{"type":"Feature","properties":{"id":"6842","municipality":"2304400","density":"Pouco densa","type":"Área urbanizada","state":"CE"},"geometry":{"type":"Polygon","coordinates":[[[-38.7240602146072,-3.66866298091181],[-38.7233178233588,-3.66632159056889],[-38.7243457511555,-3.6660360558193],[-38.7248597137048,-3.66500812892197],[-38.724745499805,-3.66420862982439],[-38.7239460007073,-3.66386598722553],[-38.7232607164089,-3.66289516727812],[-38.7226896460103,-3.66283806032817],[-38.7200627209178,-3.66437995067413],[-38.7200627209178,-3.66655001926791],[-38.721661719113,-3.66632159056889],[-38.721661719113,-3.66500812892197],[-38.7209193269653,-3.6648939150221],[-38.7208622200154,-3.66455127242325],[-38.7217759330129,-3.6639230941754],[-38.7221756816624,-3.66415152287442],[-38.7225183251605,-3.66660712621786],[-38.7233178233588,-3.66860587396191],[-38.7231465016097,-3.66980512170898],[-38.7236604659577,-3.670033550408],[-38.7240602146072,-3.66866298091181]]]}},{"type":"Feature","properties":{"id":"6843","municipality":"2304400","density":"Pouco densa","type":"Área urbanizada","state":"CE"},"geometry":{"type":"Polygon","coordinates":[[[-38.4670567122974,-3.859682666222],[-38.4690744950918,-3.85901641697405],[-38.4701024219892,-3.86143395021658],[-38.4708638500866,-3.86017759372094],[-38.4721963476833,-3.86074866501884],[-38.4724554099892,-3.86016599606381],[-38.4729324104024,-3.86019700109069],[-38.4743124974238,-3.86243369415963],[-38.4736938367012,-3.86309994340763],[-38.4739317829254,-3.86433726305421],[-38.4758915963201,-3.86361363975761],[-38.4754070487962,-3.8623385162095],[-38.4762636548438,-3.86214815940999],[-38.4770250829412,-3.86319512225704],[-38.4772630291654,-3.86257646243377],[-38.4749184516252,-3.85840727467595],[-38.4716443132344,-3.85854052542488],[-38.4725199552317,-3.8568653852293],[-38.4686747464423,-3.85699863417961],[-38.468750889342,-3.85743645472855],[-38.4666379267989,-3.85768391937733],[-38.4670567122974,-3.859682666222]]]}},{"type":"Feature","properties":{"id":"6844","municipality":"2304400","density":"Pouco densa","type":"Área urbanizada","state":"CE"},"geometry":{"type":"Polygon","coordinates":[[[-38.9183105066245,-3.68369384669364],[-38.9146818294029,-3.68470511814661],[-38.9143190222051,-3.68378002782601],[-38.9112316109501,-3.68309898203235],[-38.9097444479478,-3.68339641481264],[-38.9098039336046,-3.68458614503453],[-38.9084952311699,-3.68500255092693],[-38.9083167706024,-3.68541895592005],[-38.9084357437145,-3.68666817269799],[-38.9101013672842,-3.68643022737302],[-38.9114100697189,-3.68726303915787],[-38.9117669890553,-3.68839328282372],[-38.9131351798446,-3.68815533659945],[-38.9137300454052,-3.68934506682133],[-38.912778259609,-3.68976147271378],[-38.9122428824031,-3.68922609370924],[-38.9118264756113,-3.68934506682133],[-38.9127187739522,-3.69083222982353],[-38.9147413159589,-3.69047531138649],[-38.9157525874119,-3.68964249960164],[-38.9158715596247,-3.68869071470466],[-38.9146818294029,-3.68684663326547],[-38.9193217780776,-3.68488357781485],[-38.9183105066245,-3.68369384669364]]]}},{"type":"Feature","properties":{"id":"6845","municipality":"2304400","density":"Pouco densa","type":"Área urbanizada","state":"CE"},"geometry":{"type":"Polygon","coordinates":[[[-38.5139289870331,-3.97043505843119],[-38.5118160253892,-3.97003530888237],[-38.5118731323391,-3.96952134543371],[-38.5113020619406,-3.96929291673467],[-38.5109594193417,-3.9699782019324],[-38.5095888498455,-3.96980688108268],[-38.5097601706953,-3.96786524028859],[-38.5090177794469,-3.96763681158957],[-38.5085609229482,-3.97060637928094],[-38.5141574148328,-3.9711203427296],[-38.5139289870331,-3.97043505843119]]]}},{"type":"Feature","properties":{"id":"6846","municipality":"2304400","density":"Pouco densa","type":"Área urbanizada","state":"CE"},"geometry":{"type":"Polygon","coordinates":[[[-38.7291384613708,-4.00864713975363],[-38.7269017683019,-4.00246054062143],[-38.7258072151308,-4.00317437929415],[-38.7260927507798,-4.00422134214119],[-38.7251885562069,-4.00455446721487],[-38.7254265024311,-4.00536348383765],[-38.7268541779779,-4.00522071556355],[-38.7283770332734,-4.00764776633133],[-38.726330697004,-4.00883749655316],[-38.7258548045555,-4.00802847993039],[-38.7248554311332,-4.00840919442873],[-38.7253789121071,-4.01002722677504],[-38.7291384613708,-4.00864713975363]]]}},{"type":"Feature","properties":{"id":"6847","municipality":"2304400","density":"Pouco densa","type":"Área urbanizada","state":"CE"},"geometry":{"type":"Polygon","coordinates":[[[-38.3639526233149,-3.96257734267016],[-38.3646664619876,-3.96162555867255],[-38.3641905686398,-3.96103069311194],[-38.3615731619718,-3.96222042423313],[-38.3599670258575,-3.96239888390131],[-38.3599075402008,-3.96335066789898],[-38.3587178090796,-3.96352912756715],[-38.3588962687477,-3.96424296623985],[-38.3603239451939,-3.96448091156475],[-38.3639526233149,-3.96257734267016]]]}},{"type":"Feature","properties":{"id":"6848","municipality":"2304400","density":"Pouco densa","type":"Área urbanizada","state":"CE"},"geometry":{"type":"Polygon","coordinates":[[[-38.4271880527864,-3.82206487309537],[-38.4263885545881,-3.82040876795025],[-38.4239329512446,-3.81978058970241],[-38.4211347053024,-3.82257883564472],[-38.4217057748016,-3.82366387129059],[-38.4211918122523,-3.82406361994004],[-38.421420240052,-3.82457758428803],[-38.4230763451971,-3.82543419033555],[-38.4237616303949,-3.82749004413019],[-38.4246182364424,-3.82766136497997],[-38.4239329512446,-3.83222992996725],[-38.4227908086489,-3.83262968041539],[-38.4228479173974,-3.83382892816246],[-38.4256461633397,-3.83285810821507],[-38.4261030189391,-3.83177307436785],[-38.4270167319366,-3.83171596741789],[-38.4271880527864,-3.82206487309537]]]}},{"type":"Feature","properties":{"id":"6849","municipality":"2304400","density":"Pouco densa","type":"Área urbanizada","state":"CE"},"geometry":{"type":"Polygon","coordinates":[[[-38.7479880751895,-3.67877093083378],[-38.7461035422446,-3.67899935863348],[-38.7461606491946,-3.68111232117661],[-38.7457037926958,-3.68139785592626],[-38.7459893283447,-3.68259710367336],[-38.7452469361971,-3.68276842632179],[-38.7441619023498,-3.68185471332431],[-38.7431339745532,-3.68162628372597],[-38.7429055458542,-3.68111232117661],[-38.7421631546059,-3.68151206982613],[-38.7423915833049,-3.6829968541215],[-38.7451327222972,-3.68368213931921],[-38.7463890769943,-3.6834537097209],[-38.7469601482922,-3.68202603417411],[-38.7476454325906,-3.68174049762583],[-38.7476454325906,-3.68105521422673],[-38.7468459343923,-3.68082678462839],[-38.7470172552421,-3.68014150122923],[-38.748844681237,-3.68065546377858],[-38.7493015377357,-3.68156917677607],[-38.7498726081343,-3.68128364202643],[-38.7498726081343,-3.68014150122923],[-38.7505578933321,-3.68008439427933],[-38.7505578933321,-3.6796275368813],[-38.7499297150843,-3.6794562160315],[-38.7497583942344,-3.67871382388382],[-38.7491302159866,-3.67871382388382],[-38.7490160020867,-3.67825696828443],[-38.7480451821394,-3.67819986043515],[-38.7479880751895,-3.67877093083378]]]}},{"type":"Feature","properties":{"id":"6850","municipality":"2304400","density":"Pouco densa","type":"Área urbanizada","state":"CE"},"geometry":{"type":"Polygon","coordinates":[[[-38.954743539183,-3.74713410395566],[-38.9542866817849,-3.74713410395565],[-38.9541153609351,-3.74524957101085],[-38.9527447923383,-3.74519246406091],[-38.9533729687874,-3.74770517435429],[-38.9520595071405,-3.748162030853],[-38.9528018992882,-3.74993234989796],[-38.9517168636423,-3.75027499159757],[-38.9510886871931,-3.74913285080039],[-38.9502320811456,-3.74941838644936],[-38.9505747228452,-3.75238795414073],[-38.9516597566924,-3.7531303462884],[-38.9520595071405,-3.75290191669007],[-38.9520595071405,-3.7510173837452],[-38.9537727192356,-3.75090316984535],[-38.9552575017323,-3.74987524294807],[-38.954743539183,-3.74713410395566]]]}},{"type":"Feature","properties":{"id":"6851","municipality":"2304400","density":"Pouco densa","type":"Área urbanizada","state":"CE"},"geometry":{"type":"Polygon","coordinates":[[[-38.4998109780941,-4.03244742880576],[-38.5014171142085,-4.03101975235961],[-38.5014171142085,-4.03054385991119],[-38.4993350856457,-4.0319715372566],[-38.4997514924374,-4.03411305237541],[-38.4978479226435,-4.03577867414647],[-38.4980858688677,-4.03637353880772],[-38.5007627629911,-4.03476740269343],[-38.4998109780941,-4.03244742880576]]]}},{"type":"Feature","properties":{"id":"6852","municipality":"2306405","density":"Pouco densa","type":"Área urbanizada","state":"CE"},"geometry":{"type":"Polygon","coordinates":[[[-39.6021061979999,-3.15754508699997],[-39.599459047,-3.15813995199996],[-39.595711396,-3.16060864299993],[-39.5941944899999,-3.16105479199996],[-39.5942395699999,-3.16167854399994],[-39.594878585,-3.16170914399995],[-39.5951913549999,-3.16307647699995],[-39.594640639,-3.16313681999999],[-39.594700125,-3.16358296899995],[-39.596573951,-3.16465372699998],[-39.5996375069999,-3.16542705199994],[-39.600202629,-3.16795522899997],[-39.600738008,-3.16786599899998],[-39.6000692499999,-3.16539645099995],[-39.602522603,-3.16420757799995],[-39.607995364,-3.16334502299999],[-39.60796562,-3.16295836099994],[-39.604664118,-3.16322604999993],[-39.5986167369999,-3.16464751599994],[-39.5954139639999,-3.16275015799995],[-39.595116531,-3.16153068399996],[-39.5963360049999,-3.16132248099995],[-39.599815967,-3.15876456099995],[-39.602939009,-3.15787226299995],[-39.60668666,-3.15543331499993],[-39.607787161,-3.15430307099996],[-39.6076681879999,-3.15391640899999],[-39.6021061979999,-3.15754508699997]]]}},{"type":"Feature","properties":{"id":"6853","municipality":"2306405","density":"Pouco densa","type":"Área urbanizada","state":"CE"},"geometry":{"type":"Polygon","coordinates":[[[-39.626343181,-3.56273090799994],[-39.626216395,-3.56185409799997],[-39.6253913969999,-3.56192783999995],[-39.624885761,-3.56267142199994],[-39.6238369339999,-3.56262742299998],[-39.624350383,-3.56511036899999],[-39.623904234,-3.56516985599997],[-39.623755517,-3.56591343699995],[-39.6243206389999,-3.56650830299998],[-39.6247073019999,-3.565824208],[-39.6251831939999,-3.56591343699995],[-39.625034478,-3.56451550399993],[-39.626343181,-3.56273090799994]]]}},{"type":"Feature","properties":{"id":"6854","municipality":"2306405","density":"Pouco densa","type":"Área urbanizada","state":"CE"},"geometry":{"type":"Polygon","coordinates":[[[-39.619646108,-3.57619391999999],[-39.6187883929999,-3.57739433699994],[-39.615814066,-3.57671024199994],[-39.615695093,-3.57751330999998],[-39.6170037969999,-3.57775125599994],[-39.6161709859999,-3.57920867599995],[-39.616408932,-3.57959533799994],[-39.6172119999999,-3.57903021599999],[-39.618134041,-3.57905995899995],[-39.618458757,-3.57952278599993],[-39.6184266349999,-3.57869235399994],[-39.6206276359999,-3.57702673099993],[-39.6206276359999,-3.57625340599999],[-39.619646108,-3.57619391999999]]]}},{"type":"Feature","properties":{"id":"6855","municipality":"2306405","density":"Pouco densa","type":"Área urbanizada","state":"CE"},"geometry":{"type":"Polygon","coordinates":[[[-39.5589348929999,-3.47568203799995],[-39.559743909,-3.47487302099995],[-39.5587445359999,-3.47339775499995],[-39.5575548049999,-3.46887677899999],[-39.558125876,-3.46697320999995],[-39.557697573,-3.46635454999995],[-39.5542711489999,-3.46616419399993],[-39.5537952569999,-3.46692562099999],[-39.554033203,-3.46835329799995],[-39.5529862399999,-3.46916231399996],[-39.54932187,-3.47058999099995],[-39.5504640119999,-3.47315980899999],[-39.550511601,-3.47449230699993],[-39.5523199909999,-3.47544409199999],[-39.552605526,-3.47492060999997],[-39.5546518629999,-3.47591998399997],[-39.5568885559999,-3.47791873099994],[-39.557459627,-3.47791873099994],[-39.557792751,-3.47530132399993],[-39.5589348929999,-3.47568203799995]]]}},{"type":"Feature","properties":{"id":"6856","municipality":"2306405","density":"Pouco densa","type":"Área urbanizada","state":"CE"},"geometry":{"type":"Polygon","coordinates":[[[-39.6248560179999,-3.57560974099995],[-39.624970152,-3.57687801499998],[-39.626194465,-3.57748356699996],[-39.626578668,-3.57883869099994],[-39.6271437899999,-3.57583462099996],[-39.6248560179999,-3.57560974099995]]]}},{"type":"Feature","properties":{"id":"6857","municipality":"2306405","density":"Pouco densa","type":"Área urbanizada","state":"CE"},"geometry":{"type":"Polygon","coordinates":[[[-39.651595211,-3.592593144],[-39.6480057799999,-3.59312493899996],[-39.64802602,-3.59229571099997],[-39.647728587,-3.59235519799996],[-39.646935023,-3.59315468199999],[-39.646875536,-3.59345211499993],[-39.647291942,-3.59339262799995],[-39.646955262,-3.59535926699995],[-39.6447542609999,-3.59678694399999],[-39.6438619629999,-3.59791718799994],[-39.6440201829999,-3.59815154999996],[-39.6463901399999,-3.59675720099995],[-39.6465983429999,-3.59726283599998],[-39.6456263189999,-3.59803257699997],[-39.645953495,-3.59838949599993],[-39.6487993449999,-3.59565669999996],[-39.6486803719999,-3.59532952399996],[-39.64818424,-3.59559362899997],[-39.646836289,-3.59696540299997],[-39.646628086,-3.59660848399994],[-39.6477583299999,-3.59425876699993],[-39.6490372909999,-3.59449671299996],[-39.648987308,-3.59380903399996],[-39.6511883089999,-3.59330339799995],[-39.6514762379999,-3.59348544199997],[-39.651218053,-3.59401723699995],[-39.650018818,-3.59440748299995],[-39.650078305,-3.59494286199994],[-39.6523982789999,-3.59449671299996],[-39.652913419,-3.59369006099997],[-39.65228881,-3.59315468199999],[-39.6524577659999,-3.59283108999996],[-39.651595211,-3.592593144]]]}},{"type":"Feature","properties":{"id":"6858","municipality":"2306405","density":"Pouco densa","type":"Área urbanizada","state":"CE"},"geometry":{"type":"Polygon","coordinates":[[[-39.513614246,-3.30886140099996],[-39.513881935,-3.30817730599994],[-39.5130193799999,-3.30823679299993],[-39.51319784,-3.31141932199995],[-39.5126624609999,-3.31237110599994],[-39.514833719,-3.31293622799996],[-39.5162019099999,-3.31418544499998],[-39.5159639629999,-3.31284699899994],[-39.5146255169999,-3.31150855199998],[-39.513614246,-3.30886140099996]]]}},{"type":"Feature","properties":{"id":"6859","municipality":"2306405","density":"Pouco densa","type":"Área urbanizada","state":"CE"},"geometry":{"type":"Polygon","coordinates":[[[-39.616184725,-3.48439086499997],[-39.617520374,-3.49104616199998],[-39.623323108,-3.49233826499995],[-39.6245604269999,-3.48857871599997],[-39.6225616799999,-3.48800764599998],[-39.62318034,-3.48401015099996],[-39.621800253,-3.48296318799993],[-39.62132436,-3.48177345799998],[-39.616184725,-3.48439086499997]]]}},{"type":"Feature","properties":{"id":"6860","municipality":"2306405","density":"Pouco densa","type":"Área urbanizada","state":"CE"},"geometry":{"type":"Polygon","coordinates":[[[-39.51550042,-3.53469001599997],[-39.516633008,-3.534754837],[-39.51737659,-3.53374356599994],[-39.5202319429999,-3.53395176899995],[-39.520410403,-3.53320818699996],[-39.5162463459999,-3.53267280899997],[-39.515800197,-3.53317844399993],[-39.5159786569999,-3.53386253899994],[-39.5154730209999,-3.53389228199995],[-39.51550042,-3.53469001599997]]]}},{"type":"Feature","properties":{"id":"6861","municipality":"2306405","density":"Pouco densa","type":"Área urbanizada","state":"CE"},"geometry":{"type":"Polygon","coordinates":[[[-39.511597442,-3.56795739399997],[-39.5108866259999,-3.56654009899996],[-39.510526684,-3.56679740699996],[-39.51076463,-3.56760047499995],[-39.509934841,-3.56713496499998],[-39.5094856699999,-3.56760047499995],[-39.5101102789999,-3.56810611099996],[-39.5096938729999,-3.56887943599997],[-39.508150245,-3.56921699299995],[-39.507879534,-3.57027736899995],[-39.507373899,-3.57015839599997],[-39.506898006,-3.57090197699995],[-39.5073441549999,-3.57176453199999],[-39.5090692639999,-3.57048557199995],[-39.5091020299999,-3.56975237199994],[-39.5098128459999,-3.56995019299996],[-39.511184058,-3.56912776299992],[-39.511597442,-3.56795739399997]]]}},{"type":"Feature","properties":{"id":"6862","municipality":"2306405","density":"Pouco densa","type":"Área urbanizada","state":"CE"},"geometry":{"type":"Polygon","coordinates":[[[-39.4784806399999,-3.17100818399996],[-39.4754170839999,-3.17088921099998],[-39.4762201519999,-3.17410148299996],[-39.475047589,-3.17511364999997],[-39.4721030059999,-3.17478647399999],[-39.470747392,-3.17517224099994],[-39.468474328,-3.17680901599993],[-39.46854639,-3.17728401299997],[-39.471847892,-3.17570761999999],[-39.479033187,-3.17517313599995],[-39.4784806399999,-3.17100818399996]]]}},{"type":"Feature","properties":{"id":"6863","municipality":"2306405","density":"Pouco densa","type":"Área urbanizada","state":"CE"},"geometry":{"type":"Polygon","coordinates":[[[-39.6067880959999,-3.56462973899996],[-39.603778753,-3.56337098299998],[-39.6007799569999,-3.56106054799996],[-39.599798429,-3.56076311499993],[-39.5994712529999,-3.56129849399999],[-39.60363531,-3.56454050899993],[-39.6038263419999,-3.56401343799997],[-39.606609636,-3.56519486099997],[-39.6067880959999,-3.56462973899996]]]}},{"type":"Feature","properties":{"id":"6864","municipality":"2306405","density":"Pouco densa","type":"Área urbanizada","state":"CE"},"geometry":{"type":"Polygon","coordinates":[[[-39.557507216,-3.49966700499994],[-39.5495598159999,-3.49957182599996],[-39.5497501729999,-3.50061878899993],[-39.5526531159999,-3.50109468099993],[-39.553890435,-3.50199887599995],[-39.5541283819999,-3.50375967699996],[-39.5536049,-3.50509217599996],[-39.552748294,-3.50580601399998],[-39.5529862399999,-3.50694815499999],[-39.5541759709999,-3.50756681499998],[-39.556603021,-3.50780476099993],[-39.55912525,-3.50751922599996],[-39.561599889,-3.50623431699997],[-39.561885424,-3.50499699699998],[-39.560267391,-3.502903072],[-39.5588397139999,-3.50000012899994],[-39.557507216,-3.49966700499994]]]}},{"type":"Feature","properties":{"id":"6865","municipality":"2306405","density":"Pouco densa","type":"Área urbanizada","state":"CE"},"geometry":{"type":"Polygon","coordinates":[[[-39.571498447,-3.46897195799995],[-39.571070144,-3.46782981599995],[-39.570213538,-3.46782981599995],[-39.569975592,-3.46664008599994],[-39.5683575579999,-3.46664008599994],[-39.5692141639999,-3.46916231399996],[-39.571260501,-3.46944784999996],[-39.571498447,-3.46897195799995]]]}},{"type":"Feature","properties":{"id":"6866","municipality":"2306405","density":"Pouco densa","type":"Área urbanizada","state":"CE"},"geometry":{"type":"Polygon","coordinates":[[[-39.478496213,-3.58043020299995],[-39.478820366,-3.58119314599997],[-39.4801588129999,-3.58039007799995],[-39.4810541329999,-3.57867534999999],[-39.4827494989999,-3.57793176899997],[-39.483014166,-3.57738600899995],[-39.4819434089999,-3.57661268399994],[-39.481913666,-3.57720754899999],[-39.4795639479999,-3.57949777999994],[-39.478136271,-3.57988444299998],[-39.4762327029999,-3.58131211899997],[-39.4767085949999,-3.58211518699996],[-39.478496213,-3.58043020299995]]]}},{"type":"Feature","properties":{"id":"6867","municipality":"2307304","density":"Pouco densa","type":"Área urbanizada","state":"CE"},"geometry":{"type":"Polygon","coordinates":[[[-39.2864263637856,-7.2825871805539],[-39.2891627453644,-7.28353896455156],[-39.2889247991401,-7.28413383011212],[-39.2907093940233,-7.28472869477337],[-39.2905904209111,-7.28532356123333],[-39.2913042595839,-7.28633483178703],[-39.2921370713687,-7.28591842589458],[-39.2935052612588,-7.28121898976453],[-39.2926129629179,-7.28068361165931],[-39.2924345032497,-7.2828251267781],[-39.2915422058081,-7.28306307300239],[-39.2918396376891,-7.28246820834107],[-39.2911852855725,-7.28211128810541],[-39.2930888553663,-7.27479444620667],[-39.2921370713687,-7.27443752687032],[-39.2915422058081,-7.27598417642855],[-39.2917801520324,-7.27675750075799],[-39.2913637461399,-7.27860158309654],[-39.2908283671354,-7.27836363687232],[-39.2909473402475,-7.27687647387012],[-39.290114529362,-7.27669801510125],[-39.2893412041332,-7.27699544698226],[-39.2887463385727,-7.27949388143742],[-39.2879135276871,-7.27889901587686],[-39.2885083932477,-7.27592468987251],[-39.2880919873553,-7.27515136464371],[-39.2864263637856,-7.2825871805539]]]}},{"type":"Feature","properties":{"id":"6868","municipality":"2307304","density":"Pouco densa","type":"Área urbanizada","state":"CE"},"geometry":{"type":"Polygon","coordinates":[[[-39.3390722240039,-7.20843891962039],[-39.3394291433402,-7.20849840617645],[-39.339548115553,-7.20778456840304],[-39.3401429811137,-7.20784405405983],[-39.3401429811137,-7.20915275829311],[-39.3406188726628,-7.20921224394989],[-39.3408568188871,-7.20665432383794],[-39.3403214407818,-7.20647586416976],[-39.3404404138939,-7.2053456196046],[-39.3398455483334,-7.20421537593883],[-39.339191197116,-7.20403691716997],[-39.3390722240039,-7.20843891962039]]]}},{"type":"Feature","properties":{"id":"6869","municipality":"2307304","density":"Pouco densa","type":"Área urbanizada","state":"CE"},"geometry":{"type":"Polygon","coordinates":[[[-39.278299444064,-7.20723500259324],[-39.2774771309648,-7.20850585166368],[-39.2780004212824,-7.2088048753447],[-39.2778509098915,-7.21074852522423],[-39.2773276186746,-7.21067376997844],[-39.2772528634289,-7.21142132693262],[-39.2778509098915,-7.21164559536789],[-39.2772528634289,-7.21381351278338],[-39.279719803626,-7.21388826892843],[-39.2800188282063,-7.21231839707635],[-39.2791965142077,-7.21007572261647],[-39.2794955369894,-7.20730975873835],[-39.2786732229908,-7.20506708517781],[-39.2779256651373,-7.20529135181436],[-39.278299444064,-7.20723500259324]]]}},{"type":"Feature","properties":{"id":"6870","municipality":"2307304","density":"Pouco densa","type":"Área urbanizada","state":"CE"},"geometry":{"type":"Polygon","coordinates":[[[-39.4329012162181,-7.25501013101269],[-39.433853001115,-7.25554551001723],[-39.4339124867718,-7.25649729401488],[-39.4361729750028,-7.25506961756873],[-39.4350427313369,-7.25393937390294],[-39.4329012162181,-7.25501013101269]]]}},{"type":"Feature","properties":{"id":"6871","municipality":"2307304","density":"Pouco densa","type":"Área urbanizada","state":"CE"},"geometry":{"type":"Polygon","coordinates":[[[-39.2645353228468,-7.28395537134329],[-39.2666768379656,-7.28365793766363],[-39.2700080842057,-7.28110001665237],[-39.2700080842057,-7.28187334188118],[-39.2707219219791,-7.28205180244867],[-39.2715547328646,-7.28086207132749],[-39.272268570638,-7.28086207132749],[-39.2722090849812,-7.28163539565697],[-39.2756593034341,-7.28336050488333],[-39.2761351958825,-7.28294409989026],[-39.273279842091,-7.28145693688812],[-39.2738747076516,-7.28104053099565],[-39.2736962479834,-7.28032669322228],[-39.271911652201,-7.28044566633441],[-39.271971138757,-7.27979131421774],[-39.2709003807479,-7.27979131421774],[-39.2689373261966,-7.28062412510327],[-39.2686398934163,-7.27794723187919],[-39.2692347589769,-7.27378317475366],[-39.2686993799724,-7.27372368819761],[-39.2684614337482,-7.27550828398006],[-39.2681045153111,-7.27479444620667],[-39.2674501631944,-7.27473495875133],[-39.2668552976338,-7.27729287976257],[-39.2667958110778,-7.27996977298659],[-39.2664983791968,-7.27866106965259],[-39.265725053968,-7.27913696210108],[-39.2654871077438,-7.28276564022206],[-39.2611445909501,-7.28514510066584],[-39.2612040784054,-7.28591842589458],[-39.2645353228468,-7.28395537134329]]]}},{"type":"Feature","properties":{"id":"6872","municipality":"2307304","density":"Pouco densa","type":"Área urbanizada","state":"CE"},"geometry":{"type":"Polygon","coordinates":[[[-39.3033426348547,-7.23855767989295],[-39.3030436111737,-7.23788487818457],[-39.3010252051491,-7.23803438867606],[-39.3009244603955,-7.23720963032014],[-39.3002471279026,-7.2374595546147],[-39.3001400519218,-7.23863738770525],[-39.3008538905945,-7.23885153876745],[-39.3002471279026,-7.23974383710835],[-39.299390521855,-7.23977952940171],[-39.2996342381296,-7.24234083276315],[-39.3026803758986,-7.24184756990941],[-39.3020717857842,-7.24468765501121],[-39.3013989840758,-7.24453814272109],[-39.3012494717856,-7.24251973669646],[-39.299455333297,-7.24304302701404],[-39.299231065761,-7.24468765501121],[-39.3008009376131,-7.24468765501121],[-39.3008756937582,-7.2463322821091],[-39.299231065761,-7.24603325932742],[-39.2990067991244,-7.24767788732458],[-39.2944466949589,-7.24700508381751],[-39.2942224283224,-7.24977104859501],[-39.2905593943005,-7.24939726966825],[-39.2904846381555,-7.24850020042386],[-39.2868963602788,-7.24812642059778],[-39.2869711164238,-7.24887397935061],[-39.2788974914261,-7.24820117674284],[-39.2790470019176,-7.2504438512027],[-39.283532349938,-7.25096714062101],[-39.283532349938,-7.2504438512027],[-39.2852517331809,-7.25051860734785],[-39.2851022208907,-7.25178945461961],[-39.2904846381555,-7.2520884783006],[-39.2904098829097,-7.25320981508089],[-39.2877186742774,-7.25306030369002],[-39.2877186742774,-7.25560200093157],[-39.2891390338393,-7.25567675617733],[-39.2891390338393,-7.25672333681253],[-39.2913069521541,-7.25687284910264],[-39.2913069521541,-7.25634955788575],[-39.2922040222978,-7.25634955788575],[-39.2925030450794,-7.25306030369001],[-39.2950447423209,-7.25298554844425],[-39.2951194975667,-7.25119140905621],[-39.2982592412709,-7.25126616520136],[-39.2987825306892,-7.24850020042386],[-39.299231065761,-7.24864971181474],[-39.299231065761,-7.24939726966825],[-39.2999038683688,-7.24939726966825],[-39.3006514262223,-7.24827593288796],[-39.3008009376131,-7.24864971181473],[-39.3016232507124,-7.24835068903304],[-39.3021465419293,-7.24678081718095],[-39.3034921462455,-7.24700508381751],[-39.3040901927082,-7.24909824688655],[-39.3051367742427,-7.24887397935061],[-39.3052115285892,-7.24812642059778],[-39.3063328662687,-7.24797691010629],[-39.3064076224138,-7.24685557332602],[-39.3070804241222,-7.24685557332602],[-39.3071551802673,-7.24797691010629],[-39.3093978538279,-7.24767788732458],[-39.3093978538279,-7.24394009715769],[-39.3064823776596,-7.24401485330283],[-39.3063328662687,-7.24349156208587],[-39.3085007836842,-7.2431177831591],[-39.3082765170476,-7.24229547005985],[-39.3111919932159,-7.24207120162458],[-39.3111919932159,-7.24087510869925],[-39.3102949230722,-7.24094986484439],[-39.3100706564356,-7.24169742269782],[-39.3088745626109,-7.24184693498803],[-39.3085007836841,-7.24057608591761],[-39.3078279819757,-7.24057608591761],[-39.3077532258307,-7.24162266655276],[-39.3063328662687,-7.24169742269782],[-39.3098463888997,-7.23810914482113],[-39.3082017609025,-7.23571695986976],[-39.3033426348547,-7.23855767989295]]]}},{"type":"Feature","properties":{"id":"6873","municipality":"2307304","density":"Pouco densa","type":"Área urbanizada","state":"CE"},"geometry":{"type":"Polygon","coordinates":[[[-39.4106732856436,-7.25886058195028],[-39.4093704431913,-7.25844915830198],[-39.4092333019752,-7.25892915255832],[-39.4073133231513,-7.25930629225155],[-39.4070390398198,-7.26060913470376],[-39.4076904610459,-7.2617748359399],[-39.4096790113772,-7.26153483926142],[-39.4100218644174,-7.26222054534185],[-39.4111875656536,-7.26174055108551],[-39.4105704301812,-7.26095198774398],[-39.4111875656536,-7.25978628740718],[-39.4105704301812,-7.25930629225154],[-39.4117018456636,-7.25844915830198],[-39.4114618480858,-7.25728345706585],[-39.4106732856436,-7.25886058195028]]]}},{"type":"Feature","properties":{"id":"6874","municipality":"2307304","density":"Pouco densa","type":"Área urbanizada","state":"CE"},"geometry":{"type":"Polygon","coordinates":[[[-39.3313635528856,-7.21293665310402],[-39.3301143361077,-7.21965863034149],[-39.3320773915584,-7.22031298155877],[-39.3369806293525,-7.21797351036918],[-39.337114124717,-7.21726153329309],[-39.3361518321413,-7.21708110321032],[-39.336031546019,-7.21762239255936],[-39.3352496826267,-7.21780282264211],[-39.3354902557707,-7.21437465466653],[-39.3346482502165,-7.21371307829589],[-39.3344678201337,-7.21653981296197],[-39.3338062437631,-7.21641952683967],[-39.3334453835975,-7.21822382586885],[-39.3322425178778,-7.21822382586884],[-39.3325432340829,-7.21497608797605],[-39.3332048113529,-7.21461522781045],[-39.333385239637,-7.21232978159413],[-39.3317613706907,-7.21220949637109],[-39.3317012276295,-7.21275078572012],[-39.3307856800151,-7.21269074967832],[-39.3313635528856,-7.21293665310402]]]}},{"type":"Feature","properties":{"id":"6875","municipality":"2307304","density":"Pouco densa","type":"Área urbanizada","state":"CE"},"geometry":{"type":"Polygon","coordinates":[[[-39.3877041473285,-7.29935423431044],[-39.3885369591133,-7.29804553097643],[-39.3889533641064,-7.29858090908164],[-39.3903810405525,-7.29780758385289],[-39.3902620683397,-7.29721271919159],[-39.3921061497789,-7.29768861074077],[-39.3929389606645,-7.29929474775436],[-39.3937717733487,-7.29971115274748],[-39.3941286917857,-7.29881885530586],[-39.3929389606645,-7.2975101519719],[-39.3934148540122,-7.29697477296737],[-39.3949615026712,-7.29709374607951],[-39.3949615026711,-7.2964988814182],[-39.3939502321174,-7.29637990830606],[-39.3928199875523,-7.29548760996516],[-39.3936528002365,-7.29471428473642],[-39.3919276901108,-7.29447633941147],[-39.3920466641222,-7.29542812340913],[-39.3907974473442,-7.29602298896971],[-39.3899051490034,-7.29566606963335],[-39.38722825488,-7.2989973149741],[-39.3877041473285,-7.29935423431044]]]}},{"type":"Feature","properties":{"id":"6876","municipality":"2307304","density":"Pouco densa","type":"Área urbanizada","state":"CE"},"geometry":{"type":"Polygon","coordinates":[[[-39.3519093762167,-7.2276663242414],[-39.3516086600116,-7.22868875987832],[-39.3533144571964,-7.22950668788333],[-39.3543752516165,-7.2241780123054],[-39.3540143923503,-7.22309543270802],[-39.3531723858969,-7.22237371327623],[-39.3526912387097,-7.22574173819061],[-39.3523303794434,-7.22562145116901],[-39.3523303794434,-7.22477944471559],[-39.3516688030727,-7.22489973173719],[-39.351443804388,-7.22763722487799],[-39.3519093762167,-7.2276663242414]]]}},{"type":"Feature","properties":{"id":"6877","municipality":"2307304","density":"Pouco densa","type":"Área urbanizada","state":"CE"},"geometry":{"type":"Polygon","coordinates":[[[-39.31352452074,-7.24584715542181],[-39.3142026671193,-7.24666806917599],[-39.316486949613,-7.24666806917599],[-39.3186284638325,-7.24859543233329],[-39.3199847565912,-7.24834558897773],[-39.3206985952639,-7.25023725984165],[-39.3219250007381,-7.25015897925347],[-39.3221733961852,-7.24431314313699],[-39.3209207592856,-7.24413419513696],[-39.3208491804453,-7.24316787539709],[-39.3198828598061,-7.24316787539709],[-39.3197754906463,-7.24438472197727],[-39.3132483272485,-7.24429356579539],[-39.31352452074,-7.24584715542181]]]}},{"type":"Feature","properties":{"id":"6878","municipality":"2307304","density":"Pouco densa","type":"Área urbanizada","state":"CE"},"geometry":{"type":"Polygon","coordinates":[[[-39.3514589309848,-7.26117737403655],[-39.3519943099894,-7.26004713037072],[-39.3553850418861,-7.25980918414651],[-39.3553850418861,-7.25951175136617],[-39.3523512293257,-7.25939277825404],[-39.3521727687582,-7.25850047991317],[-39.3515184184402,-7.25832202114429],[-39.3514589309848,-7.26117737403655]]]}},{"type":"Feature","properties":{"id":"6879","municipality":"2307304","density":"Pouco densa","type":"Área urbanizada","state":"CE"},"geometry":{"type":"Polygon","coordinates":[[[-39.3954282885846,-7.16799790907618],[-39.3950498880419,-7.16811142869944],[-39.3948985276449,-7.16909526993072],[-39.3963364500671,-7.16947366957414],[-39.3970554103789,-7.16512206603045],[-39.3958066891274,-7.16497070473418],[-39.3954282885846,-7.16799790907618]]]}},{"type":"Feature","properties":{"id":"6880","municipality":"2307304","density":"Pouco densa","type":"Área urbanizada","state":"CE"},"geometry":{"type":"Polygon","coordinates":[[[-39.3942386006309,-7.23910319335767],[-39.395428331752,-7.23987651768709],[-39.3959637098573,-7.23957908490677],[-39.396320630093,-7.24017394956809],[-39.3967965216421,-7.24011446391131],[-39.3970344678664,-7.240768816028],[-39.3958447367452,-7.24124470757717],[-39.3967370350861,-7.24285084369144],[-39.3981052249761,-7.24195854624987],[-39.3978077930951,-7.24124470757717],[-39.3985216308685,-7.24088778914013],[-39.399057009873,-7.24136368068929],[-39.3994734148662,-7.24106624790898],[-39.3991164964291,-7.23981703113106],[-39.3975698468709,-7.23874627402132],[-39.3973319006466,-7.23809192190465],[-39.3978672787518,-7.23755654290013],[-39.397657454328,-7.23713689315304],[-39.3942542686195,-7.23871150083505],[-39.3942386006309,-7.23910319335767]]]}},{"type":"Feature","properties":{"id":"6881","municipality":"2307304","density":"Pouco densa","type":"Área urbanizada","state":"CE"},"geometry":{"type":"Polygon","coordinates":[[[-39.4570019130078,-7.22534544563577],[-39.4575372920124,-7.22582133808424],[-39.4622962137992,-7.22260906585564],[-39.4615823751264,-7.22213317340721],[-39.4570019130078,-7.22534544563577]]]}},{"type":"Feature","properties":{"id":"6882","municipality":"2307304","density":"Pouco densa","type":"Área urbanizada","state":"CE"},"geometry":{"type":"Polygon","coordinates":[[[-39.3765942240441,-7.2679548349476],[-39.3761105974261,-7.26854593504682],[-39.3787974146689,-7.26902956256426],[-39.3791198342129,-7.26988934411788],[-39.3807319238392,-7.27069539027997],[-39.3800333520575,-7.26897582627334],[-39.382344015264,-7.26865340762863],[-39.3815379700013,-7.26752494372113],[-39.3798184059946,-7.26747120832954],[-39.3798184059946,-7.26816978101057],[-39.3765942240441,-7.2679548349476]]]}},{"type":"Feature","properties":{"id":"6883","municipality":"2307304","density":"Pouco densa","type":"Área urbanizada","state":"CE"},"geometry":{"type":"Polygon","coordinates":[[[-39.3498331114089,-7.23608710733409],[-39.3503684886148,-7.23632505265904],[-39.3499937240311,-7.23824051868498],[-39.3525100037337,-7.23834759466571],[-39.3520341121845,-7.24120294755797],[-39.3526289768458,-7.24114346100186],[-39.3542946004154,-7.23269637543736],[-39.3506659222944,-7.23269637543736],[-39.3498331114089,-7.23608710733409]]]}},{"type":"Feature","properties":{"id":"6884","municipality":"2307304","density":"Pouco densa","type":"Área urbanizada","state":"CE"},"geometry":{"type":"Polygon","coordinates":[[[-39.5300875098306,-7.16417980585334],[-39.5297900770504,-7.16394185962907],[-39.52812445438,-7.16566696885547],[-39.5291357249337,-7.16608337474794],[-39.5296116182816,-7.16519107730632],[-39.5303849417116,-7.16566696885547],[-39.5305634022791,-7.16632132097216],[-39.5318126190571,-7.16673772596523],[-39.5322885106062,-7.16632132097216],[-39.5306228888352,-7.16382288741631],[-39.5300875098306,-7.16417980585334]]]}},{"type":"Feature","properties":{"id":"6885","municipality":"2307304","density":"Pouco densa","type":"Área urbanizada","state":"CE"},"geometry":{"type":"Polygon","coordinates":[[[-39.2743373872606,-7.23138112413956],[-39.2738888530881,-7.23070832243111],[-39.2712723997015,-7.23220343813814],[-39.2715714233825,-7.23310050738246],[-39.270599597993,-7.2333247749184],[-39.2703005752113,-7.23257721706489],[-39.2659647385818,-7.23519366865282],[-39.2661142499726,-7.23668878525916],[-39.2637968211663,-7.23788487818457],[-39.2646938904107,-7.23900621496478],[-39.2677588779698,-7.23773536589438],[-39.2676334962888,-7.2374219116918],[-39.2690880858464,-7.23688848421614],[-39.2688973414391,-7.23659044439346],[-39.2694651751776,-7.23619594868404],[-39.2700160755814,-7.23685279192278],[-39.2724431263492,-7.23610326185599],[-39.2726572783107,-7.23506819614027],[-39.2716772457083,-7.23361395462024],[-39.2735150741613,-7.23272672755639],[-39.2737393407979,-7.23377330909092],[-39.2743347981124,-7.23378328706902],[-39.2749058676117,-7.23239130291627],[-39.2760480102075,-7.23310514068965],[-39.2761879150402,-7.23055881014091],[-39.2743373872606,-7.23138112413956]]]}},{"type":"Feature","properties":{"id":"6886","municipality":"2307304","density":"Pouco densa","type":"Área urbanizada","state":"CE"},"geometry":{"type":"Polygon","coordinates":[[[-39.2720947137,-7.20364672471652],[-39.2728422706542,-7.20372148086159],[-39.273290805726,-7.19938564513137],[-39.272393737381,-7.19931088898632],[-39.2720947137,-7.20364672471652]]]}},{"type":"Feature","properties":{"id":"6887","municipality":"2307304","density":"Pouco densa","type":"Área urbanizada","state":"CE"},"geometry":{"type":"Polygon","coordinates":[[[-39.3445546800544,-7.31677015521843],[-39.3447331397226,-7.31605631744504],[-39.3433649498325,-7.31569939810869],[-39.3432459767204,-7.31445018133077],[-39.3424726523909,-7.31314147709742],[-39.3406285700524,-7.31367685610201],[-39.3403906229288,-7.31421223510654],[-39.3398552448236,-7.31349839643383],[-39.3389034599267,-7.31421223510654],[-39.3390819195949,-7.31498555943597],[-39.3399742179358,-7.31516401910414],[-39.3400337035925,-7.31635375022536],[-39.3406880557092,-7.31665118210636],[-39.3408070288213,-7.3188521837812],[-39.3422347061667,-7.31790039888428],[-39.3420562455992,-7.31736501987975],[-39.3412234347137,-7.31718656111089],[-39.3415803540501,-7.31445018133077],[-39.3423536792788,-7.31468812665565],[-39.3424131649356,-7.31587785687753],[-39.342829570828,-7.31593734433296],[-39.3432459767204,-7.3170081014427],[-39.3430080313955,-7.3184357778888],[-39.3435434086013,-7.31903064344937],[-39.3434839229446,-7.3211721576689],[-39.3441382750613,-7.32158856356132],[-39.3439003279377,-7.32313521311956],[-39.344197760718,-7.32325418623168],[-39.3451495447157,-7.31736501987975],[-39.3445546800544,-7.31677015521843]]]}},{"type":"Feature","properties":{"id":"6888","municipality":"2307304","density":"Pouco densa","type":"Área urbanizada","state":"CE"},"geometry":{"type":"Polygon","coordinates":[[[-39.3947018207324,-7.33848273738834],[-39.395296686293,-7.33842324993299],[-39.3954156594051,-7.33717403315506],[-39.3936905501787,-7.33574635670897],[-39.3929172249499,-7.33622224915739],[-39.3927982518378,-7.33770941215961],[-39.3933931173984,-7.33729300626721],[-39.3945233610642,-7.33735249282325],[-39.3947018207324,-7.33848273738834]]]}},{"type":"Feature","properties":{"id":"6889","municipality":"2307304","density":"Pouco densa","type":"Área urbanizada","state":"CE"},"geometry":{"type":"Polygon","coordinates":[[[-39.3495521146384,-7.22665787216302],[-39.3503456512308,-7.22207299707112],[-39.3486014952628,-7.22171213690554],[-39.3489623554283,-7.22381715213981],[-39.3482406350972,-7.22381715213981],[-39.3480379512904,-7.22635070332223],[-39.3495521146384,-7.22665787216302]]]}},{"type":"Feature","properties":{"id":"6890","municipality":"2307304","density":"Pouco densa","type":"Área urbanizada","state":"CE"},"geometry":{"type":"Polygon","coordinates":[[[-39.3023787342911,-7.32152907700528],[-39.302259761179,-7.32194548289766],[-39.3029141132956,-7.32236188879011],[-39.3035089779569,-7.32188599634164],[-39.3048176812909,-7.32259983501435],[-39.3052340871833,-7.32200496855438],[-39.3046392216227,-7.32170753667345],[-39.3055315199636,-7.32135061823642],[-39.3058289518446,-7.32063677866438],[-39.3034494914008,-7.32022037367125],[-39.3041038426182,-7.3189116703373],[-39.3024385562943,-7.3181596050817],[-39.3014126798512,-7.32110642891853],[-39.3023787342911,-7.32152907700528]]]}},{"type":"Feature","properties":{"id":"6891","municipality":"2307304","density":"Pouco densa","type":"Área urbanizada","state":"CE"},"geometry":{"type":"Polygon","coordinates":[[[-39.3532397127425,-7.30261236207082],[-39.3519310094086,-7.30267184862687],[-39.3515740900722,-7.30100622595654],[-39.3505628186192,-7.30118468562473],[-39.3505033329624,-7.30255287641404],[-39.3499679539578,-7.30279082173901],[-39.3494920624087,-7.30189852429743],[-39.3484807909557,-7.30177955118531],[-39.3481238716194,-7.30314774107536],[-39.347826438839,-7.3024933889587],[-39.3471126010656,-7.3021959570777],[-39.3468746548414,-7.3027313351829],[-39.3453280052832,-7.30243390330196],[-39.3454469783953,-7.30320722673208],[-39.3466367086171,-7.30380209319204],[-39.3483023312875,-7.30374260573662],[-39.3487187371799,-7.30475387718963],[-39.3491946287291,-7.30475387718963],[-39.3497894942897,-7.30362363262453],[-39.3504438464063,-7.30356414696775],[-39.3505628186192,-7.3039210663041],[-39.3535371464221,-7.30302876796322],[-39.3547268757447,-7.30374260573662],[-39.3543104698522,-7.302790821739],[-39.3553217413052,-7.30225544273448],[-39.3557381471977,-7.30154160496109],[-39.3555596866302,-7.30082776628838],[-39.3548458488568,-7.30082776628838],[-39.3546079026325,-7.30172006372995],[-39.3532397127425,-7.30261236207082]]]}},{"type":"Feature","properties":{"id":"6892","municipality":"2307304","density":"Pouco densa","type":"Área urbanizada","state":"CE"},"geometry":{"type":"Polygon","coordinates":[[[-39.5202127469207,-7.12468075331406],[-39.5221163149159,-7.12331256342401],[-39.5221758023714,-7.12485921298225],[-39.5237819375863,-7.12420486086557],[-39.5231275863689,-7.12277718441949],[-39.5222947745841,-7.12224180631426],[-39.5226516939205,-7.1218848860786],[-39.5222947745841,-7.12134950797339],[-39.5193204485798,-7.12355050874891],[-39.5202127469207,-7.12468075331406]]]}},{"type":"Feature","properties":{"id":"6893","municipality":"2307304","density":"Pouco densa","type":"Área urbanizada","state":"CE"},"geometry":{"type":"Polygon","coordinates":[[[-39.437481679236,-7.24953737055318],[-39.4350427313369,-7.24888301933585],[-39.4339124867718,-7.25072710077502],[-39.4360540018906,-7.25161939911595],[-39.437481679236,-7.24953737055318]]]}},{"type":"Feature","properties":{"id":"6894","municipality":"2307304","density":"Pouco densa","type":"Área urbanizada","state":"CE"},"geometry":{"type":"Polygon","coordinates":[[[-39.4290345918729,-7.25560499567398],[-39.4298079171016,-7.25679472679513],[-39.4295104843213,-7.25691369990729],[-39.4282612666441,-7.25566448312935],[-39.4261792389806,-7.25614037467852],[-39.4262982120928,-7.25679472679513],[-39.4277258894382,-7.25667575368307],[-39.4280828078752,-7.25715164613151],[-39.4277258894382,-7.25744907891182],[-39.4279043482071,-7.25804394357313],[-39.4286776734358,-7.25780599824817],[-39.4289156187607,-7.258936241914],[-39.4280828078752,-7.2596500796874],[-39.4290940793283,-7.26226748725471],[-39.426893076754,-7.26244594692287],[-39.4268335910973,-7.26286235191594],[-39.4292725380971,-7.26268389314709],[-39.4292130524404,-7.26315978469626],[-39.4277258894382,-7.26345721837589],[-39.4277258894382,-7.26393310992507],[-39.4293915112092,-7.26393310992507],[-39.4309976482228,-7.26702640904147],[-39.4306407279872,-7.2677402477142],[-39.4310571338796,-7.26851357204368],[-39.4308786751107,-7.26928689727244],[-39.4303432961062,-7.26934638382851],[-39.4299863767698,-7.27041714093827],[-39.4310571338796,-7.27047662839363],[-39.431116621335,-7.27124995272312],[-39.4307597019986,-7.27142841239128],[-39.4312950801038,-7.27220173672072],[-39.4325442968818,-7.27196379139583],[-39.4317114859962,-7.27053611405041],[-39.4321278918887,-7.26815665270733],[-39.4325442968818,-7.26797819393847],[-39.4329607027741,-7.26892997793608],[-39.4339124867718,-7.26875151826791],[-39.4340909473393,-7.26964381570947],[-39.4357565700096,-7.2694653569406],[-39.4365298943391,-7.27077406027462],[-39.4331986489984,-7.27077406027462],[-39.4337935136597,-7.27154738460405],[-39.4333771086666,-7.27232070983286],[-39.4334960817787,-7.27351044005473],[-39.4327227574492,-7.27368889972292],[-39.432782243106,-7.27464068372052],[-39.4342694070075,-7.27416479217136],[-39.4339719742272,-7.27291557539344],[-39.4348642716687,-7.27273711572525],[-39.4348047851127,-7.27208276360859],[-39.4368868136755,-7.27208276360859],[-39.4371247598997,-7.27416479217136],[-39.4360540018906,-7.27351044005473],[-39.4355186237854,-7.27386736029042],[-39.4362919481148,-7.27624682073412],[-39.440099085904,-7.28094625596491],[-39.4412293295699,-7.28047036441574],[-39.4386119229019,-7.27588990139776],[-39.4406344649086,-7.27565195517355],[-39.4396231943549,-7.27238019728822],[-39.4383144901216,-7.27261814261317],[-39.4380765438973,-7.27196379139583],[-39.4392067875632,-7.27166635771619],[-39.438730896014,-7.27101200559953],[-39.4378385976731,-7.27119046616701],[-39.4372437330118,-7.2697627888216],[-39.4380170582406,-7.26958433005276],[-39.4376006523482,-7.26875151826791],[-39.436113489346,-7.26904895104822],[-39.4351617044491,-7.26571770570752],[-39.4362919481148,-7.26553924603935],[-39.4362324615588,-7.26446848892959],[-39.4357565700096,-7.2639925955818],[-39.4342694070075,-7.26405208303715],[-39.4331391633417,-7.2614941620259],[-39.4349832447809,-7.26143467636917],[-39.4346263263438,-7.26036391836011],[-39.4316519994402,-7.26042340491615],[-39.4309381607675,-7.25756805202395],[-39.4324253237696,-7.25697318736264],[-39.4323658381129,-7.25649729401488],[-39.4311761069917,-7.25655678057091],[-39.4302243229941,-7.25506961756873],[-39.4290345918729,-7.25560499567398]]]}},{"type":"Feature","properties":{"id":"6895","municipality":"2307304","density":"Pouco densa","type":"Área urbanizada","state":"CE"},"geometry":{"type":"Polygon","coordinates":[[[-39.3200275526294,-7.25253073160794],[-39.319313714856,-7.25253073160794],[-39.3194326879681,-7.25372046272912],[-39.3177075787417,-7.25330405683673],[-39.3175886056296,-7.25264970472005],[-39.3147332527374,-7.25270919217543],[-39.3147927392935,-7.25532659884339],[-39.3156255501789,-7.25633787029641],[-39.3132460888359,-7.25609992407221],[-39.3122577959605,-7.2564984793213],[-39.3125817767276,-7.25683951123444],[-39.3155523156868,-7.25676793239411],[-39.3154985802952,-7.25733215535463],[-39.3162799022956,-7.25734914085013],[-39.3162799022956,-7.25812246517957],[-39.3170532266251,-7.25812246517956],[-39.3171721997371,-7.25574300383654],[-39.3199085804166,-7.25568351817975],[-39.3204439594211,-7.25699222061445],[-39.3217526627552,-7.25699222061445],[-39.3219311224233,-7.25758708707433],[-39.3213362568627,-7.25758708707433],[-39.3213362568627,-7.25955014162572],[-39.3201465257415,-7.25955014162572],[-39.3185998770826,-7.25847938541528],[-39.3178860384099,-7.25859835762806],[-39.317945524966,-7.25955014162572],[-39.3165773350759,-7.25972860219322],[-39.3168747669569,-7.26175114330056],[-39.3180644980781,-7.26270292819755],[-39.3191947417439,-7.260858845859],[-39.3220500946361,-7.26044243996662],[-39.3219311224233,-7.26210806263692],[-39.3201493343243,-7.26470012461101],[-39.3205062536606,-7.26541396418304],[-39.3186660132259,-7.27040377791196],[-39.3190954880663,-7.2708332536517],[-39.3208491804453,-7.26696797469225],[-39.3213860244454,-7.26700376411236],[-39.3208849689661,-7.26825640101204],[-39.3209565487057,-7.27119114965176],[-39.3231397159251,-7.27169220513112],[-39.3231755053453,-7.27240799713132],[-39.3218512887059,-7.27298063055162],[-39.3211712861259,-7.27290905171134],[-39.3206344421258,-7.27201431171109],[-39.319524963806,-7.27441221635064],[-39.3199902289659,-7.2756290638302],[-39.3196139562191,-7.27719229598764],[-39.3200898477682,-7.27760870098069],[-39.3202088208803,-7.27909586398289],[-39.3191380637706,-7.27856048587767],[-39.3183052519857,-7.28004764887988],[-39.3169370620957,-7.28016662199196],[-39.3169370620957,-7.28099943287749],[-39.3155881051069,-7.28056803168925],[-39.3153733667874,-7.2812480342693],[-39.3174129536449,-7.28212967744264],[-39.3167818427078,-7.2873608970877],[-39.3192394200631,-7.28820231628386],[-39.3198519024433,-7.28718603200976],[-39.3211606048779,-7.28712654455432],[-39.3221123897749,-7.28433067911749],[-39.3230046881158,-7.28468759755452],[-39.3237780124453,-7.28284351611535],[-39.3223503359991,-7.28218916399869],[-39.3224693091113,-7.28165378499415],[-39.3243728780059,-7.2821891639987],[-39.3246703098869,-7.28105892033284],[-39.3225882822234,-7.28040456821624],[-39.3218744435507,-7.27957175733071],[-39.322171876331,-7.27594307920972],[-39.3250272301225,-7.27076775063115],[-39.3261834749873,-7.27122324105966],[-39.3287073071965,-7.26598309114666],[-39.3260384997769,-7.26368885405731],[-39.3249082561111,-7.26356988094524],[-39.3244323636626,-7.26505704484669],[-39.3252056888914,-7.26511653140279],[-39.323480579665,-7.26969699442071],[-39.3222313628871,-7.26939956074109],[-39.3222908494431,-7.26684163972984],[-39.3244969871462,-7.26201954596524],[-39.3225223808032,-7.26184233725401],[-39.3224583607647,-7.25501357361748],[-39.3237844920606,-7.25496735835685],[-39.3236049810849,-7.25394055201481],[-39.3221733961852,-7.25390476169538],[-39.3221733961852,-7.25261633537554],[-39.3216465058815,-7.25194248775557],[-39.3198490938606,-7.2519953526034],[-39.3200275526294,-7.25253073160794]]]}},{"type":"Feature","properties":{"id":"6896","municipality":"2307304","density":"Pouco densa","type":"Área urbanizada","state":"CE"},"geometry":{"type":"Polygon","coordinates":[[[-39.3451336752789,-7.24078654166551],[-39.3450741878235,-7.24280908367224],[-39.3438249710455,-7.24274959801552],[-39.3437059979334,-7.2439393282374],[-39.3449552147113,-7.24435573412979],[-39.3451336752789,-7.24679468112959],[-39.345609566828,-7.24691365424174],[-39.3460259727204,-7.24066756855343],[-39.3451336752789,-7.24078654166551]]]}},{"type":"Feature","properties":{"id":"6897","municipality":"2307304","density":"Pouco densa","type":"Área urbanizada","state":"CE"},"geometry":{"type":"Polygon","coordinates":[[[-39.3904772617162,-7.20996036837626],[-39.390337151838,-7.2119219138652],[-39.3892280449383,-7.2118044507148],[-39.3891090718262,-7.21335110027303],[-39.3898229095995,-7.21424339771461],[-39.390001370167,-7.21584953382887],[-39.3903582886041,-7.21584953382887],[-39.3905367491716,-7.21513569605549],[-39.3917859659495,-7.21561158760466],[-39.392261858398,-7.20978190870808],[-39.3904772617162,-7.20996036837626]]]}},{"type":"Feature","properties":{"id":"6898","municipality":"2307304","density":"Pouco densa","type":"Área urbanizada","state":"CE"},"geometry":{"type":"Polygon","coordinates":[[[-39.2901108592287,-7.21134657168688],[-39.2823362570126,-7.21231839707635],[-39.2828595482295,-7.21508436095444],[-39.2814391877683,-7.21508436095445],[-39.2814391877683,-7.21568240831647],[-39.2966958040681,-7.21423268409102],[-39.2964256684098,-7.21187864568294],[-39.2955680317392,-7.21194461814957],[-39.2953437651027,-7.21052425768828],[-39.2931758467878,-7.21082328136931],[-39.2921292661526,-7.21403778031926],[-39.291232196009,-7.21396302417418],[-39.2920545100076,-7.20559037639471],[-39.2908584170822,-7.20544086410457],[-39.2901856153738,-7.20783304905593],[-39.2908130795599,-7.20954759574488],[-39.2901108592287,-7.21134657168688]]]}},{"type":"Feature","properties":{"id":"6899","municipality":"2307304","density":"Pouco densa","type":"Área urbanizada","state":"CE"},"geometry":{"type":"Polygon","coordinates":[[[-39.4318685930611,-7.23812153837827],[-39.4326201753808,-7.23801416921852],[-39.4333717568011,-7.23833627579843],[-39.432982461871,-7.23955606765835],[-39.4337935136597,-7.24001952697955],[-39.4342099195521,-7.23948414797502],[-39.4350427313369,-7.23990055386741],[-39.4353401641172,-7.23948414797502],[-39.4380765438973,-7.24067387909622],[-39.4376601380049,-7.24192309587416],[-39.4380765438973,-7.242101554643],[-39.4391473019064,-7.2415066899817],[-39.4406344649086,-7.23948414797502],[-39.4398611396798,-7.23871082274621],[-39.4388498691261,-7.23853236397736],[-39.4390878153504,-7.2379374984168],[-39.4378980851285,-7.23764006563646],[-39.4376601380049,-7.23847287742131],[-39.4370057867876,-7.23871082274621],[-39.4314286797897,-7.23685388909565],[-39.4308786751107,-7.23835390430918],[-39.4315582460162,-7.23874223066935],[-39.4318685930611,-7.23812153837827]]]}},{"type":"Feature","properties":{"id":"6900","municipality":"2307304","density":"Pouco densa","type":"Área urbanizada","state":"CE"},"geometry":{"type":"Polygon","coordinates":[[[-39.4530560502964,-7.26195742709354],[-39.4527697331366,-7.26031110477363],[-39.4531634185569,-7.25855741329396],[-39.4526265745567,-7.25669635265452],[-39.4529844705568,-7.25580161175493],[-39.4509802522368,-7.25483529201507],[-39.4514455173967,-7.25376160311543],[-39.4510876213965,-7.25200791163577],[-39.451517096237,-7.24953842815591],[-39.4501570910769,-7.24871526609662],[-39.4479381344373,-7.24832158067636],[-39.4467928657981,-7.24964579731563],[-39.4487255061771,-7.25315318027498],[-39.4485465581771,-7.2572331966547],[-39.4497991941774,-7.25669635265452],[-39.451517096237,-7.25945215419353],[-39.4515610317162,-7.26152102657408],[-39.4509829376124,-7.2620413113574],[-39.4513573118904,-7.26260287142533],[-39.4530560502964,-7.26195742709354]]]}},{"type":"Feature","properties":{"id":"6901","municipality":"2307304","density":"Pouco densa","type":"Área urbanizada","state":"CE"},"geometry":{"type":"Polygon","coordinates":[[[-39.3920678512503,-7.22387274283279],[-39.3883572673739,-7.222017338929],[-39.387742593346,-7.22302022870054],[-39.390481815883,-7.22459626180803],[-39.3920678512503,-7.22387274283279]]]}},{"type":"Feature","properties":{"id":"6902","municipality":"2307304","density":"Pouco densa","type":"Área urbanizada","state":"CE"},"geometry":{"type":"Polygon","coordinates":[[[-39.3881572878285,-7.2161469666092],[-39.3861942323779,-7.21793156329096],[-39.3847070693757,-7.21775310272348],[-39.3839932307029,-7.2190618069568],[-39.3842906643826,-7.21935923883774],[-39.3864916651582,-7.21870488762044],[-39.3870865298194,-7.21941872629315],[-39.3891685592815,-7.21935923883774],[-39.3894065046065,-7.21840745484013],[-39.3885736928216,-7.21697977839404],[-39.3888116390458,-7.2161469666092],[-39.3881572878285,-7.2161469666092]]]}},{"type":"Feature","properties":{"id":"6903","municipality":"2307304","density":"Pouco densa","type":"Área urbanizada","state":"CE"},"geometry":{"type":"Polygon","coordinates":[[[-39.3631777771327,-7.2311366794142],[-39.3612147207827,-7.2311366794142],[-39.3609767745585,-7.2316125709633],[-39.3633562359015,-7.23191000374363],[-39.3638418122498,-7.23254498806069],[-39.362523425016,-7.24041657676357],[-39.3632967502448,-7.24053554987569],[-39.3646649401348,-7.23541970875248],[-39.366152103137,-7.23553868186463],[-39.3667469677983,-7.23262384241632],[-39.3647005478919,-7.23221455825524],[-39.3635346955697,-7.23054181385357],[-39.3631777771327,-7.2311366794142]]]}},{"type":"Feature","properties":{"id":"6904","municipality":"2307304","density":"Pouco densa","type":"Área urbanizada","state":"CE"},"geometry":{"type":"Polygon","coordinates":[[[-39.4403867502483,-7.10416014157722],[-39.4388519978214,-7.10330353642901],[-39.4383523111102,-7.10465982918773],[-39.4386735381532,-7.10490967344264],[-39.4391732248644,-7.10394599141432],[-39.4396015278881,-7.10423152616398],[-39.4394587614126,-7.10569489490342],[-39.4401012145994,-7.10608750563381],[-39.4413147399832,-7.10387460682762],[-39.4403867502483,-7.10416014157722]]]}},{"type":"Feature","properties":{"id":"6905","municipality":"2307304","density":"Pouco densa","type":"Área urbanizada","state":"CE"},"geometry":{"type":"Polygon","coordinates":[[[-39.2248053342987,-7.17475473684158],[-39.2249093103164,-7.17600244815441],[-39.2265729239013,-7.17610642417209],[-39.2266249119101,-7.17470274973209],[-39.2248053342987,-7.17475473684158]]]}},{"type":"Feature","properties":{"id":"6906","municipality":"2312908","density":"Pouco densa","type":"Área urbanizada","state":"CE"},"geometry":{"type":"Polygon","coordinates":[[[-40.5548608499999,-3.75605230299995],[-40.556966673,-3.75598091899998],[-40.557038057,-3.75669475799998],[-40.559001112,-3.75680183299996],[-40.559108188,-3.75633783899997],[-40.562962915,-3.75612368699997],[-40.563177066,-3.75433909099998],[-40.562677379,-3.75444616699996],[-40.5626416869999,-3.75516000499993],[-40.5614281619999,-3.75530277299993],[-40.5613567779999,-3.75237603599994],[-40.56064294,-3.75223326799993],[-40.5605715559999,-3.75155512199997],[-40.557644819,-3.75109112699995],[-40.55746636,-3.74980621799996],[-40.5559316069999,-3.75019882899994],[-40.555895915,-3.75130527899995],[-40.5552891529999,-3.75130527899995],[-40.5553605369999,-3.75180496499996],[-40.554325471,-3.75209050099994],[-40.554325471,-3.75287572299995],[-40.555217769,-3.75287572299995],[-40.5548608499999,-3.75605230299995]]]}},{"type":"Feature","properties":{"id":"6907","municipality":"2312908","density":"Pouco densa","type":"Área urbanizada","state":"CE"},"geometry":{"type":"Polygon","coordinates":[[[-40.3538916679999,-3.66833074399996],[-40.354598368,-3.67012961599995],[-40.355722664,-3.66910168899996],[-40.3560813019999,-3.66954309099999],[-40.356881383,-3.66934750199995],[-40.356881383,-3.66828150399995],[-40.359679629,-3.66656829199997],[-40.3595463789999,-3.66590204299997],[-40.358784952,-3.66554036499997],[-40.35901338,-3.66348450999993],[-40.359793843,-3.66340836799999],[-40.3593369869999,-3.66238043999994],[-40.3585945949999,-3.66219008399998],[-40.3584803809999,-3.66171419099993],[-40.355187207,-3.66180936999997],[-40.355301421,-3.66249465499994],[-40.3565387399999,-3.66241851199994],[-40.356691026,-3.66437918799994],[-40.354444815,-3.66445532999995],[-40.354482886,-3.66592107799994],[-40.353816637,-3.66592107799994],[-40.3538916679999,-3.66833074399996]]]}},{"type":"Feature","properties":{"id":"6908","municipality":"2312908","density":"Pouco densa","type":"Área urbanizada","state":"CE"},"geometry":{"type":"Polygon","coordinates":[[[-40.260450367,-3.89125009699997],[-40.259617556,-3.89074446199993],[-40.258517055,-3.89086343499999],[-40.2583683389999,-3.88973319099996],[-40.2594390959999,-3.88955473099998],[-40.2594093529999,-3.88884089299995],[-40.258873974,-3.88863268999997],[-40.258517055,-3.88753218999996],[-40.2577734729999,-3.88759167599994],[-40.2566432299999,-3.88315992999999],[-40.255691445,-3.88307069999998],[-40.255631959,-3.88399274099995],[-40.256435027,-3.88434966099995],[-40.256762203,-3.88547990499996],[-40.25783296,-3.89276700399997],[-40.2599149879999,-3.89324289599996],[-40.260450367,-3.89125009699997]]]}},{"type":"Feature","properties":{"id":"6909","municipality":"2312908","density":"Pouco densa","type":"Área urbanizada","state":"CE"},"geometry":{"type":"Polygon","coordinates":[[[-40.282189054,-3.77706414499993],[-40.2821593109999,-3.77587441499997],[-40.2813264989999,-3.77522006299994],[-40.279809593,-3.77542826599996],[-40.277935767,-3.77649902299994],[-40.278352173,-3.77718311799993],[-40.2797501059999,-3.77664773999993],[-40.27960139,-3.77762926699997],[-40.2805234309999,-3.77759952399994],[-40.282189054,-3.77706414499993]]]}},{"type":"Feature","properties":{"id":"6910","municipality":"2312908","density":"Pouco densa","type":"Área urbanizada","state":"CE"},"geometry":{"type":"Polygon","coordinates":[[[-40.0208656659999,-3.87968555099998],[-40.021430766,-3.87917435599996],[-40.022901273,-3.88090184499993],[-40.0236293879999,-3.88080190699998],[-40.023857816,-3.88133014799998],[-40.024971404,-3.88108744299997],[-40.0250570649999,-3.88207253899997],[-40.0241861819999,-3.88248656599995],[-40.024485994,-3.88338600199996],[-40.026099269,-3.88317184999996],[-40.026127822,-3.88170134399997],[-40.026556125,-3.88133014799998],[-40.026399081,-3.87860328499996],[-40.028440658,-3.87866039199997],[-40.0285834259999,-3.87793227699996],[-40.0278553109999,-3.87771812599993],[-40.027955248,-3.87717560899995],[-40.0267131699999,-3.87653315399996],[-40.0267417229999,-3.87613340499997],[-40.0260564379999,-3.87604774399996],[-40.0264276339999,-3.87354930999993],[-40.023458067,-3.87180754499997],[-40.0231725319999,-3.87226440099993],[-40.023786433,-3.87276408799995],[-40.022744229,-3.87500553999997],[-40.020060197,-3.87457723699993],[-40.0199745359999,-3.87553378099994],[-40.0204884999999,-3.87646176999995],[-40.018118557,-3.87676158299998],[-40.0184754759999,-3.87708994799993],[-40.018332708,-3.87781806299995],[-40.0202172409999,-3.87880315999996],[-40.0202172409999,-3.87964548899993],[-40.0208656659999,-3.87968555099998]]]}},{"type":"Feature","properties":{"id":"6911","municipality":"2312908","density":"Pouco densa","type":"Área urbanizada","state":"CE"},"geometry":{"type":"Polygon","coordinates":[[[-40.595371041,-3.68127811699997],[-40.59418131,-3.68318168599995],[-40.593318755,-3.68288425299995],[-40.5923074849999,-3.68493653799994],[-40.5931997819999,-3.68553140299999],[-40.595014121,-3.68425244299993],[-40.594657202,-3.68386578099997],[-40.595162838,-3.68321142899994],[-40.595787446,-3.68344937499997],[-40.5969176899999,-3.68214067099995],[-40.595371041,-3.68127811699997]]]}},{"type":"Feature","properties":{"id":"6912","municipality":"2312908","density":"Pouco densa","type":"Área urbanizada","state":"CE"},"geometry":{"type":"Polygon","coordinates":[[[-40.1030433129999,-3.76226621699994],[-40.0994443779999,-3.76224242299998],[-40.0995990429999,-3.76311092599996],[-40.1003842649999,-3.76309902899995],[-40.100396162,-3.76353922899994],[-40.0994324809999,-3.76372958599996],[-40.099087459,-3.76312877199997],[-40.0991172019999,-3.76414004299994],[-40.1029838259999,-3.76318825799996],[-40.1030433129999,-3.76226621699994]]]}},{"type":"Feature","properties":{"id":"6913","municipality":"2312908","density":"Pouco densa","type":"Área urbanizada","state":"CE"},"geometry":{"type":"Polygon","coordinates":[[[-40.331735971,-3.68849893499994],[-40.330451062,-3.68839185899999],[-40.3299870669999,-3.68967676799997],[-40.3359476169999,-3.69249642999995],[-40.336911298,-3.69249642999995],[-40.3368042229999,-3.69114013699993],[-40.331735971,-3.68849893499994]]]}},{"type":"Feature","properties":{"id":"6914","municipality":"2312908","density":"Pouco densa","type":"Área urbanizada","state":"CE"},"geometry":{"type":"Polygon","coordinates":[[[-40.37587874,-3.65675444699999],[-40.3756407939999,-3.65752777199998],[-40.37728494,-3.65811651899997],[-40.3772035659999,-3.65932084999998],[-40.3802968649999,-3.66027263499996],[-40.379702,-3.66170031099995],[-40.383033246,-3.66336593399995],[-40.382765556,-3.66405002899997],[-40.3842229759999,-3.66482335399996],[-40.384669125,-3.66405002899997],[-40.38689987,-3.66523975899997],[-40.386691667,-3.66580488099994],[-40.388327546,-3.66657820599994],[-40.388833182,-3.66571565199997],[-40.3871973019999,-3.66479360999996],[-40.3896065069999,-3.65905316099999],[-40.3805348119999,-3.65485936099999],[-40.3783040669999,-3.65456192799997],[-40.3781850939999,-3.65709010499996],[-40.37587874,-3.65675444699999]]]}},{"type":"Feature","properties":{"id":"6915","municipality":"2312908","density":"Pouco densa","type":"Área urbanizada","state":"CE"},"geometry":{"type":"Polygon","coordinates":[[[-40.6861168949999,-3.81124375999997],[-40.6893934129999,-3.81056918299993],[-40.693505122,-3.81281777399993],[-40.6966210259999,-3.81265715999997],[-40.697681076,-3.81301050999998],[-40.698965985,-3.81195045999995],[-40.698484144,-3.81028007899995],[-40.69973693,-3.80838483799993],[-40.6986768799999,-3.80841696099997],[-40.6972634809999,-3.81095465599999],[-40.694950644,-3.81182196899995],[-40.6921880899999,-3.81121163799997],[-40.689811009,-3.80995885099998],[-40.687144823,-3.81011946499997],[-40.685281705,-3.81079404199994],[-40.6861168949999,-3.81124375999997]]]}},{"type":"Feature","properties":{"id":"6916","municipality":"2312908","density":"Pouco densa","type":"Área urbanizada","state":"CE"},"geometry":{"type":"Polygon","coordinates":[[[-40.2933166719999,-3.91361703099995],[-40.292394631,-3.91263550299993],[-40.2911156709999,-3.91221909799998],[-40.289777224,-3.91061296099997],[-40.290312603,-3.90933400099995],[-40.2867136679999,-3.90948271699995],[-40.2843936939999,-3.90859041999995],[-40.2839475449999,-3.90909605499997],[-40.285434708,-3.90995860999994],[-40.2892418449999,-3.91061296099996],[-40.290253116,-3.91210012499994],[-40.2896582509999,-3.91370626099997],[-40.291353617,-3.91343857099998],[-40.292989496,-3.91421189599992],[-40.2933166719999,-3.91361703099995]]]}},{"type":"Feature","properties":{"id":"6917","municipality":"2312908","density":"Pouco densa","type":"Área urbanizada","state":"CE"},"geometry":{"type":"Polygon","coordinates":[[[-40.358038031,-3.64145589999992],[-40.3529816759999,-3.64211025199996],[-40.3520001479999,-3.64077180499995],[-40.351910919,-3.63857080299994],[-40.350929391,-3.63854105999997],[-40.3509888779999,-3.64139641299994],[-40.353487312,-3.64273485999997],[-40.355123191,-3.64457894199996],[-40.357948801,-3.64609584899996],[-40.35857341,-3.64585790299998],[-40.3583949499999,-3.641723589],[-40.358038031,-3.64145589999992]]]}},{"type":"Feature","properties":{"id":"6918","municipality":"2312908","density":"Pouco densa","type":"Área urbanizada","state":"CE"},"geometry":{"type":"Polygon","coordinates":[[[-40.454722492,-3.77050535499996],[-40.454208528,-3.77079445999995],[-40.453341215,-3.77050535499996],[-40.452602392,-3.77127630099996],[-40.456746224,-3.77493829099996],[-40.456521365,-3.77593409599996],[-40.457131696,-3.77622319999995],[-40.457131696,-3.77667291799999],[-40.4598621279999,-3.77686565499994],[-40.4599906189999,-3.77596621799996],[-40.458577219,-3.77548437799993],[-40.4593160419999,-3.77490616799997],[-40.4587057099999,-3.77429583699995],[-40.458384483,-3.77448857299994],[-40.454722492,-3.77050535499996]]]}},{"type":"Feature","properties":{"id":"6919","municipality":"2312908","density":"Pouco densa","type":"Área urbanizada","state":"CE"},"geometry":{"type":"Polygon","coordinates":[[[-40.0179736709999,-3.71654533199995],[-40.0182306529999,-3.71590287699996],[-40.019329964,-3.71560306499993],[-40.019943864,-3.71491778099995],[-40.0196440519999,-3.71444664699993],[-40.01877317,-3.71470362899994],[-40.0174739839999,-3.71200531999997],[-40.016446057,-3.71247645399997],[-40.0169600199999,-3.71416111199994],[-40.016488887,-3.71514620899997],[-40.0168743599999,-3.71680231399995],[-40.0179736709999,-3.71654533199995]]]}},{"type":"Feature","properties":{"id":"6920","municipality":"2312908","density":"Pouco densa","type":"Área urbanizada","state":"CE"},"geometry":{"type":"Polygon","coordinates":[[[-40.6659009739999,-3.83582323299993],[-40.665639233,-3.83665604399994],[-40.6648540109999,-3.83703675799997],[-40.6647112429999,-3.83775059599998],[-40.665758206,-3.83867858599997],[-40.666234098,-3.84032041399997],[-40.665972358,-3.84258090199995],[-40.6674714179999,-3.84224777699996],[-40.668589765,-3.84065353799996],[-40.6713975289999,-3.83872617499999],[-40.6659009739999,-3.83582323299993]]]}},{"type":"Feature","properties":{"id":"6921","municipality":"2312908","density":"Pouco densa","type":"Área urbanizada","state":"CE"},"geometry":{"type":"Polygon","coordinates":[[[-40.0323963709999,-3.75920773099995],[-40.0315112119999,-3.75905544499996],[-40.0313779619999,-3.75973121199998],[-40.0324344429999,-3.75975976599994],[-40.0328437099999,-3.76017855099997],[-40.0329198529999,-3.759483748],[-40.0341952439999,-3.75949326599995],[-40.034395119,-3.76044505099999],[-40.035879902,-3.76006433699997],[-40.0356419559999,-3.75905544499996],[-40.0334623699999,-3.75892219599996],[-40.0341952439999,-3.75703766299994],[-40.0338811549999,-3.75674260899996],[-40.03421428,-3.75567661099996],[-40.0335670659999,-3.75578130699996],[-40.0335004409999,-3.75540059299994],[-40.0305499099999,-3.75578130699996],[-40.030616535,-3.75646659199999],[-40.031996622,-3.75631430599999],[-40.031901443,-3.75716139399999],[-40.0323963709999,-3.75920773099995]]]}},{"type":"Feature","properties":{"id":"6922","municipality":"2312908","density":"Pouco densa","type":"Área urbanizada","state":"CE"},"geometry":{"type":"Polygon","coordinates":[[[-40.3400570959999,-3.77589484999993],[-40.3402474529999,-3.77665627699998],[-40.339486025,-3.77694181199997],[-40.3396383109999,-3.77736059799997],[-40.3383629199999,-3.77777938299995],[-40.3393147039999,-3.77880730999994],[-40.339923846,-3.77785552499995],[-40.341427665,-3.77703699099994],[-40.3428934129999,-3.77734156199996],[-40.3446256609999,-3.77673241999999],[-40.3443210899999,-3.77583774299997],[-40.3464911579999,-3.775000172],[-40.3473096929999,-3.77401031699999],[-40.347138372,-3.77353442399994],[-40.344530483,-3.77511438599994],[-40.343997483,-3.77429585199997],[-40.3400570959999,-3.77589484999993]]]}},{"type":"Feature","properties":{"id":"6923","municipality":"2312908","density":"Pouco densa","type":"Área urbanizada","state":"CE"},"geometry":{"type":"Polygon","coordinates":[[[-40.6755949189999,-3.80530105599998],[-40.675523535,-3.80398045599997],[-40.674381394,-3.80387337999999],[-40.6742029339999,-3.80308815799999],[-40.6737032469999,-3.80308815799999],[-40.6739173989999,-3.80433737499993],[-40.673596172,-3.80433737499993],[-40.6735604799999,-3.80526536399999],[-40.6755949189999,-3.80530105599998]]]}},{"type":"Feature","properties":{"id":"6924","municipality":"2312908","density":"Pouco densa","type":"Área urbanizada","state":"CE"},"geometry":{"type":"Polygon","coordinates":[[[-40.618874368,-3.78392293799995],[-40.617460969,-3.78408355099998],[-40.6175573369999,-3.78613940599996],[-40.615437237,-3.78732794599996],[-40.615694219,-3.78793827799998],[-40.617621582,-3.78710308699993],[-40.618360405,-3.78784190999994],[-40.617974932,-3.78896620499996],[-40.6188422459999,-3.78886983699994],[-40.618970737,-3.78745643699996],[-40.622279377,-3.78620365099995],[-40.622183009,-3.78523996899999],[-40.6197095589999,-3.78568968699995],[-40.6196774369999,-3.78517572399994],[-40.61913135,-3.78523996899999],[-40.618874368,-3.78392293799995]]]}},{"type":"Feature","properties":{"id":"6925","municipality":"2312908","density":"Pouco densa","type":"Área urbanizada","state":"CE"},"geometry":{"type":"Polygon","coordinates":[[[-40.2047674039999,-3.80454855899996],[-40.2050648369999,-3.80428086999996],[-40.2064925129999,-3.80437009999998],[-40.2082771089999,-3.80579777599997],[-40.208723258,-3.80558957399997],[-40.2080689059999,-3.80472701899993],[-40.2047674039999,-3.80264499099997],[-40.2033992139999,-3.80267473399995],[-40.202536659,-3.80362651799995],[-40.202536659,-3.80422138399997],[-40.2008412929999,-3.80466753199995],[-40.2004248879999,-3.80425112699993],[-40.199859766,-3.80448907299996],[-40.199948995,-3.80505419499997],[-40.198759265,-3.80538137099997],[-40.19798594,-3.80511368099998],[-40.1973613319999,-3.80553008699998],[-40.1993541299999,-3.80802852099993],[-40.199859766,-3.80796903499994],[-40.1996813059999,-3.80651161499997],[-40.20226897,-3.805202911],[-40.2038751059999,-3.80716596699996],[-40.2053920119999,-3.80612495199997],[-40.2047674039999,-3.80454855899996]]]}}]}