{"type":"FeatureCollection","features":[{"type":"Feature","properties":{"id":"251","municipality":"2100055","density":"Densa","type":"Área urbanizada","state":"MA"},"geometry":{"type":"Polygon","coordinates":[[[-47.556771785,-5.05762859299996],[-47.558663456,-5.06248269299995],[-47.558913299,-5.06444574899998],[-47.5619114199999,-5.06405313799997],[-47.562196956,-5.06305376399997],[-47.562196956,-5.06162608699999],[-47.560340976,-5.05723598199997],[-47.556771785,-5.05762859299996]]]}},{"type":"Feature","properties":{"id":"252","municipality":"2100055","density":"Densa","type":"Outros equipamentos urbanos","state":"MA"},"geometry":{"type":"Polygon","coordinates":[[[-47.4078207089999,-4.87765875599997],[-47.4088319799999,-4.87825362099995],[-47.410586832,-4.87513057899998],[-47.4115088739999,-4.87477365999997],[-47.409069926,-4.87313777999999],[-47.406601235,-4.87221573899997],[-47.4062740589999,-4.87272137399999],[-47.404608437,-4.87194804999996],[-47.4036566519999,-4.87251317199998],[-47.402942814,-4.87224548199992],[-47.40181257,-4.87411930799994],[-47.4031212739999,-4.87483314599997],[-47.4024966649999,-4.87590390399993],[-47.403507936,-4.87667722799996],[-47.403002301,-4.87789670199994],[-47.406393032,-4.88000847399997],[-47.4078207089999,-4.87765875599997]]]}},{"type":"Feature","properties":{"id":"253","municipality":"2100055","density":"Densa","type":"Área urbanizada","state":"MA"},"geometry":{"type":"Polygon","coordinates":[[[-47.4238523279999,-4.90618254499998],[-47.4218297859999,-4.90969224999998],[-47.422335421,-4.91004916899994],[-47.419926217,-4.91424296899992],[-47.424001044,-4.91665217299995],[-47.425309747,-4.91451065799994],[-47.425815383,-4.91483783399996],[-47.4281651009999,-4.90927584399999],[-47.4238523279999,-4.90618254499998]]]}},{"type":"Feature","properties":{"id":"254","municipality":"2100055","density":"Densa","type":"Área urbanizada","state":"MA"},"geometry":{"type":"Polygon","coordinates":[[[-47.055133653,-4.76569173099995],[-47.055086063,-4.76488271499995],[-47.054277047,-4.76435923299993],[-47.0537059759999,-4.76473994699995],[-47.055038474,-4.76673869399998],[-47.0523734779999,-4.76816637099995],[-47.0518499959999,-4.77359154199998],[-47.056799275,-4.77178315099997],[-47.0592263259999,-4.77140243799994],[-47.0600353419999,-4.77083136699997],[-47.0569420429999,-4.76735735399995],[-47.055133653,-4.76569173099995]]]}},{"type":"Feature","properties":{"id":"255","municipality":"2100055","density":"Densa","type":"Área urbanizada","state":"MA"},"geometry":{"type":"Polygon","coordinates":[[[-47.4764979019999,-4.9322079],[-47.47747943,-4.93182123699997],[-47.482119379,-4.92819255899998],[-47.4811973379999,-4.92706231499995],[-47.479620945,-4.92834127499998],[-47.479293769,-4.92789512699994],[-47.480096837,-4.92724077499998],[-47.479918378,-4.92682436899997],[-47.481137851,-4.92596181399996],[-47.482387068,-4.92649719299994],[-47.4826845009999,-4.92590232799996],[-47.484558327,-4.92614027399999],[-47.4852424219999,-4.92542643599997],[-47.480840419,-4.92370132699996],[-47.478252755,-4.92715154499995],[-47.475367658,-4.92399875899999],[-47.4706979659999,-4.92622950399993],[-47.4726312779999,-4.92869819499999],[-47.4734046029999,-4.92866845099997],[-47.4764979019999,-4.9322079]]]}},{"type":"Feature","properties":{"id":"256","municipality":"2100055","density":"Densa","type":"Outros equipamentos urbanos","state":"MA"},"geometry":{"type":"Polygon","coordinates":[[[-47.396630811,-4.87399524799998],[-47.395855701,-4.87356689699994],[-47.3954223379999,-4.87245522599995],[-47.382138808,-4.86454163399998],[-47.3805937739999,-4.86493731399997],[-47.380424197,-4.86616203599995],[-47.3915620459999,-4.87272137399999],[-47.3912943559999,-4.87325675299997],[-47.392558371,-4.87415099599998],[-47.395139709,-4.87563950499998],[-47.3960441199999,-4.87518729999994],[-47.396630811,-4.87399524799998]]]}},{"type":"Feature","properties":{"id":"257","municipality":"2100055","density":"Densa","type":"Outros equipamentos urbanos","state":"MA"},"geometry":{"type":"Polygon","coordinates":[[[-47.457670417,-4.93857295799996],[-47.457313498,-4.93916782299994],[-47.4563319699999,-4.93863244399996],[-47.455796592,-4.93946525599995],[-47.456569916,-4.94026832399994],[-47.4563319699999,-4.94080370299998],[-47.4580273359999,-4.941696],[-47.4590386069999,-4.94017909399998],[-47.4581760529999,-4.93881090399998],[-47.457670417,-4.93857295799996]]]}},{"type":"Feature","properties":{"id":"258","municipality":"2100055","density":"Densa","type":"Área urbanizada","state":"MA"},"geometry":{"type":"Polygon","coordinates":[[[-47.40755302,-4.90677740999996],[-47.407969425,-4.90585536899994],[-47.4069581539999,-4.90537947699996],[-47.4071663569999,-4.90496307099995],[-47.4064227759999,-4.90457640899997],[-47.4072555869999,-4.90332719199996],[-47.4080586549999,-4.90365436799995],[-47.4092483859999,-4.90154259599997],[-47.4027048679999,-4.89847903999993],[-47.401782827,-4.89993645999995],[-47.3983623519999,-4.89874672899998],[-47.3972618509999,-4.90044209499997],[-47.39607212,-4.89972825699994],[-47.3967859589999,-4.89841955299994],[-47.392889591,-4.89722982299999],[-47.39205678,-4.89803289099997],[-47.392889591,-4.89877647199995],[-47.392324469,-4.89963902699998],[-47.394347011,-4.90097747399994],[-47.3944957269999,-4.90552819299996],[-47.395923404,-4.90636100399997],[-47.3976187699999,-4.90710458599996],[-47.397856716,-4.90317847499995],[-47.40591714,-4.90784816799994],[-47.406541749,-4.90719381599995],[-47.410021711,-4.90936507399995],[-47.410438116,-4.90885943899998],[-47.4135909019999,-4.91043583099997],[-47.40755302,-4.90677740999996]]]}},{"type":"Feature","properties":{"id":"259","municipality":"2100055","density":"Densa","type":"Área urbanizada","state":"MA"},"geometry":{"type":"Polygon","coordinates":[[[-47.747779205,-4.95417064599997],[-47.747511515,-4.95339732099996],[-47.7471248529999,-4.95351629399993],[-47.7472438259999,-4.95420038999993],[-47.7461730689999,-4.95455730899994],[-47.7458756359999,-4.95372449699996],[-47.742127985,-4.95455730899994],[-47.7425741339999,-4.95553883599997],[-47.7438828369999,-4.95509268699993],[-47.744953595,-4.95827521599996],[-47.7445669329999,-4.95851316299996],[-47.744804879,-4.95884033799996],[-47.7492279319999,-4.95667922699994],[-47.748277745,-4.95401257199996],[-47.747779205,-4.95417064599997]]]}},{"type":"Feature","properties":{"id":"260","municipality":"2100055","density":"Densa","type":"Área urbanizada","state":"MA"},"geometry":{"type":"Polygon","coordinates":[[[-47.38923117,-4.89229244099995],[-47.388725535,-4.89172731899994],[-47.3883091289999,-4.89199500899997],[-47.3878927229999,-4.89166783299993],[-47.3883091289999,-4.88997246699995],[-47.387922466,-4.88949657499996],[-47.388547075,-4.88893145299995],[-47.388428102,-4.88842581699993],[-47.386613763,-4.88702788399996],[-47.3847994239999,-4.88789043799996],[-47.384650708,-4.88899093899996],[-47.383728666,-4.88958580399998],[-47.38649479,-4.89119194099992],[-47.385186086,-4.89256013099994],[-47.383401491,-4.89184629199997],[-47.382152273,-4.89235192799994],[-47.380397421,-4.89140014299994],[-47.380248705,-4.89172731899994],[-47.3808138269999,-4.89267910399997],[-47.381259976,-4.89244115799995],[-47.3843235319999,-4.89422575299994],[-47.3844127609999,-4.89654572799999],[-47.384799424,-4.89696213299993],[-47.3876250339999,-4.89639701099999],[-47.388071183,-4.89583188899997],[-47.3874465739999,-4.89550471399996],[-47.387595291,-4.89461241599999],[-47.389022967,-4.89392832099998],[-47.38923117,-4.89229244099995]]]}},{"type":"Feature","properties":{"id":"261","municipality":"2100055","density":"Densa","type":"Outros equipamentos urbanos","state":"MA"},"geometry":{"type":"Polygon","coordinates":[[[-47.4095565609999,-4.91429153599995],[-47.4090806689999,-4.91524331999994],[-47.4094970749999,-4.91667099699994],[-47.4120549959999,-4.91809867399997],[-47.414077537,-4.91637356399998],[-47.4095565609999,-4.91429153599995]]]}},{"type":"Feature","properties":{"id":"262","municipality":"2100055","density":"Densa","type":"Área urbanizada","state":"MA"},"geometry":{"type":"Polygon","coordinates":[[[-47.495299213,-4.92693501399998],[-47.4928900089999,-4.92847690499997],[-47.4920226959999,-4.92715987299995],[-47.4907377869999,-4.92793081799994],[-47.4909626459999,-4.92834841399997],[-47.488264337,-4.92950483199997],[-47.4893886319999,-4.93143219499995],[-47.4885534419999,-4.93201040399993],[-47.4910268909999,-4.93589725399994],[-47.486047869,-4.93695730399998],[-47.480520557,-4.94323325199998],[-47.478017188,-4.94193632599997],[-47.4782099249999,-4.94116538099997],[-47.477342611,-4.94074778499994],[-47.476218316,-4.94212906199994],[-47.4758007199999,-4.94174358999993],[-47.475061898,-4.94312486699993],[-47.472331466,-4.94158297599994],[-47.471528398,-4.94261090299996],[-47.4667421119999,-4.94000896299997],[-47.467352444,-4.93891678999997],[-47.462084317,-4.93576876299996],[-47.461313372,-4.93686093599996],[-47.463047999,-4.93804947599994],[-47.462277054,-4.93914164899997],[-47.4601569539999,-4.93772824899997],[-47.4599320949999,-4.93827433499995],[-47.4671918299999,-4.94261090299996],[-47.46670999,-4.94338184899995],[-47.4654572029999,-4.94344609399998],[-47.464878994,-4.94482737099997],[-47.464332908,-4.94479524799994],[-47.463433472,-4.94575892999996],[-47.4637225759999,-4.94604803499995],[-47.46282314,-4.94733294399994],[-47.462180685,-4.94755780299995],[-47.46246979,-4.94775053899997],[-47.4620521949999,-4.94842511599996],[-47.4603496899999,-4.94739718899996],[-47.4594502539999,-4.94871422099993],[-47.460735163,-4.95009549799995],[-47.458518695,-4.95314715599996],[-47.4576513809999,-4.95269743799997],[-47.455916754,-4.95391810199995],[-47.4562058589999,-4.95645579699995],[-47.4549851949999,-4.95815830099999],[-47.4543748639999,-4.95774070599992],[-47.45350755,-4.95899349199993],[-47.453411182,-4.96011778699995],[-47.460670917,-4.96577138699998],[-47.4663251979999,-4.95935127399997],[-47.468637353,-4.96149906499994],[-47.469536789,-4.96037476899995],[-47.471142925,-4.95957170099997],[-47.472074484,-4.96037476899995],[-47.4735200069999,-4.95899349199993],[-47.46966528,-4.95616669199996],[-47.472010239,-4.95353262899995],[-47.4738733569999,-4.95507451999994],[-47.4762825609999,-4.95619881499995],[-47.478691765,-4.95404659299992],[-47.482578615,-4.95635942899999],[-47.483670788,-4.95594183299994],[-47.4850520649999,-4.95301866599995],[-47.485983624,-4.95263319299995],[-47.488424951,-4.95411083799996],[-47.4885855639999,-4.95921835099996],[-47.4913802409999,-4.95976443799998],[-47.490641419,-4.96047113699996],[-47.490641419,-4.96137057399995],[-47.488521319,-4.96194878299996],[-47.4885855639999,-4.96410100499999],[-47.488264337,-4.96439010999995],[-47.4889710369999,-4.96519317799995],[-47.489902596,-4.96455072299996],[-47.490448682,-4.96535379099994],[-47.4910268909999,-4.96512893199999],[-47.491572978,-4.96609261399994],[-47.492472414,-4.96599624599998],[-47.4936609549999,-4.96821271399995],[-47.5000212539999,-4.96410100499999],[-47.5013704079999,-4.96419737299994],[-47.499539413,-4.96095297799996],[-47.49831875,-4.96162755599995],[-47.497001718,-4.95953957799998],[-47.498575731,-4.95902561499997],[-47.4988327129999,-4.95970019199996],[-47.502751685,-4.95880075599997],[-47.502623194,-4.95806193299996],[-47.505931835,-4.95770858299996],[-47.504614803,-4.95558848299993],[-47.505482117,-4.95523513399996],[-47.505289381,-4.95433569699999],[-47.504903908,-4.95372536599998],[-47.504165085,-4.95382173399997],[-47.503618999,-4.95340413799993],[-47.503522631,-4.95289017499994],[-47.5046469259999,-4.95247257899997],[-47.504711172,-4.95009549799995],[-47.508726512,-4.94999912999997],[-47.5087586349999,-4.95038460199995],[-47.510043544,-4.94999912999997],[-47.509915053,-4.94714020699996],[-47.50882288,-4.94717232999996],[-47.5084695299999,-4.94678685699994],[-47.5085016529999,-4.94640138499996],[-47.509497457,-4.94636926199997],[-47.509047739,-4.94399217999997],[-47.5097865619999,-4.93988047199998],[-47.510493262,-4.93981622599996],[-47.5105575069999,-4.93946287599996],[-47.509465335,-4.93949499899998],[-47.509561703,-4.93830645799995],[-47.5077628299999,-4.93763188099996],[-47.504132962,-4.93776037199996],[-47.5024304579999,-4.93943075399995],[-47.5023662129999,-4.94257877999998],[-47.5009206899999,-4.94212906199993],[-47.5006315859999,-4.94010533099993],[-47.500181867,-4.94013745299999],[-47.5001176219999,-4.94090839899997],[-47.499539413,-4.94090839899997],[-47.499282431,-4.93920589399994],[-47.498511486,-4.93901315799998],[-47.498286627,-4.93853131699997],[-47.498286627,-4.93734277599998],[-47.499571536,-4.93599362199995],[-47.499571536,-4.93470871299998],[-47.498639977,-4.93352017199993],[-47.498639977,-4.93265285899997],[-47.4978047859999,-4.93204252699998],[-47.497065963,-4.93059700499993],[-47.4983508719999,-4.92931209599994],[-47.4981260129999,-4.92690289099995],[-47.495299213,-4.92693501399998]]]}},{"type":"Feature","properties":{"id":"263","municipality":"2101202","density":"Densa","type":"Área urbanizada","state":"MA"},"geometry":{"type":"Polygon","coordinates":[[[-44.803811675,-4.24780489799998],[-44.802883685,-4.24718623799994],[-44.80321681,-4.24621065899993],[-44.8040496209999,-4.24635342599993],[-44.8044065399999,-4.24516369599996],[-44.803050248,-4.24492574999994],[-44.801622571,-4.24825699499997],[-44.801765339,-4.24882806599994],[-44.803121631,-4.24923257399997],[-44.803811675,-4.24780489799998]]]}},{"type":"Feature","properties":{"id":"264","municipality":"2101202","density":"Densa","type":"Área urbanizada","state":"MA"},"geometry":{"type":"Polygon","coordinates":[[[-44.802843792,-4.20761030099994],[-44.8003703419999,-4.20728907399996],[-44.800306096,-4.20687147799994],[-44.799952746,-4.20722482799995],[-44.798828451,-4.20703209199997],[-44.798796328,-4.20645388299994],[-44.7982502419999,-4.20693572399996],[-44.797158069,-4.20687147799994],[-44.797158069,-4.20600416499997],[-44.7965798599999,-4.20600416499997],[-44.7963550009999,-4.20677510999998],[-44.7908941379999,-4.20603628799996],[-44.7906371569999,-4.20748180999994],[-44.789320125,-4.20751393299998],[-44.7889667749999,-4.21018011899997],[-44.7806957679999,-4.20909508499994],[-44.780505412,-4.20835269299994],[-44.77936327,-4.20905701299995],[-44.7799343409999,-4.21139840299999],[-44.778830271,-4.21132225999999],[-44.7786018429999,-4.21029433299998],[-44.777250309,-4.21067504699995],[-44.777478737,-4.21427279199998],[-44.775403847,-4.21410147099993],[-44.774204599,-4.21212175899996],[-44.774452063,-4.21128418899997],[-44.7731195649999,-4.21132225999999],[-44.7731576359999,-4.21294029399996],[-44.7739952059999,-4.21474868399997],[-44.773576421,-4.21488193399995],[-44.7741094199999,-4.21615732499994],[-44.77353835,-4.21651900299998],[-44.773690635,-4.21798475099997],[-44.7738809919999,-4.21874617899995],[-44.7745472409999,-4.21880328599998],[-44.774661455,-4.21964085599995],[-44.773424136,-4.21973603399993],[-44.773462207,-4.22182995999999],[-44.7737858139999,-4.22238199499997],[-44.775403847,-4.22150635299993],[-44.775993954,-4.22226778099997],[-44.7755561329999,-4.22234392399998],[-44.775993954,-4.22400002899999],[-44.773367029,-4.22563709799994],[-44.768703285,-4.22040228299994],[-44.7691411059999,-4.21800378699994],[-44.771691888,-4.21531975499995],[-44.771177924,-4.21444411299996],[-44.7683118639999,-4.21660466399995],[-44.768022759,-4.22052363599994],[-44.7686009679999,-4.22164793099995],[-44.767894268,-4.22193703599994],[-44.7671875679999,-4.22360741699992],[-44.766223887,-4.22363953999996],[-44.766256009,-4.22402501299998],[-44.765581432,-4.22424987199998],[-44.7645213819999,-4.22383227699994],[-44.765067469,-4.22187278999996],[-44.7650353459999,-4.22052363599994],[-44.7646177499999,-4.22045939099998],[-44.7644892599999,-4.22094123099992],[-44.7633649639999,-4.22094123099992],[-44.762561896,-4.22232250899998],[-44.7628510009999,-4.22261161299999],[-44.761951564,-4.22380015399995],[-44.761276987,-4.22363953999996],[-44.761437601,-4.22486020399999],[-44.759638728,-4.22514930799999],[-44.757614997,-4.22460322199994],[-44.757358015,-4.22495657199995],[-44.758450188,-4.22540628999996],[-44.758739292,-4.22614511299999],[-44.761244865,-4.22646633999995],[-44.7617267049999,-4.22640209399999],[-44.7621764229999,-4.22514930799999],[-44.763654069,-4.22453897599996],[-44.7652923279999,-4.22553478099996],[-44.767862146,-4.22530992199995],[-44.7694361589999,-4.22707667199997],[-44.7694682819999,-4.22832945799996],[-44.770142859,-4.22823308999995],[-44.7717489949999,-4.22945375299998],[-44.771427768,-4.23266602599995],[-44.7697895089999,-4.23269814799995],[-44.7685367229999,-4.23385456599994],[-44.768697336,-4.23424003899993],[-44.7704319629999,-4.23317998899997],[-44.771941731,-4.23321211199993],[-44.772937536,-4.23183083499993],[-44.7732587629999,-4.23012832999996],[-44.773708481,-4.23041743499994],[-44.773676359,-4.23289088499996],[-44.77309815,-4.23452914299999],[-44.773547868,-4.23497886199994],[-44.774093954,-4.23501098399993],[-44.7742545679999,-4.23446489799995],[-44.776246176,-4.23520372099996],[-44.776278299,-4.23584617499997],[-44.7781735399999,-4.23581405199997],[-44.777241981,-4.23748443399997],[-44.7779808029999,-4.23851236099994],[-44.7775953309999,-4.24072882899999],[-44.779008731,-4.24185312399993],[-44.779137222,-4.24243133299996],[-44.7799724119999,-4.24243133299995],[-44.7799402899999,-4.24323440199992],[-44.78042213,-4.24320227899996],[-44.780325762,-4.24484053799996],[-44.779908167,-4.24538662399993],[-44.779297835,-4.24471204699995],[-44.776984999,-4.24708912799998],[-44.778045049,-4.24769945999997],[-44.778045049,-4.24882375499995],[-44.77888024,-4.24882375499995],[-44.7799724119999,-4.24988380499998],[-44.779137222,-4.25065475099997],[-44.7785590129999,-4.25001229599997],[-44.7780771719999,-4.25017290999995],[-44.777916558,-4.25091173199997],[-44.776246176,-4.25136145099997],[-44.7763104219999,-4.25290334099999],[-44.778302031,-4.25325669099993],[-44.7783020309999,-4.25393126899996],[-44.778783872,-4.25402763699998],[-44.779779676,-4.25332093699995],[-44.7794584489999,-4.25184329099994],[-44.781321567,-4.25158630999995],[-44.781707039,-4.25020503299994],[-44.78324893,-4.24998017399999],[-44.78324893,-4.25055838299995],[-44.7827670889999,-4.25075111899999],[-44.7832810529999,-4.25251786899999],[-44.7826707209999,-4.25267848199997],[-44.783184685,-4.25344942799996],[-44.784373225,-4.25296758699995],[-44.784790821,-4.25348154999995],[-44.785497521,-4.25351367299995],[-44.786621816,-4.25181116899995],[-44.787007289,-4.25177904599997],[-44.789159511,-4.25377065499994],[-44.789930457,-4.25393126899996],[-44.7898340879999,-4.25479858199997],[-44.7908941379999,-4.25531254599998],[-44.792982115,-4.25553740499993],[-44.793367588,-4.25402763699998],[-44.794652497,-4.25396339099996],[-44.794652497,-4.25245362299996],[-44.7949737239999,-4.25213239599997],[-44.795519811,-4.25232513199996],[-44.795519811,-4.25200390499999],[-44.794395515,-4.25104022299996],[-44.794363393,-4.25039776899996],[-44.7958089149999,-4.250237155],[-44.795776792,-4.24981955999993],[-44.794877356,-4.24978743699996],[-44.794395515,-4.248695265],[-44.794524006,-4.24683214699997],[-44.793881552,-4.24696063699997],[-44.793817306,-4.24830979199993],[-44.791215366,-4.24705700599999],[-44.7912474879999,-4.24644667399999],[-44.791954188,-4.24557935999997],[-44.7927893789999,-4.24612544699995],[-44.793367588,-4.24577209699995],[-44.793881552,-4.24423020599996],[-44.794722134,-4.24511610699996],[-44.795007669,-4.24487816099997],[-44.7955519329999,-4.24246345599996],[-44.796419247,-4.24101793399997],[-44.7946846199999,-4.24076095199996],[-44.793496079,-4.23931542899993],[-44.7936888149999,-4.23803051999994],[-44.792468152,-4.23658499799997],[-44.791825697,-4.23674561099997],[-44.7916650839999,-4.23880146599994],[-44.790315929,-4.23799839799994],[-44.79044442,-4.23732381999997],[-44.7877461109999,-4.23636013899996],[-44.789095266,-4.23417579399997],[-44.7916526289999,-4.23517888299996],[-44.791343856,-4.23301937499998],[-44.791922066,-4.23305149799995],[-44.7925323969999,-4.23173446699997],[-44.7936566929999,-4.23211993899999],[-44.7941706559999,-4.23170234399994],[-44.794491883,-4.22945375299998],[-44.7965546199999,-4.23005876999999],[-44.7944187529999,-4.23276967799997],[-44.7957274559999,-4.23360248999996],[-44.796798214,-4.23285890799997],[-44.798374607,-4.23101482599998],[-44.797898715,-4.23044970399998],[-44.798025383,-4.22993559399994],[-44.7991496779999,-4.22861856199995],[-44.8016552509999,-4.22852219399995],[-44.8018158639999,-4.22797610799997],[-44.802618932,-4.22765488099998],[-44.803132896,-4.22681968999995],[-44.803132896,-4.22527779899999],[-44.8039359639999,-4.22550265799993],[-44.8046105409999,-4.22235463099997],[-44.802137092,-4.22254736799994],[-44.801847987,-4.22505293999997],[-44.791054752,-4.22322194499999],[-44.7924360289999,-4.21715074999997],[-44.7936566929999,-4.21602645499996],[-44.794010043,-4.21477366799997],[-44.789288002,-4.21390635499996],[-44.788131584,-4.21319965499992],[-44.7881958299999,-4.21194686899997],[-44.78903102,-4.21178625499993],[-44.789416493,-4.21085469599997],[-44.790605034,-4.21069408299999],[-44.7908298929999,-4.21005162799997],[-44.791922066,-4.21018011899997],[-44.792275415,-4.20937705099994],[-44.793335465,-4.20969827799996],[-44.793335465,-4.21043710099997],[-44.7948452329999,-4.21066195999992],[-44.803614737,-4.21104743299998],[-44.803678982,-4.20995525999997],[-44.80660215,-4.21040497799994],[-44.806923377,-4.20825275599998],[-44.8050923819999,-4.20802789699997],[-44.8054778549999,-4.20584355099994],[-44.8031971409999,-4.20552232399996],[-44.802843792,-4.20761030099994]]]}},{"type":"Feature","properties":{"id":"265","municipality":"2101202","density":"Densa","type":"Área urbanizada","state":"MA"},"geometry":{"type":"Polygon","coordinates":[[[-45.0106905069999,-4.28470372599998],[-45.0085204389999,-4.29075707499994],[-45.00675012,-4.29035732599995],[-45.006007728,-4.29167078799999],[-45.006921441,-4.29207053799997],[-45.007035655,-4.29338399999994],[-45.004637158,-4.29361242799997],[-45.001324949,-4.29281292899998],[-45.001039413,-4.29321267899996],[-45.002752625,-4.29418349899993],[-45.00480848,-4.29464035499997],[-45.006807227,-4.29424060599996],[-45.011090257,-4.29441192699994],[-45.0110331499999,-4.29372664199999],[-45.0101194369999,-4.29344110699999],[-45.010576293,-4.29161368099995],[-45.0092628309999,-4.29109971699997],[-45.0116613269999,-4.28487504699995],[-45.0106905069999,-4.28470372599998]]]}},{"type":"Feature","properties":{"id":"266","municipality":"2101202","density":"Densa","type":"Área urbanizada","state":"MA"},"geometry":{"type":"Polygon","coordinates":[[[-44.783733344,-4.20417980599995],[-44.7838297119999,-4.20739207799994],[-44.7876201929999,-4.20803453299994],[-44.787620193,-4.20758481499998],[-44.7868492479999,-4.20735995599994],[-44.78710623,-4.20395494699994],[-44.783733344,-4.20417980599995]]]}},{"type":"Feature","properties":{"id":"267","municipality":"2101202","density":"Densa","type":"Área urbanizada","state":"MA"},"geometry":{"type":"Polygon","coordinates":[[[-44.8116067119999,-4.08929860999997],[-44.811601928,-4.09023455699999],[-44.8110879649999,-4.09023455699999],[-44.8112592859999,-4.09223330399995],[-44.81040268,-4.09229041099996],[-44.81040268,-4.09577394199994],[-44.813086712,-4.09651633399996],[-44.8129153909999,-4.09029166399996],[-44.8121158919999,-4.08789316699995],[-44.8103339369999,-4.08876654099993],[-44.810372663,-4.08919252399994],[-44.8116067119999,-4.08929860999997]]]}},{"type":"Feature","properties":{"id":"268","municipality":"2101202","density":"Densa","type":"Área urbanizada","state":"MA"},"geometry":{"type":"Polygon","coordinates":[[[-44.7828537559999,-4.19533201799995],[-44.7826039129999,-4.19618862399994],[-44.780712241,-4.19629569999995],[-44.7807479329999,-4.19683107899994],[-44.781390388,-4.19683107899994],[-44.7812119279999,-4.19786614399994],[-44.7836389779999,-4.19800891199998],[-44.78367467,-4.19854429099996],[-44.7809620849999,-4.19875844199994],[-44.780640857,-4.20011473499995],[-44.790134907,-4.19950797199995],[-44.7913841239999,-4.19890120999999],[-44.791990886,-4.19394003399998],[-44.7828537559999,-4.19533201799995]]]}},{"type":"Feature","properties":{"id":"269","municipality":"2103000","density":"Densa","type":"Área urbanizada","state":"MA"},"geometry":{"type":"Polygon","coordinates":[[[-43.359331583,-4.83178923399993],[-43.3648344119999,-4.83236641799995],[-43.365577994,-4.83081976799997],[-43.364328777,-4.83073053799996],[-43.36426929,-4.83013567299998],[-43.3589452459999,-4.82992746999998],[-43.358855691,-4.83134308499998],[-43.359331583,-4.83178923399993]]]}},{"type":"Feature","properties":{"id":"270","municipality":"2103000","density":"Densa","type":"Área urbanizada","state":"MA"},"geometry":{"type":"Polygon","coordinates":[[[-43.327665171,-4.89841191199998],[-43.326772873,-4.89790627599996],[-43.326296981,-4.89850114199993],[-43.325493913,-4.89784678999997],[-43.325523656,-4.89662731599998],[-43.327010819,-4.89668680299998],[-43.3269215889999,-4.89567553199993],[-43.3293605369999,-4.89320684099994],[-43.32939028,-4.89145198799998],[-43.328408753,-4.88934021699994],[-43.3258210889999,-4.89026225799995],[-43.3259103189999,-4.89097609599999],[-43.325166737,-4.89127352899994],[-43.32537494,-4.89350427299998],[-43.3237688039999,-4.89478323399994],[-43.321805748,-4.89323658399996],[-43.322757533,-4.89154121799995],[-43.3194262869999,-4.88907252699996],[-43.316065299,-4.89112481199992],[-43.31552992,-4.89171967799996],[-43.316243758,-4.89386119299996],[-43.319753463,-4.89582424799994],[-43.3206160179999,-4.89522938299997],[-43.32409598,-4.89808473599994],[-43.3246611009999,-4.89980984499994],[-43.326088778,-4.90073188599997],[-43.327665171,-4.89841191199998]]]}},{"type":"Feature","properties":{"id":"271","municipality":"2103000","density":"Densa","type":"Área urbanizada","state":"MA"},"geometry":{"type":"Polygon","coordinates":[[[-43.345140922,-4.84275062299997],[-43.345173045,-4.84397128699993],[-43.3443057309999,-4.84602714099998],[-43.3449481859999,-4.84621987799994],[-43.345654886,-4.84490284599998],[-43.3464579539999,-4.84454949599997],[-43.346168849,-4.84711931399996],[-43.3449481859999,-4.84721568199995],[-43.3391018499999,-4.84445312799995],[-43.338812746,-4.84397128699993],[-43.3392945859999,-4.84310397299993],[-43.338009677,-4.84252576399998],[-43.339712182,-4.84066264599994],[-43.3397764269999,-4.83982745599998],[-43.339326709,-4.83960259699995],[-43.338106046,-4.83953835099993],[-43.337270855,-4.84030929599993],[-43.3363714189999,-4.84259000999998],[-43.336467787,-4.84374642799999],[-43.33508651,-4.84342520099994],[-43.334508301,-4.84493496899997],[-43.336692646,-4.84532044099997],[-43.3390054819999,-4.84493496899997],[-43.3397121819999,-4.84519194999997],[-43.3411577039999,-4.84599501899993],[-43.34051525,-4.84792238199999],[-43.3410613359999,-4.84833997699997],[-43.341992895,-4.84734417299997],[-43.3449803079999,-4.84789025899996],[-43.3470040399999,-4.85007460399994],[-43.346939795,-4.85206621299994],[-43.342763841,-4.85315838599997],[-43.3441129949999,-4.85771981299997],[-43.3449481859999,-4.85807316299997],[-43.345269413,-4.85894047599995],[-43.345526395,-4.86157453999995],[-43.3450766769999,-4.86157453999995],[-43.3449481859999,-4.86346977999994],[-43.3445948359999,-4.86343765699997],[-43.3434384179999,-4.86115694399997],[-43.3400334089999,-4.86112482099997],[-43.340097655,-4.86054661199996],[-43.339519445,-4.86051448999996],[-43.3392945859999,-4.85797679399997],[-43.337806503,-4.85805123999997],[-43.337620191,-4.85679736999999],[-43.334913555,-4.85706505899998],[-43.334437662,-4.85774915399998],[-43.3349901409999,-4.85919745799993],[-43.3267381709999,-4.86476539699994],[-43.3253461859999,-4.86626445699994],[-43.3291295289999,-4.86844166399994],[-43.3295221399999,-4.86940534599996],[-43.332227587,-4.86947672999997],[-43.3323239549999,-4.87027979799996],[-43.334668914,-4.86992644799995],[-43.3348295279999,-4.87040828799996],[-43.334283442,-4.87053677899996],[-43.334668914,-4.87117923399996],[-43.334154951,-4.87159682899995],[-43.3356647189999,-4.87464848799994],[-43.337431468,-4.87394178799997],[-43.338170291,-4.87468061099999],[-43.338684255,-4.87407027899996],[-43.3396479359999,-4.87509820599997],[-43.339969164,-4.87583702899998],[-43.3389586379999,-4.87779611299995],[-43.339196584,-4.87910481599995],[-43.340559361,-4.87986191499994],[-43.339872795,-4.88110515499996],[-43.3412861949999,-4.88190822399998],[-43.340921694,-4.88326887299996],[-43.341873478,-4.88374476499997],[-43.3425873159999,-4.88255503499995],[-43.343277804,-4.88300039599995],[-43.343033465,-4.88362579199997],[-43.3439555059999,-4.88407194099996],[-43.3443057309999,-4.88367497299992],[-43.3452372899999,-4.88431742799999],[-43.342825262,-4.88752215999996],[-43.342914492,-4.88844420099999],[-43.346424197,-4.89091289199998],[-43.3463944539999,-4.89210262199994],[-43.352253877,-4.89219185199994],[-43.3533246339999,-4.89353029899997],[-43.354135285,-4.89344028099994],[-43.355291703,-4.89414698099995],[-43.3579050959999,-4.89474977299996],[-43.3598681519999,-4.89278671699998],[-43.3607604499999,-4.88984213399994],[-43.3617419769999,-4.88856317399996],[-43.3603440439999,-4.88770061899995],[-43.3593922599999,-4.88892009299997],[-43.3586172949999,-4.88909020699998],[-43.3583058209999,-4.88749390299995],[-43.358797394,-4.88734369999999],[-43.359005597,-4.88660011899999],[-43.3585039749999,-4.88492775999994],[-43.355548685,-4.88502412799995],[-43.3555165619999,-4.88296827299998],[-43.3579257659999,-4.87484122399996],[-43.361009548,-4.87554792399994],[-43.3618126159999,-4.87702556999994],[-43.3618126159999,-4.87917779199995],[-43.3610416699999,-4.87937052799997],[-43.3609453019999,-4.88004510599997],[-43.362069597,-4.88001298299998],[-43.3622302109999,-4.88300039599995],[-43.3633481139999,-4.88597550999998],[-43.3637942619999,-4.88606473999996],[-43.365570974,-4.88354648199992],[-43.365089133,-4.88569870499993],[-43.364446679,-4.88579507299995],[-43.364414556,-4.88618054599995],[-43.3649606429999,-4.88656601799994],[-43.364597331,-4.88731395699996],[-43.3655193719999,-4.88778984899996],[-43.365251682,-4.88850368699997],[-43.3680178059999,-4.88933649899997],[-43.369177793,-4.88841445799996],[-43.3693353969999,-4.88732396399998],[-43.371943916,-4.88799805199995],[-43.375959257,-4.88713549699999],[-43.377059758,-4.88618371299997],[-43.376851555,-4.88514269899999],[-43.37726796,-4.88442885999997],[-43.376702838,-4.88407194099996],[-43.3763161759999,-4.88481552299994],[-43.375143546,-4.88425318199996],[-43.375721755,-4.88351435999994],[-43.3741477419999,-4.88232581899995],[-43.3713530649999,-4.88222945099994],[-43.370643908,-4.88167047999997],[-43.370664956,-4.88068120899993],[-43.371081362,-4.88038377699995],[-43.3711924509999,-4.87933840599993],[-43.3732483049999,-4.87924203699994],[-43.3728628329999,-4.88145850499996],[-43.3739228819999,-4.88123364599994],[-43.37485179,-4.87924822299993],[-43.377476163,-4.88002685799995],[-43.3783387179999,-4.87952122199993],[-43.379052556,-4.88044326299998],[-43.379736651,-4.87925353299995],[-43.37753565,-4.87717150399994],[-43.3751435459999,-4.87782863799994],[-43.3744689689999,-4.87503396099994],[-43.375751054,-4.87464332699995],[-43.376702838,-4.87500024599997],[-43.378011542,-4.87666586899998],[-43.378576664,-4.87636843599995],[-43.3794094749999,-4.87678484199996],[-43.38036126,-4.87618997699998],[-43.3802422869999,-4.87514896299997],[-43.379528448,-4.87497050299993],[-43.377952055,-4.87553562499994],[-43.377000271,-4.87410794799995],[-43.3761972029999,-4.87372128599998],[-43.374725951,-4.87400603399995],[-43.374179864,-4.87345994699997],[-43.3749829319999,-4.87275324699994],[-43.3770387869999,-4.87284961499996],[-43.3770387869999,-4.87252838799999],[-43.3803795499999,-4.87105074299997],[-43.380604409,-4.87060102499993],[-43.379512236,-4.87031191999995],[-43.3767818049999,-4.87178956599996],[-43.3747901959999,-4.87185381099994],[-43.37459746,-4.87146833799995],[-43.3749186869999,-4.87079376099997],[-43.374565337,-4.87018342899995],[-43.375400528,-4.87021555199995],[-43.376717559,-4.86918762499993],[-43.379415868,-4.86854517099995],[-43.379801341,-4.86719601599998],[-43.3806044089999,-4.86709964799997],[-43.3808292679999,-4.86642507099997],[-43.378548555,-4.86591110699995],[-43.378163082,-4.86517228499997],[-43.3767818049999,-4.86546138899996],[-43.374629582,-4.86462619799996],[-43.37459746,-4.86385525299996],[-43.377392137,-4.86289157099998],[-43.3784843089999,-4.86318067599996],[-43.378869782,-4.86231336199996],[-43.3784521859999,-4.86215274899997],[-43.378998273,-4.86032175299993],[-43.378002468,-4.86006477099994],[-43.377167278,-4.85823377599998],[-43.3773278909999,-4.85727009499995],[-43.3768139279999,-4.85691674499998],[-43.376717559,-4.85768768999998],[-43.376203596,-4.85759132199997],[-43.3757538779999,-4.85675613099994],[-43.371963396,-4.85569608099997],[-43.369618437,-4.85608155399997],[-43.369040228,-4.85688462199993],[-43.369040228,-4.85916533499995],[-43.371031837,-4.85858712599998],[-43.371096083,-4.85906896699993],[-43.370293015,-4.86064298099996],[-43.370132401,-4.86279520299996],[-43.3673056009999,-4.86244185299996],[-43.366759515,-4.86176727599998],[-43.3670164969999,-4.86122119],[-43.366117061,-4.86057873499995],[-43.366213429,-4.85977566699995],[-43.36634192,-4.85926170299996],[-43.3680765469999,-4.85871561699997],[-43.368108669,-4.85804103999993],[-43.3677874419999,-4.85755919899998],[-43.3671771099999,-4.85765556699994],[-43.3666631469999,-4.85592093999998],[-43.3651533789999,-4.85579244899999],[-43.364800029,-4.85614579899994],[-43.3637078559999,-4.85502150399999],[-43.363354506,-4.85376871799998],[-43.364506911,-4.85371001899996],[-43.3648935729999,-4.85317463999996],[-43.3638525589999,-4.85085466599999],[-43.363108978,-4.85046800299994],[-43.362335653,-4.85124132799996],[-43.3621124279999,-4.85269013599999],[-43.360881057,-4.85254805399995],[-43.360559829,-4.85357598099996],[-43.358536098,-4.85364022699997],[-43.3580542569999,-4.85213045899998],[-43.364189697,-4.84898243199997],[-43.363675734,-4.84602714099998],[-43.360624075,-4.84628412299998],[-43.361234407,-4.84477435499997],[-43.363547243,-4.84461374099995],[-43.363707856,-4.84416402299996],[-43.365217624,-4.84393916399995],[-43.3651533789999,-4.84332883299993],[-43.3639969609999,-4.84358581399995],[-43.3630011559999,-4.84291123699997],[-43.363310984,-4.83861903099996],[-43.362924322,-4.83858928799998],[-43.3627441749999,-4.83940985999995],[-43.361105916,-4.84117660999994],[-43.360559829,-4.84072689199998],[-43.360013743,-4.84111236499995],[-43.3602707249999,-4.84188330999995],[-43.3574118029999,-4.84393916399995],[-43.356191139,-4.84342520099994],[-43.356480244,-4.83953835099994],[-43.35667298,-4.83854254699999],[-43.3583112389999,-4.83896014199998],[-43.358246993,-4.83655093799996],[-43.3568657159999,-4.83674367399994],[-43.355452316,-4.83629395599996],[-43.355066844,-4.83822131899995],[-43.35561293,-4.83889589699994],[-43.3553880709999,-4.84140146899995],[-43.3557735439999,-4.84236515099998],[-43.354938353,-4.84429251399996],[-43.355452316,-4.84509558199994],[-43.353717689,-4.84631624599997],[-43.35278613,-4.84631624599997],[-43.352175799,-4.84557742299996],[-43.353075235,-4.84442100499995],[-43.350497834,-4.84332961999997],[-43.349993378,-4.84376413099994],[-43.3494453669999,-4.84329670999994],[-43.3498950849999,-4.84268637799994],[-43.35124424,-4.84223665999997],[-43.351918817,-4.84294335999994],[-43.352657639,-4.84236515099998],[-43.3529788669999,-4.84181906399995],[-43.352175799,-4.84120873299997],[-43.353685567,-4.83976320999995],[-43.351568592,-4.84018080599999],[-43.3515091049999,-4.83949273899997],[-43.35100347,-4.83940350999996],[-43.3504978339999,-4.83830300899997],[-43.347969657,-4.83800557599994],[-43.346894369,-4.83736136199997],[-43.345815499,-4.83590848299998],[-43.343374172,-4.83732188299996],[-43.3427959629999,-4.83950622799995],[-43.345140922,-4.84275062299997]]]}},{"type":"Feature","properties":{"id":"272","municipality":"2103000","density":"Densa","type":"Área urbanizada","state":"MA"},"geometry":{"type":"Polygon","coordinates":[[[-43.3885013239999,-4.87597241999993],[-43.388412095,-4.87781650199997],[-43.389215163,-4.87832213799993],[-43.389661312,-4.87808419199997],[-43.389720798,-4.877281124],[-43.390851042,-4.87740009699998],[-43.391029502,-4.87487191899993],[-43.389304393,-4.87335501299999],[-43.3885013239999,-4.87597241999993]]]}},{"type":"Feature","properties":{"id":"273","municipality":"2103000","density":"Densa","type":"Área urbanizada","state":"MA"},"geometry":{"type":"Polygon","coordinates":[[[-43.3429731139999,-4.83614381199994],[-43.3375300969999,-4.82885671299993],[-43.3366080559999,-4.82951106499997],[-43.3361916499999,-4.82909465899996],[-43.335358839,-4.82960029399994],[-43.3346152569999,-4.82852953699996],[-43.334198852,-4.82867825299997],[-43.333693216,-4.82784544199996],[-43.334198852,-4.82757775199997],[-43.3348234599999,-4.82802390099995],[-43.3358644739999,-4.82707211699994],[-43.333187581,-4.82430599399993],[-43.3290532669999,-4.82623930599993],[-43.3347044869999,-4.83424024299996],[-43.335358839,-4.83450793299995],[-43.336727029,-4.83641150099994],[-43.337678813,-4.83623304199995],[-43.33892803,-4.83751200199994],[-43.3401177609999,-4.83679816399996],[-43.340444937,-4.83715508299998],[-43.341129032,-4.83673867699999],[-43.3416346669999,-4.83724431299993],[-43.3429731139999,-4.83614381199994]]]}},{"type":"Feature","properties":{"id":"274","municipality":"2103307","density":"Densa","type":"Área urbanizada","state":"MA"},"geometry":{"type":"Polygon","coordinates":[[[-43.9930353789999,-4.55441862499993],[-43.9912037889999,-4.55663866199995],[-43.991396525,-4.55933697099994],[-43.988762462,-4.56158556199996],[-43.98709208,-4.56396264299997],[-43.98744543,-4.56431599299998],[-43.988376989,-4.56418750199993],[-43.989886757,-4.56270985699995],[-43.9907219479999,-4.56360929299996],[-43.991557139,-4.56287047099994],[-43.990304352,-4.56145707099996],[-43.992038979,-4.55988305699998],[-43.9923602069999,-4.56103947499998],[-43.992906293,-4.56148919399993],[-43.9941269559999,-4.56155343899998],[-43.994930024,-4.56242075299998],[-43.996825265,-4.56168192999997],[-43.997628333,-4.56007579399995],[-43.9973071059999,-4.55930484799997],[-43.997628333,-4.55827692099995],[-43.996889511,-4.55795569399993],[-43.997371351,-4.55618894399993],[-43.9966004059999,-4.55532163099998],[-43.996921633,-4.55435794899997],[-43.99605432,-4.55316940799999],[-43.996343424,-4.55268756699996],[-43.995938321,-4.55218193199994],[-43.9930353789999,-4.55441862499993]]]}},{"type":"Feature","properties":{"id":"275","municipality":"2103307","density":"Densa","type":"Área urbanizada","state":"MA"},"geometry":{"type":"Polygon","coordinates":[[[-43.910293291,-5.00751708599995],[-43.908879892,-5.00966930899996],[-43.907594983,-5.01079360399995],[-43.9070167739999,-5.01056874499995],[-43.9067276689999,-5.01095421799994],[-43.906181583,-5.01056874499995],[-43.9065028099999,-5.00899473099998],[-43.9058924779999,-5.00886624099998],[-43.9055391279999,-5.01024751799998],[-43.902358979,-5.00938020399997],[-43.901363174,-5.01015114899997],[-43.900495861,-5.01018327199995],[-43.900238879,-5.01060086799994],[-43.900624352,-5.01101846299998],[-43.8991788289999,-5.01323493099996],[-43.8983757609999,-5.01374889399997],[-43.898568497,-5.01413436699996],[-43.8993073199999,-5.01365252599994],[-43.900527983,-5.01480894399998],[-43.8994036879999,-5.01753937599995],[-43.9003352469999,-5.01763574399996],[-43.9010740699999,-5.01548352199997],[-43.901909261,-5.01602960799994],[-43.901491665,-5.01708965799997],[-43.9030978009999,-5.01641508099993],[-43.90367601,-5.01683267599999],[-43.9038687469999,-5.01657569399993],[-43.902615961,-5.01590111699994],[-43.9042220969999,-5.01297794899994],[-43.9056033739999,-5.01333129899996],[-43.9058282329999,-5.01304219499997],[-43.909233242,-5.01712177999997],[-43.910004187,-5.01628658999994],[-43.910646641,-5.01667206199994],[-43.9113533409999,-5.01570838099997],[-43.9093497599999,-5.01413338499998],[-43.9083118249999,-5.01136555799998],[-43.9111661469999,-5.00768953699998],[-43.9124614679999,-5.00838402499994],[-43.912911186,-5.00815916499993],[-43.9121081179999,-5.00709911599996],[-43.910293291,-5.00751708599995]]]}},{"type":"Feature","properties":{"id":"276","municipality":"2103307","density":"Densa","type":"Área urbanizada","state":"MA"},"geometry":{"type":"Polygon","coordinates":[[[-43.889941343,-4.44238645599996],[-43.8864792269999,-4.44135138999997],[-43.886122308,-4.44053047599994],[-43.886407843,-4.44249353199997],[-43.8859081559999,-4.44531319299995],[-43.8869860519999,-4.44576291099999],[-43.8867290709999,-4.44675871599999],[-43.8858296339999,-4.44637324299994],[-43.885256684,-4.44787302399993],[-43.8820070299999,-4.44635814299995],[-43.881557312,-4.44483135199993],[-43.8811397169999,-4.44534531599992],[-43.879838784,-4.44479492099993],[-43.8783771619999,-4.44310029399999],[-43.8783771619999,-4.44249353199997],[-43.877913168,-4.44238645599996],[-43.8778417839999,-4.44106585499997],[-43.880054682,-4.44227937999995],[-43.8803759099999,-4.44120862299998],[-43.8781273189999,-4.44028063299993],[-43.8780559349999,-4.44067324399992],[-43.8769840109999,-4.44031986299995],[-43.8775919399999,-4.43874588099993],[-43.8784485459999,-4.43888864799994],[-43.8792337679999,-4.43692559299997],[-43.8778060919999,-4.43642590599997],[-43.878163011,-4.43499822999996],[-43.87666395,-4.43442715899994],[-43.876271339,-4.43531945699993],[-43.873201835,-4.43432008299993],[-43.87180985,-4.43817480999996],[-43.8748079709999,-4.43960248699994],[-43.873737213,-4.44160123399998],[-43.8727378399999,-4.44070893599998],[-43.8716313899999,-4.44356428899994],[-43.871167396,-4.44335013799999],[-43.869418492,-4.44495627399994],[-43.870917552,-4.44659810199995],[-43.8702501129999,-4.44772239699995],[-43.8621016489999,-4.44513473299998],[-43.8608524319999,-4.44517042499998],[-43.860317053,-4.44756178399998],[-43.8623871839999,-4.44845408199995],[-43.86081674,-4.44952483899995],[-43.8598173669999,-4.44934637899997],[-43.859745983,-4.44973899099994],[-43.860781048,-4.44995314199998],[-43.8621373409999,-4.44959622299996],[-43.863743477,-4.45031006099993],[-43.8643859319999,-4.44959622299996],[-43.864814235,-4.45113097499995],[-43.8660277599999,-4.45155927799993],[-43.867241285,-4.45127374299996],[-43.8703786039999,-4.45247655999997],[-43.8708925679999,-4.45209108799999],[-43.871824127,-4.45318325999995],[-43.8711174269999,-4.45453241499998],[-43.8693828,-4.45610642799994],[-43.8694791679999,-4.45649190099995],[-43.870282236,-4.45626704199998],[-43.8712966029999,-4.45511829299994],[-43.872291323,-4.45600622399996],[-43.8716046219999,-4.45717361599999],[-43.872639687,-4.45778037899992],[-43.871676005,-4.45877975299994],[-43.870598463,-4.45883117099995],[-43.8695327249999,-4.45825509599996],[-43.8699181969999,-4.45735565999996],[-43.8694042339999,-4.45725929199996],[-43.869083006,-4.45854420099995],[-43.8680550789999,-4.45838358699997],[-43.8669950289999,-4.45883330499993],[-43.871621089,-4.46016762199999],[-43.875994727,-4.46441907499998],[-43.8754584429999,-4.46529406599995],[-43.8731661429999,-4.46555050899997],[-43.871667082,-4.46776340799993],[-43.8709532439999,-4.46729941299999],[-43.8697397189999,-4.46972646299997],[-43.8714886229999,-4.47111844799998],[-43.875411183,-4.47274244499994],[-43.875539674,-4.47232484899997],[-43.8737408009999,-4.47136116799994],[-43.873959688,-4.47079831499998],[-43.8758519589999,-4.46709596899996],[-43.878564545,-4.46488306999993],[-43.8786002369999,-4.46838087799996],[-43.8789571559999,-4.46891625599996],[-43.879706686,-4.46877348899994],[-43.8802777569999,-4.46995132199993],[-43.884132484,-4.46905902399993],[-43.884096792,-4.46866641299994],[-43.8856672359999,-4.46830949399993],[-43.887273372,-4.47205714499995],[-43.8868807609999,-4.47234267999995],[-43.88741614,-4.47330636199998],[-43.8876302909999,-4.47580479599999],[-43.888558281,-4.47551926099994],[-43.890307185,-4.48255056799999],[-43.8873804479999,-4.48290748699998],[-43.8874875239999,-4.48412101199996],[-43.8863453819999,-4.48419239599997],[-43.8862026149999,-4.48287179499993],[-43.883490029,-4.48330009799998],[-43.8840254079999,-4.48711913299997],[-43.8858100039999,-4.48694067399994],[-43.886273999,-4.48954618299997],[-43.887023529,-4.48968895099996],[-43.887523216,-4.49172338999995],[-43.8899145739999,-4.49136647099994],[-43.888808125,-4.48447793099997],[-43.894268988,-4.48322871399994],[-43.8939120679999,-4.48094443199996],[-43.898792938,-4.48171894599994],[-43.89882863,-4.48136202699994],[-43.8980791,-4.48104079999997],[-43.897829256,-4.47904205299995],[-43.899720928,-4.47897066899999],[-43.899828003,-4.47839959799996],[-43.902397821,-4.47829252299995],[-43.903254427,-4.47725745699997],[-43.9042181089999,-4.47729314899994],[-43.904539336,-4.47665069399995],[-43.905288866,-4.47668638599994],[-43.905610094,-4.47629377499994],[-43.905574402,-4.47586547199996],[-43.904289493,-4.47529440199997],[-43.9043251849999,-4.47418795199998],[-43.903325811,-4.47440210399998],[-43.902255054,-4.47400949299994],[-43.9023264369999,-4.47272458399994],[-43.900613225,-4.47186797799997],[-43.9008987609999,-4.46926246799995],[-43.899114165,-4.46933385199997],[-43.899328317,-4.46826309399996],[-43.899828003,-4.46790617499995],[-43.8997566199999,-4.46712095299994],[-43.8983646349999,-4.46694249399998],[-43.898186175,-4.46633573099996],[-43.8993996999999,-4.46587173599995],[-43.8993996999999,-4.46547912499996],[-43.897829256,-4.46562189299995],[-43.89772218,-4.46476528699999],[-43.898685862,-4.46444405999995],[-43.898792938,-4.46298069099993],[-43.900720301,-4.46340899399996],[-43.9006846089999,-4.46383729699996],[-43.9017910589999,-4.46365883699996],[-43.9017910589999,-4.46458682699995],[-43.902921432,-4.46438563499993],[-43.9039493599999,-4.46525294799995],[-43.903804446,-4.46454998599996],[-43.90465606,-4.46470686199996],[-43.904969003,-4.46403403399995],[-43.906038397,-4.46437267599993],[-43.906716543,-4.46337330199999],[-43.9060027049999,-4.46319484299995],[-43.906216856,-4.46240961999996],[-43.905895629,-4.46230254499994],[-43.906573775,-4.46083917599997],[-43.9040039569999,-4.46098194399998],[-43.9029688919999,-4.46012533799997],[-43.903147351,-4.45905457999993],[-43.902112286,-4.45887612099995],[-43.9019338259999,-4.45937580799996],[-43.901327064,-4.45951857499995],[-43.8998993869999,-4.45901888799994],[-43.896652327,-4.45658382099998],[-43.8975248149999,-4.45625858599993],[-43.899387933,-4.45654768999998],[-43.8995806689999,-4.45596948099996],[-43.8982636379999,-4.45510216799995],[-43.8986812329999,-4.45394574999994],[-43.898103024,-4.45356027699995],[-43.8982972049999,-4.45156397299997],[-43.8993996999999,-4.45148789399997],[-43.90032769,-4.45066697999994],[-43.9055233729999,-4.45336754099999],[-43.9056197409999,-4.44925583199996],[-43.9031725909999,-4.44858894699997],[-43.9028261239999,-4.44445658699993],[-43.9044679519999,-4.44399259199999],[-43.904539336,-4.44285045099998],[-43.901398448,-4.44370705699992],[-43.900077847,-4.44367136499996],[-43.899970771,-4.44170830999996],[-43.898721554,-4.44128000699993],[-43.8985430939999,-4.44070893599998],[-43.896544347,-4.44070893599998],[-43.896829882,-4.43806773399997],[-43.8931179229999,-4.43742527999997],[-43.893117923,-4.43610467899993],[-43.892618237,-4.43603329499996],[-43.892404085,-4.43846034499996],[-43.8911548679999,-4.43810342599994],[-43.891690247,-4.43335640099998],[-43.891261944,-4.43321363399996],[-43.889941343,-4.44238645599996]]]}},{"type":"Feature","properties":{"id":"277","municipality":"2105302","density":"Densa","type":"Vazio intraurbano","state":"MA"},"geometry":{"type":"Polygon","coordinates":[[[-47.483326812,-5.50647385599996],[-47.472113602,-5.49731293099997],[-47.4720541149999,-5.50308312399995],[-47.4736602519999,-5.50248825899998],[-47.476961754,-5.50522463899995],[-47.477586362,-5.50448105799996],[-47.4768427809999,-5.50379696299995],[-47.4771699569999,-5.50346978699999],[-47.481244784,-5.50647385599996],[-47.480858121,-5.50712820799994],[-47.477556619,-5.50516515299995],[-47.475623307,-5.50751486999997],[-47.476366888,-5.50807999199999],[-47.4768427809999,-5.50766358699997],[-47.478835579,-5.50953741199995],[-47.477675592,-5.51120303499995],[-47.48002531,-5.51295788799997],[-47.480768891,-5.51191687299996],[-47.4832078389999,-5.51417736099997],[-47.483475528,-5.50683077499998],[-47.483326812,-5.50647385599996]]]}},{"type":"Feature","properties":{"id":"278","municipality":"2105302","density":"Densa","type":"Área urbanizada","state":"MA"},"geometry":{"type":"Polygon","coordinates":[[[-47.4370692649999,-5.48220593799995],[-47.437574901,-5.482324911],[-47.438229253,-5.48158132899994],[-47.437455928,-5.48062954499996],[-47.4371584949999,-5.47926135499995],[-47.437039522,-5.47807162399994],[-47.437545158,-5.47768496199995],[-47.436028251,-5.47551370399999],[-47.432756492,-5.47706035299997],[-47.433678533,-5.47771470499993],[-47.435463129,-5.48122440999993],[-47.434808777,-5.48161107299996],[-47.4350169799999,-5.482324911],[-47.4361174809999,-5.48348489799997],[-47.4370692649999,-5.48220593799995]]]}},{"type":"Feature","properties":{"id":"279","municipality":"2105302","density":"Densa","type":"Área urbanizada","state":"MA"},"geometry":{"type":"Polygon","coordinates":[[[-47.6528451959999,-5.31202622499996],[-47.6533508319999,-5.31708257999999],[-47.653231859,-5.31827230999994],[-47.6527857099999,-5.31853999999992],[-47.6538862099999,-5.31972972999995],[-47.652547764,-5.32329892199994],[-47.653737494,-5.32422096299997],[-47.6536185209999,-5.32460762499995],[-47.654362103,-5.32532146399995],[-47.654540562,-5.32493480099993],[-47.6554031169999,-5.32547017999996],[-47.65697951,-5.32439942199994],[-47.657574375,-5.32344763799995],[-47.656622591,-5.32207944799997],[-47.6556708059999,-5.32160355599996],[-47.653737494,-5.31208571199994],[-47.6528451959999,-5.31202622499996]]]}},{"type":"Feature","properties":{"id":"280","municipality":"2105302","density":"Densa","type":"Área urbanizada","state":"MA"},"geometry":{"type":"Polygon","coordinates":[[[-47.3801615529999,-5.52822673599996],[-47.382154352,-5.52825647899994],[-47.3833440819999,-5.52932723699996],[-47.383701001,-5.53090362999995],[-47.385217908,-5.53137952199995],[-47.386615841,-5.52784007399993],[-47.3878650579999,-5.52775084399997],[-47.387924545,-5.52855391199994],[-47.3890547889999,-5.52873237199999],[-47.388965559,-5.52959492599997],[-47.390809641,-5.52992210199994],[-47.390541952,-5.53048722399996],[-47.3908988709999,-5.53167695499997],[-47.3933973049999,-5.53268822599994],[-47.3948844679999,-5.53265848199995],[-47.396163428,-5.531201062],[-47.3962229149999,-5.52676931599997],[-47.39708547,-5.52569855899998],[-47.39809674,-5.52058271799995],[-47.3970259829999,-5.52004733899999],[-47.395776766,-5.52013656899993],[-47.389649654,-5.52132629899997],[-47.3860804619999,-5.52016631199996],[-47.385426111,-5.52055297399996],[-47.385366624,-5.52275397599993],[-47.3840281769999,-5.52495497699994],[-47.382154352,-5.52620419399994],[-47.381291797,-5.52632316699995],[-47.3798938639999,-5.52781032999996],[-47.3801615529999,-5.52822673599996]]]}},{"type":"Feature","properties":{"id":"281","municipality":"2105302","density":"Densa","type":"Área urbanizada","state":"MA"},"geometry":{"type":"Polygon","coordinates":[[[-47.5973692529999,-5.33554481799997],[-47.596566185,-5.33497969599994],[-47.596952847,-5.33414688399996],[-47.596625671,-5.33396842499997],[-47.595316967,-5.33370073499998],[-47.5950195349999,-5.33456328999996],[-47.594008264,-5.33399816799995],[-47.593948777,-5.33468226299993],[-47.592372385,-5.33456328999996],[-47.592342641,-5.33569353399997],[-47.5939785209999,-5.33608019599997],[-47.594305697,-5.33667506199993],[-47.594097494,-5.33762684599997],[-47.5960605489999,-5.33759710299995],[-47.5965959279999,-5.33581250699996],[-47.5973692529999,-5.33554481799997]]]}},{"type":"Feature","properties":{"id":"282","municipality":"2105302","density":"Densa","type":"Área urbanizada","state":"MA"},"geometry":{"type":"Polygon","coordinates":[[[-47.553700195,-5.29073361799994],[-47.5539976269999,-5.29085259099999],[-47.55429506,-5.29001977999997],[-47.553610965,-5.28924645499996],[-47.553343275,-5.28787826499996],[-47.5517966259999,-5.28731314299997],[-47.5509638139999,-5.28891927899998],[-47.550844841,-5.29010900999999],[-47.5529566129999,-5.29162591599994],[-47.553700195,-5.29073361799994]]]}},{"type":"Feature","properties":{"id":"283","municipality":"2105302","density":"Densa","type":"Área urbanizada","state":"MA"},"geometry":{"type":"Polygon","coordinates":[[[-47.4739961819999,-5.43590215499995],[-47.473222858,-5.43533703299995],[-47.4720628699999,-5.43506934299995],[-47.4719141539999,-5.43581292499993],[-47.471200316,-5.43581292499993],[-47.469683409,-5.43441499199997],[-47.470902883,-5.43390935599996],[-47.471200316,-5.43325500399994],[-47.473401317,-5.43411755899997],[-47.4735797769999,-5.43361192399993],[-47.474025926,-5.43370115299997],[-47.474561304,-5.43215450399993],[-47.4741151549999,-5.43063759699993],[-47.473103884,-5.43034016499996],[-47.4730443979999,-5.42870428499998],[-47.4737284929999,-5.42867454199996],[-47.47369875,-5.42757404099996],[-47.4730443979999,-5.42748481199993],[-47.4731931139999,-5.42462945799998],[-47.4764648729999,-5.42439151199995],[-47.4764648729999,-5.42338024099996],[-47.477565374,-5.42340998499997],[-47.4776248599999,-5.42216076799997],[-47.477000252,-5.42219051099994],[-47.4768812789999,-5.42153615899996],[-47.476137697,-5.42147667199993],[-47.4758105209999,-5.42007873899997],[-47.4747992499999,-5.42007873899997],[-47.4746207909999,-5.41903772499996],[-47.47369875,-5.41847260299995],[-47.473490547,-5.41945413099997],[-47.472925425,-5.41957310399994],[-47.472865938,-5.42162538899993],[-47.470932626,-5.42186333499997],[-47.4708136529999,-5.42287460599994],[-47.46941572,-5.42290434899996],[-47.46941572,-5.42403459299993],[-47.470248531,-5.42406433599997],[-47.4701295579999,-5.42504586399998],[-47.469207517,-5.42575970199995],[-47.4693859769999,-5.42617610799994],[-47.4725387619999,-5.42659251399994],[-47.4718546669999,-5.43051862399996],[-47.470099815,-5.43045913799994],[-47.4699510989999,-5.43158938199999],[-47.469267004,-5.43188681399995],[-47.468582909,-5.43179758499998],[-47.4684044489999,-5.43087554299997],[-47.4677500969999,-5.43087554299997],[-47.466471137,-5.43179758499998],[-47.466441394,-5.43248167999996],[-47.463377838,-5.43387961299993],[-47.461355296,-5.43676470899995],[-47.4591840379999,-5.43622933099993],[-47.4581430229999,-5.43411755899997],[-47.4573399549999,-5.43453396499995],[-47.458589172,-5.43670522299994],[-47.460641457,-5.43759752099994],[-47.460254795,-5.43819238599998],[-47.456685604,-5.43875750799999],[-47.45665586,-5.43822212899995],[-47.455704076,-5.43822212899995],[-47.454603575,-5.43753803399994],[-47.454038453,-5.43884673799996],[-47.457310212,-5.43959031899993],[-47.462247594,-5.43887648099998],[-47.4616824719999,-5.43789495299996],[-47.4634670669999,-5.43756777799996],[-47.463348094,-5.43450422099994],[-47.4641511619999,-5.43373089699998],[-47.4651029469999,-5.43506934299995],[-47.465638326,-5.43486114099996],[-47.4655490959999,-5.43744880399992],[-47.466738826,-5.43741906099997],[-47.466381907,-5.43343346399996],[-47.46932649,-5.43245193599996],[-47.469683409,-5.43310628799998],[-47.4694454629999,-5.43384986999997],[-47.4679582999999,-5.43548574899996],[-47.4683747059999,-5.43819238599998],[-47.465965501,-5.43932262999995],[-47.4664116499999,-5.44131542899994],[-47.4709623699999,-5.43676470899995],[-47.473669006,-5.43667547999997],[-47.4739961819999,-5.43590215499995]]]}},{"type":"Feature","properties":{"id":"284","municipality":"2105302","density":"Densa","type":"Área urbanizada","state":"MA"},"geometry":{"type":"Polygon","coordinates":[[[-47.4709807479999,-5.47565686799994],[-47.4698494139999,-5.47565686799993],[-47.4693735219999,-5.47993989799995],[-47.470771455,-5.48023732999998],[-47.470384793,-5.48431215699998],[-47.4664844599999,-5.48516876299993],[-47.4606845239999,-5.48418723599997],[-47.459435307,-5.48585285799993],[-47.457888657,-5.48683438599996],[-47.457145075,-5.48808360299995],[-47.45646098,-5.48802411699997],[-47.4558958579999,-5.48722104899998],[-47.4558661149999,-5.48591234499998],[-47.454527668,-5.48528773599999],[-47.4532487079999,-5.48612054799999],[-47.452743073,-5.48701284599998],[-47.452743073,-5.48784565699998],[-47.4533081939999,-5.48852975199999],[-47.451731802,-5.49055229399996],[-47.450185152,-5.49123638899995],[-47.45116668,-5.49278303899997],[-47.4523564099999,-5.49305072799996],[-47.453575884,-5.49471635099998],[-47.450393355,-5.49602505399999],[-47.449560543,-5.49578710799994],[-47.4488467049999,-5.49650094599996],[-47.447775948,-5.49486506699999],[-47.4470621089999,-5.49516249999995],[-47.4458128919999,-5.49308047099994],[-47.445991352,-5.49266406599999],[-47.444890851,-5.49129587599999],[-47.446288785,-5.49031434799998],[-47.4473297989999,-5.49096869999995],[-47.4480436369999,-5.49046306399993],[-47.4472703119999,-5.48980871199997],[-47.4476867179999,-5.48900564399998],[-47.446378014,-5.48832154899998],[-47.444355472,-5.49064152399995],[-47.44379035,-5.48995742899996],[-47.4441770129999,-5.48918410399995],[-47.4427195929999,-5.48805385999998],[-47.4427195929999,-5.48632875099997],[-47.4414108889999,-5.48552568299995],[-47.439456616,-5.48855387899994],[-47.440234517,-5.48985800699997],[-47.439616772,-5.49006392199993],[-47.438724474,-5.48953769499998],[-47.438335524,-5.48994952499994],[-47.439639652,-5.49111637599998],[-47.4416139679999,-5.48991317199995],[-47.442392417,-5.49061177999994],[-47.442838566,-5.49043332099995],[-47.444206756,-5.49186099799994],[-47.4427195929999,-5.49334816099996],[-47.4431657419999,-5.49406199899994],[-47.4421247279999,-5.49477583699997],[-47.442154471,-5.49543018899993],[-47.4427195929999,-5.49587633799997],[-47.4431359989999,-5.49531121599995],[-47.4455452029999,-5.49418097199999],[-47.4460210949999,-5.49501378299993],[-47.445188284,-5.49537070199996],[-47.4452775139999,-5.49575736499999],[-47.4457534059999,-5.49566813499996],[-47.446556474,-5.49697683899996],[-47.446199555,-5.49766093399997],[-47.446675447,-5.49885066399998],[-47.448519529,-5.49876143399998],[-47.4490549079999,-5.49950501599994],[-47.4464969869999,-5.49992142199996],[-47.4472703119999,-5.50209267999999],[-47.449501057,-5.50233062599995],[-47.4498282329999,-5.50304446399999],[-47.4510477069999,-5.50283626099998],[-47.451523599,-5.50357984299995],[-47.4511964229999,-5.50396650499994],[-47.451434369,-5.50497777599998],[-47.4531616579999,-5.50771628199993],[-47.4523576489999,-5.50818868499995],[-47.4520602169999,-5.50792099599994],[-47.450781256,-5.50839688799994],[-47.4492346069999,-5.50827791499995],[-47.4502756209999,-5.50723690099994],[-47.447687957,-5.50482769699995],[-47.446855146,-5.50485743999998],[-47.4461413079999,-5.50417334499996],[-47.4456654149999,-5.50441129099995],[-47.445962848,-5.50560102199995],[-47.4452490099999,-5.50634460299995],[-47.445576186,-5.50720715799998],[-47.4468848889999,-5.50839688799994],[-47.4475094979999,-5.50809945599997],[-47.4486099979999,-5.50887277999994],[-47.4473310379999,-5.51143070099993],[-47.4471525779999,-5.51318555399996],[-47.4459925909999,-5.51550552799994],[-47.445695159,-5.51726038099998],[-47.443434671,-5.51681423199994],[-47.440817264,-5.51541629799994],[-47.443434671,-5.50985430799995],[-47.442661346,-5.50961636199998],[-47.439359844,-5.51422656799999],[-47.4376644779999,-5.51401836499999],[-47.437158842,-5.51282863399996],[-47.4364450039999,-5.51354247299997],[-47.43549322,-5.51244197199999],[-47.4368614099999,-5.51000302399996],[-47.434838868,-5.50914046999999],[-47.432251204,-5.51294760699994],[-47.4319537709999,-5.51395887799994],[-47.434392719,-5.51494040599993],[-47.4341845159999,-5.51589218999994],[-47.4350768139999,-5.51630859599993],[-47.4341845159999,-5.51859882699995],[-47.4333219609999,-5.51895574599997],[-47.4341547729999,-5.51972907099996],[-47.4369803829999,-5.52145418099997],[-47.439359844,-5.52231673499995],[-47.43950856,-5.52282237099997],[-47.440252142,-5.52282237099997],[-47.4406982899999,-5.52193007299998],[-47.4449813199999,-5.52282237099997],[-47.442661346,-5.52597515599996],[-47.441144439,-5.52552900799998],[-47.4400141949999,-5.52671873799995],[-47.439776249,-5.52835461699994],[-47.439002924,-5.52829513099993],[-47.439002924,-5.52722437299996],[-47.4381701129999,-5.52716488699998],[-47.4378726809999,-5.52582643999995],[-47.4371885849999,-5.52579669699999],[-47.438467546,-5.52963357799996],[-47.4397465059999,-5.52999049699999],[-47.4396870199999,-5.53085305199994],[-47.438318829,-5.53103151099998],[-47.4369803829999,-5.53498736499994],[-47.438586519,-5.53555248699998],[-47.4387649779999,-5.53409506699997],[-47.4395383029999,-5.53400583699994],[-47.440014195,-5.53483864899994],[-47.441798791,-5.53457095899995],[-47.4422746829999,-5.53579043299994],[-47.4431669809999,-5.53596889299998],[-47.4475987269999,-5.53495762199999],[-47.4483423089999,-5.53555248699998],[-47.448253079,-5.53632581199997],[-47.4491156339999,-5.53712887999996],[-47.4474500109999,-5.53959757099996],[-47.448044876,-5.54135242299998],[-47.4485505119999,-5.54132267999997],[-47.449948445,-5.54260163999994],[-47.4509002299999,-5.54450520899996],[-47.450037675,-5.54486212799997],[-47.4507515129999,-5.54620057499995],[-47.4521197029999,-5.54596262899999],[-47.452446879,-5.54655749399995],[-47.452922771,-5.54649800799995],[-47.453993529,-5.54518930399997],[-47.455034543,-5.54566519599996],[-47.4559268409999,-5.54429700599998],[-47.4574081439999,-5.54384122099999],[-47.459542432,-5.54362480799994],[-47.459810121,-5.54457659299995],[-47.458619201,-5.54700840199997],[-47.458143309,-5.54694891499998],[-47.4562992269999,-5.54932837599996],[-47.456745375,-5.549715039],[-47.4557638479999,-5.55126168899995],[-47.452611062,-5.55325448699995],[-47.4521343059999,-5.55407797399994],[-47.452551575,-5.55432524499997],[-47.451570048,-5.55590163799997],[-47.452075683,-5.55628829999994],[-47.451451075,-5.55709136799993],[-47.4449372999999,-5.55313551399998],[-47.443807056,-5.55417652799997],[-47.4421116899999,-5.55384935199994],[-47.4412491359999,-5.55560420499996],[-47.440297351,-5.55619906999994],[-47.439761973,-5.55718059799995],[-47.441695285,-5.55762674699998],[-47.4438368,-5.55872724699999],[-47.446989585,-5.56140414099998],[-47.445680882,-5.56176105999999],[-47.443866543,-5.56116619499995],[-47.443033731,-5.56253438499994],[-47.441665541,-5.56241541199996],[-47.441308622,-5.56289130399996],[-47.4417250279999,-5.56318873699997],[-47.44101119,-5.56428923799997],[-47.4411896489999,-5.56503281899997],[-47.4403270949999,-5.56467589999996],[-47.440297351,-5.56580614399996],[-47.4428255289999,-5.56669844199996],[-47.442855272,-5.56711484699999],[-47.444104489,-5.56762048299994],[-47.444520895,-5.56729330699994],[-47.447733167,-5.56821534799998],[-47.455066962,-5.55709464899998],[-47.4574294709999,-5.55881647699994],[-47.460493027,-5.55646675899995],[-47.4613258379999,-5.55521754199999],[-47.460879689,-5.55453344699994],[-47.4581135659999,-5.55289756799995],[-47.460879689,-5.54879299799996],[-47.4612663509999,-5.54873351099997],[-47.462247879,-5.55019093099997],[-47.463497096,-5.54935811999998],[-47.462783258,-5.54834684899992],[-47.4636458119999,-5.54781146999994],[-47.463378123,-5.54718686199994],[-47.463794529,-5.54662173999997],[-47.4631161629999,-5.54608303699997],[-47.464079354,-5.54443685599995],[-47.46467136,-5.54465392499997],[-47.4659078179999,-5.54355877699993],[-47.466363504,-5.54418534499997],[-47.4675829779999,-5.54347150699993],[-47.469902952,-5.54531558899992],[-47.4688916809999,-5.54614839999995],[-47.4706762769999,-5.54799248299998],[-47.4713603719999,-5.54962836199996],[-47.4688916809999,-5.55563650099998],[-47.4668988829999,-5.55691546099996],[-47.4679993829999,-5.55774827299996],[-47.4693973169999,-5.55804570499993],[-47.473739833,-5.55745083999995],[-47.475613659,-5.55233499899992],[-47.4751377659999,-5.55188884999996],[-47.4762085239999,-5.54962836199996],[-47.47498905,-5.54885503699995],[-47.475583915,-5.54799248299998],[-47.4773685109999,-5.54891452399995],[-47.477190051,-5.54947964599996],[-47.477933633,-5.54986630799993],[-47.4777551729999,-5.55043142999996],[-47.4797777149999,-5.55242422899994],[-47.4812053919999,-5.55272166099998],[-47.481651541,-5.55403036499996],[-47.4816217979999,-5.55679648799999],[-47.482989988,-5.55727238099997],[-47.484625867,-5.55188884999996],[-47.483168447,-5.54965810499994],[-47.483108961,-5.54769504999997],[-47.48200846,-5.54671352199996],[-47.482424866,-5.54591045399997],[-47.4828710149999,-5.54617814399995],[-47.483257677,-5.54558327799999],[-47.483941772,-5.54620788699998],[-47.484477151,-5.54599968399999],[-47.484893556,-5.54433406099997],[-47.4855479079999,-5.54454226399998],[-47.4859643139999,-5.54364996599998],[-47.487629937,-5.54421508799995],[-47.4880165989999,-5.54347150699993],[-47.485785854,-5.54263869499995],[-47.4873325039999,-5.53975359899993],[-47.4882545449999,-5.53990231499994],[-47.4886412079999,-5.53776079999994],[-47.489236073,-5.53692798899994],[-47.490693493,-5.53758234099998],[-47.4908422089999,-5.53618440699994],[-47.489236073,-5.53541108299993],[-47.4898309379999,-5.53359674399997],[-47.489592992,-5.53285316199999],[-47.49039606,-5.53175266099993],[-47.4919724529999,-5.53255572899996],[-47.496106766,-5.52503068399995],[-47.5011333779999,-5.51973638299996],[-47.5006277419999,-5.51920100399997],[-47.499973391,-5.51949843699994],[-47.499021606,-5.52030150499998],[-47.498248281,-5.52175892499999],[-47.497355983,-5.52265122299997],[-47.497058551,-5.52250250699997],[-47.497474957,-5.51970664],[-47.4962257389999,-5.51967689699996],[-47.4955416439999,-5.51774358499996],[-47.495690361,-5.51634565099993],[-47.4939355079999,-5.51610770499997],[-47.49322167,-5.51352004099994],[-47.493578589,-5.51298466299993],[-47.493162183,-5.50953444399996],[-47.492597061,-5.50932624099994],[-47.493102697,-5.50736318599997],[-47.494470887,-5.50760113199993],[-47.4956606179999,-5.50688729399998],[-47.4965826589999,-5.50721446999996],[-47.4969098349999,-5.50578679299997],[-47.4990513489999,-5.50644114499994],[-47.4988431469999,-5.50846368699996],[-47.499705701,-5.50864214599995],[-47.5009549179999,-5.50757138899996],[-47.5009549179999,-5.50608422599993],[-47.5016985,-5.50551910399998],[-47.502174392,-5.50230683099994],[-47.5013713239999,-5.50099812799994],[-47.4991703219999,-5.50245554799996],[-47.4985457139999,-5.50218785799996],[-47.4978318759999,-5.50067095199995],[-47.498813403,-5.50081966799996],[-47.501341581,-5.49772636899997],[-47.5005682559999,-5.496923301],[-47.498426741,-5.49873763999996],[-47.4979211049999,-5.49787508499998],[-47.497950849,-5.49719098999998],[-47.4993785249999,-5.49719098999998],[-47.499675958,-5.49635817899997],[-47.499467755,-5.49501973199995],[-47.5002410799999,-5.49385974499997],[-47.499854418,-5.49168848699998],[-47.500508769,-5.49106387799999],[-47.500360053,-5.49032029599993],[-47.499765188,-5.49014183699997],[-47.499616471,-5.48936851199996],[-47.498188795,-5.48975517499997],[-47.4982780249999,-5.49109362099994],[-47.4975939299999,-5.49112336499996],[-47.4973857269999,-5.49046901299995],[-47.495571388,-5.49011209399993],[-47.495363185,-5.48933876899998],[-47.4981293079999,-5.48568034799996],[-47.4973857269999,-5.48538291499995],[-47.4974452129999,-5.48484753599996],[-47.498813403,-5.48220038599993],[-47.501341581,-5.48223012899996],[-47.501044148,-5.48356857599993],[-47.5013118369999,-5.48401472499996],[-47.502680027,-5.48395523799997],[-47.503602069,-5.48312242699995],[-47.5040184739999,-5.48446087399998],[-47.505327178,-5.48446087399998],[-47.505267691,-5.48333062999995],[-47.5044646229999,-5.48231935899998],[-47.502769257,-5.48196243999997],[-47.5028882299999,-5.48047527699993],[-47.5018472159999,-5.47860145099998],[-47.4994082689999,-5.47776863999998],[-47.498099565,-5.47991015499997],[-47.4994082689999,-5.48062399299994],[-47.499229809,-5.48133783099996],[-47.497891362,-5.48217064299997],[-47.4969693209999,-5.48169474999998],[-47.4962852259999,-5.48047527699993],[-47.4969098349999,-5.47782812599996],[-47.496648094,-5.47628147699994],[-47.493554795,-5.47568661099996],[-47.4922460909999,-5.47663839599994],[-47.4923650639999,-5.47830401799996],[-47.4914132799999,-5.48008861399997],[-47.49004509,-5.48047527699993],[-47.4877251149999,-5.47940451899995],[-47.486455635,-5.48019879599998],[-47.480586732,-5.48011835699997],[-47.4782965009999,-5.48071322299995],[-47.478445217,-5.48276550799994],[-47.4778800949999,-5.48285473799996],[-47.47710677,-5.48246807499993],[-47.476571392,-5.48151629099994],[-47.475589864,-5.48154603399996],[-47.4750247419999,-5.47999938399994],[-47.473924241,-5.47999938399994],[-47.473666032,-5.47377425099996],[-47.472387072,-5.47362553499995],[-47.472387072,-5.47219785799997],[-47.4707214489999,-5.47216811499994],[-47.4709807479999,-5.47565686799994]],[[-47.4631385719999,-5.49247697399994],[-47.464833938,-5.49259594699992],[-47.4648636819999,-5.49203082499998],[-47.4659344389999,-5.49217954199998],[-47.465874953,-5.49441028599996],[-47.4668564799999,-5.49461848899996],[-47.4669457099999,-5.49536207099994],[-47.4658452089999,-5.49554052999998],[-47.465101628,-5.49664103099998],[-47.4651016279999,-5.49863382999998],[-47.4645365059999,-5.49872305899995],[-47.4650123979999,-5.49931792499995],[-47.464714965,-5.50059688499995],[-47.462692423,-5.50062662799998],[-47.4608185979999,-5.49738461299995],[-47.459063745,-5.49729538299994],[-47.4587663129999,-5.49681949099995],[-47.4595396379999,-5.49598667899994],[-47.460075016,-5.49631385499994],[-47.461175517,-5.49518361099997],[-47.461591923,-5.49393439399997],[-47.461978585,-5.49429131299997],[-47.4625437069999,-5.49393439399997],[-47.462722167,-5.49330978599994],[-47.461829869,-5.49250671799996],[-47.462632937,-5.49155493299997],[-47.4631385719999,-5.49247697399994]],[[-47.472113602,-5.49731293099997],[-47.483326812,-5.50647385599996],[-47.4832078389999,-5.51417736099997],[-47.480768891,-5.51191687299996],[-47.48002531,-5.51295788799997],[-47.477675592,-5.51120303499995],[-47.478835579,-5.50953741199995],[-47.4768427809999,-5.50766358699997],[-47.476366888,-5.50807999199999],[-47.475623307,-5.50751486999997],[-47.477556619,-5.50516515299995],[-47.480858121,-5.50712820799994],[-47.481244784,-5.50647385599996],[-47.4771699569999,-5.50346978699999],[-47.4768427809999,-5.50379696299995],[-47.477586362,-5.50448105799996],[-47.476961754,-5.50522463899995],[-47.4736602519999,-5.50248825899998],[-47.4720541149999,-5.50308312399995],[-47.472113602,-5.49731293099997]]]}},{"type":"Feature","properties":{"id":"285","municipality":"2105302","density":"Densa","type":"Área urbanizada","state":"MA"},"geometry":{"type":"Polygon","coordinates":[[[-47.651863669,-5.30096173099998],[-47.651536493,-5.30048583899998],[-47.652071871,-5.30003968999995],[-47.6517149519999,-5.29956379799995],[-47.650703681,-5.30000994699999],[-47.648740626,-5.29718433699998],[-47.645796043,-5.29902841899997],[-47.6440709339999,-5.29944482499998],[-47.643832988,-5.30045609599995],[-47.64421965,-5.30108070499996],[-47.6472237199999,-5.29899867599994],[-47.6477590979999,-5.300009947],[-47.647342693,-5.30042635299997],[-47.648889342,-5.30173505599993],[-47.648294477,-5.30232992199996],[-47.648740626,-5.30274632699998],[-47.651863669,-5.30096173099998]]]}},{"type":"Feature","properties":{"id":"286","municipality":"2105302","density":"Densa","type":"Outros equipamentos urbanos","state":"MA"},"geometry":{"type":"Polygon","coordinates":[[[-47.4738474659999,-5.46039870599999],[-47.4723305599999,-5.46037491099999],[-47.4723305599999,-5.46232606899997],[-47.4756618049999,-5.46232606899997],[-47.4738474659999,-5.46039870599999]]]}},{"type":"Feature","properties":{"id":"287","municipality":"2105302","density":"Densa","type":"Vazio intraurbano","state":"MA"},"geometry":{"type":"Polygon","coordinates":[[[-47.4650123979999,-5.49931792499995],[-47.4645365059999,-5.49872305899995],[-47.4651016279999,-5.49863382999998],[-47.465101628,-5.49664103099998],[-47.4658452089999,-5.49554052999998],[-47.4669457099999,-5.49536207099994],[-47.4668564799999,-5.49461848899996],[-47.465874953,-5.49441028599996],[-47.4659344389999,-5.49217954199998],[-47.4648636819999,-5.49203082499998],[-47.464833938,-5.49259594699992],[-47.4631385719999,-5.49247697399994],[-47.462632937,-5.49155493299997],[-47.461829869,-5.49250671799996],[-47.462722167,-5.49330978599994],[-47.4625437069999,-5.49393439399997],[-47.461978585,-5.49429131299997],[-47.461591923,-5.49393439399997],[-47.461175517,-5.49518361099997],[-47.460075016,-5.49631385499994],[-47.4595396379999,-5.49598667899994],[-47.4587663129999,-5.49681949099995],[-47.459063745,-5.49729538299994],[-47.4608185979999,-5.49738461299995],[-47.462692423,-5.50062662799998],[-47.464714965,-5.50059688499995],[-47.4650123979999,-5.49931792499995]]]}},{"type":"Feature","properties":{"id":"288","municipality":"2105302","density":"Densa","type":"Outros equipamentos urbanos","state":"MA"},"geometry":{"type":"Polygon","coordinates":[[[-47.474591048,-5.45400390399992],[-47.475988981,-5.45352801199994],[-47.475899751,-5.45159469999994],[-47.4754833449999,-5.45156495699997],[-47.4753643719999,-5.45079163199996],[-47.4756320619999,-5.44368299199993],[-47.4748884799999,-5.44341530299994],[-47.47087314,-5.44332607299999],[-47.47087314,-5.44433734399997],[-47.472568506,-5.44454554699996],[-47.4725387619999,-5.44927472599994],[-47.471230059,-5.44927472599994],[-47.471289545,-5.45094034799997],[-47.472509019,-5.45102957799998],[-47.472449533,-5.45394441799994],[-47.474591048,-5.45400390399992]]]}},{"type":"Feature","properties":{"id":"290","municipality":"2111300","density":"Densa","type":"Área urbanizada","state":"MA"},"geometry":{"type":"Polygon","coordinates":[[[-44.356710064218,-2.75870909115161],[-44.3558772533325,-2.75674603570094],[-44.3534383054334,-2.75662706168947],[-44.3529624129849,-2.75609168358425],[-44.3533788188773,-2.75543733236697],[-44.3549849549917,-2.75585373825936],[-44.3548659818795,-2.75513989868735],[-44.3527244667607,-2.75430708780181],[-44.3520701146441,-2.75365273568515],[-44.3512373037585,-2.75430708780181],[-44.3514752499827,-2.75478298025031],[-44.3505829516418,-2.75442606091395],[-44.351415764326,-2.75317684413603],[-44.350463979429,-2.75311735757992],[-44.3501665457494,-2.75353376257305],[-44.3496906542003,-2.75299838356853],[-44.3495121954314,-2.75008354501955],[-44.3490957886397,-2.75014303067627],[-44.3486793827473,-2.75127327524143],[-44.3492742492072,-2.75252249201935],[-44.3478465718617,-2.75097584336045],[-44.3469542744202,-2.75139224835352],[-44.3477870853057,-2.752165572683],[-44.3473706803126,-2.75264146513151],[-44.3486198970906,-2.75389068190942],[-44.3479655449739,-2.7562106566964],[-44.3487983558594,-2.75668654914489],[-44.3493932223193,-2.75508041303061],[-44.3499880869806,-2.75543733236697],[-44.3499880869806,-2.75668654914488],[-44.350701924754,-2.75710295503728],[-44.3512967903146,-2.75644860292063],[-44.3521890877561,-2.75728141380616],[-44.3502260332048,-2.75751936003043],[-44.3500475726373,-2.7578762802661],[-44.3523080608683,-2.75853063058408],[-44.3532598457652,-2.76001779358626],[-44.3542711172182,-2.76001779358626],[-44.3570074969983,-2.762040335593],[-44.3571859557672,-2.76168341715596],[-44.3560557121014,-2.76096957938256],[-44.356710064218,-2.76043420037798],[-44.356710064218,-2.75870909115161]]]}},{"type":"Feature","properties":{"id":"291","municipality":"2111300","density":"Densa","type":"Área urbanizada","state":"MA"},"geometry":{"type":"Polygon","coordinates":[[[-44.1596354953818,-2.46332924275033],[-44.1594570348142,-2.46505435197673],[-44.1549955458078,-2.46434051420336],[-44.1537463290299,-2.46701740742738],[-44.1543411936911,-2.4672553536516],[-44.1542817080344,-2.46790970486894],[-44.1577319255878,-2.46826662420529],[-44.1574344937069,-2.4694563553265],[-44.1582078180363,-2.46957532843864],[-44.1576129533751,-2.47243068133082],[-44.1571370609266,-2.47249016788692],[-44.1570180878144,-2.47302554599213],[-44.1534488962495,-2.47201427633776],[-44.1533299231374,-2.47278759976785],[-44.1573750071508,-2.47379887122089],[-44.1560663029175,-2.47933111823647],[-44.1571965465833,-2.47945009134863],[-44.1568396281462,-2.48188903924775],[-44.15921908859,-2.48224595768476],[-44.1585052508166,-2.48646950136636],[-44.1615985499331,-2.4871238525837],[-44.1617175230452,-2.48801615092459],[-44.1637995516079,-2.4777249821222],[-44.1653462011662,-2.47796292834642],[-44.1655246608344,-2.47659473755705],[-44.167428229729,-2.47713011656157],[-44.1676066893971,-2.47510757455491],[-44.1656436339465,-2.47475065611787],[-44.1658815801707,-2.47403681744511],[-44.1680230952896,-2.47439373678152],[-44.1683800137266,-2.4714194098778],[-44.1652272280541,-2.47011070744315],[-44.1660600398389,-2.4658871628622],[-44.1668333641684,-2.46606562342977],[-44.1668333641684,-2.46695792087133],[-44.167428229729,-2.46713637964019],[-44.1678446347221,-2.46475691919643],[-44.166476444832,-2.4646974326404],[-44.1662384986077,-2.46380513519881],[-44.1657031214019,-2.46362667463126],[-44.1662979860632,-2.46184207974814],[-44.1653462011662,-2.46160413442324],[-44.1652867146102,-2.46213951162912],[-44.1633236600588,-2.46291283685786],[-44.1605277928234,-2.46023594363385],[-44.1610631718279,-2.45940313184901],[-44.16025524114547,-2.4589029839236356],[-44.15890031366658,-2.4589933124222285],[-44.1572560340387,-2.46255591842084],[-44.1596354953818,-2.46332924275033]]]}},{"type":"Feature","properties":{"id":"292","municipality":"2111300","density":"Densa","type":"Área urbanizada","state":"MA"},"geometry":{"type":"Polygon","coordinates":[[[-44.2993055672981,-2.68684936830368],[-44.2987107017374,-2.68554066496968],[-44.3001383790829,-2.68464836662878],[-44.2996624866344,-2.68345863730622],[-44.2986512160807,-2.68405350196748],[-44.2983537833004,-2.68369658263111],[-44.2988296748496,-2.68286377084632],[-44.2984132698565,-2.68244736585319],[-44.2985917286254,-2.68149558095628],[-44.2978778908519,-2.68066277007074],[-44.2971640530785,-2.68149558095628],[-44.2977589177398,-2.68203095996079],[-44.296628674074,-2.68328017673873],[-44.2954389429528,-2.68197147340471],[-44.2941897261749,-2.68232839274111],[-44.294249212731,-2.68452939441596],[-44.2948440782915,-2.68565963808181],[-44.296926105955,-2.68732526075212],[-44.2962717547376,-2.68786063885734],[-44.2987107017374,-2.69107291198528],[-44.2990676210738,-2.69095393887313],[-44.2999599194147,-2.69172726410194],[-44.3010306774238,-2.69101342542923],[-44.3013281093047,-2.69160829098978],[-44.3024823315943,-2.69030824722779],[-44.2993055672981,-2.68684936830368]]]}},{"type":"Feature","properties":{"id":"293","municipality":"2111300","density":"Densa","type":"Área urbanizada","state":"MA"},"geometry":{"type":"Polygon","coordinates":[[[-44.263273408441,-2.61837846089721],[-44.2591807350029,-2.61780739139796],[-44.2607035902984,-2.61666524880214],[-44.2613698386471,-2.61742667689958],[-44.261940909945,-2.61723632010007],[-44.261560196346,-2.61609417930289],[-44.2635589440899,-2.61533275120547],[-44.2633685872904,-2.61476168080685],[-44.2646059060377,-2.61419061040829],[-44.2647010848871,-2.61209668381486],[-44.2641300135892,-2.61133525661677],[-44.2652721552857,-2.61104972186713],[-44.2652721552857,-2.61295328986238],[-44.2663191181328,-2.61295328986238],[-44.2690792930749,-2.61609417930289],[-44.2696503643727,-2.61514239440596],[-44.2669853673808,-2.61219186266431],[-44.2663191181327,-2.61000275902008],[-44.2628926939426,-2.61095454301774],[-44.2627975159925,-2.61190632701535],[-44.2607035902984,-2.61257257716266],[-44.2598469842509,-2.61238222036316],[-44.2595614486019,-2.61361953911042],[-44.2568012736598,-2.614856858757],[-44.2556591328627,-2.61361953911042],[-44.2538507428175,-2.61495203760643],[-44.2546121700156,-2.61666524880214],[-44.2591807350029,-2.62190006393678],[-44.263273408441,-2.61837846089721]]]}},{"type":"Feature","properties":{"id":"294","municipality":"2111300","density":"Densa","type":"Área urbanizada","state":"MA"},"geometry":{"type":"Polygon","coordinates":[[[-44.2381998376524,-2.60661202712334],[-44.2389731628811,-2.60976481279586],[-44.2396275149978,-2.60970532623976],[-44.2400439199909,-2.60684997334756],[-44.2381998376524,-2.60661202712334]]]}},{"type":"Feature","properties":{"id":"295","municipality":"2111300","density":"Densa","type":"Área urbanizada","state":"MA"},"geometry":{"type":"Polygon","coordinates":[[[-44.1502264535879,-2.53104770988386],[-44.154271536702,-2.52926311410142],[-44.1508213191485,-2.52854927632798],[-44.1502264535879,-2.53104770988386]]]}},{"type":"Feature","properties":{"id":"296","municipality":"2111300","density":"Densa","type":"Área urbanizada","state":"MA"},"geometry":{"type":"Polygon","coordinates":[[[-44.2415846214331,-2.61232273290774],[-44.2427148650989,-2.61030019090108],[-44.2419415398702,-2.60964583968372],[-44.241465648321,-2.61000275902008],[-44.2413466752088,-2.60958635312769],[-44.2397405390946,-2.61006224467678],[-44.2403354037558,-2.61196581357139],[-44.2415846214331,-2.61232273290774]]]}},{"type":"Feature","properties":{"id":"297","municipality":"2111300","density":"Densa","type":"Área urbanizada","state":"MA"},"geometry":{"type":"Polygon","coordinates":[[[-44.144652566163,-2.54845108794728],[-44.145723324172,-2.55404282061967],[-44.1475674056112,-2.55297206440919],[-44.146020756053,-2.54791570894277],[-44.144652566163,-2.54845108794728]]]}},{"type":"Feature","properties":{"id":"299","municipality":"2111300","density":"Densa","type":"Área urbanizada","state":"MA"},"geometry":{"type":"Polygon","coordinates":[[[-44.3471922197451,-2.73812675264747],[-44.3468353013081,-2.73776983421046],[-44.3458240298551,-2.73794829387863],[-44.3452886508505,-2.738662131652],[-44.3464188954156,-2.73991134932926],[-44.3460619760793,-2.74020878210958],[-44.3464783819717,-2.74169594511176],[-44.3459430029671,-2.74294516188969],[-44.348144004642,-2.74574102822585],[-44.3495716810882,-2.74669281312277],[-44.3495716810882,-2.74764459712043],[-44.3489768164269,-2.7482989492371],[-44.3494527079761,-2.7482989492371],[-44.3493337348639,-2.74883432824164],[-44.3498096273124,-2.74895330135372],[-44.3502855197609,-2.74788254334466],[-44.3502260332048,-2.74657384001068],[-44.3496906542003,-2.74615743411824],[-44.3493932223193,-2.74431335177975],[-44.3500475726373,-2.74425386522365],[-44.3502260332048,-2.74348053999489],[-44.3496311676442,-2.74205286444813],[-44.3513562768707,-2.74151748544352],[-44.350404492873,-2.74104159299509],[-44.3499880869806,-2.74032775522171],[-44.3507614122094,-2.73997083498602],[-44.3499286004245,-2.73913802410049],[-44.3480250324292,-2.74086313332692],[-44.3488578433148,-2.73907853844373],[-44.3484414374224,-2.73782932076648],[-44.3476681121936,-2.73776983421046],[-44.3471922197451,-2.73812675264747]]]}},{"type":"Feature","properties":{"id":"301","municipality":"2111300","density":"Densa","type":"Área urbanizada","state":"MA"},"geometry":{"type":"MultiPolygon","coordinates":[[[[-44.2193676419031,-2.47647239198727],[-44.2200219940198,-2.47712674410389],[-44.2197840477955,-2.47754314999635],[-44.2204383990128,-2.47891133988639],[-44.2194271275599,-2.47885185333031],[-44.2193676419031,-2.47992261133943],[-44.2201409671319,-2.47992261133943],[-44.2200814796765,-2.48111234066192],[-44.2189512360107,-2.48164771966646],[-44.2179399645577,-2.48135028688621],[-44.2181184251252,-2.48271847677627],[-44.2113964469884,-2.47873288021823],[-44.2097903108741,-2.48016055666432],[-44.2094928789931,-2.48105285500521],[-44.2088980134325,-2.48093388189308],[-44.2087195537644,-2.48152874655437],[-44.2093144193249,-2.4818261793347],[-44.2088385268765,-2.4826589911195],[-44.2091359596568,-2.48361077511716],[-44.2087195537644,-2.48396769355418],[-44.2082436622152,-2.48236155833923],[-44.2077677688674,-2.48230207178314],[-44.2062211202085,-2.48652561456545],[-44.2049730347777,-2.48672318033046],[-44.20435700727,-2.48636616926325],[-44.2048210016878,-2.4841532695577],[-44.2035360926166,-2.48426034643779],[-44.2027151788624,-2.48347512407766],[-44.1994991420717,-2.48319437012401],[-44.1988447908544,-2.48408666666632],[-44.1989042774104,-2.48563331712382],[-44.1981309521817,-2.48569280367993],[-44.1981904387377,-2.48652561456545],[-44.1965843026234,-2.48634715489727],[-44.1967032757356,-2.49086813135917],[-44.1957514908386,-2.49176042880073],[-44.1960489236189,-2.4926527271416],[-44.1977145471886,-2.49312861869078],[-44.1976550597332,-2.49532962126495],[-44.1971791681841,-2.49574602625808],[-44.1974090825631,-2.49650328869576],[-44.196789314775,-2.49739518234173],[-44.1964653304106,-2.49723318926023],[-44.1964058429552,-2.49794702793294],[-44.19375013596,-2.49972147756409],[-44.1918465670654,-2.49876969356643],[-44.1910732427359,-2.49752047678851],[-44.1891101872853,-2.49728252966498],[-44.187860969608,-2.49769893555737],[-44.187860969608,-2.49888866667858],[-44.1831020478212,-2.49746099023249],[-44.1826261562721,-2.49859123389827],[-44.1813769385948,-2.49859123389827],[-44.181257966382,-2.49817482800586],[-44.1800087487047,-2.49835328767404],[-44.1800682352608,-2.49763944990066],[-44.1776887739178,-2.49847226078619],[-44.177629288261,-2.49906712634676],[-44.1735842042476,-2.500613775905],[-44.1697770673578,-2.50388553468965],[-44.1671596588911,-2.50406399435781],[-44.1665647942298,-2.50477783303052],[-44.1689442546736,-2.50465885991838],[-44.1679329841199,-2.5059675632524],[-44.1679924706759,-2.50650294225694],[-44.1668027395547,-2.50674088758184],[-44.1669812001222,-2.50572961702818],[-44.1657914690011,-2.50561064391606],[-44.1659104421132,-2.50459937336236],[-44.1647801984474,-2.5045398868063],[-44.1638284135504,-2.50501577925475],[-44.1621033052233,-2.50804959181517],[-44.1602592228848,-2.50799010525912],[-44.1570469497569,-2.5245273588505],[-44.1588137371642,-2.52455453995998],[-44.1604356114143,-2.52720542928712],[-44.1610304760755,-2.52851413262106],[-44.1595433130734,-2.52857362007648],[-44.1595433130734,-2.53012026873536],[-44.1602571508468,-2.53012026873536],[-44.1594838274166,-2.53059616118384],[-44.1602571508468,-2.53244024442171],[-44.1607330441946,-2.53244024442171],[-44.1609709904188,-2.5314289729687],[-44.1616253407369,-2.5314884586254],[-44.1616253407369,-2.53273767630264],[-44.1612089357437,-2.53303510908297],[-44.1553165507182,-2.5338094811226],[-44.1541321103086,-2.53017857897817],[-44.1513957296292,-2.53178471509251],[-44.1502654859634,-2.53208214787277],[-44.1491947288536,-2.53172522943574],[-44.1484214036248,-2.53333136465075],[-44.1477075658514,-2.53321239243793],[-44.1480254519131,-2.53134514176485],[-44.146657262023,-2.53098822332783],[-44.147728020032,-2.52807338387954],[-44.1411109343221,-2.52637680564505],[-44.1406491225589,-2.52926311410142],[-44.1430880713573,-2.53057181833469],[-44.1432460759456,-2.53993436877609],[-44.143662481838,-2.53945847722691],[-44.1450306717281,-2.53939898977154],[-44.1458039969568,-2.53981539566393],[-44.1448522129592,-2.54177845111457],[-44.1451496448402,-2.54249228978729],[-44.1464583490735,-2.54255177634338],[-44.1464583490735,-2.54308715534791],[-44.1480168463004,-2.54294964001384],[-44.1485786770643,-2.54482240982628],[-44.1479243249476,-2.54517932916264],[-44.1489950829567,-2.55071157617824],[-44.1500689067546,-2.55048379499114],[-44.1502040901466,-2.55227257531904],[-44.1519589417517,-2.55200488581676],[-44.1516124896247,-2.54886749294042],[-44.1511960837322,-2.5476182761625],[-44.150601219071,-2.54749930305037],[-44.1510176240641,-2.54541727538691],[-44.1505229546706,-2.54271907992154],[-44.1556856657608,-2.54269378738832],[-44.1573423122978,-2.5511190131319],[-44.1586510147325,-2.55094055256439],[-44.1572828248425,-2.54070887121738],[-44.1599002324098,-2.54047092499314],[-44.1606140710825,-2.54189860143925],[-44.1604356114143,-2.54630060388975],[-44.1630530180823,-2.54701444166313],[-44.1622796928535,-2.55123798624403],[-44.163615317393,-2.55136828991459],[-44.1635692810974,-2.55249617106142],[-44.1642831197701,-2.55267463072961],[-44.1644020928822,-2.55321000973414],[-44.1639856869898,-2.55374538783934],[-44.1627959558686,-2.55374538783934],[-44.1626174970997,-2.55541101140899],[-44.1613682803218,-2.55671971474301],[-44.1619631449831,-2.55767149874062],[-44.1629149289807,-2.55773098619603],[-44.1629744164361,-2.55731458030358],[-44.1633908223285,-2.55731458030358],[-44.1630681725581,-2.56020463803355],[-44.1623543338853,-2.56187026070392],[-44.1629492003453,-2.56192974725998],[-44.1628897128899,-2.56264358593269],[-44.1655666070132,-2.56317896403789],[-44.1651502011209,-2.56407126237885],[-44.1624733069975,-2.56365485738571],[-44.1624138213407,-2.56448766827124],[-44.1631871456702,-2.56448766827124],[-44.1631871456702,-2.5653799657128],[-44.1620569020044,-2.5653799657128],[-44.1651502011209,-2.56996042783141],[-44.1648527683405,-2.57025786061173],[-44.1631871456702,-2.56996042783141],[-44.1609266583385,-2.57109067239658],[-44.1621599544183,-2.57292299789801],[-44.1606295214352,-2.57397243837728],[-44.1595587643255,-2.57325859970456],[-44.159142358433,-2.57159297703426],[-44.1584880063164,-2.57159297703426],[-44.1582500600921,-2.56986786780784],[-44.1576551954309,-2.56980838125175],[-44.1574172492066,-2.57099811237293],[-44.1564007428,-2.57116562459385],[-44.1561082490964,-2.56853275228464],[-44.1539072483208,-2.56722404805136],[-44.1537287877533,-2.56662918339005],[-44.1528364903117,-2.56621277659832],[-44.1527770037557,-2.56549893882495],[-44.1502190827445,-2.56549893882495],[-44.1502785701998,-2.56674815560287],[-44.1497431911953,-2.56722404805136],[-44.1497431911953,-2.56817583204897],[-44.1493267853028,-2.56740250771952],[-44.1486129466301,-2.56817583204897],[-44.1482560281931,-2.57073375306023],[-44.1495647306278,-2.57614702696369],[-44.1549780054306,-2.57638497318794],[-44.1565246549888,-2.57525472862279],[-44.1564909259155,-2.57414167190059],[-44.1578336550991,-2.57415089714612],[-44.1586664659846,-2.57308014003639],[-44.1593208181012,-2.57373449215306],[-44.1587854390967,-2.57373449215306],[-44.1584285197603,-2.57498370893099],[-44.1574767357627,-2.57480524926281],[-44.1574172492066,-2.57534062826733],[-44.1583095466482,-2.57551908793552],[-44.1567034114332,-2.57694676438162],[-44.1570603298702,-2.57706573659444],[-44.1585474928725,-2.57587600727186],[-44.1589044122088,-2.57980211727388],[-44.1583690332043,-2.5801590357109],[-44.1592018449891,-2.58117030716391],[-44.1585474928725,-2.58158671305632],[-44.1575957088748,-2.58004006259876],[-44.1561680324287,-2.57908827860117],[-44.155751625637,-2.57956417104958],[-44.1563464920969,-2.58004006259876],[-44.155751625637,-2.58051595594657],[-44.1523608937402,-2.58004006259876],[-44.1520039753031,-2.58063492905871],[-44.1544429232023,-2.58075390217079],[-44.1539670307539,-2.58158671305632],[-44.1546213819711,-2.58218157771758],[-44.1565844383211,-2.58039698283443],[-44.1572387886391,-2.581289280276],[-44.1567034114332,-2.58164619961237],[-44.1576551954309,-2.58301439040174],[-44.1584880063164,-2.58265747106538],[-44.1597372230943,-2.58122979371996],[-44.1592613306459,-2.58027800972235],[-44.1597967096504,-2.57998057694204],[-44.1595587643255,-2.57950468539288],[-44.1601536289867,-2.57843392738381],[-44.1596777374376,-2.57819598115959],[-44.1612243869958,-2.57742265593077],[-44.1633659012153,-2.57879084582085],[-44.1649125507736,-2.57676830471344],[-44.1615218188768,-2.57557857359223],[-44.1606890079913,-2.57480524926281],[-44.162572066048,-2.57353527882999],[-44.163008686002,-2.57418397061373],[-44.1646743086724,-2.57442191773726],[-44.16562609267,-2.57251834884267],[-44.1662804447866,-2.57210194295027],[-44.1680650405691,-2.57299424129115],[-44.167708122132,-2.57394602528876],[-44.1671132556722,-2.57394602528876],[-44.1659830120063,-2.57489781018576],[-44.1656855801254,-2.57579010762733],[-44.1677676077889,-2.57680137908034],[-44.1696125876508,-2.5767836867177],[-44.1705042852445,-2.57754162904293],[-44.170325824677,-2.57873136016413],[-44.1722293935716,-2.57902879294438],[-44.1730622053565,-2.57873136016413],[-44.1727647716768,-2.58045646939053],[-44.1734786112489,-2.58045646939053],[-44.1744898818026,-2.57831495427167],[-44.1762744766857,-2.57914776605652],[-44.1757390985805,-2.57956417104958],[-44.1757390985805,-2.58027800972235],[-44.1795462363697,-2.58045646939053],[-44.1816282649324,-2.57950468539288],[-44.1818067237013,-2.58027800972235],[-44.1832344010467,-2.57980211727388],[-44.1830559413785,-2.58057544160328],[-44.1803790481545,-2.58075390217079],[-44.1802600750424,-2.58236003828511],[-44.1829132684326,-2.58227963799489],[-44.1807623751834,-2.58421896843062],[-44.1793321518573,-2.58478020474263],[-44.1776665300862,-2.58787350385904],[-44.1769526914135,-2.58840888286363],[-44.1768337183014,-2.59060988363917],[-44.176357825853,-2.59060988363917],[-44.1762983392969,-2.58876580219999],[-44.1738675275643,-2.59014247719353],[-44.1718963368464,-2.58852785597573],[-44.1698737948397,-2.58900374842422],[-44.1696358486155,-2.59007450463463],[-44.1706471200685,-2.59031245085884],[-44.1707660931806,-2.59096680297552],[-44.1721410981331,-2.59119861492412],[-44.1724673397958,-2.5919373684148],[-44.1791580152302,-2.59305534622719],[-44.177429349185,-2.60693839738906],[-44.1734191237935,-2.60710643211611],[-44.1734191237935,-2.6075823245646],[-44.1726457985647,-2.60782027078882],[-44.1726457985647,-2.60847462200616],[-44.1740139893541,-2.60865308167435],[-44.1740139893541,-2.60936692034705],[-44.1734786112489,-2.61008075901975],[-44.1734786112489,-2.61162740767869],[-44.1722293935716,-2.61192484135831],[-44.1722888801276,-2.61329303124837],[-44.173954502798,-2.61269816568774],[-44.1757390985805,-2.61317405813623],[-44.1752632070313,-2.61162740767869],[-44.1763934497978,-2.61067562368108],[-44.176214991029,-2.61025921778861],[-44.1752632070313,-2.61019973213188],[-44.1753226926881,-2.609307433791],[-44.1766313969214,-2.60954538001522],[-44.1774642078069,-2.61079459679314],[-44.1777616405872,-2.61240073290749],[-44.1787134245848,-2.61246022036283],[-44.1784544926807,-2.60716867509421],[-44.1880685169485,-2.60743573057449],[-44.1882309731808,-2.6083292367049],[-44.1934062999607,-2.60868615604126],[-44.1937632201964,-2.6071395055837],[-44.1963806268644,-2.60696104681483],[-44.1966657641137,-2.60358692359763],[-44.1988197582252,-2.6038161598878],[-44.1993551372297,-2.60304283465905],[-44.2016156245614,-2.60405410611209],[-44.2013181917811,-2.60524383723327],[-44.1992956497744,-2.60696894556036],[-44.1992361641176,-2.6074448380088],[-44.1997715431221,-2.60768278423309],[-44.2007233271198,-2.60637408089907],[-44.2010802455568,-2.60649305401121],[-44.1998905162343,-2.60815867578221],[-44.1996525700101,-2.60940789256018],[-44.2003664077835,-2.60899148756704],[-44.2003664077835,-2.60809919012547],[-44.2012587061243,-2.60732586489674],[-44.2010207599001,-2.60934840690339],[-44.2017345976735,-2.61119248924194],[-44.2020915170099,-2.61095454301774],[-44.2015561380053,-2.60911046067917],[-44.2020320313531,-2.60911046067917],[-44.2027458691265,-2.61053813712527],[-44.2029838153508,-2.61024070524429],[-44.2020915170099,-2.60839662200648],[-44.2023889497901,-2.60792072955797],[-44.2034002212431,-2.60833713634969],[-44.2034002212432,-2.61125197579798],[-44.2039950859045,-2.61196581357139],[-44.2042330321287,-2.60964583968372],[-44.2049468699021,-2.6111330026859],[-44.2046494380211,-2.61202530102681],[-44.2058391682429,-2.61315554469258],[-44.2059581413551,-2.61262016568805],[-44.205541736362,-2.61220375979566],[-44.205839168243,-2.61184684135862],[-44.2070288993642,-2.61214427413887],[-44.2072668446891,-2.61184684135862],[-44.2066719800278,-2.6111330026859],[-44.2063150597921,-2.61143043456686],[-44.2057796816869,-2.6111330026859],[-44.204530464909,-2.60916994723523],[-44.2039355993484,-2.60887251535429],[-44.2043520052408,-2.60833713634969],[-44.2060771135679,-2.61018121778892],[-44.2065530069157,-2.60922943379133],[-44.2057201951309,-2.60875354224216],[-44.20619608668,-2.60839662200648],[-44.2076237640255,-2.60916994723523],[-44.207207358133,-2.61047865056925],[-44.2075047909133,-2.61053813712527],[-44.2079806833618,-2.60940789256018],[-44.2083376017989,-2.60964583968372],[-44.2079806833618,-2.61095454301774],[-44.2096463060321,-2.61172786824649],[-44.2091109270276,-2.60982429935189],[-44.2103006581488,-2.61030019090108],[-44.2104196312609,-2.61000275902008],[-44.2097057916889,-2.60851559601787],[-44.2106575765859,-2.60851559601787],[-44.2102411706935,-2.60696894556037],[-44.2114903883707,-2.6074448380088],[-44.2117283336956,-2.60964583968372],[-44.2125611463797,-2.61065711023742],[-44.2129180648168,-2.61035967835641],[-44.2125611463797,-2.60982429935189],[-44.2128585782607,-2.60899148756704],[-44.2122042261441,-2.60833713634969],[-44.2132154966978,-2.60798021701335],[-44.2132154966978,-2.60887251535429],[-44.214048309382,-2.60827764889433],[-44.2149406068235,-2.60970532623976],[-44.2151785530477,-2.60922943379133],[-44.2146431740432,-2.60792072955797],[-44.2150000933796,-2.60768278423309],[-44.2163087967136,-2.60916994723523],[-44.2169631479309,-2.60875354224216],[-44.2157734177091,-2.60756381112095],[-44.2139888219265,-2.60714740522855],[-44.2139888219265,-2.60566024222636],[-44.2129775513728,-2.60542229600214],[-44.2122637127001,-2.60423256578026],[-44.2125016589244,-2.60357821366358],[-44.2136319025902,-2.60339975399541],[-44.2132451851172,-2.60221047073658],[-44.2118712809348,-2.60197180955136],[-44.2097652791442,-2.60280488933415],[-44.2085160623664,-2.60232899688568],[-44.2085160623664,-2.60119875321983],[-44.2070288993642,-2.60357821366358],[-44.2054227632499,-2.60215053721749],[-44.2053632757945,-2.60131772633196],[-44.204530464909,-2.60024696922221],[-44.2050303305853,-2.59959234910759],[-44.2036621406952,-2.59798621299332],[-44.1997360297939,-2.59626110376691],[-44.1975691672832,-2.59622970034036],[-44.1976893301984,-2.5867951151024],[-44.2025672250973,-2.58673562764705],[-44.2026267116533,-2.5842371940912],[-44.2070418837759,-2.58417985421688],[-44.2122236766813,-2.58571524156508],[-44.2154060437539,-2.58518711829085],[-44.2276133575703,-2.57432736481599],[-44.2383976696167,-2.57580921372421],[-44.2408380870081,-2.5777266852383],[-44.2411802916371,-2.57859360561038],[-44.240406968207,-2.57936693083912],[-44.2398715892024,-2.57930744428309],[-44.2387413446373,-2.57758233505667],[-44.2379680203079,-2.57823668717334],[-44.23945518331,-2.58043768794893],[-44.2393956967539,-2.58138947284586],[-44.2389198043055,-2.58132998628981],[-44.2385628849691,-2.57996179639975],[-44.2378490471957,-2.57954538960797],[-44.2374326413033,-2.58014025606792],[-44.2380275068639,-2.58103255440881],[-44.2378490471957,-2.58168690472684],[-44.2371352094223,-2.58240074429886],[-44.2357075320769,-2.58186536529434],[-44.2353506127405,-2.58293612240407],[-44.2345772884111,-2.58210331061925],[-44.2336849900702,-2.58269817617988],[-44.2343988287429,-2.58359047362143],[-44.2339824228505,-2.58382841984565],[-44.2300563119492,-2.57918847117093],[-44.2290450413955,-2.57984282328762],[-44.2301752850613,-2.58168690472684],[-44.2294019598326,-2.58454225941769],[-44.2336255044134,-2.58591044930774],[-44.2432623210992,-2.59834313232966],[-44.2448684572135,-2.597391348332],[-44.2374326413033,-2.58781401730302],[-44.244333078209,-2.5897175861976],[-44.2456417824422,-2.5966775096593],[-44.2464745933278,-2.59655853744653],[-44.2464745933278,-2.59733186087663],[-44.2459392143232,-2.59745083398879],[-44.2467125386527,-2.60494613735431],[-44.2483781622224,-2.60488664989891],[-44.248080729442,-2.60369691967708],[-44.247069457989,-2.60369691967708],[-44.2469504848769,-2.60262616166797],[-44.248080729442,-2.60250718855588],[-44.248080729442,-2.60102002555369],[-44.2466530529959,-2.60096053899765],[-44.2466530529959,-2.60036567433635],[-44.247664324449,-2.59899748444635],[-44.2498653252246,-2.59923542977123],[-44.2499842983366,-2.59756980800019],[-44.2508171092222,-2.59762929365696],[-44.2509955688903,-2.5984026188857],[-44.2521853000115,-2.59816467266148],[-44.2528991377849,-2.597391348332],[-44.2522447856682,-2.59626110376691],[-44.2530181108971,-2.59168064164823],[-44.2510550563457,-2.58924169374912],[-44.2491514865518,-2.58840888286363],[-44.2477238101057,-2.58864682908786],[-44.2473074051126,-2.58781401730302],[-44.2462366471036,-2.58811145008333],[-44.2459392143232,-2.58715966608565],[-44.2445115378771,-2.58751658542203],[-44.2442735916528,-2.58704069297359],[-44.244689996646,-2.58620788118872],[-44.2460581874354,-2.58591044930774],[-44.2460581874354,-2.58531558284785],[-44.2454633218747,-2.58531558284786],[-44.2451658899938,-2.58448277196232],[-44.244689996646,-2.58442328540629],[-44.2448089697581,-2.58251971741101],[-44.2427269420946,-2.58234125684352],[-44.2426674564379,-2.58144895940189],[-44.2455228093302,-2.58127049973371],[-44.2447494841013,-2.58025922918007],[-44.245403836218,-2.57954538960797],[-44.2449874303256,-2.57889103929],[-44.244035646328,-2.57942641739523],[-44.2437977001038,-2.57901001240209],[-44.2452964715549,-2.57739854960335],[-44.2450287820526,-2.57591138660115],[-44.2452072417208,-2.57555446726481],[-44.2458913371155,-2.57561395382089],[-44.246694404723,-2.57359141181416],[-44.2434226459383,-2.57320475009907],[-44.2433739422536,-2.56740892977825],[-44.2489283971278,-2.55844891408607],[-44.2492258299081,-2.55898429309059],[-44.2497017223566,-2.55886531997852],[-44.2496422349012,-2.55767558885733],[-44.2505940197981,-2.55672380485965],[-44.2516052912512,-2.55767558885733],[-44.2520216962442,-2.55957915775191],[-44.2531519399101,-2.56047145609279],[-44.2534493726903,-2.56005505020035],[-44.254163211363,-2.56148272664649],[-44.2546391029122,-2.56166118631467],[-44.2550555088047,-2.56106632075405],[-44.2563642130379,-2.56148272664648],[-44.2566021592622,-2.5607688888731],[-44.255769346578,-2.55940069898306],[-44.2543416710312,-2.55880583342242],[-44.2546391029122,-2.55838942842934],[-44.2564236986947,-2.55844891408607],[-44.2580893222644,-2.55916275185944],[-44.2580893222644,-2.56023350986851],[-44.258743674381,-2.56118529386617],[-44.2586247012689,-2.56178016032607],[-44.2573754835917,-2.56148272664649],[-44.2568401045871,-2.56344578209713],[-44.2572565113788,-2.56368372832134],[-44.2583867541454,-2.56285091743587],[-44.2598739180468,-2.5632078358729],[-44.2608257020445,-2.56100683509733],[-44.2621344062778,-2.56100683509733],[-44.2627292709391,-2.56059042920494],[-44.2611231348248,-2.56326732332826],[-44.2622533793899,-2.56540883844708],[-44.2613015935936,-2.5655278106599],[-44.2609446751566,-2.56749086611054],[-44.2595169978111,-2.5686805963324],[-44.2602308373832,-2.57022724589065],[-44.259041106262,-2.56975135434146],[-44.2591600793741,-2.57094108366403],[-44.2585057281568,-2.57123851734368],[-44.259041106262,-2.57177389634819],[-44.2591005928181,-2.57349900467528],[-44.259992891159,-2.57385592401165],[-44.2602308373832,-2.57272568034579],[-44.2631456768315,-2.57296362567077],[-44.2633241356003,-2.5736774652428],[-44.2640974608291,-2.57373695089951],[-44.2651087322821,-2.57534308701383],[-44.2662984616047,-2.57587846601837],[-44.2671312742888,-2.57558103323805],[-44.267607165838,-2.57486719456534],[-44.2677856246069,-2.57546206012592],[-44.2682020313986,-2.5752241139017],[-44.2681425448425,-2.57474822235253],[-44.2695107347326,-2.57361797778742],[-44.2689753557281,-2.57242824756555],[-44.2700461128378,-2.570584165227],[-44.2729609531854,-2.56998929966642],[-44.2734963321899,-2.57052467867096],[-44.2739127380824,-2.57022724589065],[-44.2737342784141,-2.56921597533695],[-44.2740911968512,-2.56874008288845],[-44.2745670892997,-2.56909700222486],[-44.27556628648145,-2.5680621194102358],[-44.2591429511762,-2.539824746393338],[-44.2584462407014,-2.54000809070079],[-44.2585652138135,-2.53941322603953],[-44.2580893222644,-2.53911579325923],[-44.2576134298159,-2.53988911758865],[-44.2568401045871,-2.53816400926155],[-44.2552339693722,-2.53822349581766],[-44.2523191290246,-2.54000809070079],[-44.2517242643632,-2.53840195458651],[-44.2503560735739,-2.53869938826609],[-44.2502965870178,-2.54107884870986],[-44.2491068567959,-2.54203063270751],[-44.2488689096724,-2.54292293104839],[-44.2469058551211,-2.54185217393865],[-44.2458350980113,-2.54274447138023],[-44.2465489357847,-2.54369625627715],[-44.2461325298923,-2.54476701338691],[-44.2448238265583,-2.54512393182393],[-44.2439910147735,-2.54613520327695],[-44.2444074206659,-2.54661109572545],[-44.2447048543455,-2.54643263605726],[-44.2459540711234,-2.55071566629494],[-44.2451212593386,-2.55065617883953],[-44.244526393778,-2.54958542172978],[-44.2439315291167,-2.54964490828583],[-44.2447048543455,-2.55071566629494],[-44.2444074206659,-2.5516079637365],[-44.2438125560046,-2.55142950406834],[-44.243158203888,-2.55071566629494],[-44.243158203888,-2.54982336795405],[-44.2436935828925,-2.54905004272524],[-44.2428012845516,-2.54833620495185],[-44.240897715657,-2.54780082594733],[-44.2407787434442,-2.54702750071851],[-44.2439910147734,-2.54536187894753],[-44.244526393778,-2.54423163528168],[-44.243158203888,-2.54488598559971],[-44.2428607711076,-2.54399368815815],[-44.2442884475537,-2.54286344539161],[-44.244169475341,-2.54179268738257],[-44.2450022862265,-2.54191165959538],[-44.2463704761165,-2.54137628059086],[-44.2470248282332,-2.54060295716068],[-44.2459540711234,-2.53917527981526],[-44.2450617727826,-2.53923476637135],[-44.2452997190068,-2.5385209276986],[-44.2444669081213,-2.53840195458651],[-44.2444074206659,-2.53762863025702],[-44.2432176913433,-2.53733119837608],[-44.2434556366683,-2.5360819806988],[-44.2428607711076,-2.53679581937149],[-44.2420279602221,-2.53667684625943],[-44.2411951493366,-2.53733119837608],[-44.2408382300003,-2.53721222526395],[-44.2409572031124,-2.53637941257979],[-44.2404813097646,-2.53620095381091],[-44.2404218241078,-2.53709325215182],[-44.2387562014375,-2.53691479158432],[-44.2387562014375,-2.53733119837608],[-44.2372095518793,-2.53691479158432],[-44.2378639030966,-2.53602249414274],[-44.2381018493209,-2.53275073535809],[-44.2410166887691,-2.53441635802847],[-44.2414925812176,-2.53405943869212],[-44.2408382300003,-2.53364303279968],[-44.2411951493366,-2.53310765379514],[-44.2394105526548,-2.53191792357325],[-44.2400649047715,-2.53054973368319],[-44.2398269594466,-2.52995486902194],[-44.2387562014375,-2.52983589590981],[-44.2386967148814,-2.52834873200834],[-44.2398269594466,-2.52828924635157],[-44.2407787434442,-2.52947897567413],[-44.2409572031124,-2.52858667823257],[-44.2402433644397,-2.52721848834252],[-44.2411951493366,-2.52692105556224],[-44.2417900139979,-2.52822975889621],[-44.2417305274419,-2.53114459924383],[-44.2423848786592,-2.53227484290961],[-44.2423848786592,-2.53316714125056],[-44.2438125560046,-2.53536814202608],[-44.2463704761165,-2.53649838569191],[-44.2471438013453,-2.53804503614947],[-44.2480955862422,-2.5382829823737],[-44.2494042886769,-2.53768811681313],[-44.2497017223566,-2.53530865636935],[-44.2502371013611,-2.53578454791852],[-44.2501181273497,-2.53733119837608],[-44.2512483710155,-2.53739068403282],[-44.25374680637,-2.53554660169426],[-44.2552339693722,-2.53578454791852],[-44.25625091765557,-2.534852344150936],[-44.25104715170885,-2.525905277224582],[-44.250534533242,-2.52561235222822],[-44.2499396676815,-2.52614773123277],[-44.2492258299081,-2.52537440600401],[-44.2502371013611,-2.52501748666766],[-44.250068131140885,-2.524222003489059],[-44.225091951890704,-2.481279344344855],[-44.22277343392796,-2.4772930129850272],[-44.219546100672,-2.47611547265092],[-44.2193676419031,-2.47647239198727]],[[-44.1976252588985,-2.52128326501065],[-44.1983747889653,-2.52146172377953],[-44.1985889409268,-2.52042665896312],[-44.2014086024251,-2.52106911304906],[-44.2015870620932,-2.52203279507741],[-44.2031218136208,-2.52203279507741],[-44.2038356522935,-2.52124757271725],[-44.2058344000375,-2.52117618902987],[-44.2061199347871,-2.52181864311587],[-44.2136509286474,-2.52149741607286],[-44.2147573780505,-2.52246109810113],[-44.2148644540313,-2.52324631956197],[-44.2177198069235,-2.52470968920075],[-44.2196114786868,-2.5263515167091],[-44.2198613220423,-2.52745796611221],[-44.2216459178248,-2.52892133485172],[-44.2220385285552,-2.52981363229327],[-44.2216102264307,-2.53092008169638],[-44.2072263841902,-2.52631582531508],[-44.2064768541235,-2.52642290129581],[-44.2059414751189,-2.52863579920273],[-44.2054022928814,-2.52855453286537],[-44.2051011701829,-2.52977859920293],[-44.2071084650835,-2.53096390565971],[-44.2071193091088,-2.53284744485365],[-44.1965901940821,-2.53124130873936],[-44.1922714715511,-2.53017055162963],[-44.1911298199852,-2.52950866589219],[-44.1919655401775,-2.52292122273622],[-44.189824025958,-2.52280224962408],[-44.1898988819278,-2.52141739979313],[-44.1921643955703,-2.52153310836622],[-44.1922357801571,-2.51967712889632],[-44.1926640831808,-2.51924882587259],[-44.1969471134185,-2.51996266364598],[-44.1976252588985,-2.52128326501065]]],[[[-44.2566021592622,-2.53649838569191],[-44.25728247385314,-2.5366259447379806],[-44.256401621874964,-2.53511145663809],[-44.2561262668137,-2.53578454791852],[-44.2566021592622,-2.53649838569191]]]]}},{"type":"Feature","properties":{"id":"302","municipality":"2111300","density":"Densa","type":"Área urbanizada","state":"MA"},"geometry":{"type":"Polygon","coordinates":[[[-44.2075882515965,-2.58924169374912],[-44.2073086146008,-2.58630551338872],[-44.2061703696668,-2.58599398823192],[-44.2053375587812,-2.58792730040454],[-44.2054565318934,-2.58908728734839],[-44.2075882515965,-2.58924169374912]]]}},{"type":"Feature","properties":{"id":"303","municipality":"2111300","density":"Densa","type":"Área urbanizada","state":"MA"},"geometry":{"type":"Polygon","coordinates":[[[-44.0962177490499,-2.56045007471114],[-44.0977643986081,-2.56479259060553],[-44.0977643986081,-2.56782640406528],[-44.1005602649442,-2.56818332340164],[-44.1045458624016,-2.56794537717736],[-44.1053786741864,-2.5663987267198],[-44.1055571329553,-2.56342440071547],[-44.1034751052918,-2.56092596715963],[-44.1009171842806,-2.56074750659212],[-44.0981213179444,-2.56116391338384],[-44.0971695330475,-2.56039058815508],[-44.0962177490499,-2.56045007471114]]]}},{"type":"Feature","properties":{"id":"304","municipality":"2111300","density":"Densa","type":"Área urbanizada","state":"MA"},"geometry":{"type":"Polygon","coordinates":[[[-44.242417433218,-2.6180334395915],[-44.240156944987,-2.61797395303545],[-44.2375990239758,-2.61934214292552],[-44.2367186227662,-2.61923506694473],[-44.2363379100665,-2.62161452828781],[-44.2368138016156,-2.62190006393678],[-44.2374800508636,-2.61990131619275],[-44.2392884409088,-2.6196157814431],[-44.2405257605554,-2.61866399744549],[-44.2413823666029,-2.61875917539556],[-44.2415727243018,-2.62056756634008],[-44.2423341506005,-2.62142417058897],[-44.2478545013841,-2.61676042765158],[-44.2489014642312,-2.61228704061439],[-44.2503291397779,-2.61428578835843],[-44.2500436050283,-2.61504721555651],[-44.2506146763262,-2.615523108005],[-44.2522327086725,-2.61371471795981],[-44.2506146763262,-2.61209668381486],[-44.2512347345953,-2.61194166857309],[-44.2507455456703,-2.61137094891012],[-44.2525896280089,-2.61024070524429],[-44.2521137355604,-2.60964583968372],[-44.2509240062379,-2.61030019090108],[-44.2505076003454,-2.60994327156471],[-44.2518163036795,-2.60911046067917],[-44.2505334162841,-2.6073409609166],[-44.2494157433419,-2.60803950571858],[-44.2497937616727,-2.60875354224216],[-44.2493773557803,-2.60934840690339],[-44.2478307062221,-2.60988378590793],[-44.2487230036636,-2.6111330026859],[-44.2482471121145,-2.61143043456686],[-44.2475689657351,-2.61048856469547],[-44.2469027173864,-2.61066900826807],[-44.2464268240387,-2.60914615297255],[-44.2476641436852,-2.6081943680756],[-44.2470930732866,-2.60667151278006],[-44.2435714711464,-2.60743294087747],[-44.243190756648,-2.61209668381486],[-44.2403354037559,-2.61323882641068],[-44.2405257605554,-2.61457132400733],[-44.2410016530038,-2.61457132400733],[-44.2410016530038,-2.61380989590993],[-44.2423341506005,-2.61323882641068],[-44.2440473626956,-2.61342918321021],[-44.2476641436853,-2.61257257716266],[-44.2473786089356,-2.61352436116028],[-44.2438570058961,-2.61438096720782],[-44.2423341506005,-2.61419061040829],[-44.2423341506005,-2.61523757325535],[-44.2441425424443,-2.61542793005488],[-44.2426371825599,-2.61608717987942],[-44.242417433218,-2.6180334395915]]]}},{"type":"Feature","properties":{"id":"305","municipality":"2111300","density":"Densa","type":"Outros equipamentos urbanos","state":"MA"},"geometry":{"type":"Polygon","coordinates":[[[-44.3201141383568,-2.71629196070534],[-44.3184723099491,-2.71365075887536],[-44.314724658716,-2.71561381522538],[-44.317080324897,-2.72032514668814],[-44.3208636684235,-2.71854055180495],[-44.3201141383568,-2.71629196070534]]]}},{"type":"Feature","properties":{"id":"307","municipality":"2111300","density":"Densa","type":"Área urbanizada","state":"MA"},"geometry":{"type":"Polygon","coordinates":[[[-44.3058490848673,-2.68464836662878],[-44.3054921664302,-2.68571912463784],[-44.3060275454349,-2.6857786111939],[-44.3062654907598,-2.68726577419609],[-44.3021014336342,-2.68316120362659],[-44.3013281093047,-2.6838750422993],[-44.3018634883093,-2.68482682719627],[-44.3024583529706,-2.68476733974092],[-44.3038265428606,-2.68583809774999],[-44.3045403824327,-2.68702782797186],[-44.3032911647554,-2.68744423386425],[-44.3029342463184,-2.68875293719828],[-44.3032911647554,-2.68982369520735],[-44.3047783277575,-2.69250058843136],[-44.3069198428764,-2.69428518421383],[-44.3073362478695,-2.69529645476753],[-44.3064394025563,-2.69593294634837],[-44.3046593546455,-2.69380929176539],[-44.3020419479775,-2.69583183377206],[-44.3025773260827,-2.69779488922274],[-44.3063249773158,-2.69624823876519],[-44.3068549118247,-2.6971756241557],[-44.3046593546455,-2.69916307911274],[-44.3045403824327,-2.70047178334608],[-44.3067413832082,-2.70273227067771],[-44.3098346823247,-2.70059075555889],[-44.3093414536451,-2.69965621696082],[-44.3115003049951,-2.69850872699614],[-44.3110244134458,-2.698092322003],[-44.3106080066541,-2.69827078077186],[-44.307514708437,-2.69476107576299],[-44.3092398167641,-2.69470159010626],[-44.3091803311074,-2.69404723798961],[-44.3083475193225,-2.69398775233287],[-44.3057895992106,-2.69244110187531],[-44.3059085723227,-2.69196521032615],[-44.3079311143294,-2.69184623721402],[-44.3074552209816,-2.68988318086408],[-44.3069198428764,-2.69024010020043],[-44.3069198428764,-2.68946677587098],[-44.307514708437,-2.68934780275886],[-44.3077526537619,-2.6867898817476],[-44.3098941688807,-2.68524323218935],[-44.3084664924347,-2.68446990696061],[-44.3079311143294,-2.68363709607508],[-44.3073957353249,-2.68417247507961],[-44.3060870310916,-2.68411298762425],[-44.3045998680894,-2.68256633896534],[-44.3039455159727,-2.68268531207747],[-44.3058490848673,-2.68464836662878]]]}},{"type":"Feature","properties":{"id":"308","municipality":"2111300","density":"Densa","type":"Área urbanizada","state":"MA"},"geometry":{"type":"Polygon","coordinates":[[[-44.1554714382562,-2.4602954301899],[-44.1550550332631,-2.46083080919442],[-44.1555309248123,-2.46148516131109],[-44.1560068172608,-2.4613067007436],[-44.156875664983346,-2.4591282890011104],[-44.155147909986994,-2.459243472667534],[-44.1549955458078,-2.45970056462933],[-44.1554714382562,-2.4602954301899]]]}},{"type":"Feature","properties":{"id":"309","municipality":"2111300","density":"Densa","type":"Área urbanizada","state":"MA"},"geometry":{"type":"MultiPolygon","coordinates":[[[[-44.1508909761376,-2.4613067007436],[-44.1511289223619,-2.46291283685786],[-44.1523781391398,-2.46309129742537],[-44.15212322873887,-2.4594451180840755],[-44.150681109017086,-2.459541259398861],[-44.14986305063258,-2.4595957966244946],[-44.1498202181285,-2.46100926796329],[-44.1508909761376,-2.4613067007436]]],[[[-44.14768115946431,-2.459741256035713],[-44.14441620430603,-2.4599589197129315],[-44.1473812711287,-2.46112824107542],[-44.14768115946431,-2.459741256035713]]]]}},{"type":"Feature","properties":{"id":"310","municipality":"2111300","density":"Densa","type":"Área urbanizada","state":"MA"},"geometry":{"type":"Polygon","coordinates":[[[-44.1811594465512,-2.48928816911365],[-44.1811594465512,-2.48988303377497],[-44.1821707180042,-2.49000200688705],[-44.1811594465512,-2.49095379178403],[-44.1818732852239,-2.49131071112039],[-44.1812784196633,-2.49160814390069],[-44.1811594465512,-2.49291684723467],[-44.180624068446,-2.4930358203468],[-44.1812784196633,-2.49392811778837],[-44.1817543121117,-2.49392811778837],[-44.1824681498851,-2.49535579513378],[-44.1827060961094,-2.49452298334894],[-44.183360448226,-2.49452298334894],[-44.1839553128873,-2.49142968423253],[-44.18466915156,-2.49119173800826],[-44.1818732852239,-2.48887176322125],[-44.1811594465512,-2.48928816911365]]]}},{"type":"Feature","properties":{"id":"311","municipality":"2111300","density":"Densa","type":"Outros equipamentos urbanos","state":"MA"},"geometry":{"type":"Polygon","coordinates":[[[-44.3158311081191,-2.70965326518598],[-44.316402179417,-2.71040279525279],[-44.3175086279208,-2.70965326518598],[-44.3116908461555,-2.70208657903237],[-44.3105843967525,-2.70308595155535],[-44.3132255985824,-2.70644099205812],[-44.3126902195779,-2.70676222000044],[-44.3114766950933,-2.70526315896757],[-44.3099419417671,-2.70497762421792],[-44.3095136387434,-2.70658376033225],[-44.3129757552269,-2.71172339571809],[-44.3158311081191,-2.70965326518598]]]}},{"type":"Feature","properties":{"id":"314","municipality":"2111300","density":"Densa","type":"Área urbanizada","state":"MA"},"geometry":{"type":"Polygon","coordinates":[[[-44.1075329749668,-2.54862954671616],[-44.1069381094062,-2.54708289805724],[-44.1073545152986,-2.54702341060186],[-44.1074734884107,-2.54583368038],[-44.1068191362941,-2.54583368038],[-44.106819136294,-2.54464395015812],[-44.1056888917289,-2.54398959804151],[-44.1045586480631,-2.54214551570296],[-44.1027145657245,-2.54166962415379],[-44.1026550800679,-2.54410857115359],[-44.1032499447291,-2.54464395015812],[-44.1033094312852,-2.54648803159733],[-44.1049155673995,-2.54607162660426],[-44.1052130001798,-2.54726135682608],[-44.104439674951,-2.54714238371402],[-44.1043801892943,-2.54815365516703],[-44.10551043296,-2.55184181984409],[-44.1061052976213,-2.55172284583261],[-44.1065217044131,-2.55231771229257],[-44.1075329749668,-2.54862954671616]]]}},{"type":"Feature","properties":{"id":"315","municipality":"2111300","density":"Densa","type":"Outros equipamentos urbanos","state":"MA"},"geometry":{"type":"Polygon","coordinates":[[[-44.3489240567997,-2.70594130624624],[-44.3489597490931,-2.70644099205812],[-44.3373241846634,-2.71072402229573],[-44.3343974480837,-2.70262195803691],[-44.3334694583487,-2.70297887737327],[-44.3329697707383,-2.70155120002785],[-44.3323273166523,-2.70169396830194],[-44.3320774732967,-2.70112289700405],[-44.3308639479128,-2.70165827600858],[-44.3305427208699,-2.70098012872989],[-44.3286153568132,-2.70169396830194],[-44.3281870537894,-2.70090874594184],[-44.3272947572472,-2.70147981634039],[-44.3273304477419,-2.70237211378196],[-44.3296147311349,-2.70776159342275],[-44.3276159842902,-2.70918926986888],[-44.3271162966797,-2.71240154209744],[-44.3311851749558,-2.71354368379396],[-44.3318276299411,-2.71472151688442],[-44.3330054630317,-2.71443598123552],[-44.3354682051935,-2.71479290057186],[-44.3378595627686,-2.71443598123552],[-44.3372528009759,-2.71165201203069],[-44.3395370825703,-2.71093817425732],[-44.3408576839349,-2.71172339571809],[-44.3432847347027,-2.71083109827652],[-44.3437844214139,-2.71225877472263],[-44.3411075281898,-2.71407906189917],[-44.3427136643041,-2.71504274392744],[-44.3443554918124,-2.71525689498963],[-44.3460687039075,-2.71486428425926],[-44.3466754657001,-2.71561381522538],[-44.3494237444102,-2.71522120359561],[-44.3507086525822,-2.71886177884795],[-44.3558482888674,-2.71693441479136],[-44.3529929350758,-2.70926065355627],[-44.3537781583353,-2.7088680428259],[-44.3523504809898,-2.7054773109291],[-44.3516366432165,-2.7054773109291],[-44.3513867989616,-2.70490623963122],[-44.3489240567997,-2.70594130624624]]]}},{"type":"Feature","properties":{"id":"317","municipality":"2111300","density":"Densa","type":"Área urbanizada","state":"MA"},"geometry":{"type":"Polygon","coordinates":[[[-44.2644869329256,-2.62076982027094],[-44.2636541220401,-2.62017495381105],[-44.2636541220401,-2.62172160426861],[-44.2641895010446,-2.62243544204201],[-44.2634161758158,-2.62225698327314],[-44.2634161758158,-2.62267338916554],[-44.264546420381,-2.62308979415861],[-44.2650126658019,-2.62388241164394],[-44.2642755131044,-2.62434654455734],[-44.2658551228157,-2.62612360671905],[-44.2651412850422,-2.62689693194778],[-44.2660930699392,-2.6311204747301],[-44.2657956371589,-2.63153688062248],[-44.26228593215,-2.62719436382878],[-44.2637730951522,-2.62630206728655],[-44.2629305077367,-2.62519340015524],[-44.2608939470979,-2.62665898572356],[-44.2589903782034,-2.62941915976639],[-44.2603228766994,-2.63056130236214],[-44.2607035902984,-2.62999023106427],[-44.261940909945,-2.63046612261343],[-44.2623216244434,-2.63160826520927],[-44.2597518063007,-2.63313111960543],[-44.2607035902984,-2.6340829036031],[-44.2602276978499,-2.63455879605154],[-44.261274660697,-2.63560575889864],[-44.2634637652405,-2.63294076280591],[-44.2641300135892,-2.63379736885343],[-44.261274660697,-2.6366527217457],[-44.2620360887944,-2.63836593384071],[-44.2624168023935,-2.63827075499132],[-44.2646059060377,-2.6404598604342],[-44.2636681181891,-2.64104373717868],[-44.2651850235699,-2.64270935984905],[-44.2642034971936,-2.64360165818995],[-44.2634599152428,-2.64294730607327],[-44.2620619820748,-2.64398831990502],[-44.2624669189131,-2.64488629926326],[-44.2613698386471,-2.64569467377015],[-44.2625119812429,-2.64664645776777],[-44.261560196346,-2.64731270701579],[-44.2609912240657,-2.64749802491389],[-44.2598907236779,-2.64535651069436],[-44.2590876560705,-2.64598111863365],[-44.2596825207317,-2.64734930942302],[-44.2592066291825,-2.65106721737812],[-44.2613778866801,-2.65148362327057],[-44.2628650496823,-2.65076978369853],[-44.2625081312452,-2.64966928421007],[-44.2639396567896,-2.64835966986284],[-44.2682226870273,-2.64531396017105],[-44.2690792930749,-2.64617056621859],[-44.2653673341351,-2.64921627591037],[-44.2665094749323,-2.64959699040874],[-44.2675564377793,-2.6514053795546],[-44.2670805462302,-2.65197645085249],[-44.265938405433,-2.65169091520353],[-44.2677467945788,-2.65397519769717],[-44.2670805462302,-2.65445109014564],[-44.2663191181328,-2.65435591219558],[-44.2660335833831,-2.6534041272986],[-44.2653673341351,-2.65330894934853],[-44.2648914416866,-2.65587876659174],[-44.2628926939426,-2.65797269318518],[-44.2639396567896,-2.659400368732],[-44.2667950105812,-2.65835340588496],[-44.2663191181327,-2.65692573033812],[-44.2689841151248,-2.6554980529927],[-44.268508221777,-2.65445109014564],[-44.2709828619695,-2.65368966294756],[-44.2715539332673,-2.6545462689951],[-44.2755514269567,-2.65273787805057],[-44.2760273194052,-2.65150055930333],[-44.2758369617063,-2.64988252515839],[-44.2782164230494,-2.64807413511317],[-44.2812761288902,-2.65020466231528],[-44.2801458852244,-2.65175131187352],[-44.2810381826659,-2.65249489382428],[-44.2824658600114,-2.65118618959095],[-44.2853212129036,-2.6537441106022],[-44.2835961036772,-2.65529076016043],[-44.2840422528476,-2.65570716605283],[-44.28567813224,-2.65466615222113],[-44.2859755650203,-2.65508255721422],[-44.2858565919082,-2.65802713994049],[-44.2837150767893,-2.65891943828144],[-44.2835663612985,-2.66067429078585],[-44.2854401860157,-2.66031737234881],[-44.2855591591278,-2.66079326389798],[-44.2871058086861,-2.66091223701012],[-44.2872247817982,-2.65981173572301],[-44.2885929716883,-2.65981173572301],[-44.2888606611905,-2.65755124839139],[-44.2886524591436,-2.65692663955276],[-44.2875519578565,-2.65683740971868],[-44.2868678633612,-2.65615331522327],[-44.2868381200832,-2.65555844966271],[-44.2876709309687,-2.65526101688238],[-44.2874924713005,-2.654547179109],[-44.2868381200831,-2.65451743493163],[-44.286035050677,-2.65338719126585],[-44.2867191460717,-2.65264361021442],[-44.284369428906,-2.64949082364259],[-44.2807862411921,-2.64702717226612],[-44.2806910632419,-2.64464771092309],[-44.2827849880367,-2.64455253207365],[-44.2838319508838,-2.64198271483037],[-44.2833560593346,-2.64160200123133],[-44.2824994532871,-2.64255378522898],[-44.2818332040391,-2.64226824958003],[-44.282404275337,-2.64160200123133],[-44.279739278345,-2.63922253988823],[-44.2806910632419,-2.63922253988823],[-44.2806910632419,-2.63865146859035],[-44.2796441003949,-2.63836593384071],[-44.2798104830673,-2.63792224701405],[-44.278109347968,-2.63659323518959],[-44.2790016454096,-2.63516555874351],[-44.2798939428511,-2.6354629906245],[-44.2803698361989,-2.6347491528511],[-44.2825012744142,-2.64021725572174],[-44.2853548061793,-2.63969843233675],[-44.2843078442316,-2.6366527217457],[-44.2836415940843,-2.63608165134708],[-44.2837367729337,-2.63532022414899],[-44.2860210554273,-2.63532022414899],[-44.2860210554273,-2.6328455839565],[-44.2844030221817,-2.63075165916173],[-44.2823090955882,-2.63075165916174],[-44.2830182460951,-2.63421957177576],[-44.2840579999767,-2.63409480073443],[-44.284355432757,-2.6347491528511],[-44.2815595664208,-2.63611734274112],[-44.2808457277481,-2.63445172097012],[-44.281644169243,-2.6332041562468],[-44.2806910632419,-2.63170344315933],[-44.2806910632419,-2.6308468371118],[-44.2798344571944,-2.63084683711179],[-44.278109347968,-2.63492761341861],[-44.2775686485742,-2.63470641796675],[-44.2761224982547,-2.63722379304357],[-44.2765032109544,-2.63750932779319],[-44.2769791043022,-2.63712861419414],[-44.2772646390518,-2.63750932779319],[-44.2767887466034,-2.63922253988823],[-44.2760317062982,-2.63901607443221],[-44.2748375891833,-2.64016242675457],[-44.2751945076203,-2.64105472509546],[-44.2743022101788,-2.64200650909305],[-44.2737073446182,-2.64200650909305],[-44.2737668311743,-2.64093575198331],[-44.2724581278403,-2.64099523764009],[-44.2728745328334,-2.64034088642275],[-44.2740047773985,-2.64022191331059],[-44.2756994715533,-2.63871551830648],[-44.2756109144121,-2.63813988474783],[-44.27352888495,-2.63986499397426],[-44.2713682502445,-2.64005705139176],[-44.2708876831201,-2.63931771783837],[-44.272886430864,-2.63769968459275],[-44.2715539332673,-2.63522504529954],[-44.2705069704203,-2.63512986734946],[-44.2697455423229,-2.63417808155317],[-44.2706973272198,-2.63398772565296],[-44.27079250517,-2.63341665525441],[-44.2700310779719,-2.63322629755556],[-44.2704117906716,-2.63217933470851],[-44.2721250027666,-2.63256004920686],[-44.2727912520146,-2.63332147730426],[-44.274778101728,-2.63219123273916],[-44.2754919413,-2.6328455839565],[-44.275848859737,-2.6318343134028],[-44.2768006437347,-2.6318343134028],[-44.2768006437347,-2.63135842095431],[-44.275848859737,-2.63135842095431],[-44.275789373181,-2.63100150161798],[-44.2762652647301,-2.63058509572558],[-44.2770980774143,-2.63117996218547],[-44.2772170496271,-2.63082304194978],[-44.2752658922071,-2.62951433861577],[-44.2745044641097,-2.62999023106427],[-44.2743141073102,-2.62903844706667],[-44.2675564377793,-2.62228077663652],[-44.2657716882128,-2.62340450921069],[-44.2651412850422,-2.62237595638521],[-44.2655576909346,-2.62047238659131],[-44.2649628262734,-2.61958008914974],[-44.2654387178225,-2.61850933203999],[-44.2650223119301,-2.61844984458464],[-44.2643679598135,-2.62005598069891],[-44.2646653925938,-2.62035341437854],[-44.2644869329256,-2.62076982027094]]]}},{"type":"Feature","properties":{"id":"318","municipality":"2111300","density":"Densa","type":"Área urbanizada","state":"MA"},"geometry":{"type":"Polygon","coordinates":[[[-44.0741580339661,-2.55514247024878],[-44.075704682625,-2.55407171223971],[-44.0757641700803,-2.55335787356695],[-44.0749313591948,-2.5530009551299],[-44.0747528986273,-2.55222762990117],[-44.0738606011857,-2.55210865678902],[-44.0734441952934,-2.5530009551299],[-44.0738011146297,-2.55472606435632],[-44.0730277903002,-2.5549045240245],[-44.0733847087372,-2.55591579457821],[-44.0732062490691,-2.5574029575804],[-44.0727303566206,-2.55793833568561],[-44.0739200877419,-2.55775987691674],[-44.0736226549615,-2.55883063402649],[-44.0747528986273,-2.55936601303103],[-44.0760021163046,-2.55936601303103],[-44.076418522197,-2.56025831137192],[-44.0772513330825,-2.55990139203555],[-44.0768349271901,-2.55912806680681],[-44.0783815767483,-2.55859268780229],[-44.0787979826408,-2.55799782314098],[-44.0762400616295,-2.55496400968127],[-44.0745149533024,-2.55543990212971],[-44.0741580339661,-2.55514247024878]]]}},{"type":"Feature","properties":{"id":"319","municipality":"2111300","density":"Densa","type":"Área urbanizada","state":"MA"},"geometry":{"type":"MultiPolygon","coordinates":[[[[-44.1839750835832,-2.46412885156519],[-44.1840719180845,-2.46504876718684],[-44.1849434160058,-2.46538768299513],[-44.1852339150131,-2.4669370143317],[-44.1858633307281,-2.46698543023337],[-44.1863474969394,-2.4681474280613],[-44.1870737462563,-2.4681474280613],[-44.187170578959,-2.46751801324569],[-44.1892524924086,-2.46659809762406],[-44.1913344049587,-2.46679176392871],[-44.1907534060448,-2.46703384703438],[-44.1908986546492,-2.467856929054],[-44.1898334913225,-2.46790534495569],[-44.1898819072242,-2.46868001107363],[-44.1912375722561,-2.4681474280613],[-44.1912375722561,-2.46897051008092],[-44.1923027355828,-2.46930942588928],[-44.1925448186884,-2.47027775831186],[-44.1932710680054,-2.47027775831186],[-44.1931742353026,-2.46950309309325],[-44.1937068174157,-2.46926100998758],[-44.1937552342167,-2.46964834169756],[-44.1944330658333,-2.46964834169757],[-44.1944330658333,-2.46926100998758],[-44.1951593151503,-2.46911575958461],[-44.1950624806489,-2.47008409200722],[-44.1960308130715,-2.47008409200722],[-44.1962728961772,-2.47090717402682],[-44.1972896436021,-2.47100400672948],[-44.1972896436021,-2.47177867194814],[-44.1956434795629,-2.47197233825279],[-44.1957887299659,-2.4731343360807],[-44.1962728961772,-2.4731343360807],[-44.1958855626685,-2.47434475070963],[-44.1980643088207,-2.47444158431159],[-44.1982579760247,-2.47511941592826],[-44.1973864772041,-2.47507099912726],[-44.1971443940985,-2.47628141375617],[-44.1965633951845,-2.47632983055718],[-44.1965149792828,-2.47511941592826],[-44.1955466468602,-2.47502258322562],[-44.1955950636612,-2.4779759936971],[-44.1960792298725,-2.47875065981504],[-44.1970959781968,-2.47879907571672],[-44.1970959781968,-2.47812124410006],[-44.1964665615825,-2.47734657888145],[-44.1975801444081,-2.47734657888145],[-44.1989358076414,-2.47836332720574],[-44.200436722177,-2.47826649360378],[-44.2006788052826,-2.47744341158416],[-44.2011629705946,-2.47749182928448],[-44.2011145537936,-2.47928324192805],[-44.2000978063686,-2.47918640922535],[-44.2002914717739,-2.48068732286163],[-44.2015987200049,-2.47991265764301],[-44.2016955527076,-2.48131673767728],[-44.2022281348205,-2.48121990497458],[-44.2025186347271,-2.48034840705329],[-44.2042616323684,-2.48020315665031],[-44.204406881872,-2.4811714890729],[-44.2047942135821,-2.48136515537756],[-44.2055688797,-2.48092940596728],[-44.2061982954149,-2.479815824041],[-44.2081349575622,-2.48044523975598],[-44.2087643741765,-2.47754024518612],[-44.2095390393951,-2.47720132937781],[-44.2094422057931,-2.47511941592826],[-44.2084254583681,-2.4744900011126],[-44.2075539586482,-2.47478050011995],[-44.2064403776213,-2.47657191366284],[-44.2059562123093,-2.47657191366284],[-44.2051331302897,-2.47608774835083],[-44.204987880786,-2.47531308223291],[-44.2036806325551,-2.47531308223291],[-44.2039711315624,-2.47434475070963],[-44.2063435449186,-2.47410266760397],[-44.2066824607269,-2.47298908657706],[-44.2099747879061,-2.47381216769736],[-44.2102168710118,-2.47260175396775],[-44.2112336202354,-2.47202075505373],[-44.2139933653015,-2.47294066977607],[-44.2137028653949,-2.47357008459171],[-44.2141386139058,-2.47361850229203],[-44.2146227801172,-2.4726985866704],[-44.2050362966877,-2.46882526057727],[-44.20436764070475,-2.4681863225091996],[-44.2001946390713,-2.4667353327229042],[-44.2001946390713,-2.46766326274936],[-44.2019376358132,-2.46809901215967],[-44.2019860526142,-2.46848634386966],[-44.2029543841375,-2.4682442616633],[-44.2047457976804,-2.47008409200722],[-44.2042616323684,-2.47139133933877],[-44.2025670524275,-2.47095558992852],[-44.2015987200049,-2.47221442135839],[-44.2010177210909,-2.46930942588928],[-44.1979674761181,-2.46809901215967],[-44.1969023118921,-2.46858317837092],[-44.1961276457742,-2.46732434604167],[-44.194481481735,-2.46684018072972],[-44.1970959781968,-2.46621076501475],[-44.19719052155645,-2.465690774341731],[-44.192351153283,-2.46548451569777],[-44.1839750835832,-2.46412885156519]]],[[[-44.19993920040081,-2.46664651442508],[-44.19955500000415,-2.466512924529747],[-44.19818901629692,-2.4660379598444835],[-44.1981127256217,-2.46664651442508],[-44.19993920040081,-2.46664651442508]]]]}},{"type":"Feature","properties":{"id":"320","municipality":"2111300","density":"Densa","type":"Área urbanizada","state":"MA"},"geometry":{"type":"Polygon","coordinates":[[[-44.0583843191809,-2.56181826460119],[-44.0621914560708,-2.55878445204077],[-44.0618940241898,-2.55842753270441],[-44.0626673494186,-2.55705934281441],[-44.0638570787411,-2.55711882937046],[-44.0638570787411,-2.55747574780747],[-44.0631432409678,-2.55753523526284],[-44.0631432409678,-2.55818958737951],[-44.0646304039699,-2.55866547892867],[-44.0671883249811,-2.55848701926049],[-44.0672478106379,-2.55765420837498],[-44.068318568647,-2.55753523526284],[-44.0677831896424,-2.55890342515289],[-44.06873497364,-2.55884393769755],[-44.0689134342075,-2.55795164025596],[-44.0697462450931,-2.55795164025596],[-44.0699841913174,-2.55884393769755],[-44.0710549493264,-2.55789215369988],[-44.0715308408755,-2.55866547892867],[-44.0718282736558,-2.55741626215076],[-44.0715308408756,-2.55735677469535],[-44.0717687870998,-2.55658345036592],[-44.072244678649,-2.5567619100341],[-44.0723636517611,-2.55581012603642],[-44.0713523812074,-2.55604807226069],[-44.0717092996444,-2.55438244869102],[-44.0704005972097,-2.55444193614636],[-44.0699841913174,-2.55230042102757],[-44.0694488132121,-2.55230042102757],[-44.0686160014273,-2.54926660756788],[-44.0713523812074,-2.5493260941239],[-44.0716498139877,-2.54855276979448],[-44.0713523812074,-2.54777944456566],[-44.0693298392007,-2.54819584955876],[-44.0693298392007,-2.54754149924077],[-44.0705790568779,-2.54742252612864],[-44.0706980299901,-2.54611382189529],[-44.0701031644294,-2.54623279500743],[-44.0701626509855,-2.54575690255893],[-44.0721257064362,-2.54486460511738],[-44.0716583197756,-2.54442058823952],[-44.0726708709638,-2.5433641384442],[-44.0733252221812,-2.5431856778767],[-44.0733252221812,-2.54443489465462],[-44.0750503323069,-2.54360208376908],[-44.0751693054191,-2.54502976021519],[-44.0777272246317,-2.54633846444853],[-44.0774892793068,-2.5480040871189],[-44.0762400616295,-2.5477066543386],[-44.0758831431925,-2.54824203334313],[-44.0776082524189,-2.55258454923752],[-44.0782031170801,-2.55163276523991],[-44.0771323599704,-2.55020508789443],[-44.078084143968,-2.55002662912556],[-44.0780246583113,-2.54818254588776],[-44.080047200318,-2.54853946522411],[-44.0806074437785,-2.54985343678663],[-44.0799877128626,-2.55258454923752],[-44.0789169557528,-2.55210865678902],[-44.0786790104279,-2.55288198201782],[-44.0804636053111,-2.55365530724658],[-44.0798687397505,-2.55460709124423],[-44.0818317952011,-2.55555887524185],[-44.0825456338739,-2.55549938868582],[-44.082664606986,-2.5543096575646],[-44.0858173926585,-2.55448811813211],[-44.0866502044433,-2.55175173835198],[-44.0855975857599,-2.55090198603778],[-44.0876511426861,-2.54932470467133],[-44.0878890889103,-2.54813497534879],[-44.0865208990202,-2.5474806232321],[-44.0868183318005,-2.54646935177914],[-44.0849742503613,-2.54498218877695],[-44.0856389329903,-2.54449438210999],[-44.0867691766562,-2.53753445774897],[-44.0855199598782,-2.53479807796891],[-44.0862337976516,-2.53456013174464],[-44.0864717438758,-2.53354886119092],[-44.0848656077616,-2.53206169818878],[-44.0854604742215,-2.53122888730326],[-44.0851630414411,-2.52992018306992],[-44.0846871489927,-2.52997966962603],[-44.0845681758806,-2.53081248141087],[-44.0833784447594,-2.53081248141087],[-44.0835569053269,-2.52974172430106],[-44.0850440683291,-2.52902788472904],[-44.0844492027684,-2.52801661417532],[-44.0832594716472,-2.52754072172691],[-44.0814153902081,-2.52855199317993],[-44.0822482010936,-2.53063402084337],[-44.0812369296406,-2.53075299395544],[-44.0795713078695,-2.53206169818878],[-44.0796307944255,-2.53241861662583],[-44.079035928865,-2.53259707719333],[-44.0781436314234,-2.53182375196451],[-44.0778461977438,-2.53212118474482],[-44.0785600373158,-2.53283502341755],[-44.0770133868583,-2.53604729474682],[-44.0773703061946,-2.53616626785892],[-44.0788574691968,-2.53354886119092],[-44.0813559027526,-2.53170477885244],[-44.0822482010936,-2.53164529229635],[-44.082664606986,-2.53105042673576],[-44.0833784447594,-2.5313478604154],[-44.0848061221048,-2.53265656285004],[-44.0842112556449,-2.53271605030547],[-44.0841517699881,-2.53325142930999],[-44.0824861473178,-2.53426269896431],[-44.0845681758806,-2.53384629397125],[-44.0848656077616,-2.53319194185459],[-44.085282013654,-2.53372732085911],[-44.0834974178715,-2.53479807796891],[-44.083675878439,-2.53533345697344],[-44.0846871489927,-2.53485756542426],[-44.0847466346494,-2.5356903763098],[-44.0821292279814,-2.53545243008552],[-44.0809394977596,-2.53658267375137],[-44.0834379322147,-2.53610678220218],[-44.0842707431002,-2.53640421408318],[-44.0839138237639,-2.53771291831647],[-44.0848656077616,-2.53652318719527],[-44.0856389329903,-2.53652318719527],[-44.0855794473336,-2.53699907964375],[-44.0843897162124,-2.5376534308611],[-44.0840922834321,-2.53878367542627],[-44.0847466346494,-2.5399734056481],[-44.0824861473178,-2.54080621743295],[-44.0824266607617,-2.54140108209424],[-44.0812369296406,-2.54223389387903],[-44.0812964170959,-2.54157954176242],[-44.0808205246474,-2.54152005610566],[-44.0807610380914,-2.54104416275788],[-44.0789764423089,-2.54044929809659],[-44.079095415421,-2.54098467710111],[-44.0778461977438,-2.54104416275788],[-44.0782031170801,-2.53931905443079],[-44.0777272246317,-2.53908110820653],[-44.0773108196386,-2.5406872443208],[-44.0774892793067,-2.54181748798665],[-44.0752287910758,-2.54282875943966],[-44.0751098179637,-2.54205543421087],[-44.0762400616295,-2.54175800232993],[-44.0761805759728,-2.54116313586997],[-44.076715954078,-2.54110365021326],[-44.0770728734143,-2.54003289220419],[-44.076715954078,-2.53931905443079],[-44.0763590347416,-2.53931905443079],[-44.0764780078537,-2.54009237876024],[-44.0752287910758,-2.5399734056481],[-44.0749908448516,-2.54044929809658],[-44.0737416280737,-2.54062775776475],[-44.0734441952934,-2.53955699975569],[-44.0751098179637,-2.53896213509446],[-44.0749313591948,-2.53842675608986],[-44.0736821424169,-2.53896213509446],[-44.0735036818494,-2.53795086364143],[-44.0714811398427,-2.53604729474682],[-44.0705888424011,-2.53640421408318],[-44.0714811398426,-2.53753445774897],[-44.0705888424011,-2.53824829732099],[-44.0695180852913,-2.53705856619986],[-44.0701129499526,-2.53682061997557],[-44.0696370584035,-2.53658267375137],[-44.0693396247238,-2.53693959308773],[-44.0686852726072,-2.53539294263016],[-44.0675550289414,-2.53634472842646],[-44.066841191168,-2.5355119157423],[-44.0664247852755,-2.5356903763098],[-44.0670791373922,-2.53676113341954],[-44.0666627323991,-2.5371180527559],[-44.065829919715,-2.53676113341954],[-44.0663058121635,-2.53759394520438],[-44.0645807029371,-2.538545729202],[-44.0641642979439,-2.53705856619986],[-44.0645212172803,-2.53646370063921],[-44.0651160819416,-2.53640421408318],[-44.0650565953855,-2.53545243008552],[-44.0657704340582,-2.53509551074916],[-44.0645212172803,-2.53456013174464],[-44.0643427567128,-2.53408424019546],[-44.0648781357173,-2.53313245529854],[-44.0645212172803,-2.53289450907431],[-44.0638073777083,-2.53420321330759],[-44.0624391878182,-2.53503602419312],[-44.0620227828251,-2.53438167207646],[-44.0623202147061,-2.53390577962796],[-44.0620227828251,-2.53366783430306],[-44.0610709979282,-2.53438167207646],[-44.0610709979282,-2.53390577962796],[-44.0602976726994,-2.53331091496672],[-44.0610115122714,-2.53289450907431],[-44.0609520248161,-2.53253758973796],[-44.0597622945942,-2.53253758973796],[-44.0592269155896,-2.53212118474482],[-44.0603571601547,-2.53414372585223],[-44.0584535912602,-2.5345006460879],[-44.0593458887018,-2.53503602419311],[-44.0600597273745,-2.53705856619986],[-44.0604166458115,-2.53682061997557],[-44.0601192139305,-2.53622575531433],[-44.060952024816,-2.53545243008552],[-44.0616658625894,-2.5356308897537],[-44.061844323157,-2.53634472842645],[-44.0611304853836,-2.53634472842646],[-44.0608925391593,-2.53682061997557],[-44.0615468903766,-2.5371180527559],[-44.0624986752736,-2.53622575531433],[-44.0635694323834,-2.53622575531433],[-44.0638668651637,-2.53717753931193],[-44.0629745668227,-2.53717753931193],[-44.0619632962691,-2.53878367542627],[-44.0623797021615,-2.53902162075117],[-44.0633909727152,-2.53777240397324],[-44.0646401903924,-2.53902162075117],[-44.0639263508204,-2.53991391909204],[-44.0642832710561,-2.54044929809659],[-44.0657704340583,-2.5391405938633],[-44.0658894071703,-2.53836727043313],[-44.0669601642801,-2.53937854098684],[-44.0664247852755,-2.54098467710111],[-44.0667222180559,-2.54193646109877],[-44.0677929760649,-2.54187697544199],[-44.0680904079459,-2.5424123526479],[-44.0688637331747,-2.54223389387903],[-44.0693611032323,-2.54311810641544],[-44.0681995964342,-2.54266360434185],[-44.0679616493106,-2.5442697395568],[-44.0669503778576,-2.54385333366434],[-44.0664149997524,-2.5420687378819],[-44.0657011610797,-2.54194976476977],[-44.0651062964184,-2.54456717233712],[-44.0644519443018,-2.54462665889316],[-44.0618345367345,-2.54278257655461],[-44.0604068611876,-2.54498357822951],[-44.0604663468444,-2.54617330935071],[-44.0613586451853,-2.54593536222712],[-44.0639165661966,-2.54635176811956],[-44.0643924577457,-2.54736303867328],[-44.0635001603041,-2.54813636390202],[-44.0623104300822,-2.54795790423384],[-44.0627268350754,-2.54890968913084],[-44.062131970414,-2.5493260941239],[-44.0617155636223,-2.54807687734597],[-44.0608232661808,-2.54748201178536],[-44.0591576444097,-2.54867174290657],[-44.0586222654052,-2.54837431012629],[-44.0579679132885,-2.54914763535504],[-44.0574920208401,-2.54879071601868],[-44.0568376687234,-2.54938558067994],[-44.0582653460688,-2.55027787902084],[-44.0565997233984,-2.55117017736178],[-44.0560048578379,-2.55117017736178],[-44.0554099931766,-2.55051582524509],[-44.0560048578379,-2.54986147312843],[-44.0543392351675,-2.55009941935266],[-44.0526736115979,-2.55265734036391],[-44.0526736115979,-2.55343066469341],[-44.0535659099388,-2.55408501591069],[-44.053506424282,-2.55473936802737],[-44.0526736115979,-2.5552747470319],[-44.0530305318335,-2.55741626215076],[-44.0549935872842,-2.55836804614837],[-44.0537443696069,-2.55866547892867],[-44.0549340998288,-2.56199672426937],[-44.054590968700296,-2.562548717961225],[-44.0545909687003,-2.5625487179612283],[-44.0576109939521,-2.56336491415942],[-44.0583843191809,-2.56181826460119]]]}},{"type":"Feature","properties":{"id":"321","municipality":"2111300","density":"Densa","type":"Área urbanizada","state":"MA"},"geometry":{"type":"Polygon","coordinates":[[[-44.2182730365714,-2.60108744143225],[-44.2174630154058,-2.60125797177796],[-44.2172845548383,-2.60262616166797],[-44.2185080680928,-2.60266214803967],[-44.2188312052958,-2.60482716424218],[-44.220377854854,-2.60470819113006],[-44.2215080994192,-2.60102002555369],[-44.2215080994192,-2.60334000034072],[-44.2216865581881,-2.60357794656495],[-44.2228762893093,-2.60119848612117],[-44.2235306396272,-2.6042322977823],[-44.2237685867508,-2.60137694489004],[-44.2245419110803,-2.60131745923333],[-44.2248393438606,-2.60078208022878],[-44.2249583169727,-2.6017933507825],[-44.225255749753,-2.6017933507825],[-44.225255749753,-2.60042516089243],[-44.2259101009703,-2.59994926934325],[-44.2261480480939,-2.60161489111431],[-44.2248988304166,-2.60256667601125],[-44.2248988304166,-2.60322102722858],[-44.226267021206,-2.60226924323092],[-44.2264454799749,-2.60363743312099],[-44.2276946967528,-2.60363743312099],[-44.2280516160891,-2.60215027011884],[-44.2276352110961,-2.60209078266344],[-44.2269808589794,-2.59977080877576],[-44.2277541842082,-2.60000875499999],[-44.2282895623134,-2.60119848612117],[-44.2287059682058,-2.60090105334092],[-44.2283490488694,-2.60012772811212],[-44.2297172387595,-2.59953286255155],[-44.2298362118716,-2.60018721466816],[-44.230252617764,-2.59965183566364],[-44.2316802942101,-2.60030618778029],[-44.2309069698807,-2.60078208022878],[-44.2308474833247,-2.60131745923333],[-44.2325725916517,-2.60137694489004],[-44.233821809329,-2.60203129700672],[-44.2329889984435,-2.60298308100432],[-44.2344761614456,-2.60476767678683],[-44.2358746324083,-2.60510331006964],[-44.2361218353544,-2.60660606911479],[-44.2368654173051,-2.60711170394194],[-44.2353089723312,-2.60155540455821],[-44.2347141067706,-2.6010795130091],[-44.2359038378918,-2.60066310711666],[-44.2370310544396,-2.59923925458787],[-44.229895699327,-2.5904909114264],[-44.2168681498452,-2.59037193831426],[-44.2167694159757,-2.59149092336737],[-44.2182730365714,-2.60108744143225]]]}},{"type":"Feature","properties":{"id":"322","municipality":"2111300","density":"Densa","type":"Área urbanizada","state":"MA"},"geometry":{"type":"Polygon","coordinates":[[[-44.1497875232755,-2.52310085871762],[-44.1472296022643,-2.52244650660096],[-44.1430655460381,-2.52262496716844],[-44.1433034922623,-2.52672953683863],[-44.1471701157082,-2.52678902429397],[-44.1473485753764,-2.52756234862347],[-44.1500254686004,-2.5276218351795],[-44.1497875232755,-2.52310085871762]]]}},{"type":"Feature","properties":{"id":"323","municipality":"2111300","density":"Densa","type":"Área urbanizada","state":"MA"},"geometry":{"type":"Polygon","coordinates":[[[-44.232905536861,-2.60637408089907],[-44.2326675906368,-2.60708791867244],[-44.2346901326434,-2.6074448380088],[-44.2340952679822,-2.60803970267013],[-44.2305855629733,-2.60946738001553],[-44.2307640217422,-2.61000275902008],[-44.2313588882021,-2.60964583968372],[-44.2314183738588,-2.61006224467678],[-44.2299906974127,-2.6117873539032],[-44.2314183738589,-2.61244170601988],[-44.2315968344263,-2.61125197579798],[-44.2320727259755,-2.6108355699056],[-44.2324296453118,-2.61321503124869],[-44.2333814293095,-2.61333400436076],[-44.23397629487,-2.61208478668352],[-44.233916808314,-2.61119248924194],[-44.2330839974285,-2.61006224467678],[-44.2334409158655,-2.60875354224216],[-44.2342142410943,-2.60958635312769],[-44.2379024048721,-2.61059762368131],[-44.2385567569887,-2.61030019090108],[-44.2366531880941,-2.60958635312769],[-44.2365937024374,-2.60869405478674],[-44.2350470519798,-2.60827764889433],[-44.2357014040964,-2.60643356655579],[-44.2348685923117,-2.60542229600214],[-44.2340357814261,-2.60542229600214],[-44.2336193746344,-2.60625510778693],[-44.2326675906368,-2.60595767500667],[-44.232905536861,-2.60494640355365],[-44.2323701578565,-2.60482743134084],[-44.2318347797512,-2.60589818755125],[-44.232905536861,-2.60637408089907]]]}},{"type":"Feature","properties":{"id":"324","municipality":"2111300","density":"Densa","type":"Área urbanizada","state":"MA"},"geometry":{"type":"Polygon","coordinates":[[[-44.2144153631784,-2.69194363199295],[-44.2145938219473,-2.69289541599063],[-44.2151292009518,-2.69241952444146],[-44.217984553844,-2.69592922855101],[-44.2172707160706,-2.69670255377981],[-44.2164379051852,-2.69634563534277],[-44.2151292009518,-2.69426360588069],[-44.2145343362906,-2.69503693110943],[-44.2134635782814,-2.69295490344599],[-44.212690253952,-2.69283593033385],[-44.2141768162071,-2.69548507407688],[-44.213525998426,-2.69571286065997],[-44.212514726973,-2.6952369691108],[-44.2123957538609,-2.69345237332835],[-44.2112655101951,-2.6925600749874],[-44.2109680783141,-2.69297648087986],[-44.2115034564193,-2.6933334002162],[-44.2114439698633,-2.69458261699412],[-44.2120388354239,-2.69363083209722],[-44.2107301320899,-2.69975794377405],[-44.2113844833072,-2.70005537655437],[-44.212217295092,-2.69612926565304],[-44.2145065085685,-2.69587471074926],[-44.215367147176,-2.69670255377981],[-44.2154266337321,-2.69777331088955],[-44.2159025261806,-2.69729741934038],[-44.2169137967343,-2.69735690499709],[-44.2171517429585,-2.69777331088955],[-44.2186389059607,-2.69741639155319],[-44.2191742849652,-2.69902252766748],[-44.2195312043016,-2.69890355455534],[-44.219352743734,-2.69753536466534],[-44.219947610194,-2.69753536466534],[-44.2201855564182,-2.6981302302259],[-44.2207209336241,-2.69759485212069],[-44.2204829882992,-2.69711895877287],[-44.2214942588529,-2.69503693110943],[-44.2211373404159,-2.69503693110943],[-44.2207209336241,-2.69598871510709],[-44.2196501774137,-2.69432309333604],[-44.2207209336241,-2.69372822687616],[-44.2200665833061,-2.69182465888088],[-44.219233770622,-2.69170568576875],[-44.219947610194,-2.69111082020817],[-44.2195312043016,-2.69087287398391],[-44.2184009597365,-2.69158671175729],[-44.2181630144115,-2.69117030676421],[-44.2145343362906,-2.69146773864522],[-44.2104892522771,-2.68831495387197],[-44.2097754136044,-2.68920725131358],[-44.2110841169384,-2.68998057564301],[-44.2110841169384,-2.69057544210292],[-44.2144153631784,-2.69194363199295]]]}},{"type":"Feature","properties":{"id":"325","municipality":"2111300","density":"Densa","type":"Área urbanizada","state":"MA"},"geometry":{"type":"Polygon","coordinates":[[[-44.1855019633449,-2.47893751375523],[-44.1855019633449,-2.48000827086497],[-44.1843717187798,-2.48000827086497],[-44.1843717187798,-2.480722110437],[-44.1854424767888,-2.48084108264982],[-44.1850855565531,-2.48179286664743],[-44.185977854894,-2.48268516498831],[-44.1873460447841,-2.48292311121258],[-44.1878814237886,-2.48220927343921],[-44.1878814237886,-2.48173338009138],[-44.1873460447841,-2.48173338009138],[-44.1873460447841,-2.48042467675736],[-44.1883573162371,-2.48036519020133],[-44.1882383431249,-2.48256619187625],[-44.1888926952416,-2.48256619187625],[-44.1888332077863,-2.48399386832233],[-44.1893685867908,-2.4841723279905],[-44.1893685867908,-2.48464822043901],[-44.1882383431249,-2.48446976077083],[-44.1881788565689,-2.48571897844806],[-44.1891306405666,-2.48637332876604],[-44.1894875599029,-2.48637332876604],[-44.1895470473583,-2.48542154476844],[-44.1903203716877,-2.48518359944354],[-44.1906772910242,-2.48393438176624],[-44.1912721556854,-2.48405335487838],[-44.1912721556854,-2.48304208432466],[-44.1918075346899,-2.48304208432466],[-44.191867021246,-2.48417232799051],[-44.1942464816897,-2.48381540865416],[-44.1946034010261,-2.48209030032705],[-44.1936516170285,-2.48131697509826],[-44.1938895632527,-2.48012724397711],[-44.193235211136,-2.48012724397711],[-44.1933541842482,-2.47905648686733],[-44.1939490498087,-2.47905648686733],[-44.1940085363648,-2.47840213475071],[-44.1947818606943,-2.47846162220605],[-44.1949008338064,-2.47774778263402],[-44.1944249422572,-2.47774778263402],[-44.1943654548019,-2.47685548519247],[-44.1938300766966,-2.47673651208033],[-44.1937111035845,-2.4773313776409],[-44.1928206722361,-2.4772126527417],[-44.1928188061429,-2.47643908019933],[-44.1899039657953,-2.47602267430694],[-44.1894280742462,-2.47768829697725],[-44.1844312062352,-2.47685548519247],[-44.1844312062352,-2.47756932386517],[-44.1853235036767,-2.47768829697725],[-44.1853235036767,-2.47810470197038],[-44.1848476112282,-2.47816418942575],[-44.1855019633449,-2.47893751375523]]]}},{"type":"Feature","properties":{"id":"6478","municipality":"2100055","density":"Pouco densa","type":"Área urbanizada","state":"MA"},"geometry":{"type":"Polygon","coordinates":[[[-47.1727307269999,-4.58307748399994],[-47.1717789429999,-4.58584360699998],[-47.180226029,-4.58831229799996],[-47.1809398679999,-4.58557591799997],[-47.1727307269999,-4.58307748399994]]]}},{"type":"Feature","properties":{"id":"6479","municipality":"2100055","density":"Pouco densa","type":"Área urbanizada","state":"MA"},"geometry":{"type":"Polygon","coordinates":[[[-47.4303375819999,-4.91441613899997],[-47.4294874839999,-4.91368196399999],[-47.4288692309999,-4.91472526599994],[-47.42975797,-4.91518895599995],[-47.429410202,-4.91600041299995],[-47.4287146679999,-4.91569128699997],[-47.428521463,-4.91607769499995],[-47.4290237939999,-4.91646410299995],[-47.428482823,-4.91715963799993],[-47.4287146679999,-4.91754604599993],[-47.428521463,-4.91781653199997],[-47.42790321,-4.91739148299997],[-47.426280296,-4.92067595199996],[-47.423034467,-4.91843478499995],[-47.422145728,-4.91974857299993],[-47.425391557,-4.92187381799995],[-47.427671365,-4.92121692399998],[-47.4284055409999,-4.91932352399993],[-47.429216998,-4.91959400899998],[-47.429680688,-4.91843478499995],[-47.4315740879999,-4.91723691899996],[-47.4303375819999,-4.91658002499997],[-47.431419525,-4.91406837199997],[-47.431921856,-4.91418429499994],[-47.4326560309999,-4.91244545799997],[-47.431419525,-4.91151807799997],[-47.4303375819999,-4.91441613899997]]]}},{"type":"Feature","properties":{"id":"6480","municipality":"2100055","density":"Pouco densa","type":"Área urbanizada","state":"MA"},"geometry":{"type":"Polygon","coordinates":[[[-47.182486517,-4.59036458299994],[-47.1809398679999,-4.59161379999996],[-47.1809993539999,-4.59217892199996],[-47.1824567739999,-4.59321993599998],[-47.1845388029999,-4.59250609799996],[-47.184836235,-4.59143534099996],[-47.182486517,-4.59036458299994]]]}},{"type":"Feature","properties":{"id":"6481","municipality":"2100055","density":"Pouco densa","type":"Área urbanizada","state":"MA"},"geometry":{"type":"Polygon","coordinates":[[[-47.4920226959999,-4.92715987299995],[-47.4928900089999,-4.92847690499997],[-47.495299213,-4.92693501399998],[-47.496014362,-4.92691568599997],[-47.4959202529999,-4.92608078799998],[-47.4963069149999,-4.92560489499995],[-47.4946115489999,-4.92566438199999],[-47.4945520629999,-4.92495054399996],[-47.4909531279999,-4.92530746299997],[-47.4905962089999,-4.92679462599996],[-47.4911232589999,-4.92767383699993],[-47.4920226959999,-4.92715987299995]]]}},{"type":"Feature","properties":{"id":"6482","municipality":"2100055","density":"Pouco densa","type":"Área urbanizada","state":"MA"},"geometry":{"type":"Polygon","coordinates":[[[-47.4885855639999,-4.96410100499999],[-47.4885337489999,-4.96236520799995],[-47.4833685959999,-4.96156449999997],[-47.4831009069999,-4.96117783699999],[-47.481435284,-4.96230808099994],[-47.4817327169999,-4.96290294699998],[-47.4810486219999,-4.96376550099997],[-47.4835767989999,-4.96736443599999],[-47.4885855639999,-4.96410100499999]]]}},{"type":"Feature","properties":{"id":"6483","municipality":"2100055","density":"Pouco densa","type":"Área urbanizada","state":"MA"},"geometry":{"type":"Polygon","coordinates":[[[-47.6980425369999,-4.83503242299999],[-47.6975666449999,-4.83509190999996],[-47.697388185,-4.83366423299999],[-47.697893821,-4.83354525999993],[-47.697864077,-4.83232578599996],[-47.6920046549999,-4.83229604299994],[-47.692718493,-4.84050518299996],[-47.697923564,-4.84044569699997],[-47.6980425369999,-4.83503242299999]]]}},{"type":"Feature","properties":{"id":"6484","municipality":"2100055","density":"Pouco densa","type":"Área urbanizada","state":"MA"},"geometry":{"type":"Polygon","coordinates":[[[-47.5897244229999,-4.83428884299997],[-47.5913626819999,-4.83605559299997],[-47.591073577,-4.83644106599998],[-47.5930651859999,-4.83727625699995],[-47.5942858499999,-4.83583073399997],[-47.594125236,-4.83505978899996],[-47.5932258,-4.83377487999998],[-47.59145905,-4.83313242499999],[-47.5897244229999,-4.83428884299997]]]}},{"type":"Feature","properties":{"id":"6485","municipality":"2100055","density":"Pouco densa","type":"Área urbanizada","state":"MA"},"geometry":{"type":"Polygon","coordinates":[[[-47.5127846829999,-4.93324891399995],[-47.507996017,-4.93202943999995],[-47.502880176,-4.93152380499994],[-47.502761203,-4.92795461299995],[-47.5044565689999,-4.92209518999993],[-47.5054083539999,-4.92218441999995],[-47.505586813,-4.92155981199995],[-47.504635029,-4.92138135199999],[-47.505021691,-4.91986444599997],[-47.5024340269999,-4.91965624299997],[-47.5025232569999,-4.92066751399995],[-47.5035345279999,-4.92075674399997],[-47.502969406,-4.92179775799999],[-47.502701717,-4.92521823299996],[-47.5015714729999,-4.92515874599997],[-47.500619688,-4.92652693599997],[-47.5005007149999,-4.92816281599994],[-47.501244297,-4.92831153199995],[-47.501155067,-4.92914434399994],[-47.501601216,-4.92911459999995],[-47.501839162,-4.93027458799998],[-47.501303783,-4.93030433099994],[-47.5004412289999,-4.93214841299995],[-47.502255568,-4.93327865699997],[-47.501868905,-4.93512273899997],[-47.5005007149999,-4.93589606399998],[-47.500114053,-4.93723451099993],[-47.500411485,-4.93779963299994],[-47.5014822429999,-4.93791860599993],[-47.5018986489999,-4.93726425399996],[-47.5032668389999,-4.93726425399996],[-47.5042483659999,-4.93592580699995],[-47.507579612,-4.93586632099995],[-47.5107026539999,-4.93720476799997],[-47.51102983,-4.93607452399995],[-47.511475979,-4.93619349699998],[-47.5127846829999,-4.93324891399995]]]}},{"type":"Feature","properties":{"id":"6486","municipality":"2100055","density":"Pouco densa","type":"Área urbanizada","state":"MA"},"geometry":{"type":"Polygon","coordinates":[[[-47.463916502,-4.96825673399997],[-47.4694190059999,-4.96296243299998],[-47.468407735,-4.96189167599994],[-47.4675749239999,-4.96257577099994],[-47.46540972,-4.96039074599998],[-47.460670917,-4.96577138699998],[-47.463916502,-4.96825673399997]]]}},{"type":"Feature","properties":{"id":"6487","municipality":"2100055","density":"Pouco densa","type":"Área urbanizada","state":"MA"},"geometry":{"type":"Polygon","coordinates":[[[-47.4382778099999,-4.92379055599999],[-47.4446726109999,-4.92099468999994],[-47.4433936509999,-4.91894240499995],[-47.4373260259999,-4.92158955499999],[-47.4358388619999,-4.92358235299998],[-47.4376532009999,-4.92471259699994],[-47.4382778099999,-4.92379055599999]]]}},{"type":"Feature","properties":{"id":"6488","municipality":"2100055","density":"Pouco densa","type":"Área urbanizada","state":"MA"},"geometry":{"type":"Polygon","coordinates":[[[-47.467352444,-4.93891678999997],[-47.4667421119999,-4.94000896299997],[-47.471528398,-4.94261090299996],[-47.47355213,-4.93933438499994],[-47.472267221,-4.93878829899997],[-47.470532594,-4.94087627599993],[-47.468990703,-4.93984834899994],[-47.4696974029999,-4.93891678999997],[-47.468380371,-4.93827433499995],[-47.4706932069999,-4.93435536299997],[-47.473102411,-4.93564027199994],[-47.47390548,-4.93409838099995],[-47.472042362,-4.93300620899994],[-47.472909675,-4.93175342299997],[-47.4713677839999,-4.93082186399994],[-47.469376176,-4.93165705399996],[-47.4704683479999,-4.93207464999994],[-47.4685731069999,-4.93531904499998],[-47.4672881989999,-4.93470871299998],[-47.4667742349999,-4.93573663999995],[-47.4661639029999,-4.93535116799996],[-47.46670999,-4.93429111799999],[-47.466196026,-4.93403413599998],[-47.465585694,-4.93506206299998],[-47.464846872,-4.93461234499994],[-47.463659271,-4.93670989399994],[-47.467352444,-4.93891678999997]]]}},{"type":"Feature","properties":{"id":"6489","municipality":"2100055","density":"Pouco densa","type":"Área urbanizada","state":"MA"},"geometry":{"type":"Polygon","coordinates":[[[-47.4948792389999,-4.96831621999996],[-47.4956525629999,-4.96789981499995],[-47.4964853749999,-4.96914903199998],[-47.4974966459999,-4.96914903199998],[-47.498061768,-4.97016030299995],[-47.4995489309999,-4.96920851799997],[-47.497644172,-4.96583563199995],[-47.4945300259999,-4.96769407499994],[-47.4948792389999,-4.96831621999996]]]}},{"type":"Feature","properties":{"id":"6490","municipality":"2100055","density":"Pouco densa","type":"Área urbanizada","state":"MA"},"geometry":{"type":"Polygon","coordinates":[[[-47.4603496899999,-4.94739718899996],[-47.4620521949999,-4.94842511599996],[-47.46246979,-4.94775053899997],[-47.457670417,-4.94472981299999],[-47.4580570799999,-4.94425392099994],[-47.4568078629999,-4.94345085299996],[-47.456302227,-4.94404571799992],[-47.455737105,-4.94368879899999],[-47.45505301,-4.94452160999998],[-47.455945308,-4.94499750299998],[-47.4552909559999,-4.94600877299997],[-47.4596552779999,-4.94841400699995],[-47.4603496899999,-4.94739718899996]]]}},{"type":"Feature","properties":{"id":"6491","municipality":"2100055","density":"Pouco densa","type":"Área urbanizada","state":"MA"},"geometry":{"type":"Polygon","coordinates":[[[-47.619600539,-4.89631504699998],[-47.618743933,-4.89688611699995],[-47.61919603,-4.89743339299997],[-47.617934916,-4.89888486399998],[-47.6198146899999,-4.90100258499996],[-47.622146562,-4.89907522099998],[-47.6221227669999,-4.89855173999995],[-47.619600539,-4.89631504699998]]]}},{"type":"Feature","properties":{"id":"6492","municipality":"2101202","density":"Pouco densa","type":"Outros equipamentos urbanos","state":"MA"},"geometry":{"type":"Polygon","coordinates":[[[-44.73621632,-4.22045912699997],[-44.7362401149999,-4.22226751699998],[-44.737310873,-4.22252925799997],[-44.738167479,-4.22519425399998],[-44.7388813169999,-4.22526563799996],[-44.739166852,-4.22074466199997],[-44.73621632,-4.22045912699997]]]}},{"type":"Feature","properties":{"id":"6493","municipality":"2101202","density":"Pouco densa","type":"Área urbanizada","state":"MA"},"geometry":{"type":"Polygon","coordinates":[[[-44.7502978959999,-4.03741199099994],[-44.750242076,-4.03141770499998],[-44.749647211,-4.03135821899999],[-44.749498495,-4.03239923299999],[-44.7496174679999,-4.03706892499997],[-44.747922102,-4.03709866799995],[-44.745245208,-4.035433046],[-44.7431631799999,-4.03555201899998],[-44.739891421,-4.03460023399992],[-44.742746774,-4.03602791099997],[-44.745780587,-4.03620636999995],[-44.749468752,-4.03962684599999],[-44.7508666849999,-4.04022171099995],[-44.7510451439999,-4.03932941299998],[-44.7492902919999,-4.03855608799997],[-44.748963116,-4.03802070899996],[-44.7502978959999,-4.03741199099994]]]}},{"type":"Feature","properties":{"id":"6494","municipality":"2101202","density":"Pouco densa","type":"Área urbanizada","state":"MA"},"geometry":{"type":"Polygon","coordinates":[[[-44.619593267,-4.21134095799993],[-44.616027645,-4.21127671199997],[-44.615899154,-4.21188704399998],[-44.615256699,-4.21188704399998],[-44.6151282079999,-4.21275435699996],[-44.615288822,-4.21352530299992],[-44.6159633989999,-4.21342893499998],[-44.6173767989999,-4.21593450699995],[-44.619850249,-4.21786187099997],[-44.620107231,-4.21738002999996],[-44.618351188,-4.21587858999995],[-44.6174945819999,-4.21404640499998],[-44.618708108,-4.21249975499996],[-44.61944574,-4.21257113899999],[-44.620492703,-4.21359430699995],[-44.620516498,-4.21497439499996],[-44.6237287699999,-4.21554546499995],[-44.6238477429999,-4.21813907799998],[-44.624395019,-4.21856738099996],[-44.624799528,-4.21835322899996],[-44.6248471169999,-4.21718729299995],[-44.624395019,-4.21464126999996],[-44.625679928,-4.21485542199999],[-44.625441982,-4.21354671799997],[-44.619593267,-4.21134095799993]]]}},{"type":"Feature","properties":{"id":"6495","municipality":"2101202","density":"Pouco densa","type":"Área urbanizada","state":"MA"},"geometry":{"type":"Polygon","coordinates":[[[-44.798368121,-4.22141328999995],[-44.796529987,-4.22119794899993],[-44.7968833369999,-4.21872449899998],[-44.795180833,-4.21837114999995],[-44.795437815,-4.21682925899997],[-44.793079651,-4.21655793999999],[-44.7924360289999,-4.21715074999997],[-44.791793575,-4.21911023599996],[-44.791054752,-4.22322194499999],[-44.79810904,-4.22436255899993],[-44.798368121,-4.22141328999995]]]}},{"type":"Feature","properties":{"id":"6496","municipality":"2101202","density":"Pouco densa","type":"Área urbanizada","state":"MA"},"geometry":{"type":"Polygon","coordinates":[[[-44.951266865,-4.12781748999993],[-44.9484531519999,-4.12842425299993],[-44.9487148929999,-4.12989951899995],[-44.946383021,-4.13144616799998],[-44.947025475,-4.13182688199993],[-44.947525162,-4.13156514099997],[-44.951308505,-4.12837666399997],[-44.9523078789999,-4.12887635099999],[-44.953592788,-4.12775800399993],[-44.9528075659999,-4.12702037099996],[-44.951266865,-4.12781748999993]]]}},{"type":"Feature","properties":{"id":"6497","municipality":"2101202","density":"Pouco densa","type":"Área urbanizada","state":"MA"},"geometry":{"type":"Polygon","coordinates":[[[-45.014470537,-4.29307961599995],[-45.013556824,-4.29355550799994],[-45.0139375379999,-4.29224204599995],[-45.01370911,-4.29138543999994],[-45.0131380389999,-4.29127122599994],[-45.0125669679999,-4.29235625999997],[-45.013119003,-4.29248950999995],[-45.013119003,-4.29412657899998],[-45.014698966,-4.29338418699996],[-45.014470537,-4.29307961599995]]]}},{"type":"Feature","properties":{"id":"6498","municipality":"2101202","density":"Pouco densa","type":"Área urbanizada","state":"MA"},"geometry":{"type":"Polygon","coordinates":[[[-44.7602607739999,-4.22274340899999],[-44.758476178,-4.22249356599996],[-44.758833097,-4.22070896999998],[-44.7563703549999,-4.22074466199997],[-44.755585133,-4.22210095499997],[-44.752765472,-4.22177972699995],[-44.7526940879999,-4.21992374799994],[-44.7557279009999,-4.21956682899998],[-44.7570485019999,-4.21706839499996],[-44.756548815,-4.21671147499996],[-44.755834976,-4.21710408599995],[-44.75515683,-4.21838899499994],[-44.7538362289999,-4.21821053599996],[-44.753229467,-4.21917421799998],[-44.7528368559999,-4.21910283399996],[-44.752622704,-4.21635455599995],[-44.7482682899999,-4.21364197099995],[-44.747554452,-4.21364197099995],[-44.7470190729999,-4.21421304099994],[-44.747054765,-4.21503395499998],[-44.7492676639999,-4.21617609699997],[-44.7496245829999,-4.21546225799994],[-44.750195654,-4.21564071799998],[-44.750731033,-4.21706839499996],[-44.7520516329999,-4.21671147499996],[-44.751266411,-4.21835330399995],[-44.7521587089999,-4.21878160699992],[-44.7516590219999,-4.21942406099994],[-44.751266411,-4.22170834399999],[-44.7521944009999,-4.22195818699993],[-44.752872548,-4.22285048499999],[-44.7538362289999,-4.22285048499999],[-44.754906987,-4.22377847499997],[-44.756156204,-4.22231510599996],[-44.7575481879999,-4.22242218199995],[-44.7586546379999,-4.22370709099994],[-44.760118006,-4.22349293899993],[-44.7602607739999,-4.22274340899999]]]}},{"type":"Feature","properties":{"id":"6499","municipality":"2101202","density":"Pouco densa","type":"Área urbanizada","state":"MA"},"geometry":{"type":"Polygon","coordinates":[[[-44.7429501949999,-4.20849043799995],[-44.7430453739999,-4.20815731299997],[-44.7423077409999,-4.20813351899994],[-44.741236983,-4.20913289199996],[-44.742855017,-4.20994190899995],[-44.74359265,-4.20877597299995],[-44.7429501949999,-4.20849043799995]]]}},{"type":"Feature","properties":{"id":"6500","municipality":"2101202","density":"Pouco densa","type":"Área urbanizada","state":"MA"},"geometry":{"type":"Polygon","coordinates":[[[-44.652201835,-4.21240560299999],[-44.6501792939999,-4.21279226499997],[-44.650000834,-4.21332764399995],[-44.651101335,-4.21377379299997],[-44.650893132,-4.21511223999995],[-44.6502387799999,-4.21523121299994],[-44.6502387799999,-4.21582607799996],[-44.6525290109999,-4.21490403699996],[-44.6528859299999,-4.21392250899994],[-44.653926945,-4.21320867099998],[-44.653837715,-4.21258406199998],[-44.652201835,-4.21240560299999]]]}},{"type":"Feature","properties":{"id":"6501","municipality":"2101202","density":"Pouco densa","type":"Área urbanizada","state":"MA"},"geometry":{"type":"Polygon","coordinates":[[[-44.647808916,-4.19686669599998],[-44.647666148,-4.19748535599997],[-44.646809542,-4.19803263199999],[-44.6481896289999,-4.19853231899999],[-44.648689316,-4.19965066599997],[-44.6463574439999,-4.19900821099998],[-44.646476418,-4.19967445999993],[-44.648094451,-4.20050727199993],[-44.648379986,-4.20212530499993],[-44.649117619,-4.20222048399995],[-44.6494031549999,-4.20095936899998],[-44.648879673,-4.19758053499993],[-44.647808916,-4.19686669599998]]]}},{"type":"Feature","properties":{"id":"6502","municipality":"2101202","density":"Pouco densa","type":"Área urbanizada","state":"MA"},"geometry":{"type":"Polygon","coordinates":[[[-44.8133805749999,-4.22971618199995],[-44.8113282899999,-4.22876439699997],[-44.811030858,-4.22989464099994],[-44.8117446959999,-4.23028130399996],[-44.811536493,-4.23063822299997],[-44.8126369939999,-4.23069770899998],[-44.812458534,-4.23176846699994],[-44.8115364929999,-4.23176846699994],[-44.81141752,-4.23310691399996],[-44.8129939129999,-4.23355306199995],[-44.8128451969999,-4.23548637499995],[-44.812190845,-4.23554586099995],[-44.8120718719999,-4.23643815899994],[-44.810257533,-4.23676533499998],[-44.8098708699999,-4.23976940399997],[-44.810198046,-4.24018580999997],[-44.809305748,-4.24191091899996],[-44.807580639,-4.24104836499993],[-44.8058996519999,-4.23909507899999],[-44.8041745429999,-4.23838124099997],[-44.798731526,-4.23885713299996],[-44.7966197539999,-4.24022532299994],[-44.7966792409999,-4.24061198499993],[-44.7976607679999,-4.24120685099995],[-44.800992014,-4.23906533599996],[-44.803817624,-4.23897610599995],[-44.806018625,-4.24016583599997],[-44.80868114,-4.24268424399997],[-44.81150675,-4.24396320399995],[-44.814986711,-4.24116733799996],[-44.8154626039999,-4.24167297299995],[-44.8166225909999,-4.24140528399995],[-44.8168307939999,-4.24081041899997],[-44.8157897799999,-4.23956120199995],[-44.814986711,-4.23938274199998],[-44.815075941,-4.23738994299993],[-44.8167713069999,-4.23724122699998],[-44.8167713069999,-4.23646790199995],[-44.815046198,-4.23622995599993],[-44.8150461979999,-4.23578380699998],[-44.8159384959999,-4.23569457699996],[-44.816027726,-4.23364229199997],[-44.81680105,-4.23355306199995],[-44.816265672,-4.23316639999998],[-44.816235929,-4.23257153499998],[-44.8168307939999,-4.23254179199996],[-44.816860537,-4.23203615599993],[-44.8179610379999,-4.23221461599998],[-44.8179907809999,-4.23048950599998],[-44.822660473,-4.23040027699995],[-44.82271996,-4.22903208699996],[-44.8275086249999,-4.22974592499999],[-44.8275681119999,-4.22825876199995],[-44.8121611019999,-4.22653365299994],[-44.8119231549999,-4.22766389599997],[-44.8139456969999,-4.22811004499995],[-44.8133805749999,-4.22971618199995]]]}},{"type":"Feature","properties":{"id":"6503","municipality":"2101202","density":"Pouco densa","type":"Área urbanizada","state":"MA"},"geometry":{"type":"Polygon","coordinates":[[[-45.0428560609999,-4.27287899499993],[-45.0454258789999,-4.27644461699992],[-45.045522247,-4.27850047099997],[-45.046742911,-4.27801863099996],[-45.0463895609999,-4.27747254399998],[-45.050212165,-4.27515970799993],[-45.050083674,-4.27368206299997],[-45.0488630099999,-4.27487060399996],[-45.046871402,-4.27551305799994],[-45.0463253149999,-4.27477423499995],[-45.045458002,-4.27493484899998],[-45.0437554969999,-4.27252564499999],[-45.0428560609999,-4.27287899499993]]]}},{"type":"Feature","properties":{"id":"6504","municipality":"2101202","density":"Pouco densa","type":"Área urbanizada","state":"MA"},"geometry":{"type":"Polygon","coordinates":[[[-44.7650175959999,-4.24593244599994],[-44.763957546,-4.24670339199998],[-44.7631544779999,-4.24943382299995],[-44.7620301819999,-4.24997990999999],[-44.7609380099999,-4.25190727299998],[-44.752843083,-4.25733601299993],[-44.7532606789999,-4.25772148599999],[-44.760905887,-4.25296732299997],[-44.764343018,-4.24927320999995],[-44.7645357549999,-4.24776344199996],[-44.765724296,-4.24609305999998],[-44.766398873,-4.24397295999995],[-44.767009204,-4.24345899699995],[-44.767169818,-4.24281654199996],[-44.766623732,-4.24227045599998],[-44.7650175959999,-4.24593244599994]]]}},{"type":"Feature","properties":{"id":"6505","municipality":"2103000","density":"Pouco densa","type":"Área urbanizada","state":"MA"},"geometry":{"type":"Polygon","coordinates":[[[-42.9993104279999,-4.83593819099997],[-42.997882751,-4.83607144099994],[-42.997387823,-4.83515772799996],[-42.9969500029999,-4.83525290699993],[-42.997387823,-4.83698515399994],[-42.994608613,-4.83799404599995],[-42.994875113,-4.83928847199998],[-42.994170792,-4.83936461499998],[-42.993904293,-4.84024025699994],[-42.992362402,-4.84041157799994],[-42.992476616,-4.84126818399994],[-42.995541362,-4.84079229199996],[-42.996493146,-4.84294332399999],[-42.9981682869999,-4.84279103899996],[-42.999519821,-4.84353343099997],[-43.0018612099999,-4.84360957399997],[-43.000795212,-4.84126818399994],[-43.0003764269999,-4.84145854099995],[-42.999424642,-4.83999279299997],[-43.000871354,-4.83772754599994],[-43.001347247,-4.83483412099997],[-43.001347247,-4.83298765999995],[-43.000128963,-4.83327319499996],[-42.9993104279999,-4.83593819099997]]]}},{"type":"Feature","properties":{"id":"6506","municipality":"2103000","density":"Pouco densa","type":"Área urbanizada","state":"MA"},"geometry":{"type":"Polygon","coordinates":[[[-43.1361190609999,-4.95186393699994],[-43.1367853099999,-4.95272054299996],[-43.136690132,-4.95372943499996],[-43.1379655229999,-4.95387220199995],[-43.1385270759999,-4.95305366799994],[-43.1429243199999,-4.94995085099992],[-43.142419874,-4.94847558499994],[-43.14402839,-4.94761897899999],[-43.1419439819999,-4.94834233499995],[-43.1422771059999,-4.94929411899995],[-43.140754251,-4.94987470799992],[-43.1405829299999,-4.95029349299995],[-43.140135592,-4.95012217199998],[-43.1396977709999,-4.95079793899993],[-43.1394407889999,-4.95004602899997],[-43.140078484,-4.94946544099998],[-43.139269468,-4.94886581599998],[-43.1369947029999,-4.95059806399996],[-43.137261203,-4.95100733099997],[-43.1361190609999,-4.95186393699994]]]}},{"type":"Feature","properties":{"id":"6507","municipality":"2103000","density":"Pouco densa","type":"Área urbanizada","state":"MA"},"geometry":{"type":"Polygon","coordinates":[[[-43.3913138469999,-5.01907320499993],[-43.392470265,-5.02091490799995],[-43.392356051,-5.02175723699999],[-43.392927122,-5.02274233399993],[-43.392356051,-5.02305642299996],[-43.3925702029999,-5.02378453799997],[-43.393483916,-5.02382736799997],[-43.394026433,-5.02328485099999],[-43.393883665,-5.02262811999999],[-43.394297691,-5.02202849599996],[-43.393869389,-5.02177151399996],[-43.393141273,-5.01951578499995],[-43.391870641,-5.018073831],[-43.3913138469999,-5.01907320499993]]]}},{"type":"Feature","properties":{"id":"6508","municipality":"2103000","density":"Pouco densa","type":"Área urbanizada","state":"MA"},"geometry":{"type":"Polygon","coordinates":[[[-42.918487769,-4.42640648199995],[-42.9146925279999,-4.42900009499994],[-42.913395722,-4.43077279299995],[-42.9150256529999,-4.43164129599996],[-42.9157513879999,-4.43105832799997],[-42.9180475679999,-4.43322363799997],[-42.9188327899999,-4.43296189699993],[-42.9186424339999,-4.43231944299993],[-42.9149542689999,-4.42944029499994],[-42.91888038,-4.42676340099996],[-42.918487769,-4.42640648199995]]]}},{"type":"Feature","properties":{"id":"6509","municipality":"2103000","density":"Pouco densa","type":"Área urbanizada","state":"MA"},"geometry":{"type":"Polygon","coordinates":[[[-43.4079831609999,-4.86954787499998],[-43.407596499,-4.86886377999999],[-43.4048006319999,-4.86963710499998],[-43.405127808,-4.87079709199999],[-43.40706112,-4.87017248399998],[-43.409232378,-4.87505037899997],[-43.4118200419999,-4.87380116199994],[-43.4117010689999,-4.873355013],[-43.413366692,-4.87219502599993],[-43.414288733,-4.87329552599993],[-43.417322546,-4.87418782399994],[-43.417025113,-4.87198682299992],[-43.4158353829999,-4.86880429399999],[-43.4169358829999,-4.86823917199996],[-43.418939438,-4.87344811299995],[-43.4200247969999,-4.87313800999993],[-43.419791237,-4.86907198299997],[-43.4183635599999,-4.86568125099995],[-43.418006641,-4.86582996799997],[-43.4176199789999,-4.86523510199993],[-43.4079831609999,-4.86954787499998]]]}},{"type":"Feature","properties":{"id":"6510","municipality":"2103000","density":"Pouco densa","type":"Área urbanizada","state":"MA"},"geometry":{"type":"Polygon","coordinates":[[[-43.265875036,-5.15291689199995],[-43.2640606969999,-5.15309535099994],[-43.2640012099999,-5.15369021599998],[-43.265964266,-5.15377944599995],[-43.2656668329999,-5.15493943299993],[-43.2662022119999,-5.15499891999999],[-43.266559131,-5.15357124299992],[-43.2690278219999,-5.15291689199995],[-43.2691765379999,-5.15128101199997],[-43.265845293,-5.15098357899997],[-43.265875036,-5.15291689199995]]]}},{"type":"Feature","properties":{"id":"6511","municipality":"2103000","density":"Pouco densa","type":"Área urbanizada","state":"MA"},"geometry":{"type":"Polygon","coordinates":[[[-43.3828894369999,-4.86845672799997],[-43.3821161119999,-4.86833775499999],[-43.381610477,-4.86887313399997],[-43.379550917,-4.86829007899996],[-43.378130959,-4.86896276599992],[-43.3782792309999,-4.86955722899995],[-43.3825325179999,-4.86976543199995],[-43.384822749,-4.86887313399997],[-43.3856853039999,-4.86982491899995],[-43.3865776019999,-4.86848647199998],[-43.3884514269999,-4.86970594499996],[-43.388881609,-4.86898897599997],[-43.392367949,-4.87145144399994],[-43.3929925569999,-4.87070786299997],[-43.3933197329999,-4.86916121299994],[-43.392933071,-4.86895300999994],[-43.3928438409999,-4.86797148199997],[-43.3932007599999,-4.86755507699996],[-43.390613096,-4.86728738699999],[-43.390642839,-4.86767404999995],[-43.3882141029999,-4.86802277599999],[-43.385239155,-4.86625572699996],[-43.3834248159999,-4.86604752399997],[-43.3828894369999,-4.86845672799997]]]}},{"type":"Feature","properties":{"id":"6512","municipality":"2103000","density":"Pouco densa","type":"Área urbanizada","state":"MA"},"geometry":{"type":"Polygon","coordinates":[[[-43.3259310889999,-4.86039630399995],[-43.32411675,-4.85941477699993],[-43.3218860059999,-4.86003938499994],[-43.3237895739999,-4.86459010399996],[-43.323164966,-4.86506599699993],[-43.3242952099999,-4.86619624099995],[-43.3253461859999,-4.86626445699994],[-43.3267381709999,-4.86476539699994],[-43.3349901409999,-4.85919745799993],[-43.334437662,-4.85774915399998],[-43.334913555,-4.85706505899998],[-43.333128921,-4.85657818099997],[-43.3311659029999,-4.85513174699998],[-43.328191577,-4.85209793399998],[-43.3274479959999,-4.85272254299998],[-43.326972103,-4.85581584199997],[-43.326169035,-4.85780863999998],[-43.326466468,-4.85986092599995],[-43.3259310889999,-4.86039630399995]]]}},{"type":"Feature","properties":{"id":"6513","municipality":"2103000","density":"Pouco densa","type":"Área urbanizada","state":"MA"},"geometry":{"type":"Polygon","coordinates":[[[-43.354295184,-4.89566364999996],[-43.3543142199999,-4.89762432599998],[-43.3535147209999,-4.89813828899999],[-43.3534385789999,-4.90032739299994],[-43.3519157229999,-4.90011800099997],[-43.352353544,-4.89943271599998],[-43.3515921169999,-4.89916621599998],[-43.3515159739999,-4.89979439399997],[-43.3505261179999,-4.89876646699999],[-43.350640332,-4.89794793199997],[-43.3497421079999,-4.89740956399994],[-43.348284688,-4.89699315799994],[-43.345348411,-4.89745300399996],[-43.342633468,-4.90074080899997],[-43.340016061,-4.90554137199996],[-43.3406347209999,-4.90625520999993],[-43.348344174,-4.90654074499998],[-43.346821319,-4.90287637499995],[-43.3484512279999,-4.90205964099995],[-43.349295959,-4.90240048299995],[-43.353057865,-4.90078424999995],[-43.3527532939999,-4.90329696099997],[-43.350902095,-4.90404231099996],[-43.349652878,-4.90541050099995],[-43.349861081,-4.90609459699994],[-43.350812865,-4.90606485299997],[-43.352125116,-4.90451524499997],[-43.3523345089999,-4.90571449299997],[-43.3517051629999,-4.90755201599997],[-43.352329771,-4.90886071999995],[-43.3514077299999,-4.91106172099995],[-43.350812865,-4.91201350599995],[-43.3484036609999,-4.91314374999998],[-43.3492662149999,-4.91379810199993],[-43.3509913249999,-4.91305451999996],[-43.351169784,-4.91332220899994],[-43.3505154319999,-4.91463091299996],[-43.350431428,-4.91703729799998],[-43.34826563,-4.91669332599997],[-43.348279907,-4.91629357699999],[-43.347366194,-4.91619363899998],[-43.347351917,-4.91589382699993],[-43.345824303,-4.91637923699994],[-43.3459670709999,-4.91753565499994],[-43.3463668199999,-4.91770697599999],[-43.3471663189999,-4.91703596799994],[-43.3507069569999,-4.91752137799996],[-43.350878278,-4.91840653799994],[-43.350135887,-4.91914892999997],[-43.347937265,-4.91973427699998],[-43.3499217349999,-4.91984849099994],[-43.3501358869999,-4.92387453899995],[-43.3508068949999,-4.92321780799995],[-43.35113526,-4.92364611099994],[-43.3519775889999,-4.92357472699997],[-43.3518490989999,-4.92317497799996],[-43.351392242,-4.92323208499994],[-43.3514207959999,-4.92151887299997],[-43.3518490989999,-4.92127616799996],[-43.3510140889999,-4.91786018799997],[-43.3522107979999,-4.91254888399995],[-43.3538169349999,-4.90969353099996],[-43.354947179,-4.91016942299995],[-43.3550364079999,-4.909306869],[-43.354173854,-4.90871200399994],[-43.353362436,-4.90693277699996],[-43.3535908639999,-4.90381092399998],[-43.353267257,-4.90379188799995],[-43.354523613,-4.90017510799993],[-43.3547901119999,-4.90027028599998],[-43.3549804689999,-4.89964210799997],[-43.354637827,-4.89952789399997],[-43.3550185409999,-4.89897585899997],[-43.3555325039999,-4.89907103799993],[-43.355894182,-4.89834768199997],[-43.3565604309999,-4.89840478899993],[-43.3567507879999,-4.89747203999997],[-43.3554182899999,-4.89674868399994],[-43.3556847899999,-4.89547329299994],[-43.355189862,-4.89537811399993],[-43.354295184,-4.89566364999996]]]}},{"type":"Feature","properties":{"id":"6514","municipality":"2103000","density":"Pouco densa","type":"Área urbanizada","state":"MA"},"geometry":{"type":"Polygon","coordinates":[[[-43.374560134,-4.85249054499997],[-43.3728945109999,-4.85272849099996],[-43.370574537,-4.85216336899993],[-43.370544793,-4.85293669399994],[-43.371496578,-4.85326386999999],[-43.3713478609999,-4.85436437099999],[-43.3702473609999,-4.85481051999994],[-43.370366334,-4.85519718199994],[-43.37215093,-4.85507820899995],[-43.372359132,-4.85415616799999],[-43.3748575659999,-4.85415616799999],[-43.3750657689999,-4.85376950499995],[-43.3766421619999,-4.85368027599998],[-43.376761135,-4.85284746399998],[-43.374560134,-4.85249054499997]]]}},{"type":"Feature","properties":{"id":"6515","municipality":"2103000","density":"Pouco densa","type":"Área urbanizada","state":"MA"},"geometry":{"type":"Polygon","coordinates":[[[-43.0994854749999,-4.87262943199994],[-43.098923922,-4.87202980799998],[-43.098609833,-4.87225823599993],[-43.0991237969999,-4.87329568099995],[-43.098428994,-4.87651271299997],[-43.097467692,-4.87668403399995],[-43.09685855,-4.87621765999997],[-43.0948788379999,-4.87593212399998],[-43.0934797149999,-4.87642705199994],[-43.0934892329999,-4.87700764099997],[-43.094241143,-4.87726462199995],[-43.0959448369999,-4.87683631899996],[-43.097401067,-4.87767388999992],[-43.099180904,-4.87775003199993],[-43.099475957,-4.87905397699996],[-43.1008465259999,-4.87964408299997],[-43.1025787739999,-4.88133825999994],[-43.1031022549999,-4.88069104599998],[-43.1015793999999,-4.87945372699994],[-43.101046401,-4.87729317599998],[-43.1001136519999,-4.87749305099995],[-43.0991142789999,-4.87629380199997],[-43.099133314,-4.87483757199994],[-43.100618098,-4.87087814899996],[-43.1001802769999,-4.87026900699994],[-43.0994854749999,-4.87262943199994]]]}},{"type":"Feature","properties":{"id":"6516","municipality":"2103000","density":"Pouco densa","type":"Área urbanizada","state":"MA"},"geometry":{"type":"Polygon","coordinates":[[[-42.927125212,-4.41986296399995],[-42.9281364829999,-4.41911343399994],[-42.9293024189999,-4.41623428599998],[-42.9310870149999,-4.41486609599997],[-42.929956771,-4.41469953399996],[-42.930182819,-4.41518732299995],[-42.9298377979999,-4.41565131799996],[-42.929433289,-4.41599633999995],[-42.9288384239999,-4.41572270199992],[-42.928231661,-4.41842338999993],[-42.9268277789999,-4.41957742899997],[-42.927125212,-4.41986296399995]]]}},{"type":"Feature","properties":{"id":"6517","municipality":"2103000","density":"Pouco densa","type":"Área urbanizada","state":"MA"},"geometry":{"type":"Polygon","coordinates":[[[-43.340890346,-4.83335540699995],[-43.3429731139999,-4.83614381199994],[-43.3416346669999,-4.83724431299993],[-43.342082825,-4.83762562399996],[-43.341485951,-4.83828532699995],[-43.3427959629999,-4.83950622799995],[-43.343374172,-4.83732188299996],[-43.345815499,-4.83590848299998],[-43.3459771839999,-4.83480536499996],[-43.345203859,-4.83272333699994],[-43.34457925,-4.83233667399998],[-43.340890346,-4.83335540699995]]]}},{"type":"Feature","properties":{"id":"6518","municipality":"2103307","density":"Pouco densa","type":"Área urbanizada","state":"MA"},"geometry":{"type":"Polygon","coordinates":[[[-44.3474308519999,-4.86971872299994],[-44.3455447769999,-4.86818192099998],[-44.3451605759999,-4.86835655799997],[-44.349002581,-4.87094117899996],[-44.349942632,-4.87071323799995],[-44.352255468,-4.86897861099994],[-44.3524160819999,-4.86852889299998],[-44.351227541,-4.86689063399997],[-44.348561355,-4.86868950699996],[-44.349333127,-4.87025966399996],[-44.3474308519999,-4.86971872299994]]]}},{"type":"Feature","properties":{"id":"6519","municipality":"2103307","density":"Pouco densa","type":"Área urbanizada","state":"MA"},"geometry":{"type":"Polygon","coordinates":[[[-43.8975470139999,-4.50210895099997],[-43.89504858,-4.50472635799997],[-43.8958813909999,-4.50523199399993],[-43.89778496,-4.50300124899997],[-43.8982311089999,-4.50401251999996],[-43.897903933,-4.50612429099994],[-43.898290595,-4.50630275099998],[-43.898617771,-4.50151408599994],[-43.9003726239999,-4.49961051699996],[-43.9033469499999,-4.50240638399993],[-43.9034659229999,-4.50353662799997],[-43.902514138,-4.50541045299998],[-43.904001302,-4.50392328999993],[-43.908105872,-4.51034783499996],[-43.908522278,-4.51028834799997],[-43.9080761289999,-4.50909861799994],[-43.9084033039999,-4.50880118499993],[-43.9076335509999,-4.50757330699999],[-43.91128364,-4.50705784199994],[-43.912054585,-4.50586930099998],[-43.911219394,-4.50561231899998],[-43.9108339219999,-4.50612628299996],[-43.908649576,-4.50474500599995],[-43.907589527,-4.50619052799994],[-43.9085532079999,-4.50676873699998],[-43.907231015,-4.50706555599993],[-43.903376693,-4.50109767999994],[-43.898677258,-4.49782592099996],[-43.898409568,-4.49830181299996],[-43.8993316089999,-4.49946180099994],[-43.8975470139999,-4.50210895099997]]]}},{"type":"Feature","properties":{"id":"6520","municipality":"2103307","density":"Pouco densa","type":"Área urbanizada","state":"MA"},"geometry":{"type":"Polygon","coordinates":[[[-43.8963841519999,-5.00603944099993],[-43.8959023109999,-5.00620005399999],[-43.8977333069999,-5.00803104999996],[-43.898183025,-5.00770982199999],[-43.8963841519999,-5.00603944099993]]]}},{"type":"Feature","properties":{"id":"6521","municipality":"2103307","density":"Pouco densa","type":"Área urbanizada","state":"MA"},"geometry":{"type":"Polygon","coordinates":[[[-44.350853728,-4.85766879999994],[-44.3494566359999,-4.85864676399996],[-44.3498059089999,-4.85910081899995],[-44.3507489469999,-4.85847212799998],[-44.3518666209999,-4.86098689399994],[-44.3528795129999,-4.86213949599995],[-44.3520761839999,-4.86280311499996],[-44.35253024,-4.86329209699996],[-44.352250821,-4.86650540999996],[-44.3542067509999,-4.86626091899997],[-44.354521097,-4.86573700899994],[-44.353682841,-4.86413035299996],[-44.353403422,-4.86147587699997],[-44.351691984,-4.85836734599997],[-44.350853728,-4.85766879999994]]]}},{"type":"Feature","properties":{"id":"6522","municipality":"2103307","density":"Pouco densa","type":"Área urbanizada","state":"MA"},"geometry":{"type":"Polygon","coordinates":[[[-43.901755367,-4.44242214799993],[-43.902611973,-4.44238645599996],[-43.9025762809999,-4.44128000699993],[-43.900720301,-4.44124431499994],[-43.900970145,-4.43935264299995],[-43.896759581,-4.43871802299999],[-43.896544347,-4.44070893599998],[-43.8985430939999,-4.44070893599998],[-43.898721554,-4.44128000699993],[-43.899970771,-4.44170830999996],[-43.900077847,-4.44367136499996],[-43.901398448,-4.44370705699992],[-43.901755367,-4.44242214799993]]]}},{"type":"Feature","properties":{"id":"6523","municipality":"2103307","density":"Pouco densa","type":"Área urbanizada","state":"MA"},"geometry":{"type":"Polygon","coordinates":[[[-43.939586736,-4.52645718199996],[-43.9402934359999,-4.52703539099997],[-43.938719422,-4.52912336799995],[-43.939104895,-4.53008704999996],[-43.9373702679999,-4.53027978599995],[-43.9373381449999,-4.53066525899994],[-43.9379806,-4.53066525899994],[-43.93904065,-4.53150044999996],[-43.9388800359999,-4.53284960399998],[-43.939458245,-4.53326719999997],[-43.940132822,-4.53121134499999],[-43.939843718,-4.53047252299998],[-43.940100699,-4.52963733199995],[-43.941610467,-4.53101860899995],[-43.942124431,-4.53044039999999],[-43.940068577,-4.52918761399998],[-43.9408073989999,-4.52748510899993],[-43.941578345,-4.52681053199997],[-43.940197068,-4.52581472799996],[-43.939586736,-4.52645718199996]]]}},{"type":"Feature","properties":{"id":"6524","municipality":"2103307","density":"Pouco densa","type":"Área urbanizada","state":"MA"},"geometry":{"type":"Polygon","coordinates":[[[-43.9307999809999,-4.51106167299997],[-43.9298481969999,-4.51210268699998],[-43.928955899,-4.51561239199999],[-43.929104615,-4.51760519099998],[-43.928361034,-4.51739698799997],[-43.9278851409999,-4.51784313699994],[-43.9322276579999,-4.52090669299998],[-43.932465604,-4.52034157099997],[-43.9302051159999,-4.51882466499995],[-43.9301158859999,-4.51718878499997],[-43.9297589669999,-4.51706981199993],[-43.9298481969999,-4.51403599899994],[-43.930562035,-4.51198371399995],[-43.9318112519999,-4.51177551099995],[-43.9316030489999,-4.51109141599995],[-43.9307999809999,-4.51106167299997]]]}},{"type":"Feature","properties":{"id":"6525","municipality":"2105302","density":"Pouco densa","type":"Área urbanizada","state":"MA"},"geometry":{"type":"Polygon","coordinates":[[[-47.335431088,-5.57873487099995],[-47.335520318,-5.57766411299997],[-47.3365018449999,-5.57599849099996],[-47.336591075,-5.57248878599995],[-47.3359664669999,-5.57257801499999],[-47.3359664669999,-5.57409492199999],[-47.335401345,-5.57552259799997],[-47.334033155,-5.57516567899995],[-47.333527519,-5.57567131499997],[-47.330582936,-5.57442209799997],[-47.33034499,-5.57498721999996],[-47.332545991,-5.57599849099996],[-47.33462802,-5.57638515299995],[-47.334984939,-5.57995434499998],[-47.3352823719999,-5.58034100699995],[-47.3360556959999,-5.57992460099997],[-47.335431088,-5.57873487099995]]]}},{"type":"Feature","properties":{"id":"6526","municipality":"2105302","density":"Pouco densa","type":"Área urbanizada","state":"MA"},"geometry":{"type":"Polygon","coordinates":[[[-47.4349771569999,-5.60364707299995],[-47.436029745,-5.60176517299995],[-47.435072846,-5.60141430999993],[-47.4373694029999,-5.59796947499997],[-47.4385495779999,-5.59822464799993],[-47.4393150969999,-5.59557722799998],[-47.438453888,-5.59490739899996],[-47.4388685439999,-5.59388670699998],[-47.4329357729999,-5.59190911699995],[-47.432170254,-5.59277032599995],[-47.4313090449999,-5.59286601499997],[-47.425740844,-5.60079815799999],[-47.4349771569999,-5.60364707299995]]]}},{"type":"Feature","properties":{"id":"6527","municipality":"2105302","density":"Pouco densa","type":"Área urbanizada","state":"MA"},"geometry":{"type":"Polygon","coordinates":[[[-47.27182921,-5.56501486699996],[-47.2712343439999,-5.56525281299998],[-47.2670405439999,-5.56766201699999],[-47.266445679,-5.56852457199995],[-47.26736772,-5.56926815299995],[-47.269717438,-5.56694817899995],[-47.272245615,-5.56537178599996],[-47.27182921,-5.56501486699996]]]}},{"type":"Feature","properties":{"id":"6528","municipality":"2105302","density":"Pouco densa","type":"Área urbanizada","state":"MA"},"geometry":{"type":"Polygon","coordinates":[[[-47.436757556,-5.49854926599994],[-47.4372631909999,-5.49715133199993],[-47.4362221769999,-5.49649698099996],[-47.4363114069999,-5.49575339899996],[-47.435181163,-5.49536673699992],[-47.4343780949999,-5.49813285999996],[-47.435924745,-5.49935233399999],[-47.436757556,-5.49854926599994]]]}},{"type":"Feature","properties":{"id":"6529","municipality":"2105302","density":"Pouco densa","type":"Área urbanizada","state":"MA"},"geometry":{"type":"Polygon","coordinates":[[[-47.293165912,-5.55071671699995],[-47.29370129,-5.55077620399992],[-47.293820264,-5.55021108199998],[-47.2931361679999,-5.55009210899993],[-47.2928684789999,-5.54845622899995],[-47.289923896,-5.54952698699999],[-47.290756707,-5.55229310999995],[-47.293165912,-5.55214439399998],[-47.293165912,-5.55071671699995]]]}},{"type":"Feature","properties":{"id":"6530","municipality":"2105302","density":"Pouco densa","type":"Área urbanizada","state":"MA"},"geometry":{"type":"Polygon","coordinates":[[[-47.518870834,-5.27166818699994],[-47.5181867389999,-5.27217382199997],[-47.5168780349999,-5.27107332199995],[-47.516223684,-5.27110306499998],[-47.5161939399999,-5.27294714699998],[-47.5156585619999,-5.27315534999998],[-47.5154503589999,-5.27419636399997],[-47.5191682669999,-5.27196561999997],[-47.518870834,-5.27166818699994]]]}},{"type":"Feature","properties":{"id":"6531","municipality":"2105302","density":"Pouco densa","type":"Área urbanizada","state":"MA"},"geometry":{"type":"Polygon","coordinates":[[[-47.4403267479999,-5.47936486099998],[-47.440832383,-5.47868076599999],[-47.441932884,-5.47832384699995],[-47.441308275,-5.47692591399995],[-47.4394641929999,-5.47668796799996],[-47.438750355,-5.47710437299998],[-47.4389288139999,-5.47769923899995],[-47.439583166,-5.47763975199997],[-47.440178031,-5.47891871299993],[-47.438780098,-5.47939460499994],[-47.4387206109999,-5.47981100999994],[-47.439791369,-5.47966229399998],[-47.439999572,-5.48073305199997],[-47.440683667,-5.48058433499996],[-47.4403267479999,-5.47936486099998]]]}},{"type":"Feature","properties":{"id":"6532","municipality":"2105302","density":"Pouco densa","type":"Área urbanizada","state":"MA"},"geometry":{"type":"Polygon","coordinates":[[[-47.183933903,-5.59462031899996],[-47.183874416,-5.59366853399998],[-47.1870272019999,-5.59247880399994],[-47.1870272019999,-5.59194342499997],[-47.1878897569999,-5.59161624899997],[-47.187622068,-5.59108086999993],[-47.1849451739999,-5.59042651899996],[-47.181465212,-5.59125932999996],[-47.1811082929999,-5.59262751999996],[-47.1818221309999,-5.59467980499994],[-47.183933903,-5.59462031899996]]]}},{"type":"Feature","properties":{"id":"6533","municipality":"2105302","density":"Pouco densa","type":"Área urbanizada","state":"MA"},"geometry":{"type":"Polygon","coordinates":[[[-47.427685861,-5.47383261499995],[-47.428578159,-5.47136392399996],[-47.4294109699999,-5.47163161299996],[-47.4294109699999,-5.47088803199995],[-47.4265853599999,-5.46966855799998],[-47.425455116,-5.47157212699996],[-47.424414102,-5.47088803199995],[-47.4239679529999,-5.47189930299994],[-47.4253063999999,-5.47294031699994],[-47.4247710209999,-5.47377312799996],[-47.42548486,-5.47424901999994],[-47.426139211,-5.47356492499996],[-47.426912536,-5.47442747999997],[-47.427685861,-5.47383261499995]]]}},{"type":"Feature","properties":{"id":"6534","municipality":"2105302","density":"Pouco densa","type":"Área urbanizada","state":"MA"},"geometry":{"type":"Polygon","coordinates":[[[-47.579005762,-5.38240116399994],[-47.5793329379999,-5.38216321799996],[-47.578946276,-5.38100323099996],[-47.5800170329999,-5.38020016199995],[-47.579243708,-5.37930786499993],[-47.5790355059999,-5.37847505299993],[-47.579511398,-5.37835607999994],[-47.579005762,-5.37743403899999],[-47.5777565449999,-5.37657148399996],[-47.578053978,-5.37737455199995],[-47.5777565449999,-5.37799916099993],[-47.5782324369999,-5.37788018799996],[-47.578976019,-5.38017041899998],[-47.5781729509999,-5.38073554099999],[-47.57716168,-5.38028939199995],[-47.577637572,-5.38127091999997],[-47.5779647479999,-5.38106271699997],[-47.579005762,-5.38240116399994]]]}},{"type":"Feature","properties":{"id":"6535","municipality":"2105302","density":"Pouco densa","type":"Área urbanizada","state":"MA"},"geometry":{"type":"Polygon","coordinates":[[[-47.24478267,-5.57453469299998],[-47.2457820429999,-5.57719968999993],[-47.247923558,-5.57629549499996],[-47.24720972,-5.57367808699997],[-47.24478267,-5.57453469299998]]]}},{"type":"Feature","properties":{"id":"6536","municipality":"2105302","density":"Pouco densa","type":"Área urbanizada","state":"MA"},"geometry":{"type":"Polygon","coordinates":[[[-47.4229114719999,-5.47078452499994],[-47.4234468509999,-5.46977325399997],[-47.420680728,-5.46763173899995],[-47.4208591869999,-5.46688815799996],[-47.417788645,-5.46419955799996],[-47.4173197389999,-5.46501433199996],[-47.419223308,-5.46679892799996],[-47.418390497,-5.46828609099994],[-47.4173494819999,-5.46789942899995],[-47.417171023,-5.46876198299998],[-47.419401767,-5.46962453799996],[-47.4196992,-5.46920813199995],[-47.421186363,-5.47013017299997],[-47.421186363,-5.47057632199996],[-47.4229114719999,-5.47078452499994]]]}},{"type":"Feature","properties":{"id":"6537","municipality":"2105302","density":"Pouco densa","type":"Área urbanizada","state":"MA"},"geometry":{"type":"Polygon","coordinates":[[[-47.6532318589999,-5.31193699499994],[-47.653737494,-5.31208571199994],[-47.654005183,-5.30887343899997],[-47.6536185209999,-5.30833806099999],[-47.652964169,-5.30848677699994],[-47.65269648,-5.30774319499995],[-47.653380575,-5.30688064099996],[-47.65287494,-5.30566116699993],[-47.652220588,-5.30572065299999],[-47.651120087,-5.30322221899997],[-47.651863669,-5.30182428599996],[-47.651477006,-5.30125916399992],[-47.6496924099999,-5.30209197499995],[-47.6532318589999,-5.31193699499994]]]}},{"type":"Feature","properties":{"id":"6538","municipality":"2105302","density":"Pouco densa","type":"Área urbanizada","state":"MA"},"geometry":{"type":"Polygon","coordinates":[[[-47.427343219,-5.48280080299999],[-47.427700138,-5.48289003299994],[-47.427670394,-5.48178953199995],[-47.427224246,-5.48128389699997],[-47.4283247459999,-5.47982647699997],[-47.4311206129999,-5.47842854399994],[-47.430198572,-5.47759573199993],[-47.4297821659999,-5.47825008399997],[-47.4285329489999,-5.47762547499998],[-47.4281165429999,-5.47833931399994],[-47.4262724609999,-5.47732804299995],[-47.4258857989999,-5.47771470499993],[-47.4269862989999,-5.47825008399997],[-47.426421177,-5.47923161199998],[-47.4256478529999,-5.47890443599995],[-47.423952487,-5.48193824899996],[-47.426867326,-5.48372284399993],[-47.427343219,-5.48280080299999]]]}},{"type":"Feature","properties":{"id":"6539","municipality":"2105302","density":"Pouco densa","type":"Área urbanizada","state":"MA"},"geometry":{"type":"Polygon","coordinates":[[[-47.5143042519999,-5.23707320299997],[-47.512698116,-5.23686500099995],[-47.510705317,-5.23740037899995],[-47.510199682,-5.23853062299998],[-47.5110027499999,-5.23859010999997],[-47.511329926,-5.23805473099998],[-47.511538128,-5.23912548899995],[-47.5137093869999,-5.23912548899995],[-47.5137093869999,-5.23969061099996],[-47.514839631,-5.24004752999997],[-47.5143042519999,-5.23707320299997]]]}},{"type":"Feature","properties":{"id":"6540","municipality":"2105302","density":"Pouco densa","type":"Área urbanizada","state":"MA"},"geometry":{"type":"Polygon","coordinates":[[[-47.404889199,-5.52612834199993],[-47.402479995,-5.52395708399996],[-47.400784629,-5.52517655699996],[-47.401676927,-5.52660423399995],[-47.401320007,-5.52705038299996],[-47.4023015349999,-5.52809139699998],[-47.402628711,-5.52788319399998],[-47.404115874,-5.53011393899995],[-47.4015172159999,-5.53256925199998],[-47.399405444,-5.53364000999995],[-47.398661862,-5.53337232099994],[-47.398780835,-5.53203387399999],[-47.399970566,-5.53111183299997],[-47.4002679989999,-5.52867288499994],[-47.4002679989999,-5.52792930399994],[-47.399762363,-5.52775084399997],[-47.3994351869999,-5.52662059999995],[-47.3996731329999,-5.52492523399997],[-47.3988998089999,-5.52486574699998],[-47.3975911049999,-5.53191490099995],[-47.398066997,-5.53224207699998],[-47.397977767,-5.53295591499996],[-47.3971746989999,-5.53334257699992],[-47.3970557259999,-5.53429436199997],[-47.396669064,-5.53830970199995],[-47.3972341859999,-5.53887482399995],[-47.399702877,-5.53700099899994],[-47.399048525,-5.53622767399997],[-47.4003274849999,-5.53497845699997],[-47.4027366889999,-5.53575178199999],[-47.404134623,-5.53691176899999],[-47.4050566639999,-5.53551383499997],[-47.407317152,-5.53393744299997],[-47.404472793,-5.53026265499996],[-47.405484064,-5.52880523499994],[-47.404086131,-5.52708012599994],[-47.404889199,-5.52612834199993]]]}},{"type":"Feature","properties":{"id":"6542","municipality":"2111300","density":"Pouco densa","type":"Área urbanizada","state":"MA"},"geometry":{"type":"Polygon","coordinates":[[[-44.1646221929598,-2.48613538344115],[-44.1644437332916,-2.48714665399485],[-44.1637298946189,-2.48756305988723],[-44.163491949294,-2.48827689766062],[-44.1645032198477,-2.48839587077278],[-44.1642652736234,-2.49023995401065],[-44.1633729761818,-2.49018046655523],[-44.1630160568455,-2.49297633379075],[-44.163789381175,-2.49357119935132],[-44.1636109224061,-2.49410657835587],[-44.1643247601795,-2.49422555056868],[-44.1646221929598,-2.49250044224159],[-44.1661688416187,-2.4925599278983],[-44.1665852484105,-2.49137019767643],[-44.1669421668475,-2.49142968423253],[-44.167120627415,-2.49077533211584],[-44.1652170576211,-2.49041841277951],[-44.164860139184,-2.48905022288943],[-44.1655144913007,-2.48863381699705],[-44.166109355962,-2.48625435565396],[-44.1646221929598,-2.48613538344115]]]}},{"type":"Feature","properties":{"id":"6543","municipality":"2111300","density":"Pouco densa","type":"Área urbanizada","state":"MA"},"geometry":{"type":"Polygon","coordinates":[[[-44.11205394963,-2.54999773660621],[-44.111756517749,-2.54928389883281],[-44.1112806261999,-2.54922441227678],[-44.1112211387445,-2.55041414339799],[-44.1118754908612,-2.55094952240251],[-44.1127083017467,-2.55065208872288],[-44.1131841941952,-2.55184181984409],[-44.1137790597557,-2.55184181984409],[-44.1138385463118,-2.55053311561073],[-44.1143739253164,-2.54999773660621],[-44.1137195731997,-2.54975979128131],[-44.1133031682066,-2.5504736290547],[-44.1125893286346,-2.54970030472528],[-44.1129462479709,-2.54868903417157],[-44.1121729236415,-2.54862954671616],[-44.11205394963,-2.54999773660621]]]}},{"type":"Feature","properties":{"id":"6544","municipality":"2111300","density":"Pouco densa","type":"Área urbanizada","state":"MA"},"geometry":{"type":"Polygon","coordinates":[[[-44.1192518202153,-2.56207350209041],[-44.1225235789999,-2.5632632323123],[-44.1233563898854,-2.56189504242225],[-44.1193113067713,-2.56034839286401],[-44.1192518202153,-2.56207350209041]]]}},{"type":"Feature","properties":{"id":"6545","municipality":"2111300","density":"Pouco densa","type":"Área urbanizada","state":"MA"},"geometry":{"type":"Polygon","coordinates":[[[-44.1994741103419,-2.61000275902008],[-44.1997120556668,-2.6108355699056],[-44.1985818120009,-2.6107760833495],[-44.1993551372297,-2.61601089758483],[-44.2016156245614,-2.61529705891211],[-44.2015561380053,-2.61476168080685],[-44.200961273344,-2.61494013957571],[-44.2007233271198,-2.61416681524628],[-44.2016751111174,-2.61333400436076],[-44.2013776792365,-2.61309605813653],[-44.2004853808955,-2.61380989590993],[-44.2001284615592,-2.6135719496857],[-44.199950001891,-2.61196581357139],[-44.1994146237858,-2.61166838079113],[-44.2003664077835,-2.61143043456686],[-44.2000094893464,-2.61006224467678],[-44.1994741103419,-2.61000275902008]]]}},{"type":"Feature","properties":{"id":"6546","municipality":"2111300","density":"Pouco densa","type":"Área urbanizada","state":"MA"},"geometry":{"type":"Polygon","coordinates":[[[-44.0610115122714,-2.53289450907431],[-44.0602976726994,-2.53331091496672],[-44.0610709979282,-2.53390577962796],[-44.0610709979282,-2.53438167207646],[-44.0620227828251,-2.53366783430306],[-44.0623202147061,-2.53390577962796],[-44.0620885187701,-2.53448497270331],[-44.0634020289804,-2.53392490461062],[-44.0634020289804,-2.53303260716905],[-44.0628071634198,-2.53255671382125],[-44.0644727860902,-2.53184287604784],[-44.0645322726462,-2.53130749704332],[-44.0641158667538,-2.53112903827447],[-44.0638779214289,-2.52922546937987],[-44.0634615146371,-2.52922546937987],[-44.0632235693122,-2.53124801138661],[-44.0623312709713,-2.53089109205019],[-44.0621528122025,-2.53154544416686],[-44.0626881903077,-2.53160492982364],[-44.0620933247471,-2.53249722816452],[-44.0612605138615,-2.53208082227208],[-44.0607846223124,-2.53253758973796],[-44.0610115122714,-2.53289450907431]]]}},{"type":"Feature","properties":{"id":"6547","municipality":"2111300","density":"Pouco densa","type":"Área urbanizada","state":"MA"},"geometry":{"type":"Polygon","coordinates":[[[-44.1645422522231,-2.50180350612686],[-44.1633525220012,-2.50186299268291],[-44.1629956026649,-2.50251734479957],[-44.1630550892209,-2.50317169601694],[-44.1637689278937,-2.50358810190932],[-44.1665647942298,-2.50091120868531],[-44.1652560908958,-2.50001891124374],[-44.1645422522231,-2.50180350612686]]]}},{"type":"Feature","properties":{"id":"6548","municipality":"2111300","density":"Pouco densa","type":"Área urbanizada","state":"MA"},"geometry":{"type":"Polygon","coordinates":[[[-44.1473116141397,-2.48101954231801],[-44.1472521266843,-2.48155492132253],[-44.1467762351351,-2.48155492132253],[-44.1464788032541,-2.48583795066082],[-44.1473710997964,-2.48673024900178],[-44.1465382889108,-2.487265627107],[-44.1448131796844,-2.48673024900178],[-44.1442778006799,-2.48720614055089],[-44.1452295855769,-2.4877415186561],[-44.1454080452451,-2.4885148438849],[-44.146716748579,-2.48905022288943],[-44.1472521266843,-2.48916919600158],[-44.1479659662563,-2.48833638511605],[-44.1486798040297,-2.48863381699705],[-44.1492151830342,-2.48815792544788],[-44.1498695351508,-2.48875279010911],[-44.1489177502539,-2.4896450875507],[-44.1517731031461,-2.49244095478617],[-44.1496910745834,-2.49499887579743],[-44.1502264535879,-2.49523682202169],[-44.1510592653727,-2.49416606401257],[-44.1523084821507,-2.49559374135805],[-44.1521895090386,-2.49630757913144],[-44.1540930779332,-2.49749731025265],[-44.153914618265,-2.49642655224353],[-44.1526654005877,-2.49541528079056],[-44.1515351569219,-2.49357119935132],[-44.1528438611552,-2.49440401023687],[-44.1530818073795,-2.49380914467623],[-44.1541525635899,-2.49363068500805],[-44.153617186384,-2.49434452368077],[-44.1551043493862,-2.49547476824591],[-44.1558776737156,-2.49523682202169],[-44.1564725392763,-2.49553425390265],[-44.1555802409353,-2.49678347068057],[-44.1552233215989,-2.49642655224353],[-44.1548069157065,-2.49672398502383],[-44.1551043493862,-2.49743782279723],[-44.1563535661641,-2.49696193124813],[-44.1589709728321,-2.49833012113812],[-44.160160703054,-2.49821114802604],[-44.160160703054,-2.49749731025265],[-44.1609935148388,-2.49749731025265],[-44.1608150551706,-2.49690244379271],[-44.159863271173,-2.49654552535566],[-44.159863271173,-2.4959506597951],[-44.1594468652806,-2.49601014635112],[-44.1590899459442,-2.49749731025265],[-44.1573648367178,-2.49702141690484],[-44.1572458636057,-2.49630757913144],[-44.1583166207154,-2.49654552535566],[-44.1585545669396,-2.49601014635112],[-44.157602782942,-2.49529630767841],[-44.1574838098299,-2.49440401023687],[-44.1567104846011,-2.49380914467623],[-44.1534387258165,-2.49315479255961],[-44.153974104821,-2.48952611533794],[-44.1531412930362,-2.48887176322125],[-44.1511187519288,-2.49071584555982],[-44.1500479939197,-2.4894071422258],[-44.1508213191485,-2.48881227666521],[-44.150285940144,-2.48821741200392],[-44.1515946443772,-2.48714665399485],[-44.1507618316932,-2.486016410329],[-44.1514756712652,-2.48560000533594],[-44.1520110493704,-2.48262567843228],[-44.1503454267,-2.48256619187625],[-44.150285940144,-2.47965135242794],[-44.1487392905858,-2.47965135242794],[-44.1486798040297,-2.48096005576191],[-44.1473116141397,-2.48101954231801]]]}},{"type":"Feature","properties":{"id":"6550","municipality":"2111300","density":"Pouco densa","type":"Área urbanizada","state":"MA"},"geometry":{"type":"Polygon","coordinates":[[[-44.113065221083,-2.5523771979493],[-44.1130652210831,-2.5527936038417],[-44.1119349774172,-2.55273411728564],[-44.1119349774172,-2.55332898284621],[-44.111399599312,-2.55350744161507],[-44.1115780580808,-2.55392384840684],[-44.1136006000876,-2.5535669290705],[-44.1136600866436,-2.55297206440919],[-44.1149093043209,-2.5527936038417],[-44.1147308437534,-2.55219873918044],[-44.113065221083,-2.5523771979493]]]}},{"type":"Feature","properties":{"id":"6551","municipality":"2111300","density":"Pouco densa","type":"Área urbanizada","state":"MA"},"geometry":{"type":"Polygon","coordinates":[[[-44.236236783101,-2.60149618600015],[-44.2369506208744,-2.60042542799108],[-44.2370695939865,-2.60096080699561],[-44.2364152418698,-2.60215053721749],[-44.2373075402108,-2.6028643758902],[-44.2383188107644,-2.60197207844864],[-44.2384972713319,-2.60238848344171],[-44.2369506208744,-2.60351872710754],[-44.2370695939865,-2.6038161598878],[-44.2377239461032,-2.60387564734323],[-44.2390326494372,-2.60518434977786],[-44.2397464881099,-2.60518434977786],[-44.2399844343341,-2.60595767500667],[-44.2400439199908,-2.60536281034535],[-44.2406387846522,-2.60530332289001],[-44.2417095426612,-2.60613613467485],[-44.2418285157734,-2.60518434977786],[-44.2370310544396,-2.59923925458787],[-44.2360150948207,-2.60052257185913],[-44.236236783101,-2.60149618600015]]]}},{"type":"Feature","properties":{"id":"6552","municipality":"2111300","density":"Pouco densa","type":"Área urbanizada","state":"MA"},"geometry":{"type":"Polygon","coordinates":[[[-44.2146671481703,-2.60238821634308],[-44.2146671481703,-2.60173386422639],[-44.215321500287,-2.60167437767036],[-44.2155594456118,-2.60262616166797],[-44.2147861212824,-2.60328051378463],[-44.215795274832,-2.60313634886337],[-44.2158329042651,-2.6057197287824],[-44.2165467429378,-2.60714740522855],[-44.2172010950545,-2.60768278423309],[-44.2180933915967,-2.60720689178458],[-44.2184503118324,-2.60560075567031],[-44.2195210689421,-2.60554126911423],[-44.2199969613906,-2.60762329767698],[-44.2205323403952,-2.6074448380088],[-44.2202943941709,-2.60655253966793],[-44.2205918260519,-2.60601716066339],[-44.2209487462876,-2.60798021701335],[-44.2198185017224,-2.60946738001553],[-44.2203538798277,-2.60982429935189],[-44.2213056647246,-2.60952686567227],[-44.2218410428298,-2.61000275902008],[-44.2223169361776,-2.60940789256018],[-44.2219600168412,-2.60899148756704],[-44.2223169361776,-2.6081586757822],[-44.2214841243928,-2.60803970267013],[-44.2219600168412,-2.60720689178458],[-44.2212461781685,-2.60708791867244],[-44.2210677193997,-2.60560075567031],[-44.2202943941709,-2.60548178255817],[-44.2198172228865,-2.60475131632013],[-44.2177959597157,-2.60464897077333],[-44.217082121043,-2.60530332289001],[-44.2163922573967,-2.60185283733854],[-44.2170466086141,-2.60113899866582],[-44.2169276364012,-2.60066310711666],[-44.2160353380603,-2.60096053899765],[-44.2154404733991,-2.59941389033873],[-44.2136558767173,-2.59935440288336],[-44.2135963910606,-2.59846210544175],[-44.2128230658318,-2.59774826676903],[-44.2130015246007,-2.59703442899565],[-44.2138938229415,-2.5967369962154],[-44.2137153641727,-2.59643956433441],[-44.2128825523878,-2.59661802310325],[-44.2122876868273,-2.59608264409872],[-44.2148456078385,-2.59406010299132],[-44.2154999599551,-2.59536880632534],[-44.2165707170649,-2.59524983321319],[-44.2159758524036,-2.5943575348723],[-44.216689690177,-2.59417907610346],[-44.2159758524036,-2.5930488324376],[-44.2152025271748,-2.59292985932552],[-44.2150240666073,-2.59245396597772],[-44.2153809859437,-2.59174012820434],[-44.2167694159757,-2.59149092336737],[-44.2169735899591,-2.59037290058881],[-44.2160353380604,-2.5880519644266],[-44.2139533103969,-2.58793299041514],[-44.2132394717242,-2.58846836941967],[-44.2130015246007,-2.59060988363917],[-44.2134774179484,-2.59114526264371],[-44.2127635792757,-2.59197807442854],[-44.2136558767173,-2.5925729390898],[-44.2135369036052,-2.59364369709891],[-44.211692822166,-2.59441702232766],[-44.2118712809348,-2.59477394076469],[-44.2096702801593,-2.59715340210778],[-44.2101461717084,-2.59751032144413],[-44.2113953893856,-2.59733186087663],[-44.211692822166,-2.59780775422446],[-44.2122282011705,-2.5991164566591],[-44.2100866860517,-2.59965183566364],[-44.210443605388,-2.60006824155608],[-44.2123471742826,-2.59971132221972],[-44.2118712809348,-2.60197180955136],[-44.2146671481703,-2.60238821634308]]]}},{"type":"Feature","properties":{"id":"6553","municipality":"2111300","density":"Pouco densa","type":"Área urbanizada","state":"MA"},"geometry":{"type":"Polygon","coordinates":[[[-44.1216907681144,-2.53441226791176],[-44.1229994714484,-2.53524507879729],[-44.1234158773408,-2.53488816036025],[-44.1243676613384,-2.53530456625271],[-44.1245461210066,-2.53691070236698],[-44.1257358512285,-2.53738659391616],[-44.1258548243406,-2.53613737713818],[-44.1250220125558,-2.53578045780184],[-44.1246056066634,-2.53453124102392],[-44.1232969042287,-2.53334150990269],[-44.1216907681144,-2.53441226791176]]]}},{"type":"Feature","properties":{"id":"6554","municipality":"2111300","density":"Pouco densa","type":"Área urbanizada","state":"MA"},"geometry":{"type":"Polygon","coordinates":[[[-44.0429080794442,-2.52913158555419],[-44.0439360063416,-2.53232958194463],[-44.0570135239549,-2.52941712210247],[-44.0552432049099,-2.526276232662],[-44.05170256682,-2.52256427372219],[-44.04200324160218,-2.5240432491206635],[-44.041696373666866,-2.5257700960113025],[-44.041347644552786,-2.527732509535253],[-44.0419372585976,-2.52941712210247],[-44.0429080794442,-2.52913158555419]]]}},{"type":"Feature","properties":{"id":"6555","municipality":"2111300","density":"Pouco densa","type":"Área urbanizada","state":"MA"},"geometry":{"type":"Polygon","coordinates":[[[-44.254041099617,-2.60648115598053],[-44.2541362775671,-2.60790883332595],[-44.254707348865,-2.60847990372451],[-44.254041099617,-2.60952686567227],[-44.2549928836146,-2.61028829376972],[-44.2579434162556,-2.60838472487512],[-44.255373598113,-2.60552937198286],[-44.254041099617,-2.60648115598053]]]}},{"type":"Feature","properties":{"id":"6556","municipality":"2111300","density":"Pouco densa","type":"Área urbanizada","state":"MA"},"geometry":{"type":"Polygon","coordinates":[[[-44.1113430157675,-2.50494868893083],[-44.1115809619917,-2.50714968970637],[-44.112175826653,-2.50822044771541],[-44.1128301787697,-2.50768506871089],[-44.1123542872205,-2.50673328471329],[-44.113068124994,-2.50643585193297],[-44.113068124994,-2.50590047292843],[-44.1125922334448,-2.50572201415957],[-44.1123542872205,-2.50358049904077],[-44.1127706922136,-2.50393741837714],[-44.1147337476643,-2.50363998469749],[-44.1162209106665,-2.50239076791958],[-44.1126517191015,-2.50256922758774],[-44.1127112056575,-2.50310460659228],[-44.1116404476485,-2.50280717381197],[-44.1113430157675,-2.50494868893083]]]}},{"type":"Feature","properties":{"id":"6557","municipality":"2111300","density":"Pouco densa","type":"Área urbanizada","state":"MA"},"geometry":{"type":"Polygon","coordinates":[[[-44.3285134510349,-2.73378423675308],[-44.3296436947007,-2.73568780564767],[-44.3310118845907,-2.73420064264549],[-44.3321421291559,-2.73378423675308],[-44.3332723728217,-2.73497396697497],[-44.3338077518263,-2.73449807542579],[-44.3320826425999,-2.73259450563188],[-44.3302980468173,-2.73366526364095],[-44.3296436947007,-2.73312988463642],[-44.3285134510349,-2.73378423675308]]]}},{"type":"Feature","properties":{"id":"6558","municipality":"2111300","density":"Pouco densa","type":"Área urbanizada","state":"MA"},"geometry":{"type":"Polygon","coordinates":[[[-44.0491252627207,-2.55415032287903],[-44.048113992167,-2.55409083722232],[-44.048113992167,-2.55462621532753],[-44.049482182057,-2.55462621532753],[-44.0514452366084,-2.55611337832972],[-44.0518021559447,-2.55492364810783],[-44.0515642097205,-2.55331751199355],[-44.050731398835,-2.55337699765029],[-44.0491252627207,-2.55415032287903]]]}},{"type":"Feature","properties":{"id":"6559","municipality":"2111300","density":"Pouco densa","type":"Área urbanizada","state":"MA"},"geometry":{"type":"Polygon","coordinates":[[[-44.0676850592181,-2.52000505768724],[-44.0690532491081,-2.5201835173554],[-44.0689937616527,-2.51970762490692],[-44.0704809246549,-2.51982659801905],[-44.0707188708791,-2.51952916523874],[-44.0721465482245,-2.52268195091125],[-44.0725034666616,-2.52250349214241],[-44.072562954117,-2.52113530225233],[-44.0729793591101,-2.52089735602812],[-44.0737526843389,-2.52125427536448],[-44.0735147381146,-2.5223250315749],[-44.0739906296638,-2.52244400468704],[-44.0773218759038,-2.52196811313786],[-44.0764295775629,-2.52071889635995],[-44.0740501171191,-2.5196481392502],[-44.0747044692358,-2.51917224590238],[-44.0745854952244,-2.51875584090932],[-44.0734552506592,-2.518458408129],[-44.0733362784464,-2.51941019212661],[-44.0712542498837,-2.51857738124114],[-44.0678040323302,-2.51917224590238],[-44.0676850592181,-2.52000505768724]]]}},{"type":"Feature","properties":{"id":"6560","municipality":"2111300","density":"Pouco densa","type":"Área urbanizada","state":"MA"},"geometry":{"type":"Polygon","coordinates":[[[-44.1951593151502,-2.49492179760286],[-44.1942394004279,-2.49579329642347],[-44.192932152197,-2.49492179760286],[-44.1916249039661,-2.49467971539651],[-44.1912859881578,-2.49589012912612],[-44.1932226512043,-2.49622904493441],[-44.193948899622,-2.49743945956334],[-44.1947235648406,-2.49743945956334],[-44.1955466468602,-2.49816570888033],[-44.1966118119855,-2.49540596381412],[-44.1951593151502,-2.49492179760286]]]}},{"type":"Feature","properties":{"id":"6561","municipality":"2111300","density":"Pouco densa","type":"Área urbanizada","state":"MA"},"geometry":{"type":"Polygon","coordinates":[[[-44.0988479422787,-2.55404282061967],[-44.1000971590566,-2.55416179373174],[-44.1001566447134,-2.55469717273627],[-44.1006325380611,-2.55481614584842],[-44.1006920237179,-2.55422128118715],[-44.1016438086148,-2.55416179373173],[-44.1019412413952,-2.55225822483715],[-44.0989074279354,-2.55219873918044],[-44.0988479422787,-2.55404282061967]]]}},{"type":"Feature","properties":{"id":"6562","municipality":"2111300","density":"Pouco densa","type":"Área urbanizada","state":"MA"},"geometry":{"type":"Polygon","coordinates":[[[-44.1425110510442,-2.62167899978596],[-44.1423325922753,-2.62274975689572],[-44.1412618342662,-2.62298770401931],[-44.1412023477101,-2.6236420552366],[-44.1422731048199,-2.62411794768509],[-44.1418566998268,-2.62471281324571],[-44.1424515653874,-2.62524819225026],[-44.1423325922753,-2.62673535525239],[-44.144712052719,-2.62715176024552],[-44.1450094846,-2.62792508457494],[-44.1469725409499,-2.6275681661379],[-44.1474484333984,-2.62477229890245],[-44.1461992157212,-2.62447486702144],[-44.1461992157212,-2.62495075857062],[-44.1451284577121,-2.62524819225026],[-44.1438197552774,-2.6251292191381],[-44.1428679712798,-2.62274975689572],[-44.1430464300487,-2.62179797289811],[-44.1425110510442,-2.62167899978596]]]}},{"type":"Feature","properties":{"id":"6563","municipality":"2111300","density":"Pouco densa","type":"Área urbanizada","state":"MA"},"geometry":{"type":"Polygon","coordinates":[[[-44.3220294200217,-2.752165572683],[-44.3219699343649,-2.7525819785754],[-44.3179843360083,-2.75347427691629],[-44.317746389784,-2.7544855483693],[-44.3181033091204,-2.75537784491156],[-44.3188766343492,-2.75585373825936],[-44.3204232839074,-2.75567527769187],[-44.3214940410172,-2.75472349369427],[-44.3219104469096,-2.75567527769187],[-44.3222078796899,-2.75549681892302],[-44.3219699343649,-2.75365273568515],[-44.3223268528019,-2.75240351890721],[-44.3220294200217,-2.752165572683]]]}},{"type":"Feature","properties":{"id":"6565","municipality":"2111300","density":"Pouco densa","type":"Área urbanizada","state":"MA"},"geometry":{"type":"Polygon","coordinates":[[[-44.1435223215978,-2.56237093397135],[-44.1436412947099,-2.56373912476074],[-44.144712052719,-2.56373912476074],[-44.1444741073941,-2.56558320709928],[-44.143403349385,-2.56576166586813],[-44.1436412947099,-2.56457193564626],[-44.1431059166047,-2.56439347597809],[-44.1429869443919,-2.5635011776372],[-44.1425110510442,-2.56362015164866],[-44.1420351585957,-2.56260888109496],[-44.1411428611541,-2.56231144831464],[-44.1413213208223,-2.56147863742911],[-44.1393582662709,-2.56207350209041],[-44.1393582662709,-2.56135966431703],[-44.1376331561452,-2.56124069030559],[-44.1378116158134,-2.56391758442893],[-44.1398936443762,-2.56344169198049],[-44.1400126165889,-2.56403655664172],[-44.1406669687056,-2.56433399032136],[-44.1414997795911,-2.56373912476074],[-44.1418566998268,-2.56564269275602],[-44.1428084838244,-2.56540474743111],[-44.1435223215978,-2.56766523476275],[-44.1445930796069,-2.56861701965966],[-44.1464966494008,-2.56647550544018],[-44.1469725409499,-2.56314425920017],[-44.1479243249476,-2.5632037457562],[-44.1480432980597,-2.56433399032136],[-44.1488761098445,-2.56475039531444],[-44.1494709754052,-2.56302528608802],[-44.1479838124029,-2.56237093397135],[-44.1435223215978,-2.56237093397135]]]}},{"type":"Feature","properties":{"id":"6566","municipality":"2111300","density":"Pouco densa","type":"Área urbanizada","state":"MA"},"geometry":{"type":"Polygon","coordinates":[[[-44.1944773538468,-2.61763554714276],[-44.1912650816181,-2.62078833281528],[-44.1922168656158,-2.62114525215162],[-44.1931091639567,-2.62072884715855],[-44.1935255698491,-2.62120473870768],[-44.1930496783,-2.62168063115617],[-44.1912650816181,-2.62203754959319],[-44.1904917572887,-2.62162114460012],[-44.1888856211744,-2.62298933538951],[-44.1871010253919,-2.62364368570748],[-44.1859112951701,-2.62483341682868],[-44.1852569430534,-2.62626109327477],[-44.1862682136071,-2.62632057983086],[-44.1869820522799,-2.62477393027262],[-44.1901943236091,-2.62292984793408],[-44.1906702169569,-2.62370317316289],[-44.1893020261675,-2.62638006728623],[-44.1898374051721,-2.62655852605508],[-44.1912055950621,-2.62358420005075],[-44.1917409740666,-2.62388163193175],[-44.1926927580643,-2.62608263360659],[-44.1942988950779,-2.62560674205748],[-44.194715300071,-2.62685595883539],[-44.1935850564052,-2.62774825717629],[-44.193406596737,-2.62852158060639],[-44.1944773538468,-2.62852158060639],[-44.1948342731831,-2.62917593272306],[-44.197332706739,-2.62804568905727],[-44.1981060319678,-2.62816466216937],[-44.1988198697412,-2.62608263360659],[-44.1994742218578,-2.62608263360659],[-44.1963214361853,-2.6181709261473],[-44.1944773538468,-2.61763554714276]]]}},{"type":"Feature","properties":{"id":"6567","municipality":"2111300","density":"Pouco densa","type":"Área urbanizada","state":"MA"},"geometry":{"type":"Polygon","coordinates":[[[-44.3143556578872,-2.65038412922417],[-44.31506949656,-2.65216872410729],[-44.3159617949009,-2.65294204933606],[-44.3160212805576,-2.65377486112091],[-44.3150100100039,-2.65431023922611],[-44.3156643621206,-2.65478613077528],[-44.3166756326743,-2.65389383423303],[-44.3176869041273,-2.65401280734512],[-44.3180438225643,-2.65466715766314],[-44.3195904730219,-2.65395331988976],[-44.3191145796741,-2.65306102244819],[-44.3182817687885,-2.65353691399737],[-44.3178653628962,-2.65276358966787],[-44.3186386881249,-2.65240667033153],[-44.3182817687885,-2.65151437288996],[-44.3179843360083,-2.65163334600209],[-44.3182222822325,-2.65204975099518],[-44.3170325520106,-2.65258512999969],[-44.3153669293402,-2.65080053421725],[-44.3151884696721,-2.64913491244618],[-44.3156643621206,-2.64622007209862],[-44.3153669293402,-2.64586315276222],[-44.3148910368918,-2.64616058464322],[-44.3143556578872,-2.65038412922417]]]}},{"type":"Feature","properties":{"id":"6570","municipality":"2111300","density":"Pouco densa","type":"Área urbanizada","state":"MA"},"geometry":{"type":"Polygon","coordinates":[[[-44.2898817307572,-2.63103719391132],[-44.2905360828739,-2.63258384436887],[-44.2922611921003,-2.63258384436887],[-44.2928560567616,-2.62865773256823],[-44.2935698963336,-2.62871721912433],[-44.2935104088782,-2.62818184101913],[-44.2921422189881,-2.62770594857064],[-44.2920827324321,-2.62681365112906],[-44.290952487867,-2.62675416367371],[-44.2901791644368,-2.62853876035546],[-44.2898817307572,-2.63103719391132]]]}},{"type":"Feature","properties":{"id":"6571","municipality":"2111300","density":"Pouco densa","type":"Área urbanizada","state":"MA"},"geometry":{"type":"Polygon","coordinates":[[[-44.109139111081,-2.52971283178171],[-44.1082468127402,-2.52983180489385],[-44.1081873261841,-2.53036718389836],[-44.1077114337356,-2.53054564356656],[-44.1077114337356,-2.52917745277716],[-44.1085442464198,-2.52899899400832],[-44.1085442464198,-2.52846361500378],[-44.1066406766259,-2.52822566877955],[-44.1061647850767,-2.52893950655294],[-44.1072355421865,-2.52947488555749],[-44.1072950278433,-2.53054564356656],[-44.106759649738,-2.53054564356656],[-44.1066406766259,-2.53131896789604],[-44.1073545152986,-2.53137845535141],[-44.1072355421865,-2.53221126623691],[-44.106819136294,-2.53221126623691],[-44.1069975959622,-2.53304407802177],[-44.1061052976213,-2.53351996957089],[-44.105391459848,-2.53316305113385],[-44.1063432438456,-2.53417432168756],[-44.109436542962,-2.53387688890724],[-44.109139111081,-2.52971283178171]]]}},{"type":"Feature","properties":{"id":"6572","municipality":"2111300","density":"Pouco densa","type":"Área urbanizada","state":"MA"},"geometry":{"type":"Polygon","coordinates":[[[-44.2936543480696,-2.67554692894755],[-44.2960932950694,-2.67542795583546],[-44.2950820236164,-2.67292952227957],[-44.294249212731,-2.67316746760451],[-44.2949035648476,-2.67405976594541],[-44.2936543480696,-2.67405976594541],[-44.2931189690651,-2.66834905926163],[-44.2909774539463,-2.66817059959345],[-44.2913343732827,-2.66930084415856],[-44.2923456438364,-2.66930084415856],[-44.2926430766166,-2.67025262815623],[-44.2922266707242,-2.67132338526597],[-44.2912748867266,-2.6714423583781],[-44.2936543480696,-2.67554692894755]]]}},{"type":"Feature","properties":{"id":"6573","municipality":"2111300","density":"Pouco densa","type":"Área urbanizada","state":"MA"},"geometry":{"type":"Polygon","coordinates":[[[-44.1111645560994,-2.51434756029164],[-44.1106886636509,-2.50941017793729],[-44.1093204737608,-2.50429433681416],[-44.108190230095,-2.50256922758774],[-44.1049184713104,-2.50078463180529],[-44.1047994981982,-2.50001130657649],[-44.1042046326376,-2.49989233436368],[-44.1043830923058,-2.50084411926066],[-44.0983749528418,-2.50221230915072],[-44.0996836570751,-2.50423485115744],[-44.1001000620682,-2.50405639058988],[-44.1000405764114,-2.50268820069989],[-44.1007544141849,-2.50185538981435],[-44.1044425788619,-2.50161744269076],[-44.1063461468571,-2.50286666036805],[-44.106941013317,-2.50393741837714],[-44.1077143376465,-2.50375895780964],[-44.108190230095,-2.50411587804531],[-44.1101532846464,-2.51178963928038],[-44.109558419985,-2.51351474760749],[-44.1099748258775,-2.51381218128711],[-44.1097368787539,-2.51476396618405],[-44.1105102039827,-2.51518037117717],[-44.1111645560994,-2.51434756029164]]]}},{"type":"Feature","properties":{"id":"6574","municipality":"2111300","density":"Pouco densa","type":"Área urbanizada","state":"MA"},"geometry":{"type":"Polygon","coordinates":[[[-44.1653955181886,-2.49844909425025],[-44.163789381175,-2.49827063368275],[-44.1642057870674,-2.49773525557754],[-44.1631350299576,-2.49702141690484],[-44.1631350299576,-2.49773525557754],[-44.1621832450606,-2.49791371524572],[-44.1636704080628,-2.4995793379161],[-44.1641463014107,-2.49910344636693],[-44.1665257618544,-2.49910344636693],[-44.1689647088541,-2.49981728414032],[-44.1692026550784,-2.50070958158188],[-44.1696020646835,-2.50044330941114],[-44.1700949534193,-2.50082855469403],[-44.1702734130875,-2.50035266314486],[-44.1730692794236,-2.50041214880156],[-44.1730692794237,-2.4995793379161],[-44.1738426037532,-2.49880601268729],[-44.1753892542106,-2.49844909425025],[-44.1751513079864,-2.49779474213359],[-44.1742590096455,-2.49779474213359],[-44.1722364676388,-2.49880601268729],[-44.1724149282063,-2.49934139169183],[-44.1718200617464,-2.49934139169183],[-44.1715226298654,-2.49844909425025],[-44.1700949534193,-2.49821114802604],[-44.1704518718564,-2.49963882537144],[-44.1696740581112,-2.49949740428173],[-44.1689052231975,-2.49868703957514],[-44.1660498694059,-2.49862755391844],[-44.1662283290741,-2.49803268835787],[-44.1670016543029,-2.49815166057062],[-44.1662283290741,-2.49755679590936],[-44.1665257618543,-2.49708090436019],[-44.1662283290741,-2.49672398502383],[-44.1653955181886,-2.49844909425025]]]}},{"type":"Feature","properties":{"id":"6577","municipality":"2111300","density":"Pouco densa","type":"Área urbanizada","state":"MA"},"geometry":{"type":"Polygon","coordinates":[[[-44.302909280239,-2.6261592990124],[-44.3027308196715,-2.62532648812686],[-44.3014816028936,-2.62520751411547],[-44.3012436566694,-2.62592135278818],[-44.3026713340148,-2.62663519056157],[-44.3026713340148,-2.62758697635781],[-44.3024928743466,-2.62824132667584],[-44.3014221172369,-2.62794389479485],[-44.3013626297815,-2.62859824601219],[-44.3035636323557,-2.62990695024554],[-44.3045749029094,-2.62990695024554],[-44.3054672012503,-2.62925259812887],[-44.3064189852479,-2.62990695024554],[-44.3062405246804,-2.63044232925008],[-44.3070733373646,-2.63032335613793],[-44.3079061482501,-2.63097770735528],[-44.3080846079183,-2.63020438302579],[-44.3058241196873,-2.62889567879252],[-44.3052292541268,-2.62794389479485],[-44.3059430927994,-2.62794389479485],[-44.3063000121358,-2.62871721912433],[-44.3065974449161,-2.62824132667584],[-44.3066569305728,-2.62663519056157],[-44.3057051465752,-2.62604032590025],[-44.302909280239,-2.6261592990124]]]}},{"type":"Feature","properties":{"id":"6582","municipality":"2111300","density":"Pouco densa","type":"Área urbanizada","state":"MA"},"geometry":{"type":"Polygon","coordinates":[[[-44.3532598457652,-2.73431961575763],[-44.355044442447,-2.73426012920158],[-44.3551634146598,-2.73550934597951],[-44.3591490121172,-2.73396269642126],[-44.3600413095588,-2.7322970737509],[-44.3600413095588,-2.73057196362517],[-44.3615284725609,-2.73128580319724],[-44.3615284725609,-2.73069093763662],[-44.3633130692427,-2.73086939730479],[-44.3634915280116,-2.73164272163429],[-44.3639674195607,-2.73158323507819],[-44.3640269070161,-2.7304529914124],[-44.3628371758949,-2.7304529914124],[-44.3623017977897,-2.72997709896391],[-44.3627182027828,-2.72878736874202],[-44.3626587171261,-2.72795455695717],[-44.3618259053412,-2.72724071918379],[-44.3624207709018,-2.72694328640354],[-44.3624207709018,-2.72646739395505],[-44.361587959117,-2.7263484208429],[-44.3620043650094,-2.72545612340135],[-44.3618853918973,-2.72390947384311],[-44.3612310397806,-2.72390947384311],[-44.3609930935564,-2.72575355618166],[-44.3598628498906,-2.72593201584984],[-44.3598628498906,-2.72688379984743],[-44.3586136331126,-2.7271217460717],[-44.3571859557672,-2.72837096284964],[-44.3568290373302,-2.72795455695717],[-44.3559367389893,-2.72807353006932],[-44.3567695507741,-2.73140477630931],[-44.356710064218,-2.732356560307],[-44.3561151986575,-2.73307039897971],[-44.3545090634425,-2.73324885774856],[-44.3537357382137,-2.73378423675308],[-44.3520701146441,-2.73122631574182],[-44.3515942230949,-2.73122631574182],[-44.3529029273282,-2.73348680397277],[-44.3516537096509,-2.73384372330911],[-44.351713196207,-2.73414115608943],[-44.3529029273282,-2.73479550820611],[-44.3532598457652,-2.73431961575763]]]}},{"type":"Feature","properties":{"id":"6583","municipality":"2111300","density":"Pouco densa","type":"Área urbanizada","state":"MA"},"geometry":{"type":"Polygon","coordinates":[[[-44.0618345367345,-2.54278257655461],[-44.0628833512856,-2.54342351798091],[-44.0633909727152,-2.54175800232993],[-44.0629150802667,-2.54116313586997],[-44.0620227828251,-2.5424718401033],[-44.0598217811502,-2.54199594765482],[-44.0599407542623,-2.54312619221999],[-44.0588105096972,-2.54312619221999],[-44.0586320509283,-2.54395900310546],[-44.0604111644436,-2.54506963975201],[-44.0618345367345,-2.54278257655461]]]}},{"type":"Feature","properties":{"id":"6584","municipality":"2111300","density":"Pouco densa","type":"Área urbanizada","state":"MA"},"geometry":{"type":"Polygon","coordinates":[[[-44.3654545825629,-2.72396896039914],[-44.36582975678484,-2.7232561304551233],[-44.36558406120436,-2.7228336950834],[-44.365530374965964,-2.722741389938844],[-44.3650976641259,-2.72266025706519],[-44.3648597179016,-2.72343358139461],[-44.3636105011237,-2.72367152761889],[-44.3640269070161,-2.72539663684529],[-44.364919205357,-2.72694328640354],[-44.365573555675,-2.72640790829825],[-44.3647407447895,-2.72563458306952],[-44.3653950969061,-2.72533715028921],[-44.3667038002401,-2.72670534017927],[-44.36733874679845,-2.72585060429988],[-44.36676978184255,-2.7248723574703115],[-44.36632899030224,-2.7241144849118464],[-44.3660494490228,-2.72444485194832],[-44.3654545825629,-2.72396896039914]]]}},{"type":"Feature","properties":{"id":"6585","municipality":"2111300","density":"Pouco densa","type":"Área urbanizada","state":"MA"},"geometry":{"type":"Polygon","coordinates":[[[-44.2417820981652,-2.69725951021822],[-44.2420200443895,-2.69987691688618],[-44.241544151941,-2.70112613456343],[-44.2421390166023,-2.70136408078765],[-44.2420795300462,-2.70183997323614],[-44.2410682585932,-2.70189945889287],[-44.2410682585932,-2.70219689167318],[-44.2424364493826,-2.70285124378985],[-44.2444589913893,-2.70255381100953],[-44.2445184779453,-2.70219689167318],[-44.2439236132841,-2.70213740511714],[-44.2439830989408,-2.70118562111947],[-44.2445184779453,-2.70100716055197],[-44.2446374510575,-2.70011486400973],[-44.245172830062,-2.69969845811733],[-44.2448159098263,-2.69916307911274],[-44.2436261796045,-2.70035281023395],[-44.2430313149432,-2.69999589089758],[-44.2436856661605,-2.69957948500518],[-44.2445779636021,-2.69785437577878],[-44.2421390166023,-2.69672413211294],[-44.2417820981652,-2.69725951021822]]]}},{"type":"Feature","properties":{"id":"6587","municipality":"2111300","density":"Pouco densa","type":"Área urbanizada","state":"MA"},"geometry":{"type":"Polygon","coordinates":[[[-44.1437036851769,-2.49507392602084],[-44.1447149557306,-2.49804825202518],[-44.1421570356186,-2.49727492679637],[-44.1407293591726,-2.49584725124959],[-44.1372196541637,-2.49406265456783],[-44.1369817079394,-2.49459803267304],[-44.1384688709416,-2.49554981756997],[-44.1363868432781,-2.4975723595767],[-44.1368032482712,-2.49775081924487],[-44.1361488970539,-2.49870260414185],[-44.1379929793924,-2.49876208979856],[-44.1406103860604,-2.49650160156763],[-44.1414431969459,-2.49703698057216],[-44.1413837112892,-2.49757235957669],[-44.1400750070559,-2.49840517136154],[-44.1416216566141,-2.49775081924487],[-44.1418001162823,-2.49846465791757],[-44.1412052507217,-2.49882157725393],[-44.1415621700581,-2.49941644191524],[-44.1438821448451,-2.49947592937061],[-44.1439416314011,-2.49894055036606],[-44.1452503347351,-2.49864311668642],[-44.1434657389527,-2.50179590325825],[-44.1440606036139,-2.50221230915072],[-44.1457262271836,-2.4985836310297],[-44.1452503347351,-2.49673954779185],[-44.1465590380691,-2.49608519657456],[-44.1454882809593,-2.49430060079204],[-44.1437036851769,-2.49507392602084]]]}},{"type":"Feature","properties":{"id":"6588","municipality":"2111300","density":"Pouco densa","type":"Área urbanizada","state":"MA"},"geometry":{"type":"Polygon","coordinates":[[[-44.1078898943031,-2.52192009743448],[-44.108068353072,-2.5229908554436],[-44.1047965942873,-2.52305034110033],[-44.1080088674153,-2.52376417977302],[-44.1093770573053,-2.52328828732454],[-44.1096150026302,-2.52227701677088],[-44.1090796236257,-2.52162266465423],[-44.1078898943031,-2.52192009743448]]]}},{"type":"Feature","properties":{"id":"6589","municipality":"2111300","density":"Pouco densa","type":"Área urbanizada","state":"MA"},"geometry":{"type":"Polygon","coordinates":[[[-44.1831153164186,-2.66919185082322],[-44.1853758037503,-2.67038158194442],[-44.1851973440821,-2.6707979869375],[-44.1843645331966,-2.67056004071327],[-44.1846024794209,-2.67204720371542],[-44.1831153164187,-2.67293950205635],[-44.1833532617436,-2.67329642139271],[-44.1846619650776,-2.67264207017536],[-44.1848999113018,-2.67395077261],[-44.1853163171942,-2.67329642139271],[-44.1857922087434,-2.67311796172452],[-44.1859706693109,-2.67365334072906],[-44.1868034801964,-2.67317744828057],[-44.1863275877479,-2.67240412395114],[-44.1862086146358,-2.67276104328751],[-44.18507837097,-2.67276104328751],[-44.1850188844139,-2.67186874494656],[-44.1865060483154,-2.67032209538837],[-44.1834127482996,-2.66877544583015],[-44.1831153164186,-2.66919185082322]]]}},{"type":"Feature","properties":{"id":"6590","municipality":"2111300","density":"Pouco densa","type":"Área urbanizada","state":"MA"},"geometry":{"type":"Polygon","coordinates":[[[-44.2533629532377,-2.7281429982008],[-44.251399897787,-2.72588250996984],[-44.2497342751167,-2.72475226630399],[-44.2491988961121,-2.72380048140708],[-44.2486635180069,-2.72409791418734],[-44.2483660852266,-2.72320561584646],[-44.2476522465539,-2.72332458895859],[-44.2482471121145,-2.72231331840487],[-44.2476522465539,-2.72219434529274],[-44.2469384078812,-2.72302715617827],[-44.2471763550047,-2.72385996796312],[-44.2483065986705,-2.72421688729946],[-44.2486040305515,-2.72516867129706],[-44.2496747885606,-2.7260609687387],[-44.2493178692242,-2.72623942930619],[-44.2484255717827,-2.72558507718953],[-44.248782491119,-2.72766710485299],[-44.2499127347849,-2.72766710485299],[-44.2511024650067,-2.72927324186658],[-44.2511024650067,-2.72963016120293],[-44.2496747885606,-2.7293327284226],[-44.2494368423364,-2.72963016120293],[-44.2527680876771,-2.73087937798084],[-44.252768087677,-2.72963016120293],[-44.2534224397937,-2.72909478219841],[-44.2533629532377,-2.7281429982008]]]}},{"type":"Feature","properties":{"id":"6591","municipality":"2111300","density":"Pouco densa","type":"Outros equipamentos urbanos","state":"MA"},"geometry":{"type":"Polygon","coordinates":[[[-44.3371150922877,-2.73901868316564],[-44.3351163454429,-2.73640127559834],[-44.3324037590262,-2.73873314841604],[-44.3344500961949,-2.7414457330341],[-44.3368771460634,-2.73968493241363],[-44.3371150922877,-2.73901868316564]]]}},{"type":"Feature","properties":{"id":"6592","municipality":"2111300","density":"Pouco densa","type":"Área urbanizada","state":"MA"},"geometry":{"type":"Polygon","coordinates":[[[-44.3407676761873,-2.74443232489184],[-44.3410056224115,-2.74496770389635],[-44.3401133240706,-2.7456220551137],[-44.3406487021758,-2.74663332566742],[-44.3399348644024,-2.74734716523945],[-44.3406487021758,-2.74829894923711],[-44.3413625408485,-2.74740665089616],[-44.3419574064091,-2.74817997612496],[-44.3423143248462,-2.74794202990069],[-44.3417194601849,-2.7472281921273],[-44.3419574064091,-2.74669281312277],[-44.3427902172946,-2.74639538034251],[-44.3413030542925,-2.74425386522365],[-44.3407676761873,-2.74443232489184]]]}},{"type":"Feature","properties":{"id":"6593","municipality":"2111300","density":"Pouco densa","type":"Área urbanizada","state":"MA"},"geometry":{"type":"Polygon","coordinates":[[[-44.0943893562837,-2.49697749491544],[-44.094686789064,-2.49840517136154],[-44.099564683963,-2.4975723595767],[-44.0987913587342,-2.49620416968663],[-44.0943893562837,-2.49697749491544]]]}},{"type":"Feature","properties":{"id":"6594","municipality":"2111300","density":"Pouco densa","type":"Área urbanizada","state":"MA"},"geometry":{"type":"Polygon","coordinates":[[[-44.1741203386826,-2.47074015373506],[-44.1748056238804,-2.47171097368245],[-44.1809215012262,-2.47429756508053],[-44.180980986883,-2.4759631877509],[-44.1794343382241,-2.47584421373945],[-44.178363580215,-2.477390864197],[-44.1777687146544,-2.47745035075304],[-44.1778876877665,-2.47542780874631],[-44.1753892542106,-2.47507089030927],[-44.1741995230895,-2.47828316163857],[-44.173366712204,-2.47899700031128],[-44.1738426037532,-2.47965135242794],[-44.1736641449843,-2.48078159609374],[-44.172117495426,-2.48078159609374],[-44.1719985223139,-2.48119800198618],[-44.1739020912085,-2.48149543386711],[-44.1765194978765,-2.48351797587385],[-44.1774117962174,-2.47971083898399],[-44.1783040936589,-2.47988929775284],[-44.178363580215,-2.47929443309159],[-44.1794343382241,-2.47941340620366],[-44.1794343382241,-2.47988929775284],[-44.1803266347664,-2.48006775832035],[-44.180624068446,-2.47804521631366],[-44.1818732852239,-2.47804521631366],[-44.1820517448921,-2.47745035075304],[-44.1822302036609,-2.47858059531821],[-44.1816948246564,-2.47864008097493],[-44.1816353389996,-2.47982981209612],[-44.1826466095533,-2.48018673143248],[-44.1824681498851,-2.48078159609374],[-44.1828845557776,-2.48119800198618],[-44.1838958272306,-2.48006775832035],[-44.183360448226,-2.47965135242794],[-44.1853235036767,-2.47810470197038],[-44.1853235036767,-2.47768829697725],[-44.1844312062352,-2.47756932386517],[-44.1844312062352,-2.47685548519247],[-44.1894280742462,-2.47768829697725],[-44.1899039657953,-2.47602267430694],[-44.1928188061429,-2.47643908019933],[-44.1928206722361,-2.4772126527417],[-44.1929972649118,-2.47584421373945],[-44.1899634523514,-2.47471397007359],[-44.1899039657953,-2.47513037596605],[-44.1877624506765,-2.47453551130475],[-44.1877029650197,-2.47417859196838],[-44.1884168027932,-2.47376218607598],[-44.1890116683538,-2.47423807762518],[-44.1894280742462,-2.4728698877351],[-44.1881193700129,-2.47239399618593],[-44.1883573162371,-2.47179913062536],[-44.1876434775644,-2.4713232390762],[-44.1874650178962,-2.47191810373745],[-44.1849665843404,-2.47221553561845],[-44.1850260708964,-2.46822993906041],[-44.1841932600109,-2.46930069706947],[-44.183241475114,-2.46888429117708],[-44.183241475114,-2.46977658861864],[-44.184312233123,-2.47066888695952],[-44.1841932600109,-2.47239399618593],[-44.184609665004,-2.47251296929807],[-44.184609665004,-2.47304834830261],[-44.1840148003427,-2.47304834830261],[-44.1840742859994,-2.47370270041927],[-44.184609665004,-2.47376218607598],[-44.1850260708964,-2.47495191719721],[-44.1818137986678,-2.47447602384939],[-44.1820582209101,-2.46674265914634],[-44.180687651414,-2.46679976609631],[-44.1810302940128,-2.46531498270025],[-44.1800594740654,-2.46742794434408],[-44.1798310453664,-2.47028329723635],[-44.1775467628728,-2.47011197638655],[-44.1779465124216,-2.46508655490056],[-44.1769185846249,-2.46502944705129],[-44.1746343021313,-2.46668555219645],[-44.1741203386826,-2.4687414068904],[-44.1741203386826,-2.47074015373506]]]}},{"type":"Feature","properties":{"id":"6595","municipality":"2111300","density":"Pouco densa","type":"Área urbanizada","state":"MA"},"geometry":{"type":"Polygon","coordinates":[[[-44.1497875232755,-2.52310085871762],[-44.1498110729227,-2.52354830471047],[-44.1511782375855,-2.52319548808129],[-44.1512972106977,-2.52063756796935],[-44.1480849393684,-2.51570018561501],[-44.1457054780253,-2.5166519714113],[-44.1489959939699,-2.52289837456029],[-44.1497875232755,-2.52310085871762]]]}},{"type":"Feature","properties":{"id":"6596","municipality":"2111300","density":"Pouco densa","type":"Área urbanizada","state":"MA"},"geometry":{"type":"Polygon","coordinates":[[[-44.119013873991,-2.56379861131683],[-44.1167533857601,-2.56695139698934],[-44.1163964673231,-2.56861701965966],[-44.117943115982,-2.56903342465278],[-44.1187759277668,-2.56760574910601],[-44.1199656579887,-2.56712985575821],[-44.1205605244486,-2.56635653232803],[-44.1197277117644,-2.56492885498263],[-44.1200846311008,-2.56421501720923],[-44.119013873991,-2.56379861131683]]]}},{"type":"Feature","properties":{"id":"6597","municipality":"2111300","density":"Pouco densa","type":"Área urbanizada","state":"MA"},"geometry":{"type":"Polygon","coordinates":[[[-44.11538519587,-2.53917118969861],[-44.1158016017625,-2.5388737569183],[-44.1165182724003,-2.53915985914013],[-44.1171103050965,-2.53988502837132],[-44.117943115982,-2.53934964936678],[-44.1175861966456,-2.53875478380616],[-44.1158016017625,-2.53804094603277],[-44.1171697916526,-2.53637532336245],[-44.1162180067556,-2.53595891657069],[-44.1156826286503,-2.53685121491156],[-44.1151472496458,-2.53667275614272],[-44.1146118706413,-2.53732710736005],[-44.1134816269754,-2.53691070236698],[-44.1133031682066,-2.53583994435792],[-44.114314437861,-2.53363894268302],[-44.1137790597557,-2.53298459056636],[-44.1124108698657,-2.53679172925485],[-44.11538519587,-2.53917118969861]]]}},{"type":"Feature","properties":{"id":"6598","municipality":"2111300","density":"Pouco densa","type":"Área urbanizada","state":"MA"},"geometry":{"type":"Polygon","coordinates":[[[-44.2833631792673,-2.65853378290768],[-44.284017531384,-2.65793891734713],[-44.2830657455876,-2.65722507867441],[-44.2838390708164,-2.65609483500856],[-44.2819949893772,-2.65401280734512],[-44.2814596103727,-2.65436972578216],[-44.2812216641485,-2.65538099723517],[-44.2799724473705,-2.65645175434493],[-44.2822924212582,-2.65817686267202],[-44.2833631792673,-2.65853378290768]]]}},{"type":"Feature","properties":{"id":"6599","municipality":"2111300","density":"Pouco densa","type":"Área urbanizada","state":"MA"},"geometry":{"type":"Polygon","coordinates":[[[-44.2925241044039,-2.65091950732937],[-44.2931189690651,-2.65121694010964],[-44.2921671841682,-2.65258512999969],[-44.2927620497288,-2.65365588710945],[-44.2948440782915,-2.65353691399737],[-44.295617402621,-2.65163334600209],[-44.296628674074,-2.65163334600209],[-44.2969855934103,-2.65050310233625],[-44.2974019993028,-2.65038412922417],[-44.2974019993028,-2.64961080399537],[-44.2960338094127,-2.64972977710751],[-44.2951415110719,-2.65216872410729],[-44.2947251051794,-2.65199026533845],[-44.2948440782915,-2.65133591322179],[-44.2937138337264,-2.65121694010964],[-44.2935948606143,-2.65080053421725],[-44.2916912917197,-2.65014618210058],[-44.2908584808342,-2.65121694010964],[-44.292048211056,-2.65187129222631],[-44.2925241044039,-2.65091950732937]]]}},{"type":"Feature","properties":{"id":"6600","municipality":"2111300","density":"Pouco densa","type":"Área urbanizada","state":"MA"},"geometry":{"type":"Polygon","coordinates":[[[-44.2160708513886,-2.61041916401315],[-44.2163682832696,-2.61279862535623],[-44.2156544445969,-2.61309605813653],[-44.2170226353863,-2.61434527491445],[-44.2175580143908,-2.61434527491445],[-44.2169631479309,-2.61166838079113],[-44.2177959597157,-2.61041916401315],[-44.2174985269354,-2.61024070524429],[-44.216784689162,-2.61095454301774],[-44.2166657160499,-2.61024070524429],[-44.2160708513886,-2.61041916401315]]]}},{"type":"Feature","properties":{"id":"6601","municipality":"2111300","density":"Pouco densa","type":"Área urbanizada","state":"MA"},"geometry":{"type":"Polygon","coordinates":[[[-44.3022570136502,-2.68334423904538],[-44.303886030316,-2.67774792972313],[-44.3046593546455,-2.67715306506188],[-44.3043024362084,-2.67661768605734],[-44.3031721916433,-2.67709357760647],[-44.3020419479775,-2.68220941962898],[-44.301625542085,-2.68250685240931],[-44.3007332437441,-2.68030585073438],[-44.3013281093047,-2.68000841795407],[-44.3015660546297,-2.67917560706856],[-44.3001978647396,-2.67959201206169],[-44.2993055672981,-2.6793540658374],[-44.2983537833004,-2.67798587594735],[-44.2980563496208,-2.67828330872767],[-44.3001978647396,-2.68090071629497],[-44.3011496496365,-2.68304223141382],[-44.3013281093047,-2.68274479773419],[-44.3018181651762,-2.68347988199095],[-44.3022570136502,-2.68334423904538]]]}},{"type":"Feature","properties":{"id":"6604","municipality":"2111300","density":"Pouco densa","type":"Área urbanizada","state":"MA"},"geometry":{"type":"Polygon","coordinates":[[[-44.2872048366339,-2.63062078801892],[-44.2876212434256,-2.63210795102107],[-44.2871453509771,-2.63526073669363],[-44.2879186762059,-2.63615303503452],[-44.288691999636,-2.63258384436887],[-44.288335081199,-2.63044232925008],[-44.2863720257483,-2.62972848967805],[-44.2872048366339,-2.63062078801892]]]}},{"type":"Feature","properties":{"id":"6606","municipality":"2111300","density":"Pouco densa","type":"Área urbanizada","state":"MA"},"geometry":{"type":"Polygon","coordinates":[[[-44.2241015310608,-2.60393513299995],[-44.2247558831774,-2.60566024222636],[-44.2252912621819,-2.60560075567031],[-44.2255292084062,-2.60667151278006],[-44.2246963966214,-2.60631459434302],[-44.2245179369532,-2.60750432456491],[-44.2253507478387,-2.60756381112095],[-44.2255292084062,-2.60976481279586],[-44.2263620192917,-2.61024070524429],[-44.226659452072,-2.60649305401121],[-44.2260645874107,-2.60488691789693],[-44.2268973982963,-2.60542229600214],[-44.2279681563053,-2.60512486412114],[-44.2282655881863,-2.60447051200447],[-44.2287414797354,-2.60673100023542],[-44.2301096696255,-2.60613613467485],[-44.2301691570808,-2.60357821366358],[-44.2280516160891,-2.60262642966599],[-44.2276946967528,-2.60363743312099],[-44.2264454799749,-2.60363743312099],[-44.226267021206,-2.60226924323092],[-44.2241015310608,-2.60393513299995]]]}},{"type":"Feature","properties":{"id":"6607","municipality":"2111300","density":"Pouco densa","type":"Área urbanizada","state":"MA"},"geometry":{"type":"Polygon","coordinates":[[[-44.3153983327668,-2.69703096640591],[-44.313316304204,-2.69911299406938],[-44.3115911949776,-2.69929145373754],[-44.3115911949776,-2.69988631929819],[-44.3144465478699,-2.69946991340572],[-44.3152793596547,-2.69988631929819],[-44.3158147377599,-2.69958888561855],[-44.315576792435,-2.69780429073541],[-44.3165285773319,-2.69774480417932],[-44.316647550444,-2.69720942517479],[-44.3153983327668,-2.69703096640591]]]}},{"type":"Feature","properties":{"id":"6608","municipality":"2111300","density":"Pouco densa","type":"Área urbanizada","state":"MA"},"geometry":{"type":"Polygon","coordinates":[[[-44.1807954531476,-2.60723370237345],[-44.1807954531476,-2.60805821701308],[-44.180200587587,-2.60817719012517],[-44.1797841816946,-2.6097833262395],[-44.1822231295937,-2.6097833262395],[-44.18258004893,-2.60835564889403],[-44.1815687783764,-2.60823667578196],[-44.1815156446312,-2.60725370689302],[-44.1807954531476,-2.60723370237345]]]}},{"type":"Feature","properties":{"id":"6609","municipality":"2111300","density":"Pouco densa","type":"Área urbanizada","state":"MA"},"geometry":{"type":"Polygon","coordinates":[[[-44.1801409886157,-2.66812109371349],[-44.177464096291,-2.67008414916409],[-44.1776425550598,-2.67061952816864],[-44.1806168819635,-2.66853749870656],[-44.1810332869565,-2.6676452021643],[-44.1803194491832,-2.6672287962719],[-44.1801409886157,-2.66812109371349]]]}},{"type":"Feature","properties":{"id":"6611","municipality":"2111300","density":"Pouco densa","type":"Área urbanizada","state":"MA"},"geometry":{"type":"Polygon","coordinates":[[[-44.1887683261972,-2.49066113890042],[-44.1912859881578,-2.49274305234997],[-44.1918669870717,-2.49274305234997],[-44.1917217366688,-2.49162947042368],[-44.1903176557352,-2.49138738731803],[-44.1904629061382,-2.49090322200608],[-44.1895429914158,-2.48998330728375],[-44.1887683261972,-2.49066113890042]]]}},{"type":"Feature","properties":{"id":"6613","municipality":"2111300","density":"Pouco densa","type":"Área urbanizada","state":"MA"},"geometry":{"type":"Polygon","coordinates":[[[-44.1677084180091,-2.57968314416173],[-44.169255066668,-2.58057544160328],[-44.1691955810112,-2.581289280276],[-44.1687196885627,-2.5815272273996],[-44.1685412288946,-2.58408514661215],[-44.169017121343,-2.58414463406758],[-44.1694335272355,-2.58277644417751],[-44.1700878793521,-2.58277644417751],[-44.1705637709012,-2.58408514661215],[-44.1709801767937,-2.58408514661215],[-44.1711586355625,-2.58247901139719],[-44.172586312908,-2.58265747106538],[-44.172586312908,-2.58200311894871],[-44.1731811775692,-2.58289541728966],[-44.1757390985805,-2.58396617439941],[-44.1754416658002,-2.58277644417751],[-44.1747873136835,-2.58271695672215],[-44.1730622053565,-2.58081338782758],[-44.1712776086746,-2.58087287528292],[-44.1668161196682,-2.57855289959662],[-44.1677084180091,-2.57968314416173]]]}},{"type":"Feature","properties":{"id":"6614","municipality":"2111300","density":"Pouco densa","type":"Área urbanizada","state":"MA"},"geometry":{"type":"Polygon","coordinates":[[[-44.0720165188472,-2.55127584590349],[-44.0716001129548,-2.55133533156027],[-44.0717190860669,-2.55193019712086],[-44.0728493297327,-2.55187071056481],[-44.0725518978518,-2.55002662912556],[-44.0713026810738,-2.54990765601349],[-44.0720165188472,-2.55127584590349]]]}},{"type":"Feature","properties":{"id":"6615","municipality":"2111300","density":"Pouco densa","type":"Área urbanizada","state":"MA"},"geometry":{"type":"Polygon","coordinates":[[[-44.1604164954249,-2.5571956071915],[-44.1604164954249,-2.55582741730144],[-44.1616657122028,-2.55499460461726],[-44.1623200643195,-2.55398333406356],[-44.1617846862143,-2.55303155006597],[-44.1626174970997,-2.5526151441735],[-44.1621416046513,-2.55184181984409],[-44.1630530180823,-2.54701444166313],[-44.1604356114143,-2.54630060388975],[-44.1606140710825,-2.54189860143925],[-44.1599002324098,-2.54047092499314],[-44.1572828248425,-2.54070887121738],[-44.1586510147325,-2.55094055256439],[-44.1575016559766,-2.55109728371264],[-44.1575016559766,-2.55184181984409],[-44.1557170601941,-2.55190130640012],[-44.1559742833864,-2.55384896815532],[-44.1575601056143,-2.55396224136429],[-44.1588698458667,-2.55660074163087],[-44.1604164954249,-2.5571956071915]]]}},{"type":"Feature","properties":{"id":"6616","municipality":"2111300","density":"Pouco densa","type":"Área urbanizada","state":"MA"},"geometry":{"type":"Polygon","coordinates":[[[-44.2818760162651,-2.66989570881987],[-44.2767601742426,-2.66936032981535],[-44.2766412011305,-2.66709984158439],[-44.2759868499131,-2.66739727526404],[-44.2750945515722,-2.66959827603957],[-44.2720607390119,-2.6726320886],[-44.271168440671,-2.67459514405062],[-44.2719417658997,-2.67471411716276],[-44.2725961180164,-2.67292952227957],[-44.2730720095656,-2.67269157605534],[-44.2732504692337,-2.67501154994301],[-44.2739048213504,-2.67513052305514],[-44.2739643079064,-2.67269157605534],[-44.2749160919041,-2.67281054916748],[-44.275867876801,-2.67227517016296],[-44.275867876801,-2.67173979115841],[-44.278247338144,-2.67055006093655],[-44.2798534742584,-2.67150184493414],[-44.2789016893614,-2.67310798104841],[-44.2784852843683,-2.67292952227957],[-44.2780688775766,-2.6733459272727],[-44.2787827162493,-2.67394079283328],[-44.2793775818099,-2.67352438694088],[-44.2796750136909,-2.67400027938937],[-44.2796750136909,-2.67465463060667],[-44.2789611759175,-2.67536846927936],[-44.2786042565812,-2.67501154994301],[-44.278247338144,-2.67519000961119],[-44.2784257969129,-2.67554692894755],[-44.2772360666911,-2.67554692894755],[-44.2767601742426,-2.67441668528175],[-44.2764627423616,-2.67536846927936],[-44.2742022541307,-2.67637973983307],[-44.2732504692338,-2.677628956611],[-44.2756299296774,-2.67864022806403],[-44.2747376331352,-2.68084122883961],[-44.2750945515722,-2.68191198684868],[-44.2756299296774,-2.68220941962898],[-44.277533498572,-2.68113866161992],[-44.277533498572,-2.68036533729044],[-44.2758083902449,-2.67947303894956],[-44.275867876801,-2.67905663395647],[-44.278128365032,-2.67816433561559],[-44.2812216641485,-2.67822382217162],[-44.28211396159,-2.67727203817396],[-44.2831847186998,-2.67768844406642],[-44.2834821523794,-2.67703409194974],[-44.2823519078142,-2.67679614572553],[-44.2825303665831,-2.67554692894755],[-44.2832442061551,-2.67530898272332],[-44.2838985573725,-2.67578487517183],[-44.2843149632649,-2.67524949616728],[-44.2840770170406,-2.67298900793635],[-44.2876462086056,-2.67411925160213],[-44.2897282371684,-2.67596333394067],[-44.290680021166,-2.67596333394067],[-44.2900851556054,-2.67477360371879],[-44.2879436413859,-2.67340541382873],[-44.2883005598229,-2.67269157605534],[-44.2855046943861,-2.67132338526597],[-44.2852667481619,-2.66983622226383],[-44.2836606111483,-2.66930084415856],[-44.2827683128073,-2.66959827603957],[-44.2830062599309,-2.66888443826617],[-44.284374449821,-2.66834905926163],[-44.2841959901528,-2.66757573403289],[-44.283422664924,-2.66733778780862],[-44.284493422933,-2.6644824349164],[-44.2858021262671,-2.66317373068309],[-44.2888954262828,-2.66263835257787],[-44.289014399395,-2.66121067613178],[-44.2841959901528,-2.66299527191421],[-44.2832442061551,-2.66216246102871],[-44.2819949893772,-2.66216246102871],[-44.2834821523794,-2.66335219125058],[-44.2819949893772,-2.66501781392095],[-44.2823519078142,-2.66543421891401],[-44.2832442061551,-2.66531524580188],[-44.2831847186998,-2.66644549036703],[-44.2806862851439,-2.66644549036703],[-44.280805258256,-2.66692138281554],[-44.2820544750339,-2.66698086937158],[-44.2825898540385,-2.66745676092074],[-44.2818760162651,-2.66989570881987]]]}},{"type":"Feature","properties":{"id":"6617","municipality":"2111300","density":"Pouco densa","type":"Área urbanizada","state":"MA"},"geometry":{"type":"Polygon","coordinates":[[[-44.0731578187783,-2.53101006516232],[-44.0737526843389,-2.53053417271384],[-44.0741690902313,-2.52916598282382],[-44.0729793591101,-2.52880906258809],[-44.0723844944488,-2.53017725337748],[-44.0719680876571,-2.53011776682144],[-44.0721465482246,-2.52892803570023],[-44.071551682664,-2.52821419792686],[-44.071194764227,-2.53065314582598],[-44.0704214389982,-2.53065314582598],[-44.0703619524421,-2.53101006516232],[-44.0708973314466,-2.53112903827447],[-44.0710757902155,-2.5324377407091],[-44.0700645196618,-2.53214030882816],[-44.0704214389982,-2.53136698359937],[-44.0697076003255,-2.53136698359937],[-44.0694101684445,-2.53303260716905],[-44.0686368432157,-2.53285414660155],[-44.0684583826482,-2.53338952560608],[-44.069231707877,-2.53523360794459],[-44.0695886272133,-2.53517412228787],[-44.0696481137694,-2.53398439116665],[-44.0704809246549,-2.53386541805457],[-44.0703619524421,-2.53505514917572],[-44.071194764227,-2.53487668860824],[-44.071194764227,-2.53362747183032],[-44.0717301423322,-2.53362747183032],[-44.0719086020003,-2.53457925582797],[-44.0725034666616,-2.5343413096037],[-44.0717896288882,-2.53112903827447],[-44.0731578187783,-2.53101006516232]]]}},{"type":"Feature","properties":{"id":"6618","municipality":"2111300","density":"Pouco densa","type":"Área urbanizada","state":"MA"},"geometry":{"type":"Polygon","coordinates":[[[-44.2025672250973,-2.58673562764705],[-44.1976893301984,-2.5867951151024],[-44.1975691672832,-2.59622970034036],[-44.1997360297939,-2.59626110376691],[-44.2012231927961,-2.59679648277143],[-44.2036621406952,-2.59798621299332],[-44.2050303305853,-2.59959234910759],[-44.206814927267,-2.59756980800019],[-44.2062795482625,-2.59608264409872],[-44.2065769810428,-2.59608264409872],[-44.2065769810428,-2.59524983321319],[-44.2077072247086,-2.5950713726457],[-44.2081236297017,-2.59459548109653],[-44.2075870240219,-2.5898967680214],[-44.2063985213746,-2.59013399209],[-44.2059833403589,-2.58917444514448],[-44.2054565318934,-2.58908728734839],[-44.2053375587812,-2.58792730040454],[-44.2061703696668,-2.58599398823192],[-44.2073086146008,-2.58630551338872],[-44.207112359148,-2.58424482573809],[-44.2026267116533,-2.5842371940912],[-44.2025672250973,-2.58673562764705]]]}},{"type":"Feature","properties":{"id":"6619","municipality":"2111300","density":"Pouco densa","type":"Área urbanizada","state":"MA"},"geometry":{"type":"Polygon","coordinates":[[[-44.1205605244486,-2.54958133161314],[-44.1175861966456,-2.54845108794728],[-44.1169318463276,-2.54791570894277],[-44.1171697916526,-2.5473208442815],[-44.116634412648,-2.54690443838904],[-44.1156826286503,-2.54708289805724],[-44.115266222758,-2.5480346820549],[-44.1155636546389,-2.54839160139126],[-44.1165154404352,-2.54833211483522],[-44.116634412648,-2.54952184505703],[-44.1174077378768,-2.54975979128131],[-44.1175267109889,-2.54916492572067],[-44.1180620899934,-2.54910543916464],[-44.1180620899934,-2.5504736290547],[-44.1174672244328,-2.55106849461528],[-44.1177646572131,-2.55386436095143],[-44.1173482513207,-2.55416179373173],[-44.1177051697577,-2.55547049796507],[-44.1191328471032,-2.5552325508415],[-44.1193113067714,-2.55487563240446],[-44.1182405487623,-2.55463768618022],[-44.1180026034373,-2.55243668540464],[-44.1180620899934,-2.55124695428344],[-44.1184784949865,-2.55094952240251],[-44.1183595218744,-2.54952184505703],[-44.1203820638811,-2.55035465594256],[-44.121631280659,-2.54981927783736],[-44.1225235789999,-2.55059260216683],[-44.1215123084463,-2.55231771229257],[-44.1214528209908,-2.55309103662201],[-44.1221666596635,-2.55321000973414],[-44.1220476865515,-2.55350744161507],[-44.1205010369932,-2.55463768618022],[-44.1219287143386,-2.55576792984602],[-44.121631280659,-2.55654125507484],[-44.1193113067714,-2.55654125507484],[-44.1186569546547,-2.55749303907243],[-44.1199656579887,-2.55808790463305],[-44.1200251454441,-2.55725509284822],[-44.1207389832174,-2.55689817441118],[-44.1218097412265,-2.5578499593081],[-44.1217502537712,-2.55850430962615],[-44.1233563898854,-2.55892071641791],[-44.1241892016703,-2.55814739118911],[-44.1236538226658,-2.55802841807697],[-44.1237133092218,-2.55737406596035],[-44.1253789318922,-2.55755252562854],[-44.1246650941188,-2.55903968863066],[-44.1247840672308,-2.56011044663974],[-44.1255573915603,-2.56058633908822],[-44.1254732896605,-2.56192683705382],[-44.1245461210066,-2.56344169198049],[-44.124903040343,-2.5644529634335],[-44.1259737965534,-2.56433399032136],[-44.1260927696655,-2.56379861131683],[-44.1254979050043,-2.56362015164866],[-44.1256543330809,-2.56261549021264],[-44.1266281486701,-2.56278733986381],[-44.1272230142307,-2.5615381230859],[-44.1264496899012,-2.56112171719343],[-44.1262712302331,-2.56159760964193],[-44.1259737965534,-2.56112171719343],[-44.1260332840088,-2.55975352730338],[-44.1268066092376,-2.5596345541913],[-44.1259737965534,-2.55755252562854],[-44.1268660948943,-2.55737406596035],[-44.1287101781322,-2.55856379708155],[-44.1292455562374,-2.55814739118911],[-44.1295429890177,-2.55868277019363],[-44.1301378536789,-2.55874225585042],[-44.1301973411344,-2.55975352730338],[-44.1290670965692,-2.55927763485494],[-44.128888636901,-2.55957506763519],[-44.128888636901,-2.56052685163288],[-44.1296024746744,-2.56076479785709],[-44.1296024746744,-2.56183555586615],[-44.1301378536789,-2.5621924752025],[-44.1300783680222,-2.56302528608802],[-44.1332311527954,-2.56284682731916],[-44.1337070461432,-2.56314425920017],[-44.1357295872506,-2.56201401463499],[-44.1363244528112,-2.56106223063738],[-44.1372762368088,-2.56100274408137],[-44.1372762368088,-2.56040787942006],[-44.1365623990354,-2.56034839286401],[-44.1365623990354,-2.55903968863066],[-44.136145993143,-2.55909917608607],[-44.1357295872507,-2.56082428531249],[-44.1348967763651,-2.56070531220037],[-44.1337665318,-2.56147863742911],[-44.1337665318,-2.5624899079828],[-44.1323129917511,-2.56194159672725],[-44.1309706645645,-2.55981301385948],[-44.1309706645645,-2.55921814919818],[-44.132219883141,-2.55737406596035],[-44.1305542595714,-2.55642228196269],[-44.1307327192396,-2.55463768618022],[-44.1312680982441,-2.55386436095143],[-44.1306732326835,-2.55332898284621],[-44.1300783680222,-2.55362641472721],[-44.1290670965692,-2.55326949629017],[-44.1290076100131,-2.55249617106142],[-44.1288291512443,-2.55303155006597],[-44.127579933567,-2.55231771229256],[-44.1269255823497,-2.55350744161507],[-44.1263307167891,-2.55338846940231],[-44.1263307167891,-2.5526746307296],[-44.1249625259997,-2.55219873918044],[-44.124903040343,-2.55148489960839],[-44.1237133092217,-2.5513659273956],[-44.1243676613385,-2.55035465594256],[-44.1240702285581,-2.54993825094949],[-44.1217502537712,-2.54934338538887],[-44.1220476865515,-2.54886749294042],[-44.1227615252242,-2.54880800728366],[-44.1227020377687,-2.54839160139126],[-44.1218097412265,-2.54809416771163],[-44.1221666596636,-2.54666649216484],[-44.1193113067713,-2.54648803159733],[-44.1202036042129,-2.54749930305037],[-44.1202630907689,-2.54827262827911],[-44.1210959016545,-2.54857006105942],[-44.1205605244486,-2.54958133161314]]]}},{"type":"Feature","properties":{"id":"6620","municipality":"2111300","density":"Pouco densa","type":"Área urbanizada","state":"MA"},"geometry":{"type":"Polygon","coordinates":[[[-44.1586318996424,-2.62090567455722],[-44.1583939543175,-2.62185746035345],[-44.1575611416333,-2.62173848724139],[-44.1582749812053,-2.62263078378362],[-44.1587508727545,-2.62435589390935],[-44.1585724130863,-2.6248317863578],[-44.1580965206379,-2.6248317863578],[-44.1591672777476,-2.62774662580608],[-44.1572042231963,-2.62816303079916],[-44.1572637097524,-2.62857943669162],[-44.1593457383152,-2.62857943669162],[-44.1599406029764,-2.6292337888083],[-44.1576801147455,-2.63173222326345],[-44.1579180609697,-2.63202965514445],[-44.1594052248712,-2.6303640333734],[-44.1598216298642,-2.6303640333734],[-44.1591077920909,-2.63173222326345],[-44.157858575313,-2.63280298037319],[-44.158156007194,-2.63298144004137],[-44.1594052248712,-2.63208914170048],[-44.1604759819809,-2.62970968125672],[-44.1617251987589,-2.63220811481262],[-44.1630933886489,-2.63387373838224],[-44.163212361761,-2.63310041315352],[-44.1601190626446,-2.62869840980375],[-44.1586318996424,-2.62560511068727],[-44.1596431710954,-2.62608100313577],[-44.1598811173197,-2.62554562413119],[-44.1592862508597,-2.6248317863578],[-44.1610113609855,-2.6220954056784],[-44.1624390374316,-2.62191694601024],[-44.1624390374316,-2.62239283755935],[-44.1636882542095,-2.62138156700564],[-44.1642831197701,-2.62173848724139],[-44.1646400391065,-2.62274975689572],[-44.1642236332141,-2.62316616278816],[-44.1646995247632,-2.62370154179269],[-44.1653538768799,-2.62352308212453],[-44.1649969584428,-2.62310667713137],[-44.165472849992,-2.62310667713137],[-44.1658892558844,-2.62233335190263],[-44.1645805516511,-2.62102464766929],[-44.1626174970997,-2.62066772923225],[-44.1623795508755,-2.62144105356175],[-44.161844171871,-2.62144105356175],[-44.161487253434,-2.62072721578835],[-44.1604164954249,-2.62025132333987],[-44.1573231963084,-2.62013235022772],[-44.1586318996424,-2.62090567455722]]]}},{"type":"Feature","properties":{"id":"6621","municipality":"2111300","density":"Pouco densa","type":"Área urbanizada","state":"MA"},"geometry":{"type":"Polygon","coordinates":[[[-44.3015660546297,-2.6726320886],[-44.3019229748653,-2.67251311638718],[-44.3016850277418,-2.67096646592961],[-44.3032316781993,-2.67031211381296],[-44.3029342463184,-2.66936032981535],[-44.3016255420851,-2.6697172491517],[-44.3012091361926,-2.66846803237378],[-44.3007332437441,-2.66846803237378],[-44.3009117043116,-2.6697172491517],[-44.3005547849753,-2.66953879038283],[-44.3001978647396,-2.66900341137831],[-44.3004358109638,-2.66781368025711],[-44.2994245413095,-2.66709984158439],[-44.2990081354171,-2.66894392392288],[-44.3008522168563,-2.67031211381296],[-44.3015660546297,-2.6726320886]]]}},{"type":"Feature","properties":{"id":"6622","municipality":"2111300","density":"Pouco densa","type":"Área urbanizada","state":"MA"},"geometry":{"type":"Polygon","coordinates":[[[-44.106759649738,-2.55225822483715],[-44.1062837581888,-2.55315052317804],[-44.108068353072,-2.55326949629017],[-44.1089011648568,-2.55475665929238],[-44.1096150026302,-2.55475665929238],[-44.1094960304174,-2.55404282061967],[-44.1105073009711,-2.55374538783934],[-44.1104478144151,-2.55255565761748],[-44.1098529488544,-2.5523771979493],[-44.1098529488544,-2.55166336017589],[-44.1080088674153,-2.55160387272048],[-44.1089606514129,-2.55065208872288],[-44.1098529488544,-2.55089003494708],[-44.1097339757424,-2.54964081816917],[-44.1072950278432,-2.54993825094949],[-44.1071165690744,-2.55166336017589],[-44.1065376655807,-2.55132282918517],[-44.106759649738,-2.55225822483715]]]}},{"type":"Feature","properties":{"id":"6623","municipality":"2111300","density":"Pouco densa","type":"Área urbanizada","state":"MA"},"geometry":{"type":"Polygon","coordinates":[[[-44.1080088674153,-2.51805347308926],[-44.1078898943031,-2.51989755632712],[-44.1090796236257,-2.51995704198385],[-44.1095555160742,-2.52037344787631],[-44.1119349774172,-2.52019498820813],[-44.1119349774172,-2.5185888520938],[-44.1125893286346,-2.51739912097258],[-44.1111616530878,-2.51704220163624],[-44.1109831934196,-2.51751809498403],[-44.1115780580808,-2.51793449997718],[-44.1103288413029,-2.51817244620139],[-44.1091985967378,-2.51722066220374],[-44.1085442464198,-2.51728014786052],[-44.1080088674153,-2.51805347308926]]]}},{"type":"Feature","properties":{"id":"6624","municipality":"2111300","density":"Pouco densa","type":"Área urbanizada","state":"MA"},"geometry":{"type":"Polygon","coordinates":[[[-44.1855078449111,-2.66489884080882],[-44.1844965743573,-2.66525576014516],[-44.1859242508035,-2.6672783021519],[-44.1865191163641,-2.66680240970341],[-44.1872329541375,-2.66733778780862],[-44.1865191163641,-2.66858700458653],[-44.186757061689,-2.66918187104648],[-44.1885416583708,-2.66924135670319],[-44.1888390902517,-2.66834905926163],[-44.1896124145812,-2.66817059959345],[-44.1892554961442,-2.66781368025711],[-44.1899098482609,-2.66686189625944],[-44.1859837373595,-2.66359013657552],[-44.1855078449111,-2.66489884080882]]]}},{"type":"Feature","properties":{"id":"6625","municipality":"2111300","density":"Pouco densa","type":"Área urbanizada","state":"MA"},"geometry":{"type":"Polygon","coordinates":[[[-44.177352308762,-2.49047790023486],[-44.1771738499931,-2.49113225055289],[-44.1759246332152,-2.49095379178403],[-44.1758651457598,-2.49137019767643],[-44.1768764172128,-2.49154865734461],[-44.1766979566453,-2.49267890101044],[-44.1761030919841,-2.49291684723467],[-44.1760436063273,-2.49422555056869],[-44.1769359028696,-2.49446349679288],[-44.1774712818741,-2.49666449756849],[-44.1791369054438,-2.49529630767841],[-44.1797912566611,-2.49565322701478],[-44.180624068446,-2.49535579513378],[-44.1800292028853,-2.49369017156416],[-44.1794343382241,-2.49369017156416],[-44.1791963911005,-2.49458246990503],[-44.1786610129953,-2.49309530690283],[-44.1775902549862,-2.49309530690283],[-44.1784230667711,-2.49101327834007],[-44.177352308762,-2.49047790023486]]]}},{"type":"Feature","properties":{"id":"6626","municipality":"2111300","density":"Pouco densa","type":"Área urbanizada","state":"MA"},"geometry":{"type":"Polygon","coordinates":[[[-44.1382101755591,-2.48214978598378],[-44.1380317158909,-2.4814359482104],[-44.1370799318933,-2.48220927343921],[-44.1359496882275,-2.48173338009138],[-44.1332727941041,-2.47864008097492],[-44.1346409839942,-2.4773313776409],[-44.1341056049896,-2.4764985658561],[-44.1329158747678,-2.47632010708725],[-44.1324994688753,-2.47697445830455],[-44.1322020369944,-2.47673651208033],[-44.1325589563307,-2.47590370119479],[-44.1313692252095,-2.47340526673964],[-44.1321425504383,-2.47221553561845],[-44.1320830638822,-2.47162067095718],[-44.1314881983217,-2.47173964406926],[-44.1310123058732,-2.46930069706947],[-44.1312502520974,-2.46858685839676],[-44.1303579537565,-2.4686463449528],[-44.1301794949877,-2.47090683318375],[-44.1282164386377,-2.47108529195259],[-44.1280379798688,-2.4728698877351],[-44.1259559513061,-2.47215604996172],[-44.1257180050818,-2.47251296929807],[-44.1253610857455,-2.47221553561845],[-44.1257774916379,-2.4718586171814],[-44.1253610857455,-2.47078786007166],[-44.1248257067409,-2.47060940040347],[-44.1235170043063,-2.47138272473291],[-44.1220893269608,-2.47060940040347],[-44.1217918950799,-2.4713232390762],[-44.1211970286199,-2.47156118530041],[-44.1228031656336,-2.47263194241016],[-44.1261344109743,-2.47352423985173],[-44.1266697899788,-2.47465448441689],[-44.1270267093151,-2.47465448441689],[-44.1273836277522,-2.47382167263203],[-44.1310717933286,-2.47483294408505],[-44.1316071714338,-2.477390864197],[-44.1342840646578,-2.48030570364529],[-44.1343435512139,-2.48125748764289],[-44.1353548217676,-2.48292311121258],[-44.1361281469963,-2.48339900276171],[-44.136782499113,-2.48268516498831],[-44.1402327166665,-2.48363694898598],[-44.1408870687832,-2.48423181544587],[-44.142731152021,-2.48429130110266],[-44.142731152021,-2.48369643644134],[-44.1382101755591,-2.48214978598378]]]}},{"type":"Feature","properties":{"id":"6627","municipality":"2111300","density":"Pouco densa","type":"Área urbanizada","state":"MA"},"geometry":{"type":"Polygon","coordinates":[[[-44.0969443733841,-2.5458931669361],[-44.0974797523886,-2.54565522071183],[-44.0977176977135,-2.54642854594062],[-44.0983720498302,-2.5465475190527],[-44.098134103606,-2.54791570894277],[-44.096884886828,-2.54922441227678],[-44.0976582111575,-2.54981927783736],[-44.0983720498302,-2.5489864660525],[-44.0994428069399,-2.54874851982829],[-44.0999186993884,-2.54791570894277],[-44.1007515111733,-2.54839160139126],[-44.1011084296103,-2.5480346820549],[-44.1002161321687,-2.54767776271855],[-44.1000376716012,-2.54666649216484],[-44.1014653489466,-2.54672597782156],[-44.1017627817269,-2.54607162660426],[-44.0998334346652,-2.54598636278037],[-44.099264348171,-2.54541727538691],[-44.0981341036059,-2.54523881481943],[-44.0973012918211,-2.54393011238472],[-44.0967659137159,-2.54416805770967],[-44.0971228330522,-2.54500086859515],[-44.0967659137159,-2.54541727538691],[-44.0969443733841,-2.5458931669361]]]}},{"type":"Feature","properties":{"id":"6628","municipality":"2111300","density":"Pouco densa","type":"Área urbanizada","state":"MA"},"geometry":{"type":"Polygon","coordinates":[[[-44.0967093301714,-2.47348031696301],[-44.0996836570751,-2.47472953374097],[-44.100575955416,-2.47764437408853],[-44.1003380082924,-2.48151099843382],[-44.0995051974069,-2.48484224287517],[-44.0979585469493,-2.48591300088424],[-44.0975421419562,-2.48668632611298],[-44.0978395738372,-2.48924424622494],[-44.0984939259539,-2.4894227058931],[-44.098612899066,-2.49055294955894],[-44.0993267377387,-2.49090986889531],[-44.1006949276287,-2.4946575201284],[-44.1017656847385,-2.49632314279876],[-44.101230305734,-2.49685852090397],[-44.1015872250703,-2.49792927891305],[-44.1009923604091,-2.49995182091978],[-44.1015872250703,-2.5000707940319],[-44.1020631184181,-2.49905952257889],[-44.1026579830794,-2.49941644191524],[-44.102301063743,-2.49810773768189],[-44.1029554158597,-2.49769133268883],[-44.1037287401892,-2.49864311668642],[-44.1040856604249,-2.49840517136154],[-44.1009923604091,-2.49436008734813],[-44.1008733872969,-2.49215908567324],[-44.0994457108508,-2.48983911088624],[-44.0987913587342,-2.48745965044248],[-44.0998026301872,-2.48668632611298],[-44.0997431427318,-2.4850801890994],[-44.1003380082924,-2.48567505466003],[-44.102241577187,-2.48579402777211],[-44.1026579830794,-2.48502070344267],[-44.102241577187,-2.48424737821388],[-44.1014682519582,-2.48406891944502],[-44.1010518469651,-2.48258175464422],[-44.1018846578506,-2.47853667242942],[-44.1008733872969,-2.4752054261894],[-44.0988508452903,-2.47336134385093],[-44.0983749528417,-2.47365877663117],[-44.0968283032835,-2.47294493795847],[-44.0967093301714,-2.47348031696301]]]}},{"type":"Feature","properties":{"id":"6629","municipality":"2111300","density":"Pouco densa","type":"Área urbanizada","state":"MA"},"geometry":{"type":"Polygon","coordinates":[[[-44.1462587022772,-2.55529203829691],[-44.1466751081697,-2.55779047185276],[-44.1450689720553,-2.55802841807697],[-44.1448905123872,-2.55886122896248],[-44.144355134282,-2.55886122896248],[-44.1441766737145,-2.56034839286401],[-44.1451284577121,-2.56082428531249],[-44.1461992157212,-2.55838533741338],[-44.1470320266067,-2.55898020297396],[-44.1469725409499,-2.56100274408137],[-44.1478053518355,-2.56100274408137],[-44.1478053518355,-2.56040787942006],[-44.148638162721,-2.55981301385948],[-44.1478053518355,-2.55892071641791],[-44.1481622711718,-2.55862328273826],[-44.1475674056113,-2.55743355341571],[-44.1472104871742,-2.55767149874062],[-44.1469130543939,-2.55713611973608],[-44.1473294602863,-2.5571956071915],[-44.1467345947257,-2.55547049796507],[-44.1486976501763,-2.55547049796507],[-44.1488761098445,-2.55469717273627],[-44.1462587022772,-2.55529203829691]]]}},{"type":"Feature","properties":{"id":"6631","municipality":"2111300","density":"Pouco densa","type":"Área urbanizada","state":"MA"},"geometry":{"type":"Polygon","coordinates":[[[-44.0659004634356,-2.51911276024566],[-44.0666737877651,-2.52030248956818],[-44.0651866238635,-2.52161119380151],[-44.0648297054265,-2.52309835680372],[-44.0636994608614,-2.52369322236427],[-44.065305597875,-2.52482346603013],[-44.0651271382068,-2.52648908870044],[-44.0669117339893,-2.52648908870045],[-44.0667927608771,-2.52601319715128],[-44.0660789222044,-2.52601319715128],[-44.0660194356484,-2.5232768173712],[-44.0672091658703,-2.52303887024762],[-44.0674471120945,-2.52119478790912],[-44.0672091658703,-2.51958865179479],[-44.0663763549848,-2.51881532656603],[-44.0659004634356,-2.51911276024566]]]}},{"type":"Feature","properties":{"id":"6632","municipality":"2111300","density":"Pouco densa","type":"Área urbanizada","state":"MA"},"geometry":{"type":"Polygon","coordinates":[[[-44.2927620497288,-2.65478613077528],[-44.2924051312917,-2.65716559211836],[-44.2916912917197,-2.65722507867442],[-44.2913938598387,-2.65573791567221],[-44.2909774539463,-2.65561894256013],[-44.290382589285,-2.65407229300189],[-44.2900851556054,-2.65425075267007],[-44.290739507722,-2.65657072655773],[-44.2896092640562,-2.65674918712523],[-44.2894902909441,-2.65431023922611],[-44.2887764531707,-2.65436972578216],[-44.289014399395,-2.65663021401311],[-44.2895497766009,-2.65740353924191],[-44.2907989942781,-2.6576414845668],[-44.2901446430608,-2.65841480889629],[-44.2902636161729,-2.65877172913195],[-44.291036939603,-2.65829583578414],[-44.2918102648318,-2.66257886602182],[-44.2937733211818,-2.66222194668548],[-44.2947251051794,-2.65567842911618],[-44.2927620497288,-2.65478613077528]]]}},{"type":"Feature","properties":{"id":"6634","municipality":"2111300","density":"Pouco densa","type":"Área urbanizada","state":"MA"},"geometry":{"type":"Polygon","coordinates":[[[-44.295592437441,-2.62223318811107],[-44.2963062761137,-2.62366086455722],[-44.295592437441,-2.62366086455722],[-44.2955329508849,-2.62425573011781],[-44.2980908709969,-2.62550494689571],[-44.2988641962256,-2.62479110912234],[-44.2971390869992,-2.62389881078144],[-44.2977339516605,-2.62348240488905],[-44.2976149794477,-2.62288754022774],[-44.296960627331,-2.6228280527724],[-44.2972580601113,-2.62229267466717],[-44.298209844109,-2.62229267466717],[-44.2975554928917,-2.62056756634008],[-44.296841654219,-2.62080551166496],[-44.296841654219,-2.62205472934222],[-44.2963657617705,-2.62128140411347],[-44.2956519239971,-2.62128140411347],[-44.295592437441,-2.62223318811107]]]}},{"type":"Feature","properties":{"id":"6635","municipality":"2111300","density":"Pouco densa","type":"Área urbanizada","state":"MA"},"geometry":{"type":"Polygon","coordinates":[[[-44.1057512821959,-2.49578776379423],[-44.1056917956398,-2.49382470924292],[-44.1046805250861,-2.49334881589511],[-44.1046805250861,-2.49013654366651],[-44.1051564166353,-2.48936321933707],[-44.1039666864134,-2.48716221766218],[-44.1045020654179,-2.48680529922514],[-44.1043236057497,-2.48638889333274],[-44.1033718208528,-2.48644837988879],[-44.1028959293036,-2.48680529922514],[-44.1037882267452,-2.49055294955894],[-44.1037287401892,-2.49311086967084],[-44.1049184713104,-2.49513341167756],[-44.104858983855,-2.49656108902298],[-44.1077143376465,-2.49941644191524],[-44.108190230095,-2.49905952257889],[-44.1057512821959,-2.49578776379423]]]}},{"type":"Feature","properties":{"id":"6637","municipality":"2111300","density":"Pouco densa","type":"Área urbanizada","state":"MA"},"geometry":{"type":"Polygon","coordinates":[[[-44.1340639645802,-2.55315052317804],[-44.1357890738067,-2.55380487529471],[-44.1357890738067,-2.55463768618022],[-44.1364434259233,-2.55434025429924],[-44.1378711023694,-2.55796893242025],[-44.138763399811,-2.55695766096723],[-44.1385254535868,-2.55570844418929],[-44.1400721040444,-2.55517306518476],[-44.1413213208223,-2.55564895673393],[-44.1413213208223,-2.55755252562854],[-44.1424515653874,-2.5571956071915],[-44.1425110510442,-2.55683868785515],[-44.1419161863828,-2.55683868785515],[-44.1419161863829,-2.55612484918244],[-44.142392077932,-2.55636279540664],[-44.1425110510442,-2.5535669290705],[-44.141083374598,-2.55422128118715],[-44.141023888042,-2.55374538783934],[-44.1404290233807,-2.55416179373174],[-44.1370382905846,-2.55386436095143],[-44.13650291158,-2.55303155006597],[-44.1341234511363,-2.55249617106142],[-44.1340639645802,-2.55315052317804]]]}},{"type":"Feature","properties":{"id":"6638","municipality":"2111300","density":"Pouco densa","type":"Área urbanizada","state":"MA"},"geometry":{"type":"Polygon","coordinates":[[[-44.1534565719632,-2.55660074163087],[-44.1527427341898,-2.55660074163087],[-44.1526832467344,-2.55725509284822],[-44.1523263282974,-2.55725509284822],[-44.1521478677299,-2.55874225585042],[-44.1528617073019,-2.55874225585042],[-44.1520288946177,-2.55987250041551],[-44.1526237610777,-2.55987250041551],[-44.153278112295,-2.56088377096921],[-44.1536350316314,-2.56088377096921],[-44.1530996526268,-2.55939660796703],[-44.1536945181874,-2.55683868785515],[-44.1542893828487,-2.55594639041356],[-44.1551221946335,-2.55600587607029],[-44.1550627080775,-2.55737406596035],[-44.1555385996266,-2.55731458030358],[-44.1556575727387,-2.55535152485293],[-44.1534565719632,-2.55535152485293],[-44.1534565719632,-2.55660074163087]]]}},{"type":"Feature","properties":{"id":"6639","municipality":"2111300","density":"Pouco densa","type":"Área urbanizada","state":"MA"},"geometry":{"type":"Polygon","coordinates":[[[-44.2601444170312,-2.66276730636605],[-44.2584193078048,-2.6640165240433],[-44.2570511179147,-2.66580111892643],[-44.2575864960199,-2.66615803826285],[-44.2611556875848,-2.66282679292211],[-44.2634161758158,-2.66389755003183],[-44.2617505531454,-2.66235090137299],[-44.2630592573787,-2.65979298036172],[-44.2624049052621,-2.65973349380568],[-44.2601444170312,-2.66276730636605]]]}},{"type":"Feature","properties":{"id":"6641","municipality":"2111300","density":"Pouco densa","type":"Área urbanizada","state":"MA"},"geometry":{"type":"Polygon","coordinates":[[[-44.3345215895996,-2.73455756198185],[-44.3363656728375,-2.73396269642126],[-44.3371389971669,-2.73461704763862],[-44.3380907820639,-2.73550934597951],[-44.3378528358397,-2.73675856275743],[-44.3387451341805,-2.73634215686504],[-44.3396969181781,-2.73652061743253],[-44.3396969181781,-2.73616369809617],[-44.3388046198373,-2.73580677875981],[-44.3404702434069,-2.73503345443033],[-44.3401728097273,-2.73705599643705],[-44.3389830804048,-2.73824572575963],[-44.3393399988418,-2.73872161820806],[-44.3406487021758,-2.73776983421046],[-44.3405892156198,-2.73604472498403],[-44.3410056224115,-2.73556883343485],[-44.3406487021758,-2.73408166863409],[-44.3388046198373,-2.73431961575763],[-44.338566673613,-2.73390320986522],[-44.3392210257297,-2.73348680397277],[-44.3370795106109,-2.73312988463642],[-44.3361872131693,-2.7322970737509],[-44.3367820778306,-2.73170220819031],[-44.3363656728375,-2.73086939730479],[-44.3357708072769,-2.73152374942146],[-44.3347000501671,-2.73009607207604],[-44.3344026173868,-2.7304529914124],[-44.3359492669451,-2.73324885774856],[-44.3354733753959,-2.73354629142818],[-44.3355328610526,-2.73295142496824],[-44.3350569686042,-2.73277296619939],[-44.3342836442747,-2.73372475019704],[-44.3345215895996,-2.73455756198185]]]}},{"type":"Feature","properties":{"id":"6642","municipality":"2111300","density":"Pouco densa","type":"Área urbanizada","state":"MA"},"geometry":{"type":"Polygon","coordinates":[[[-44.2183313387202,-2.63463017973896],[-44.21803390594,-2.63355942262923],[-44.2189262042809,-2.63403531507765],[-44.2188072311687,-2.63266712518766],[-44.2173795538233,-2.63290507141187],[-44.2158923908211,-2.63141790840969],[-44.2155354723841,-2.63177482684672],[-44.2162493101575,-2.63231020585132],[-44.2157139311529,-2.63254815207551],[-44.2151190655924,-2.63219123273916],[-44.2143457412629,-2.63260763773225],[-44.2155354723841,-2.63361890918527],[-44.2159518773772,-2.63486812596319],[-44.2150000933796,-2.63480864030647],[-44.2151785530477,-2.63611734274112],[-44.2179149328278,-2.6354629906245],[-44.2183313387202,-2.63463017973896]]]}}]}