{"type":"FeatureCollection","features":[{"type":"Feature","properties":{"id":"528","municipality":"2504009","density":"Densa","type":"Área urbanizada","state":"PB"},"geometry":{"type":"Polygon","coordinates":[[[-35.9248077978415,-7.27671994506937],[-35.9257000961824,-7.27588713328455],[-35.9306969641935,-7.27553021394818],[-35.9339092373214,-7.27755275595491],[-35.9347420482069,-7.27671994506937],[-35.934801534763,-7.27535175517932],[-35.9323625868639,-7.27196102328254],[-35.9295667196284,-7.2707118056053],[-35.9293287743034,-7.27219896860749],[-35.9268898273036,-7.27190153582719],[-35.9243913928485,-7.27243691483171],[-35.9241534466242,-7.27225845516352],[-35.9251052306218,-7.27154461739015],[-35.9245698516173,-7.27118769805379],[-35.9234396079515,-7.26785645271311],[-35.9218334718372,-7.26755901993278],[-35.9212980928327,-7.26946258882737],[-35.921595525613,-7.27035488716827],[-35.9234396079515,-7.27196102328254],[-35.9215360390569,-7.27279383416806],[-35.9206437416153,-7.27106872494166],[-35.9198109298305,-7.27118769805379],[-35.9196919567184,-7.27249640138774],[-35.9214765534002,-7.27350767194145],[-35.9212386071759,-7.27570867361636],[-35.9234396079515,-7.27677943072611],[-35.9248077978415,-7.27671994506937]]]}},{"type":"Feature","properties":{"id":"529","municipality":"2504009","density":"Densa","type":"Área urbanizada","state":"PB"},"geometry":{"type":"Polygon","coordinates":[[[-35.9734871792899,-7.17124853109476],[-35.9733384628997,-7.17178391009936],[-35.9744984498436,-7.17246800459469],[-35.974434563804,-7.17591782734581],[-35.9738289711301,-7.17795482055847],[-35.9729961602446,-7.17813328022664],[-35.9725202677961,-7.17872814578726],[-35.9781120013677,-7.18009633567732],[-35.9785878929169,-7.17914455078035],[-35.979956082807,-7.17962044412815],[-35.9797181365827,-7.18152401212342],[-35.9811458139282,-7.18199990457192],[-35.982692462587,-7.18158349867945],[-35.9828212895708,-7.18312812476309],[-35.9832132258097,-7.18403813435236],[-35.9837188624355,-7.18403813435236],[-35.9836442483833,-7.18497423057624],[-35.9842985996006,-7.1865208810338],[-35.9855478172779,-7.18705625913901],[-35.9864401147195,-7.18521217680046],[-35.9846847334137,-7.18435589271025],[-35.9849978215922,-7.18240225406073],[-35.9870203635988,-7.18237251078273],[-35.9868716472087,-7.18142072678508],[-35.9881208639866,-7.18180738939947],[-35.9892808518298,-7.18100432089266],[-35.9891916219957,-7.18040945623137],[-35.9877044589935,-7.18040945623137],[-35.9873177963792,-7.17865460282764],[-35.9863957547602,-7.17859511717088],[-35.9863660123815,-7.18073663228972],[-35.9852357678164,-7.18142072678508],[-35.9847189903891,-7.18064324488978],[-35.9847744920491,-7.17956095667279],[-35.9831683559348,-7.17896609201149],[-35.9823950307061,-7.17730046934117],[-35.98233554415,-7.17551587265934],[-35.9815027332645,-7.17492100799809],[-35.9798371096948,-7.17551587265934],[-35.9786473803723,-7.17456408866172],[-35.977695594576,-7.1752184407784],[-35.9783499466926,-7.17581330633897],[-35.9779930282556,-7.17622971223137],[-35.9756589709847,-7.1756035008009],[-35.9769671410207,-7.17312235671138],[-35.9783353309107,-7.17324132982344],[-35.9784840473009,-7.172765437375],[-35.9766994524177,-7.17217057181439],[-35.9767291947965,-7.1708916117584],[-35.9756881809647,-7.17062392315547],[-35.9754502347405,-7.17142699076295],[-35.9734871792899,-7.17124853109476]]]}},{"type":"Feature","properties":{"id":"530","municipality":"2504009","density":"Densa","type":"Área urbanizada","state":"PB"},"geometry":{"type":"Polygon","coordinates":[[[-35.9729451021347,-7.144132743831],[-35.9724097231302,-7.14306198672127],[-35.9717315767508,-7.1437401331006],[-35.972266954856,-7.1446324314415],[-35.9713032737271,-7.14520350184012],[-35.9713746574144,-7.14620287526242],[-35.9727309501732,-7.14573888084466],[-35.9732663291777,-7.14627425894987],[-35.9737303235955,-7.14595303190686],[-35.9733020205717,-7.14491796619115],[-35.9748010807053,-7.14391859276879],[-35.9746583142297,-7.1436330580192],[-35.9729451021347,-7.144132743831]]]}},{"type":"Feature","properties":{"id":"531","municipality":"2504009","density":"Densa","type":"Área urbanizada","state":"PB"},"geometry":{"type":"Polygon","coordinates":[[[-35.8695374757738,-7.1544663903116],[-35.8698725685641,-7.15419043064385],[-35.8704396198925,-7.15466364401192],[-35.8713676096274,-7.15441379975699],[-35.8708876162704,-7.15356580381878],[-35.8723928295654,-7.15280076674197],[-35.8753671555697,-7.1526223070738],[-35.8752481833569,-7.15167052307612],[-35.8722143698972,-7.15095668530273],[-35.8716195052359,-7.15143257685192],[-35.8716195052359,-7.15232487519279],[-35.8695374757738,-7.15410947007593],[-35.8695374757738,-7.1544663903116]]]}},{"type":"Feature","properties":{"id":"532","municipality":"2504009","density":"Densa","type":"Área urbanizada","state":"PB"},"geometry":{"type":"Polygon","coordinates":[[[-35.8531191952946,-7.15059976506706],[-35.8525838171894,-7.15012387261858],[-35.8522863844091,-7.15220590208066],[-35.8527622759582,-7.15291973985405],[-35.8513346004114,-7.1547638221926],[-35.8515725457364,-7.15512074062964],[-35.8520484381848,-7.15488279530473],[-35.8521079238416,-7.1559535533138],[-35.8512156272993,-7.15565611963418],[-35.8495500037296,-7.15660790363182],[-35.8503828146152,-7.15755968942808],[-35.8507397339515,-7.158808906206],[-35.8521079238416,-7.16023658175283],[-35.8532381684067,-7.16029606920819],[-35.8539520070794,-7.16106939443695],[-35.8550227641892,-7.16071247510059],[-35.8547253323082,-7.1601176086407],[-35.8559745490861,-7.15946325832265],[-35.8563464313427,-7.15980133236555],[-35.8561037960533,-7.16059839340107],[-35.8575909590555,-7.16107428584956],[-35.8569262341583,-7.15989458936378],[-35.8580189823901,-7.15925806091078],[-35.8580668506046,-7.16059839340107],[-35.8591376086137,-7.16065787995718],[-35.8584458204182,-7.15894763292688],[-35.8610903902093,-7.15803558097725],[-35.8610903902093,-7.15773814819692],[-35.8602575784245,-7.1576786616409],[-35.8603170649805,-7.15678636419933],[-35.8587704154223,-7.15666739108719],[-35.8593057944268,-7.15464484908045],[-35.8588299019784,-7.15369306508285],[-35.8602575784245,-7.15339563230254],[-35.8601980918684,-7.15291973985405],[-35.8594247666396,-7.15274128018586],[-35.8598411734314,-7.15167052307612],[-35.8572832524201,-7.15107565841487],[-35.8563909540793,-7.15184898184498],[-35.8557366028619,-7.15143257685192],[-35.8549632776331,-7.15155154996404],[-35.8547848179649,-7.14929106173305],[-35.8543089264158,-7.14851773740361],[-35.8531191952946,-7.15059976506706]]]}},{"type":"Feature","properties":{"id":"533","municipality":"2504009","density":"Densa","type":"Área urbanizada","state":"PB"},"geometry":{"type":"Polygon","coordinates":[[[-35.8968447898552,-7.33447702569413],[-35.8962528416952,-7.33544443541233],[-35.8944020333271,-7.3359833928193],[-35.8936284931604,-7.33789688573262],[-35.8939134820216,-7.33875185141678],[-35.8950941479765,-7.33818187369446],[-35.8957862617265,-7.33928111503137],[-35.8953791359383,-7.34107247011838],[-35.8971297778169,-7.34135745808017],[-35.8972112042337,-7.34038035636832],[-35.8989211338032,-7.33924040182302],[-35.8995318229352,-7.3405024932954],[-35.9004275000291,-7.34042106777798],[-35.9008753390256,-7.33862971269104],[-35.8991321507281,-7.3362953316642],[-35.8996539607616,-7.33614624295473],[-35.9002646498936,-7.33472130224623],[-35.8999389487234,-7.33411061311426],[-35.8968447898552,-7.33447702569413]],[[-35.8966412274107,-7.33899612706957],[-35.8952162849036,-7.33748975994445],[-35.8952569981119,-7.33683835760406],[-35.896380445601,-7.3362100633437],[-35.8979033179837,-7.33646359302037],[-35.8981475936365,-7.33822258690282],[-35.8966412274107,-7.33899612706957]]]}},{"type":"Feature","properties":{"id":"534","municipality":"2504009","density":"Densa","type":"Área urbanizada","state":"PB"},"geometry":{"type":"Polygon","coordinates":[[[-35.8941722376586,-7.28998543987611],[-35.9000614040105,-7.28992595332006],[-35.8989311603447,-7.28713008698391],[-35.8966111846584,-7.28617830208693],[-35.8947076166632,-7.28635676175509],[-35.8943506973268,-7.28415576008025],[-35.8894728024279,-7.28481011219686],[-35.8898297208649,-7.28778443820126],[-35.8891753696475,-7.28766546508911],[-35.8874502604211,-7.29397103733347],[-35.885963097419,-7.29545820033566],[-35.8851897730895,-7.29712382300597],[-35.8829887714146,-7.29670741711357],[-35.880073931067,-7.29807560700362],[-35.8828103117464,-7.29837303978396],[-35.8875022880001,-7.2969891774086],[-35.8885210184302,-7.29349514488496],[-35.8891753696475,-7.29343565832893],[-35.8891753696475,-7.29301925333583],[-35.889651262096,-7.29307873899257],[-35.8898297208649,-7.29367360365383],[-35.8903056142127,-7.29361411799711],[-35.8903650998694,-7.29290028022371],[-35.8911384250982,-7.29272181965622],[-35.8918522628716,-7.29301925333585],[-35.8924471293315,-7.29664793055753],[-35.8961352931092,-7.29575563311591],[-35.8953619678805,-7.29319771210471],[-35.894529156995,-7.29307873899257],[-35.8941722376586,-7.28998543987611]]]}},{"type":"Feature","properties":{"id":"535","municipality":"2504009","density":"Densa","type":"Área urbanizada","state":"PB"},"geometry":{"type":"Polygon","coordinates":[[[-35.8891231999756,-7.3722067709257],[-35.8898151572437,-7.37031170691968],[-35.8905289959164,-7.37060913969997],[-35.892492051367,-7.3701927338076],[-35.8913023202458,-7.36549329857684],[-35.8871977496764,-7.36721840780326],[-35.8865433975597,-7.3687055708054],[-35.886494372817,-7.37169610888827],[-35.8891231999756,-7.3722067709257]]]}},{"type":"Feature","properties":{"id":"536","municipality":"2504009","density":"Densa","type":"Área urbanizada","state":"PB"},"geometry":{"type":"Polygon","coordinates":[[[-35.8388649255758,-7.13086484603576],[-35.8382938551773,-7.13090053832911],[-35.8381867791965,-7.13154299331444],[-35.8404353702961,-7.13239959936198],[-35.8399356826856,-7.13325620540952],[-35.8406852127523,-7.13332758819758],[-35.8408636733198,-7.13439834620663],[-35.8414704351125,-7.13411280965841],[-35.8427553441837,-7.13521925996082],[-35.8430408798327,-7.13496941570595],[-35.8414704351125,-7.13336327959161],[-35.8411492080694,-7.13222113879448],[-35.8392218449122,-7.13097192201656],[-35.8397215316233,-7.12858056444146],[-35.8388649255758,-7.13086484603576]]]}},{"type":"Feature","properties":{"id":"537","municipality":"2504009","density":"Densa","type":"Área urbanizada","state":"PB"},"geometry":{"type":"Polygon","coordinates":[[[-35.8786984009104,-7.19283519828571],[-35.8760215076864,-7.19247827894935],[-35.8763189395673,-7.19372749572729],[-35.8770922647961,-7.19444133440005],[-35.876913805128,-7.1947387671803],[-35.8774491841325,-7.19503619996061],[-35.8778061025695,-7.19467928062425],[-35.8785199421416,-7.19479825373641],[-35.8785794277983,-7.19580952518936],[-35.8777115136754,-7.19740882915409],[-35.8789842180472,-7.19917539442885],[-35.8785083246994,-7.20030563809468],[-35.8789204983822,-7.20053045961301],[-35.8786578306943,-7.20114448792771],[-35.8791337231428,-7.20212006708737],[-35.8783960902073,-7.20281011059809],[-35.8754931478904,-7.20292908371022],[-35.874755514955,-7.20364292238293],[-35.8742558282438,-7.20340497615867],[-35.8726853844229,-7.2042139927815],[-35.8733278376096,-7.20459470727987],[-35.8736847569459,-7.20409501966937],[-35.8742769919895,-7.20459374410598],[-35.8726307757896,-7.20648140669154],[-35.8731066682381,-7.20665986725902],[-35.8726902623457,-7.20719524536423],[-35.8733335770829,-7.20754614373948],[-35.8728092345585,-7.20830169476734],[-35.8732256413503,-7.20889656032796],[-35.8715600177805,-7.20812323509915],[-35.8710841262314,-7.2090155334401],[-35.869656448886,-7.20842066787948],[-35.8690615842247,-7.2094319393325],[-35.8697159363413,-7.20990783088167],[-35.8694779901171,-7.21062166865505],[-35.8709056656639,-7.21127602077174],[-35.8701317432853,-7.21297186156211],[-35.8694068870182,-7.21267883635917],[-35.8683361299084,-7.2129167816841],[-35.8677412643478,-7.21380908002499],[-35.8658376963526,-7.2129167816841],[-35.8651238567805,-7.21499881024688],[-35.8634582350095,-7.213809080025],[-35.8621495307762,-7.21372579830689],[-35.8609003139982,-7.2118222303116],[-35.860305449337,-7.21247658062964],[-35.8609574029617,-7.2141657322627],[-35.85935366444,-7.21398753879386],[-35.8581554742956,-7.21298170644052],[-35.856676771216,-7.21027557985406],[-35.8560224190993,-7.21063249919042],[-35.8564862066731,-7.21177088801604],[-35.8555294701089,-7.21216139343353],[-35.854601480374,-7.2107337160881],[-35.8522934027183,-7.21213759827151],[-35.8528406788542,-7.21261348982064],[-35.8539828196514,-7.21235175023303],[-35.854496171561,-7.21332877280458],[-35.8520368216419,-7.21416599936136],[-35.8551301207584,-7.21612905391266],[-35.8556060132069,-7.2182110815761],[-35.8551301207584,-7.21838954214361],[-35.8544757686418,-7.21791364969512],[-35.8538809039805,-7.2195792732648],[-35.854416282985,-7.21999567825788],[-35.8573906089894,-7.21975773203366],[-35.859294177884,-7.22017413792606],[-35.8617926123392,-7.22243462615706],[-35.8617926123392,-7.22380281604705],[-35.8647669383435,-7.22380281604705],[-35.8653618030048,-7.22517100593711],[-35.8673843450115,-7.22713406138782],[-35.8655402626729,-7.22719354794384],[-35.8666110197827,-7.22856173783392],[-35.8675628046797,-7.22820481939688],[-35.8681832496572,-7.22916776937702],[-35.8678718540028,-7.23037119627368],[-35.867098528774,-7.22983581726907],[-35.8656113657719,-7.23049016938575],[-35.866027770765,-7.23096606093493],[-35.8656113657719,-7.23126349281591],[-35.8647190683303,-7.23108503404706],[-35.8635888237651,-7.23191784493254],[-35.8627560119803,-7.23185835927581],[-35.8623396069872,-7.23090657437888],[-35.861744742326,-7.23108503404706],[-35.8610309027539,-7.23417833316347],[-35.8656681732476,-7.23840823774994],[-35.8617331248837,-7.24037576193184],[-35.8623874770004,-7.24156549215371],[-35.8617331248837,-7.24186292493398],[-35.8616141517716,-7.24275522327491],[-35.8621495307762,-7.24382598038468],[-35.8630418291171,-7.242874196387],[-35.8646479652314,-7.24394495259742],[-35.866551534126,-7.23972140981516],[-35.8686961770869,-7.23893497516894],[-35.8716078877937,-7.24420669398372],[-35.871548402137,-7.2472405074434],[-35.8695258601303,-7.24724050744341],[-35.8685740761327,-7.24819229144106],[-35.8685740761327,-7.24985791411139],[-35.8690357583935,-7.24989484836853],[-35.8698076069354,-7.25217683938958],[-35.8718420469728,-7.25114177277454],[-35.8800154949191,-7.26184934836869],[-35.8847268281805,-7.27059386671351],[-35.8863781741134,-7.27234277110194],[-35.8874727263852,-7.27236656536468],[-35.8874251369605,-7.27343732337375],[-35.8888669165749,-7.27335832062993],[-35.8890969271814,-7.27621044405669],[-35.8905246027282,-7.27484225416665],[-35.8910599817327,-7.27513968694695],[-35.9023624219881,-7.26722797858828],[-35.9021244757639,-7.26645465425885],[-35.9027193413245,-7.26597876181035],[-35.9018270429836,-7.26455108626357],[-35.8952835254143,-7.26847719626558],[-35.8945102010849,-7.26776335759286],[-35.892666117847,-7.2688341147026],[-35.8928445784145,-7.26925052059501],[-35.8911194691881,-7.27008333237985],[-35.8919522800736,-7.26477388430726],[-35.8911123240745,-7.26450389793651],[-35.8911123240745,-7.26227672329209],[-35.8942722548606,-7.26240957114477],[-35.8945696867416,-7.26026805602589],[-35.8971870943089,-7.26062497536231],[-35.8971870943089,-7.26240957114477],[-35.9016485842147,-7.26276648958181],[-35.9028978009927,-7.26163624591597],[-35.9030167741048,-7.25895935179263],[-35.9040280446585,-7.25895935179263],[-35.9039685581024,-7.25854294679949],[-35.9055746942167,-7.25830499967595],[-35.905872126997,-7.26026805602589],[-35.908489533665,-7.25979216357746],[-35.9087274798892,-7.26116035436683],[-35.9078946690037,-7.26163624591597],[-35.908489533665,-7.26371827357942],[-35.9075611437318,-7.26411692415667],[-35.9075377496674,-7.26788233070494],[-35.9093818320059,-7.26758489792468],[-35.909500805118,-7.26817976438458],[-35.9105715622277,-7.26800130381709],[-35.9097387513423,-7.26603824926576],[-35.9099172110105,-7.26359930136664],[-35.9106905362392,-7.26336135514236],[-35.9105120756717,-7.26264751736898],[-35.9111069412323,-7.26252854425683],[-35.912118211786,-7.26312340891814],[-35.9127725639026,-7.26252854425683],[-35.9125941042345,-7.26169573157274],[-35.913367428564,-7.26098189379934],[-35.9139622941245,-7.25949473079714],[-35.9140812672367,-7.25818602656382],[-35.9131889697951,-7.25800756779494],[-35.9133079429072,-7.25729373002156],[-35.9147356193533,-7.25747218879042],[-35.9148545915661,-7.2555091342391],[-35.9165986576019,-7.25584017378492],[-35.9173124962746,-7.25679195868191],[-35.9205247676039,-7.25572120067285],[-35.9195729836063,-7.26077755613928],[-35.9183237668283,-7.2611344745763],[-35.9183832542837,-7.26315701658303],[-35.9193945239381,-7.26440623426026],[-35.9217144987251,-7.26309753092625],[-35.922260445663,-7.26377671062665],[-35.9230456680231,-7.26301528432788],[-35.9227125429495,-7.2620872936936],[-35.9289701912213,-7.256776119822],[-35.9298271318166,-7.25785185288067],[-35.9319048859017,-7.25448972302223],[-35.9337902642093,-7.25566171501606],[-35.9355153734357,-7.25595914689706],[-35.9361102380969,-7.25238995623148],[-35.9335152955944,-7.25216494225823],[-35.9287087852822,-7.25644797069724],[-35.9271277726286,-7.25732733768643],[-35.9283175028504,-7.25429352512605],[-35.928495963418,-7.25185457722694],[-35.9317677222026,-7.25221149566397],[-35.9321246406396,-7.25066484700506],[-35.9308159373056,-7.25012946800052],[-35.930221071745,-7.2485233318862],[-35.9307564507496,-7.24602489833034],[-35.9286744221868,-7.24543003276977],[-35.9309943969738,-7.24073059663966],[-35.9323625868639,-7.24132546220028],[-35.9335523170857,-7.23882702774507],[-35.9312918297541,-7.2379347303035],[-35.9301615860883,-7.24037367820262],[-35.925224203734,-7.23817267562846],[-35.9260570146195,-7.23662602696955],[-35.9275441776217,-7.23704243196262],[-35.9279010978573,-7.23567424207254],[-35.9309349104178,-7.23692345885053],[-35.9319461809714,-7.2353173227362],[-35.9363481843212,-7.23567424207255],[-35.9368835633258,-7.2326404304115],[-35.9346230750948,-7.23222402361972],[-35.9345635876394,-7.23103429339791],[-35.9339687229781,-7.23103429339791],[-35.9339687229781,-7.23020148161306],[-35.9346825607515,-7.23014199595628],[-35.9347420482069,-7.22907123794722],[-35.9368240758703,-7.22889277917835],[-35.9367645902136,-7.22657280439137],[-35.9381922657604,-7.2269297228284],[-35.9385491859961,-7.22603742538684],[-35.9364076708773,-7.22496666827709],[-35.9359317784288,-7.22591845227471],[-35.9327789927562,-7.22455026238464],[-35.9321841271957,-7.22550204728164],[-35.9316487490905,-7.22502615393382],[-35.9315297759783,-7.22336053216275],[-35.9285959797206,-7.22350538326681],[-35.9280011141601,-7.22291051770617],[-35.9268708695949,-7.22279154459409],[-35.9265734377139,-7.2195792732648],[-35.9300831427228,-7.219103379917],[-35.9290718721691,-7.21392805313712],[-35.9278226553912,-7.21295247397746],[-35.927584709167,-7.21217914874864],[-35.9285364931646,-7.21170325719954],[-35.9267518973821,-7.21140582441921],[-35.9263079092826,-7.21066714197498],[-35.9243805461252,-7.21098836901797],[-35.917492006351,-7.21609231300978],[-35.9163855569478,-7.21648544804492],[-35.9136648622435,-7.21618854136808],[-35.9136648622435,-7.21678340602933],[-35.9129510226715,-7.21577213457631],[-35.9104525891157,-7.21470137656724],[-35.9096792647862,-7.21374959256956],[-35.9095734397624,-7.21051322480543],[-35.9089785751011,-7.20908554835933],[-35.9077293583232,-7.20843119624267],[-35.9084431960966,-7.2075388988011],[-35.9095734397624,-7.20819325001845],[-35.910108818767,-7.20789581813744],[-35.9108226574397,-7.20819325001845],[-35.911179576776,-7.20908554835933],[-35.9121313607736,-7.20902606180328],[-35.9132616053388,-7.20777684502532],[-35.9133210909955,-7.20736043913293],[-35.9118339279933,-7.20771735756996],[-35.9107036843275,-7.20688454668443],[-35.9102872793344,-7.20581378867536],[-35.9092760078814,-7.20664660135952],[-35.908859601989,-7.20533789712618],[-35.9099898456548,-7.20402919379223],[-35.9120718742176,-7.20325586856343],[-35.9118934154487,-7.2027204895589],[-35.9083837104399,-7.20396970723614],[-35.9072534658747,-7.20539738368229],[-35.9052904113234,-7.20509995090196],[-35.9046360592067,-7.20450508624072],[-35.9050524641998,-7.20337484167556],[-35.9085026826526,-7.20313689635066],[-35.9089190894444,-7.20242305677862],[-35.906599113758,-7.20212562489764],[-35.9045170860946,-7.20254202989071],[-35.903797872174,-7.20352216591516],[-35.903254720329,-7.20292304566199],[-35.903492665654,-7.20220920698926],[-35.9028383144366,-7.20173331544009],[-35.9030167741048,-7.20066255833036],[-35.90218396232,-7.20066255833036],[-35.9016485842147,-7.20119793643557],[-35.9011132052102,-7.20084101709922],[-35.900875258986,-7.20125742299161],[-35.9012916648784,-7.20167382798475],[-35.8986147707551,-7.20131690864838],[-35.8981983648626,-7.20244715321349],[-35.8956404447507,-7.20220920698926],[-35.8963064134102,-7.1990812830747],[-35.899697145307,-7.19973563519136],[-35.8998161184191,-7.1991407696308],[-35.8966633318473,-7.19860539062626],[-35.8960089797306,-7.19771309318463],[-35.8939269520671,-7.19729668819157],[-35.8942838714035,-7.1966423360749],[-35.8958305200624,-7.1969397679559],[-35.8959494940739,-7.19497671340458],[-35.8950571957329,-7.19366801007055],[-35.8964214447938,-7.19281535384544],[-35.8974219981267,-7.19338438188369],[-35.8971987108518,-7.19450082095609],[-35.8977935764124,-7.1945603066128],[-35.8976151158449,-7.19503619996061],[-35.8986263872979,-7.19527414618485],[-35.900054063744,-7.19265673861753],[-35.8964848721791,-7.1918834142881],[-35.8944028436163,-7.19360852261521],[-35.8929751671702,-7.19408441506368],[-35.8924992747217,-7.19479825373641],[-35.8914285176119,-7.19384646883942],[-35.8924992747217,-7.19343006384633],[-35.8914285176119,-7.1922998201805],[-35.8923208150536,-7.1918834142881],[-35.8919044100604,-7.19146700839565],[-35.8902982739461,-7.1918834142881],[-35.8919638957172,-7.1954526049537],[-35.8915474907241,-7.19575003773401],[-35.8918449226051,-7.19699925541124],[-35.891190572287,-7.19705874196734],[-35.8910715982756,-7.19801052596496],[-35.8926777352892,-7.1974156613037],[-35.8939269520671,-7.19783206629677],[-35.8944623301724,-7.19848641841345],[-35.893807978955,-7.19848641841345],[-35.8935700327308,-7.1991407696308],[-35.8939864377238,-7.20009255362841],[-35.8947002772959,-7.19931922929896],[-35.8955925738381,-7.19943820331037],[-35.8956520612936,-7.20003306797169],[-35.895116682289,-7.20050896042017],[-35.8956520612936,-7.20098485196929],[-35.8944507136295,-7.20577839855422],[-35.8917143338494,-7.20441020866419],[-35.8913574154124,-7.2063732641148],[-35.8906435767396,-7.20649223722693],[-35.8880261691723,-7.20577839855422],[-35.8874313036117,-7.20322047844231],[-35.8855277347171,-7.20363688433469],[-35.8852897893922,-7.2017928019962],[-35.8864795196141,-7.20137639610373],[-35.8863605474013,-7.20042461120683],[-35.8832672473855,-7.20054358521821],[-35.8836241667219,-7.19745028520249],[-35.8831482742734,-7.19596312220029],[-35.880114461713,-7.19554671630789],[-35.880601969805,-7.19402492940692],[-35.8795312126953,-7.19396544195154],[-35.8794122395831,-7.19319211672275],[-35.8831598908163,-7.19348955040238],[-35.8835168101526,-7.19122906217144],[-35.8811968353656,-7.19033676383056],[-35.8803640235808,-7.19045573694269],[-35.8801260782558,-7.1911100890593],[-35.8805424841483,-7.19134803528357],[-35.8804829966929,-7.19206187305697],[-35.8788768605786,-7.19241879329264],[-35.8786984009104,-7.19283519828571]],[[-35.9011132052102,-7.20732504811242],[-35.9040875312145,-7.20593306395966],[-35.9070750062065,-7.20860965591085],[-35.9082647373277,-7.20908554835933],[-35.9090553870964,-7.21192605973983],[-35.9077162093355,-7.21119167335702],[-35.9057531538849,-7.21154859179404],[-35.9056936673288,-7.21458240435443],[-35.9063480194455,-7.21505829680292],[-35.9077162093355,-7.21493932369079],[-35.9074187765552,-7.21589110768844],[-35.9064075060016,-7.21547470179599],[-35.9043849639949,-7.21559367490813],[-35.9039685581024,-7.2159505951438],[-35.9020649892078,-7.21154859179404],[-35.9028383144366,-7.21089423967739],[-35.9011132052102,-7.20732504811242]]]}},{"type":"Feature","properties":{"id":"538","municipality":"2504009","density":"Densa","type":"Área urbanizada","state":"PB"},"geometry":{"type":"Polygon","coordinates":[[[-35.8344999131405,-7.24863355909146],[-35.8342024803601,-7.25065610109812],[-35.8360465626986,-7.25047764142993],[-35.8353327240259,-7.252797616217],[-35.837712185369,-7.25244069598132],[-35.8415788097142,-7.2504181548739],[-35.8398536995885,-7.25053712798603],[-35.8398536995885,-7.25000174898151],[-35.8389019155909,-7.25047764142993],[-35.8368793735842,-7.25047764142993],[-35.8362250223668,-7.24982328931334],[-35.836403482035,-7.24899047842781],[-35.8359275895865,-7.24815766664297],[-35.8344999131405,-7.24863355909146]]]}},{"type":"Feature","properties":{"id":"539","municipality":"2504009","density":"Densa","type":"Área urbanizada","state":"PB"},"geometry":{"type":"Polygon","coordinates":[[[-35.7341388841022,-7.17728323743142],[-35.7328896673242,-7.17645042564658],[-35.7323542883197,-7.17692631809506],[-35.7333060723174,-7.17787810209269],[-35.7346147756513,-7.17787810209269],[-35.7344958034386,-7.17888937264639],[-35.7333655588734,-7.17936526509489],[-35.7334845319855,-7.18019807687971],[-35.7326517211,-7.18067396932815],[-35.7314619899788,-7.18055499621607],[-35.7308671253176,-7.18109037522061],[-35.7303912328691,-7.18043602310394],[-35.7298558538645,-7.18073345498495],[-35.7305102059812,-7.18126883398948],[-35.7300938000888,-7.18174472643797],[-35.7305102059812,-7.18364829533248],[-35.7313430168667,-7.18376726844463],[-35.7315214774342,-7.18531391800287],[-35.7308076378622,-7.18537340365959],[-35.7299748269766,-7.18632518855658],[-35.7304507194251,-7.18650364822475],[-35.7319378824273,-7.18567083733922],[-35.7331276126492,-7.18590878266413],[-35.7328896673242,-7.18733646000959],[-35.7341983697589,-7.18727697255418],[-35.7344363159831,-7.18263702387952],[-35.7356260471043,-7.18233959199853],[-35.735566559649,-7.18269651133489],[-35.736280399221,-7.18263702387952],[-35.7363398848777,-7.18192318610612],[-35.7368157773262,-7.18168523988187],[-35.7368752638823,-7.18216113233034],[-35.7375891016557,-7.18222061798708],[-35.7377675622231,-7.18138780710154],[-35.7391357521132,-7.18079294244029],[-35.7390167790011,-7.18037653564859],[-35.7378270478799,-7.18085242809703],[-35.7365778311019,-7.18055499621607],[-35.7363398848778,-7.17918680632601],[-35.7351501546559,-7.1786514273215],[-35.7351501546559,-7.17755074077401],[-35.7362736327219,-7.17767111323128],[-35.736996821646,-7.17685752625381],[-35.7351501546559,-7.17574307108584],[-35.7351501546559,-7.17502274920049],[-35.7345552890953,-7.17502274920049],[-35.7341388841022,-7.17728323743142]]]}},{"type":"Feature","properties":{"id":"540","municipality":"2504009","density":"Densa","type":"Área urbanizada","state":"PB"},"geometry":{"type":"Polygon","coordinates":[[[-35.9027250709052,-7.27612611372912],[-35.902130206244,-7.27507915088206],[-35.8999886911252,-7.27569781070539],[-35.9004883778363,-7.27705410436341],[-35.898156505918,-7.27793450377431],[-35.8977282028942,-7.27648303306547],[-35.8956104829374,-7.27707789772678],[-35.8962529370234,-7.27910043973345],[-35.8952059741764,-7.27950494939388],[-35.8958008388376,-7.28100400862802],[-35.8967050352091,-7.2805995007663],[-35.8984896300923,-7.28509668206618],[-35.9049141754488,-7.28259824761101],[-35.9051283274103,-7.28307414005947],[-35.9061752893581,-7.28276481014781],[-35.9055804237975,-7.28093262494065],[-35.906080111408,-7.2807898566665],[-35.9053662727353,-7.27857695875958],[-35.9093161778992,-7.27679236297711],[-35.909078231675,-7.27622129167925],[-35.9094589461734,-7.27593575692959],[-35.9099916703792,-7.27578355027061],[-35.9097577072524,-7.27951581140554],[-35.9101741131448,-7.28028913573497],[-35.912732034156,-7.27939683829341],[-35.9121371676961,-7.27612508040808],[-35.9110664105863,-7.27439997028233],[-35.9101513234248,-7.2743518079895],[-35.909720685761,-7.27308040403739],[-35.9027250709052,-7.27612611372912]]]}},{"type":"Feature","properties":{"id":"541","municipality":"2504009","density":"Densa","type":"Área urbanizada","state":"PB"},"geometry":{"type":"Polygon","coordinates":[[[-35.7809151076461,-7.30549004782739],[-35.7804100088148,-7.30481307596263],[-35.778032759804,-7.30481307596263],[-35.7767120658091,-7.30578158465239],[-35.7748630938567,-7.30551744567357],[-35.7741587241458,-7.30604572363121],[-35.7735423998618,-7.30789469468438],[-35.774334815899,-7.30815883366319],[-35.7734792917359,-7.3102192272355],[-35.7739826305939,-7.31212091564773],[-35.7738065388406,-7.31308942613607],[-35.7725738911721,-7.31370574862139],[-35.7703727339145,-7.31352965686812],[-35.7701085949357,-7.3141459811521],[-35.7705488256677,-7.31493839718923],[-35.7721336586414,-7.31449816555785],[-35.7731021682304,-7.31537862882062],[-35.7724858439465,-7.31669932281546],[-35.7733663072093,-7.31669932281546],[-35.7735387782919,-7.31420482379355],[-35.7744013333548,-7.31313406668382],[-35.7739826305939,-7.30991976018875],[-35.7750391856099,-7.30921538867921],[-35.7754794181406,-7.30745446395232],[-35.7771522974405,-7.30657400068953],[-35.7805861023667,-7.3063979089363],[-35.7809745942021,-7.30867257677797],[-35.7818187500353,-7.30833492721507],[-35.7814641968152,-7.30727245376067],[-35.7816584746588,-7.30668962202839],[-35.782194067702,-7.30653106255847],[-35.7826997034285,-7.30679875206073],[-35.7827872587249,-7.30763055570555],[-35.7847242770038,-7.30807078823626],[-35.7854286467146,-7.30754251027855],[-35.7854286467146,-7.30657400068953],[-35.7864852017306,-7.30657400068953],[-35.7873656649934,-7.30807078823626],[-35.7884222200094,-7.30851101896831],[-35.7897429140043,-7.30745446395232],[-35.7908875162458,-7.30745446395232],[-35.7908128284492,-7.30668846100362],[-35.7920752301877,-7.30724952914239],[-35.7958858123803,-7.3064313052605],[-35.7946735055778,-7.30613376995746],[-35.7941090991555,-7.30650143889024],[-35.7924960301676,-7.30638455040663],[-35.791677807185,-7.30594037165077],[-35.7897374488242,-7.30617415041668],[-35.788598312662,-7.30498916771587],[-35.7874537113197,-7.30498916771587],[-35.7867493407094,-7.30586963097864],[-35.7809151076461,-7.30549004782739]]]}},{"type":"Feature","properties":{"id":"542","municipality":"2504009","density":"Densa","type":"Área urbanizada","state":"PB"},"geometry":{"type":"Polygon","coordinates":[[[-35.9488446310748,-7.22619839324119],[-35.9499153881846,-7.22655531167822],[-35.9497964150725,-7.22715017723886],[-35.9478333596218,-7.22691223101458],[-35.9470600352923,-7.22774504190011],[-35.9481902789582,-7.22875631335315],[-35.9476548999537,-7.22923220580162],[-35.9474169537294,-7.23071936880377],[-35.9494394957361,-7.23137372002113],[-35.950629225958,-7.23119526125226],[-35.9507481990701,-7.23000553013105],[-35.951640497411,-7.22952963768258],[-35.9522179377077,-7.22627630420799],[-35.9510401046171,-7.22577661659755],[-35.9507545689681,-7.22602645995312],[-35.9491420629558,-7.22483020335114],[-35.9488446310748,-7.22619839324119]]]}},{"type":"Feature","properties":{"id":"543","municipality":"2504009","density":"Densa","type":"Vazio intraurbano","state":"PB"},"geometry":{"type":"Polygon","coordinates":[[[-35.9028383144366,-7.21089423967739],[-35.9020649892078,-7.21154859179404],[-35.9039685581024,-7.2159505951438],[-35.9043849639949,-7.21559367490813],[-35.9064075060016,-7.21547470179599],[-35.9074187765552,-7.21589110768844],[-35.9077162093355,-7.21493932369079],[-35.9063480194455,-7.21505829680292],[-35.9056936673288,-7.21458240435443],[-35.9057531538849,-7.21154859179404],[-35.9077162093355,-7.21119167335702],[-35.9090553870964,-7.21192605973983],[-35.9082647373277,-7.20908554835933],[-35.9070750062065,-7.20860965591085],[-35.9040875312145,-7.20593306395966],[-35.9011132052102,-7.20732504811242],[-35.9028383144366,-7.21089423967739]]]}},{"type":"Feature","properties":{"id":"544","municipality":"2504009","density":"Densa","type":"Área urbanizada","state":"PB"},"geometry":{"type":"Polygon","coordinates":[[[-35.9352774272115,-7.27077129216139],[-35.9358128053167,-7.27083077871744],[-35.9351584540993,-7.27130667116593],[-35.9349799944312,-7.27309126694839],[-35.9372404817628,-7.2729128072802],[-35.9385903632546,-7.26887725428181],[-35.9358722918727,-7.2685108039304],[-35.9352774272115,-7.27077129216139]]]}},{"type":"Feature","properties":{"id":"545","municipality":"2504009","density":"Densa","type":"Área urbanizada","state":"PB"},"geometry":{"type":"Polygon","coordinates":[[[-35.893661008149,-7.35974119070336],[-35.8910048883649,-7.3591282397764],[-35.8903505362482,-7.36103180867099],[-35.8929084572595,-7.36192410701187],[-35.896061242932,-7.36192410701187],[-35.8962397017008,-7.3639466490186],[-35.897429432822,-7.36382767590647],[-35.8981432705954,-7.36275691789742],[-35.898738136156,-7.36269743224069],[-35.9000468403893,-7.3636492162383],[-35.9008796512749,-7.36347075657011],[-35.8998683798218,-7.36828916491301],[-35.8982622437076,-7.36817019180085],[-35.8995114613848,-7.36549329857684],[-35.8970725125864,-7.3657907313571],[-35.8967155941493,-7.36715892124717],[-35.8957043226963,-7.36709943469112],[-35.8954808033963,-7.36944550600526],[-35.8948715118108,-7.36930043636602],[-35.8944551059184,-7.3712040052606],[-35.8938602412571,-7.37114451870451],[-35.8936222950328,-7.37173938426514],[-35.897429432822,-7.37310757415522],[-35.8981432705954,-7.37477319682552],[-35.8979648109272,-7.37620087327161],[-35.8983812168197,-7.37649830605193],[-35.899689921053,-7.37507062870651],[-35.9014745159361,-7.37536806238616],[-35.9024857873891,-7.37489216993767],[-35.9024857873891,-7.37453524970199],[-35.898738136156,-7.37358346570431],[-35.8988926621666,-7.37285498876667],[-35.9001658126022,-7.371917843034],[-35.9015934890483,-7.3723342489264],[-35.9012365697119,-7.37346449259224],[-35.9039134638352,-7.37405935815282],[-35.9040919226041,-7.37257219515067],[-35.9031996260619,-7.37060913969997],[-35.9038539772792,-7.37078759936818],[-35.9043893562837,-7.371917843034],[-35.9053411402813,-7.37263168170673],[-35.9067093310707,-7.37221527581427],[-35.9083749528418,-7.36822967925627],[-35.908612899066,-7.36840813802509],[-35.9081370066175,-7.36918146325389],[-35.9093267377387,-7.36953838169093],[-35.909683657075,-7.36864608424937],[-35.9081512320936,-7.36745458955762],[-35.9083862168504,-7.36701818993748],[-35.9064826479558,-7.36487667481861],[-35.9068098240141,-7.36457924203838],[-35.905739066005,-7.36380591680957],[-35.9047277945521,-7.36437103909214],[-35.9037553594222,-7.363788939408],[-35.9029616789383,-7.36239999856105],[-35.9026642470573,-7.3600800246734],[-35.8993330008173,-7.36150770111948],[-35.8992735151605,-7.36055591712181],[-35.897726864703,-7.36013951122943],[-35.8953453430131,-7.36023890070465],[-35.8950314922096,-7.35898750936606],[-35.8945853430391,-7.35889827863258],[-35.8945853430391,-7.3584818727402],[-35.8938715052657,-7.35854136019554],[-35.893661008149,-7.35974119070336]]]}},{"type":"Feature","properties":{"id":"546","municipality":"2504009","density":"Densa","type":"Área urbanizada","state":"PB"},"geometry":{"type":"Polygon","coordinates":[[[-35.964955001672,-7.14483299374765],[-35.9624481603543,-7.14514065991348],[-35.9624159871081,-7.1442398198118],[-35.9614166127864,-7.14420412841776],[-35.96077563179,-7.14596682480908],[-35.9598483183452,-7.14588954876361],[-35.9602885490772,-7.14465690109506],[-35.9600244100984,-7.14342425342653],[-35.957471068435,-7.14474494742132],[-35.9572069303555,-7.14606564231549],[-35.9610809660138,-7.14835484500004],[-35.9612570577669,-7.14782656704238],[-35.9633701686983,-7.14826679777447],[-35.9650430479982,-7.14756242806357],[-35.9660996030142,-7.14756242806357],[-35.9663637419931,-7.14835484500004],[-35.9673322506828,-7.14826679777447],[-35.9679485749667,-7.14756242806357],[-35.9688290382295,-7.14747438173727],[-35.9683007602718,-7.15046795503208],[-35.9690051299828,-7.15046795503208],[-35.9699736386724,-7.14712219733149],[-35.9687409919032,-7.14668196570011],[-35.9685648992507,-7.1451851790527],[-35.9675083442346,-7.14456885476881],[-35.9663637419931,-7.14465690109506],[-35.967068111704,-7.14289597636815],[-35.9664517883193,-7.14254379106309],[-35.9658354649347,-7.14421667036299],[-35.964955001672,-7.14483299374765]]]}},{"type":"Feature","properties":{"id":"548","municipality":"2507507","density":"Densa","type":"Área urbanizada","state":"PB"},"geometry":{"type":"Polygon","coordinates":[[[-34.868367726889,-7.19910766828423],[-34.8679827064367,-7.20182225029657],[-34.8723604631648,-7.20218907026936],[-34.8725686652117,-7.20129677192843],[-34.8745614639404,-7.2012372862717],[-34.8746451971181,-7.20051354606323],[-34.8725389219337,-7.20031524375345],[-34.8721820025973,-7.19960140598004],[-34.868367726889,-7.19910766828423]]]}},{"type":"Feature","properties":{"id":"549","municipality":"2507507","density":"Densa","type":"Área urbanizada","state":"PB"},"geometry":{"type":"MultiPolygon","coordinates":[[[[-34.8077485538526,-7.2962094615973],[-34.8074987113964,-7.2933541087051],[-34.8094381938175,-7.29277039203993],[-34.8100424078308,-7.29547789908572],[-34.812686726711,-7.29532492170774],[-34.8126026553882,-7.29242611897019],[-34.8111749780427,-7.28910677076084],[-34.80985459971,-7.28943914579991],[-34.8091762311981,-7.28857139175626],[-34.8092894783267,-7.28744634797055],[-34.8116391945931,-7.28691096896603],[-34.8114607358243,-7.28581046767893],[-34.8101756046204,-7.28550188690254],[-34.810271004703,-7.2799213022263],[-34.8095274236516,-7.27950489633384],[-34.8075048816449,-7.27986181567019],[-34.8066125842034,-7.27953463961189],[-34.80503509912533,-7.27988283400892],[-34.80457472767908,-7.301178726070691],[-34.8054999636524,-7.29792267369237],[-34.8077485538526,-7.2962094615973]]],[[[-34.8073561661541,-7.31109224141374],[-34.8094976812729,-7.30957533513357],[-34.8099614526588,-7.30313369276564],[-34.8094260736543,-7.30248409986128],[-34.8079270144202,-7.30277677432862],[-34.8063208783058,-7.30377614775096],[-34.8047982451429,-7.30282361371877],[-34.80455380229052,-7.302146694044807],[-34.804448322180484,-7.307025999780329],[-34.804382177350284,-7.310085731603035],[-34.8066064130555,-7.31110488768036],[-34.8073561661541,-7.31109224141374]]]]}},{"type":"Feature","properties":{"id":"550","municipality":"2507507","density":"Densa","type":"Área urbanizada","state":"PB"},"geometry":{"type":"Polygon","coordinates":[[[-34.8757159542279,-7.19938330329677],[-34.8757511941622,-7.19814398625589],[-34.8745019773843,-7.19799526986577],[-34.8745019773843,-7.19748963503862],[-34.8758999105524,-7.19737066102716],[-34.8760783702206,-7.1951994026303],[-34.8732175197726,-7.19515975871583],[-34.8728709669215,-7.19904800905834],[-34.8757159542279,-7.19938330329677]]]}},{"type":"Feature","properties":{"id":"551","municipality":"2507507","density":"Densa","type":"Área urbanizada","state":"PB"},"geometry":{"type":"Polygon","coordinates":[[[-34.9769982325823,-6.97375170717551],[-34.9853070581741,-6.9791461834496],[-34.9865458203333,-6.97699372178277],[-34.9791694909792,-6.97169942099146],[-34.9769982325823,-6.97375170717551]]]}},{"type":"Feature","properties":{"id":"552","municipality":"2507507","density":"Densa","type":"Área urbanizada","state":"PB"},"geometry":{"type":"Polygon","coordinates":[[[-34.8236245800103,-7.16018569001755],[-34.8255578921829,-7.16039389296373],[-34.8258850682412,-7.15887698668354],[-34.8254091757928,-7.15860929718128],[-34.822492092875386,-7.15853116101062],[-34.822031540137516,-7.160903133444734],[-34.8235438307831,-7.16181354026266],[-34.8236245800103,-7.16018569001755]]]}},{"type":"Feature","properties":{"id":"553","municipality":"2507507","density":"Densa","type":"Área urbanizada","state":"PB"},"geometry":{"type":"Polygon","coordinates":[[[-34.9362308068062,-7.18271807887618],[-34.93661747032,-7.1846811352262],[-34.9373313080933,-7.18575189233594],[-34.9393461240244,-7.18480391336987],[-34.9401551406472,-7.1857081079428],[-34.9401551406472,-7.18637435719081],[-34.9413924602938,-7.18613641096654],[-34.9411069246448,-7.18485150189525],[-34.9391521258699,-7.18142135271319],[-34.9362308068062,-7.18271807887618]]]}},{"type":"Feature","properties":{"id":"556","municipality":"2507507","density":"Densa","type":"Vazio intraurbano","state":"PB"},"geometry":{"type":"Polygon","coordinates":[[[-34.8487038641919,-7.10232098932215],[-34.8478472590437,-7.10191648056112],[-34.8467139450924,-7.10358660343895],[-34.8471708006919,-7.10410056688762],[-34.8471708006919,-7.10621352763213],[-34.8452291607971,-7.11009680832098],[-34.8442012338998,-7.11323769686219],[-34.8457441090034,-7.11325344309188],[-34.8459523119496,-7.11030886036559],[-34.8462794880079,-7.11027911708756],[-34.8463092312859,-7.11084423937013],[-34.8476647308426,-7.11090213862275],[-34.848408311894,-7.10840370506692],[-34.8490329207327,-7.10757089418138],[-34.8509364896273,-7.10676782567458],[-34.8509067463492,-7.10569706766554],[-34.8551657898693,-7.10495717293515],[-34.855261952577,-7.10358688312811],[-34.8546670879157,-7.10349765329404],[-34.8546373446377,-7.10299201756751],[-34.8537450471961,-7.10314073395768],[-34.8530014652454,-7.10192125955844],[-34.8532096681916,-7.10126690834108],[-34.8524817578268,-7.10101678529635],[-34.852367543927,-7.10016017924882],[-34.8513396170297,-7.09907514540158],[-34.8489077171174,-7.09846480610588],[-34.8484897131297,-7.09939425184319],[-34.8479900264185,-7.09941804700521],[-34.8479662321558,-7.10003670592919],[-34.8488228382034,-7.10077433886461],[-34.8487038641919,-7.10232098932215]]]}},{"type":"Feature","properties":{"id":"558","municipality":"2507507","density":"Densa","type":"Área urbanizada","state":"PB"},"geometry":{"type":"Polygon","coordinates":[[[-34.9279468357778,-7.15961840936206],[-34.929194464353,-7.15859735598316],[-34.9273197124347,-7.15565322381718],[-34.9259840096542,-7.15740999277687],[-34.9279468357778,-7.15961840936206]]]}},{"type":"Feature","properties":{"id":"559","municipality":"2507507","density":"Densa","type":"Área urbanizada","state":"PB"},"geometry":{"type":"Polygon","coordinates":[[[-34.9256834148577,-7.23990824756756],[-34.926968323929,-7.23902784725734],[-34.9275869837522,-7.24012239862976],[-34.9266351988553,-7.24066967476562],[-34.92754498901,-7.24233392417119],[-34.9206901468328,-7.24609212175398],[-34.9214991643549,-7.24761497704953],[-34.9229744302257,-7.24713908460103],[-34.9232599649754,-7.24804328007328],[-34.9282868901278,-7.24620900843895],[-34.9290622487238,-7.2478318530575],[-34.9298712662459,-7.2475939068333],[-34.930347157795,-7.24911676212885],[-34.9294905517475,-7.24952126999056],[-34.9302043913195,-7.25111550897349],[-34.9293477852721,-7.2515676071593],[-34.9300140336207,-7.25297148934271],[-34.9309658176184,-7.25285251623059],[-34.9323934949638,-7.25642170689624],[-34.9345350100826,-7.25551751232332],[-34.9315368889163,-7.24704663069742],[-34.9290384553604,-7.2417404327747],[-34.9293477852721,-7.24128833458895],[-34.9286339457,-7.23978927535472],[-34.9290622487238,-7.23833780284731],[-34.9272776538406,-7.2351731200434],[-34.9267303777047,-7.23307919524861],[-34.9242081489869,-7.23443548710798],[-34.9251599329844,-7.23602972609093],[-34.9237322574377,-7.23693392156321],[-34.9256834148577,-7.23990824756756]]]}},{"type":"Feature","properties":{"id":"560","municipality":"2507507","density":"Densa","type":"Área urbanizada","state":"PB"},"geometry":{"type":"Polygon","coordinates":[[[-34.9050705155918,-7.2642255838436],[-34.9062305043343,-7.26517736874053],[-34.9048028269888,-7.26657530190864],[-34.904981286657,-7.26702145107907],[-34.9066171660493,-7.26761631574034],[-34.9044340114204,-7.26970429331845],[-34.9043626268338,-7.27106058607712],[-34.9047433413321,-7.27157216991964],[-34.9098591815559,-7.2707096148568],[-34.9101566143362,-7.26972808758114],[-34.9106027626074,-7.26966860102504],[-34.9115010099636,-7.2720599603988],[-34.9107514798968,-7.27288087415299],[-34.9110786550559,-7.27323779259002],[-34.9127157251506,-7.27348406743574],[-34.913548536036,-7.27315689137738],[-34.9149464692042,-7.27452508126744],[-34.9157495368116,-7.2747035409356],[-34.9177443913905,-7.27204932411697],[-34.9168191050176,-7.27106653509247],[-34.9165216722374,-7.26830041113505],[-34.917532942791,-7.26785426196455],[-34.9173247407442,-7.26559377373362],[-34.9178006331926,-7.26508813890644],[-34.9178303755713,-7.26309534017777],[-34.9181575516296,-7.26199483978997],[-34.9188713903024,-7.26193535323393],[-34.9184549853093,-7.26026972966425],[-34.914885792845,-7.26021024400752],[-34.9148263071883,-7.26336302968003],[-34.9135770886117,-7.26300611034368],[-34.9131606836186,-7.26163791955431],[-34.9114950609482,-7.26062664900059],[-34.9117924937286,-7.25399390159726],[-34.9114058311142,-7.25378569865104],[-34.9093832891074,-7.25464825371386],[-34.9095022631189,-7.25604618688197],[-34.9078366404486,-7.25598670032593],[-34.9079258702827,-7.25482671338205],[-34.9069145988296,-7.25185238737772],[-34.9087884244462,-7.25009753397399],[-34.9078366404486,-7.249800102093],[-34.9061412736008,-7.25101957559292],[-34.9062007601569,-7.25143598058599],[-34.9042674479843,-7.2519118739338],[-34.902363879989,-7.24928851825048],[-34.9018998846719,-7.24928851825048],[-34.897753673693,-7.25319083398977],[-34.8981403363075,-7.25399390159726],[-34.8978429044264,-7.25577849827904],[-34.8970398359196,-7.25592721376985],[-34.8960821020074,-7.25853272420581],[-34.9027802849821,-7.2559569570479],[-34.9042674479843,-7.25744412005009],[-34.9054869223836,-7.25693848522286],[-34.9072120307106,-7.26006152671807],[-34.9064089631031,-7.26047793261047],[-34.9061710168789,-7.26196509561266],[-34.9050705155918,-7.2642255838436]]]}},{"type":"Feature","properties":{"id":"561","municipality":"2507507","density":"Densa","type":"Área urbanizada","state":"PB"},"geometry":{"type":"Polygon","coordinates":[[[-34.8731347596614,-6.99248996244176],[-34.8731347596614,-6.99344174643939],[-34.8740568012803,-6.9937094359417],[-34.8746814101189,-6.99293611071291],[-34.8761090856657,-6.9930253414463],[-34.8763470327893,-6.99216278638347],[-34.8775070197331,-6.9928468808788],[-34.8779234247262,-6.99248996244176],[-34.8781018852938,-6.99192484015919],[-34.877388046621,-6.990407933879],[-34.8758116537848,-6.98903974398893],[-34.8753655046143,-6.98793924270183],[-34.8755439642825,-6.98755258008749],[-34.8769418983499,-6.9874038636973],[-34.876856131805,-6.98604495211283],[-34.8777412688444,-6.98592047964639],[-34.8772710403262,-6.98556089292083],[-34.8778432249848,-6.98449598680032],[-34.8777747092354,-6.98338852386128],[-34.8773285600649,-6.98297211796882],[-34.877069899756,-6.98318728256697],[-34.8766237505856,-6.98541802841925],[-34.8744434638947,-6.98594644397317],[-34.8731347596614,-6.99248996244176]]]}},{"type":"Feature","properties":{"id":"562","municipality":"2507507","density":"Densa","type":"Área urbanizada","state":"PB"},"geometry":{"type":"Polygon","coordinates":[[[-34.8492570857459,-7.19329702443811],[-34.8486622210846,-7.19145294209954],[-34.8480376122459,-7.19097704965106],[-34.8474427466854,-7.19338625427218],[-34.8481863277368,-7.19451649793796],[-34.848394530683,-7.19722313533936],[-34.8492499478268,-7.19784179516268],[-34.8485432479725,-7.19966208233916],[-34.8485729912505,-7.20195231384815],[-34.8480376122459,-7.20266615162154],[-34.8462161352664,-7.20105406739123],[-34.8460745567953,-7.19924567734609],[-34.8469371109588,-7.19894824366646],[-34.8477401785664,-7.19758005377639],[-34.8463125030195,-7.1936241995971],[-34.8448848256741,-7.19344574082821],[-34.8434571501273,-7.19457598539338],[-34.8440222724099,-7.19576571471588],[-34.84342740595,-7.19710416222729],[-34.8411074320623,-7.19701493239319],[-34.8416130668895,-7.1979667163908],[-34.8404530799456,-7.19814517605897],[-34.8400121153668,-7.19442954878462],[-34.8358548193444,-7.19554747803365],[-34.8351885233316,-7.19517085005465],[-34.8352777522664,-7.19460572777207],[-34.8329280351007,-7.1936241995971],[-34.831887021269,-7.1947247008842],[-34.8311731816969,-7.19478418744023],[-34.8300429380311,-7.1961226340523],[-34.8315003577552,-7.19722313533936],[-34.83355264304,-7.19784774327866],[-34.832214196428,-7.2019225696708],[-34.8312326691523,-7.20171436762395],[-34.8291506396902,-7.20581893819338],[-34.828288086426,-7.20483741001841],[-34.8262060569639,-7.20424254535716],[-34.8258788818049,-7.20567022090394],[-34.8278419372556,-7.20840660158337],[-34.8274552737419,-7.20903121042199],[-34.8283773162601,-7.20903121042198],[-34.8284368019169,-7.21010196843104],[-34.8294480733699,-7.21224348175122],[-34.8301024245872,-7.21218399609451],[-34.8308162632599,-7.21355218598457],[-34.8278419372556,-7.21512857882079],[-34.831292154809,-7.22104748755146],[-34.8337905892643,-7.21935212160311],[-34.8361105640512,-7.21932237922438],[-34.8384007946609,-7.21670497165708],[-34.8403638501115,-7.21941160905845],[-34.841761784179,-7.21843008088347],[-34.8422971622842,-7.2169429178813],[-34.8430704866136,-7.21640753887676],[-34.8439925282325,-7.21640753887676],[-34.8440222724099,-7.2172403506616],[-34.845747380737,-7.21732957959637],[-34.845747380737,-7.21917366283423],[-34.8440817580666,-7.21917366283423],[-34.8438140685644,-7.21953058217059],[-34.8428920278448,-7.21947109471517],[-34.8428622836674,-7.2198280140516],[-34.8435463790621,-7.22098800189474],[-34.8439925282326,-7.22318900267026],[-34.8446766227279,-7.22348643634991],[-34.8446468803492,-7.22479513878461],[-34.8458663538491,-7.22479513878461],[-34.8462530155642,-7.22092851533865],[-34.8483647883043,-7.22089877206067],[-34.8486622210846,-7.21423628137923],[-34.8499411811405,-7.21429576793533],[-34.8499411811405,-7.21480140276248],[-34.8510119382503,-7.21477166038377],[-34.851636547089,-7.21557472799128],[-34.8527965340328,-7.21563421364802],[-34.8529452504229,-7.21022094064388],[-34.857012938896,-7.21012576179443],[-34.8571687941045,-7.20581893819338],[-34.8591615919338,-7.20647329031005],[-34.8593103092234,-7.20552150541314],[-34.8608272146042,-7.20605688441765],[-34.8609759309944,-7.20549176213507],[-34.8638610280639,-7.20555124779178],[-34.8643071772344,-7.20451023396011],[-34.8654671641782,-7.20483741001841],[-34.8658538258933,-7.20329075956086],[-34.8651399881199,-7.20302307095792],[-34.8654374209002,-7.20201180040421],[-34.866240489407,-7.20219026007237],[-34.8671625301266,-7.19903747439985],[-34.8660322855615,-7.19868055506352],[-34.866210746129,-7.19731236517346],[-34.8666568944001,-7.19728262099614],[-34.8669543271804,-7.19802620294685],[-34.8686199498508,-7.19731236517346],[-34.8681738006803,-7.19564674160382],[-34.8691553288553,-7.19466521432816],[-34.8691850721333,-7.19347548410628],[-34.8686794364068,-7.19335651099415],[-34.8681738006803,-7.19392163327672],[-34.8668948406244,-7.19258318576538],[-34.8658835700707,-7.19368368705245],[-34.8666866376781,-7.19517085005465],[-34.8647235822275,-7.19615237733029],[-34.864247689779,-7.19758005377639],[-34.8635933376623,-7.19820466261508],[-34.8624036083398,-7.19820466261508],[-34.8621656621156,-7.19326728116004],[-34.8599646604407,-7.19332676771609],[-34.8599349171627,-7.19389188909937],[-34.8591913361112,-7.19392163327672],[-34.8586857003847,-7.1932970244381],[-34.8538970353199,-7.19350522738428],[-34.852023208804,-7.19115550931923],[-34.8509227093155,-7.19103653620714],[-34.8502980995776,-7.18966834631711],[-34.8495545194255,-7.19020372532162],[-34.8503278428556,-7.19175037487987],[-34.8502088697435,-7.19332676771609],[-34.8492570857459,-7.19329702443811]]]}},{"type":"Feature","properties":{"id":"563","municipality":"2507507","density":"Densa","type":"Outros equipamentos urbanos","state":"PB"},"geometry":{"type":"Polygon","coordinates":[[[-34.9593783598234,-7.13826214488205],[-34.9536379098616,-7.14340772928325],[-34.9497415431376,-7.14159339022275],[-34.9457559456803,-7.14584667718238],[-34.9488195024181,-7.14858305696249],[-34.9403426717768,-7.1567921972021],[-34.9424841868957,-7.15872550937474],[-34.9619660241127,-7.14031443016677],[-34.9593783598234,-7.13826214488205]]]}},{"type":"Feature","properties":{"id":"564","municipality":"2507507","density":"Densa","type":"Vazio intraurbano","state":"PB"},"geometry":{"type":"Polygon","coordinates":[[[-34.8800360032589,-7.159192867257],[-34.8799468040017,-7.16057544090383],[-34.8802589982541,-7.1610214317936],[-34.8828234492427,-7.16144512399325],[-34.8833140393114,-7.16195801365137],[-34.8839607274056,-7.16313989099313],[-34.8836708327427,-7.16465626217672],[-34.8841168236324,-7.16501305470867],[-34.8852095026164,-7.16450016505054],[-34.8852987009742,-7.16331828770877],[-34.8852318022058,-7.16175731824559],[-34.8845405158321,-7.16104373228241],[-34.883291739722,-7.16084303597728],[-34.8833363389009,-7.15859077924102],[-34.8842506211692,-7.1588806730046],[-34.8844290178848,-7.16055314131438],[-34.8863913799582,-7.16106603097251],[-34.8873725609948,-7.16256010166735],[-34.8867704729789,-7.16398727539242],[-34.8854101989215,-7.16470086135564],[-34.8859899882473,-7.16713151390821],[-34.8875509577104,-7.16637332876605],[-34.8882199453941,-7.16316219058258],[-34.8876178555795,-7.16086533466741],[-34.8881307470363,-7.16035244500928],[-34.8883314433414,-7.15901447144069],[-34.8879523503207,-7.15774339484176],[-34.8819537661533,-7.1574981002571],[-34.8800360032589,-7.159192867257]]]}},{"type":"Feature","properties":{"id":"565","municipality":"2507507","density":"Densa","type":"Área urbanizada","state":"PB"},"geometry":{"type":"Polygon","coordinates":[[[-34.9052807968712,-7.04695657028947],[-34.905410553754,-7.04646349539395],[-34.9048396254483,-7.04599637133543],[-34.9051769917248,-7.04550329643992],[-34.9039053773312,-7.04407597342737],[-34.903490155846,-7.04412787600064],[-34.9026078112015,-7.04477665861584],[-34.9013361959087,-7.04472475604262],[-34.9008171692768,-7.04607422474562],[-34.9017773682309,-7.04667110568694],[-34.9014400010551,-7.04729393836453],[-34.8999607763687,-7.04664515395063],[-34.8980403775613,-7.04716418058242],[-34.8977808637958,-7.05017453522659],[-34.8992081868083,-7.05020048606355],[-34.8993119928542,-7.05074546443162],[-34.8997531651764,-7.05074546443161],[-34.9011804881889,-7.04947384913879],[-34.9031527886702,-7.05033024294631],[-34.902504006055,-7.0513942470468],[-34.9011026338794,-7.05144614962008],[-34.9003240943814,-7.05341845010133],[-34.9007393149674,-7.0538855741599],[-34.9024780543187,-7.05401533104264],[-34.9029451783772,-7.05149805219333],[-34.9036458635657,-7.05113473418063],[-34.9048655762853,-7.05134234357429],[-34.9049174788585,-7.05188732194233],[-34.9083171023523,-7.05144614962008],[-34.9065783639003,-7.04778701326],[-34.9052807968712,-7.04695657028947]]]}},{"type":"Feature","properties":{"id":"566","municipality":"2507507","density":"Densa","type":"Área urbanizada","state":"PB"},"geometry":{"type":"MultiPolygon","coordinates":[[[[-34.8186098658526,-7.18468093287869],[-34.8193320592271,-7.18410827697534],[-34.819026271745,-7.18361017486961],[-34.8196806238617,-7.18310454004246],[-34.8186990956867,-7.18212301186749],[-34.8214949629222,-7.18033841608498],[-34.8212106485525,-7.17990617582933],[-34.8219018773697,-7.17925417723843],[-34.8244395456485,-7.17813741530944],[-34.8247667208074,-7.17846459136774],[-34.8239184370861,-7.17913650004939],[-34.8241421128682,-7.18426452698629],[-34.8245814208958,-7.18515902596823],[-34.8253283006605,-7.18553595432081],[-34.8267534293273,-7.18477588599832],[-34.8274733582088,-7.18247993120384],[-34.8279195073793,-7.18250967358251],[-34.8282105873487,-7.18408792531745],[-34.8298016876977,-7.18382274222575],[-34.8308343468276,-7.18274761980679],[-34.8327191783474,-7.18273197609978],[-34.8321956955749,-7.18539697219245],[-34.8329425762388,-7.18572631112034],[-34.833540984229,-7.18435375682038],[-34.8374076076749,-7.18444298575514],[-34.8375732780843,-7.18844268188422],[-34.8372401530106,-7.18958482268136],[-34.8364855669553,-7.18976702982452],[-34.8364177670663,-7.19045112521923],[-34.8372291480067,-7.19036189628447],[-34.8377069380247,-7.19090831896371],[-34.8393473526981,-7.19128257363184],[-34.8402927038452,-7.19122445044798],[-34.8418087188972,-7.19006071512986],[-34.8421962727397,-7.18813115133151],[-34.841285237024,-7.18601563201577],[-34.8415086358149,-7.18572631112034],[-34.8431778009147,-7.187566029049],[-34.846122383641,-7.18813115133151],[-34.8467469915803,-7.18881524582692],[-34.8475500609865,-7.1885178130466],[-34.8475203168092,-7.18768500216107],[-34.8480259534349,-7.18765525888306],[-34.8494419099162,-7.18604026264796],[-34.8495181724257,-7.18239885102612],[-34.8490055831411,-7.18011942487152],[-34.8480775934062,-7.17919143513661],[-34.8462216139363,-7.17526532513461],[-34.8451508559272,-7.16969738582568],[-34.8448653211776,-7.16420083110343],[-34.844402187411,-7.16232254305091],[-34.8460817936398,-7.16299389415286],[-34.845962821427,-7.16552207188608],[-34.847301268039,-7.16840716805632],[-34.8477474172095,-7.16870460083663],[-34.8496212428261,-7.16769333028293],[-34.8499186747071,-7.16825845166619],[-34.8486397146511,-7.17031073695093],[-34.8494130398798,-7.17084611595546],[-34.8510786616509,-7.16888305960551],[-34.8516140406554,-7.16983484540175],[-34.8534283797159,-7.17013227728273],[-34.8545964272832,-7.16982825516983],[-34.8548462706389,-7.17022086590021],[-34.8518201796575,-7.17141965769099],[-34.852179162938,-7.1725414819038],[-34.8527740275993,-7.17218456166814],[-34.8542314482227,-7.1723035356796],[-34.854499137725,-7.17337429278935],[-34.8498889323283,-7.17503991635903],[-34.8493535533238,-7.17414761801808],[-34.8503350805994,-7.17340403606739],[-34.8497375008849,-7.17278347327863],[-34.8475392142633,-7.17450453735449],[-34.8488776608753,-7.1754563213521],[-34.8502458507654,-7.17914448602915],[-34.8511084058282,-7.17953114774422],[-34.8528037717766,-7.18143471663884],[-34.8524765957183,-7.18232701497972],[-34.8527710796216,-7.18287365079829],[-34.8519114743351,-7.18429007043035],[-34.8543255757647,-7.18738162126477],[-34.8557175599174,-7.18745300495214],[-34.8588620007807,-7.18392361108573],[-34.8613400880745,-7.18366546159172],[-34.8615780342988,-7.18262444776002],[-34.8623811019063,-7.18205932637677],[-34.863154427135,-7.18250547464789],[-34.8629759665675,-7.18363571921306],[-34.864373900635,-7.18369520486977],[-34.86413595531,-7.18482544943492],[-34.8615664537288,-7.18465422661121],[-34.8612508582405,-7.18681824816355],[-34.8647010766933,-7.18717516660065],[-34.865414915366,-7.18678850398623],[-34.8660990098614,-7.18797823510745],[-34.8674077140947,-7.18791874765204],[-34.8679133489219,-7.18765105904908],[-34.8678235039515,-7.18707212677721],[-34.8681810384241,-7.1870859367665],[-34.8682702682582,-7.18806746494154],[-34.8689841069309,-7.18774028888316],[-34.8691030800431,-7.1882756678877],[-34.871631256877,-7.18735362626881],[-34.8723153522717,-7.18893001910505],[-34.8733563661034,-7.18884078927097],[-34.8738620018299,-7.1878592619953],[-34.8768357468722,-7.18804771672872],[-34.8768065845562,-7.18836489682247],[-34.8787101525514,-7.18815669387629],[-34.8793645046681,-7.18524185532733],[-34.8815655072423,-7.18458750321067],[-34.8802690167017,-7.19000801395863],[-34.881624992899,-7.18964385777776],[-34.8837367647399,-7.18979257416793],[-34.883915224408,-7.19154742577304],[-34.8772824770046,-7.19240998083593],[-34.8774906799509,-7.19511661823731],[-34.8805542357893,-7.19505713078189],[-34.8807921820135,-7.19826940390983],[-34.8783234908364,-7.19990528330214],[-34.8782640042803,-7.20044066230669],[-34.8823391481332,-7.20407062825684],[-34.8835285617936,-7.20279038037171],[-34.8842933749393,-7.203528819999],[-34.8811013041818,-7.20707310034327],[-34.8805659251773,-7.20678756469432],[-34.8802803904276,-7.20721586771807],[-34.881315455244,-7.20821524203974],[-34.8856698691691,-7.20418205515769],[-34.8847512998326,-7.20321974459551],[-34.888835077177,-7.19864545722204],[-34.8887038903722,-7.19615763206902],[-34.8895664436364,-7.19526533372811],[-34.8893347638882,-7.19300613512502],[-34.8864731454193,-7.19345099466763],[-34.8859652505958,-7.19066799403266],[-34.8876036768681,-7.19009985992056],[-34.8873181412192,-7.18957637804739],[-34.8858133802832,-7.18983581986715],[-34.8854800366743,-7.18800926711397],[-34.8865428959379,-7.18766915161002],[-34.8866994813959,-7.18810111307585],[-34.8890075590515,-7.18802972938846],[-34.889055147577,-7.18722071186631],[-34.887770239405,-7.18729209555375],[-34.8880286847759,-7.18598263678923],[-34.891476279007,-7.18629605501889],[-34.8926898043909,-7.18215579305535],[-34.894579205366,-7.18296329701849],[-34.8949548719697,-7.18170660597504],[-34.8991113289246,-7.18625884197195],[-34.9002194303824,-7.18673321816346],[-34.9018850530527,-7.18593014965665],[-34.9023312022231,-7.18723885299062],[-34.9017660799406,-7.1874173126588],[-34.9018491620092,-7.18786891531813],[-34.9012067079232,-7.18836860112998],[-34.9020276216773,-7.18947505143246],[-34.8995291881215,-7.19001042863836],[-34.8999574911452,-7.19179502532013],[-34.8991008850977,-7.19225901973795],[-34.896531264806,-7.1924439239479],[-34.896263576203,-7.19077830127752],[-34.8944194938645,-7.19098650422376],[-34.8946871833668,-7.19428800628642],[-34.8963528060371,-7.19425826300842],[-34.8965907522614,-7.19330647901074],[-34.8979587443006,-7.19340116143438],[-34.8984227387184,-7.19415069240053],[-34.9025691484474,-7.1926223836161],[-34.9031937563867,-7.19419877735165],[-34.8996719563956,-7.19539990917844],[-34.8999574911452,-7.19611374695184],[-34.9014565512788,-7.19564975163468],[-34.9024559247012,-7.19796972732106],[-34.9030983787871,-7.19779126675348],[-34.9040263694214,-7.19886202386329],[-34.9051328188245,-7.19875494878183],[-34.9055254295549,-7.19925463459368],[-34.9048115908821,-7.19986139818491],[-34.9059180411846,-7.20228844805335],[-34.9054897381608,-7.20289521074536],[-34.9060251162661,-7.20485826619598],[-34.9112244369581,-7.20404379608426],[-34.9123249382453,-7.20350841797905],[-34.9122357084112,-7.20309201208665],[-34.9128305730724,-7.20282432258438],[-34.912384423902,-7.20157510580646],[-34.9117300726847,-7.20175356457531],[-34.9112244369582,-7.20026640157313],[-34.910236761917,-7.19921894409898],[-34.908916162351,-7.19857648911363],[-34.9085592421153,-7.19768419077275],[-34.9067389549388,-7.1981481860899],[-34.9047758985888,-7.19243748030546],[-34.9058466565979,-7.19168794933934],[-34.9049900505503,-7.18976058618206],[-34.9042048290896,-7.18951074282649],[-34.9028261728895,-7.18718015693867],[-34.9023993078817,-7.18528194260752],[-34.9035506748237,-7.18500810803774],[-34.9050384601568,-7.18394135291106],[-34.9062110618909,-7.18567406230806],[-34.9069962842511,-7.18612615959457],[-34.9081622202103,-7.1858168296829],[-34.9087094963461,-7.18805352275184],[-34.9093519504321,-7.1879345496397],[-34.9089236474084,-7.18631651729341],[-34.909589895757,-7.18622133844394],[-34.9098516371433,-7.18703035506679],[-34.910541680654,-7.18688758679265],[-34.9104158619024,-7.18602083459382],[-34.9108972608998,-7.18590040637862],[-34.9119382747315,-7.19086753111163],[-34.9114326399044,-7.19116496389195],[-34.9112541802362,-7.1924439239479],[-34.9122059651331,-7.19277110000623],[-34.912354680624,-7.19482338529093],[-34.9138715869042,-7.19616183190301],[-34.9146151688549,-7.19622131755973],[-34.9153884940837,-7.19521004700603],[-34.9164889953708,-7.19223572100169],[-34.9176489823146,-7.19280084328427],[-34.917976158373,-7.19223572100169],[-34.9204745919288,-7.19315776172129],[-34.9233002024424,-7.18637629882709],[-34.9199597300574,-7.18486791722056],[-34.9194335780971,-7.18512708114981],[-34.919567119327,-7.18458952039005],[-34.9246537783491,-7.18081546236363],[-34.9283121988489,-7.18254057159006],[-34.9294096460383,-7.18187025740639],[-34.9277768198443,-7.17816831241766],[-34.9304537139677,-7.17647294556991],[-34.9316434450889,-7.18265954470217],[-34.9359769578702,-7.18179887281969],[-34.9350639202637,-7.17534270190413],[-34.9335499080018,-7.17537432926185],[-34.9327646856417,-7.17480325796395],[-34.9312511967852,-7.17005125466164],[-34.9214991014024,-7.17550101585914],[-34.9180805166025,-7.17049455028319],[-34.9176046250533,-7.17040532044911],[-34.9151483670035,-7.17347912406229],[-34.91350041781,-7.17205000240564],[-34.9166825843338,-7.16826380622964],[-34.9156118263247,-7.16740125116678],[-34.9152549069883,-7.16757971083496],[-34.9126722393323,-7.16499704317898],[-34.9101215839439,-7.1593912693915],[-34.9090746210969,-7.15834430564514],[-34.9088803261661,-7.15685341495312],[-34.9104428703421,-7.15662860782397],[-34.9106180447869,-7.15627825623649],[-34.9102676940988,-7.15487684898734],[-34.9109975928646,-7.15344624614729],[-34.9095669900245,-7.15204483889819],[-34.9100633222645,-7.15116896037915],[-34.9110267893548,-7.15058503956789],[-34.9117858846108,-7.15073102022037],[-34.9122530203605,-7.15005951173703],[-34.9120778441172,-7.14874569305926],[-34.9107640254394,-7.1490084569747],[-34.9100023338405,-7.14821214327577],[-34.9152151299742,-7.14348777793857],[-34.9160579745958,-7.14054308459562],[-34.9176542757242,-7.13368056760409],[-34.9173039250361,-7.1328046890851],[-34.9154353820372,-7.13128649767368],[-34.9160193010498,-7.13079016723236],[-34.918676135795,-7.1308485593135],[-34.9187376116514,-7.13192812528269],[-34.9199023668007,-7.13201639823814],[-34.9195847334486,-7.13289153121913],[-34.9199713951637,-7.13408126234031],[-34.9198524220516,-7.13652020934011],[-34.9207469309261,-7.136728095725],[-34.9205305693302,-7.13734112399362],[-34.9191028919848,-7.13722214998217],[-34.9186864860924,-7.13775752898676],[-34.9183295667561,-7.14079134244644],[-34.9186026899621,-7.14232660119166],[-34.9177746400876,-7.14233757292062],[-34.9168015574459,-7.14339843838719],[-34.9173666788291,-7.14414202033794],[-34.9173369346517,-7.14580764210893],[-34.9178425712776,-7.14589687194304],[-34.9179020569343,-7.14723531855503],[-34.9170692460488,-7.14726506183309],[-34.9178286425778,-7.1532120348075],[-34.920771686564,-7.15221672092491],[-34.9210001161623,-7.15406318197022],[-34.9234747545563,-7.15303525507289],[-34.9236278614366,-7.15387255177678],[-34.9263158388049,-7.15309426408899],[-34.9257442450009,-7.15044770229957],[-34.926977718247,-7.15015253760947],[-34.9302494770317,-7.14402542593262],[-34.9298925576953,-7.14360902004018],[-34.9285714437171,-7.1438247359228],[-34.9284822147823,-7.14325961364023],[-34.9289070644094,-7.14286305938267],[-34.9277073013508,-7.14200061493637],[-34.9256055623468,-7.14283331610462],[-34.9253278400077,-7.14235753427272],[-34.9244455754029,-7.14241691021222],[-34.9240516417699,-7.14069348361734],[-34.9252452309826,-7.13984092002238],[-34.9241065876489,-7.13884825734117],[-34.9267811399376,-7.13598764791158],[-34.9274496446853,-7.13676569098381],[-34.9294451872456,-7.13642530568325],[-34.9309038291484,-7.13377074172632],[-34.9314649854207,-7.13405905358242],[-34.9311972959184,-7.13459443168763],[-34.9318219038577,-7.13521904142557],[-34.9305429438018,-7.1363790283694],[-34.9310188362502,-7.13664671697235],[-34.931762418201,-7.13614108214518],[-34.932743119899,-7.13736757305503],[-34.9324218919567,-7.13779587607878],[-34.9326360439182,-7.13850971385217],[-34.9347418667437,-7.13825987139591],[-34.9352058620608,-7.14161491099929],[-34.935991084421,-7.14211459771048],[-34.9402027300719,-7.14286412777722],[-34.9401539832197,-7.14602496597935],[-34.935841209704,-7.14846391387846],[-34.9359006971594,-7.14926698238527],[-34.9366145349328,-7.15004030671474],[-34.9355140354443,-7.15164644282902],[-34.937209399594,-7.15313360583123],[-34.9375365756524,-7.15274694411613],[-34.9386668202175,-7.15352026934489],[-34.9398862937174,-7.15155721299494],[-34.9407381090765,-7.15189418177102],[-34.9414162545565,-7.15153726333398],[-34.9416074378329,-7.14726506183309],[-34.943896842865,-7.14472010724712],[-34.9440753034324,-7.14364935013736],[-34.943896842865,-7.14211459771048],[-34.9433614638604,-7.14136506674441],[-34.9390967096454,-7.139065440018],[-34.9402269542105,-7.13689418072183],[-34.9428443608785,-7.13844083117939],[-34.9426119337937,-7.13897370916931],[-34.9430228196474,-7.13933312862093],[-34.9454320251678,-7.14061208867692],[-34.9460566331071,-7.13945210173309],[-34.9479300288477,-7.1404727702021],[-34.9503099200667,-7.13618034294841],[-34.9514699070106,-7.13677520760969],[-34.9536983191221,-7.13445011568025],[-34.9548404599192,-7.13382193833174],[-34.9556970659668,-7.13416458093066],[-34.956782099814,-7.13290822533429],[-34.9588533311163,-7.13278842844319],[-34.9654248247958,-7.13582376715312],[-34.9641734199673,-7.13531112390922],[-34.9648396692153,-7.1401176351207],[-34.9626505646718,-7.14078388436872],[-34.9626505646718,-7.14820780224824],[-34.9564163770141,-7.14813166024788],[-34.9547983437685,-7.14884549802128],[-34.9524676940288,-7.15810073056424],[-34.9515622772772,-7.1635981558302],[-34.9542748618953,-7.16507342170099],[-34.95432245132,-7.16640592019702],[-34.9562260202146,-7.16707216944502],[-34.9576061081353,-7.16602520569866],[-34.9596048549801,-7.16578726037376],[-34.9606518178271,-7.15961017966601],[-34.964682625103,-7.16021932196406],[-34.9649998366731,-7.16128343038594],[-34.9656142157234,-7.16074788140959],[-34.9669824056135,-7.16077762468756],[-34.967131122903,-7.16166992302846],[-34.9678747039544,-7.16253247719205],[-34.9697746710642,-7.16112351743635],[-34.9726336257412,-7.1655662897524],[-34.9743289916896,-7.16434681625254],[-34.9756281451227,-7.16559690267486],[-34.9750570747242,-7.1662631528222],[-34.9776268919675,-7.16873779211541],[-34.9800063542098,-7.16845225736576],[-34.9819575116298,-7.16593002774851],[-34.9885724128865,-7.16193253405913],[-34.9855267031948,-7.15831575306948],[-34.9844797403477,-7.15902007331768],[-34.9786262662891,-7.15311900983438],[-34.9767226973945,-7.15492739987959],[-34.9753240034,-7.15363963815872],[-34.9754853777479,-7.15302383188431],[-34.9772275722946,-7.15176581344149],[-34.9770193693484,-7.15149812303993],[-34.9795178029042,-7.14956481086729],[-34.977864839091,-7.1472179472504],[-34.9770558215688,-7.14726553577583],[-34.9748191293992,-7.14598062670451],[-34.9752950209484,-7.14464812910787],[-34.9734866300039,-7.14355357683605],[-34.9721541324072,-7.1417927762156],[-34.9721541324072,-7.13998438527114],[-34.968803360087,-7.1378370371495],[-34.9697917572837,-7.13621008622648],[-34.9690274252754,-7.13579317761299],[-34.9695487991377,-7.13339269821439],[-34.9673121060688,-7.13196502086898],[-34.967769215277,-7.13085629887906],[-34.970167458961,-7.13087046859721],[-34.9707861187843,-7.12910966797677],[-34.9706433514095,-7.12820547340387],[-34.9696915674119,-7.12791993685557],[-34.9697867453619,-7.12668261810832],[-34.9705481725601,-7.1264922613088],[-34.9702639733037,-7.12407657077705],[-34.9720710278556,-7.12416038939039],[-34.9718806710561,-7.12692056433254],[-34.9727660832881,-7.12698967543316],[-34.9738665836758,-7.12511584891723],[-34.9758296391265,-7.12458047081204],[-34.9773465454067,-7.12258767208334],[-34.9783875592384,-7.12336099731214],[-34.9777926936778,-7.12386663213932],[-34.9795178029042,-7.12469944392416],[-34.9803803579671,-7.12568097119982],[-34.9779414109673,-7.12639480987252],[-34.9763352739537,-7.12597840398012],[-34.9754429774114,-7.12636506569516],[-34.9747291378394,-7.12800094598681],[-34.9748778551288,-7.1298152850473],[-34.9741045299001,-7.12987477070409],[-34.9737178672857,-7.1306778401102],[-34.9741937588349,-7.13115373165937],[-34.9741342731781,-7.13305730055396],[-34.9749075984069,-7.13365216611455],[-34.9758891247832,-7.13552599083175],[-34.9767516798461,-7.13936287189899],[-34.9783875592384,-7.13844083117938],[-34.9788634516869,-7.13918441313013],[-34.9796665201937,-7.13924389878685],[-34.9796367769157,-7.14022542696183],[-34.9781198697361,-7.14022542696183],[-34.9779239560257,-7.14156131770062],[-34.9874120572206,-7.14352437405059],[-34.9893124596023,-7.14328003634455],[-34.9894520532696,-7.14450845719951],[-34.993764825886,-7.14385410508283],[-34.9949248128298,-7.14248591519278],[-34.9936755960519,-7.1411772109595],[-34.9948058397177,-7.13722135678011],[-34.993816931706,-7.13697717915346],[-34.993519499825,-7.13757204381472],[-34.9926866880402,-7.13763153037081],[-34.9919802301035,-7.1366859786749],[-34.9928427851664,-7.1361208572917],[-34.9926345822202,-7.13555573500913],[-34.9899874322741,-7.13659674884083],[-34.9890653906552,-7.13507984166131],[-34.9916754165872,-7.13483566403459],[-34.9923297687038,-7.13281312202793],[-34.9885300116506,-7.1312132182154],[-34.9879351469894,-7.13043989298661],[-34.9901709866017,-7.12633240411714],[-34.9866190629194,-7.1247824405571],[-34.9845505862405,-7.12552014363967],[-34.9829308982423,-7.12335476411102],[-34.9832408073174,-7.12145450921816],[-34.9829308982423,-7.12103479022334],[-34.9813321419647,-7.12127896874938],[-34.9786849920187,-7.11934565567742],[-34.9781496130142,-7.11967283173573],[-34.976632706734,-7.11949437296689],[-34.9729565246239,-7.11777020622999],[-34.9696727841716,-7.11553851878756],[-34.9685722828845,-7.11705542506775],[-34.9684830530504,-7.11857233224733],[-34.9698214996624,-7.11934565567742],[-34.9702081622768,-7.11848310241324],[-34.9715168656108,-7.11857233224733],[-34.9717548118351,-7.11904822379643],[-34.9726590028107,-7.1192875693658],[-34.9723199341176,-7.12101127924713],[-34.9751455437318,-7.12175486119782],[-34.9744317059584,-7.12315279436592],[-34.9704885088375,-7.12287606128115],[-34.9698698499136,-7.12249534678278],[-34.9700126172884,-7.12173391868538],[-34.9677097278216,-7.12107076580317],[-34.9667289613724,-7.12144838393574],[-34.9662054803986,-7.12325677398088],[-34.9656819976261,-7.12330436430496],[-34.9654916408265,-7.12392302322888],[-34.9667282014453,-7.12380714558327],[-34.9668241402218,-7.12549346794913],[-34.9660092447308,-7.12582354971699],[-34.9660665882025,-7.12666457770804],[-34.9652829036831,-7.12687483380649],[-34.9658247659002,-7.12782533896821],[-34.967576614669,-7.12729534780203],[-34.9676502421649,-7.12788197287474],[-34.9654271999053,-7.13064042561514],[-34.9647737911775,-7.12950656757397],[-34.9617733650487,-7.13073477079297],[-34.9610438152199,-7.13037934882784],[-34.9611222370016,-7.12913915944462],[-34.9592748613457,-7.12826304530326],[-34.9605752513467,-7.12422031571499],[-34.9578744136732,-7.12316756932779],[-34.9589652085775,-7.11988103468196],[-34.9543252599027,-7.11889950830563],[-34.9542062867907,-7.11824515618896],[-34.9525109208423,-7.11690670867763],[-34.9513211906204,-7.11762054735033],[-34.9501314603985,-7.11672824900944],[-34.9490904456675,-7.11925642674267],[-34.9518268263469,-7.11985129230322],[-34.9528600916199,-7.11962375573173],[-34.9555726780366,-7.12285982312227],[-34.9546208931397,-7.12419232071899],[-34.9527786103445,-7.12169537374247],[-34.9480001381958,-7.12175365160971],[-34.9477991586043,-7.12255756997581],[-34.9488841933508,-7.12272889082563],[-34.9515111184433,-7.1244421029207],[-34.9507116193457,-7.12552713676792],[-34.9493981567995,-7.12586977936679],[-34.9465428039072,-7.12786852711077],[-34.9468283386569,-7.12963884615578],[-34.9493410498495,-7.13232287819825],[-34.9518537610422,-7.13392187639346],[-34.9511684758444,-7.13512112414055],[-34.9476849447044,-7.13283684074753],[-34.9450009126619,-7.13837622658155],[-34.9404351562574,-7.13597214000219],[-34.9417141172127,-7.13537727534096],[-34.9435284562732,-7.1313916778836],[-34.9411176328724,-7.12575556456763],[-34.9409756308207,-7.12365551089306],[-34.9383879674307,-7.12371499744909],[-34.9366863161205,-7.12461378259997],[-34.9365375988311,-7.12607120322338],[-34.9346042866584,-7.12562505405295],[-34.9341283951093,-7.12508967504841],[-34.9329981514435,-7.12613068977947],[-34.9319868799905,-7.12217483560016],[-34.9302680570252,-7.12169245544243],[-34.9275614196238,-7.11996734621603],[-34.9264843771522,-7.11991434826854],[-34.9256987249162,-7.12044460833199],[-34.9256987249162,-7.12130121437952],[-34.9269015753474,-7.12173780825322],[-34.9266041425671,-7.12209472669025],[-34.9253846690672,-7.12218395742366],[-34.9233026414037,-7.1214403745736],[-34.9204080717751,-7.12213758478169],[-34.9174182009891,-7.12044460833199],[-34.9116127453319,-7.12095536210024],[-34.9083952849144,-7.11901693188583],[-34.908073297045,-7.11845692764508],[-34.9060210117602,-7.11860564403521],[-34.9049799979285,-7.11818923814281],[-34.9037910600094,-7.11852553602462],[-34.9038208041867,-7.11793066956472],[-34.9023633835633,-7.11715734613454],[-34.9015603159558,-7.11715734613454],[-34.9009357071171,-7.11769272423977],[-34.9006374811348,-7.11881384698143],[-34.8988239361757,-7.11888245536098],[-34.8988239361757,-7.1196260364124],[-34.8951060282206,-7.11974500862522],[-34.894481419382,-7.12019115779566],[-34.8944516761039,-7.12114294269259],[-34.8952242081307,-7.12128253815855],[-34.8957893304132,-7.12110407759104],[-34.8957595862359,-7.12071741587603],[-34.8997035900486,-7.11998775183322],[-34.9016190093098,-7.12089587464488],[-34.9019461853681,-7.12184766044113],[-34.9012620899735,-7.12217483560016],[-34.8998178039485,-7.12192939172797],[-34.896848236257,-7.12272889082563],[-34.8945639537634,-7.12250046302592],[-34.8932504912171,-7.12050171528188],[-34.8908222047809,-7.11470927731125],[-34.8911791241172,-7.11363851930219],[-34.8898013132799,-7.1107033326926],[-34.8880787500342,-7.11079092126398],[-34.8887699203955,-7.11241904580225],[-34.8879966410321,-7.11284936870334],[-34.88502707424,-7.11033665841001],[-34.8842251145973,-7.10894329109993],[-34.8845752332603,-7.10769614815865],[-34.8834657846182,-7.10728740359077],[-34.879787091601,-7.10337514314831],[-34.8794367400135,-7.10349192731055],[-34.8804002080031,-7.10489333366037],[-34.8828818656055,-7.1073457956719],[-34.8823563377747,-7.10778373583071],[-34.8824703610183,-7.10840170137737],[-34.881363846864,-7.10858216473508],[-34.8780028591446,-7.10510220300423],[-34.8755639112455,-7.10349606688993],[-34.8763372355749,-7.10551860889667],[-34.8757423709137,-7.10655962272837],[-34.8745823830705,-7.10685705460936],[-34.8733144154279,-7.10638484938124],[-34.8726862380794,-7.10495717293515],[-34.8708017042352,-7.1029584251911],[-34.8668491352793,-7.10266325510511],[-34.8660047114482,-7.10444320858716],[-34.8667896487233,-7.10569706766553],[-34.8664624726649,-7.10650013617232],[-34.8636963487075,-7.10896882734943],[-34.8615503603608,-7.10884045272469],[-34.8641201776041,-7.1066703841309],[-34.8649753096628,-7.10492374333604],[-34.8647968499946,-7.10355555344598],[-34.865213255887,-7.10263351182703],[-34.8656594050574,-7.10275248493917],[-34.8668613165964,-7.10135942789527],[-34.8685174217415,-7.10215892609353],[-34.8721722737314,-7.10187339134387],[-34.8727433450293,-7.10033150009861],[-34.8710301329343,-7.10010307229891],[-34.871201453784,-7.09896093060241],[-34.8703448477365,-7.09821853935403],[-34.8710872398842,-7.09616268466011],[-34.8678892443931,-7.09427815171528],[-34.8653765332004,-7.09416393691613],[-34.8641201776041,-7.09262204657017],[-34.8616270113774,-7.09302802482347],[-34.8609726601601,-7.09171932059015],[-34.85960447027,-7.09139214543116],[-34.8589805422182,-7.0917083335727],[-34.8592178067563,-7.09234393032807],[-34.8604967668123,-7.09314699793556],[-34.859901902151,-7.09392032226505],[-34.8605265109897,-7.09478287732787],[-34.8601993349314,-7.09579414788158],[-34.8606752273798,-7.09653772983234],[-34.8604075378775,-7.09728131088371],[-34.8595152404359,-7.09757874366403],[-34.8584444824269,-7.0969243924467],[-34.8586824277518,-7.09612132393988],[-34.8575224408079,-7.09511005338624],[-34.8583255093148,-7.09451518782563],[-34.8579388467004,-7.09326597104771],[-34.8563327105861,-7.09255213237497],[-34.8560947652612,-7.09341468743783],[-34.8570762916375,-7.09505056593081],[-34.8570168059808,-7.09659721638839],[-34.8545183724249,-7.09704336465951],[-34.8533583836824,-7.09671618860119],[-34.8526742891871,-7.09745977055195],[-34.8517393656791,-7.09724771940665],[-34.8514845589652,-7.09805463611252],[-34.8496999631827,-7.09814386594661],[-34.8492257057017,-7.09775774832138],[-34.8504691173558,-7.09366441388153],[-34.8515242172688,-7.0918720029905],[-34.8521488252081,-7.08940331181332],[-34.8523675439269,-7.08588341298907],[-34.854736488598,-7.07783318295498],[-34.8570564633851,-7.07771420984285],[-34.8571754355978,-7.0770301153475],[-34.8555693003829,-7.07670293928919],[-34.855747760051,-7.07554295234529],[-34.8567887738828,-7.07592961406038],[-34.8586493210093,-7.07331985882438],[-34.8590790053917,-7.07182504439028],[-34.8578892751699,-7.07015942082057],[-34.8575026116562,-7.0674825275965],[-34.857056463385,-7.0672445822716],[-34.8501823703201,-7.06906986788006],[-34.8508254008715,-7.06028209574207],[-34.8550515759694,-7.05944284211341],[-34.854677002042,-7.05826211590385],[-34.8509590949862,-7.05927338735689],[-34.850780635318,-7.05507958695335],[-34.8543662907717,-7.05430320672759],[-34.8542237734083,-7.05321056461582],[-34.8504237159817,-7.05397908656558],[-34.8487697988871,-7.04853539309386],[-34.848072955749196,-7.047012124325069],[-34.8431861556165,-7.05487855969774],[-34.8476833369164,-7.05422896769268],[-34.8476833369164,-7.05590648839371],[-34.8482227143068,-7.05626931807449],[-34.8495393172856,-7.05597787118178],[-34.8500370533672,-7.05668572396695],[-34.850253155059,-7.05879753267993],[-34.849769363865,-7.06168259197802],[-34.8489960386363,-7.06159336214392],[-34.84878783569,-7.05992773857424],[-34.8474791332554,-7.05876775163042],[-34.8426206115519,-7.05759584777015],[-34.8418031242148,-7.06066142618382],[-34.84133375039121,-7.061491476810297],[-34.8305565771763,-7.116996863449889],[-34.8318347715574,-7.11394725386265],[-34.8347496110057,-7.11546416104216],[-34.8345414080595,-7.11733798575939],[-34.8340357732323,-7.11814105426618],[-34.8325188669521,-7.11855746015864],[-34.8318842099882,-7.11988207339892],[-34.8316085147212,-7.12221001797794],[-34.8310317030506,-7.12209690844555],[-34.8308829866605,-7.12465482855742],[-34.8326378400642,-7.12521995084001],[-34.8327568131763,-7.12453585634467],[-34.8363126623994,-7.12535004227062],[-34.8361475450731,-7.12608250500359],[-34.8366771962955,-7.12633966524334],[-34.8365044644094,-7.12825376429975],[-34.8355526786131,-7.12991938607076],[-34.8359690854049,-7.13134706341618],[-34.8362962605639,-7.13143629325027],[-34.8374859907858,-7.13018707557302],[-34.8381403429025,-7.13069271129955],[-34.838645978629,-7.13057373818744],[-34.8389731546873,-7.1313173201382],[-34.8410849256288,-7.13244756380398],[-34.8419474806917,-7.13170398185322],[-34.8429290079673,-7.13173372513126],[-34.842304400028,-7.13360755074781],[-34.8395977626266,-7.13316140157735],[-34.838645978629,-7.13369678058189],[-34.8398059655728,-7.13473779531295],[-34.8396275059046,-7.13565983603257],[-34.8403710878554,-7.13664136420757],[-34.8398357088508,-7.1372362288688],[-34.8416500479113,-7.13789058098547],[-34.8431372109135,-7.13687931043177],[-34.8444756584249,-7.13705776920063],[-34.8440295092544,-7.13988337881483],[-34.8453382125884,-7.14035927216266],[-34.8462305109293,-7.14148951492911],[-34.8483422818708,-7.14116233977012],[-34.8491156070995,-7.14303616538666],[-34.8503562119695,-7.1445654256538],[-34.8502913870378,-7.14620977216322],[-34.8498557050767,-7.14630149401869],[-34.8478375787412,-7.14368016180998],[-34.8458745232905,-7.14364447041594],[-34.8454462202668,-7.14282355576245],[-34.8447323815941,-7.14257371330621],[-34.8403422771743,-7.14243094503206],[-34.8380223023873,-7.143358934767],[-34.8374512310894,-7.1432875510796],[-34.8365946259412,-7.14168141496527],[-34.8341675751734,-7.14289494034916],[-34.8347029541779,-7.14428692540121],[-34.8327755910207,-7.14360877902188],[-34.8323115957035,-7.14550044988579],[-34.8316691407182,-7.14475091981904],[-34.8318832926798,-7.14321616739216],[-34.8297774698543,-7.14260940470025],[-34.8292777831431,-7.14446538417008],[-34.8281356423459,-7.14471522842502],[-34.8271719603177,-7.14646413191412],[-34.8273147276925,-7.14785611606688],[-34.826458121645,-7.14971209643608],[-34.8266008890197,-7.15035454962271],[-34.8294562428113,-7.1507114698584],[-34.8295276255994,-7.15296006005868],[-34.8263867379575,-7.15274590899647],[-34.8253159799485,-7.15370959012545],[-34.8251732125737,-7.15542280222047],[-34.8238169198149,-7.15549418590792],[-34.8237812284209,-7.15595818122507],[-34.8244593739009,-7.15756431733934],[-34.8266008890197,-7.15742154996452],[-34.8266722727072,-7.15827815601204],[-34.8286353281578,-7.15899199378544],[-34.8302057728781,-7.15906337837219],[-34.8309553029449,-7.1581353877379],[-34.8318119089923,-7.1581353877379],[-34.8319912742779,-7.1593012634425],[-34.8276002633414,-7.15984859983298],[-34.8273861113799,-7.16124058488505],[-34.8267079650005,-7.16231134199478],[-34.8241673235631,-7.16323596376869],[-34.8229107422369,-7.16211900219013],[-34.82178505360564,-7.16217260642998],[-34.82146467839536,-7.163822626297112],[-34.820858365369894,-7.166945304037541],[-34.8227025392907,-7.16774047903982],[-34.8233271481293,-7.16863277738072],[-34.8233866337861,-7.17009019710487],[-34.8246290103205,-7.17012083161103],[-34.8246774918727,-7.17201030273322],[-34.8286036018747,-7.17192107289913],[-34.8304824843791,-7.17102502708327],[-34.8320529282,-7.17102502708327],[-34.8334330161208,-7.17121538388285],[-34.8333327812828,-7.17221850567945],[-34.8305631148958,-7.17211579410857],[-34.8288644511335,-7.17316654220214],[-34.8272940064132,-7.17340448842636],[-34.8272940064132,-7.17711644826545],[-34.8251524921937,-7.17735439359037],[-34.8232498154266,-7.17733434680265],[-34.8232200721486,-7.17641230608304],[-34.8222980314289,-7.17632307624893],[-34.8221195708615,-7.17355695229146],[-34.81955076400158,-7.173679808352479],[-34.81876137040791,-7.177745401041199],[-34.817499066754706,-7.184246609746943],[-34.8178538426807,-7.18467943640685],[-34.8186098658526,-7.18468093287869]],[[-34.8530014652454,-7.10192125955844],[-34.8537450471961,-7.10314073395768],[-34.8546373446377,-7.10299201756751],[-34.8546670879157,-7.10349765329404],[-34.855261952577,-7.10358688312811],[-34.8551657898693,-7.10495717293515],[-34.8509067463492,-7.10569706766554],[-34.8509364896273,-7.10676782567458],[-34.8490329207327,-7.10757089418138],[-34.848408311894,-7.10840370506692],[-34.8476647308426,-7.11090213862275],[-34.8463092312859,-7.11084423937013],[-34.8462794880079,-7.11027911708756],[-34.8459523119496,-7.11030886036559],[-34.8457441090034,-7.11325344309188],[-34.8442012338998,-7.11323769686219],[-34.8452291607971,-7.11009680832098],[-34.8471708006919,-7.10621352763213],[-34.8471708006919,-7.10410056688762],[-34.8467139450924,-7.10358660343895],[-34.8478472590437,-7.10191648056112],[-34.8487038641919,-7.10232098932215],[-34.8488228382034,-7.10077433886461],[-34.8479662321558,-7.10003670592919],[-34.8479900264185,-7.09941804700521],[-34.8484897131297,-7.09939425184319],[-34.8489077171174,-7.09846480610588],[-34.8513396170297,-7.09907514540158],[-34.852367543927,-7.10016017924882],[-34.8524817578268,-7.10101678529635],[-34.8532096681916,-7.10126690834108],[-34.8530014652454,-7.10192125955844]],[[-34.9040967881362,-7.12214854032282],[-34.904489399766,-7.12350483308155],[-34.9041324804296,-7.12414728806686],[-34.9049807911306,-7.12524751326209],[-34.9053079671889,-7.12483110736968],[-34.9058171390497,-7.12518235288326],[-34.9056029870881,-7.1256820395944],[-34.9059599064245,-7.12614603491153],[-34.9071734318083,-7.12611034261817],[-34.9096004816768,-7.12714540923321],[-34.9130625981603,-7.12675279670418],[-34.9135265916788,-7.12700264095908],[-34.913669359953,-7.12850170109262],[-34.9149658981576,-7.12883890279308],[-34.916077693131,-7.1301770508302],[-34.9156397538715,-7.13052740331699],[-34.914442719356,-7.13043981474563],[-34.9109100051925,-7.12895081982441],[-34.9083146939679,-7.1298058781387],[-34.9087905864164,-7.13182841924614],[-34.9096828838579,-7.13206636636966],[-34.9089195923652,-7.13477289225512],[-34.9101390658652,-7.13521904142557],[-34.9099308629189,-7.13611133886713],[-34.9085924163069,-7.13578416280882],[-34.9082248013335,-7.13732605585273],[-34.9068078196252,-7.13700363720807],[-34.9036694033202,-7.1501471003084],[-34.902501562597,-7.15070182373013],[-34.9013045280815,-7.14935880856211],[-34.8993891879606,-7.15017966925628],[-34.8979815735907,-7.14948319379432],[-34.8945551502999,-7.15095845876578],[-34.8936985442523,-7.15057774606606],[-34.8936985442523,-7.14991149681807],[-34.8945551502999,-7.14919765814536],[-34.8926991699307,-7.14581882427928],[-34.8907762017603,-7.14027539599266],[-34.8913710673209,-7.14000770559109],[-34.8910141479845,-7.1391748947056],[-34.8916090126458,-7.13849080021021],[-34.8899342366756,-7.13671024688035],[-34.8904101291241,-7.13599640910694],[-34.8881290509149,-7.13331547163165],[-34.8864126336361,-7.13485426741045],[-34.8852229043135,-7.13447355381142],[-34.8839855837676,-7.13480667798575],[-34.8829862103453,-7.13428319701189],[-34.8828910323952,-7.13309346589068],[-34.8818916580735,-7.13223685984314],[-34.8821581577727,-7.13119941542063],[-34.8867743121848,-7.13143736074558],[-34.8897248439264,-7.13067593444674],[-34.8911525212718,-7.12924825710133],[-34.8910573424223,-7.12834406162909],[-34.8934823778094,-7.12585651616525],[-34.893771266131,-7.12656560731689],[-34.8922365137041,-7.13027756625662],[-34.8927362013146,-7.13120555599159],[-34.8935214227754,-7.13145539934716],[-34.8939140344051,-7.13067017698705],[-34.8945921798852,-7.13088432804927],[-34.8959127812498,-7.12795759057032],[-34.8955201696201,-7.12724375279692],[-34.896733695004,-7.1255662329952],[-34.8997423751105,-7.12661003022869],[-34.9030260310264,-7.13035768056246],[-34.9048820113957,-7.13171397422048],[-34.9058456916253,-7.12932261484672],[-34.9025620357093,-7.12707402464644],[-34.901526970893,-7.12443282281648],[-34.900277754115,-7.1235405253749],[-34.9003491369031,-7.12304083776439],[-34.9040967881362,-7.12214854032282]],[[-34.847688862351,-7.12603645881547],[-34.8498131932242,-7.12598021341608],[-34.853279664225,-7.12792658824139],[-34.8536960701175,-7.1285214529027],[-34.8530119747228,-7.13006810336027],[-34.85381554685,-7.13058306415708],[-34.8529227448887,-7.13158500874114],[-34.8520899331039,-7.13134706341618],[-34.8506622566578,-7.12977066968062],[-34.8487586877632,-7.12867016929283],[-34.8463197398641,-7.12807530373226],[-34.8457248752028,-7.12872965584887],[-34.8448028335839,-7.12843222306861],[-34.8451002672635,-7.12792658824139],[-34.8448325768619,-7.12774812767391],[-34.8430777252568,-7.12759941218309],[-34.8416500479113,-7.12759941218309],[-34.8401926281872,-7.12822402012239],[-34.8393003298463,-7.12768864201718],[-34.8382295727366,-7.12807530373226],[-34.8369506126806,-7.12718300629063],[-34.8371204793266,-7.12641933438471],[-34.8401033992524,-7.12623122229304],[-34.8402336930305,-7.12558799299144],[-34.8477468002746,-7.12468459431853],[-34.847688862351,-7.12603645881547]],[[-34.86809180859,-7.12920554829736],[-34.8690435925877,-7.13119834702605],[-34.8715319789176,-7.13975057323034],[-34.8723053041464,-7.14046441100375],[-34.8732968804466,-7.14006183938234],[-34.8729399602109,-7.13872339187099],[-34.8732968804466,-7.13842595909068],[-34.8774211452696,-7.13867981522123],[-34.87908676794,-7.13945313955073],[-34.8793247141642,-7.14064287067193],[-34.8813178438434,-7.14324972199706],[-34.8835485887963,-7.14494508794543],[-34.884292170747,-7.14458816860906],[-34.8849465219644,-7.14556969588472],[-34.8830723653973,-7.14682946890481],[-34.8811691283526,-7.14539123711586],[-34.8794737624042,-7.14785992739371],[-34.8781055716148,-7.14896042778144],[-34.8777783955564,-7.14872248155722],[-34.8780754973862,-7.14682946890481],[-34.877005071227,-7.1458373862863],[-34.8783729292673,-7.14337925135136],[-34.8758250572805,-7.14157874476321],[-34.8745063049219,-7.1412972218892],[-34.8737924671486,-7.14177311523701],[-34.8737430287177,-7.14315513759949],[-34.874208873041,-7.14379565724375],[-34.8738917451079,-7.14413666577446],[-34.8717502299891,-7.14294693465327],[-34.8715420270429,-7.14154900238453],[-34.8710958778724,-7.14110285321408],[-34.8696979447043,-7.14392846282825],[-34.8702928102649,-7.14725970816899],[-34.8692220531552,-7.14963916861268],[-34.8682107817021,-7.1546360384224],[-34.8658908069152,-7.15975187864627],[-34.8637987311265,-7.16217699317366],[-34.8623811019063,-7.16278569120663],[-34.8611913716844,-7.16174467737495],[-34.8607815659165,-7.16184359560545],[-34.8571442354181,-7.15527551755106],[-34.8508624583357,-7.14803006023902],[-34.850755382355,-7.14699499362399],[-34.8528612051804,-7.13871446969701],[-34.8542174979391,-7.13803632331764],[-34.8548242597317,-7.1373581769383],[-34.854717183751,-7.1366443391649],[-34.8578580731915,-7.13578773311736],[-34.8589645216953,-7.13503820215124],[-34.8612844973816,-7.13585911590543],[-34.8614272638571,-7.13507389444464],[-34.8601780470792,-7.13503820215124],[-34.8597497440554,-7.13457420773348],[-34.860606350103,-7.13336068234958],[-34.8609478037981,-7.13179568662161],[-34.8635113455721,-7.13116860284868],[-34.86809180859,-7.12920554829736]],[[-34.8802589982541,-7.1610214317936],[-34.8797907068755,-7.16021864837189],[-34.8800360032589,-7.159192867257],[-34.8819537661533,-7.1574981002571],[-34.8879523503207,-7.15774339484176],[-34.8883314433414,-7.15901447144069],[-34.8881307470363,-7.16035244500928],[-34.8876178555795,-7.16086533466741],[-34.8882199453941,-7.16316219058258],[-34.8875509577104,-7.16637332876605],[-34.8859899882473,-7.16713151390821],[-34.8854101989215,-7.16470086135564],[-34.8867704729789,-7.16398727539242],[-34.8873725609948,-7.16256010166735],[-34.8863913799582,-7.16106603097251],[-34.8844290178848,-7.16055314131438],[-34.8842506211692,-7.1588806730046],[-34.8838938277379,-7.15867997669955],[-34.8833363389009,-7.15859077924102],[-34.883291739722,-7.16084303597728],[-34.8845405158321,-7.16104373228241],[-34.8852318022058,-7.16175731824559],[-34.8852095026164,-7.16450016505054],[-34.8839161282267,-7.16499075601856],[-34.8839607274056,-7.16313989099313],[-34.8828234492427,-7.16144512399325],[-34.8802589982541,-7.1610214317936]]],[[[-34.8305139624493,-7.11949743156118],[-34.83020945608028,-7.1187846319362285],[-34.829480581842525,-7.122538533406654],[-34.82930296884016,-7.12345328889698],[-34.8305139624493,-7.11949743156118]]],[[[-34.8325147669429,-7.13856084210915],[-34.8329055286672,-7.137087513378],[-34.8338275702861,-7.13711725575673],[-34.8345414080595,-7.13607624192498],[-34.8345414080595,-7.13485676842511],[-34.833708597174,-7.13458907892284],[-34.8336491106179,-7.13396447008415],[-34.8329650161226,-7.13363729402586],[-34.8330839892347,-7.13268551002824],[-34.832666987991,-7.13219593619346],[-34.8333213401077,-7.13148209662143],[-34.833077005999,-7.13056222596589],[-34.8315367443253,-7.12951904207012],[-34.8319234060403,-7.1288349466754],[-34.8307045278916,-7.12774812767391],[-34.8302583787212,-7.12771838529522],[-34.8298036140455,-7.1284278172899],[-34.82870238934561,-7.126546437386686],[-34.82636657180861,-7.13857653590372],[-34.8299014593848,-7.13970492004598],[-34.8325147669429,-7.13856084210915]]]]}},{"type":"Feature","properties":{"id":"567","municipality":"2507507","density":"Densa","type":"Área urbanizada","state":"PB"},"geometry":{"type":"Polygon","coordinates":[[[-34.935573521101,-7.11785809697359],[-34.9327776538656,-7.11797707008565],[-34.9319583274149,-7.11916719690856],[-34.9345217666661,-7.12365688056053],[-34.9360636570121,-7.12405663010937],[-34.9370915848087,-7.12342845186152],[-34.9376626552073,-7.12240052496424],[-34.937371600419,-7.12130871202736],[-34.9389777374326,-7.12095179269103],[-34.9415653999232,-7.12157640063032],[-34.941431721097,-7.1225147388641],[-34.9432905100489,-7.12553225480968],[-34.9440638343784,-7.12371791574918],[-34.9437366592194,-7.12226049602504],[-34.944974961825,-7.12093710676203],[-34.9447387647821,-7.12038597972913],[-34.9394786598123,-7.11908831557327],[-34.9385775912827,-7.11708477174477],[-34.9372986303275,-7.11723348813489],[-34.9368822253344,-7.11690631207661],[-34.935573521101,-7.11785809697359]]]}},{"type":"Feature","properties":{"id":"570","municipality":"2507507","density":"Densa","type":"Área urbanizada","state":"PB"},"geometry":{"type":"Polygon","coordinates":[[[-34.8700052484434,-7.20253608806996],[-34.8689344913337,-7.20675963175154],[-34.8714979081019,-7.20795926260986],[-34.8735744400084,-7.20836576786586],[-34.8747696668866,-7.20370597565023],[-34.8726281517677,-7.20275419165256],[-34.8700052484434,-7.20253608806996]]]}},{"type":"Feature","properties":{"id":"572","municipality":"2507507","density":"Densa","type":"Área urbanizada","state":"PB"},"geometry":{"type":"Polygon","coordinates":[[[-34.8187416641964,-7.30313369276564],[-34.8220610124058,-7.30238416269891],[-34.8220253201124,-7.30084941117133],[-34.8259514310136,-7.30420445077476],[-34.8267723447679,-7.30316938505905],[-34.8227748510784,-7.2995288098067],[-34.8223108557613,-7.2974229869812],[-34.8183133611726,-7.29749437066864],[-34.8185988968216,-7.29949311841262],[-34.8178493658555,-7.2999928051238],[-34.8179564418363,-7.30052818412833],[-34.8187059719031,-7.30052818412833],[-34.8184319080061,-7.30211994457972],[-34.8187416641964,-7.30313369276564]]]}},{"type":"Feature","properties":{"id":"576","municipality":"2507507","density":"Densa","type":"Área urbanizada","state":"PB"},"geometry":{"type":"Polygon","coordinates":[[[-34.8066658996115,-7.31435332794371],[-34.8049469606337,-7.3152265552613],[-34.8043152039834,-7.31503411563188],[-34.805452375127,-7.31428194425627],[-34.80435026384639,-7.311561988525168],[-34.80423725793136,-7.316789423433201],[-34.8068888298555,-7.31587397990024],[-34.8066658996115,-7.31435332794371]]]}},{"type":"Feature","properties":{"id":"577","municipality":"2507507","density":"Densa","type":"Área urbanizada","state":"PB"},"geometry":{"type":"Polygon","coordinates":[[[-34.8148393475578,-7.31253303986784],[-34.8158030295861,-7.3125687321612],[-34.8156959536053,-7.31356810558355],[-34.8181943880605,-7.31385364123252],[-34.818658434639,-7.31089545266298],[-34.8181825430898,-7.31077647955085],[-34.8184799758702,-7.30893239721229],[-34.8175876262679,-7.30882108092811],[-34.8173020897197,-7.31053429302318],[-34.8151605746008,-7.31039152474905],[-34.8148393475578,-7.31253303986784]]]}},{"type":"Feature","properties":{"id":"578","municipality":"2510808","density":"Densa","type":"Área urbanizada","state":"PB"},"geometry":{"type":"Polygon","coordinates":[[[-37.270172459,-7.03958897499997],[-37.2709291269999,-7.04003155399996],[-37.270700699,-7.04058834799998],[-37.271129002,-7.04081677699999],[-37.2706578689999,-7.04185897999998],[-37.2715430279999,-7.04230155999994],[-37.271328877,-7.04280124699995],[-37.2704008869999,-7.04241577399995],[-37.2700296909999,-7.04314388899997],[-37.2709005739999,-7.04398621899997],[-37.270814913,-7.04524257399994],[-37.2713003229999,-7.04551383299999],[-37.2710005109999,-7.04625622399994],[-37.2704008869999,-7.04642754599997],[-37.271214663,-7.04669880399998],[-37.270572208,-7.04829780199998],[-37.2730420889999,-7.04904019399994],[-37.2730706419999,-7.04941138999994],[-37.2727993839999,-7.05008239799998],[-37.2706221769999,-7.04939865999996],[-37.2705388959999,-7.04905363799998],[-37.2699559279999,-7.04917261099997],[-37.269825058,-7.05012439499997],[-37.2706340739999,-7.05071925999993],[-37.2711337609999,-7.05262282899997],[-37.2720736479999,-7.05300354299994],[-37.2720855459999,-7.05451450099996],[-37.272739897,-7.05478813899993],[-37.2726090269999,-7.05613253399997],[-37.274607774,-7.05601356099993],[-37.2753097149999,-7.05694155099997],[-37.274833823,-7.05703672899996],[-37.2748933089999,-7.05764349199997],[-37.2722996969999,-7.05833353599998],[-37.272204519,-7.05915444999995],[-37.271692934,-7.05932101199995],[-37.271847599,-7.06053453699997],[-37.272620924,-7.06041556399992],[-37.2724662589999,-7.05865476299995],[-37.2742389579999,-7.05899978499996],[-37.274322239,-7.05978500699996],[-37.27727277,-7.05870235199996],[-37.2765827269999,-7.05715570199995],[-37.277879533,-7.05688206399999],[-37.277546409,-7.05619202099997],[-37.2768563649999,-7.05644186399998],[-37.2764756509999,-7.05534731199998],[-37.277522614,-7.05491900899996],[-37.278129376,-7.05397912199995],[-37.2783078359999,-7.05493090599998],[-37.279461875,-7.05510936599997],[-37.2790335719999,-7.05255144499996],[-37.2793666959999,-7.05243247199997],[-37.27930721,-7.05124274199994],[-37.2799853559999,-7.05108807699998],[-37.279806896,-7.05037423899995],[-37.2770348239999,-7.05100479599999],[-37.276880159,-7.04985075699996],[-37.2778319439999,-7.04936296799998],[-37.2764756509999,-7.04900604899997],[-37.278569577,-7.04814944299994],[-37.27837922,-7.04739991199995],[-37.277189489,-7.04751888499995],[-37.278295939,-7.04649571699996],[-37.2761663209999,-7.04725714499995],[-37.2780104029999,-7.04490147799993],[-37.2777010729999,-7.04477060799997],[-37.2780341979999,-7.04406866699997],[-37.277510717,-7.043735542],[-37.277617792,-7.04265288799997],[-37.278474398,-7.04308119099994],[-37.2788194199999,-7.04237924999995],[-37.2781174789999,-7.04127279999994],[-37.278557679,-7.03963097199996],[-37.2780960639999,-7.03928916299999],[-37.27701103,-7.04017432199994],[-37.2756690139999,-7.04018859899998],[-37.275397755,-7.04073111599997],[-37.2745697029999,-7.04034564299997],[-37.274284167,-7.03884658299996],[-37.2716715189999,-7.03821840499996],[-37.270172459,-7.03958897499997]]]}},{"type":"Feature","properties":{"id":"579","municipality":"2510808","density":"Densa","type":"Área urbanizada","state":"PB"},"geometry":{"type":"Polygon","coordinates":[[[-37.3914994639999,-6.94712525999996],[-37.3917183739999,-6.94850534699998],[-37.3911758569999,-6.94879088199997],[-37.3909759819999,-6.949828327],[-37.3915851239999,-6.94972363099993],[-37.391746928,-6.95035180899993],[-37.394316746,-6.94986639899998],[-37.3948497449999,-6.94996157699996],[-37.3948973339999,-6.95030421999997],[-37.394469031,-6.95033277299995],[-37.394583245,-6.95099902199997],[-37.3948497449999,-6.95055168299997],[-37.396087065,-6.95044698699996],[-37.3961441719999,-6.95083721899994],[-37.39685801,-6.95082770099998],[-37.397286313,-6.95035180899993],[-37.3971054739999,-6.94952375599996],[-37.3992089169999,-6.94880039999992],[-37.39915181,-6.94850534699998],[-37.397486188,-6.94856245399996],[-37.39443096,-6.94912400699997],[-37.393431586,-6.94692538499994],[-37.3914994639999,-6.94712525999996]]]}},{"type":"Feature","properties":{"id":"580","municipality":"2510808","density":"Densa","type":"Área urbanizada","state":"PB"},"geometry":{"type":"Polygon","coordinates":[[[-37.278928402,-7.06193361599997],[-37.2786333489999,-7.06272359699994],[-37.279309116,-7.06384670299998],[-37.279851633,-7.06360875699994],[-37.281084194,-7.06609291399998],[-37.283082941,-7.06504595099996],[-37.283344682,-7.06233336599996],[-37.2828449949999,-7.06135778699997],[-37.280417945,-7.05921627199995],[-37.278205046,-7.06035365399994],[-37.278928402,-7.06193361599997]]]}},{"type":"Feature","properties":{"id":"581","municipality":"2510808","density":"Densa","type":"Área urbanizada","state":"PB"},"geometry":{"type":"Polygon","coordinates":[[[-37.2996519849999,-7.03359817099995],[-37.298293543,-7.03224497899994],[-37.2912604319999,-7.03036856299998],[-37.291438892,-7.02882191399994],[-37.292747595,-7.02870294099995],[-37.292598879,-7.02903011599996],[-37.2937291229999,-7.02929780599995],[-37.294056299,-7.02819730499993],[-37.29643576,-7.02789987299998],[-37.296316787,-7.02736449399993],[-37.299618289,-7.02623424999997],[-37.2987557339999,-7.02385478899993],[-37.2929855409999,-7.02602604699996],[-37.2881671329999,-7.02611527699997],[-37.288256363,-7.02370607199992],[-37.2876020109999,-7.02361684299995],[-37.293848096,-7.01618102699995],[-37.2913199189999,-7.01400976899993],[-37.2920932429999,-7.01308772799996],[-37.291081972,-7.01311747099993],[-37.2906953099999,-7.01353387699993],[-37.289981472,-7.01287952499998],[-37.2886430249999,-7.01356361999997],[-37.2871261189999,-7.01335541699996],[-37.288940458,-7.01127338899994],[-37.293074771,-7.00993494199997],[-37.295305516,-7.00865598199993],[-37.2928963109999,-7.00835854899998],[-37.29334246,-7.00690112899998],[-37.288880971,-7.00707958899994],[-37.284597941,-7.00889392799997],[-37.2840328189999,-7.00820983299997],[-37.2821521059999,-7.00864283199996],[-37.28144316,-7.00688872099996],[-37.279152928,-7.00754307299997],[-37.27957703,-7.00928660099993],[-37.279125181,-7.00939956299993],[-37.2800472219999,-7.01064877999995],[-37.27811391,-7.01258209199995],[-37.278411343,-7.01362310599996],[-37.278768262,-7.01365284999997],[-37.2789332449999,-7.01547851999993],[-37.277336023,-7.01573689499999],[-37.2772039619999,-7.01510871699998],[-37.275876223,-7.01542280599995],[-37.275961884,-7.01458047699999],[-37.2750338939999,-7.01453764599997],[-37.275105278,-7.01320990699999],[-37.274105904,-7.01318135399994],[-37.274220118,-7.01242468499992],[-37.274705528,-7.01245323899998],[-37.2744770999999,-7.01049732199995],[-37.273292129,-7.01076857999993],[-37.27346345,-7.01159663299996],[-37.2720721789999,-7.01216770299994],[-37.2715974759999,-7.01206776599999],[-37.2715974759999,-7.01136820399995],[-37.270373244,-7.01169300099997],[-37.270298291,-7.01274234299996],[-37.2692989169999,-7.01239256199995],[-37.268149637,-7.01256745299998],[-37.2681996059999,-7.01201779699994],[-37.2662508279999,-7.01256745299998],[-37.266100921,-7.01311710799997],[-37.2595800089999,-7.01269237399993],[-37.2595800089999,-7.01211773499995],[-37.258230854,-7.01199281299996],[-37.2580309789999,-7.01254246799995],[-37.255982264,-7.01239256199995],[-37.2558573419999,-7.01301717099996],[-37.259230228,-7.01326701399994],[-37.259005369,-7.01506588699993],[-37.258605619,-7.01506588699993],[-37.258505682,-7.01586538599997],[-37.257331418,-7.01581541699996],[-37.2573064339999,-7.01646500999995],[-37.260004742,-7.01658993099994],[-37.26010468,-7.01516582399997],[-37.267175248,-7.01551560499997],[-37.266600608,-7.01629011899995],[-37.264202112,-7.01653996299996],[-37.264726783,-7.01791410199996],[-37.262153396,-7.01763927399998],[-37.262078443,-7.01693971199995],[-37.260529414,-7.01721453999994],[-37.25970493,-7.01808899199996],[-37.2596799459999,-7.01868861599996],[-37.2589304159999,-7.01873858499994],[-37.259005369,-7.02001278599996],[-37.2603545229999,-7.01973795799995],[-37.2603545229999,-7.01871359999996],[-37.260754273,-7.01861366299994],[-37.262553145,-7.01941316199998],[-37.261004116,-7.02103714399993],[-37.260179633,-7.02083726899998],[-37.259679946,-7.02161178399996],[-37.260804241,-7.02226137699994],[-37.260154648,-7.02356056199995],[-37.261403865,-7.02441002999997],[-37.2612289749999,-7.02480977999995],[-37.2622033639999,-7.02585912199994],[-37.2651515169999,-7.02670858899996],[-37.2656512029999,-7.02665862099999],[-37.2666255929999,-7.02338567199996],[-37.2681810459999,-7.02190445799993],[-37.269799709,-7.02286627199994],[-37.268598445,-7.02534076199993],[-37.270429441,-7.02691477599997],[-37.270333072,-7.02733237099995],[-37.272870768,-7.02842454399996],[-37.272742277,-7.02881001599998],[-37.273752358,-7.02971064199994],[-37.273980786,-7.03066242699998],[-37.273447787,-7.03144288999994],[-37.2743995709999,-7.03233756699996],[-37.273904643,-7.03258503099995],[-37.2749896779999,-7.03367006499998],[-37.275846284,-7.03561170599995],[-37.2769693889999,-7.03568784799995],[-37.2772739599999,-7.03608759799993],[-37.276360247,-7.03633506199999],[-37.2767219249999,-7.03711552499994],[-37.277978281,-7.03702034699996],[-37.2779211739999,-7.03810538099998],[-37.278397066,-7.03761045299996],[-37.2794059569999,-7.03726780999994],[-37.2798247419999,-7.03755334599999],[-37.2814047049999,-7.03681095399997],[-37.28182349,-7.03833380899995],[-37.2811382049999,-7.03852416599995],[-37.2814047049999,-7.03959016399996],[-37.2839174149999,-7.03901909399997],[-37.2840887369999,-7.03976148599997],[-37.284793057,-7.039647271],[-37.2849072709999,-7.03997087799995],[-37.2862968759999,-7.03949498599998],[-37.2864872329999,-7.04002798499994],[-37.287058304,-7.03995184199995],[-37.286982161,-7.03932366499993],[-37.2874390179999,-7.03917137899998],[-37.2878768379999,-7.03960919999998],[-37.2878197309999,-7.03920945099998],[-37.288543088,-7.03900005799995],[-37.289380658,-7.04181733999998],[-37.2899136569999,-7.04208383999997],[-37.2904276209999,-7.04200769699999],[-37.290313407,-7.04139855499994],[-37.2915697619999,-7.04164601899993],[-37.2914745839999,-7.04115109099997],[-37.292464439,-7.04096073399996],[-37.292559618,-7.04147469799995],[-37.293682723,-7.04137951899998],[-37.2934542949999,-7.04042773499998],[-37.292502511,-7.03955209299995],[-37.292350225,-7.03860030899994],[-37.292826117,-7.03839091599997],[-37.29166494,-7.03454570699996],[-37.292407332,-7.03426017199997],[-37.292407332,-7.03374620799997],[-37.293130688,-7.03395560099995],[-37.2932639379999,-7.03319417299996],[-37.294101508,-7.03287056699998],[-37.298040434,-7.03376200199994],[-37.297290904,-7.03624853899992],[-37.297814385,-7.03640320399996],[-37.297624028,-7.03805692899995],[-37.301133733,-7.03894922699994],[-37.3015620359999,-7.03966306499996],[-37.3030491989999,-7.04000808699995],[-37.303667859,-7.03952029799996],[-37.3046315409999,-7.03977014099997],[-37.3044649789999,-7.03900871399998],[-37.304893282,-7.03908009699997],[-37.3050717409999,-7.03815210799996],[-37.3059997309999,-7.03803313499998],[-37.306237677,-7.03686719899999],[-37.3083791919999,-7.03725980999996],[-37.3084743709999,-7.03680771199994],[-37.309485641,-7.03696237699997],[-37.3097235879999,-7.03579644099994],[-37.3030771869999,-7.03453517499997],[-37.2996519849999,-7.03359817099995]]]}},{"type":"Feature","properties":{"id":"582","municipality":"2510808","density":"Densa","type":"Outros equipamentos urbanos","state":"PB"},"geometry":{"type":"Polygon","coordinates":[[[-37.2507375399999,-7.03662269499995],[-37.2509457419999,-7.03769345199994],[-37.2426176289999,-7.03962676399995],[-37.2430340349999,-7.04221442799998],[-37.2606420459999,-7.03822883099997],[-37.261236911,-7.03769345199994],[-37.2608799919999,-7.03543296399996],[-37.2525518789999,-7.03718781699997],[-37.252284189,-7.03641449199996],[-37.2507375399999,-7.03662269499995]]]}},{"type":"Feature","properties":{"id":"7006","municipality":"2504009","density":"Pouco densa","type":"Área urbanizada","state":"PB"},"geometry":{"type":"Polygon","coordinates":[[[-35.8667686295686,-7.18422207628778],[-35.8682329102206,-7.18600295697087],[-35.8671807510908,-7.18690717492616],[-35.8698943960095,-7.18902806139585],[-35.8709651531193,-7.18765987060653],[-35.8719169371169,-7.18837370927923],[-35.8723928295654,-7.1880762755996],[-35.8719169371169,-7.18688654627705],[-35.8705487472268,-7.18670808570954],[-35.8697159363413,-7.18599424793615],[-35.8692995304489,-7.18492348992708],[-35.8682287733392,-7.18486400427032],[-35.8681692858838,-7.18194916392275],[-35.8671216881154,-7.18225794884523],[-35.8667686295686,-7.18422207628778]]]}},{"type":"Feature","properties":{"id":"7007","municipality":"2504009","density":"Pouco densa","type":"Área urbanizada","state":"PB"},"geometry":{"type":"Polygon","coordinates":[[[-35.7438671150753,-7.17762591420457],[-35.7433247231574,-7.17839430215526],[-35.7438671150753,-7.1787106971409],[-35.7444999050465,-7.17667672924762],[-35.7441383110342,-7.1757275442907],[-35.7433699230834,-7.17595354032358],[-35.7438671150753,-7.17762591420457]]]}},{"type":"Feature","properties":{"id":"7008","municipality":"2504009","density":"Pouco densa","type":"Área urbanizada","state":"PB"},"geometry":{"type":"Polygon","coordinates":[[[-35.8443614811974,-7.12786672486942],[-35.8439331781736,-7.13043654301204],[-35.8433026203196,-7.13154299331444],[-35.8442544052166,-7.13082915374241],[-35.8448254747158,-7.12940147819565],[-35.8446827082403,-7.12773585462594],[-35.8443614811974,-7.12786672486942]]]}},{"type":"Feature","properties":{"id":"7009","municipality":"2504009","density":"Pouco densa","type":"Área urbanizada","state":"PB"},"geometry":{"type":"Polygon","coordinates":[[[-35.9946584343392,-7.22269446098057],[-35.995419860638,-7.22278963893064],[-35.9955626289121,-7.22088607003604],[-35.9985131597544,-7.2200770543126],[-35.9966095917592,-7.21831625279278],[-35.9961812887354,-7.21860178844175],[-35.9972282506832,-7.22002946488784],[-35.9945156660651,-7.22083848061134],[-35.9946584343392,-7.22269446098057]]]}},{"type":"Feature","properties":{"id":"7010","municipality":"2504009","density":"Pouco densa","type":"Área urbanizada","state":"PB"},"geometry":{"type":"Polygon","coordinates":[[[-35.8950287339889,-7.14933835977746],[-35.8952785782437,-7.15087311310361],[-35.8957425726616,-7.15083742081027],[-35.895849647743,-7.1514084921082],[-35.8970988663196,-7.15123003244002],[-35.8964564113343,-7.14869590569145],[-35.8950287339889,-7.14933835977746]]]}},{"type":"Feature","properties":{"id":"7011","municipality":"2504009","density":"Pouco densa","type":"Área urbanizada","state":"PB"},"geometry":{"type":"Polygon","coordinates":[[[-35.8569333522924,-7.22769927270321],[-35.8564574598438,-7.22979319929666],[-35.8582896450511,-7.2300311446216],[-35.8579565199774,-7.22879382497502],[-35.8585989749627,-7.22869864702489],[-35.8607166949195,-7.23017391199644],[-35.8609784363057,-7.22984078782207],[-35.8595269646976,-7.22819896031371],[-35.8583134393138,-7.22779445065335],[-35.8569333522924,-7.22769927270321]]]}},{"type":"Feature","properties":{"id":"7012","municipality":"2504009","density":"Pouco densa","type":"Área urbanizada","state":"PB"},"geometry":{"type":"Polygon","coordinates":[[[-35.8740900328287,-7.19823168004797],[-35.8719925503159,-7.19751932705527],[-35.8706865701291,-7.19973553536664],[-35.8714384977884,-7.20005213719636],[-35.8720716996491,-7.19949808376953],[-35.8726653268433,-7.19993341139775],[-35.8717946742848,-7.20072491372372],[-35.8723487259129,-7.20108109111942],[-35.8742879088599,-7.19997298606437],[-35.8754751632481,-7.20100193998752],[-35.8769790185668,-7.19807337868343],[-35.8755938890467,-7.19700485009372],[-35.8740900328287,-7.19823168004797]]]}},{"type":"Feature","properties":{"id":"7013","municipality":"2504009","density":"Pouco densa","type":"Área urbanizada","state":"PB"},"geometry":{"type":"Polygon","coordinates":[[[-35.9128746918135,-7.16354374324909],[-35.9115183990548,-7.16497141879591],[-35.9120537780594,-7.16554249009382],[-35.9136599141736,-7.16557818238715],[-35.914302369159,-7.16407912135436],[-35.9128746918135,-7.16354374324909]]]}},{"type":"Feature","properties":{"id":"7014","municipality":"2504009","density":"Pouco densa","type":"Área urbanizada","state":"PB"},"geometry":{"type":"Polygon","coordinates":[[[-35.8849681621509,-7.3048770906052],[-35.884718317896,-7.30644753532546],[-35.885646307631,-7.30662599499364],[-35.8857176922177,-7.3079109040649],[-35.8867170647407,-7.3079109040649],[-35.8866456819526,-7.3048770906052],[-35.8849681621509,-7.3048770906052]]]}},{"type":"Feature","properties":{"id":"7015","municipality":"2504009","density":"Pouco densa","type":"Área urbanizada","state":"PB"},"geometry":{"type":"Polygon","coordinates":[[[-35.9095226946166,-7.1110461182837],[-35.9088683442986,-7.11158149728824],[-35.9095226946166,-7.11259276784194],[-35.9094037224038,-7.11354455183954],[-35.9077975862895,-7.11318763340252],[-35.9077975862895,-7.11360403839563],[-35.9093442358477,-7.11449633583722],[-35.9098201282962,-7.11443685018043],[-35.9098796148523,-7.11366352495169],[-35.9114262644105,-7.11348506528352],[-35.9103555073008,-7.11122457705256],[-35.9095226946166,-7.1110461182837]]]}},{"type":"Feature","properties":{"id":"7016","municipality":"2504009","density":"Pouco densa","type":"Área urbanizada","state":"PB"},"geometry":{"type":"Polygon","coordinates":[[[-35.9968356399528,-7.17660231844218],[-35.9925228673364,-7.17785153522009],[-35.9928500433948,-7.17811922472244],[-35.9950213008923,-7.17758384571783],[-35.995407964406,-7.17918998183218],[-35.9950213008923,-7.18005253689502],[-35.9991258723611,-7.17984433394878],[-35.9985904933565,-7.1779110217762],[-36.0016837915737,-7.17710795416872],[-36.0013863596927,-7.17612642599374],[-35.9968356399528,-7.17660231844218]]]}},{"type":"Feature","properties":{"id":"7017","municipality":"2504009","density":"Pouco densa","type":"Área urbanizada","state":"PB"},"geometry":{"type":"Polygon","coordinates":[[[-35.9301339211435,-7.21182788794664],[-35.9319432536782,-7.21027102029134],[-35.9335936274439,-7.21078997587665],[-35.9343432303558,-7.20934843188456],[-35.9332476573534,-7.20871415173667],[-35.9289230235786,-7.20848350530946],[-35.9301339211435,-7.21182788794664]]]}},{"type":"Feature","properties":{"id":"7018","municipality":"2504009","density":"Pouco densa","type":"Área urbanizada","state":"PB"},"geometry":{"type":"Polygon","coordinates":[[[-35.8471392342882,-7.24708377809386],[-35.8447315953867,-7.24786023386265],[-35.8451480012792,-7.24863355909146],[-35.8472300289427,-7.24774126075056],[-35.8474679760662,-7.24809818008692],[-35.8482413003957,-7.2478007473066],[-35.8484197600638,-7.24833612631114],[-35.8493120584047,-7.24809818008692],[-35.8486271797006,-7.24702194430724],[-35.8496094902857,-7.24643255741655],[-35.8498474374093,-7.24791972131806],[-35.8503828146152,-7.24786023386265],[-35.8503828146152,-7.24637307086051],[-35.8511561398439,-7.24577820619919],[-35.8514535726242,-7.24625409774838],[-35.852226897853,-7.24571871874384],[-35.8519294650727,-7.24512385408259],[-35.8528217634136,-7.24470744819013],[-35.8517510054045,-7.24322028518799],[-35.8491335978372,-7.24280387929555],[-35.8494905171736,-7.24381514984925],[-35.8506802482948,-7.24435052885377],[-35.8493715440614,-7.24565923308711],[-35.8471392342882,-7.24708377809386]]]}},{"type":"Feature","properties":{"id":"7019","municipality":"2504009","density":"Pouco densa","type":"Área urbanizada","state":"PB"},"geometry":{"type":"Polygon","coordinates":[[[-35.9919934373472,-7.26043271200002],[-35.990422992627,-7.26252663769412],[-35.9900422790279,-7.26381154676541],[-35.988852548806,-7.26338324374167],[-35.9871869261357,-7.26071824764898],[-35.9857592487902,-7.26147967484708],[-35.9856164823147,-7.26100378329791],[-35.984474339719,-7.26133690837156],[-35.9837605019455,-7.26195556729557],[-35.9839032702197,-7.26257422711882],[-35.9899946896032,-7.2642874392139],[-35.9933259349439,-7.26585788303481],[-35.9938970062418,-7.26409708241436],[-35.9937066494423,-7.26114655067271],[-35.9919934373472,-7.26043271200002]]]}},{"type":"Feature","properties":{"id":"7020","municipality":"2504009","density":"Pouco densa","type":"Área urbanizada","state":"PB"},"geometry":{"type":"Polygon","coordinates":[[[-35.8637473391683,-7.29696410341057],[-35.8623196618229,-7.29749948241517],[-35.8626170946032,-7.29821332018857],[-35.8635093929441,-7.29785640085219],[-35.864699123166,-7.29833229330064],[-35.864699123166,-7.29755896897121],[-35.8655914206075,-7.29767794208335],[-35.8658888542872,-7.29696410341057],[-35.8637473391683,-7.29696410341057]]]}},{"type":"Feature","properties":{"id":"7021","municipality":"2504009","density":"Pouco densa","type":"Área urbanizada","state":"PB"},"geometry":{"type":"Polygon","coordinates":[[[-35.9139856890882,-7.26179694936968],[-35.9139143054009,-7.2628320150854],[-35.9133075418095,-7.26354585285879],[-35.9135216937711,-7.26418830784412],[-35.9148779856305,-7.2649021456175],[-35.9161985869952,-7.26722212040449],[-35.9169481179612,-7.26700796934228],[-35.9178761067968,-7.26847133718242],[-35.9160201282263,-7.26897102389358],[-35.9139856890882,-7.27136238236802],[-35.9143069161312,-7.27189776137256],[-35.9169838093553,-7.27136238236802],[-35.9169481179612,-7.27079131196946],[-35.9204102326461,-7.26979193764778],[-35.9171979613168,-7.26579444395839],[-35.9164127389567,-7.26593721133322],[-35.9160201282263,-7.26529475724721],[-35.9156275165965,-7.26536614093459],[-35.9154490569284,-7.26472368594932],[-35.9163770466633,-7.26408123186332],[-35.915413364635,-7.26133295405254],[-35.9139856890882,-7.26179694936968]]]}},{"type":"Feature","properties":{"id":"7022","municipality":"2504009","density":"Pouco densa","type":"Área urbanizada","state":"PB"},"geometry":{"type":"Polygon","coordinates":[[[-35.9377801370437,-7.20972062530654],[-35.9367093799339,-7.21043446397926],[-35.9366498933778,-7.2111483017527],[-35.940813949604,-7.21043446397926],[-35.940754463048,-7.20888781442107],[-35.9418847067138,-7.20817397574832],[-35.9417062479449,-7.20763859674378],[-35.9392078143891,-7.20894730097712],[-35.9377206495882,-7.20918524720135],[-35.9377801370437,-7.20972062530654]]]}},{"type":"Feature","properties":{"id":"7023","municipality":"2504009","density":"Pouco densa","type":"Área urbanizada","state":"PB"},"geometry":{"type":"Polygon","coordinates":[[[-35.8642431758818,-7.1954526049537],[-35.8653734204469,-7.19634490329463],[-35.8656708523279,-7.19586901084614],[-35.8662657169892,-7.19592849830151],[-35.8669200691059,-7.19682079484376],[-35.8674554481104,-7.19610695707036],[-35.8675149346665,-7.19485774029244],[-35.8680503127717,-7.1947387671803],[-35.8688831245565,-7.19325160417817],[-35.8681098002271,-7.19259725206149],[-35.8682287733392,-7.19182392683269],[-35.867098528774,-7.19063419661086],[-35.8642431758818,-7.1954526049537]]]}},{"type":"Feature","properties":{"id":"7024","municipality":"2504009","density":"Pouco densa","type":"Área urbanizada","state":"PB"},"geometry":{"type":"Polygon","coordinates":[[[-35.8253307502139,-7.18197130613085],[-35.8257590532377,-7.18237581489188],[-35.8250214203023,-7.18306585840258],[-35.8241410190927,-7.18235201972989],[-35.8231416456704,-7.18220925235506],[-35.8228323157587,-7.18292309102776],[-35.8236175381189,-7.18330380372756],[-35.8234985650067,-7.18399384813757],[-35.824093429668,-7.18423179436178],[-35.8245217326918,-7.18344657200164],[-35.8250928039897,-7.1837083133879],[-35.824735883754,-7.18487424934711],[-35.8257590532377,-7.18561188228252],[-35.8253545435773,-7.18658746144219],[-35.8265204804358,-7.18506460614662],[-35.8273057018966,-7.18282791217838],[-35.8262111496249,-7.18211407440499],[-35.8267346323973,-7.18154300310704],[-35.8259969985626,-7.18104331639592],[-35.8253307502139,-7.18197130613085]]]}},{"type":"Feature","properties":{"id":"7025","municipality":"2504009","density":"Pouco densa","type":"Área urbanizada","state":"PB"},"geometry":{"type":"Polygon","coordinates":[[[-35.8711236676231,-7.29934356385435],[-35.8723133987443,-7.29904613197335],[-35.8723728853004,-7.30053329497553],[-35.8694580449528,-7.30148507897315],[-35.8698149651884,-7.30190148486559],[-35.8727892911928,-7.30089021431191],[-35.8733841558541,-7.30148507897315],[-35.8739790214146,-7.30136610586107],[-35.8757041306411,-7.29952202442183],[-35.8719564803073,-7.29845126731211],[-35.8707072617307,-7.29892715886126],[-35.8711236676231,-7.29934356385435]]]}},{"type":"Feature","properties":{"id":"7026","municipality":"2504009","density":"Pouco densa","type":"Área urbanizada","state":"PB"},"geometry":{"type":"Polygon","coordinates":[[[-35.9537175850985,-7.19793140091339],[-35.95273733486,-7.20110279895495],[-35.9521030547121,-7.20052618063869],[-35.9491046430648,-7.20081448979682],[-35.9493352903913,-7.2014487690454],[-35.9515264372952,-7.20121812171892],[-35.9515264372952,-7.20219837195725],[-35.950834496215,-7.20294797486912],[-35.9511228053731,-7.20346693135377],[-35.9519877319482,-7.20231369562049],[-35.9526796730284,-7.20260200477867],[-35.9534869377719,-7.20116045988727],[-35.9542365406838,-7.20202538736169],[-35.9546401726058,-7.20162175543959],[-35.9555627610126,-7.20196772463072],[-35.9560240547662,-7.20167941637193],[-35.9561393793289,-7.20092981256073],[-35.9537752460307,-7.2002378723799],[-35.9546401726058,-7.19931528397314],[-35.9551591290905,-7.19960359313125],[-35.9554873393692,-7.19832650906107],[-35.9563123639244,-7.19810438730759],[-35.9568313204091,-7.19862334289293],[-35.9576385851526,-7.19775841631781],[-35.9573502759944,-7.1972971216648],[-35.9587918199865,-7.19625920959483],[-35.9589648063806,-7.1968934897427],[-35.9594837610667,-7.19677816607947],[-35.9594837610667,-7.1960285631676],[-35.9640390412687,-7.19574025400949],[-35.9643850122584,-7.19326079794742],[-35.9636930711782,-7.19320313611582],[-35.9629434682664,-7.19481766560273],[-35.9579268943107,-7.19568259307716],[-35.9537175850985,-7.19793140091339]]]}},{"type":"Feature","properties":{"id":"7027","municipality":"2504009","density":"Pouco densa","type":"Área urbanizada","state":"PB"},"geometry":{"type":"Polygon","coordinates":[[[-35.9013273499772,-7.18597454558876],[-35.8987575318346,-7.18831593593166],[-35.8993857100824,-7.18888700722955],[-35.8981293535867,-7.18957229242733],[-35.8980151396869,-7.19082864712432],[-35.8992714961825,-7.18968650632719],[-35.9055863107596,-7.19194289994481],[-35.9057647704278,-7.19087214283508],[-35.9033853090847,-7.18950395294503],[-35.903980173746,-7.18813576305497],[-35.9051699048672,-7.18867114116018],[-35.9057052838717,-7.18736243782621],[-35.9049319586429,-7.18587527482401],[-35.9053483654347,-7.18498297738245],[-35.9027904444234,-7.18373375970521],[-35.9013273499772,-7.18597454558876]]]}},{"type":"Feature","properties":{"id":"7028","municipality":"2504009","density":"Pouco densa","type":"Área urbanizada","state":"PB"},"geometry":{"type":"Polygon","coordinates":[[[-35.9765954494204,-7.38747362330902],[-35.9775948228428,-7.38961513842788],[-35.9789749098642,-7.38904406712993],[-35.9790700887136,-7.3881398716577],[-35.9775472343173,-7.38704532028528],[-35.9765954494204,-7.38747362330902]]]}},{"type":"Feature","properties":{"id":"7029","municipality":"2504009","density":"Pouco densa","type":"Área urbanizada","state":"PB"},"geometry":{"type":"Polygon","coordinates":[[[-35.8988121872326,-7.30818831703716],[-35.9001208896673,-7.31015137158846],[-35.9022787400718,-7.31130163506238],[-35.9036900821316,-7.31146007492249],[-35.9013507512361,-7.31537051423779],[-35.9042774878158,-7.3164769627416],[-35.9047771736276,-7.31526343825705],[-35.9031710384127,-7.31433544762274],[-35.9037421088112,-7.3133717673931],[-35.9052962182458,-7.3127092917004],[-35.9052367316898,-7.31080572370515],[-35.9034521359073,-7.30836677580602],[-35.9027977837906,-7.30890215481053],[-35.9013701073445,-7.30670115313564],[-35.9001803771226,-7.30687961280389],[-35.8988121872326,-7.30818831703716]]]}},{"type":"Feature","properties":{"id":"7030","municipality":"2504009","density":"Pouco densa","type":"Área urbanizada","state":"PB"},"geometry":{"type":"Polygon","coordinates":[[[-35.9185022273958,-7.27517329461182],[-35.9190570560382,-7.27667216678702],[-35.9201678491669,-7.27654148540121],[-35.9175504415995,-7.27202050893931],[-35.9167771172701,-7.27237742827567],[-35.9161822517095,-7.27196102328254],[-35.9149330349315,-7.27338869882937],[-35.9160037929407,-7.27439997028233],[-35.9168960903823,-7.27344818628472],[-35.9174661463455,-7.27542195356028],[-35.9185022273958,-7.27517329461182]]]}},{"type":"Feature","properties":{"id":"7031","municipality":"2504009","density":"Pouco densa","type":"Área urbanizada","state":"PB"},"geometry":{"type":"Polygon","coordinates":[[[-35.7693621684292,-7.30342064844412],[-35.7684698700884,-7.30401551400475],[-35.7683508969762,-7.30490781234562],[-35.7747159548774,-7.30508627111447],[-35.7747159548774,-7.30437243334108],[-35.7735262246555,-7.3024688644465],[-35.7694811406421,-7.30229040477832],[-35.7693621684292,-7.30342064844412]]]}},{"type":"Feature","properties":{"id":"7032","municipality":"2504009","density":"Pouco densa","type":"Área urbanizada","state":"PB"},"geometry":{"type":"Polygon","coordinates":[[[-35.8928040477686,-7.30414323302375],[-35.8939937779904,-7.30414323302375],[-35.8953619678805,-7.3064037212547],[-35.8956594006607,-7.3062252606872],[-35.8948860763313,-7.30402425991163],[-35.8954809409926,-7.30384580024343],[-35.8952429947684,-7.3030724750147],[-35.8964922124456,-7.30283452879041],[-35.8961352931092,-7.30188274479281],[-35.8923281562194,-7.30283452879041],[-35.8928040477686,-7.30414323302375]]]}},{"type":"Feature","properties":{"id":"7033","municipality":"2504009","density":"Pouco densa","type":"Área urbanizada","state":"PB"},"geometry":{"type":"Polygon","coordinates":[[[-35.8788768605786,-7.18825473616711],[-35.8762594539106,-7.18658911259741],[-35.8751886959015,-7.18813576305497],[-35.8771517522515,-7.18896857394048],[-35.8782225093612,-7.18992035883748],[-35.8810183756975,-7.18980138482602],[-35.8813752950338,-7.18819524871174],[-35.8788768605786,-7.18825473616711]]]}},{"type":"Feature","properties":{"id":"7034","municipality":"2504009","density":"Pouco densa","type":"Área urbanizada","state":"PB"},"geometry":{"type":"Polygon","coordinates":[[[-35.943074437835,-7.20763859674378],[-35.9424795722744,-7.20799551608014],[-35.9425390588304,-7.20847140762931],[-35.9435503302835,-7.20900678663383],[-35.9462272244068,-7.20859038074145],[-35.9485471982945,-7.20632989340981],[-35.9489041167316,-7.20496170262044],[-35.9476548999537,-7.20519964884465],[-35.9472979806173,-7.20585400096134],[-35.9457513310591,-7.20561605473711],[-35.9448590327181,-7.20650835307801],[-35.9429554647229,-7.20704373208254],[-35.943074437835,-7.20763859674378]]]}},{"type":"Feature","properties":{"id":"7035","municipality":"2504009","density":"Pouco densa","type":"Área urbanizada","state":"PB"},"geometry":{"type":"Polygon","coordinates":[[[-35.8571782331888,-7.16223364596597],[-35.8594625156825,-7.16289989521397],[-35.8606739843168,-7.16267552965196],[-35.8600196322002,-7.16142631287399],[-35.858472982642,-7.16112888009372],[-35.8569263330838,-7.16154528598611],[-35.8571782331888,-7.16223364596597]]]}},{"type":"Feature","properties":{"id":"7036","municipality":"2504009","density":"Pouco densa","type":"Área urbanizada","state":"PB"},"geometry":{"type":"Polygon","coordinates":[[[-35.9118753183912,-7.16722000989553],[-35.9108759449688,-7.16693447514586],[-35.9106261007139,-7.16618494417982],[-35.909055656893,-7.16618494417982],[-35.9091627328738,-7.16722000989553],[-35.9085916615759,-7.16857630265418],[-35.9098051869598,-7.1691116807594],[-35.9105547170265,-7.16754123693846],[-35.9114470153674,-7.16768400521262],[-35.9115540913482,-7.16918306534614],[-35.9134457631114,-7.1694329087017],[-35.913588529587,-7.16846922667343],[-35.9146949798893,-7.16846922667343],[-35.9147306721827,-7.16807661594305],[-35.9161583477295,-7.16832645929862],[-35.9165509593592,-7.16757692923188],[-35.9154802022495,-7.16722000989553],[-35.9118753183912,-7.16722000989553]]]}},{"type":"Feature","properties":{"id":"7037","municipality":"2504009","density":"Pouco densa","type":"Área urbanizada","state":"PB"},"geometry":{"type":"Polygon","coordinates":[[[-35.837299438818,-7.19627186665328],[-35.8358479672099,-7.19589115305422],[-35.8357289940977,-7.1964622243521],[-35.8362286808089,-7.19698570532599],[-35.8373470282427,-7.19660499082762],[-35.8405355053093,-7.19938896093175],[-35.8407496572708,-7.19912722044484],[-35.837299438818,-7.19627186665328]]]}},{"type":"Feature","properties":{"id":"7038","municipality":"2504009","density":"Pouco densa","type":"Área urbanizada","state":"PB"},"geometry":{"type":"Polygon","coordinates":[[[-35.9986559280286,-7.2129862597081],[-35.9961336993107,-7.21217724308527],[-35.9955626289121,-7.21236759988476],[-35.9956102183369,-7.21284349233328],[-35.9964668243844,-7.21293867118266],[-35.9961812887354,-7.21346215215652],[-35.9965144129098,-7.21370009838081],[-35.9972758410072,-7.21308143765816],[-35.998703516554,-7.21355733100599],[-35.9997504803004,-7.21336697420646],[-36.0017016377204,-7.21236759988476],[-36.0011305673218,-7.21170135063677],[-35.9986559280286,-7.2129862597081]]]}},{"type":"Feature","properties":{"id":"7039","municipality":"2504009","density":"Pouco densa","type":"Área urbanizada","state":"PB"},"geometry":{"type":"Polygon","coordinates":[[[-35.8655417996143,-7.18584465740497],[-35.8658188258781,-7.18521145374554],[-35.8648294466216,-7.18434080118698],[-35.8649085968542,-7.18386589889207],[-35.8655813751803,-7.18386589889207],[-35.8653834991491,-7.18287651963561],[-35.8648975270992,-7.18206813703484],[-35.8637077968773,-7.18177070515389],[-35.8633508784403,-7.18284146226363],[-35.8644811221061,-7.18337684126817],[-35.8642431758818,-7.18510194959527],[-35.8625775532114,-7.18462605804609],[-35.861149875866,-7.18694603193376],[-35.8605550112048,-7.18664860005284],[-35.8600196322003,-7.18777884371862],[-35.8603765506373,-7.18819524871174],[-35.860852443985,-7.18771935716256],[-35.862101660763,-7.18831422182383],[-35.8637672834333,-7.18831422182383],[-35.8641242027697,-7.1878383302747],[-35.8649570136552,-7.18819524871174],[-35.8658288749026,-7.18679058411812],[-35.8655417996143,-7.18584465740497]]]}},{"type":"Feature","properties":{"id":"7040","municipality":"2504009","density":"Pouco densa","type":"Área urbanizada","state":"PB"},"geometry":{"type":"Polygon","coordinates":[[[-35.9147472349969,-7.20853964099161],[-35.9148945574378,-7.21004133523941],[-35.9129948250511,-7.21052437370082],[-35.9136372791371,-7.21148805572914],[-35.9126379057147,-7.21170220679136],[-35.9128520567769,-7.21316557643018],[-35.9137086628245,-7.21327265061229],[-35.9146009611654,-7.21280865709385],[-35.9146366525594,-7.21163082310397],[-35.9189910655851,-7.21102406131132],[-35.9190981415659,-7.21163082310397],[-35.9230415239471,-7.21050166671847],[-35.9253479954136,-7.20963674014343],[-35.9264435684159,-7.20831051981457],[-35.9224072437992,-7.20733026957623],[-35.9215026202497,-7.21015722097896],[-35.9193276980148,-7.20824220821128],[-35.9186733458981,-7.20883707377193],[-35.9173849303702,-7.20684810705444],[-35.9147472349969,-7.20853964099161]]]}},{"type":"Feature","properties":{"id":"7041","municipality":"2504009","density":"Pouco densa","type":"Área urbanizada","state":"PB"},"geometry":{"type":"Polygon","coordinates":[[[-35.8698827785673,-7.2067658748452],[-35.8710130231325,-7.20718228073765],[-35.8723217273658,-7.2063494689528],[-35.8710130231325,-7.20569511773545],[-35.8710725096885,-7.20498127906273],[-35.8704776450273,-7.20462435972639],[-35.8686930492447,-7.20462435972639],[-35.8681576702403,-7.20521922528696],[-35.8701207247915,-7.20569511773545],[-35.8698827785673,-7.2067658748452]]]}},{"type":"Feature","properties":{"id":"7043","municipality":"2507507","density":"Pouco densa","type":"Área urbanizada","state":"PB"},"geometry":{"type":"Polygon","coordinates":[[[-34.9802018991982,-7.15063556887635],[-34.9794289489868,-7.1496325100323],[-34.9770193693484,-7.15149812303993],[-34.9772275722946,-7.15176581344149],[-34.9754853777479,-7.15302383188431],[-34.9753240034,-7.15363963815872],[-34.9767226973945,-7.15492739987959],[-34.9786001220979,-7.15314384731067],[-34.9802018991982,-7.15063556887635]]]}},{"type":"Feature","properties":{"id":"7044","municipality":"2507507","density":"Pouco densa","type":"Área urbanizada","state":"PB"},"geometry":{"type":"Polygon","coordinates":[[[-34.8555564922383,-7.0406881256564],[-34.85545006689562,-7.035324291605131],[-34.854722271941526,-7.036477364333612],[-34.85243523230475,-7.040100806649708],[-34.8532365165519,-7.03997428788303],[-34.8555564922383,-7.0406881256564]]]}},{"type":"Feature","properties":{"id":"7045","municipality":"2507507","density":"Pouco densa","type":"Área urbanizada","state":"PB"},"geometry":{"type":"Polygon","coordinates":[[[-34.8757292336172,-6.95588055394439],[-34.875041559076,-6.955578279448408],[-34.87475416184539,-6.9566676703022825],[-34.87472393577049,-6.95678224346457],[-34.8756102614044,-6.95626721655874],[-34.8757292336172,-6.95588055394439]]]}},{"type":"Feature","properties":{"id":"7046","municipality":"2507507","density":"Pouco densa","type":"Área urbanizada","state":"PB"},"geometry":{"type":"Polygon","coordinates":[[[-34.947618601717,-7.1128558438221],[-34.9458578010966,-7.11485459066677],[-34.9492842252867,-7.11694851636087],[-34.9507594911576,-7.11623467768818],[-34.9509022576331,-7.11518771484112],[-34.949855294786,-7.11395039609386],[-34.947618601717,-7.1128558438221]]]}},{"type":"Feature","properties":{"id":"7047","municipality":"2507507","density":"Pouco densa","type":"Área urbanizada","state":"PB"},"geometry":{"type":"Polygon","coordinates":[[[-34.8142248758773,-7.22364506596699],[-34.8142248758773,-7.22465633742001],[-34.8155633233886,-7.22492402692229],[-34.8147305116038,-7.22685733909486],[-34.8129756590993,-7.22638144664639],[-34.8122915637047,-7.22673836598279],[-34.8118751587116,-7.2276901499804],[-34.8142248758773,-7.22828501464164],[-34.8141059027652,-7.22864193487738],[-34.8157120388794,-7.22932603027203],[-34.8161284447719,-7.22807681259479],[-34.8152658906083,-7.22777937981448],[-34.8154740926552,-7.22712502769781],[-34.8164556208302,-7.22742246137746],[-34.817258689337,-7.22548914920481],[-34.8167233103325,-7.22519171642456],[-34.8169612565567,-7.22444813537311],[-34.8142248758773,-7.22364506596699]]]}},{"type":"Feature","properties":{"id":"7048","municipality":"2507507","density":"Pouco densa","type":"Área urbanizada","state":"PB"},"geometry":{"type":"Polygon","coordinates":[[[-34.8160512379742,-7.19816406721789],[-34.8189636978163,-7.19725035422045],[-34.8193049662511,-7.19864462085251],[-34.8213037130959,-7.19831149577885],[-34.821827194969,-7.19764524743017],[-34.8210766585609,-7.19650796297209],[-34.819706089964,-7.19673639077179],[-34.8182784126186,-7.19165386233584],[-34.81585843448558,-7.19269631419312],[-34.81527282562199,-7.195712359843041],[-34.81513015381068,-7.196447158652647],[-34.8152517388766,-7.19713614032061],[-34.8160512379742,-7.19816406721789]]]}},{"type":"Feature","properties":{"id":"7049","municipality":"2507507","density":"Pouco densa","type":"Área urbanizada","state":"PB"},"geometry":{"type":"Polygon","coordinates":[[[-34.8208837108145,-7.21717956188723],[-34.8207981367246,-7.2204327937384],[-34.8212259712016,-7.22317190475957],[-34.8227012361731,-7.22293395943462],[-34.8229391823973,-7.22374297605746],[-34.8239509232964,-7.22340711974273],[-34.8235940039601,-7.22004613202336],[-34.8230819497721,-7.21912682164545],[-34.8237129770722,-7.21793436018256],[-34.8228440044472,-7.21798467994898],[-34.8227964150225,-7.21730058455427],[-34.8236832337942,-7.21733949462191],[-34.8236237472381,-7.21665540012658],[-34.8225827334064,-7.21600104800991],[-34.8212925642005,-7.21620230189467],[-34.8208837108145,-7.21717956188723]]]}},{"type":"Feature","properties":{"id":"7050","municipality":"2507507","density":"Pouco densa","type":"Área urbanizada","state":"PB"},"geometry":{"type":"Polygon","coordinates":[[[-34.8094213162407,-7.27623483816724],[-34.80985459971,-7.27602493460303],[-34.809671158697,-7.2747357780337],[-34.8109560677682,-7.27416470673579],[-34.811348679398,-7.27519977335084],[-34.8107766413289,-7.27581673165678],[-34.811669906441,-7.27605637939838],[-34.8136329609923,-7.27527115703822],[-34.8140969563095,-7.27470008574034],[-34.8160957040535,-7.27452162697149],[-34.8166360644028,-7.27302086532064],[-34.8173449208314,-7.27398624796696],[-34.8183086019604,-7.27387917198617],[-34.8185584462153,-7.27320102560681],[-34.8205143628475,-7.27287265974542],[-34.8214709060574,-7.27220879010356],[-34.8213057563555,-7.27177164764338],[-34.8199970521222,-7.27195010821091],[-34.819759105898,-7.26867834942626],[-34.8172309290641,-7.2692434708095],[-34.8178303308051,-7.26507040697368],[-34.8177589471177,-7.26203659531257],[-34.8152962049559,-7.26228643776888],[-34.8149392856195,-7.26125137295248],[-34.8121196241213,-7.26114429697168],[-34.8122267001021,-7.26317873610975],[-34.8103350292381,-7.26374980740766],[-34.8107276399686,-7.26678361906868],[-34.8086218171431,-7.26721192209248],[-34.8085861248497,-7.2662839332569],[-34.8071479632079,-7.26594196874679],[-34.8068802728063,-7.26733990191491],[-34.8059449230197,-7.26739038176067],[-34.8055880036834,-7.26899651787494],[-34.8052704378981,-7.26899651787494],[-34.80510287120705,-7.27674782868046],[-34.8064945778624,-7.27634191414798],[-34.8094213162407,-7.27623483816724]]]}},{"type":"Feature","properties":{"id":"7051","municipality":"2507507","density":"Pouco densa","type":"Área urbanizada","state":"PB"},"geometry":{"type":"Polygon","coordinates":[[[-34.8534987129952,-7.18914242188521],[-34.8526361579323,-7.18833935427774],[-34.8521602663831,-7.18869627271477],[-34.8532012802149,-7.19024292317232],[-34.855640228114,-7.19101624660244],[-34.8551048491095,-7.18926139499735],[-34.8534987129952,-7.18914242188521]]]}},{"type":"Feature","properties":{"id":"7052","municipality":"2507507","density":"Pouco densa","type":"Área urbanizada","state":"PB"},"geometry":{"type":"Polygon","coordinates":[[[-34.8490427170477,-7.04776702223023],[-34.852701139346,-7.04729112978174],[-34.8515411524022,-7.04277015421918],[-34.85067945566135,-7.042882549163043],[-34.84949860758549,-7.044753410873592],[-34.84875507292597,-7.045931420605242],[-34.8489369217015,-7.04583624794447],[-34.8490427170477,-7.04776702223023]]]}},{"type":"Feature","properties":{"id":"7053","municipality":"2507507","density":"Pouco densa","type":"Área urbanizada","state":"PB"},"geometry":{"type":"Polygon","coordinates":[[[-34.8130054032767,-7.21882665762412],[-34.8147007692251,-7.2167743732387],[-34.8174074048278,-7.21591181817582],[-34.8165745939423,-7.21341338372065],[-34.8157715263349,-7.21365132994487],[-34.8150279443841,-7.21296723544953],[-34.8134515524471,-7.21377030305701],[-34.811810859808894,-7.213542429672769],[-34.81128145528627,-7.216269007610312],[-34.81079339815691,-7.21878263517546],[-34.8114884960972,-7.21989741473387],[-34.8130054032767,-7.21882665762412]]]}},{"type":"Feature","properties":{"id":"7054","municipality":"2507507","density":"Pouco densa","type":"Área urbanizada","state":"PB"},"geometry":{"type":"Polygon","coordinates":[[[-34.8535636926103,-7.04874855040522],[-34.8550508574111,-7.05671974442061],[-34.856567762792,-7.05633308180625],[-34.8567164791821,-7.05541104108665],[-34.8567759657382,-7.05148493018533],[-34.8561811001776,-7.04842137434692],[-34.8535636926103,-7.04874855040522]]]}},{"type":"Feature","properties":{"id":"7055","municipality":"2507507","density":"Pouco densa","type":"Área urbanizada","state":"PB"},"geometry":{"type":"Polygon","coordinates":[[[-34.9120304399528,-7.26122151456122],[-34.9131606836186,-7.26163791955431],[-34.9135770886117,-7.26300611034368],[-34.9148263071883,-7.26336302968003],[-34.914885792845,-7.26021024400752],[-34.9184549853093,-7.26026972966425],[-34.9188713903024,-7.26193535323393],[-34.9181575516296,-7.26199483978997],[-34.9178303755713,-7.26309534017777],[-34.9178006331926,-7.26508813890644],[-34.9173247407442,-7.26559377373362],[-34.917532942791,-7.26785426196455],[-34.9165216722374,-7.26830041113505],[-34.9168191050176,-7.27106653509247],[-34.9177443913905,-7.27204932411697],[-34.9187464690742,-7.27127473713939],[-34.9216375142598,-7.27109627837053],[-34.922779655057,-7.26824092457895],[-34.9226011953888,-7.26381512696652],[-34.9231008821,-7.26178068782843],[-34.9220301249902,-7.26117392513646],[-34.9215661296731,-7.2602816276949],[-34.9196030742224,-7.26024593630088],[-34.9195673828284,-7.25949640533481],[-34.9205310639574,-7.25885395124881],[-34.9202098369144,-7.25799734520128],[-34.916212343225,-7.25842564822505],[-34.9158554229894,-7.2580687288887],[-34.9147489735862,-7.25810442118206],[-34.9145348234233,-7.26003178433935],[-34.9114391123251,-7.25998322994206],[-34.9120304399528,-7.26122151456122]]]}},{"type":"Feature","properties":{"id":"7056","municipality":"2507507","density":"Pouco densa","type":"Área urbanizada","state":"PB"},"geometry":{"type":"Polygon","coordinates":[[[-34.8785548441307,-6.95555337788603],[-34.8783763853618,-6.95638618967088],[-34.8793579117382,-6.95790309595107],[-34.8802502100791,-6.95778412283897],[-34.8812614806328,-6.95677285228526],[-34.8830163340365,-6.95602927123383],[-34.8821537789737,-6.95323340399836],[-34.8785548441307,-6.95555337788603]]]}},{"type":"Feature","properties":{"id":"7057","municipality":"2507507","density":"Pouco densa","type":"Área urbanizada","state":"PB"},"geometry":{"type":"Polygon","coordinates":[[[-34.8063208783058,-7.30377614775096],[-34.8079270144202,-7.30277677432862],[-34.8094260736543,-7.30248409986128],[-34.8099614526588,-7.30313369276564],[-34.80959596728,-7.30839135517688],[-34.8108345297897,-7.30751852176234],[-34.8115840598564,-7.30769698143053],[-34.8136125499791,-7.3061324857256],[-34.8167950789297,-7.3056268499991],[-34.8188487401772,-7.30109925362763],[-34.8187059719031,-7.30052818412833],[-34.8179564418363,-7.30052818412833],[-34.8178493658555,-7.2999928051238],[-34.8185988968216,-7.29949311841262],[-34.8183133611726,-7.29749437066864],[-34.8218216911181,-7.29723925009126],[-34.8210781091674,-7.29384851819452],[-34.819471973053,-7.2923018686363],[-34.8170330260533,-7.2923018686363],[-34.8159920113222,-7.29155828668555],[-34.8139694702148,-7.29135008373931],[-34.8136125499791,-7.29197469257799],[-34.8125006839593,-7.29209107114601],[-34.812686726711,-7.29532492170774],[-34.8100424078308,-7.29547789908572],[-34.8094381938175,-7.29277039203993],[-34.8074987113964,-7.2933541087051],[-34.8077485538526,-7.2962094615973],[-34.8054999636524,-7.29792267369237],[-34.8053215039842,-7.2995288098067],[-34.80457714386091,-7.3010669581759675],[-34.80456843745582,-7.301469699624393],[-34.80455380229052,-7.302146694044807],[-34.8047982451429,-7.30282361371877],[-34.8063208783058,-7.30377614775096]]]}},{"type":"Feature","properties":{"id":"7058","municipality":"2507507","density":"Pouco densa","type":"Área urbanizada","state":"PB"},"geometry":{"type":"Polygon","coordinates":[[[-34.863610415788,-7.22927622132051],[-34.8632534955523,-7.22987108598182],[-34.8634914417766,-7.23031723515228],[-34.8647109161758,-7.2307931276007],[-34.8657519300075,-7.23016851876208],[-34.8664657686803,-7.2302874918742],[-34.8672985795657,-7.23100132964762],[-34.8675960132454,-7.2318936279885],[-34.8670308909628,-7.2329941292756],[-34.8663765388462,-7.23305361493231],[-34.8664657686802,-7.23213157421276],[-34.8661088502432,-7.23204234527799],[-34.8658411598416,-7.23332130533391],[-34.8640863082365,-7.2338566843385],[-34.8636996447228,-7.23367822377095],[-34.8631047800615,-7.23180439815439],[-34.8620637662298,-7.23171516921964],[-34.8620935086085,-7.23222080404686],[-34.8629858069494,-7.2329941292756],[-34.8634616993979,-7.23558179266552],[-34.8654544981265,-7.2364443468291],[-34.8668821736733,-7.23492744144824],[-34.867268837187,-7.2338566843385],[-34.8680124182385,-7.237039213289],[-34.869826757299,-7.23650383428448],[-34.8696780409088,-7.23138799316133],[-34.8703323930255,-7.23037672170829],[-34.863610415788,-7.22927622132051]]]}},{"type":"Feature","properties":{"id":"7059","municipality":"2507507","density":"Pouco densa","type":"Área urbanizada","state":"PB"},"geometry":{"type":"Polygon","coordinates":[[[-34.8100608196511,-7.23408495205883],[-34.8115777259313,-7.23262753233469],[-34.8114290104405,-7.23033730082574],[-34.8108044007025,-7.23003986804542],[-34.8104772246441,-7.23075370581882],[-34.80859203037955,-7.230120280695491],[-34.80780742848445,-7.234161194827336],[-34.8081572507565,-7.23331162683008],[-34.8100608196511,-7.23408495205883]]]}},{"type":"Feature","properties":{"id":"7060","municipality":"2507507","density":"Pouco densa","type":"Área urbanizada","state":"PB"},"geometry":{"type":"Polygon","coordinates":[[[-34.9050705155918,-7.2642255838436],[-34.9054221199348,-7.26322281817846],[-34.9026922449511,-7.26354981707034],[-34.8995394592786,-7.26465031835744],[-34.8992420273976,-7.26545338596493],[-34.8951077126508,-7.26738669813757],[-34.8956430916553,-7.27039076831925],[-34.89632718705,-7.27030153758586],[-34.8968923093325,-7.26896309097384],[-34.899926121893,-7.26658362963078],[-34.9025435285609,-7.26560210235512],[-34.9048635033479,-7.26551287342034],[-34.9053744180949,-7.26473768929289],[-34.9050705155918,-7.2642255838436]]]}},{"type":"Feature","properties":{"id":"7061","municipality":"2507507","density":"Pouco densa","type":"Área urbanizada","state":"PB"},"geometry":{"type":"Polygon","coordinates":[[[-34.9240838968543,-7.15636650131297],[-34.9255078878787,-7.15679279884852],[-34.9259840096542,-7.15740999277687],[-34.9273197124347,-7.15565322381718],[-34.9263158388049,-7.15309426408899],[-34.9236278614366,-7.15387255177678],[-34.9240838968543,-7.15636650131297]]]}},{"type":"Feature","properties":{"id":"7062","municipality":"2507507","density":"Pouco densa","type":"Área urbanizada","state":"PB"},"geometry":{"type":"Polygon","coordinates":[[[-34.8986260340642,-7.20039871163119],[-34.8977337357233,-7.2007913232609],[-34.8962703678831,-7.19836427339243],[-34.8968057459883,-7.19747197505154],[-34.8960205236282,-7.19586583893727],[-34.8949140751244,-7.19583014664392],[-34.8944500798073,-7.19468800584673],[-34.8919159539581,-7.19493784920234],[-34.8927368677122,-7.19740059136416],[-34.8920230299388,-7.19864980814209],[-34.8922371810011,-7.199577797877],[-34.8909879642231,-7.20029163744908],[-34.8899172071134,-7.20296852977379],[-34.8914162672469,-7.20400359638882],[-34.8941645450576,-7.2043962071192],[-34.8955208369171,-7.20371805984054],[-34.8970912816373,-7.20407498007619],[-34.8975909683485,-7.20346821738428],[-34.8973411249928,-7.20250453535595],[-34.89848326579,-7.20218330831295],[-34.8994826401117,-7.2030399143605],[-34.9030875230707,-7.20446759080666],[-34.9043010475552,-7.20446759080666],[-34.9048007351657,-7.20411067057098],[-34.9049435034399,-7.20325406632207],[-34.9038370540368,-7.20022025286233],[-34.8986260340642,-7.20039871163119]]]}},{"type":"Feature","properties":{"id":"7064","municipality":"2507507","density":"Pouco densa","type":"Área urbanizada","state":"PB"},"geometry":{"type":"Polygon","coordinates":[[[-34.825036049009626,-7.145429091849314],[-34.82409284505001,-7.150286849947336],[-34.8251427255563,-7.147575964659],[-34.825036049009626,-7.145429091849314]]]}},{"type":"Feature","properties":{"id":"7066","municipality":"2507507","density":"Pouco densa","type":"Área urbanizada","state":"PB"},"geometry":{"type":"Polygon","coordinates":[[[-34.8485560768014,-7.26465319079204],[-34.8469610311266,-7.2635620658366],[-34.8455630979586,-7.26463282384572],[-34.8448084255683,-7.26310654213319],[-34.8443733668374,-7.26353232255862],[-34.8429754336693,-7.26231284905868],[-34.8410210377906,-7.26202745640194],[-34.840793084833,-7.26271987861946],[-34.8412210542082,-7.26313864613157],[-34.8394248949429,-7.26628907108369],[-34.8393654092862,-7.26792494957671],[-34.8439756137835,-7.26860904497142],[-34.8466525079068,-7.26831161309044],[-34.8460211442604,-7.27070639798184],[-34.8463848193039,-7.2712264516394],[-34.8473366033016,-7.27098850631449],[-34.8466227646288,-7.2725054125947],[-34.8466227646288,-7.27333822437953],[-34.8472525148916,-7.27346062390865],[-34.8482102479046,-7.27265755630113],[-34.848169414187,-7.27113722270463],[-34.8489724826938,-7.27006646469557],[-34.8506083620862,-7.27176183064393],[-34.8511437410907,-7.27107773614858],[-34.8506975919203,-7.26979877609263],[-34.8512559575963,-7.26923113211103],[-34.8511607796462,-7.26875523966254],[-34.8490022259719,-7.2678357197426],[-34.8493999790257,-7.26732756321645],[-34.8491620319022,-7.26551917317124],[-34.8500134974249,-7.26423678579898],[-34.8495078607991,-7.26382037990658],[-34.8485560768014,-7.26465319079204]]]}},{"type":"Feature","properties":{"id":"7067","municipality":"2507507","density":"Pouco densa","type":"Área urbanizada","state":"PB"},"geometry":{"type":"Polygon","coordinates":[[[-34.9342677522549,-7.16957155718159],[-34.9341709321428,-7.17026341822215],[-34.9336058098602,-7.17044187789031],[-34.9343867253671,-7.17400330291008],[-34.9329065716809,-7.17490644797415],[-34.9335499080018,-7.17537432926185],[-34.9350639202637,-7.17534270190413],[-34.9358367886368,-7.18080772279814],[-34.9365579828646,-7.18069553776882],[-34.9372123349812,-7.18117143021727],[-34.937955916932,-7.18090373981569],[-34.9375395110396,-7.17980324032728],[-34.9385805248713,-7.17947606426891],[-34.9396919430287,-7.1821778183516],[-34.9430641677771,-7.18076278997074],[-34.9425287887725,-7.1793053702466],[-34.9408631670015,-7.17998946474194],[-34.9404840937658,-7.1789704276431],[-34.9428635551089,-7.1779591570894],[-34.9420010000461,-7.1755796957463],[-34.9423800732817,-7.17490336689685],[-34.9420826396021,-7.17415978584541],[-34.9409821401136,-7.17359466356283],[-34.9402385581629,-7.17389209634313],[-34.9399487147613,-7.1732299785806],[-34.9414358777635,-7.17260536974197],[-34.9401271753288,-7.17016642274219],[-34.9395917963243,-7.17010693618613],[-34.9389374442076,-7.16847105679381],[-34.9375395110396,-7.16829259712562],[-34.9370338762123,-7.16698389379161],[-34.9363795240957,-7.16725158329387],[-34.9363200366403,-7.16829259712562],[-34.9342677522549,-7.16957155718159]]]}},{"type":"Feature","properties":{"id":"7069","municipality":"2507507","density":"Pouco densa","type":"Área urbanizada","state":"PB"},"geometry":{"type":"Polygon","coordinates":[[[-34.8509590949862,-7.05927338735689],[-34.8547105296671,-7.05827648527152],[-34.8546047082406,-7.05627359525016],[-34.8508340019875,-7.05633370593575],[-34.8509590949862,-7.05927338735689]]]}},{"type":"Feature","properties":{"id":"7070","municipality":"2510808","density":"Pouco densa","type":"Área urbanizada","state":"PB"},"geometry":{"type":"Polygon","coordinates":[[[-37.2826546379999,-7.06989529299996],[-37.2823976559999,-7.06936229399999],[-37.281874175,-7.06996191799994],[-37.280779623,-7.07013323899998],[-37.281093712,-7.07184645099994],[-37.281579122,-7.07184645099994],[-37.281531532,-7.07111357699996],[-37.282235853,-7.07160850499998],[-37.284301225,-7.07128489799993],[-37.286509365,-7.07370242999998],[-37.2870328459999,-7.07358821599998],[-37.2864522579999,-7.071798862],[-37.2858907049999,-7.07223668199993],[-37.285662277,-7.07178934399998],[-37.286537918,-7.07091370199994],[-37.284662903,-7.07019986399996],[-37.284034725,-7.07049491699996],[-37.283549315,-7.06972397199996],[-37.2826546379999,-7.06989529299996]]]}},{"type":"Feature","properties":{"id":"7071","municipality":"2510808","density":"Pouco densa","type":"Área urbanizada","state":"PB"},"geometry":{"type":"Polygon","coordinates":[[[-37.2947188959999,-7.01717852699995],[-37.2946808239999,-7.01773056099996],[-37.29844989,-7.01752116899996],[-37.2984689259999,-7.01704527699997],[-37.2975552129999,-7.01704527699997],[-37.2975171419999,-7.01639806299994],[-37.297593284,-7.01578892099997],[-37.2986212119999,-7.01575084999998],[-37.298697354,-7.01506556499994],[-37.2984308549999,-7.01462774399994],[-37.298031105,-7.01510363699998],[-37.297326785,-7.01510363699998],[-37.2972125709999,-7.01436124499998],[-37.296869928,-7.01436124499998],[-37.297593284,-7.01333331799998],[-37.2965653569999,-7.01228635499997],[-37.296946071,-7.01177239099997],[-37.296565357,-7.01141071299999],[-37.295994287,-7.01190564099995],[-37.2944904669999,-7.01053507099995],[-37.2947569669999,-7.00994496499993],[-37.2943384,-7.00933743599997],[-37.288940458,-7.01127338899994],[-37.2871261189999,-7.01335541699996],[-37.2886430249999,-7.01356361999997],[-37.289981472,-7.01287952499998],[-37.2906953099999,-7.01353387699993],[-37.291081972,-7.01311747099993],[-37.2920932429999,-7.01308772799996],[-37.2913199189999,-7.01400976899993],[-37.293848096,-7.01618102699995],[-37.293374617,-7.01677725999998],[-37.2947188959999,-7.01717852699995]]]}},{"type":"Feature","properties":{"id":"7072","municipality":"2510808","density":"Pouco densa","type":"Área urbanizada","state":"PB"},"geometry":{"type":"Polygon","coordinates":[[[-37.1454344329999,-7.02852124199995],[-37.1453582899999,-7.02916845499993],[-37.1444826489999,-7.02975856199992],[-37.1456247899999,-7.02985373999998],[-37.14549154,-7.03013927499997],[-37.1485753219999,-7.03145273799993],[-37.147928108,-7.03276619999997],[-37.149032178,-7.03402255599998],[-37.149469999,-7.03341341399995],[-37.150764426,-7.03398448399997],[-37.15224921,-7.03337534199995],[-37.15087864,-7.03114816699998],[-37.1454344329999,-7.02852124199995]]]}},{"type":"Feature","properties":{"id":"7073","municipality":"2510808","density":"Pouco densa","type":"Área urbanizada","state":"PB"},"geometry":{"type":"Polygon","coordinates":[[[-37.2996519849999,-7.03359817099995],[-37.3030771869999,-7.03453517499997],[-37.304010502,-7.03257227199993],[-37.303563163,-7.03245805699995],[-37.303744002,-7.03179180799997],[-37.3041056799999,-7.03191553999996],[-37.304438805,-7.03097327399996],[-37.3033537699999,-7.03103989899995],[-37.303515574,-7.03041172099997],[-37.3000796319999,-7.02955511499994],[-37.299917829,-7.03018329299993],[-37.298404492,-7.03046882799992],[-37.298680509,-7.03089713099996],[-37.298242688,-7.03134446999997],[-37.298293543,-7.03224497899994],[-37.2996519849999,-7.03359817099995]]]}},{"type":"Feature","properties":{"id":"7074","municipality":"2510808","density":"Pouco densa","type":"Área urbanizada","state":"PB"},"geometry":{"type":"Polygon","coordinates":[[[-37.2622033639999,-7.02585912199994],[-37.2612289749999,-7.02480977999995],[-37.261403865,-7.02441002999997],[-37.2603905089999,-7.02372094799997],[-37.259682528,-7.02404069999995],[-37.2587402619999,-7.02591095599998],[-37.2597681889999,-7.02636781299998],[-37.2594826539999,-7.02679611599996],[-37.2601393849999,-7.02705309699996],[-37.259696805,-7.02799536399994],[-37.26082467,-7.02775265899992],[-37.263879898,-7.02923744299995],[-37.2645937359999,-7.02836655999995],[-37.2635943619999,-7.02788114999994],[-37.2641278039999,-7.02664324599993],[-37.2622033639999,-7.02585912199994]]]}},{"type":"Feature","properties":{"id":"7075","municipality":"2510808","density":"Pouco densa","type":"Área urbanizada","state":"PB"},"geometry":{"type":"Polygon","coordinates":[[[-37.288880971,-7.00707958899994],[-37.297574249,-7.00686118399995],[-37.299154211,-7.00632818399993],[-37.299896603,-7.00766068199994],[-37.3030755629999,-7.00589036299994],[-37.3021237779999,-7.00436750799999],[-37.300562852,-7.00533832899994],[-37.2996110669999,-7.00396775899997],[-37.2987734969999,-7.00429136599998],[-37.299039997,-7.00480532899998],[-37.297421963,-7.00570000699998],[-37.2965843929999,-7.00600457799993],[-37.2944523959999,-7.00554772099998],[-37.294281075,-7.00655661299994],[-37.2933102549999,-7.00655661299994],[-37.293481576,-7.00545254299993],[-37.2926630409999,-7.00535736399996],[-37.292548827,-7.00440557999998],[-37.291920649,-7.00440557999996],[-37.291159222,-7.00531929299996],[-37.289674438,-7.00545254299993],[-37.289503117,-7.00472918699997],[-37.2880373689999,-7.00423425899994],[-37.2880754399999,-7.00471015099993],[-37.2872378699999,-7.00484340099996],[-37.287256906,-7.00533832899994],[-37.2856198369999,-7.00630914899995],[-37.286076693,-7.00684214799997],[-37.286163915,-7.00809969199999],[-37.288880971,-7.00707958899994]]]}},{"type":"Feature","properties":{"id":"7076","municipality":"2510808","density":"Pouco densa","type":"Área urbanizada","state":"PB"},"geometry":{"type":"Polygon","coordinates":[[[-37.282127255,-7.04121244599999],[-37.2844174859999,-7.04493035399997],[-37.2851313239999,-7.04716109799997],[-37.286707717,-7.04793442299997],[-37.288730259,-7.04778570699995],[-37.28947384,-7.04823185599998],[-37.291734328,-7.04808313999996],[-37.2924779099999,-7.04763699099993],[-37.294411222,-7.04778570699995],[-37.293667641,-7.04308627099996],[-37.2846851749999,-7.04448420499994],[-37.28417954,-7.04210474399999],[-37.2845067159999,-7.04195602699999],[-37.284328256,-7.04085552699997],[-37.282513917,-7.04037963499997],[-37.2825566179999,-7.03916575799998],[-37.2818906469999,-7.03957770399995],[-37.282127255,-7.04121244599999]]]}}]}