{"type":"FeatureCollection","features":[{"type":"Feature","properties":{"id":"583","municipality":"2604106","density":"Densa","type":"Área urbanizada","state":"PE"},"geometry":{"type":"Polygon","coordinates":[[[-35.9840870934445,-8.37095022267461],[-35.985479076698,-8.37323450516824],[-35.9854433853039,-8.37362711679793],[-35.9841227848386,-8.37376988417277],[-35.9840157088578,-8.37444803055212],[-35.9852649256357,-8.37441233915809],[-35.9852649256357,-8.37476925759513],[-35.9861215316833,-8.37487633357593],[-35.9864784510197,-8.37441233915809],[-35.9872993647738,-8.37444803055212],[-35.9875492081294,-8.37316312238018],[-35.9857646132462,-8.37216374805849],[-35.9858359969337,-8.37144991028509],[-35.9840870934445,-8.37095022267461]]]}},{"type":"Feature","properties":{"id":"584","municipality":"2604106","density":"Densa","type":"Área urbanizada","state":"PE"},"geometry":{"type":"Polygon","coordinates":[[[-35.9636724011603,-8.19318549031807],[-35.9634862316042,-8.19414736380974],[-35.9599490208306,-8.19430250495657],[-35.9599179933207,-8.19507820889221],[-35.9608798659131,-8.19520232162979],[-35.9609108943223,-8.19591596964625],[-35.9618417394047,-8.19604008238384],[-35.9622451060268,-8.19535746187735],[-35.9641378237015,-8.1956367157618],[-35.9642929648484,-8.194178392219],[-35.9657512892905,-8.19402325107212],[-35.9657823168004,-8.19318549031806],[-35.9636724011603,-8.19318549031807]]]}},{"type":"Feature","properties":{"id":"585","municipality":"2604106","density":"Densa","type":"Área urbanizada","state":"PE"},"geometry":{"type":"Polygon","coordinates":[[[-35.9325821743278,-7.99817343295751],[-35.9324580606909,-7.99680819284381],[-35.9315272156085,-7.99612557323657],[-35.9313410469517,-7.99510164382578],[-35.9305963714253,-7.99482238994131],[-35.9302860891316,-7.99376743212129],[-35.9299447793281,-7.99392257326809],[-35.9299137509188,-7.99525678407327],[-35.9304102018693,-7.99522575566404],[-35.9316202999369,-7.9973666997134],[-35.9310928205772,-7.99820446136676],[-35.9313410469517,-7.99870091141788],[-35.9320236665589,-7.99860782708955],[-35.9328303989037,-7.99987998197554],[-35.933481991001,-7.99972484082873],[-35.9342266674267,-8.00022129177917],[-35.9344438635934,-8.00230017900998],[-35.9356229341511,-8.00273457404132],[-35.9356539625603,-8.00177269965031],[-35.9350644272815,-8.00124522118994],[-35.9344128360835,-7.99935250261587],[-35.9325821743278,-7.99817343295751]]]}},{"type":"Feature","properties":{"id":"586","municipality":"2604106","density":"Densa","type":"Área urbanizada","state":"PE"},"geometry":{"type":"Polygon","coordinates":[[[-35.9388083292409,-8.25857898693067],[-35.9389867889091,-8.25897159766106],[-35.9380231068808,-8.25900728995441],[-35.9378089558186,-8.25847191094987],[-35.9371665008333,-8.25840052816181],[-35.9375948038571,-8.26000666427608],[-35.9368809660837,-8.2598995882953],[-35.9365597390407,-8.26039927500648],[-35.9365240467473,-8.26186264284666],[-35.9374163450882,-8.26214817939491],[-35.9374877278763,-8.26157710809702],[-35.9386655618661,-8.26147003211622],[-35.9387012532602,-8.26204110341417],[-35.9403787739612,-8.26232663816375],[-35.940521541336,-8.26279063258158],[-35.9442335002758,-8.2627192488942],[-35.9439836569202,-8.26196971882741],[-35.9427701324356,-8.26189833514002],[-35.9424845958873,-8.26143433982289],[-35.9436624298772,-8.26132726474146],[-35.9434125856223,-8.2606134260687],[-35.9422347534311,-8.26029219902574],[-35.9415922993451,-8.25897159766106],[-35.9388083292409,-8.25857898693067]]]}},{"type":"Feature","properties":{"id":"587","municipality":"2604106","density":"Densa","type":"Área urbanizada","state":"PE"},"geometry":{"type":"Polygon","coordinates":[[[-36.0810504846921,-8.20619248129795],[-36.0810504846921,-8.20588315138629],[-36.0792896840716,-8.20583556196158],[-36.0785054590597,-8.20630193778415],[-36.0784568731861,-8.20697770275873],[-36.0817881176275,-8.20671596317111],[-36.082002269589,-8.20640663325947],[-36.0810504846921,-8.20619248129795]]]}},{"type":"Feature","properties":{"id":"588","municipality":"2604106","density":"Densa","type":"Área urbanizada","state":"PE"},"geometry":{"type":"Polygon","coordinates":[[[-35.9533706311497,-8.24701480708763],[-35.9526211001836,-8.24601543276594],[-35.9515146507804,-8.24605112505935],[-35.9510506563627,-8.24669357914531],[-35.9488734489504,-8.24701480708763],[-35.9489805249312,-8.2481212555914],[-35.9495872876232,-8.24797848821663],[-35.9503725099833,-8.24876371057673],[-35.9496229799165,-8.24983446768647],[-35.9491589845994,-8.24983446768647],[-35.9490162172246,-8.24869232688934],[-35.9480882265904,-8.24755018519283],[-35.9476956158599,-8.24772864486101],[-35.9486236055949,-8.25065538233997],[-35.9494445202484,-8.25065538233997],[-35.9491589845994,-8.25283258885288],[-35.9483023785519,-8.25233290214169],[-35.9483023785519,-8.25311812360248],[-35.9464107067886,-8.25279689655946],[-35.9459110200775,-8.25443872496716],[-35.9480168429029,-8.25550948207691],[-35.9483737622393,-8.25461718463532],[-35.9487306815756,-8.25465287692868],[-35.9486236055949,-8.25550948207691],[-35.9490162172246,-8.25550948207691],[-35.9509435803819,-8.25447441726051],[-35.9510149640693,-8.25329658416997],[-35.95033681769,-8.253332275564],[-35.9504082022767,-8.25236859443504],[-35.9511220400501,-8.25219013386756],[-35.9511934237375,-8.25147629609417],[-35.9536561658993,-8.2511193767578],[-35.9544056959661,-8.25029846300364],[-35.9541832171817,-8.24856859456493],[-35.9550207872795,-8.24872088036432],[-35.9550398223299,-8.24803559516652],[-35.9533706311497,-8.24701480708763]]]}},{"type":"Feature","properties":{"id":"589","municipality":"2604106","density":"Densa","type":"Área urbanizada","state":"PE"},"geometry":{"type":"Polygon","coordinates":[[[-36.0367068499411,-8.29749121025111],[-36.0368139259219,-8.2965632214155],[-36.034315492366,-8.29699152443927],[-36.0343868751541,-8.29877611932239],[-36.0380274513058,-8.29881181071648],[-36.0381702177813,-8.2975625939385],[-36.0390625161222,-8.29749121025111],[-36.0389911333341,-8.29877611932239],[-36.0410969561595,-8.29966841676395],[-36.0401332741313,-8.29534969513232],[-36.0413467986158,-8.2955995393872],[-36.0414538745966,-8.29499277579594],[-36.040240350112,-8.29449308908478],[-36.0409898801788,-8.29310110493202],[-36.0426317076871,-8.29267280190822],[-36.0425246317063,-8.29210173061035],[-36.0396692788141,-8.29217311519705],[-36.0381702177813,-8.29627768486721],[-36.0367425422345,-8.29781243819343],[-36.0364213151915,-8.29802658925564],[-36.0361357786432,-8.29766966991929],[-36.0367068499411,-8.29749121025111]]]}},{"type":"Feature","properties":{"id":"590","municipality":"2604106","density":"Densa","type":"Área urbanizada","state":"PE"},"geometry":{"type":"Polygon","coordinates":[[[-36.0816691454147,-8.20095766706265],[-36.0797655756208,-8.20164771057336],[-36.0817881176275,-8.20202842507171],[-36.0818832973762,-8.20171909516007],[-36.0825971351496,-8.20219498670923],[-36.0825971351496,-8.20117181902418],[-36.0816691454147,-8.20095766706265]]]}},{"type":"Feature","properties":{"id":"591","municipality":"2604106","density":"Densa","type":"Área urbanizada","state":"PE"},"geometry":{"type":"Polygon","coordinates":[[[-35.9112307940658,-8.26669370285209],[-35.9088513327228,-8.26626539982829],[-35.9070905321024,-8.2664557566278],[-35.9078995487252,-8.26695544423832],[-35.9093986088587,-8.26707441735045],[-35.9100886532687,-8.26769307717372],[-35.9103741880183,-8.26728856931197],[-35.9128012378868,-8.26769307717372],[-35.9112307940658,-8.26669370285209]]]}},{"type":"Feature","properties":{"id":"592","municipality":"2604106","density":"Densa","type":"Área urbanizada","state":"PE"},"geometry":{"type":"Polygon","coordinates":[[[-35.9165845814132,-8.2484194429029],[-35.9146096288313,-8.24442194831419],[-35.9144906557191,-8.24606377672188],[-35.9133961043467,-8.24592100934706],[-35.9130153898484,-8.24637310573423],[-35.9148713693182,-8.24684899908199],[-35.9152758780793,-8.24770560512953],[-35.9142765037576,-8.24865738912717],[-35.9134436928721,-8.24844323806497],[-35.9119684270013,-8.24939502206258],[-35.9133485140227,-8.24979952992432],[-35.9159183321652,-8.24801493504117],[-35.9162990457643,-8.24856221117705],[-35.9160373052774,-8.24946640574997],[-35.9167511439501,-8.2502516281101],[-35.9172270363986,-8.24960917312478],[-35.9197730593792,-8.25046577917231],[-35.9199158267539,-8.25013265499798],[-35.9188688639069,-8.24944261058795],[-35.9192495784053,-8.24913328067629],[-35.9186785071073,-8.24746765890531],[-35.9190830149692,-8.24711073866961],[-35.9165845814132,-8.2484194429029]]]}},{"type":"Feature","properties":{"id":"593","municipality":"2604106","density":"Densa","type":"Área urbanizada","state":"PE"},"geometry":{"type":"Polygon","coordinates":[[[-35.9730187772947,-8.17745371811459],[-35.9736240686957,-8.17615666279973],[-35.972817012595,-8.17578195936988],[-35.9716064288936,-8.17699254307137],[-35.9711740780212,-8.17676195599943],[-35.9714046650932,-8.17615666279973],[-35.9707129029781,-8.17575313519901],[-35.9707993727928,-8.17647372058572],[-35.9704534917352,-8.17670430855696],[-35.9690987907765,-8.17687724908577],[-35.9686376157333,-8.1766754852854],[-35.9688682037046,-8.17618548697063],[-35.968435851933,-8.17615666279973],[-35.9673405622172,-8.17702136634295],[-35.966879387174,-8.17664666201382],[-35.9669658569887,-8.17586842918461],[-35.9664182121307,-8.17566666538426],[-35.9662452707026,-8.17607019298499],[-35.965380568958,-8.17612784042746],[-35.9643717490569,-8.17529196105512],[-35.9641699852565,-8.17583960591305],[-35.9644582188716,-8.17679077927104],[-35.9651211577152,-8.17719430687175],[-35.9648329232008,-8.17843371384477],[-35.9669082104455,-8.17886606561638],[-35.9678882070751,-8.18056664763266],[-35.9719234866795,-8.18071076488987],[-35.974085243739,-8.17941371137363],[-35.974488772239,-8.17863547764513],[-35.9730187772947,-8.17745371811459]]]}},{"type":"Feature","properties":{"id":"594","municipality":"2604106","density":"Densa","type":"Área urbanizada","state":"PE"},"geometry":{"type":"Polygon","coordinates":[[[-36.0652628196234,-8.29551775234235],[-36.0652306967392,-8.29474680671975],[-36.0639779105521,-8.29474680671975],[-36.0640100343356,-8.29824818400648],[-36.0651664518702,-8.29905125161395],[-36.0660980110143,-8.29917974315061],[-36.0664513609415,-8.29863365681775],[-36.0663549931883,-8.29786271119515],[-36.0655519246815,-8.29763785190529],[-36.0660658881302,-8.29619233021179],[-36.0652628196234,-8.29551775234235]]]}},{"type":"Feature","properties":{"id":"595","municipality":"2604106","density":"Densa","type":"Área urbanizada","state":"PE"},"geometry":{"type":"Polygon","coordinates":[[[-36.0532343818612,-8.02252778442966],[-36.0543873190195,-8.02270072495845],[-36.0545026130051,-8.02065426098529],[-36.05300379389,-8.02071190842781],[-36.0532343818612,-8.02252778442966]]]}},{"type":"Feature","properties":{"id":"596","municipality":"2604106","density":"Densa","type":"Área urbanizada","state":"PE"},"geometry":{"type":"Polygon","coordinates":[[[-36.0651672819445,-8.0588453053665],[-36.0638702266296,-8.05910471571002],[-36.0643314016728,-8.06031530031084],[-36.0662625716603,-8.0587300122802],[-36.0667525699751,-8.0589894217244],[-36.0679919778474,-8.05775001475133],[-36.0685684459769,-8.05708707590777],[-36.0679343313043,-8.05662590086456],[-36.0651672819445,-8.0588453053665]]]}},{"type":"Feature","properties":{"id":"597","municipality":"2604106","density":"Densa","type":"Área urbanizada","state":"PE"},"geometry":{"type":"Polygon","coordinates":[[[-36.0261063512271,-8.28549872738432],[-36.0259992752463,-8.28721193858007],[-36.0271057246494,-8.28888945928105],[-36.0267844976064,-8.29035282712126],[-36.027355568005,-8.29049559539539],[-36.0281407903651,-8.29195896413484],[-36.0293543148497,-8.29163773619253],[-36.0291401637875,-8.29213742290369],[-36.0298540015609,-8.29285126067708],[-36.0295327754172,-8.29506416038265],[-36.028604784783,-8.29470724104632],[-36.0278909470095,-8.29274418559566],[-36.0268915726879,-8.29253003363408],[-36.0265703456449,-8.29377925131139],[-36.0277124873414,-8.29456447277216],[-36.0287832453504,-8.29631337716058],[-36.0278909470095,-8.29649183682876],[-36.027355568005,-8.29770536221264],[-36.0302109208972,-8.29877611932239],[-36.0327450467465,-8.29866904424097],[-36.0328164313332,-8.2975625939385],[-36.0315315222619,-8.2972770591889],[-36.0314244471804,-8.29777674590008],[-36.0318884406989,-8.29795520466894],[-36.0316385982427,-8.29820504892382],[-36.030639223921,-8.29791951327485],[-36.0310318346514,-8.29542107881969],[-36.0334231940251,-8.29638476084801],[-36.0342798000727,-8.29563523078122],[-36.0314244471804,-8.29185188815405],[-36.0313887548871,-8.29099528210658],[-36.0305321488395,-8.29099528210658],[-36.0306035316277,-8.28992452409745],[-36.0312816789063,-8.28996021639087],[-36.0314601376752,-8.28960329705446],[-36.0309961441567,-8.28764024160381],[-36.0277838710288,-8.28653379220074],[-36.0283549423267,-8.28624825655176],[-36.0285334010956,-8.28539165140353],[-36.0278195633222,-8.28521319173535],[-36.0261063512271,-8.28549872738432]]]}},{"type":"Feature","properties":{"id":"598","municipality":"2604106","density":"Densa","type":"Área urbanizada","state":"PE"},"geometry":{"type":"Polygon","coordinates":[[[-35.9818266052136,-8.32777728219577],[-35.9817909129203,-8.3268849847542],[-35.9806130798297,-8.32706344442239],[-35.9800063171378,-8.33188185276527],[-35.9811484579349,-8.33209600382747],[-35.9812555339157,-8.33113232179915],[-35.9821478322566,-8.33134647376075],[-35.983214234849,-8.3277992580293],[-35.9818266052136,-8.32777728219577]]]}},{"type":"Feature","properties":{"id":"599","municipality":"2604106","density":"Densa","type":"Área urbanizada","state":"PE"},"geometry":{"type":"Polygon","coordinates":[[[-36.0227391932591,-8.11637687109567],[-36.0229409570594,-8.11568510808123],[-36.0238633071459,-8.11617510729532],[-36.0247568330614,-8.11528157958116],[-36.0247568330614,-8.11433040712258],[-36.0233156622879,-8.11375393899306],[-36.0229121337879,-8.11225511987785],[-36.0218168440721,-8.11139041723392],[-36.0217880199012,-8.11107336034724],[-36.0224221363724,-8.11098688873387],[-36.0222203716727,-8.11038159733277],[-36.022883309617,-8.11029512661873],[-36.0229697812304,-8.10989159901807],[-36.026140358191,-8.11081394910439],[-36.0260250642053,-8.11211100262063],[-36.0264862392485,-8.11222629660626],[-36.0266591797772,-8.11090041891913],[-36.0272068246352,-8.11090041891913],[-36.0270338841064,-8.10928630671764],[-36.0263132987197,-8.10937277743169],[-36.0259674167628,-8.10870983768882],[-36.0249009512179,-8.10853689805937],[-36.0233156622879,-8.10971865758995],[-36.0224797820162,-8.10928630671765],[-36.0221339009587,-8.10833513425899],[-36.0212691983148,-8.10824866444425],[-36.0211827276008,-8.1129468828923],[-36.0202892016853,-8.11510863995171],[-36.0206786252183,-8.1162603504348],[-36.0227391932591,-8.11637687109567]]]}},{"type":"Feature","properties":{"id":"600","municipality":"2604106","density":"Densa","type":"Área urbanizada","state":"PE"},"geometry":{"type":"Polygon","coordinates":[[[-35.8833435107943,-8.25827041065088],[-35.8831293597321,-8.25634304839294],[-35.8826534672837,-8.25641443208031],[-35.8821299863098,-8.25739001123997],[-35.8823679316347,-8.25819902786282],[-35.8809640503506,-8.2577945191017],[-35.8806309261762,-8.25862733088655],[-35.8807023089643,-8.25717585927845],[-35.8802740059406,-8.25712826985375],[-35.8806785147016,-8.25622407528078],[-35.88036918479,-8.25529608464656],[-35.880012266353,-8.25531987980855],[-35.8797981143914,-8.2587938934234],[-35.8788463303938,-8.25917460702243],[-35.8839859657796,-8.2593887580847],[-35.8851043123141,-8.25907942817305],[-35.885342257639,-8.25810384901339],[-35.8833435107943,-8.25827041065088]]]}},{"type":"Feature","properties":{"id":"601","municipality":"2604106","density":"Densa","type":"Área urbanizada","state":"PE"},"geometry":{"type":"Polygon","coordinates":[[[-35.9723602891959,-8.06696288922592],[-35.9715535568511,-8.06755242360544],[-35.9713053322752,-8.06705597265494],[-35.9703744871928,-8.06724214221107],[-35.9703124303743,-8.06659055101308],[-35.9687920500131,-8.06565970593061],[-35.969009247079,-8.06404624124098],[-35.9683886842903,-8.06395315601328],[-35.9681094304058,-8.06581484617818],[-35.9670855000957,-8.06628026871937],[-35.9673647539802,-8.06702494514508],[-35.9670855000957,-8.06832812844034],[-35.9693195293727,-8.06801784704596],[-35.9698159794238,-8.06817298729351],[-35.9698780362423,-8.06901074804757],[-35.9712432745574,-8.06925897262347],[-35.9709950499815,-8.07050009999956],[-35.9716466420788,-8.07245487539211],[-35.9724223460144,-8.07245487539211],[-35.9728257117372,-8.07000364994844],[-35.9735703881628,-8.06916588919439],[-35.9723602891959,-8.06696288922592]]]}},{"type":"Feature","properties":{"id":"602","municipality":"2604106","density":"Densa","type":"Área urbanizada","state":"PE"},"geometry":{"type":"Polygon","coordinates":[[[-36.027155692781,-8.31178939206676],[-36.0274031574297,-8.31201781986647],[-36.0279932637781,-8.31152289236754],[-36.0278790498782,-8.31072339326993],[-36.0284881921763,-8.31068532226978],[-36.0285262631764,-8.31020942892196],[-36.0273460495805,-8.31015232197206],[-36.027155692781,-8.31178939206676]]]}},{"type":"Feature","properties":{"id":"603","municipality":"2604106","density":"Densa","type":"Área urbanizada","state":"PE"},"geometry":{"type":"Polygon","coordinates":[[[-35.9734511290663,-8.2130506527654],[-35.9728458367659,-8.21111948367719],[-35.9708858444061,-8.20976478181916],[-35.9700787883054,-8.20838125758895],[-35.9696464356344,-8.208467728303],[-35.9695023192766,-8.20959184218971],[-35.9683493821182,-8.21008183960515],[-35.9684070286614,-8.21071595607647],[-35.9716352530644,-8.21068713190556],[-35.9733934816238,-8.21394417958016],[-35.9755552386833,-8.21380006232294],[-35.975757003383,-8.21351182780853],[-35.9752670050682,-8.21287771313593],[-35.9734511290663,-8.2130506527654]]]}},{"type":"Feature","properties":{"id":"604","municipality":"2604106","density":"Densa","type":"Área urbanizada","state":"PE"},"geometry":{"type":"Polygon","coordinates":[[[-35.9953046367995,-8.30076886768904],[-35.9944964016876,-8.3005425541955],[-35.9941010543201,-8.3038993906443],[-35.9952736092896,-8.30452111355852],[-35.9953958964035,-8.30554004183943],[-35.9964559461849,-8.30582914689757],[-35.9970984011702,-8.30563640959258],[-35.9975655504098,-8.30309989244603],[-35.9988790120567,-8.30349964199484],[-35.9990503329065,-8.30323314229565],[-35.9996404401542,-8.3022242513481],[-35.9992421322185,-8.30187140324261],[-35.9996039726452,-8.30078587926489],[-35.9955243870408,-8.30014342517888],[-35.9953046367995,-8.30076886768904]]]}},{"type":"Feature","properties":{"id":"605","municipality":"2604106","density":"Densa","type":"Área urbanizada","state":"PE"},"geometry":{"type":"Polygon","coordinates":[[[-35.9467894571677,-8.30346975212729],[-35.9459824001675,-8.30266269602659],[-35.9444835819517,-8.30272034256973],[-35.9444547586802,-8.30217269681248],[-35.9441953483366,-8.30243210805533],[-35.9431865284355,-8.30156740541139],[-35.942177707635,-8.30228799079811],[-35.9422065309066,-8.30272034256972],[-35.9456076958385,-8.30473798327127],[-35.9460112243385,-8.30372916337012],[-35.949729446157,-8.30499739361479],[-35.9500176806714,-8.30442092458594],[-35.9467894571677,-8.30346975212729]]]}},{"type":"Feature","properties":{"id":"606","municipality":"2604106","density":"Densa","type":"Área urbanizada","state":"PE"},"geometry":{"type":"Polygon","coordinates":[[[-36.053955621055,-8.2945540712134],[-36.0536986397803,-8.29378312469142],[-36.0520603807819,-8.29420072128619],[-36.0512894351593,-8.29394373911227],[-36.0513858038117,-8.29249821562013],[-36.0509039632473,-8.29224123524477],[-36.0508075936954,-8.2926267071568],[-36.0503257540303,-8.2917915157658],[-36.0493941948861,-8.29175939378098],[-36.0486553721477,-8.29310854772127],[-36.048526880611,-8.29548563035751],[-36.048205653568,-8.29551775234235],[-36.0473704630764,-8.29355826630093],[-36.0478523036409,-8.29243397075113],[-36.0469207453961,-8.29175939378098],[-36.0462782904107,-8.29240184786693],[-36.0471134809024,-8.29272307490994],[-36.0464067810481,-8.29384737135904],[-36.0468564987284,-8.29394373911227],[-36.0467280089904,-8.29465043896652],[-36.0472098486555,-8.29481105158873],[-36.048205653568,-8.2965135572548],[-36.0477559358877,-8.29680266141367],[-36.0480450400465,-8.29734874774648],[-36.0475310765978,-8.29837667464374],[-36.0478844274243,-8.29850516618041],[-36.0479486722933,-8.30017554716376],[-36.0509039632473,-8.29985432012075],[-36.0508718403631,-8.29924398801961],[-36.0498117896823,-8.29943672532455],[-36.0495548084077,-8.29911549738228],[-36.0492335813647,-8.29702751980414],[-36.0486232492635,-8.29731662486228],[-36.0492014575811,-8.29497166600955],[-36.0506791039574,-8.29452194832921],[-36.0526385899989,-8.29493954312541],[-36.0523173629559,-8.29789483407928],[-36.0514500486808,-8.29905125161395],[-36.0517712757238,-8.29927611090375],[-36.0525743442306,-8.29847304329628],[-36.0528313264045,-8.29988644300489],[-36.0531525534475,-8.2997258285841],[-36.0532489212007,-8.29779846632614],[-36.053955621055,-8.29744511639893],[-36.0541162345765,-8.29577473361702],[-36.054469585403,-8.29532501593669],[-36.0553690207636,-8.29567836586388],[-36.0554975123003,-8.29519652529933],[-36.053955621055,-8.2945540712134]]]}},{"type":"Feature","properties":{"id":"607","municipality":"2604106","density":"Densa","type":"Área urbanizada","state":"PE"},"geometry":{"type":"Polygon","coordinates":[[[-36.0441261776809,-8.07971346820193],[-36.0426850069075,-8.07925229315875],[-36.0426850069075,-8.07968464493035],[-36.041474423206,-8.0794540569591],[-36.0411861877923,-8.07850288360118],[-36.0399179566483,-8.07867582502929],[-36.0402350153336,-8.07781112238536],[-36.0398603101052,-8.07760935768568],[-36.0390820781753,-8.07769582839973],[-36.0387938436609,-8.07879111901491],[-36.0399467808193,-8.07954052767315],[-36.0402350153336,-8.0806934648315],[-36.0409844239919,-8.08077993464621],[-36.0430020637942,-8.08248051756182],[-36.043578532823,-8.08242287101867],[-36.0445585285532,-8.0814428743891],[-36.043895590609,-8.0808375820887],[-36.0446161759957,-8.07997287944478],[-36.0457691140533,-8.07951170440158],[-36.0462879347404,-8.07853170777207],[-36.0453079390101,-8.07807053272888],[-36.0441261776809,-8.07971346820193]]]}},{"type":"Feature","properties":{"id":"608","municipality":"2604106","density":"Densa","type":"Área urbanizada","state":"PE"},"geometry":{"type":"Polygon","coordinates":[[[-36.0330003336984,-8.34096903439336],[-36.0320779854106,-8.33926845057847],[-36.0317321025544,-8.33932609802093],[-36.0323085715833,-8.3407384464221],[-36.0314726922109,-8.34099785676563],[-36.0324238655689,-8.34166079560918],[-36.0314150456678,-8.34246785170995],[-36.0304350490382,-8.34180491286641],[-36.0298874041803,-8.34223726373871],[-36.0291379946227,-8.3421219706524],[-36.0298297567378,-8.34281373276755],[-36.0291379946227,-8.34405314063985],[-36.0297432869231,-8.34442784496903],[-36.0312709284105,-8.3436207888683],[-36.031876220711,-8.34422608116865],[-36.0318185741678,-8.34480255019749],[-36.0306944602811,-8.34529254761295],[-36.0303485792235,-8.34644548477127],[-36.0311844576965,-8.3465607787569],[-36.0316744560113,-8.34618607442774],[-36.0324526888405,-8.3465607787569],[-36.0326544526408,-8.34607078134145],[-36.0321356310545,-8.34569607611299],[-36.0329138638837,-8.34413961135391],[-36.0336344501697,-8.34370725868297],[-36.0329138638837,-8.34258314569558],[-36.0342397415708,-8.34143020763793],[-36.0330003336984,-8.34096903439336]]]}},{"type":"Feature","properties":{"id":"609","municipality":"2604106","density":"Densa","type":"Área urbanizada","state":"PE"},"geometry":{"type":"Polygon","coordinates":[[[-35.9411094758216,-8.27903655619207],[-35.9432152986471,-8.27935778323508],[-35.9444645163243,-8.27910793987947],[-35.9448214347614,-8.2793934746291],[-35.9447500519733,-8.28099961074338],[-35.946142036126,-8.28089253476265],[-35.946511995632,-8.28026005865474],[-35.9478538039099,-8.28087735600514],[-35.9477481722403,-8.28146360606054],[-35.9471414104477,-8.28149929835387],[-35.9471771018418,-8.2821417524399],[-35.9486761619752,-8.28246298038222],[-35.9484129178219,-8.28112493396849],[-35.9508023913173,-8.28207459916337],[-35.95067490882,-8.28267713144441],[-35.9524192644375,-8.28320716308007],[-35.952388120915,-8.2838192722416],[-35.9530662681936,-8.28399773190978],[-35.953171999688,-8.28496000020379],[-35.9546306487854,-8.28656903483307],[-35.9541020003071,-8.28974899981644],[-35.9536110001475,-8.28970799972439],[-35.953805101724,-8.29071486629801],[-35.9508488197172,-8.29029795678527],[-35.9511526727576,-8.2888721833046],[-35.9526160208127,-8.2891913922689],[-35.953197657346,-8.2887950331642],[-35.9538794064094,-8.28666056873023],[-35.9524898756072,-8.28616159787942],[-35.9527853559594,-8.2852013593552],[-35.9511679720242,-8.28407346381927],[-35.9491134537229,-8.28344261368562],[-35.9484697252975,-8.28475383062472],[-35.9464709775535,-8.28432552760096],[-35.9453645281504,-8.28461106414927],[-35.9440309252869,-8.28275732938722],[-35.9440689971864,-8.28153904479102],[-35.9436311757381,-8.28152000884133],[-35.942651942633,-8.28004249916194],[-35.9417239528981,-8.27975696261372],[-35.9409877750657,-8.27980891734764],[-35.9402977306557,-8.28071311192053],[-35.940654649992,-8.28209319984126],[-35.939935097027,-8.28509737704228],[-35.9368713073649,-8.28599551558052],[-35.9368951016276,-8.28635243491688],[-35.937918270212,-8.28635243491688],[-35.9378706807872,-8.28680453220335],[-35.9392658440434,-8.28709535136932],[-35.9391102055715,-8.28755998970174],[-35.937655074622,-8.2872165736859],[-35.9370840042234,-8.28839440677643],[-35.9394396704044,-8.28871563381937],[-35.9400464330963,-8.28917962913652],[-35.9391184433614,-8.29003623518407],[-35.939653822366,-8.29053592189525],[-35.9409088082948,-8.28888964903803],[-35.9417949543736,-8.28857189427742],[-35.9427590177145,-8.28953654757357],[-35.9424734829648,-8.29025038624628],[-35.943725124315,-8.29089515428792],[-35.9449362251267,-8.29042884591447],[-35.9463282101787,-8.29075007295745],[-35.9470063556588,-8.29028607764031],[-35.9482546488329,-8.29050799704642],[-35.9478269042881,-8.29191599003088],[-35.9505242930616,-8.29244759188282],[-35.9502421928229,-8.29688505190359],[-35.9533057486613,-8.29685530772622],[-35.9543170201143,-8.29456507711655],[-35.9557446965604,-8.2942676443363],[-35.9558934129506,-8.29682556534749],[-35.9570533998944,-8.29736094435208],[-35.9588489188425,-8.29934474536369],[-35.9579631990423,-8.30036604425748],[-35.9587127291091,-8.30107988293022],[-35.9596052360927,-8.30029169280732],[-35.9598669765797,-8.30071999583113],[-35.9581059664172,-8.30218633233335],[-35.9590449440689,-8.30281426866351],[-35.9598907717417,-8.30212387801454],[-35.962603898651,-8.3048286915908],[-35.9624369314192,-8.30670032825749],[-35.9636266607417,-8.30661109842339],[-35.9648163918629,-8.30735468037416],[-35.9658574056947,-8.30702750431586],[-35.9677907178673,-8.3088121000983],[-35.9689507048111,-8.30884184337634],[-35.969043326888,-8.30817033399366],[-35.9702542586271,-8.30822078955778],[-35.9701337827478,-8.31015823321582],[-35.9750881793759,-8.31064531592853],[-35.974982655625,-8.31180607179271],[-35.9742389216888,-8.31171310617487],[-35.9741437428394,-8.31233176599818],[-35.9760949011587,-8.31585336813839],[-35.9769084665525,-8.31571356762698],[-35.977443845557,-8.31310805809035],[-35.9812271890835,-8.3133222091526],[-35.9813699555589,-8.31175176533169],[-35.9795853606758,-8.31057393224116],[-35.9777748878008,-8.31150430068289],[-35.9801067597191,-8.3089582777023],[-35.9801781443059,-8.30810167165476],[-35.9798116831626,-8.30750833674029],[-35.9788456458099,-8.30774475321772],[-35.9779176560749,-8.30717368191985],[-35.9784649322108,-8.30596015743526],[-35.9771562279775,-8.30565082662428],[-35.9776079718304,-8.30323498140922],[-35.9864502680654,-8.30109077461952],[-35.9892068079478,-8.30273615175197],[-35.9911299748684,-8.30320625886174],[-35.9914505031381,-8.30286436270013],[-35.9916855571427,-8.30196688516356],[-35.9898692323791,-8.30117624888477],[-35.9902324973318,-8.30010782281774],[-35.9914291352463,-8.30000097976136],[-35.9913045035999,-8.29820311358277],[-35.9918279845738,-8.29813172989539],[-35.9921373153847,-8.29708476794765],[-35.991423476712,-8.29653749181177],[-35.9913520930246,-8.29579985887637],[-35.991709012361,-8.29549052896471],[-35.9918279845738,-8.29377731686964],[-35.9924228501344,-8.29351557638269],[-35.9922800827596,-8.29292071082209],[-35.9939932948546,-8.29282553197266],[-35.9933746350313,-8.29001776760584],[-35.9914950375659,-8.28986354916343],[-35.9909844339844,-8.29084780588148],[-35.9906037203854,-8.29008637778407],[-35.9890237581399,-8.29084780588148],[-35.9892521859396,-8.29126659138008],[-35.9888905082903,-8.29162826902934],[-35.9885288297417,-8.29117141342995],[-35.9868917614456,-8.29100009078149],[-35.9870821182451,-8.29149501917978],[-35.9866062248973,-8.29176151887895],[-35.9862255121976,-8.29132369832997],[-35.9856734768495,-8.29160923307963],[-35.9850452986016,-8.28995312883377],[-35.9860648429181,-8.2892747882009],[-35.9880339022428,-8.28934398563637],[-35.9879196883429,-8.28846834543776],[-35.9886584553234,-8.28775193290535],[-35.993203226048,-8.28687153259512],[-35.9939170638214,-8.28701429996996],[-35.9942344615511,-8.2892972262859],[-35.9961299626276,-8.28925099393821],[-35.9962403202345,-8.28787171360864],[-35.9978718163312,-8.28778107543623],[-35.9979432000186,-8.2865913452144],[-35.9961110148114,-8.2867817011146],[-35.9960872196494,-8.28635339809079],[-35.999186377849,-8.28607367206229],[-35.999250622718,-8.28671612614824],[-36.0000536912248,-8.28674824903244],[-35.9995850284263,-8.28742415609986],[-36.0026235093674,-8.28806528008857],[-36.0026877551357,-8.28703735319125],[-36.008555595864,-8.28844732378491],[-36.0086031852887,-8.28809040534787],[-36.0124341173406,-8.2884949132096],[-36.0124817067653,-8.28970843769418],[-36.0099356828854,-8.28894701139543],[-36.0096739432978,-8.28999397424247],[-36.0105067541833,-8.29016053587997],[-36.0102926022218,-8.29182615855035],[-36.0124817067653,-8.29151682863871],[-36.0115299218684,-8.29408664678131],[-36.0109588505704,-8.2938962899818],[-36.0109588505704,-8.29325383499645],[-36.0101542963836,-8.29308429930091],[-36.0098866068814,-8.29436325935689],[-36.0089348219844,-8.29430377280084],[-36.0083696997019,-8.29376839379631],[-36.0089348219844,-8.29219200096002],[-36.0096189182784,-8.29225148661676],[-36.0097081472132,-8.29177559506763],[-36.0093512278768,-8.29088329672669],[-36.0082507265897,-8.29061560812375],[-36.0082804707671,-8.28984228289499],[-36.0072989425921,-8.28978279723828],[-36.0072394569353,-8.29138893335256],[-36.0082804707671,-8.29129970261914],[-36.0080127812648,-8.29263815013048],[-36.0068230510429,-8.29248943374035],[-36.0063769018725,-8.29353044757205],[-36.0068825366996,-8.29394685256518],[-36.0068825366997,-8.29460120468178],[-36.0035512922583,-8.29510684130764],[-36.0034025758682,-8.29602888202725],[-36.0042948742091,-8.29638580136362],[-36.0039082106953,-8.29745655757404],[-36.0048897388703,-8.29766476141958],[-36.0050979418165,-8.29724835642645],[-36.0080425254421,-8.29715912569304],[-36.0077748350405,-8.30078780381404],[-36.0089348219844,-8.30141241175335],[-36.0128311896077,-8.30173958781167],[-36.0133963118902,-8.29938986974663],[-36.0147347594015,-8.29965756014827],[-36.0148537316144,-8.29915192442173],[-36.0137234879485,-8.29817039714608],[-36.0138722043387,-8.29617759841739],[-36.0151214211166,-8.29656426013248],[-36.0164896110067,-8.29849757320438],[-36.0163706378946,-8.29953858703613],[-36.0171142198453,-8.30102575003827],[-36.0184229231793,-8.30123395298449],[-36.0183634366232,-8.30054985758983],[-36.0187203559596,-8.30043088537702],[-36.0185121530134,-8.29775399125369],[-36.0168465303431,-8.29677246307865],[-36.0168762736211,-8.29608836768399],[-36.0159244887241,-8.29540427318864],[-36.0177685710627,-8.29540427318864],[-36.0175306248384,-8.2945119748477],[-36.016816787065,-8.29457146230311],[-36.0168762736211,-8.29400634002053],[-36.0176198546725,-8.29364942068418],[-36.0183634366232,-8.29013971567533],[-36.0193449638989,-8.28990177035036],[-36.019282118375,-8.28875130722703],[-36.0182147202331,-8.28865255267312],[-36.0182742067892,-8.28945562117991],[-36.0176198546725,-8.28981253961695],[-36.01779831524,-8.28576745560356],[-36.015805515612,-8.28490490233937],[-36.0154083534127,-8.2827007863122],[-36.0223468613186,-8.28096615866128],[-36.0219935113914,-8.27952063606847],[-36.0058679035808,-8.28347173103551],[-36.0059902392581,-8.28210903510383],[-36.0066445913748,-8.28199006199175],[-36.0066445913747,-8.28130596659703],[-36.0043543598658,-8.28172237159015],[-36.0044138473211,-8.28074084521383],[-36.0074774031596,-8.28041366915545],[-36.0073584300475,-8.27952137081457],[-36.0079532947087,-8.27943214098047],[-36.0080425254421,-8.28083007504792],[-36.0088158488723,-8.28062187210167],[-36.0087563632155,-8.2790157359874],[-36.010808647601,-8.27851010026085],[-36.0147347594016,-8.2734240024157],[-36.0145860421121,-8.2727280098897],[-36.0172926786142,-8.27240083383139],[-36.0171737064014,-8.27201417211633],[-36.018095747121,-8.27130033344362],[-36.0176198546725,-8.26933727799291],[-36.0171737064014,-8.26945625110505],[-36.0166680706749,-8.27064598132694],[-36.0169655025559,-8.27150853638979],[-36.0164896110067,-8.27165725188063],[-36.0147645017803,-8.26984291282015],[-36.0154783395537,-8.26942650782702],[-36.0151511643947,-8.26844497965203],[-36.0160137185582,-8.26787985826877],[-36.0155675702871,-8.26710653304003],[-36.0149429623478,-8.26713627721739],[-36.014467069,-8.26773114187866],[-36.014080407285,-8.26725525032947],[-36.0127419597736,-8.26725525032947],[-36.0134260551683,-8.26648192510072],[-36.0133963118902,-8.26526245070148],[-36.0139911765515,-8.26520296414543],[-36.014437325722,-8.26439989563863],[-36.0144075833432,-8.26094967808513],[-36.0121173518343,-8.26157428602444],[-36.0097676337692,-8.26303170574859],[-36.0097378913905,-8.26416195031374],[-36.0092322547647,-8.2641322070357],[-36.0086671333814,-8.26547065364771],[-36.0081317543769,-8.26535168143488],[-36.0079830379868,-8.26591680281814],[-36.0103327560518,-8.2662439788765],[-36.0099758367155,-8.26987265699746],[-36.0071502271012,-8.26921830488084],[-36.0074774031596,-8.26782037171275],[-36.0060497258141,-8.26764191204455],[-36.0061092132695,-8.26704704738332],[-36.0038784683166,-8.26674961370367],[-36.0039974414287,-8.26526245070148],[-36.0036702653704,-8.26511373521067],[-36.0031348863658,-8.26731473598624],[-36.0022723322023,-8.26710653304003],[-36.0015287502516,-8.26826651998386],[-36.0034323191461,-8.26862344021954],[-36.0028552997322,-8.27021767920246],[-36.0036286240617,-8.27090177369787],[-36.0035393951269,-8.27152638163717],[-36.0018440291786,-8.27060434091754],[-36.0024983803959,-8.26947409725176],[-36.0019630022906,-8.26932538086158],[-36.0012491627186,-8.27036639469333],[-36.0007435278915,-8.27009870519106],[-35.9992925509105,-8.27376721428544],[-35.9987153741152,-8.27381430008984],[-35.9988697022749,-8.27295405898259],[-35.9984532972818,-8.27247816563477],[-35.9947353893267,-8.27015819174711],[-35.9966092140439,-8.26870077202297],[-35.9962522947076,-8.26840333924264],[-35.996698443878,-8.26801667662831],[-35.9964332356053,-8.26742732660978],[-35.9951220510418,-8.26840333924264],[-35.9948543624388,-8.26971204257666],[-35.9944082132684,-8.26992024642221],[-35.9908985082595,-8.27048536780542],[-35.9905415889231,-8.27015819174711],[-35.9908687649815,-8.26855800374882],[-35.9942000103222,-8.26814159875575],[-35.9941702670441,-8.2676062197512],[-35.9936943745957,-8.26757647737248],[-35.9933969418154,-8.2644534340787],[-35.9929210502662,-8.26448317735668],[-35.9928615628108,-8.26376933868397],[-35.9933671994367,-8.26368010884989],[-35.9932184830465,-8.2622524333031],[-35.99134465743,-8.26246063624933],[-35.9931589955911,-8.2586237551821],[-35.9937836053291,-8.25826683584576],[-35.9939025784412,-8.25502482033915],[-35.9880431553673,-8.25654172572],[-35.9875672629188,-8.25746376823828],[-35.990065697374,-8.2606760395675],[-35.9904821023671,-8.26225243330311],[-35.9889354528088,-8.2635611357378],[-35.9885785343718,-8.26240114879392],[-35.9860426890188,-8.26349321264161],[-35.9836251557763,-8.26313153499229],[-35.9838982142312,-8.26226949164369],[-35.9833139759592,-8.26177654085463],[-35.9835816645621,-8.25758274135041],[-35.9846524225712,-8.25663095555411],[-35.985485234356,-8.25677967194424],[-35.9855149776341,-8.25582788794662],[-35.9835542469309,-8.25552198894862],[-35.9835439308077,-8.25514028969259],[-35.9825667085867,-8.25501942170888],[-35.9824811650737,-8.25454892789066],[-35.9814401512419,-8.25493558960574],[-35.9815888667328,-8.2556196850004],[-35.9810832310063,-8.25573865811255],[-35.9806668260132,-8.25442995477852],[-35.9802504201207,-8.25434072494444],[-35.9802504201208,-8.25487610394902],[-35.9786145407284,-8.2552925089421],[-35.9778709587776,-8.25434072494444],[-35.9789714600648,-8.25419200855431],[-35.9787632571186,-8.25315099382328],[-35.975610471446,-8.25246689932789],[-35.9747776596612,-8.25169357499847],[-35.9714166710425,-8.25249664260595],[-35.96963207526,-8.25187203376731],[-35.9685018306949,-8.2500874379848],[-35.9688290067532,-8.24990897921595],[-35.9686802912624,-8.24937360021143],[-35.9690966971548,-8.24916539726526],[-35.969572588704,-8.24979000610387],[-35.9707920631032,-8.24928437037734],[-35.9700187378744,-8.24729157164865],[-35.9693048992017,-8.2474105447608],[-35.9691859260895,-8.24681568009954],[-35.9667172358118,-8.24776746409715],[-35.965914167305,-8.24702388214639],[-35.9638321387422,-8.2477377208191],[-35.963623935796,-8.24824335564633],[-35.9625234363075,-8.24839207203645],[-35.9624936921301,-8.24928437037734],[-35.9630885576908,-8.24952231570227],[-35.9625829219642,-8.25068230444476],[-35.9627613816324,-8.25199100687939],[-35.963623935796,-8.25249664260595],[-35.9632967597376,-8.25261561571808],[-35.9652895593656,-8.25514379255196],[-35.965705965258,-8.25499507706109],[-35.9658249383702,-8.25442995477852],[-35.9671931282602,-8.25386483339532],[-35.9674013312064,-8.25261561571808],[-35.9664198030314,-8.2496115464357],[-35.9672228706389,-8.24928437037734],[-35.9682341420919,-8.25181254811055],[-35.9688587500312,-8.25178280393323],[-35.9694833588699,-8.25294279177638],[-35.9685613181503,-8.25374586028317],[-35.9687100336411,-8.25428123838839],[-35.9739448478764,-8.25312125144455],[-35.9747479163832,-8.25535199639745],[-35.9746289432711,-8.25612532072695],[-35.9738556189416,-8.25719607783668],[-35.9737503308131,-8.25926227473418],[-35.9720412798811,-8.26043809424261],[-35.9729930638787,-8.261151932016],[-35.9725766579863,-8.26168731102053],[-35.973231010103,-8.26254986518411],[-35.9724576848742,-8.26234166313719],[-35.9715356441546,-8.26326370385682],[-35.9718925625916,-8.26350165008103],[-35.9728146042105,-8.26296627107651],[-35.9734094697712,-8.26400728490824],[-35.974017913296,-8.26400728490824],[-35.9738055896562,-8.26556193303675],[-35.9719729691772,-8.26570205640475],[-35.9720443528646,-8.26488114175125],[-35.9716160498408,-8.26491683404458],[-35.971152055423,-8.26597990285018],[-35.9704612735689,-8.26602307570431],[-35.9703756572108,-8.2644534340787],[-35.9697807916502,-8.26442369080063],[-35.9697510483721,-8.26501855636121],[-35.9690372096994,-8.26463189374688],[-35.9664495463095,-8.26454266391278],[-35.9660926269731,-8.26528624586354],[-35.9657062818194,-8.2647683442836],[-35.9653255682203,-8.26310272071397],[-35.9664677090175,-8.26276959743894],[-35.9663963262294,-8.26234129441514],[-35.9658728443562,-8.26234129441514],[-35.9658966386189,-8.26160366058044],[-35.9667770389291,-8.26160366058044],[-35.967609850714,-8.26096120559509],[-35.9675384670266,-8.25960491373576],[-35.9667532446665,-8.25948594062363],[-35.9667056561411,-8.25903384333714],[-35.9673719053891,-8.2588672808003],[-35.9673005208023,-8.2567971502682],[-35.9660394059937,-8.25682094363163],[-35.965634898132,-8.25751098804164],[-35.9660632011557,-8.25970009168583],[-35.9658728443562,-8.26103259018186],[-35.9651590056835,-8.26100879591918],[-35.9641593148005,-8.26204423035689],[-35.9627911249104,-8.26189551396674],[-35.9625829219642,-8.26266883829618],[-35.9639808551323,-8.26281755468638],[-35.9632670173589,-8.26353139335909],[-35.9632670173589,-8.26409651474235],[-35.9639511118543,-8.26460215136815],[-35.9624936921301,-8.26472112358096],[-35.9621228180136,-8.26557390031519],[-35.9616793820978,-8.26549327519445],[-35.9613337051863,-8.26454266391278],[-35.9607388396257,-8.26460215136815],[-35.9601737182425,-8.26326370385682],[-35.958775784175,-8.26243089207196],[-35.9583891215607,-8.26281755468638],[-35.9577645136214,-8.26243089207196],[-35.9579727156682,-8.26195499962347],[-35.956098890951,-8.2593078496775],[-35.9582106618925,-8.25880221395096],[-35.9577942568994,-8.25719607783668],[-35.956465267558,-8.25616306167593],[-35.9543832389953,-8.25622254913128],[-35.9544724688293,-8.25265335666707],[-35.9528960759931,-8.25247489699888],[-35.9527176172242,-8.25649023773422],[-35.9562856792407,-8.26039109926979],[-35.9544082842149,-8.26171169973508],[-35.9552648902624,-8.26313937708056],[-35.9548365872387,-8.26353198781095],[-35.9513387793612,-8.26381752256055],[-35.9496969509535,-8.26114063023584],[-35.9484120418822,-8.26292522511897],[-35.9488760371993,-8.26353198781095],[-35.9483049659014,-8.26381752256054],[-35.9483763495888,-8.26456705262734],[-35.9475554358347,-8.26467412860808],[-35.9472342087916,-8.26574488661721],[-35.9475197444406,-8.26635164930912],[-35.9484120418822,-8.26631595701576],[-35.9484834255696,-8.26881439057163],[-35.9468672431287,-8.26849959907721],[-35.9466959222789,-8.26908970542552],[-35.9469243500786,-8.27148820181902],[-35.9473110387734,-8.27011624017229],[-35.9484120418822,-8.27045621897929],[-35.9489474208867,-8.27238358303589],[-35.9509461677314,-8.27256204180476],[-35.9512317033804,-8.27320449679008],[-35.9515172390293,-8.27281188605963],[-35.9520883094279,-8.27302603712191],[-35.9516243141107,-8.27395402685681],[-35.9510889360055,-8.27398971915016],[-35.9510175523181,-8.27513185994735],[-35.950553557001,-8.27506047715923],[-35.950553557001,-8.27402541144351],[-35.9500538702898,-8.273490032439],[-35.947948046565,-8.27366849210718],[-35.9470518442671,-8.27414126930409],[-35.9465988926248,-8.2756672389519],[-35.9460992059136,-8.27502478486588],[-35.9444930697993,-8.27541739559627],[-35.9440331187334,-8.27513335372124],[-35.9429267053031,-8.27661456860739],[-35.9433150001871,-8.27673200028153],[-35.9431010847472,-8.27727337506616],[-35.9419232516567,-8.27766598579655],[-35.9420597210792,-8.27635234788249],[-35.9368084933173,-8.27464644277905],[-35.9368549999582,-8.27338295735758],[-35.9374260712561,-8.27334726506415],[-35.937604530025,-8.2719552800121],[-35.9367479239775,-8.27113436625797],[-35.9359983939107,-8.27109867396456],[-35.9358913179299,-8.27070606323419],[-35.9367479239775,-8.27081313921497],[-35.9366308889043,-8.26957256672052],[-35.9340353393593,-8.26959961383109],[-35.9336427277296,-8.27238358303589],[-35.9303590709143,-8.2720623559929],[-35.9298950773959,-8.27398971915016],[-35.934334362141,-8.27464812720929],[-35.9340491061812,-8.27679383406815],[-35.9310883590405,-8.27608737972872],[-35.9300047407261,-8.27518837874067],[-35.9270780041465,-8.2742841841677],[-35.926221398099,-8.27447454096724],[-35.926124106742,-8.27534296680443],[-35.9232563800778,-8.27502478486588],[-35.923113612703,-8.27448940586136],[-35.9235869187013,-8.27406966708144],[-35.9245769814425,-8.2740611028376],[-35.9245412891491,-8.27363279981382],[-35.9229080159921,-8.27351354431461],[-35.9223283912422,-8.27263342639146],[-35.9204367185797,-8.27299034482849],[-35.9211862486464,-8.2756672389519],[-35.9199370318685,-8.27638107672528],[-35.9188305833647,-8.27817995014455],[-35.9190804258209,-8.27935778323508],[-35.9198299558877,-8.2797860862588],[-35.9207579456227,-8.28135653007974],[-35.9213647092139,-8.28099961074338],[-35.9217069147423,-8.28133118988244],[-35.9206960201052,-8.28380347564986],[-35.9217480119612,-8.28389720659077],[-35.9217804289236,-8.28279501727617],[-35.9223283912422,-8.28271282283847],[-35.9233277637653,-8.28328389413634],[-35.9234850183189,-8.28508693681268],[-35.9265545231727,-8.28499175886253],[-35.9266165458169,-8.28443354697056],[-35.9273966420414,-8.28506848991886],[-35.9298593851025,-8.28535402466843],[-35.9298950773959,-8.28471156968316],[-35.927753562277,-8.28428326665936],[-35.9272181832725,-8.28339097011712],[-35.9274608878097,-8.28274851513182],[-35.9294953269477,-8.2821417524399],[-35.9319937614029,-8.28317681815562],[-35.9323863721333,-8.28410480789051],[-35.933064519412,-8.28442603493351],[-35.9332786695749,-8.28524694868771],[-35.9311230881599,-8.28582456974806],[-35.9325648318015,-8.28653185775897],[-35.9333143618683,-8.28624632300939],[-35.9348491142951,-8.28360512117934],[-35.9397611924251,-8.28044363996197],[-35.9411094758216,-8.27903655619207]]]}},{"type":"Feature","properties":{"id":"610","municipality":"2604106","density":"Densa","type":"Área urbanizada","state":"PE"},"geometry":{"type":"Polygon","coordinates":[[[-35.9916359325522,-8.3076494223829],[-35.9914360582275,-8.30696413718517],[-35.9900877766295,-8.30726912337133],[-35.9905549141779,-8.30947685467307],[-35.9874973262405,-8.3102365048108],[-35.988373434986,-8.3132494665896],[-35.9891427015744,-8.31318536111548],[-35.9897196517405,-8.31250156879229],[-35.9896555471657,-8.31100577229854],[-35.9926121942973,-8.31006294464913],[-35.9935327781152,-8.3107760458778],[-35.9947213194333,-8.31071180100879],[-35.9948498100707,-8.30997297827031],[-35.9940146186797,-8.31032632819746],[-35.9938218831733,-8.30945901392231],[-35.9930604047139,-8.3094717681076],[-35.9929493950984,-8.30904854535403],[-35.9937768927893,-8.30813301212873],[-35.9936061259219,-8.30759231543296],[-35.9921213434252,-8.30684992328533],[-35.992292664275,-8.30754948432123],[-35.9916359325522,-8.3076494223829]]]}},{"type":"Feature","properties":{"id":"611","municipality":"2604106","density":"Densa","type":"Área urbanizada","state":"PE"},"geometry":{"type":"Polygon","coordinates":[[[-36.0545473947464,-8.01259417528092],[-36.0520132688972,-8.0117375692334],[-36.0506212838451,-8.01220156365124],[-36.0492649910865,-8.01184464521419],[-36.049800370091,-8.01055973614285],[-36.0485154610197,-8.01009574082571],[-36.0479800820151,-8.0117375692334],[-36.0502286731147,-8.01312955428545],[-36.0495862181294,-8.01541383587978],[-36.0496932941102,-8.01594921488431],[-36.0507997444127,-8.01627044192732],[-36.0509068185947,-8.01698428060003],[-36.0529412577328,-8.01712704797484],[-36.0534409453433,-8.01584213890356],[-36.0559036866058,-8.01523537711092],[-36.0576168987009,-8.013986160333],[-36.0579381266432,-8.01284401773718],[-36.0545473947464,-8.01259417528092]]]}},{"type":"Feature","properties":{"id":"612","municipality":"2604106","density":"Densa","type":"Área urbanizada","state":"PE"},"geometry":{"type":"Polygon","coordinates":[[[-35.9545131901316,-8.30000615805773],[-35.9537755571961,-8.30000615805773],[-35.9537755571961,-8.30098173721736],[-35.9534662272845,-8.30098173721736],[-35.9543228333321,-8.30248079735088],[-35.9548939037306,-8.30219526170193],[-35.9551318499548,-8.30105312000546],[-35.9557029203535,-8.30055343419359],[-35.9554887692912,-8.29931611364772],[-35.9545131901316,-8.30000615805773]]]}},{"type":"Feature","properties":{"id":"613","municipality":"2604106","density":"Densa","type":"Área urbanizada","state":"PE"},"geometry":{"type":"Polygon","coordinates":[[[-36.1551640569756,-8.16140708426946],[-36.1545484053846,-8.16178820166414],[-36.1539913868929,-8.16134845117007],[-36.1537861687966,-8.16164161756656],[-36.1533757353019,-8.16102596597552],[-36.1531118841061,-8.16219863695749],[-36.1518219460259,-8.16378174233347],[-36.1529066660098,-8.16457329502151],[-36.1529653000085,-8.16384037633225],[-36.15419660409,-8.1636644752353],[-36.1546656715834,-8.16498373031489],[-36.1553106410732,-8.16504236341428],[-36.1555158582702,-8.16351789113772],[-36.15619014386,-8.16340062403953],[-36.1557797085666,-8.16172956856469],[-36.1551640569756,-8.16140708426946]]]}},{"type":"Feature","properties":{"id":"614","municipality":"2604106","density":"Densa","type":"Vazio intraurbano","state":"PE"},"geometry":{"type":"Polygon","coordinates":[[[-35.9402977306557,-8.28071311192053],[-35.9409877750657,-8.27980891734764],[-35.942651942633,-8.28004249916194],[-35.9436311757381,-8.28152000884133],[-35.9440689971864,-8.28153904479102],[-35.9440309252869,-8.28275732938722],[-35.9453645281504,-8.28461106414927],[-35.9464709775535,-8.28432552760096],[-35.9484697252975,-8.28475383062472],[-35.9491134537229,-8.28344261368562],[-35.9511679720242,-8.28407346381927],[-35.9527853559594,-8.2852013593552],[-35.9524898756072,-8.28616159787942],[-35.9538794064094,-8.28666056873023],[-35.953197657346,-8.2887950331642],[-35.9526160208127,-8.2891913922689],[-35.9511526727576,-8.2888721833046],[-35.9508488197172,-8.29029795678527],[-35.953805101724,-8.29071486629801],[-35.9536110001475,-8.28970799972439],[-35.9541020003071,-8.28974899981644],[-35.9546306487854,-8.28656903483307],[-35.953171999688,-8.28496000020379],[-35.9530662681936,-8.28399773190978],[-35.952388120915,-8.2838192722416],[-35.9524192644375,-8.28320716308007],[-35.95067490882,-8.28267713144441],[-35.9508023913173,-8.28207459916337],[-35.9484129178219,-8.28112493396849],[-35.9486761619752,-8.28246298038222],[-35.9471771018418,-8.2821417524399],[-35.9471414104477,-8.28149929835387],[-35.9477481722403,-8.28146360606054],[-35.9478538039099,-8.28087735600514],[-35.946511995632,-8.28026005865474],[-35.946142036126,-8.28089253476265],[-35.9447500519733,-8.28099961074338],[-35.9448214347614,-8.2793934746291],[-35.9444645163243,-8.27910793987947],[-35.9432152986471,-8.27935778323508],[-35.9411094758216,-8.27903655619207],[-35.9397611924251,-8.28044363996197],[-35.9402977306557,-8.28071311192053]]]}},{"type":"Feature","properties":{"id":"615","municipality":"2604106","density":"Densa","type":"Área urbanizada","state":"PE"},"geometry":{"type":"Polygon","coordinates":[[[-35.9762077831626,-8.09681198958163],[-35.9765801213754,-8.09817722879604],[-35.9759905860966,-8.10065948264895],[-35.9769834870982,-8.10028714533542],[-35.9769214311791,-8.09873573566563],[-35.9780384449182,-8.09594320131765],[-35.9773558253111,-8.09575703176154],[-35.9770145146081,-8.09681198958163],[-35.9762077831626,-8.09681198958163]]]}},{"type":"Feature","properties":{"id":"616","municipality":"2604106","density":"Densa","type":"Área urbanizada","state":"PE"},"geometry":{"type":"Polygon","coordinates":[[[-36.0213307730967,-8.30592639958365],[-36.020436096049,-8.30474618688699],[-36.0195794900014,-8.30537436513483],[-36.018380241355,-8.30533629323532],[-36.018022125021,-8.3046497318996],[-36.0176568851571,-8.30472715093719],[-36.0174472405976,-8.3061691895564],[-36.0171429217085,-8.30604061438282],[-36.0173332776087,-8.30491750773672],[-36.0165908872596,-8.30503172163662],[-36.0164041583252,-8.30672858315758],[-36.014027075689,-8.30611825105637],[-36.0138343401826,-8.30746740499671],[-36.0154404762969,-8.30788500069219],[-36.0159223168614,-8.30746740499671],[-36.0165326480632,-8.30759589563407],[-36.0167575082523,-8.3069855653315],[-36.0174642072073,-8.30714617795371],[-36.0174642072073,-8.30804561511297],[-36.0168859979904,-8.30884868272051],[-36.0177533122655,-8.30936264616913],[-36.017656943613,-8.30994085538613],[-36.0183636443667,-8.30997297827031],[-36.018620624742,-8.30865594631486],[-36.01913458909,-8.30859170144584],[-36.0190382213368,-8.30945901392231],[-36.0199055338133,-8.30968387321213],[-36.0197770440753,-8.31029420531326],[-36.0205158659144,-8.3105190637038],[-36.0208692158416,-8.30846320990918],[-36.0232051859705,-8.30902671611],[-36.0228916993923,-8.30984775127269],[-36.0230059132922,-8.31026653587191],[-36.0235198767409,-8.31024750082144],[-36.0235198767408,-8.31095182106964],[-36.0219399153947,-8.31059014342032],[-36.0213998428284,-8.31316871466441],[-36.0240909480388,-8.31390235281128],[-36.0241480549887,-8.31306478271353],[-36.0248143042367,-8.31306478271353],[-36.0250617679862,-8.31163710626738],[-36.0260135519838,-8.31083760716979],[-36.0249475540863,-8.31070435732016],[-36.024738161337,-8.30961932257361],[-36.0255947673846,-8.31024750082144],[-36.026432336583,-8.31039978572148],[-36.0265465513822,-8.31001907302175],[-36.0246850230953,-8.30922549685916],[-36.0241136109543,-8.30798136934465],[-36.024585876437,-8.30710661228028],[-36.024071912089,-8.30634518508221],[-36.0243193758385,-8.30470811588681],[-36.0239576981892,-8.30409897358875],[-36.0233485558911,-8.30407993763897],[-36.0232724129914,-8.30482232978666],[-36.0224348428936,-8.30493654368651],[-36.0224538788434,-8.30564086393469],[-36.0213307730967,-8.30592639958365]],[[-36.0232343419913,-8.30668782678174],[-36.0237673413896,-8.3068020406816],[-36.0237498360861,-8.30727466859107],[-36.0223789842027,-8.30724254570685],[-36.022250492666,-8.30830259638766],[-36.0208370929574,-8.30801349222884],[-36.0209119875981,-8.30657361288189],[-36.022739413593,-8.30596447058384],[-36.0235198767408,-8.30609772133272],[-36.0232343419913,-8.30668782678174]]]}},{"type":"Feature","properties":{"id":"617","municipality":"2604106","density":"Densa","type":"Área urbanizada","state":"PE"},"geometry":{"type":"Polygon","coordinates":[[[-36.0613914117842,-8.13540033375837],[-36.0586820098668,-8.13548680357308],[-36.0592008323525,-8.13640915365949],[-36.0575002494369,-8.13632268384475],[-36.0570102511222,-8.13672621234479],[-36.0571831916509,-8.13710091577463],[-36.0566067226221,-8.13730267957494],[-36.0549926113199,-8.13707209340237],[-36.0548773173343,-8.13785032623151],[-36.0555690803487,-8.13813855984661],[-36.0562031950214,-8.13972384877656],[-36.0564049588218,-8.13929149700493],[-36.0584802460664,-8.13859973488978],[-36.058422598624,-8.13790797277466],[-36.0600078875539,-8.13747562100303],[-36.0604690625971,-8.13666856490233],[-36.0628037601853,-8.13577503898683],[-36.0626308196565,-8.13479504235726],[-36.0613914117842,-8.13540033375837]]]}},{"type":"Feature","properties":{"id":"618","municipality":"2604106","density":"Densa","type":"Área urbanizada","state":"PE"},"geometry":{"type":"Polygon","coordinates":[[[-36.0058830877343,-8.01306425181373],[-36.0047983677504,-8.01376785440289],[-36.0045345165546,-8.01658226386036],[-36.0054726542396,-8.01655294686094],[-36.0058830877343,-8.01406102169877],[-36.0064987402246,-8.01382648840166],[-36.0064694241246,-8.01335741910958],[-36.0058830877343,-8.01306425181373]]]}},{"type":"Feature","properties":{"id":"619","municipality":"2606002","density":"Densa","type":"Área urbanizada","state":"PE"},"geometry":{"type":"Polygon","coordinates":[[[-36.6214088479999,-8.95779647199994],[-36.622134584,-8.95749903999996],[-36.620968648,-8.95702314699997],[-36.618244165,-8.95751093699994],[-36.618291754,-8.95870066699995],[-36.6179229379999,-8.95909327899994],[-36.618624879,-8.95974762999999],[-36.621099518,-8.95973573299994],[-36.6214088479999,-8.95779647199994]]]}},{"type":"Feature","properties":{"id":"620","municipality":"2606002","density":"Densa","type":"Outros equipamentos urbanos","state":"PE"},"geometry":{"type":"Polygon","coordinates":[[[-36.495097121,-8.91710053199996],[-36.493372012,-8.91674361299995],[-36.49399662,-8.91849846499996],[-36.496286852,-8.91814154599995],[-36.496465311,-8.91742770799994],[-36.4960489059999,-8.91727899199999],[-36.495810959,-8.91623797799997],[-36.4951268639999,-8.91614874799996],[-36.495097121,-8.91710053199996]]]}},{"type":"Feature","properties":{"id":"621","municipality":"2606002","density":"Densa","type":"Área urbanizada","state":"PE"},"geometry":{"type":"Polygon","coordinates":[[[-36.507503153,-8.86738550499996],[-36.5082407859999,-8.86543434699997],[-36.50738418,-8.86512501699997],[-36.50769351,-8.86414943799999],[-36.5071224399999,-8.86393528599997],[-36.5073127969999,-8.86350698299997],[-36.5067893149999,-8.86336421599998],[-36.506575164,-8.86374492899995],[-36.504814363,-8.86319765299994],[-36.5050047189999,-8.86269796699998],[-36.5027204369999,-8.86196033399995],[-36.5028869989999,-8.86134167399996],[-36.5019114199999,-8.86103234399997],[-36.501435528,-8.86212689599996],[-36.49917504,-8.86146064699996],[-36.498770532,-8.86255519899992],[-36.497913926,-8.86243622599995],[-36.497414239,-8.86362595599998],[-36.496605222,-8.86334042099998],[-36.4960579459999,-8.86464912499998],[-36.495082367,-8.86426841099997],[-36.4934405389999,-8.86700479099995],[-36.4935833069999,-8.86850385099997],[-36.4942019659999,-8.86914630599996],[-36.4952013399999,-8.86890835999997],[-36.4961769189999,-8.86928907399993],[-36.496962141,-8.86919389499997],[-36.4976521849999,-8.86738550499996],[-36.501007225,-8.86826590499995],[-36.5012451709999,-8.86769483499994],[-36.5021255719999,-8.86790898599999],[-36.502292134,-8.86750447799995],[-36.5056947629999,-8.86871800299998],[-36.5062896279999,-8.866957202],[-36.507503153,-8.86738550499996]]]}},{"type":"Feature","properties":{"id":"622","municipality":"2606002","density":"Densa","type":"Outros equipamentos urbanos","state":"PE"},"geometry":{"type":"Polygon","coordinates":[[[-36.531726067,-8.87400635499996],[-36.531101458,-8.87192432699995],[-36.5296142949999,-8.87183509699997],[-36.5292871189999,-8.87263816499997],[-36.5296142949999,-8.87394686799996],[-36.531726067,-8.87400635499996]]]}},{"type":"Feature","properties":{"id":"623","municipality":"2606002","density":"Densa","type":"Área urbanizada","state":"PE"},"geometry":{"type":"Polygon","coordinates":[[[-36.4830980089999,-8.80120600599998],[-36.4850893199999,-8.80111082699995],[-36.486561448,-8.79726707499998],[-36.4842829799999,-8.79616630699998],[-36.482769643,-8.79623769099993],[-36.4829266879999,-8.79779385799998],[-36.482441277,-8.79795090299997],[-36.4823270629999,-8.79867901799997],[-36.4813562429999,-8.79887889299995],[-36.481970144,-8.80042078299993],[-36.4830980089999,-8.80120600599998]]]}},{"type":"Feature","properties":{"id":"624","municipality":"2606002","density":"Densa","type":"Outros equipamentos urbanos","state":"PE"},"geometry":{"type":"Polygon","coordinates":[[[-36.522416425,-8.87614786999997],[-36.524349737,-8.87641555899996],[-36.524855373,-8.87585043699994],[-36.524587683,-8.87463096299997],[-36.522356939,-8.87498788299997],[-36.522416425,-8.87614786999997]]]}},{"type":"Feature","properties":{"id":"625","municipality":"2606002","density":"Densa","type":"Área urbanizada","state":"PE"},"geometry":{"type":"Polygon","coordinates":[[[-36.5057616359999,-8.87916314699994],[-36.505849428,-8.87787297899997],[-36.504362265,-8.87623709999998],[-36.5003766679999,-8.87695093799994],[-36.499841289,-8.87585043699994],[-36.499365397,-8.87647504599995],[-36.498413612,-8.87668324899996],[-36.498889505,-8.87763503299994],[-36.4970454219999,-8.87852733099994],[-36.496539787,-8.87739708699997],[-36.49511211,-8.87802169499998],[-36.4944577579999,-8.87686170799999],[-36.491453689,-8.87828938499995],[-36.489669093,-8.87739708699997],[-36.4901152419999,-8.87825964099995],[-36.48946089,-8.87950885899994],[-36.4890742279999,-8.87941962899993],[-36.488419876,-8.88182883299993],[-36.487259889,-8.88096627799997],[-36.487588503,-8.88008518799995],[-36.487170659,-8.87980629099998],[-36.487527578,-8.87906270999998],[-36.487261327,-8.87699188899997],[-36.4865474879999,-8.87696214599992],[-36.4868137399999,-8.87549351799994],[-36.487616808,-8.87543403199994],[-36.4877060379999,-8.87501762599995],[-36.4868732269999,-8.87430378799997],[-36.486218875,-8.87403609799999],[-36.4859214419999,-8.87469044999994],[-36.485177861,-8.87463096299997],[-36.484850685,-8.87903296599995],[-36.483333778,-8.87858681699993],[-36.48309727,-8.87651599699995],[-36.4819670259999,-8.87657548299996],[-36.483036346,-8.87498788299997],[-36.483127013,-8.87416627899995],[-36.482025075,-8.87379815199996],[-36.48134098,-8.87537454499994],[-36.4812220069999,-8.87704016799997],[-36.4805379119999,-8.87805143899994],[-36.4806866279999,-8.87873553399994],[-36.478783059,-8.87927091199998],[-36.4780692209999,-8.87712939799996],[-36.478158451,-8.87534480199998],[-36.478634343,-8.87439301699994],[-36.4757492459999,-8.87311405699995],[-36.4753030969999,-8.87251919199999],[-36.476225139,-8.87100228499997],[-36.474916435,-8.87055613599995],[-36.474172853,-8.87287611099992],[-36.472655947,-8.87296534099994],[-36.4714662169999,-8.87364943599995],[-36.4682836869999,-8.87299508399997],[-36.464744239,-8.87085356899998],[-36.465428334,-8.86996127099996],[-36.464744239,-8.86948537899997],[-36.4616806829999,-8.86951512199995],[-36.461175048,-8.86663002599994],[-36.4594796819999,-8.86689771499995],[-36.459598655,-8.87037767699996],[-36.457308424,-8.87091305599995],[-36.4562674089999,-8.86743309399999],[-36.4545422999999,-8.86612438999999],[-36.453824706,-8.86788910499997],[-36.4543043539999,-8.86915820299993],[-36.455166909,-8.86939614899995],[-36.455613058,-8.87159715099997],[-36.454691016,-8.87201355599996],[-36.454839733,-8.87251919199999],[-36.4579925189999,-8.87183509699997],[-36.4583791809999,-8.87397661199999],[-36.456832531,-8.87418481499998],[-36.4570704769999,-8.87555300499998],[-36.458617127,-8.87534480199998],[-36.4587955869999,-8.87665350499998],[-36.460609926,-8.87653453199993],[-36.460758642,-8.87775400599998],[-36.458200721,-8.87831912799995],[-36.4584386679999,-8.88016320999999],[-36.460342236,-8.87983603399993],[-36.4604314659999,-8.88182883299993],[-36.4539474349999,-8.88233446799997],[-36.4538879479999,-8.88153139999998],[-36.451686947,-8.88179908999998],[-36.451092082,-8.88263190099998],[-36.4514192579999,-8.88492213199993],[-36.4521330959999,-8.88477341599997],[-36.4522520689999,-8.88652826799995],[-36.453560772,-8.88688518799995],[-36.453531029,-8.88539802499998],[-36.4582304649999,-8.88495187599994],[-36.458260208,-8.88623083599999],[-36.45891456,-8.88617134899995],[-36.458974046,-8.88745030999997],[-36.45326334,-8.88831286399994],[-36.45326334,-8.89051386599995],[-36.449813121,-8.89063283899997],[-36.449932094,-8.89191179899996],[-36.451657204,-8.89167385299993],[-36.452073609,-8.89322050299995],[-36.4529956499999,-8.89304204299999],[-36.4532930829999,-8.89461843599997],[-36.454274611,-8.89443997599995],[-36.4546612729999,-8.89637328799995],[-36.4583196939999,-8.89562970699996],[-36.458765843,-8.89316101599998],[-36.462602724,-8.88971079799995],[-36.46438732,-8.88721236399993],[-36.4648037259999,-8.88977028399996],[-36.4684324039999,-8.89182256899996],[-36.4682242009999,-8.89268512399997],[-36.4665585779999,-8.89345844899998],[-36.467244111,-8.89519476599999],[-36.473072353,-8.89232820499995],[-36.473429272,-8.89250666399994],[-36.47295338,-8.89369639499994],[-36.474144548,-8.89513527899992],[-36.475570787,-8.89589739599996],[-36.476254882,-8.89536201699996],[-36.476790261,-8.89345844899998],[-36.4760169359999,-8.89194154199993],[-36.4773851259999,-8.88798568799996],[-36.478009734,-8.88762876899995],[-36.4787830589999,-8.88959182499998],[-36.478783059,-8.89327998899994],[-36.481906102,-8.89411279999996],[-36.4829173729999,-8.89530253099997],[-36.484612739,-8.89592713899997],[-36.485802469,-8.89497535499993],[-36.4852373469999,-8.89411279999996],[-36.4866650239999,-8.89390459799994],[-36.487170659,-8.89589739599997],[-36.488509106,-8.89562970699998],[-36.4892824309999,-8.89836608699995],[-36.487706038,-8.898960952],[-36.4874978349999,-8.89720609999995],[-36.485415807,-8.89729532999997],[-36.485326577,-8.89786045199999],[-36.48407736,-8.89866351999995],[-36.4835122379999,-8.89875274899994],[-36.4833040349999,-8.89783070799997],[-36.4812220069999,-8.89833634399997],[-36.4816681559999,-8.90041837199995],[-36.480775858,-8.90083477799995],[-36.481103034,-8.90190553499998],[-36.4787830589999,-8.90354141499996],[-36.477979991,-8.90190553499998],[-36.476998463,-8.90318449599994],[-36.475630273,-8.90731880899995],[-36.475838476,-8.90761624199998],[-36.4762846249999,-8.90740803899996],[-36.477206666,-8.90946032399997],[-36.4759871919999,-8.91029313499997],[-36.474946178,-8.90883571499995],[-36.4745297729999,-8.90904391799996],[-36.4739943939999,-8.90844905299998],[-36.4731927629999,-8.90893615299995],[-36.4703076669999,-8.90515875799997],[-36.4706928919999,-8.90473114499999],[-36.469919567,-8.90371987399994],[-36.4689677819999,-8.90431473999997],[-36.468551377,-8.90386859099995],[-36.468045741,-8.90428499599994],[-36.4687000929999,-8.90523678099994],[-36.46840266,-8.90550446999992],[-36.471704163,-8.90940083699998],[-36.4722097979999,-8.90907366199996],[-36.473488758,-8.91127466299999],[-36.474440543,-8.91198850099994],[-36.475184124,-8.91157209599994],[-36.4772364089999,-8.91404078599993],[-36.482203534,-8.91725305899997],[-36.483274292,-8.91573615199997],[-36.4822630209999,-8.91496282799996],[-36.482976859,-8.91398129999994],[-36.4836906969999,-8.914308476],[-36.484761455,-8.91297002899995],[-36.485891699,-8.91344592099996],[-36.4861296449999,-8.91427873199996],[-36.4867542529999,-8.91401104299995],[-36.4870219429999,-8.91451667899999],[-36.488211673,-8.91389206999997],[-36.4883901329999,-8.91451667899999],[-36.487468092,-8.91514128699992],[-36.487735781,-8.91615255799997],[-36.487200402,-8.91656896399998],[-36.487884497,-8.91728280199995],[-36.4888660249999,-8.91665819299994],[-36.4888065389999,-8.91549820599995],[-36.4933572579999,-8.91460590799994],[-36.4930598249999,-8.91350540799994],[-36.488717309,-8.91433821899995],[-36.4885983359999,-8.91338643499996],[-36.4895501199999,-8.91329720499994],[-36.489312174,-8.91127466299999],[-36.488717309,-8.91127466299999],[-36.4886578219999,-8.91044185199996],[-36.4895798629999,-8.91035262199994],[-36.4900260119999,-8.91198850099994],[-36.490948054,-8.91189927099998],[-36.4906208779999,-8.90957929699995],[-36.492018811,-8.91050133799998],[-36.4925244459999,-8.91008493199996],[-36.495974665,-8.91148286599999],[-36.4964803,-8.91047159499994],[-36.4960936379999,-8.90954955399997],[-36.49784849,-8.90681317399998],[-36.499424883,-8.90844905299998],[-36.5007038439999,-8.90761624199998],[-36.504392008,-8.91383258399999],[-36.5054032789999,-8.91317823199995],[-36.504481238,-8.91207773099995],[-36.5056114819999,-8.91124491999996],[-36.5007038439999,-8.90618856499998],[-36.5031130479999,-8.90490960499996],[-36.502815615,-8.90434448299995],[-36.503648427,-8.90196502199997],[-36.5024289529999,-8.90235168399995],[-36.502191007,-8.90077529099996],[-36.503618683,-8.90041837199995],[-36.504600211,-8.89934761499997],[-36.5026371559999,-8.89732507299995],[-36.50349971,-8.89649226099993],[-36.5032617639999,-8.89539176099993],[-36.502191007,-8.89417228699996],[-36.501506912,-8.89461843599997],[-36.5011202489999,-8.89441023299999],[-36.5014176819999,-8.89414254399997],[-36.499038221,-8.89182256899996],[-36.501566398,-8.89113847399996],[-36.5033212509999,-8.89152513699997],[-36.504748927,-8.89259589399995],[-36.504689441,-8.89333947599993],[-36.5053140489999,-8.89363690799997],[-36.5046299539999,-8.89503484199998],[-36.5054627659999,-8.89595688299994],[-36.506057631,-8.89589739599997],[-36.508526322,-8.89762250499996],[-36.509835025,-8.89702764],[-36.508794011,-8.89604611299995],[-36.508794011,-8.89562970699997],[-36.509388876,-8.89548099099995],[-36.5092699029999,-8.89512407099996],[-36.5123943839999,-8.89474861699994],[-36.513167708,-8.89507579199995],[-36.512809352,-8.89652200499995],[-36.5155754749999,-8.89687892399996],[-36.5163487999999,-8.89545124699994],[-36.512660635,-8.89414254399997],[-36.5125416619999,-8.89375588099995],[-36.5087047809999,-8.89411279999996],[-36.509388876,-8.89125744699994],[-36.507574537,-8.89036514899993],[-36.507158132,-8.89087078499997],[-36.506533523,-8.89054360899998],[-36.5048381569999,-8.89179282599997],[-36.5040053459999,-8.89173333899993],[-36.506176604,-8.88887798599997],[-36.504659698,-8.88938362199997],[-36.504124319,-8.88881849999996],[-36.5025181829999,-8.88905644599993],[-36.502458696,-8.88798568799996],[-36.5066227529999,-8.88679595799994],[-36.507425821,-8.88221549499997],[-36.507277105,-8.88010372399998],[-36.5097160519999,-8.87897347999996],[-36.511768337,-8.87879501999994],[-36.5121861809999,-8.87833033599999],[-36.5087954489999,-8.87734880799998],[-36.5087047809999,-8.87808118199996],[-36.5068904419999,-8.87933039899998],[-36.5057616359999,-8.87916314699994]]]}},{"type":"Feature","properties":{"id":"626","municipality":"2611101","density":"Densa","type":"Área urbanizada","state":"PE"},"geometry":{"type":"Polygon","coordinates":[[[-40.5226507890027,-9.35257917928567],[-40.5229363237523,-9.35011643712381],[-40.5193314407933,-9.34925983107633],[-40.51940282538,-9.34865306838435],[-40.5182963750776,-9.34847460871617],[-40.518332067371,-9.34765369496199],[-40.5149413345749,-9.34722539193826],[-40.5151911788298,-9.35075889120981],[-40.5160120925839,-9.35097304317135],[-40.5158693252092,-9.35247210330489],[-40.5184748347458,-9.3527933312472],[-40.518332067371,-9.35357855270799],[-40.5188674463755,-9.35372132008281],[-40.5185462193325,-9.35522038111567],[-40.5207948086335,-9.35582714290826],[-40.520652042158,-9.35686220862398],[-40.5225437130219,-9.35857542071903],[-40.5238286220932,-9.35250779469892],[-40.5226507890027,-9.35257917928567]]]}},{"type":"Feature","properties":{"id":"627","municipality":"2611101","density":"Densa","type":"Vazio intraurbano","state":"PE"},"geometry":{"type":"Polygon","coordinates":[[[-40.496393952319,-9.44153269128067],[-40.4954623931749,-9.44140420064331],[-40.4950769212629,-9.44175755057047],[-40.4947235713357,-9.441339954875],[-40.4940811163504,-9.44178967255528],[-40.4951090432477,-9.44265698683046],[-40.4941132392345,-9.44374915859674],[-40.4931495572063,-9.44301033675761],[-40.4923143658153,-9.44394189590174],[-40.490643984832,-9.44744327318848],[-40.490643984832,-9.4489851626351],[-40.4917040346135,-9.44949912698309],[-40.4923143658153,-9.44795723573783],[-40.4930210656696,-9.44811785015861],[-40.4927319624101,-9.44898516263511],[-40.4940811163504,-9.44965974140389],[-40.4957836202179,-9.44651171404435],[-40.4972612656948,-9.44763600869481],[-40.4980322113175,-9.44609411834883],[-40.4962975836665,-9.44506619055223],[-40.4977752291435,-9.44220726915012],[-40.498578296751,-9.44243212843994],[-40.4987389111718,-9.44185391922293],[-40.4969721606367,-9.44082599232564],[-40.496393952319,-9.44153269128067]]]}},{"type":"Feature","properties":{"id":"628","municipality":"2611101","density":"Densa","type":"Área urbanizada","state":"PE"},"geometry":{"type":"Polygon","coordinates":[[[-40.5291008508236,-9.42495836133924],[-40.5299360422146,-9.42511897396145],[-40.530417882779,-9.42470137916526],[-40.5311567046182,-9.42524746459879],[-40.5322488781831,-9.42425166058564],[-40.5305463743157,-9.42277401510865],[-40.5318543779771,-9.42115112012808],[-40.5291751923812,-9.41947508780505],[-40.5273277016121,-9.42318012915956],[-40.5291008508236,-9.42495836133924]]]}},{"type":"Feature","properties":{"id":"629","municipality":"2611101","density":"Densa","type":"Área urbanizada","state":"PE"},"geometry":{"type":"Polygon","coordinates":[[[-40.5096502317728,-9.29036546509412],[-40.5078061494342,-9.28637986763675],[-40.5084605006516,-9.28519013831419],[-40.508847163266,-9.28200760756499],[-40.5067056490464,-9.28078813496438],[-40.5063487288107,-9.28072864840834],[-40.5061702700419,-9.28153171601582],[-40.5043856742594,-9.28123428413488],[-40.5040584982011,-9.28620140796859],[-40.5045343897502,-9.28920547815022],[-40.5039097818109,-9.28938393781847],[-40.503969268367,-9.28977060043281],[-40.5047128503177,-9.28974085715482],[-40.506289243154,-9.29292338610533],[-40.5096502317728,-9.29036546509412]]]}},{"type":"Feature","properties":{"id":"630","municipality":"2611101","density":"Densa","type":"Área urbanizada","state":"PE"},"geometry":{"type":"Polygon","coordinates":[[[-40.3206668948613,-9.1443188077667],[-40.3178722183281,-9.14778806306861],[-40.3192213722685,-9.14839839427044],[-40.3207953863979,-9.14798079857498],[-40.323011853714,-9.14640678534483],[-40.323911289974,-9.1474025902573],[-40.3264489852324,-9.14682438104029],[-40.3265132310008,-9.14496126275204],[-40.3257744082623,-9.14409394937623],[-40.3268023351596,-9.14210234134992],[-40.3263204936958,-9.13921129526502],[-40.3286654534478,-9.13596690015226],[-40.3275090350139,-9.13500321902331],[-40.3206668948613,-9.1443188077667]]]}},{"type":"Feature","properties":{"id":"631","municipality":"2611101","density":"Densa","type":"Área urbanizada","state":"PE"},"geometry":{"type":"Polygon","coordinates":[[[-40.1324163462373,-9.1141355157414],[-40.1321450882252,-9.1124778250915],[-40.1316025704023,-9.11238740635367],[-40.1315121507651,-9.11145307100235],[-40.1296736208409,-9.11169418913545],[-40.1297640395787,-9.11262852358745],[-40.1257855809397,-9.11359299881781],[-40.1259061413553,-9.1143464948948],[-40.1293420821713,-9.1134724402009],[-40.1296434809618,-9.11452733416913],[-40.1303668371598,-9.11449719429005],[-40.130728514809,-9.11564250789537],[-40.1313011716117,-9.11567264777444],[-40.1314217311279,-9.11654670426697],[-40.1322957867211,-9.11660698312575],[-40.1323259266002,-9.11537124988326],[-40.1331095616569,-9.11531097012512],[-40.1331397024353,-9.11410537676172],[-40.1324163462373,-9.1141355157414]]]}},{"type":"Feature","properties":{"id":"632","municipality":"2611101","density":"Densa","type":"Área urbanizada","state":"PE"},"geometry":{"type":"Polygon","coordinates":[[[-40.5121202611411,-9.33865999696127],[-40.5122487517784,-9.3363792838768],[-40.5126342236904,-9.33625079323947],[-40.5112850697501,-9.33355248356021],[-40.510353510606,-9.3338737106032],[-40.508426148348,-9.33265304819958],[-40.5082655339272,-9.32934440731851],[-40.5077836933627,-9.32812374401551],[-40.5038325983957,-9.32921591578186],[-40.5030295298889,-9.33091842144796],[-40.5037683526273,-9.33181785680859],[-40.5028367943825,-9.33355248356021],[-40.5037362297431,-9.334612534241],[-40.5034792475692,-9.33493376128399],[-40.5100001606788,-9.33824240216507],[-40.5121202611411,-9.33865999696127]]]}},{"type":"Feature","properties":{"id":"633","municipality":"2611101","density":"Densa","type":"Área urbanizada","state":"PE"},"geometry":{"type":"Polygon","coordinates":[[[-40.4586604641091,-9.27789475963539],[-40.4581250851045,-9.27845988191797],[-40.4584225178848,-9.28104754530791],[-40.4596717346628,-9.28063114031482],[-40.4601178838332,-9.2796793554179],[-40.4605342897257,-9.28104754530791],[-40.4620214527278,-9.28066088269357],[-40.4621106825619,-9.27744861136427],[-40.4586604641091,-9.27789475963539]]]}},{"type":"Feature","properties":{"id":"634","municipality":"2611101","density":"Densa","type":"Área urbanizada","state":"PE"},"geometry":{"type":"Polygon","coordinates":[[[-40.1004379759318,-9.09782986275793],[-40.1002269976777,-9.09623245186612],[-40.0992323825683,-9.09439392194191],[-40.0996242009961,-9.09361028598586],[-40.0992625233467,-9.09336916695345],[-40.0981774886002,-9.09460490019593],[-40.0970020351158,-9.09403224339326],[-40.0949223861592,-9.0951474180189],[-40.094862106401,-9.09565979506347],[-40.0965800768091,-9.09668454915261],[-40.0957060221152,-9.09701608782216],[-40.095796440853,-9.09758874462484],[-40.0945004278524,-9.09804084191125],[-40.0948018266429,-9.09870391925047],[-40.0953443435666,-9.09855321895584],[-40.0959471402483,-9.09933685491188],[-40.0980267892049,-9.09882447786733],[-40.098087068963,-9.09933685491189],[-40.0985994460076,-9.09936699479097],[-40.1004379759318,-9.09782986275793]]]}},{"type":"Feature","properties":{"id":"635","municipality":"2611101","density":"Densa","type":"Área urbanizada","state":"PE"},"geometry":{"type":"Polygon","coordinates":[[[-40.2823983343156,-9.2815304003077],[-40.2821413521417,-9.28355413121813],[-40.2833298925605,-9.28435719972494],[-40.2846469254152,-9.28384323627631],[-40.2846469254152,-9.28156252319185],[-40.2823983343156,-9.2815304003077]]]}},{"type":"Feature","properties":{"id":"636","municipality":"2611101","density":"Densa","type":"Área urbanizada","state":"PE"},"geometry":{"type":"Polygon","coordinates":[[[-40.4296032006272,-9.58512524983036],[-40.4269967548963,-9.58412866700434],[-40.4269584248913,-9.58320874508747],[-40.4258468520505,-9.58290210414872],[-40.425463551102,-9.5839370169797],[-40.4223204826042,-9.58255713320511],[-40.4220905016753,-9.5839370169797],[-40.4235087163541,-9.5845119679529],[-40.4230487553957,-9.58646680270072],[-40.4240070073175,-9.58700342456837],[-40.4230870854007,-9.5890732502303],[-40.4241986573421,-9.58980152212251],[-40.4259618420653,-9.58918824024507],[-40.4266517839526,-9.58811499830846],[-40.4274567158547,-9.58876660929157],[-40.4273417249406,-9.58964820120348],[-40.4262301529991,-9.59029981308584],[-40.4267284439625,-9.59091309496331],[-40.4248885992294,-9.5922929778386],[-40.4252335701731,-9.59282959970619],[-40.4294498806075,-9.58980152212251],[-40.4304464634335,-9.58715674458807],[-40.4303698034237,-9.58589185172752],[-40.4296032006272,-9.58512524983036]]]}},{"type":"Feature","properties":{"id":"637","municipality":"2611101","density":"Densa","type":"Área urbanizada","state":"PE"},"geometry":{"type":"Polygon","coordinates":[[[-40.8348265899751,-8.81237193771472],[-40.8343447503099,-8.81124764306424],[-40.8326743684273,-8.80960938406577],[-40.8312930907035,-8.81073367871625],[-40.8303936553429,-8.80973787380378],[-40.8293014817779,-8.80932027900763],[-40.8281771871274,-8.81092641512192],[-40.8277274694471,-8.813656846786],[-40.8269886458093,-8.81468477368333],[-40.8291729911406,-8.81561633282746],[-40.8281450642433,-8.81770431040554],[-40.8308433730232,-8.81914983299834],[-40.8316143177465,-8.81847525512887],[-40.8340235223676,-8.81966379644701],[-40.8359508864242,-8.81988865483749],[-40.8364327269887,-8.81985653195335],[-40.8374927767702,-8.81853950089721],[-40.8383279672618,-8.8156484557116],[-40.8348265899751,-8.81237193771472]]]}},{"type":"Feature","properties":{"id":"638","municipality":"2611101","density":"Densa","type":"Área urbanizada","state":"PE"},"geometry":{"type":"Polygon","coordinates":[[[-40.2993912546026,-9.32817259428975],[-40.3002906908626,-9.3279798578841],[-40.3004834272683,-9.32842957556444],[-40.300997390717,-9.32804410365243],[-40.3006440407898,-9.3274016486671],[-40.3015113541656,-9.32695193098677],[-40.2993270088343,-9.32553853127815],[-40.2984596963578,-9.32634159888562],[-40.2983312048212,-9.324606972134],[-40.2965644551854,-9.32284022159889],[-40.2954722816204,-9.32248687167175],[-40.2955686511723,-9.32145894477448],[-40.294861951318,-9.32017403570313],[-40.2933200600727,-9.31988493244364],[-40.2923563780444,-9.32023828237079],[-40.2921315187546,-9.32152319144211],[-40.2933200600727,-9.32181229470161],[-40.2929345872614,-9.32303295890387],[-40.2904611377713,-9.32258324122359],[-40.2900435420757,-9.32418937733786],[-40.2887907558886,-9.32399664003287],[-40.2887907558886,-9.32457484924987],[-40.2896901921486,-9.32512093558267],[-40.2936734099998,-9.32602037184262],[-40.2937376548688,-9.32560277704649],[-40.2941552505643,-9.3256670219155],[-40.2945407233756,-9.32406088580121],[-40.2956650189254,-9.324285745091],[-40.2953759138673,-9.32682344034947],[-40.2970784186341,-9.3265343361906],[-40.2972390321556,-9.32720891316074],[-40.294926196187,-9.32804410365243],[-40.294861951318,-9.32900778478136],[-40.2955686511723,-9.33038906160584],[-40.297977854894,-9.33209156727195],[-40.2996482358773,-9.33193095285118],[-40.3004513052834,-9.33328010769076],[-40.3015434770498,-9.33392256177678],[-40.3024429133097,-9.33363345671859],[-40.2993912546026,-9.32817259428975]]]}},{"type":"Feature","properties":{"id":"639","municipality":"2611101","density":"Densa","type":"Área urbanizada","state":"PE"},"geometry":{"type":"Polygon","coordinates":[[[-40.068158207735,-9.11422593627788],[-40.0670128950291,-9.11754131757773],[-40.0678568098439,-9.11947026803842],[-40.0695145013931,-9.11892775111477],[-40.0696953397681,-9.11850579280804],[-40.0693035222397,-9.11814411515872],[-40.0702679965707,-9.11561236891568],[-40.068158207735,-9.11422593627788]]]}},{"type":"Feature","properties":{"id":"640","municipality":"2611101","density":"Densa","type":"Área urbanizada","state":"PE"},"geometry":{"type":"Polygon","coordinates":[[[-40.5690727354184,-9.43997242958392],[-40.5691456290675,-9.43880612310404],[-40.5678335325914,-9.43840520533592],[-40.566193413795,-9.44277885575952],[-40.5693643109142,-9.44387226859027],[-40.5707493010394,-9.44073781919497],[-40.5690727354184,-9.43997242958392]]]}},{"type":"Feature","properties":{"id":"641","municipality":"2611101","density":"Densa","type":"Área urbanizada","state":"PE"},"geometry":{"type":"Polygon","coordinates":[[[-40.084554281255,-9.14264780355325],[-40.083800785178,-9.14237654644042],[-40.0823540727822,-9.14319032227553],[-40.0842227425854,-9.14668654284964],[-40.0832582682544,-9.1469578008618],[-40.0835295271659,-9.14804283560837],[-40.0852173576949,-9.14759073832188],[-40.0856995948604,-9.14804283560835],[-40.0876285453211,-9.14698794074082],[-40.084554281255,-9.14264780355325]]]}},{"type":"Feature","properties":{"id":"642","municipality":"2611101","density":"Densa","type":"Vazio intraurbano","state":"PE"},"geometry":{"type":"Polygon","coordinates":[[[-40.5153463586475,-9.42434703368861],[-40.5198435399474,-9.42691685183121],[-40.5197792950784,-9.42126325299671],[-40.5170488634143,-9.42058867602652],[-40.51364385478,-9.4212632529967],[-40.513708099649,-9.42161660292386],[-40.5131620142156,-9.42184146221364],[-40.5153463586475,-9.42434703368861]]]}},{"type":"Feature","properties":{"id":"643","municipality":"2611101","density":"Densa","type":"Área urbanizada","state":"PE"},"geometry":{"type":"Polygon","coordinates":[[[-40.6218651041911,-9.32316857486978],[-40.6140426256666,-9.32084860098212],[-40.6141021122227,-9.32206807358267],[-40.613507246662,-9.32263319586526],[-40.6132693013371,-9.32679725299078],[-40.6155297886688,-9.32983106555116],[-40.6170169516709,-9.32908748360047],[-40.6187420608973,-9.32974183571708],[-40.6185636021285,-9.32798698411199],[-40.6198723045631,-9.32754083494155],[-40.6204076835677,-9.32825467271493],[-40.6214784406774,-9.32858184877325],[-40.6220733071374,-9.32813569960281],[-40.6221030504154,-9.32742186182942],[-40.6227276583547,-9.32777878116577],[-40.6240661049668,-9.32682699626883],[-40.6218651041911,-9.32316857486978]]]}},{"type":"Feature","properties":{"id":"644","municipality":"2611101","density":"Densa","type":"Área urbanizada","state":"PE"},"geometry":{"type":"Polygon","coordinates":[[[-40.4265523153371,-9.25202793644008],[-40.4263595780321,-9.2515460958756],[-40.4270662778864,-9.25071090538393],[-40.4267129279592,-9.25010057328279],[-40.4250746698601,-9.25074302826812],[-40.427194769423,-9.25450138593015],[-40.4287045368848,-9.25379468607588],[-40.4289293961746,-9.25202793644008],[-40.4265523153371,-9.25202793644008]]]}},{"type":"Feature","properties":{"id":"645","municipality":"2611101","density":"Densa","type":"Área urbanizada","state":"PE"},"geometry":{"type":"Polygon","coordinates":[[[-40.5748759733474,-8.94042539031943],[-40.5751650784056,-8.93920472611717],[-40.574137150609,-8.93897986682736],[-40.5729486101902,-8.94267398141905],[-40.5734946956236,-8.94354129389558],[-40.5740729048406,-8.94370190831637],[-40.5755184283328,-8.94309157621523],[-40.5757754087081,-8.94251336699824],[-40.5767390907364,-8.94238487636092],[-40.577124564447,-8.94100359863711],[-40.5748759733474,-8.94042539031943]]]}},{"type":"Feature","properties":{"id":"646","municipality":"2611101","density":"Densa","type":"Área urbanizada","state":"PE"},"geometry":{"type":"Polygon","coordinates":[[[-40.5258842897281,-9.41741192342147],[-40.5244913064286,-9.41659877621249],[-40.5228369198879,-9.42164971955885],[-40.5243284077298,-9.42196405689566],[-40.5258842897281,-9.41741192342147]]]}},{"type":"Feature","properties":{"id":"647","municipality":"2611101","density":"Densa","type":"Vazio intraurbano","state":"PE"},"geometry":{"type":"Polygon","coordinates":[[[-40.4923929818506,-9.3594702866244],[-40.4919753870544,-9.35911693669722],[-40.4916220371273,-9.3593739188712],[-40.4921360005759,-9.36065882794253],[-40.4905298635623,-9.36184736926066],[-40.489501936665,-9.36178312259301],[-40.4885382564353,-9.3604660924362],[-40.4873175922331,-9.36104430075381],[-40.4866430152629,-9.36004849584136],[-40.4847798969746,-9.36088368723234],[-40.4893413240428,-9.36926771773096],[-40.4969222860346,-9.36287529615795],[-40.4945130823128,-9.3598878832192],[-40.4939991188642,-9.3602733551312],[-40.4926499640246,-9.35905269182821],[-40.4923929818506,-9.3594702866244]]]}},{"type":"Feature","properties":{"id":"648","municipality":"2611101","density":"Densa","type":"Área urbanizada","state":"PE"},"geometry":{"type":"Polygon","coordinates":[[[-40.4755141819339,-9.44814997304281],[-40.4736189407615,-9.44766813157894],[-40.4736510636456,-9.44699355460882],[-40.4726231367483,-9.44689718595635],[-40.4723340316902,-9.4478929908688],[-40.4718200691408,-9.44779662311562],[-40.47165945472,-9.44866393559211],[-40.472237663937,-9.44879242712876],[-40.4716915776042,-9.45149073590868],[-40.4746147456739,-9.45206894512569],[-40.4755141819339,-9.44814997304281]]]}},{"type":"Feature","properties":{"id":"649","municipality":"2611101","density":"Densa","type":"Área urbanizada","state":"PE"},"geometry":{"type":"Polygon","coordinates":[[[-40.4658285896177,-9.28455725031683],[-40.4623188864074,-9.2823265062632],[-40.4616050468354,-9.2823265062632],[-40.4619024796157,-9.28307008731463],[-40.4602368569454,-9.28512237170003],[-40.4602963444007,-9.2896730923393],[-40.460891209062,-9.28913771333475],[-40.4643711707929,-9.28925668644691],[-40.4649957787322,-9.28943514611507],[-40.4656203875708,-9.29068436289299],[-40.4659773069071,-9.29068436289298],[-40.4660665367412,-9.28702594059463],[-40.4658285896177,-9.28455725031683]]]}},{"type":"Feature","properties":{"id":"650","municipality":"2611101","density":"Densa","type":"Área urbanizada","state":"PE"},"geometry":{"type":"Polygon","coordinates":[[[-40.0274091461151,-9.1415929095851],[-40.0274694249739,-9.14047773585878],[-40.0267762086551,-9.13987493917705],[-40.0270776074455,-9.13897074370482],[-40.0260829932355,-9.1383679470231],[-40.0245760010815,-9.14026675670538],[-40.0246362799403,-9.14192444825465],[-40.0229183104316,-9.14478773316729],[-40.0268364893125,-9.14608374616791],[-40.0288257177327,-9.14207514764992],[-40.0274091461151,-9.1415929095851]]]}},{"type":"Feature","properties":{"id":"651","municipality":"2611101","density":"Densa","type":"Área urbanizada","state":"PE"},"geometry":{"type":"Polygon","coordinates":[[[-40.4788228219156,-9.43157464665257],[-40.4763493733249,-9.43032186136476],[-40.4739722906886,-9.42974365214781],[-40.4738438000513,-9.43041822911795],[-40.4698927050842,-9.42919756581495],[-40.4693438416449,-9.42949504805797],[-40.4693438416449,-9.43184181364876],[-40.4731292653033,-9.43290525657228],[-40.4744766898473,-9.43801460009366],[-40.4794331540168,-9.43921985531205],[-40.4796580133066,-9.43774220983505],[-40.4785015948727,-9.43459418337482],[-40.4796580133066,-9.43465842914315],[-40.4788228219156,-9.43157464665257]]]}},{"type":"Feature","properties":{"id":"652","municipality":"2611101","density":"Densa","type":"Área urbanizada","state":"PE"},"geometry":{"type":"Polygon","coordinates":[[[-40.422279993327,-9.26009073989571],[-40.42170178411,-9.2620823488213],[-40.420866592719,-9.26205022593712],[-40.4201598928647,-9.26291754021226],[-40.4186822482871,-9.26262843515411],[-40.4186180016194,-9.2620823488213],[-40.4166263926938,-9.26131140409796],[-40.4164979020565,-9.26182536664733],[-40.4177185662588,-9.26272480290726],[-40.4173973392158,-9.26478065760121],[-40.4180076704176,-9.26500551689104],[-40.4178470568961,-9.26548735835484],[-40.4200956470964,-9.26616193532498],[-40.4238861294413,-9.26641891659965],[-40.4239503743102,-9.26375273070393],[-40.4269377881483,-9.26201810395231],[-40.4253637740189,-9.25880583082438],[-40.422279993327,-9.26009073989571]]]}},{"type":"Feature","properties":{"id":"653","municipality":"2611101","density":"Densa","type":"Área urbanizada","state":"PE"},"geometry":{"type":"Polygon","coordinates":[[[-40.4614106152077,-9.3891516841029],[-40.4578128701678,-9.39156088782467],[-40.4586480606594,-9.3924282020998],[-40.4630488742061,-9.39050083804319],[-40.4660362880442,-9.38841286136445],[-40.4667108650144,-9.38895894769723],[-40.4661326557974,-9.38944078826171],[-40.4663896379713,-9.38979413818891],[-40.4643980290457,-9.39117541501332],[-40.4651047289001,-9.39220334281],[-40.4643980290457,-9.3927494291428],[-40.4652010966532,-9.39400221532991],[-40.4752794417927,-9.38742803267752],[-40.4680740366874,-9.38235401992204],[-40.4604391279634,-9.38814885818323],[-40.4614106152077,-9.3891516841029]]]}},{"type":"Feature","properties":{"id":"654","municipality":"2611101","density":"Densa","type":"Área urbanizada","state":"PE"},"geometry":{"type":"Polygon","coordinates":[[[-40.4343260137345,-9.28974001359069],[-40.4348721000673,-9.28974001359069],[-40.4350327135888,-9.28861571894022],[-40.4363176226601,-9.28755566915875],[-40.4352254499945,-9.28623863720333],[-40.4342617679662,-9.28627076008748],[-40.4310494957376,-9.28761991402775],[-40.4305034103041,-9.28691321417348],[-40.42957185116,-9.28681684642026],[-40.4278051006248,-9.28823024612895],[-40.4267129279592,-9.29018973217036],[-40.4264880686694,-9.2920528495593],[-40.4276123651185,-9.2946226677019],[-40.4267129279592,-9.29529724467205],[-40.4282226963203,-9.29680701303317],[-40.4352896957628,-9.29150676412582],[-40.4343260137345,-9.28974001359069]]]}},{"type":"Feature","properties":{"id":"655","municipality":"2611101","density":"Densa","type":"Área urbanizada","state":"PE"},"geometry":{"type":"Polygon","coordinates":[[[-40.5682746482564,-8.67595134387937],[-40.5679534212134,-8.67489129409791],[-40.566058180041,-8.67444157641757],[-40.5658654436353,-8.67479492634471],[-40.5638095889413,-8.6740239807221],[-40.562974399349,-8.67575860837304],[-40.5639380795787,-8.67611195830017],[-40.5643556761735,-8.67540525844589],[-40.5663472850991,-8.67656167598052],[-40.5672788442432,-8.67678653527038],[-40.5675358246186,-8.67643318534318],[-40.5689171023424,-8.6770756403285],[-40.5694631886752,-8.67620832605339],[-40.5682746482564,-8.67595134387937]]]}},{"type":"Feature","properties":{"id":"656","municipality":"2611101","density":"Densa","type":"Área urbanizada","state":"PE"},"geometry":{"type":"Polygon","coordinates":[[[-40.2889115366381,-9.87801826413154],[-40.2890042693315,-9.87716049526063],[-40.289743840306,-9.87738558117957],[-40.289743840306,-9.87670758138972],[-40.289032536822,-9.87628418686569],[-40.2888346607909,-9.87557748701137],[-40.2870820449004,-9.87501212730779],[-40.2862983001264,-9.87539770623909],[-40.2848771410672,-9.87826294627793],[-40.2853576973998,-9.87837601803876],[-40.2862905407758,-9.87673647480841],[-40.2873929926924,-9.87693435083957],[-40.2872384127225,-9.87735052830418],[-40.2889115366381,-9.87801826413154]]]}},{"type":"Feature","properties":{"id":"657","municipality":"2611101","density":"Densa","type":"Área urbanizada","state":"PE"},"geometry":{"type":"Polygon","coordinates":[[[-40.5015005780892,-9.2895921398653],[-40.4993888062484,-9.28983008608958],[-40.4997159823067,-9.29116853270159],[-40.498972400356,-9.29143622310318],[-40.4999539276316,-9.29325056216368],[-40.4982585616833,-9.29375619699086],[-40.4997457246854,-9.29690898266336],[-40.5010544289187,-9.29616540071267],[-40.5004893066361,-9.29491618393468],[-40.5011734020308,-9.2944997789416],[-40.5006082797483,-9.2933100478204],[-40.5017385243134,-9.29283415627123],[-40.5020359561944,-9.2904844382062],[-40.5015005780892,-9.2895921398653]]]}},{"type":"Feature","properties":{"id":"658","municipality":"2611101","density":"Densa","type":"Área urbanizada","state":"PE"},"geometry":{"type":"Polygon","coordinates":[[[-40.305183742036,-9.08598394240499],[-40.3052801097892,-9.08675488802761],[-40.304605532819,-9.08726885057696],[-40.3038024652115,-9.08640153810047],[-40.3031278882414,-9.08672276514347],[-40.3040915702697,-9.08983866871954],[-40.3061153011801,-9.08916409174943],[-40.3071432280775,-9.08755795563507],[-40.3061795469485,-9.08566271536199],[-40.305183742036,-9.08598394240499]]]}},{"type":"Feature","properties":{"id":"659","municipality":"2611101","density":"Densa","type":"Área urbanizada","state":"PE"},"geometry":{"type":"Polygon","coordinates":[[[-40.6838197740633,-9.34016099963038],[-40.682213637949,-9.33845849576295],[-40.6828239700501,-9.33810514583576],[-40.6825669878762,-9.33762330527129],[-40.6816996753997,-9.33746269085044],[-40.6804147663283,-9.33974340483422],[-40.6805753789505,-9.34022524629801],[-40.6796116978215,-9.34093194615235],[-40.6786801386774,-9.34401572684424],[-40.6780055608079,-9.34491516310427],[-40.6781019303597,-9.34613582730651],[-40.6785195251559,-9.34623219505971],[-40.6784552802869,-9.34703526266719],[-40.6778449481858,-9.347195877088],[-40.6795795749374,-9.35088998988106],[-40.6792904698792,-9.35188579389422],[-40.6798044342272,-9.35301009034335],[-40.6803505196607,-9.35272098528521],[-40.6798044342272,-9.35172518127207],[-40.6835306699044,-9.34857715391247],[-40.6859398736262,-9.34851290814414],[-40.68732115135,-9.34754922701519],[-40.6838197740633,-9.34016099963038]]]}},{"type":"Feature","properties":{"id":"660","municipality":"2611101","density":"Densa","type":"Área urbanizada","state":"PE"},"geometry":{"type":"Polygon","coordinates":[[[-40.4185344357156,-9.45602103384359],[-40.4179241054131,-9.4549609840621],[-40.4185023137307,-9.45258390322454],[-40.4156755143135,-9.45174871183356],[-40.4144869729953,-9.45631013890175],[-40.4198193447869,-9.45775566059526],[-40.4202048175982,-9.45659924306058],[-40.4185344357156,-9.45602103384359]]]}},{"type":"Feature","properties":{"id":"661","municipality":"2611101","density":"Densa","type":"Área urbanizada","state":"PE"},"geometry":{"type":"Polygon","coordinates":[[[-40.2854626392893,-9.87465686362332],[-40.2825026286933,-9.8734008506687],[-40.2822199501905,-9.87436196333391],[-40.2835768131194,-9.87535134259037],[-40.2839442967919,-9.87631245525557],[-40.2845451338508,-9.87648025975613],[-40.2854626392893,-9.87465686362332]]]}},{"type":"Feature","properties":{"id":"662","municipality":"2611101","density":"Densa","type":"Área urbanizada","state":"PE"},"geometry":{"type":"Polygon","coordinates":[[[-40.4870750954393,-9.30208431124191],[-40.4861530538203,-9.30615913763404],[-40.486837149215,-9.30717040908706],[-40.4884730286074,-9.30737861113397],[-40.4905550571701,-9.30598067796588],[-40.4893950702263,-9.30261968934714],[-40.4870750954393,-9.30208431124191]]]}},{"type":"Feature","properties":{"id":"663","municipality":"2611101","density":"Densa","type":"Área urbanizada","state":"PE"},"geometry":{"type":"Polygon","coordinates":[[[-40.4653625141686,-9.31341649387605],[-40.4656004603929,-9.31466571065398],[-40.463756377155,-9.31534980604868],[-40.4668496771708,-9.32064410594071],[-40.4703296380023,-9.31835387533101],[-40.4668496771708,-9.31246470897907],[-40.4653625141686,-9.31341649387605]]]}},{"type":"Feature","properties":{"id":"664","municipality":"2611101","density":"Densa","type":"Área urbanizada","state":"PE"},"geometry":{"type":"Polygon","coordinates":[[[-40.3122507405791,-9.12347116116513],[-40.312090127957,-9.12482031510543],[-40.3111585688129,-9.12527003278575],[-40.312154372826,-9.12832169239216],[-40.3132786692751,-9.12767923830614],[-40.3140496139985,-9.12661918762536],[-40.3137605089403,-9.12559126072807],[-40.3143708410415,-9.1253342785541],[-40.3135998963181,-9.1228287061798],[-40.3122507405791,-9.12347116116513]]]}},{"type":"Feature","properties":{"id":"665","municipality":"2611101","density":"Densa","type":"Área urbanizada","state":"PE"},"geometry":{"type":"Polygon","coordinates":[[[-40.5613673081547,-9.1812337258557],[-40.5588391304215,-9.18156090191405],[-40.5600883471994,-9.18316703802833],[-40.5592555363139,-9.18376190268966],[-40.5594042518047,-9.18513009437829],[-40.5584524678071,-9.18536803970323],[-40.559612454751,-9.18679571614934],[-40.559344766148,-9.18700391909556],[-40.5600883471994,-9.18837210898563],[-40.5605939829259,-9.18878851487802],[-40.5609211589842,-9.1884613388197],[-40.5638657417106,-9.18884800143406],[-40.5648175257082,-9.18474343086463],[-40.5677323660558,-9.1829588350821],[-40.5677026227778,-9.18200705108449],[-40.5613673081547,-9.1812337258557]]]}},{"type":"Feature","properties":{"id":"666","municipality":"2611101","density":"Densa","type":"Área urbanizada","state":"PE"},"geometry":{"type":"Polygon","coordinates":[[[-40.6173419729536,-9.4872764436529],[-40.6167637637367,-9.48743705807373],[-40.6143866819997,-9.48618427188661],[-40.6129090374221,-9.48634488540808],[-40.6131660186967,-9.48669823533527],[-40.6118811096255,-9.49000687621634],[-40.6126841781323,-9.4904244710125],[-40.6123629510893,-9.48981413981068],[-40.6128126687696,-9.48891470265137],[-40.6134551228556,-9.48897894931902],[-40.6143545591156,-9.48766191736353],[-40.6163782909253,-9.48859347560837],[-40.6168601323891,-9.4883364943337],[-40.6174383407068,-9.48862559939187],[-40.6169886230265,-9.49106692599782],[-40.6179523041555,-9.49145239790977],[-40.618691126894,-9.4883364943337],[-40.6173419729536,-9.4872764436529]]]}},{"type":"Feature","properties":{"id":"667","municipality":"2611101","density":"Densa","type":"Área urbanizada","state":"PE"},"geometry":{"type":"Polygon","coordinates":[[[-40.6420281113083,-9.34571823071174],[-40.6410323072951,-9.34494728598838],[-40.6403577294256,-9.3450436537416],[-40.637081212328,-9.34620007217552],[-40.6361496531839,-9.3495087130566],[-40.6363423886902,-9.34989418496862],[-40.6436984931909,-9.34774196342086],[-40.6420281113083,-9.34571823071174]]]}},{"type":"Feature","properties":{"id":"668","municipality":"2611101","density":"Densa","type":"Outros equipamentos urbanos","state":"PE"},"geometry":{"type":"Polygon","coordinates":[[[-40.5031044236302,-9.40574800876358],[-40.5020812550458,-9.4064380531736],[-40.5061025438972,-9.40622390211134],[-40.506530846921,-9.40577180392557],[-40.5063404910208,-9.40527211721441],[-40.5031044236302,-9.40574800876358]]]}},{"type":"Feature","properties":{"id":"669","municipality":"2611101","density":"Densa","type":"Área urbanizada","state":"PE"},"geometry":{"type":"Polygon","coordinates":[[[-40.5384649948636,-9.27409219220084],[-40.537899872581,-9.27334861025015],[-40.5345686281397,-9.27227785314035],[-40.5316240454133,-9.272932205257],[-40.5314455857451,-9.27349732664026],[-40.5298989361869,-9.27322963713801],[-40.5291553542361,-9.27531166570078],[-40.5310886664088,-9.27599576109544],[-40.5309399500186,-9.27659062575673],[-40.5292743273483,-9.27602550437349],[-40.5289174080119,-9.27667985559084],[-40.5324865995769,-9.27819676187103],[-40.5312671260769,-9.27983264216267],[-40.5335870999646,-9.28117108787536],[-40.5348660609199,-9.2798028979853],[-40.5357286150835,-9.27789932999004],[-40.537899872581,-9.27858342538473],[-40.5394465230386,-9.27444911063788],[-40.5384649948636,-9.27409219220084]]]}},{"type":"Feature","properties":{"id":"670","municipality":"2611101","density":"Densa","type":"Área urbanizada","state":"PE"},"geometry":{"type":"Polygon","coordinates":[[[-40.4314882983462,-9.39213909704166],[-40.4313919296937,-9.38908743833457],[-40.4309422120134,-9.3890553163497],[-40.4313276848247,-9.38844498424858],[-40.4311349493184,-9.38487936209283],[-40.4295288123048,-9.38545757130982],[-40.4297215487105,-9.3871600751773],[-40.4289506030878,-9.38764191574178],[-40.4282760261177,-9.38725644293044],[-40.4282439032335,-9.38780252926325],[-40.427762062669,-9.38793101990059],[-40.4274408347267,-9.38725644293044],[-40.4264450307136,-9.38706370742409],[-40.4263807849453,-9.38661398884449],[-40.4252564902947,-9.38616427116417],[-40.422012095182,-9.3856824297003],[-40.4223975679933,-9.38699946075644],[-40.4241643176291,-9.38818800207458],[-40.4276978169007,-9.38860559777009],[-40.4282439032335,-9.38899106968206],[-40.4281796583645,-9.39313490195411],[-40.4322271210847,-9.39345612899712],[-40.4329659438232,-9.39287791978012],[-40.4328374531858,-9.39210697415746],[-40.4314882983462,-9.39213909704166]]]}},{"type":"Feature","properties":{"id":"671","municipality":"2611101","density":"Densa","type":"Área urbanizada","state":"PE"},"geometry":{"type":"Polygon","coordinates":[[[-40.619959799605,-9.35590113462963],[-40.619959799605,-9.35766788516476],[-40.6185142770123,-9.3584067070039],[-40.6186427676496,-9.35933826614803],[-40.613631622901,-9.36132987507363],[-40.6135352551478,-9.36171534788499],[-40.6148844099875,-9.36261478414492],[-40.613631622901,-9.36325723823093],[-40.6133746416264,-9.36380332456372],[-40.6137922373218,-9.36470276082374],[-40.6123467138297,-9.36534521580906],[-40.613053413684,-9.3660197927792],[-40.6136958686694,-9.36576281060521],[-40.6140492185965,-9.36720833319801],[-40.6182894177224,-9.36547370644632],[-40.6185785227806,-9.365987669895],[-40.6200561682575,-9.36553795221466],[-40.620538008822,-9.36685498417014],[-40.621437445082,-9.36659800199614],[-40.6238145268189,-9.36383544834724],[-40.6227544770375,-9.36168322500077],[-40.6237824039348,-9.36152261057998],[-40.6233326862544,-9.36052680656684],[-40.6236860361816,-9.35943463390117],[-40.6245854724415,-9.35949887966951],[-40.6255491535706,-9.35895279423604],[-40.6250673130061,-9.35786062067103],[-40.6257740128603,-9.35554778470248],[-40.6250673130061,-9.35529080342782],[-40.6254849078022,-9.35400589435648],[-40.619959799605,-9.35590113462963]]]}},{"type":"Feature","properties":{"id":"672","municipality":"2611101","density":"Densa","type":"Área urbanizada","state":"PE"},"geometry":{"type":"Polygon","coordinates":[[[-40.5670780139391,-9.32209781776005],[-40.5630924173812,-9.32218704759412],[-40.5618134573252,-9.32251422275312],[-40.560712956038,-9.32489368409618],[-40.5618134573252,-9.32528034671059],[-40.5622596055963,-9.32397164337658],[-40.5661857155982,-9.32429881943495],[-40.5672862168853,-9.32477471098407],[-40.5684164605512,-9.32299011610094],[-40.5670780139391,-9.32209781776005]]]}},{"type":"Feature","properties":{"id":"673","municipality":"2611101","density":"Densa","type":"Área urbanizada","state":"PE"},"geometry":{"type":"Polygon","coordinates":[[[-40.50937153277,-9.40912086303735],[-40.5043603880214,-9.40931360034233],[-40.4974540021005,-9.41194766335394],[-40.4946156122207,-9.41201694712436],[-40.493640033061,-9.41142208156378],[-40.4938303889612,-9.41261181178568],[-40.4912129822932,-9.41277837432245],[-40.4868942606615,-9.41427743535532],[-40.4870608231983,-9.41575270122615],[-40.4896942926574,-9.41815613759566],[-40.4869418500863,-9.41958363327804],[-40.4846099781679,-9.41975019491555],[-40.4848704371209,-9.42182802544297],[-40.4790140609501,-9.42298086907182],[-40.4788159906654,-9.42060680096309],[-40.4773979531529,-9.4204497676426],[-40.4760082271979,-9.4212968453731],[-40.4760282119324,-9.42310206440868],[-40.4769275816425,-9.42312637128498],[-40.4765742317154,-9.42402580664561],[-40.4788870676839,-9.4243149117038],[-40.4790476812055,-9.4257283114124],[-40.4856007171993,-9.42553557500674],[-40.4855043494461,-9.42315849416912],[-40.4865643992276,-9.42296575686414],[-40.4865965221118,-9.42258028495213],[-40.4877850616312,-9.42290151199513],[-40.4878171854147,-9.42415429818225],[-40.4865322763434,-9.42473250739926],[-40.4866607669808,-9.42601741557122],[-40.4905154941947,-9.42694897471535],[-40.4913828066711,-9.42784841097535],[-40.491845206591,-9.42775848866331],[-40.4918004032659,-9.42845874307649],[-40.4893911977455,-9.42849086596067],[-40.4891984622392,-9.43334139718771],[-40.4877208167623,-9.43526876034497],[-40.4871747313288,-9.43809555976225],[-40.484637035171,-9.43687489735856],[-40.4837697217952,-9.43905924179054],[-40.4855685943151,-9.44284972323606],[-40.4847733229305,-9.44244308218249],[-40.4843843904272,-9.4434999942293],[-40.4836091082737,-9.44403826365488],[-40.4820993399126,-9.44448798223455],[-40.4818744806228,-9.44516255920467],[-40.4803647131609,-9.44541954137868],[-40.479144049858,-9.44962761762043],[-40.4796258904225,-9.4500452133159],[-40.4784694719885,-9.45261503055918],[-40.4774094231063,-9.45383569476144],[-40.4776021586127,-9.45444602596331],[-40.478565840641,-9.45425328955764],[-40.4806216953349,-9.45907169879981],[-40.4823884449707,-9.45929655808967],[-40.4817138680005,-9.46106330682608],[-40.4836412311578,-9.46183425334806],[-40.4831272668099,-9.46302279376686],[-40.4814568858266,-9.46231609391254],[-40.4806891615755,-9.46403724432333],[-40.4841230717224,-9.46543199838796],[-40.4838339666642,-9.4659780838215],[-40.4845406674178,-9.46633143374862],[-40.4857934527057,-9.46372949272188],[-40.4869177491548,-9.46421133418567],[-40.4860825577638,-9.46626718887963],[-40.488845112312,-9.46751997506677],[-40.4893269528765,-9.46649204816942],[-40.4880420438053,-9.46584959318416],[-40.4890378478184,-9.46347251234655],[-40.4904833713105,-9.4640507206642],[-40.4908045983535,-9.46337614369401],[-40.4922822438305,-9.46411496643253],[-40.4905476170788,-9.46739148442941],[-40.4911900711648,-9.46780907922556],[-40.491607665961,-9.46681327521243],[-40.4922179980621,-9.46716662513962],[-40.4922179980621,-9.46822667492109],[-40.4920895074248,-9.46854790196404],[-40.4905797390636,-9.46845153421088],[-40.4902906349048,-9.46999342455683],[-40.4906118619478,-9.47147107003383],[-40.4919288939033,-9.47265961135197],[-40.4916719117293,-9.47317357390125],[-40.4905476170788,-9.47269173333678],[-40.4895839350505,-9.47465122027757],[-40.4927183142987,-9.4772517295836],[-40.4949537833904,-9.47815259576562],[-40.4949109531779,-9.4786665601136],[-40.4958960498628,-9.47870939032607],[-40.4960245413994,-9.4781097655532],[-40.4972237891465,-9.47832391841406],[-40.4971381287216,-9.47892354228759],[-40.4979947347692,-9.47905203292495],[-40.4981660556189,-9.47845240815207],[-40.4993224740529,-9.47858089878942],[-40.5002219103129,-9.47695334801853],[-40.5000077592507,-9.4745976818375],[-40.5008215341864,-9.47326994165446],[-40.5009071946112,-9.47254182714357],[-40.5003075707377,-9.47147107003382],[-40.5009305302198,-9.47053973572019],[-40.5012498372102,-9.46573180987508],[-40.5009500248238,-9.46461822165355],[-40.5000934187762,-9.46393293735514],[-40.5004360622744,-9.46286218024539],[-40.5015496486973,-9.46303350109515],[-40.5017638006588,-9.46243387722159],[-40.5012926683219,-9.46221972526007],[-40.5015496486973,-9.46110613793787],[-40.5008215341864,-9.46059217358988],[-40.5015068193842,-9.45857915000774],[-40.5009071946113,-9.45797952613419],[-40.5015496486973,-9.45626631403912],[-40.5008215341864,-9.45588084122779],[-40.4985086982178,-9.45977839775481],[-40.4964100142108,-9.45969273822925],[-40.4964528444232,-9.45922160499306],[-40.4949966136028,-9.45840782915792],[-40.495210764665,-9.4578082052844],[-40.4933690619326,-9.45686593791267],[-40.4955534081632,-9.45485291433052],[-40.4951679353519,-9.4543817810943],[-40.4935403836817,-9.4551527258176],[-40.4917843413742,-9.45408196870784],[-40.4911847166014,-9.45528121735424],[-40.489343013869,-9.45442461130672],[-40.4907992446893,-9.45138365992791],[-40.495467746839,-9.45292555117322],[-40.4960673707125,-9.45442461130672],[-40.4982945471556,-9.45391064785804],[-40.4982945471556,-9.4534823448343],[-40.4995366251151,-9.45352517504677],[-40.4991939834156,-9.45502423518025],[-40.5006502133366,-9.45519555692937],[-40.500778703974,-9.45365366568411],[-40.5038624846659,-9.45386781674631],[-40.5038624846659,-9.45206894512569],[-40.5047190907134,-9.45189762427589],[-40.5046762614003,-9.45104101822835],[-40.5041194668399,-9.45005592064417],[-40.5011213456735,-9.44992743000683],[-40.5013783278475,-9.4474004420767],[-40.5033056919041,-9.44654383602914],[-40.5032628607923,-9.44538741759522],[-40.5054472061236,-9.4448306239341],[-40.5056613580851,-9.44598704236807],[-40.504933242675,-9.44632968496694],[-40.5059183402591,-9.44842836897404],[-40.5076315523542,-9.44722912122693],[-40.5090069413172,-9.45055706785434],[-40.5077172118798,-9.45095535690417],[-40.5076743816673,-9.45172630162744],[-40.5067749463067,-9.45172630162744],[-40.5072032493305,-9.45399630828298],[-40.5089305699898,-9.45375528727663],[-40.5096017448246,-9.45583801101538],[-40.5082311762278,-9.45648046600063],[-40.5090449511635,-9.45875047085752],[-40.511700429731,-9.45793669592171],[-40.5121287327548,-9.45866481133192],[-40.5129425085898,-9.45815084698394],[-40.5135657639488,-9.45982190066014],[-40.5154702510512,-9.45881738941098],[-40.515946705576,-9.45662633513723],[-40.5151696841336,-9.45648046600063],[-40.5149983632838,-9.4553240466674],[-40.5163204224495,-9.45490774239835],[-40.5165298862452,-9.45399423444633],[-40.5178251627011,-9.45408196870784],[-40.5179536542377,-9.45356800525918],[-40.5166762877804,-9.45327123797721],[-40.51716005829,-9.45124060656872],[-40.5107867733909,-9.45155334041432],[-40.5103726913465,-9.45044139255618],[-40.5144415687234,-9.44971327804529],[-40.5145700602601,-9.45039856324304],[-40.5164974234173,-9.45018441218081],[-40.5164974234173,-9.44928497502155],[-40.5188102593859,-9.44851403029823],[-40.5187197291321,-9.45050570577365],[-40.5230504594111,-9.45027007170637],[-40.5234359322225,-9.44821421791177],[-40.5188959198108,-9.44782874510049],[-40.5186389376368,-9.44585855173075],[-40.5176538409519,-9.44577289130588],[-40.5174396898897,-9.44427383117233],[-40.5156836475823,-9.44427383117234],[-40.5158977986444,-9.44298892210105],[-40.5176538409519,-9.44333156380061],[-40.5180393137633,-9.44388835836099],[-40.5186389376368,-9.44375986682434],[-40.5192385624097,-9.44333156380061],[-40.5193242228346,-9.44187533387953],[-40.5167115753788,-9.44119004868174],[-40.5167115753788,-9.44080457587046],[-40.5200951675579,-9.44003363114712],[-40.5203093204187,-9.44046193417086],[-40.5198381871825,-9.44166118191794],[-40.5203521497319,-9.44316024295081],[-40.5221938533636,-9.44380269703681],[-40.5233502708982,-9.44354571576212],[-40.5236500832847,-9.4440596792108],[-40.5243000494077,-9.44409063027832],[-40.525540523876,-9.43873202166544],[-40.5238214041344,-9.43844890968938],[-40.5238642352462,-9.43750664321698],[-40.5205663016934,-9.4355792800597],[-40.5153838360951,-9.43463701268793],[-40.5148698717471,-9.43605041329591],[-40.5134564720385,-9.4356649413839],[-40.5132423209763,-9.43639305589479],[-40.5125570357785,-9.43635022478298],[-40.512342883817,-9.43699267976832],[-40.5118717505808,-9.43673569759431],[-40.5134564720385,-9.43125341960956],[-40.5145272300476,-9.43146757067184],[-40.5143559082985,-9.43223851719375],[-40.5176538409519,-9.43292380239154],[-40.5180393137633,-9.43142474135869],[-40.5190672406606,-9.43185304438242],[-40.5199666778199,-9.43163889332021],[-40.5209517736054,-9.43073945616096],[-40.5216370588032,-9.43078228727269],[-40.522879137662,-9.43309512324129],[-40.5237357437096,-9.4337375773273],[-40.5265546650657,-9.43435112900135],[-40.5281222904113,-9.42757929424898],[-40.5288753799948,-9.42748435371987],[-40.528832548883,-9.42816963801836],[-40.5297748162547,-9.42834095976741],[-40.5314023670256,-9.42782699631881],[-40.5323874637104,-9.42692756005881],[-40.5320876522233,-9.42654208724748],[-40.5327729374211,-9.424529062766],[-40.5342291673422,-9.42324415369468],[-40.5318543779771,-9.42115112012808],[-40.5305463743157,-9.42277401510865],[-40.5322488781831,-9.42425166058564],[-40.5311567046182,-9.42524746459879],[-40.530417882779,-9.42470137916526],[-40.5299360422146,-9.42511897396145],[-40.5291008508236,-9.42495836133924],[-40.5273277016121,-9.42318012915956],[-40.5257856206098,-9.42253103537895],[-40.5255352286678,-9.42428378257047],[-40.5247000381762,-9.42415529283244],[-40.5229332876411,-9.4252153417146],[-40.5214556430635,-9.42531171126644],[-40.5223550793234,-9.42161759667471],[-40.5202722431694,-9.42099150395472],[-40.5215343796079,-9.41487268492644],[-40.5163027372815,-9.41181874014268],[-40.5112346501589,-9.41008454506568],[-40.5113432217123,-9.40892364710857],[-40.5094036547548,-9.40873539112536],[-40.50937153277,-9.40912086303735]],[[-40.5198435399474,-9.42691685183121],[-40.5153463586475,-9.42434703368861],[-40.5131620142156,-9.42184146221364],[-40.513708099649,-9.42161660292386],[-40.51364385478,-9.4212632529967],[-40.5170488634143,-9.42058867602652],[-40.5197792950784,-9.42126325299671],[-40.5198435399474,-9.42691685183121]],[[-40.498578296751,-9.44243212843994],[-40.4977752291435,-9.44220726915012],[-40.4962975836665,-9.44506619055223],[-40.4980322113175,-9.44609411834883],[-40.4972612656948,-9.44763600869481],[-40.4957836202179,-9.44651171404435],[-40.4940811163504,-9.44965974140389],[-40.4927319624101,-9.44898516263511],[-40.4930210656696,-9.44811785015861],[-40.4923143658153,-9.44795723573783],[-40.4917040346135,-9.44949912698309],[-40.490643984832,-9.4489851626351],[-40.490643984832,-9.44744327318848],[-40.4923143658153,-9.44394189590174],[-40.4931495572063,-9.44301033675761],[-40.4941132392345,-9.44374915859674],[-40.4951090432477,-9.44265698683046],[-40.4940811163504,-9.44178967255528],[-40.4947235713357,-9.441339954875],[-40.4950769212629,-9.44175755057047],[-40.4954623931749,-9.44140420064331],[-40.496393952319,-9.44153269128067],[-40.4969721606367,-9.44082599232564],[-40.4987389111718,-9.44185391922293],[-40.498578296751,-9.44243212843994]]]}},{"type":"Feature","properties":{"id":"674","municipality":"2611101","density":"Densa","type":"Área urbanizada","state":"PE"},"geometry":{"type":"Polygon","coordinates":[[[-40.4977896003098,-9.35278876089258],[-40.4947379407034,-9.35086139683596],[-40.49486643224,-9.35054016979297],[-40.4934851554156,-9.34996196057599],[-40.4938385053427,-9.34909464809948],[-40.4932602961257,-9.34880554304135],[-40.4930675597201,-9.34922313783749],[-40.4916220371273,-9.34867705240401],[-40.4926499640246,-9.34976922506962],[-40.4920075099386,-9.35095776638777],[-40.4904656186933,-9.35031531140243],[-40.489116464753,-9.35266027025524],[-40.486675138147,-9.35134323829978],[-40.4869642423059,-9.35079715196695],[-40.4874139599862,-9.35108625612579],[-40.4881849056089,-9.34948012001149],[-40.4859363154086,-9.34858068375149],[-40.4853259833075,-9.34976922506962],[-40.4855508416979,-9.35115050189409],[-40.485165369786,-9.35185720174844],[-40.4844586699317,-9.35172871111111],[-40.4835271107875,-9.35291725242923],[-40.4871891006964,-9.35503735109284],[-40.4868048176882,-9.35576070819008],[-40.4902086374186,-9.35757504725059],[-40.4898874103757,-9.35834599197393],[-40.4908189686205,-9.35882783343773],[-40.4893092011587,-9.36001637385653],[-40.4888273596948,-9.3593739188712],[-40.4882491513772,-9.35953453329206],[-40.4873497151172,-9.3582175013366],[-40.4867393830161,-9.35857085126371],[-40.4862575415523,-9.35818537755309],[-40.4851011240176,-9.35885995632192],[-40.4845871605689,-9.35805688691575],[-40.4860005602776,-9.35735018796079],[-40.4857114561187,-9.35696471514944],[-40.4866108923787,-9.35641862881666],[-40.4848120198588,-9.35548706967252],[-40.4842016877577,-9.35577617383133],[-40.4837840920621,-9.35545494678832],[-40.482852532918,-9.35600103312112],[-40.483045270223,-9.35635438304831],[-40.4804433291962,-9.35754292436645],[-40.4789656837193,-9.35526221038265],[-40.4730086293447,-9.35809411794914],[-40.4749269012555,-9.36110854562282],[-40.4771989340835,-9.36078731857988],[-40.4776486517638,-9.36126916004366],[-40.4804433291962,-9.35985576033504],[-40.4824349381218,-9.36361411889641],[-40.478002001691,-9.36570209557524],[-40.4796402606895,-9.36849677300763],[-40.4808930468766,-9.36801493244315],[-40.4829810235553,-9.37276909501772],[-40.4838162149463,-9.37370065416183],[-40.4851974917708,-9.37315456782897],[-40.4866108923787,-9.37559589533424],[-40.4864151810157,-9.3759270985567],[-40.4872854693489,-9.37652745267976],[-40.4846183769365,-9.38254316803274],[-40.4818215384332,-9.38099444463784],[-40.4801083263382,-9.38442086792867],[-40.4797752021638,-9.38677653500907],[-40.4808935477989,-9.38732381114495],[-40.4809649323857,-9.38682412443376],[-40.4817263595838,-9.38691930238383],[-40.4817739490085,-9.38606269723563],[-40.4828078429076,-9.3864116260956],[-40.480844863,-9.39101480239119],[-40.4795278319439,-9.39034022542105],[-40.4784035363941,-9.39136815231831],[-40.4791744820167,-9.39291004266433],[-40.4769258909171,-9.39303853330165],[-40.4773113637284,-9.38956927889904],[-40.4769580138013,-9.3894086662769],[-40.4773710031692,-9.38883776944743],[-40.476441443218,-9.38824630961943],[-40.4671927055788,-9.39490165069059],[-40.4683170011286,-9.39461254743105],[-40.4685739833026,-9.39499802024239],[-40.4665181286087,-9.39621868264607],[-40.466068410029,-9.39586533271887],[-40.464237414625,-9.39705387403702],[-40.464558641668,-9.39750359171735],[-40.4622458056993,-9.39978430480176],[-40.4648729529244,-9.40261698308723],[-40.4661461681111,-9.40133288520445],[-40.4692777675549,-9.40402496168259],[-40.4702295515525,-9.40328138063114],[-40.4716572288979,-9.40432239536223],[-40.4699023772929,-9.40643416720303],[-40.4703485246647,-9.40705877514234],[-40.4751371906288,-9.40890285658151],[-40.4776444051651,-9.40923959513118],[-40.478140502682,-9.40609594117473],[-40.4760207466601,-9.40559603323034],[-40.4782602330233,-9.40096140584417],[-40.4729017026514,-9.39937555663658],[-40.4770061976778,-9.39345612899713],[-40.4778092661846,-9.39345612899713],[-40.4778413890688,-9.39621868264606],[-40.4766021952351,-9.39626457864734],[-40.4766245209049,-9.396885867189],[-40.4780341245752,-9.39686113763134],[-40.4780341245752,-9.39800682535469],[-40.4784443503265,-9.39814356727175],[-40.4801221021533,-9.39811392381848],[-40.4810263569807,-9.39760041812474],[-40.4817924840358,-9.39920609558483],[-40.4807003113702,-9.39968793704862],[-40.4806219111722,-9.40025633556138],[-40.4824431678179,-9.4071077297379],[-40.4832701286135,-9.40694767289676],[-40.4818888517891,-9.40010553274407],[-40.483045270223,-9.40010553274407],[-40.4839125826995,-9.40383176932068],[-40.4835592327724,-9.40457059115983],[-40.4840673973924,-9.40759282494889],[-40.4856928599375,-9.40694263939127],[-40.4857114561187,-9.40575913157865],[-40.4843301792943,-9.40376752265304],[-40.4847798969746,-9.40158317822109],[-40.4851475820952,-9.4014519662352],[-40.4850098257428,-9.40081566890796],[-40.4939490338208,-9.40321560421673],[-40.4946592410311,-9.40472198573099],[-40.5037011921563,-9.40266613103707],[-40.5082507220931,-9.40083870504213],[-40.5126302981497,-9.40094072323576],[-40.5180731372655,-9.40217120443749],[-40.5212711318572,-9.40338948813435],[-40.5218041321549,-9.40226638238761],[-40.5186061357645,-9.40064834914194],[-40.5201470161718,-9.39531924728538],[-40.5240659882547,-9.39233183344732],[-40.5251695319483,-9.39086975523497],[-40.5262997756141,-9.38679492794353],[-40.5291848726837,-9.3844452098785],[-40.5295715352981,-9.38501033216109],[-40.5309099819101,-9.38459392716794],[-40.5321294563093,-9.38765748300638],[-40.5299581979124,-9.38822260528896],[-40.5301366566813,-9.39036412040783],[-40.5324268881903,-9.39057232335398],[-40.5323674016342,-9.39199999890076],[-40.530820752076,-9.39197025562277],[-40.5307612664193,-9.3928922972417],[-40.52954179202,-9.39277332412958],[-40.5290064130155,-9.39470663630221],[-40.5281116523308,-9.39441010374328],[-40.5245433079273,-9.40117862809115],[-40.5391106577306,-9.40846230299286],[-40.5421385743357,-9.401405718599],[-40.5430308717772,-9.4022980169399],[-40.5460318491905,-9.40939728135941],[-40.5469926749719,-9.40825856697921],[-40.54902711411,-9.40354723371782],[-40.5497766441767,-9.40358292601115],[-40.5502763308879,-9.40308323930003],[-40.5517753919208,-9.39894297733651],[-40.5520966189637,-9.39705130467396],[-40.5510258609547,-9.39683715361173],[-40.5500978721191,-9.39473133078621],[-40.5519538506896,-9.39398180071949],[-40.5517753919208,-9.3922685886244],[-40.5532387597609,-9.39180459420663],[-40.5534886031165,-9.3924470482926],[-40.5550761241638,-9.39298360001312],[-40.5605167878194,-9.39244466868643],[-40.5584930560097,-9.38823659244475],[-40.5560526206319,-9.38775296582668],[-40.5561802200411,-9.3859237555768],[-40.5539958747098,-9.38158718779846],[-40.5548310661008,-9.38036652539479],[-40.5541886111155,-9.37917798407665],[-40.5530321926815,-9.37856765197553],[-40.5509120931185,-9.37853552909134],[-40.5502375161484,-9.37882463414952],[-40.5497235526997,-9.38001317456833],[-40.5483101529911,-9.37994892879999],[-40.548213785238,-9.38039864737966],[-40.5467785230104,-9.38081148386284],[-40.5456006899199,-9.38038318083909],[-40.545743458194,-9.37988349412792],[-40.5431736400514,-9.37895550439299],[-40.5436733267626,-9.37767059532166],[-40.5451294892345,-9.37775073121124],[-40.5454512297904,-9.37728274290425],[-40.5451300027474,-9.37673665657138],[-40.5431705167059,-9.3762548160069],[-40.544937267241,-9.37461655700844],[-40.5443911800089,-9.37284980737268],[-40.5446802850671,-9.37185400335954],[-40.5459330712542,-9.3717255118229],[-40.5459576092562,-9.37078205644675],[-40.5670377009291,-9.36973390289728],[-40.5820096898953,-9.36632537701451],[-40.5824260957876,-9.37037046102792],[-40.5818907167831,-9.37042994668462],[-40.5821881495634,-9.37411811226106],[-40.5857573411283,-9.37388016603677],[-40.5856383680162,-9.37042994668462],[-40.5834968528974,-9.37031097357255],[-40.5829019882361,-9.36578999800997],[-40.5896239663729,-9.3640054031268],[-40.587363478142,-9.35365474686906],[-40.5641637329699,-9.36061467123006],[-40.5511361843874,-9.3612690224474],[-40.550779265051,-9.35817572333094],[-40.5484682619007,-9.35689183319153],[-40.5497877975687,-9.35473259063651],[-40.5456118442112,-9.35399376879736],[-40.5443911800089,-9.3558247642015],[-40.5413395222012,-9.35441136359352],[-40.5411789077803,-9.35306220965323],[-40.5349877670717,-9.3519621679197],[-40.5341435860576,-9.35457792613034],[-40.5346789641628,-9.35482777038528],[-40.5344648131006,-9.3557914506149],[-40.5333940550916,-9.35554160815867],[-40.532216222001,-9.35868249669985],[-40.529540068919,-9.35795283535504],[-40.5286470313354,-9.36068124444381],[-40.5274691973455,-9.3607169358379],[-40.5269171404137,-9.36274556895281],[-40.5289682583784,-9.36332244537454],[-40.5288968737917,-9.36385782437907],[-40.5306457781801,-9.36428612740281],[-40.5338223581153,-9.36182338524099],[-40.534571888182,-9.36078831862597],[-40.5383195403145,-9.36103816288085],[-40.5384266153959,-9.36150215819799],[-40.5376413930358,-9.36214461228399],[-40.5373201659928,-9.36357228873011],[-40.5366420196135,-9.36428612740281],[-40.5333583627981,-9.36407197634061],[-40.5328943683804,-9.36532119311853],[-40.5336438993464,-9.36567811155555],[-40.5335011310723,-9.36592795491117],[-40.5310383889105,-9.36707009660763],[-40.529253793128,-9.36578518843567],[-40.528611339042,-9.36617779916605],[-40.5300033231948,-9.36749839963142],[-40.5294679450896,-9.37074636415332],[-40.5256132178757,-9.3691759203324],[-40.5257559852505,-9.36839069707298],[-40.5241633416649,-9.36768013373113],[-40.5223877364049,-9.37082842818938],[-40.5205449661772,-9.3697469898317],[-40.5146201084312,-9.36778393528033],[-40.5136500196327,-9.37068138633687],[-40.5120502902886,-9.36956853106284],[-40.5127284357687,-9.36660610218981],[-40.515726556935,-9.3670344052136],[-40.5160477848773,-9.36599933859857],[-40.5152625616179,-9.36578518843567],[-40.5171093527144,-9.35752494781804],[-40.5142073969537,-9.35813053419673],[-40.5131210482977,-9.36239445563955],[-40.5126927452739,-9.36235876424553],[-40.5122287499568,-9.36342952135528],[-40.5089450931415,-9.36157354188538],[-40.507950377308,-9.3554779208693],[-40.5035716897816,-9.35275663800837],[-40.5043426363036,-9.35163234335791],[-40.50093762677,-9.34967285731649],[-40.5014325785506,-9.34885428179962],[-40.4997356765602,-9.34836192456312],[-40.4984641772799,-9.35044380203977],[-40.4991066322652,-9.35076502908276],[-40.4977896003098,-9.35278876089258]],[[-40.4939991188642,-9.3602733551312],[-40.4945130823128,-9.3598878832192],[-40.4969222860346,-9.36287529615795],[-40.4893413240428,-9.36926771773096],[-40.4847798969746,-9.36088368723234],[-40.4866430152629,-9.36004849584136],[-40.4873175922331,-9.36104430075381],[-40.4885382564353,-9.3604660924362],[-40.489501936665,-9.36178312259301],[-40.4905298635623,-9.36184736926066],[-40.4921360005759,-9.36065882794253],[-40.4916220371273,-9.3593739188712],[-40.4919753870544,-9.35911693669722],[-40.4923929818506,-9.3594702866244],[-40.4926499640246,-9.35905269182821],[-40.493388786763,-9.35940604175538],[-40.4932281732416,-9.35972726879841],[-40.4939991188642,-9.3602733551312]]]}},{"type":"Feature","properties":{"id":"675","municipality":"2611101","density":"Densa","type":"Área urbanizada","state":"PE"},"geometry":{"type":"Polygon","coordinates":[[[-40.4751777896233,-9.33545625120496],[-40.4766649526254,-9.33789519910408],[-40.4793715900268,-9.33640803610195],[-40.4779736568588,-9.33390960164672],[-40.4751777896233,-9.33545625120496]]]}},{"type":"Feature","properties":{"id":"676","municipality":"2611101","density":"Densa","type":"Área urbanizada","state":"PE"},"geometry":{"type":"Polygon","coordinates":[[[-40.2744908365828,-9.00735211500807],[-40.2758590273722,-9.00672750706878],[-40.2753533907463,-9.00577572217179],[-40.2747882693631,-9.00544854701281],[-40.2735390516858,-9.0061028982301],[-40.272111376139,-9.00297985583564],[-40.2709513882959,-9.0022957613403],[-40.2704160101907,-9.0028311394455],[-40.269791401352,-9.0021470440508],[-40.2686909009643,-9.00306908566972],[-40.2679473190135,-9.00253370666519],[-40.26586529135,-9.00446701883785],[-40.2658058038947,-9.0051511142325],[-40.2650324786659,-9.00586495200589],[-40.2646755602288,-9.00785775073457],[-40.2641401812243,-9.00794698056866],[-40.2628314778903,-9.00949363012688],[-40.2621176392176,-9.00895825202167],[-40.2616120043904,-9.00961260323901],[-40.2627422480563,-9.01065361797003],[-40.263813005166,-9.0108915641943],[-40.2649432488318,-9.00904748095644],[-40.2655976009485,-9.00913671079052],[-40.2667873320697,-9.00776852090048],[-40.2666683589575,-9.00690596583763],[-40.268363724906,-9.00577572217179],[-40.2685719269528,-9.00482393817419],[-40.2695831984058,-9.00488342473023],[-40.2694047387377,-9.0065490474006],[-40.2679175757355,-9.00732237173004],[-40.2677093727893,-9.00821467007093],[-40.2686909009643,-9.00934491373677],[-40.2704160101907,-9.00815518261557],[-40.2710703623073,-9.00863107596336],[-40.2720816319617,-9.00806595368078],[-40.2744313500268,-9.01041567084651],[-40.2755021080358,-9.01014798224356],[-40.2764241487554,-9.01214078097224],[-40.2773164470963,-9.0126464157994],[-40.2779410550356,-9.01371717380846],[-40.2770785008721,-9.014549984694],[-40.2778518252015,-9.0159479178621],[-40.2793984747598,-9.0147879309182],[-40.2785061773182,-9.01315205242525],[-40.2790415563227,-9.01288436202369],[-40.27832771765,-9.0126464157994],[-40.2749072415759,-9.00854184612928],[-40.2744908365828,-9.00735211500807]]]}},{"type":"Feature","properties":{"id":"677","municipality":"2611101","density":"Densa","type":"Área urbanizada","state":"PE"},"geometry":{"type":"Polygon","coordinates":[[[-40.5719204422746,-9.46899861519386],[-40.5715992143323,-9.46899861519387],[-40.5715992143322,-9.46960894639575],[-40.5703785510292,-9.46922347358441],[-40.5705070416666,-9.47378489975331],[-40.5712458644051,-9.47388126930509],[-40.5714707227956,-9.47320669143563],[-40.5722737922017,-9.47301395502996],[-40.5739120503009,-9.47301395502996],[-40.5732053504465,-9.47224301030661],[-40.5716634601006,-9.47198602813263],[-40.5716313372164,-9.47140781891568],[-40.5731411046782,-9.47143994179983],[-40.5731411046782,-9.47099022411948],[-40.5723059141865,-9.47054050464056],[-40.5725950192447,-9.4694804557584],[-40.5719204422746,-9.46899861519386]]]}},{"type":"Feature","properties":{"id":"678","municipality":"2611101","density":"Densa","type":"Área urbanizada","state":"PE"},"geometry":{"type":"Polygon","coordinates":[[[-40.0447868053668,-9.82383207838768],[-40.0482174527732,-9.82488218706322],[-40.0497991902803,-9.82237717676527],[-40.0500952183196,-9.8208758953063],[-40.0512793268794,-9.82047414386659],[-40.0515926317945,-9.81835565409013],[-40.050411179832,-9.81827126440727],[-40.0507614846547,-9.81689506515512],[-40.0501046935767,-9.81687006580087],[-40.0499003658092,-9.81766160320042],[-40.0486596539199,-9.81774580582424],[-40.0477838914134,-9.81962244092285],[-40.0454568641429,-9.81944728896116],[-40.0440787394422,-9.82268288510705],[-40.0447868053668,-9.82383207838768]]]}},{"type":"Feature","properties":{"id":"679","municipality":"2611101","density":"Densa","type":"Área urbanizada","state":"PE"},"geometry":{"type":"Polygon","coordinates":[[[-40.3560733998675,-9.72783881640822],[-40.3553360691043,-9.72908660686137],[-40.3569065129252,-9.72994321290891],[-40.3571544596106,-9.73099972385813],[-40.3598122350465,-9.73285737696632],[-40.3609391593147,-9.730589590737],[-40.3592640182199,-9.72860987894273],[-40.3589828613699,-9.72546051878788],[-40.3582628056839,-9.72516049596011],[-40.3572589005777,-9.72803835708449],[-40.3560733998675,-9.72783881640822]]]}},{"type":"Feature","properties":{"id":"680","municipality":"2611101","density":"Densa","type":"Área urbanizada","state":"PE"},"geometry":{"type":"Polygon","coordinates":[[[-40.482062756391,-9.47474114258961],[-40.4817653227114,-9.47554421109642],[-40.4852750277203,-9.47619856321309],[-40.4857211768908,-9.47488985987907],[-40.4875355159513,-9.47414627792837],[-40.4867621907225,-9.47280783131629],[-40.482062756391,-9.47474114258961]]]}},{"type":"Feature","properties":{"id":"681","municipality":"2611101","density":"Densa","type":"Área urbanizada","state":"PE"},"geometry":{"type":"Polygon","coordinates":[[[-40.7381508118105,-9.42626832192548],[-40.7376405526693,-9.4261589805525],[-40.7373489762742,-9.42397215489099],[-40.7364377993649,-9.42400860171557],[-40.7367658225846,-9.42608608600404],[-40.7357817511268,-9.42623187510087],[-40.7363649048165,-9.42936632539557],[-40.7374583176472,-9.43035039685328],[-40.7377134472178,-9.431225126938],[-40.7382237072582,-9.43115223328891],[-40.7381872604337,-9.43020460775642],[-40.7388797536976,-9.4294027722201],[-40.7381508118105,-9.42626832192548]]]}},{"type":"Feature","properties":{"id":"682","municipality":"2611606","density":"Densa","type":"Área urbanizada","state":"PE"},"geometry":{"type":"Polygon","coordinates":[[[-34.9213697797914,-7.81036701542537],[-34.9223215637891,-7.81108085319875],[-34.9221431041209,-7.81203263809573],[-34.9233328352421,-7.81250852964491],[-34.9242251326836,-7.81018855485786],[-34.9239871873588,-7.80983163642082],[-34.9217266991278,-7.8097721498648],[-34.9213697797914,-7.81036701542537]]]}},{"type":"Feature","properties":{"id":"683","municipality":"2611606","density":"Densa","type":"Área urbanizada","state":"PE"},"geometry":{"type":"Polygon","coordinates":[[[-35.0638734131275,-8.27544313689123],[-35.0627431685624,-8.27627594867601],[-35.0625052232374,-8.27812003101458],[-35.064408792132,-8.27990462679703],[-35.0640518727956,-8.28157024856808],[-35.0642898190199,-8.28222460068476],[-35.0649441702372,-8.28240306125223],[-35.06565800891,-8.28026154613339],[-35.0655390357978,-8.27788208479036],[-35.0645872509008,-8.27758465201003],[-35.0650631433493,-8.27716824611765],[-35.0664908197954,-8.27758465201003],[-35.0667287660197,-8.2783579772388],[-35.0679779827976,-8.27752516635332],[-35.0664908197954,-8.27520519066696],[-35.0651226299054,-8.27591902933966],[-35.0649564558757,-8.2756503685696],[-35.0638734131275,-8.27544313689123]]]}},{"type":"Feature","properties":{"id":"684","municipality":"2611606","density":"Densa","type":"Área urbanizada","state":"PE"},"geometry":{"type":"Polygon","coordinates":[[[-34.9575113537659,-8.14806340420267],[-34.9538231890889,-8.15062132431463],[-34.9551318933222,-8.15151362175619],[-34.9578682731023,-8.1503833780904],[-34.9578087874455,-8.15145413609946],[-34.9582846789947,-8.15145413609945],[-34.958879543656,-8.15008594620941],[-34.9592959504477,-8.15056183775859],[-34.9605451672256,-8.14990748564192],[-34.9622702755527,-8.14663572685725],[-34.9619133571157,-8.14550548319147],[-34.9606641403378,-8.14467267230594],[-34.9575113537659,-8.14806340420267]]]}},{"type":"Feature","properties":{"id":"685","municipality":"2611606","density":"Densa","type":"Área urbanizada","state":"PE"},"geometry":{"type":"Polygon","coordinates":[[[-34.8944921590858,-7.97648448227302],[-34.8929693037903,-7.97893532730349],[-34.8918747524178,-7.97800733666919],[-34.8908991732582,-7.97853081764306],[-34.8924458219171,-7.97898291582885],[-34.8919223409432,-7.97967296023887],[-34.8958960412692,-7.97936363032721],[-34.8957294787324,-7.97845943395566],[-34.8951822025965,-7.97812630978131],[-34.8962767548683,-7.97765041823216],[-34.8964671107685,-7.97691278529674],[-34.8957294787324,-7.97641309768626],[-34.8944921590858,-7.97648448227302]]]}},{"type":"Feature","properties":{"id":"686","municipality":"2611606","density":"Densa","type":"Área urbanizada","state":"PE"},"geometry":{"type":"Polygon","coordinates":[[[-35.0166353058746,-8.35767550082364],[-35.0164568471058,-8.35719960927453],[-35.0155050622088,-8.35767550082364],[-35.0136014933143,-8.35743755459942],[-35.0131256008657,-8.35779447393579],[-35.0133040614332,-8.35815139327212],[-35.0159214681012,-8.35827036638426],[-35.0163973596504,-8.35916266382584],[-35.0181819563322,-8.35981701594251],[-35.0184793882131,-8.35946009660614],[-35.0175870907716,-8.3588057453888],[-35.0182414419889,-8.35827036638426],[-35.0177060638837,-8.35761601516692],[-35.0166353058746,-8.35767550082364]]]}},{"type":"Feature","properties":{"id":"687","municipality":"2611606","density":"Densa","type":"Área urbanizada","state":"PE"},"geometry":{"type":"Polygon","coordinates":[[[-35.0132683691399,-8.34940687402799],[-35.0129114498035,-8.34958533369617],[-35.0132088816845,-8.35089403703012],[-35.012435557355,-8.35095352358623],[-35.0127329901354,-8.35166736225893],[-35.0151719380345,-8.35101301014225],[-35.0157668026957,-8.35131044292258],[-35.016381293262,-8.35439515171483],[-35.0178723692144,-8.35406315798832],[-35.0185626699312,-8.3527976059247],[-35.0185626699312,-8.35184582192711],[-35.0175513993775,-8.34994225303253],[-35.0162426951442,-8.35000173868923],[-35.0141606665815,-8.34922841525911],[-35.0121841635682,-8.34789979733774],[-35.0120844143642,-8.34834006943864],[-35.0132683691399,-8.34940687402799]]]}},{"type":"Feature","properties":{"id":"688","municipality":"2611606","density":"Densa","type":"Área urbanizada","state":"PE"},"geometry":{"type":"Polygon","coordinates":[[[-35.2278527202268,-8.21138882163678],[-35.2273768277784,-8.2116862544171],[-35.2274991958312,-8.21202205227588],[-35.2266035034489,-8.21174574097313],[-35.2264845303367,-8.21317341741924],[-35.2271388806547,-8.21364930986772],[-35.2282096386638,-8.21281649808288],[-35.2291019370048,-8.21442263419716],[-35.2285556762034,-8.21474891363141],[-35.2277932327714,-8.21418468797294],[-35.2266629891056,-8.2141252023162],[-35.2251758261035,-8.21460109386533],[-35.22435830729,-8.21396369217064],[-35.2242440933901,-8.21446337888177],[-35.2232127706528,-8.21477955263419],[-35.2230343109846,-8.215255445982],[-35.2245809614422,-8.21495801320169],[-35.2253542857716,-8.2157908240872],[-35.2272578546662,-8.21626671743503],[-35.2280311789957,-8.21602877121082],[-35.2280906655517,-8.21543390475085],[-35.2291019370048,-8.21513647286986],[-35.2298157747782,-8.21596928375539],[-35.2296264342126,-8.21696181333698],[-35.2285665580002,-8.21650466275992],[-35.2279122058836,-8.21680209464091],[-35.2282691252199,-8.21698055520841],[-35.2281501521078,-8.21751593421296],[-35.2289234773366,-8.21769439298181],[-35.2289234773366,-8.21828925764311],[-35.2271983681102,-8.21805131231816],[-35.2281501521078,-8.21900309721515],[-35.229339883229,-8.21894360975973],[-35.2299942353456,-8.21757541986966],[-35.2305891000069,-8.21828925764311],[-35.2308865327872,-8.21793233920602],[-35.2302916672266,-8.21727798798874],[-35.2305296125515,-8.21650466275992],[-35.2313624252357,-8.21811079887424],[-35.2317788302288,-8.21787285264997],[-35.2308270462311,-8.21614774432288],[-35.2311839646682,-8.21513647286986],[-35.2278527202268,-8.21138882163678]]]}},{"type":"Feature","properties":{"id":"689","municipality":"2611606","density":"Densa","type":"Área urbanizada","state":"PE"},"geometry":{"type":"Polygon","coordinates":[[[-34.8952131068993,-7.77146590232952],[-34.8913464825541,-7.7715848754416],[-34.8913464825541,-7.77777147367453],[-34.8949156750184,-7.77681968877757],[-34.8949751606751,-7.77777147367453],[-34.8953320800114,-7.77771198711844],[-34.8956295127917,-7.77628430977303],[-34.8964028380205,-7.77551098634291],[-34.8986534966615,-7.77610378166412],[-34.8959269446727,-7.78205450301284],[-34.8977115413545,-7.78306577356654],[-34.899853055574,-7.7834226938022],[-34.9015186791437,-7.78181655678861],[-34.9007453539149,-7.77931812323278],[-34.9018755975807,-7.77878274512757],[-34.9015781648004,-7.77789044678669],[-34.9027084093656,-7.77741455433817],[-34.9020540581482,-7.77539201323077],[-34.9002099749104,-7.77652225689661],[-34.899969325324,-7.77535338465094],[-34.9016376522558,-7.77396433588536],[-34.9015781648004,-7.77247717288317],[-34.9022920043724,-7.77307203844381],[-34.9072293849282,-7.77372638966113],[-34.9057422219259,-7.77033565776437],[-34.9021135438049,-7.77093052332493],[-34.899496137137,-7.77003822498405],[-34.8978900010227,-7.76997873932732],[-34.8952131068993,-7.77146590232952]]]}},{"type":"Feature","properties":{"id":"691","municipality":"2611606","density":"Densa","type":"Área urbanizada","state":"PE"},"geometry":{"type":"Polygon","coordinates":[[[-35.0233148126285,-8.14288882206143],[-35.0245590219812,-8.14195566482204],[-35.0240924438112,-8.14141132407331],[-35.0224594197664,-8.14141132407331],[-35.0220663521804,-8.13979713273142],[-35.0229490412652,-8.13948049223085],[-35.0231013261652,-8.13870002908307],[-35.0215784708697,-8.13761499523584],[-35.0207486331429,-8.1390006697451],[-35.0196599498467,-8.13946724791511],[-35.021604026005,-8.14218895525603],[-35.0233148126285,-8.14288882206143]]]}},{"type":"Feature","properties":{"id":"692","municipality":"2611606","density":"Densa","type":"Outros equipamentos urbanos","state":"PE"},"geometry":{"type":"Polygon","coordinates":[[[-35.0208303221616,-8.35815077723653],[-35.0213193006452,-8.35895860405628],[-35.0250074662216,-8.3570550351617],[-35.0251859258897,-8.35803656333669],[-35.0264053993896,-8.3580663057154],[-35.0264648859457,-8.357352467942],[-35.0252751548245,-8.35568684527164],[-35.0208303221616,-8.35815077723653]]]}},{"type":"Feature","properties":{"id":"693","municipality":"2611606","density":"Densa","type":"Área urbanizada","state":"PE"},"geometry":{"type":"Polygon","coordinates":[[[-35.0426123490806,-7.91567910190902],[-35.0428502953049,-7.91657140024991],[-35.041660565083,-7.91663088680593],[-35.0396380230763,-7.9191293212611],[-35.0448728373116,-7.91883188758152],[-35.0463600003137,-7.91954572715356],[-35.0464789734258,-7.91906983380575],[-35.0482040826523,-7.91906983380575],[-35.0485610019886,-7.91788010358386],[-35.0477281902038,-7.91817753636418],[-35.0442779717509,-7.91788010358386],[-35.0438615658585,-7.91544115568473],[-35.0426123490806,-7.91567910190902]]]}},{"type":"Feature","properties":{"id":"694","municipality":"2611606","density":"Densa","type":"Área urbanizada","state":"PE"},"geometry":{"type":"Polygon","coordinates":[[[-35.025837149265,-7.94679055543976],[-35.0263725282695,-7.94762336632528],[-35.0270268803862,-7.94708798822],[-35.0283355828208,-7.948337204998],[-35.0279786643838,-7.94869412433433],[-35.0282166097087,-7.94911053022675],[-35.0313693962806,-7.9525012612242],[-35.0326186130585,-7.95131153100233],[-35.0320237483973,-7.95053820577351],[-35.0327970727267,-7.94976488144408],[-35.0323806668343,-7.94887258310321],[-35.032083234054,-7.94911053022675],[-35.0315478559487,-7.94839669065471],[-35.0330350189509,-7.94685004199579],[-35.0324996399464,-7.94518441932548],[-35.0316668290609,-7.94464904032088],[-35.0308935038321,-7.94530339243756],[-35.029822745823,-7.9449464731012],[-35.028157124052,-7.9464336361034],[-35.0269079072741,-7.94571979833001],[-35.025837149265,-7.94679055543976]]]}},{"type":"Feature","properties":{"id":"695","municipality":"2611606","density":"Densa","type":"Área urbanizada","state":"PE"},"geometry":{"type":"Polygon","coordinates":[[[-35.1960435159954,-8.11326116626975],[-35.1976496521097,-8.11361808470679],[-35.2000291125535,-8.11564062671351],[-35.2018137092352,-8.11593806039315],[-35.2013378167868,-8.11076273181459],[-35.196578895,-8.10998940658578],[-35.1960435159954,-8.11326116626975]]]}},{"type":"Feature","properties":{"id":"696","municipality":"2611606","density":"Densa","type":"Vazio intraurbano","state":"PE"},"geometry":{"type":"Polygon","coordinates":[[[-34.9496939887865,-8.10045698769978],[-34.9488750058768,-8.1019094512601],[-34.9486668038299,-8.10345609991901],[-34.9496939887865,-8.104293868767],[-34.9502591110691,-8.10381797721783],[-34.9520734501296,-8.10435335532304],[-34.9534118958423,-8.10414515237684],[-34.9544529105733,-8.10741691116147],[-34.9540662479589,-8.10744665533885],[-34.9538283017347,-8.10667333011004],[-34.9525790849568,-8.10703024944638],[-34.9529360042931,-8.10798203344406],[-34.9537390719006,-8.10798203344406],[-34.9539472748468,-8.10848766917054],[-34.9553154647369,-8.10810100565687],[-34.9562375063558,-8.10872561539481],[-34.9572785201875,-8.10783331705392],[-34.9570108306852,-8.10714922165922],[-34.9561780197997,-8.1073276822267],[-34.957397494199,-8.1061082078275],[-34.9603420769253,-8.10595949143732],[-34.9611451454321,-8.10527539604268],[-34.9612046310888,-8.10447232843518],[-34.9626620508129,-8.10375848976246],[-34.9629496872782,-8.09987191935359],[-34.9617994957501,-8.09858316208323],[-34.9606989962616,-8.09825598602487],[-34.9602825903692,-8.09638216130766],[-34.9603123327479,-8.09501397141759],[-34.9609071992078,-8.09489499830552],[-34.9611748878108,-8.09418115873343],[-34.9591820890821,-8.09302117178959],[-34.9594795218624,-8.09200990123588],[-34.958765684089,-8.09177195501167],[-34.958765684089,-8.0913555500186],[-34.9534416400196,-8.09028479200946],[-34.9517760173493,-8.09102837396023],[-34.9531144639613,-8.09287245629877],[-34.9530847197839,-8.09406218562134],[-34.9516273009591,-8.09709599908105],[-34.951835503006,-8.09950520280286],[-34.9510919219546,-8.09953494698016],[-34.9496939887865,-8.10045698769978]]]}},{"type":"Feature","properties":{"id":"697","municipality":"2611606","density":"Densa","type":"Área urbanizada","state":"PE"},"geometry":{"type":"Polygon","coordinates":[[[-34.9109536888616,-7.81635135882813],[-34.910001904864,-7.81593495383499],[-34.9103588242003,-7.81682725217593],[-34.9089311468549,-7.81777903617354],[-34.9075629569648,-7.81736263028114],[-34.9079793628572,-7.81825492772272],[-34.906373226743,-7.81777903617354],[-34.9061352796194,-7.81831441517808],[-34.9056593880703,-7.81831441517808],[-34.9046481166172,-7.81760057560604],[-34.9039937662992,-7.81771954871818],[-34.9042317116242,-7.81825492772272],[-34.9038153057317,-7.8186713336151],[-34.9025066023978,-7.81801698239776],[-34.9017332780683,-7.81849287394694],[-34.9024471158416,-7.81944465884391],[-34.9015548184001,-7.81980157818027],[-34.9013168721759,-7.8208128487339],[-34.9029230082901,-7.82218103862398],[-34.9036963326196,-7.82218103862398],[-34.9045886309605,-7.82158617396272],[-34.9051834956218,-7.82045593029688],[-34.9048265771847,-7.82027746972937],[-34.9058378477384,-7.81932568573176],[-34.9087526880861,-7.81884979328328],[-34.9110726619737,-7.81724365716902],[-34.9109536888616,-7.81635135882813]]]}},{"type":"Feature","properties":{"id":"698","municipality":"2611606","density":"Densa","type":"Área urbanizada","state":"PE"},"geometry":{"type":"MultiPolygon","coordinates":[[[[-34.8384098301495,-7.88273786615957],[-34.8381816712471,-7.88245266685703],[-34.83679321526412,-7.8825788900679],[-34.83665759347236,-7.88375911024053],[-34.83653638897407,-7.884813866943247],[-34.8380105509462,-7.88382162296951],[-34.8384098301495,-7.88273786615957]]],[[[-34.8287330439947,-7.95807436533966],[-34.8291851412812,-7.9584550789387],[-34.8295896500423,-7.95755088436578],[-34.8292821583449,-7.95533254466114],[-34.8320213700901,-7.95403764502122],[-34.8324206483942,-7.95432284432377],[-34.8329340065991,-7.95403764502122],[-34.8326488081959,-7.95152789259811],[-34.8301390557728,-7.94724990575849],[-34.8349304008173,-7.94605206994704],[-34.8375542331413,-7.94451199443296],[-34.8386950285527,-7.94291487941809],[-34.8366986352338,-7.93846577317687],[-34.8320213700901,-7.93156395491252],[-34.8317932102883,-7.93042315770255],[-34.8343600022123,-7.9256888530581],[-34.8360141567279,-7.91850183459196],[-34.8377253516436,-7.91736103918055],[-34.8388091093529,-7.91507944565984],[-34.8406914227709,-7.91582096276717],[-34.8420059276314,-7.91398570187857],[-34.8423028352076,-7.91403027317853],[-34.8421744578849,-7.91542168536246],[-34.8409195816733,-7.92032710940851],[-34.8417181400801,-7.92135382581836],[-34.8404632638685,-7.92226646322667],[-34.8411534980354,-7.92323780028422],[-34.8425224541479,-7.92243924277677],[-34.8433780520554,-7.92335188018508],[-34.844284932004,-7.92220942372587],[-34.8450264491113,-7.92181014542182],[-34.8453116484138,-7.92238054312752],[-34.8486769978451,-7.91992783110449],[-34.8493044359509,-7.92021303040696],[-34.8494755562519,-7.91992783110449],[-34.8459961260204,-7.9169617599772],[-34.8445701313064,-7.91194225513091],[-34.8427448555906,-7.91251265373593],[-34.8427448555906,-7.91310844290031],[-34.8422449179686,-7.91306388419088],[-34.8429159758915,-7.91057329991784],[-34.8427448555906,-7.90988882231125],[-34.8437715728997,-7.90760722879056],[-34.8435434139973,-7.90435595926005],[-34.8431441347939,-7.90361444125341],[-34.8443990110055,-7.9034433218518],[-34.8451975694123,-7.90110468883029],[-34.8447982902089,-7.90030613132284],[-34.8459390874189,-7.89619926388484],[-34.8447982902089,-7.89551478627835],[-34.8422885377857,-7.89528662737593],[-34.8410336615742,-7.89391767126347],[-34.8401838211264,-7.89146661938896],[-34.8376740687033,-7.89272149470118],[-34.835981604305466,-7.889641764059295],[-34.83598160430546,-7.889641764059373],[-34.8286560197595,-7.95409468542136],[-34.8287330439947,-7.95807436533966]]],[[[-34.8788825957552,-7.93931497780394],[-34.8777120300861,-7.94235063127656],[-34.8773954327529,-7.94133751981065],[-34.8765626218674,-7.94092111481758],[-34.876443647856,-7.94127803415393],[-34.8771574874281,-7.94187289881518],[-34.8769195412039,-7.94318160304852],[-34.8763841621993,-7.94413338704612],[-34.8754323782016,-7.94389544082192],[-34.8747185386296,-7.94496619793165],[-34.8753134041902,-7.94568003660437],[-34.8774549193091,-7.94585849627254],[-34.877656952906,-7.94542556713616],[-34.8779308117575,-7.94579900971652],[-34.8799533528649,-7.94359800804161],[-34.8819164092149,-7.94347903492945],[-34.8821543554391,-7.94401441393399],[-34.8844743293268,-7.94437133327035],[-34.8852476536562,-7.94520414415586],[-34.8864968713335,-7.94556106439156],[-34.8873891687751,-7.94770257771178],[-34.8880435208918,-7.94829744417167],[-34.8913152796763,-7.94770257771178],[-34.8917316846695,-7.94901128194505],[-34.8891737645575,-7.94972511971843],[-34.8889953048894,-7.95240201384185],[-34.8901850360105,-7.95478147518486],[-34.8916127115573,-7.95412712306825],[-34.890898873784,-7.95287790629027],[-34.8898281166742,-7.95269944662209],[-34.8900660628984,-7.95222355417366],[-34.8931593620149,-7.95353225840695],[-34.8931593620149,-7.95412712306825],[-34.8912557931203,-7.95585223229465],[-34.8906609275597,-7.95585223229466],[-34.8905419553469,-7.95668504407945],[-34.8889953048894,-7.95852912641801],[-34.8888763317772,-7.9592429641914],[-34.8877460881114,-7.96019474908837],[-34.8877460881114,-7.960849101205],[-34.8890547923447,-7.96138447931021],[-34.8890547923447,-7.96209831798298],[-34.8897686301182,-7.96197934487084],[-34.8900065763424,-7.96245523731933],[-34.8894117107818,-7.96358548098511],[-34.8897091435621,-7.96590545487283],[-34.8883409527727,-7.96828491621587],[-34.8890547923447,-7.96959362044919],[-34.8909583612393,-7.9691177280007],[-34.891969631793,-7.96965310610591],[-34.8930998763582,-7.96959362044919],[-34.893819470692,-7.96834606292045],[-34.8923860367862,-7.96447777932599],[-34.8928024426786,-7.96352599442907],[-34.8937542266762,-7.96287164231239],[-34.8935162813512,-7.95977834319593],[-34.8927429561225,-7.95954039697172],[-34.8923265511294,-7.95727990874076],[-34.8929214157907,-7.95555480041366],[-34.8933378216831,-7.95567377262649],[-34.8935757679073,-7.95727990874076],[-34.8943490931361,-7.95745836930827],[-34.8953603627905,-7.95888604485505],[-34.8963716342435,-7.95805323396952],[-34.8976803375775,-7.95823169273838],[-34.8954793368019,-7.95936193730355],[-34.8953603627905,-7.96049218096932],[-34.8946465250171,-7.96090858686176],[-34.8947654981292,-7.96203883142687],[-34.8952413896783,-7.96197934487084],[-34.8970854729162,-7.9632880482048],[-34.8987510946872,-7.96209831798298],[-34.8990485283668,-7.96144396586629],[-34.8985726359183,-7.96037320785722],[-34.9008331241493,-7.95787477430133],[-34.9029746392682,-7.95769631463317],[-34.9036884770416,-7.95698247596046],[-34.9026772055885,-7.95567377262649],[-34.9039264232658,-7.95216406761758],[-34.9038074501536,-7.9505579324026],[-34.9044618022703,-7.9486543626087],[-34.9055920459361,-7.94930871472536],[-34.906484344277,-7.94835692982838],[-34.9049971812748,-7.9472266861626],[-34.9042238560461,-7.94359800804161],[-34.9007736366939,-7.94389544082192],[-34.9001787720326,-7.94490671227495],[-34.8985726359184,-7.94496619793165],[-34.8980967443692,-7.9457395231604],[-34.8965500939117,-7.94532311726801],[-34.8961336880192,-7.9447877391628],[-34.8901255485552,-7.94568003660437],[-34.8889953048894,-7.94508517104379],[-34.8885788998963,-7.94413338704612],[-34.885961492329,-7.94276519715607],[-34.8850691948874,-7.94109957358643],[-34.8850691948874,-7.93949343837142],[-34.8863778982214,-7.93961241058424],[-34.886020978885,-7.9373519232526],[-34.8821543554391,-7.93794678791386],[-34.8816189764346,-7.93729243669657],[-34.8801912999884,-7.93741140980866],[-34.8788825957552,-7.93931497780394]]],[[[-34.9296449761347,-8.22013429775961],[-34.9328886625817,-8.22461367608027],[-34.9340080514304,-8.22280550367101],[-34.9365328279276,-8.22316535030065],[-34.9383769102661,-8.21995307807204],[-34.9381389640419,-8.21929872595541],[-34.9370682069322,-8.21858488818202],[-34.935878475811,-8.21852540072662],[-34.9357595026988,-8.22096434862572],[-34.9341987706566,-8.22073482904911],[-34.9343869600901,-8.21864147172647],[-34.9348672052573,-8.21787104860993],[-34.9362353960466,-8.21763310328506],[-34.9361759085913,-8.21727618394868],[-34.9348077187012,-8.21727618394868],[-34.9346887455891,-8.21674080494417],[-34.9357595026988,-8.21620542683895],[-34.9367112875958,-8.2165623461753],[-34.9366518010397,-8.21578902094648],[-34.9373061531564,-8.21549158816623],[-34.9378415321609,-8.2163838856078],[-34.9378415321609,-8.21769258984108],[-34.9386148573897,-8.21715721083657],[-34.9398045867123,-8.21721669739265],[-34.9417081556069,-8.21227931593762],[-34.9413512371699,-8.21168445127637],[-34.9410538043895,-8.2125172621619],[-34.940577911941,-8.21263623527399],[-34.940577911941,-8.21067317982336],[-34.9368302607079,-8.2125172621619],[-34.9359379632663,-8.2108516385922],[-34.9293944447978,-8.21281469494215],[-34.9272529296789,-8.20662809580995],[-34.9257870473343,-8.20379405415223],[-34.9317864912536,-8.20383499039248],[-34.9320244365785,-8.20347807105611],[-34.9310131660247,-8.20210988116606],[-34.931608030686,-8.20115809626908],[-34.933648903574,-8.20068887589089],[-34.9341533665845,-8.20502195969561],[-34.9376035859367,-8.20442709503438],[-34.9373061531564,-8.20371325636166],[-34.9380199909298,-8.20335633702531],[-34.9375538633201,-8.19998985444819],[-34.9378541163743,-8.19818377026473],[-34.9386869281591,-8.19544738958531],[-34.9391033331523,-8.1955068761414],[-34.9403525499302,-8.19259203669311],[-34.9397576852689,-8.19217563080064],[-34.93624798026,-8.19175922490827],[-34.9361290071479,-8.19098590057883],[-34.9314890575739,-8.19110487369092],[-34.931608030686,-8.18932027790846],[-34.9327382752512,-8.18902284512815],[-34.9326787886951,-8.18700030312147],[-34.9403525499302,-8.18539416700713],[-34.9410663886029,-8.1833121393437],[-34.9418992003878,-8.1834311115565],[-34.9422561188248,-8.18396649056104],[-34.9438725791562,-8.18398881443222],[-34.9437699674101,-8.18470710295039],[-34.944305344616,-8.1850045357307],[-34.9451381573001,-8.18405275083376],[-34.9468632656271,-8.18464761729366],[-34.9469227530826,-8.18631323906472],[-34.9474581311878,-8.18637272562074],[-34.9484099160847,-8.18857372729565],[-34.9496591328626,-8.18982294407359],[-34.9512057824208,-8.18958499784937],[-34.9516816748693,-8.19000140374176],[-34.9515627017572,-8.19113164830685],[-34.9527524319791,-8.19380854243025],[-34.95227654043,-8.19416546086729],[-34.9538826756449,-8.19487929864067],[-34.9548344596426,-8.19630697598609],[-34.9562026504319,-8.19624748943005],[-34.9561431638759,-8.19672338097923],[-34.9550724067661,-8.19708030031558],[-34.9542395949813,-8.1990433557662],[-34.9535852428646,-8.19910284232226],[-34.9534662697525,-8.20053051876841],[-34.9523955126427,-8.20088743810477],[-34.9523360260867,-8.20023308598809],[-34.9519791067504,-8.20029257344346],[-34.9513247546337,-8.2014228171093],[-34.9516816748693,-8.20302895322357],[-34.9533472966404,-8.20332638600389],[-34.9535852428646,-8.20404022377727],[-34.9559052176516,-8.20356433222811],[-34.9577159450348,-8.20609814781125],[-34.9529308916473,-8.20862068589587],[-34.9534067840958,-8.21016733635343],[-34.9519791067504,-8.21236833712902],[-34.9533472966404,-8.21409344725476],[-34.9543119643257,-8.21357091866293],[-34.9559595888639,-8.21108881679544],[-34.9575765276346,-8.21224303009172],[-34.9578087874455,-8.21308217580174],[-34.9594744092166,-8.21349858079481],[-34.9595914919537,-8.21459915762501],[-34.9572852624049,-8.21672419356663],[-34.9562145052951,-8.21679557815338],[-34.9552865146609,-8.21886570868549],[-34.9552722154403,-8.22014748002216],[-34.954453362033,-8.21981857816479],[-34.9543585680934,-8.21926877403468],[-34.9508488630845,-8.22277847904355],[-34.951265268977,-8.22420615638896],[-34.9527524319791,-8.22349231771627],[-34.9534662697525,-8.22438461515782],[-34.9573923806538,-8.22426564204569],[-34.9577492999902,-8.22236207405041],[-34.9583441646514,-8.22176720759051],[-34.9595338957726,-8.2216482353777],[-34.9605451672256,-8.22313539837989],[-34.9625082217769,-8.22378974959726],[-34.9628056545573,-8.22515794038657],[-34.9640548722345,-8.22491999416235],[-34.9643523041155,-8.22616921094027],[-34.964828196564,-8.22640715716456],[-34.964828196564,-8.22676407560159],[-34.9634005201179,-8.22664510338876],[-34.9620323302278,-8.22599075217142],[-34.9594149226605,-8.22569331939117],[-34.9591174898802,-8.22622869839569],[-34.9603072210014,-8.22664510338876],[-34.9603072210014,-8.22759688828577],[-34.961259004999,-8.22932199661279],[-34.9636384663421,-8.22997634872945],[-34.963876411667,-8.23116607895134],[-34.96488768312,-8.2289055907204],[-34.9656610083488,-8.22896507817576],[-34.9658989536737,-8.22712099583725],[-34.9662558730101,-8.22700202272512],[-34.967505089788,-8.22825124040238],[-34.9682784150168,-8.22676407560159],[-34.9700035242432,-8.22706150928115],[-34.9702414695681,-8.22622869839569],[-34.9692301990144,-8.22628818405242],[-34.9692301990144,-8.2255148588236],[-34.9703009570235,-8.22373026394047],[-34.9700035242432,-8.2221241278262],[-34.9695276317947,-8.2216482353777],[-34.9679214956804,-8.22337334460411],[-34.9665533057904,-8.22373026394047],[-34.9656015208934,-8.22218361438222],[-34.9655420352367,-8.22081542359287],[-34.9637574385549,-8.22081542359287],[-34.9627461680012,-8.21569958336902],[-34.9639953847791,-8.21522369092053],[-34.9617348974475,-8.20534892711124],[-34.9639953847791,-8.20398073722118],[-34.9628651411134,-8.20195819611382],[-34.9634600066739,-8.20154179022137],[-34.9629246276694,-8.20053051876841],[-34.9603667066581,-8.20177973644565],[-34.9600097882211,-8.2009469246608],[-34.9616159243354,-8.20005462721923],[-34.9606641403377,-8.19678286843458],[-34.9614969512233,-8.19624748943004],[-34.9610210587748,-8.19499827175283],[-34.9591769773356,-8.19547416420126],[-34.9579872462144,-8.19273778442119],[-34.9559647042077,-8.19232137762942],[-34.9557862454388,-8.19101267519477],[-34.9567380294365,-8.19053678274628],[-34.956262136988,-8.18994191718573],[-34.9555482992146,-8.19000140374176],[-34.9562026504319,-8.18934705162507],[-34.9564405966562,-8.18708656429346],[-34.9563811101001,-8.18601580718371],[-34.9554293261025,-8.18601580718371],[-34.9554293261025,-8.1853019676117],[-34.9564405966562,-8.18482607606252],[-34.9561431638759,-8.18393377772163],[-34.9532283244276,-8.18131637105365],[-34.9528714050912,-8.18179226260281],[-34.95031348408,-8.17959126182723],[-34.9494211866384,-8.1802456139439],[-34.948766835421,-8.1795317761705],[-34.9481719698605,-8.17976972239473],[-34.9465658328469,-8.17840153160535],[-34.9461494278538,-8.17852050471748],[-34.9432747800071,-8.17568751796456],[-34.9435648230581,-8.17528145787293],[-34.9426130381611,-8.17438916043138],[-34.943445849946,-8.17313994275413],[-34.9430889297103,-8.17266405120497],[-34.9416017667081,-8.17361583520261],[-34.9410069020469,-8.17266405120497],[-34.9444571196004,-8.16933280496494],[-34.9461844312664,-8.16980855981711],[-34.9476596971373,-8.16433580025695],[-34.9468982690398,-8.1634791942094],[-34.9431863101001,-8.16243223136235],[-34.9438027692823,-8.16094520505716],[-34.9467176078313,-8.16189698995408],[-34.9471935011791,-8.16052880006403],[-34.9445760936118,-8.15969598827918],[-34.9449924986049,-8.1588036899383],[-34.9478478523964,-8.1592795832861],[-34.9486211767259,-8.15832779838911],[-34.9492755288425,-8.15642422859522],[-34.9474314474033,-8.15576987827724],[-34.9477883658404,-8.15463963371208],[-34.9486806641813,-8.15481809338025],[-34.9487996372934,-8.15416374126359],[-34.9493945019547,-8.15416374126359],[-34.94945398941,-8.1533309303781],[-34.9479668246092,-8.15297401104176],[-34.9483237448449,-8.15214120015622],[-34.9467770952867,-8.15178427992055],[-34.9460037700579,-8.15434220093181],[-34.9445760936118,-8.15428271527504],[-34.9449330129481,-8.15315247070994],[-34.9454089053966,-8.15321195726597],[-34.9455278776094,-8.15273606481748],[-34.94475455328,-8.15249811859328],[-34.9449924986049,-8.15166530680841],[-34.9436243087149,-8.15130838837137],[-34.9433863633899,-8.15214120015622],[-34.9425535516051,-8.15208171270081],[-34.9428978858287,-8.15071076189212],[-34.9395666413873,-8.14987795100661],[-34.9367757635906,-8.14763206956433],[-34.940577911941,-8.1455354351122],[-34.9403994522728,-8.14511902921976],[-34.9412322640577,-8.14440519144638],[-34.9408741747034,-8.14357883139791],[-34.9412448482711,-8.14315873378848],[-34.9422561188248,-8.14345616656881],[-34.9433268768338,-8.14274232879542],[-34.9435053356027,-8.14113619178175],[-34.9443976339436,-8.14077927334472],[-34.94475455328,-8.14161208512956],[-34.9455873641655,-8.14179054389843],[-34.9463606893943,-8.14137413890536],[-34.9461822297261,-8.14083875990082],[-34.9472867365936,-8.13767400155387],[-34.9500755378557,-8.13747480172068],[-34.9504324580914,-8.1380696681806],[-34.9481719698605,-8.1380101807252],[-34.9480529967483,-8.13872401939797],[-34.9531093513155,-8.139080937835],[-34.9547154874298,-8.13836710006154],[-34.9549534327547,-8.13878350595401],[-34.9568570016493,-8.1375937748328],[-34.958641598331,-8.1392593984025],[-34.9587605714432,-8.13824812694947],[-34.9574518681092,-8.13699891017155],[-34.9581657058825,-8.1358686656064],[-34.958641598331,-8.13658250427909],[-34.9600692747771,-8.13557123282608],[-34.9598313285529,-8.13616609928603],[-34.9601882478893,-8.1375937748328],[-34.9616754108915,-8.13652301772307],[-34.9620323302278,-8.13664199083518],[-34.9614374646672,-8.13860504628583],[-34.9602477344453,-8.14015169584407],[-34.9610210587748,-8.14140091262199],[-34.9621513033399,-8.14211475129469],[-34.9631030873376,-8.14211475129469],[-34.9643014600443,-8.14072178508231],[-34.964894407351,-8.14106061185772],[-34.9664887389641,-8.14061834506056],[-34.96629768519,-8.14184109209271],[-34.9667140910824,-8.1426739038775],[-34.9663571708467,-8.14392312065548],[-34.9654648743045,-8.14469644588423],[-34.9642156566272,-8.14481541899636],[-34.964037196959,-8.14535079710157],[-34.9651079540688,-8.14552925676976],[-34.96629768519,-8.14541028365762],[-34.9671899826316,-8.14439901310392],[-34.9680822809724,-8.14416106687968],[-34.9682892824244,-8.14485036934901],[-34.9692301990144,-8.14502959074298],[-34.9701819839114,-8.14461318485054],[-34.9706645142559,-8.14500524069928],[-34.9711755800889,-8.14332825599416],[-34.9707591741965,-8.1429713357585],[-34.9698668758556,-8.14350671476302],[-34.9688556053019,-8.14320928198272],[-34.9695099574186,-8.1419600652048],[-34.9711160926335,-8.14053238875869],[-34.9743878523175,-8.14011598286631],[-34.9752206641023,-8.13827190142707],[-34.9757560422075,-8.13809344085957],[-34.9757560422075,-8.13880728043159],[-34.9765293674363,-8.13892625264441],[-34.9767078271045,-8.1394021450929],[-34.9759939893311,-8.13964009131712],[-34.9776596111021,-8.13987803664203],[-34.9789683153355,-8.13898573920045],[-34.978789854768,-8.13737960308617],[-34.9776596111021,-8.1382124139717],[-34.9771242320976,-8.13696319719373],[-34.9786708816558,-8.13494065608637],[-34.9783139632188,-8.13482168207492],[-34.9783734497748,-8.13291811407965],[-34.9771837186536,-8.13166889730174],[-34.9763509077681,-8.13214478885091],[-34.9748042582099,-8.13202581573876],[-34.9746852850978,-8.13268016785543],[-34.9733765808645,-8.13226376196298],[-34.9730791489835,-8.13178787041385],[-34.9735550414319,-8.13119300395392],[-34.9726032574343,-8.13119300395392],[-34.9729006893153,-8.13422681741367],[-34.9733170952077,-8.1347027089628],[-34.9726032574343,-8.13523808796737],[-34.9728412027592,-8.13589244008399],[-34.9708186607526,-8.13726062997405],[-34.9706402010844,-8.13827190142707],[-34.9690967522133,-8.13836673044023],[-34.9689179508027,-8.13764335535656],[-34.9682014303517,-8.13769847210678],[-34.9686423661522,-8.13698195075637],[-34.970240760003,-8.13670636520652],[-34.9720596226534,-8.13384027890572],[-34.9707929491353,-8.13295273528047],[-34.9713717141333,-8.13176409593622],[-34.9704794166917,-8.1312882043871],[-34.9697060923622,-8.131526149712],[-34.968477372033,-8.13069062017594],[-34.9687748048133,-8.12952851532867],[-34.9696671031542,-8.12958800188473],[-34.9706783737079,-8.13077773300591],[-34.9707973468201,-8.12970697499687],[-34.9700835081473,-8.12881467665597],[-34.9704999140398,-8.12810083888257],[-34.9695481300421,-8.12726802799705],[-34.9702024812594,-8.12607829687585],[-34.9687748048134,-8.12708956832888],[-34.9640623033326,-8.1252709314083],[-34.9643045860877,-8.12264366367408],[-34.9662168838021,-8.1228660246473],[-34.96609791069,-8.11953477930655],[-34.9672876418112,-8.11947529275051],[-34.9692506972618,-8.11507329030008],[-34.9699282123171,-8.11556839676406],[-34.9688342913694,-8.11905888685811],[-34.9692523493164,-8.12031306069913],[-34.9690127510376,-8.12131937508906],[-34.9677040468043,-8.12155732131329],[-34.9677635342596,-8.12244961875485],[-34.9693101829186,-8.12250910621027],[-34.9707973468201,-8.12346089020786],[-34.9708568333761,-8.12221167342995],[-34.9694886425867,-8.12125988763366],[-34.9695947499977,-8.12079301988189],[-34.9700835081473,-8.12131937508906],[-34.9718086182731,-8.12125988763365],[-34.972046563598,-8.12018913142323],[-34.9712732392686,-8.11798812974836],[-34.9713922123806,-8.11769069696805],[-34.9724034829343,-8.11786915663624],[-34.9722250232662,-8.11632250707802],[-34.9734147543874,-8.11572764241676],[-34.9722250232661,-8.1144189381834],[-34.9708741651106,-8.11476957215798],[-34.9715111845934,-8.11376458606675],[-34.9737716728244,-8.11311023484939],[-34.9755562686068,-8.11311023484939],[-34.9772813778333,-8.1122774230646],[-34.9791849467279,-8.10977898860937],[-34.9805531366179,-8.1112066659548],[-34.9797203248331,-8.11156358529122],[-34.9806126231739,-8.11340766673039],[-34.981980813064,-8.11340766673039],[-34.9830515710731,-8.11203947684032],[-34.9836464357344,-8.11340766673039],[-34.9843602744071,-8.11358612729789],[-34.9865017886266,-8.11215844995247],[-34.9867397348509,-8.10811336593907],[-34.985550004629,-8.10811336593907],[-34.9850741130798,-8.10757798783385],[-34.9860258970775,-8.10478212059832],[-34.9885838180887,-8.10460366093015],[-34.9890002230818,-8.10264060637882],[-34.9883458718644,-8.10079652404033],[-34.9859069239653,-8.10085600969706],[-34.984241301295,-8.0999042256994],[-34.9834679760662,-8.09734630468819],[-34.9799582710573,-8.09758425091242],[-34.9768649719409,-8.10418725593707],[-34.975322732658,-8.10418725593707],[-34.971728634369,-8.10208031975088],[-34.9732157973711,-8.10011726430026],[-34.9747029603733,-8.09964137185177],[-34.9746434729179,-8.09880856096631],[-34.9739891217006,-8.0987490744102],[-34.9738106620324,-8.09833266941711],[-34.9750003922542,-8.09738088362081],[-34.974821932586,-8.09571526184982],[-34.9785695838192,-8.09577474840586],[-34.9789859897116,-8.09523936940133],[-34.9781531779268,-8.09333580140605],[-34.9764875561557,-8.09357374673097],[-34.9764875561557,-8.09285990805824],[-34.9758926896959,-8.092265043397],[-34.9761901233754,-8.09077788039481],[-34.9777367729337,-8.08857687871996],[-34.977082420817,-8.08827944593963],[-34.9799101986966,-8.08459511237447],[-34.9836897947482,-8.08798587125092],[-34.9861877318783,-8.08681037100178],[-34.9864816069406,-8.0873246519111],[-34.9889795440707,-8.08725118269588],[-34.9898611692575,-8.08835321372977],[-34.9920652313254,-8.08827974631322],[-34.9924325747035,-8.08783893282043],[-34.9926529805506,-8.08644302672428],[-34.9913305436696,-8.08585527659972],[-34.9919917621101,-8.08254918439732],[-34.9939019491156,-8.08409202802459],[-34.9952978552118,-8.0836512154312],[-34.9965468237768,-8.08453283971876],[-34.9988978233758,-8.08438590308693],[-34.994416230025,-8.08152062167932],[-34.9936080740533,-8.08218184101912],[-34.9903754501668,-8.08159409089456],[-34.9902285126358,-8.08019818479836],[-34.9887591382236,-8.07931655961148],[-34.9855265143371,-8.0791696229797],[-34.9850857008444,-8.07850840363989],[-34.9853795759067,-8.07740637260601],[-34.9841306082409,-8.07725943597417],[-34.9837632639634,-8.07483496715999],[-34.9844979516191,-8.07336559274786],[-34.9852326392748,-8.07336559274786],[-34.9858203893994,-8.07182274912054],[-34.9867754820028,-8.0719696866517],[-34.9872897629122,-8.07329212443192],[-34.9889060748554,-8.07336559274786],[-34.9914040119855,-8.07424721793474],[-34.9916244187319,-8.07586352987795],[-34.9934611374215,-8.0755696548157],[-34.9952243859966,-8.07615740494026],[-34.9949305118336,-8.07894921623331],[-34.9983100732512,-8.08137368504748],[-34.9991916984381,-8.08122674661701],[-35.001616166353,-8.08232877765091],[-35.0022773847935,-8.08152062167932],[-35.0014692288218,-8.07784718609872],[-35.0033059466121,-8.07659821663437],[-35.0038936967367,-8.07733290429009],[-35.0071997898384,-8.07725943597417],[-35.0080814150252,-8.07593699819389],[-35.0069059147761,-8.07579006066271],[-35.0053630720481,-8.07365946781018],[-35.0042610410141,-8.07432068625066],[-35.0036732908896,-8.0741737487195],[-35.0038936967367,-8.07373293612608],[-35.0025712598557,-8.07211662418279],[-35.0033059466121,-8.07050031223959],[-35.0042610410142,-8.07020643717728],[-35.0044814468612,-8.06969215626793],[-35.0041141025837,-8.06888400029635],[-35.0033059466121,-8.06881053108112],[-35.0030120724492,-8.06925134367452],[-35.0022039155782,-8.06888400029635],[-35.0022039155782,-8.06800237510948],[-35.0045549151772,-8.06770850004723],[-35.0047018527083,-8.06476975122298],[-34.996479030183,-8.06484316917687],[-34.9914774812008,-8.07094112483298],[-34.9919917621101,-8.07255743677627],[-34.9908162627603,-8.07285131183854],[-34.9891999499177,-8.06800237510948],[-34.9876583599453,-8.06826557429679],[-34.9874367013426,-8.06719421913783],[-34.9851591700596,-8.06594525057279],[-34.9846448891503,-8.0664595323815],[-34.9828816387766,-8.06572484472578],[-34.9826394081821,-8.0666332130523],[-34.9820000153883,-8.06609218810395],[-34.9822938895514,-8.06462281369188],[-34.9810449209863,-8.06447587616072],[-34.9810449209863,-8.06579831304169],[-34.9833959205852,-8.06807584432471],[-34.9820000153883,-8.0720431558669],[-34.9800898283828,-8.07167581158938],[-34.9803102342299,-8.07270437430736],[-34.9799428899524,-8.07454109299698],[-34.9781796413773,-8.07410028040356],[-34.9793551398278,-8.0702799063925],[-34.9764163910036,-8.06961868705271],[-34.9755347658168,-8.0723370309292],[-34.9746531406299,-8.0720431558669],[-34.9745796732133,-8.07314518690084],[-34.9734041729642,-8.07387987365717],[-34.9713470484275,-8.07410028040359],[-34.9719347976528,-8.07226356171395],[-34.9699511432306,-8.07174928080464],[-34.9687756429815,-8.07498190469114],[-34.9702107496264,-8.07604989098963],[-34.9708958216848,-8.07763135780089],[-34.9706578763598,-8.07870211491065],[-34.9634005201179,-8.07959441325154],[-34.9636384663421,-8.08149798214613],[-34.9579872462144,-8.08268771326733],[-34.9520385942057,-8.07888057457881],[-34.9519196210936,-8.0778098183684],[-34.9485288891969,-8.07715546625173],[-34.9469780766768,-8.07592755531238],[-34.9471162386235,-8.07448913736374],[-34.9490673969428,-8.07425119113952],[-34.9488951605832,-8.0726247995948],[-34.9513106415728,-8.07333334126067],[-34.9517865340213,-8.07247673611245],[-34.9525955506441,-8.07280986028678],[-34.9522624255704,-8.07371405485971],[-34.9527383180189,-8.07380923370915],[-34.9534045672669,-8.07209602161408],[-34.9481156129451,-8.07030128507619],[-34.9483535591694,-8.06915914427903],[-34.9478300772962,-8.06906396632895],[-34.9474017742724,-8.06992057237647],[-34.9465927576496,-8.07015851770137],[-34.9446416002296,-8.06920673280444],[-34.9433566911583,-8.06925432312848],[-34.9420717820871,-8.07082476694938],[-34.9400223161769,-8.07019554189073],[-34.9408753447213,-8.068440898029],[-34.9383174237101,-8.06510965268826],[-34.9432548060644,-8.06356300313008],[-34.9445040228424,-8.06273019224454],[-34.9458620261116,-8.05959432102106],[-34.9494527240639,-8.05860378433715],[-34.9509398870661,-8.06175657000967],[-34.9514157786152,-8.06074529855663],[-34.9511778332903,-8.06026940700748],[-34.9519511576198,-8.06003145988393],[-34.951832185407,-8.05949608177874],[-34.9523080769561,-8.05931762211055],[-34.9526055088371,-8.06068581200061],[-34.9542116458507,-8.05985300111507],[-34.9540331861825,-8.0593771086666],[-34.9565316197384,-8.05919864899842],[-34.9573644324226,-8.06145913722935],[-34.9583162164202,-8.06104273133696],[-34.9577213508596,-8.05907967588627],[-34.9582567289648,-8.05896070277419],[-34.9592085138618,-8.0562838086508],[-34.9602792709715,-8.05104899531484],[-34.9614690020927,-8.05158437431937],[-34.9620043801979,-8.04974029198088],[-34.9637889759804,-8.05057310286633],[-34.9642053818728,-8.05009721131724],[-34.960814649976,-8.04289934073195],[-34.9590895407497,-8.03689120216724],[-34.9568885390748,-8.03177536104403],[-34.9551039441917,-8.02909846692069],[-34.951237318947,-8.02820617037845],[-34.9495122097206,-8.02862257537151],[-34.9495716971761,-8.02993127870548],[-34.9508803996107,-8.02987179214946],[-34.9512968064024,-8.0302881980419],[-34.9524270500683,-8.0331435509341],[-34.9420253051237,-8.03864549529334],[-34.941589183394,-8.03447409160602],[-34.9430168589408,-8.02781160092462],[-34.9336774750354,-8.02703827659513],[-34.9327343389186,-8.02409197616373],[-34.9311282028042,-8.02230738128059],[-34.9313573059948,-8.02011268205457],[-34.9299084046491,-8.0188642207072],[-34.9299376703871,-8.01838790557738],[-34.9302945888242,-8.01755509379252],[-34.9310084265975,-8.01761458124788],[-34.9312463728218,-8.0189232845819],[-34.9325550770551,-8.01922071736216],[-34.9330904560596,-8.01904225769397],[-34.9329714829476,-8.01838790557735],[-34.933744807277,-8.01856636524555],[-34.9344586459497,-8.01809047279705],[-34.9349940240549,-8.01713868879939],[-34.9345181316065,-8.01523511990479],[-34.935053510611,-8.01469974090027],[-34.9361242677207,-8.01517563334876],[-34.9364217014004,-8.01386693001479],[-34.9343396728376,-8.01464025524355],[-34.9339827544006,-8.01404538878365],[-34.9336258341649,-8.01416436279506],[-34.9343991593937,-8.01666279725027],[-34.933744807277,-8.01797149968491],[-34.9333284022839,-8.01684125601912],[-34.9319602123938,-8.01713868879939],[-34.9305425570933,-8.01616756038453],[-34.9309274714256,-8.01571244677195],[-34.931608882344,-8.01643841909771],[-34.9332364331149,-8.01650980278516],[-34.9332221563774,-8.01274073689547],[-34.9340216545756,-8.01292633538202],[-34.9341073158998,-8.01258369278314],[-34.9334583893931,-8.01167867083393],[-34.9365231035583,-8.00918145496013],[-34.9373106650551,-8.01047168262198],[-34.9372511793983,-8.01243473807269],[-34.9378163007816,-8.0136839548506],[-34.9374891247233,-8.01454650991343],[-34.9377568142255,-8.01499265908395],[-34.9391250041156,-8.01430856368922],[-34.939692666983,-8.01548215737564],[-34.9383847559517,-8.01582998456612],[-34.938533112613,-8.01649552604768],[-34.9397323621587,-8.01620999129803],[-34.9403890929822,-8.01663829432176],[-34.940817396006,-8.01913672787766],[-34.9404176455578,-8.01930804872741],[-34.9398037449468,-8.01778043511893],[-34.939304059135,-8.01808024660609],[-34.939075630436,-8.01863704116648],[-34.9397894691087,-8.01933660310169],[-34.9395039325604,-8.02019320914923],[-34.9386758808872,-8.02060723543553],[-34.9389614156367,-8.01913672787766],[-34.9368341781547,-8.01865131790397],[-34.9372196509661,-8.01698093602136],[-34.9380619802761,-8.0173521320952],[-34.9385188358755,-8.01689527559643],[-34.9371355391738,-8.01547306612908],[-34.9354104299474,-8.01933968957498],[-34.933744807277,-8.02058890725221],[-34.9341612131694,-8.02165966526127],[-34.9361242677207,-8.02142171903705],[-34.9363027282882,-8.02100531314467],[-34.9378493778465,-8.02160017780593],[-34.9378493778465,-8.02088634003254],[-34.9386227030752,-8.02094582568924],[-34.9389201349562,-8.02165966526127],[-34.9395744870729,-8.02189761058623],[-34.9407642172948,-8.02100531314467],[-34.9415375416242,-8.02106479880139],[-34.9417754878484,-8.02261144925894],[-34.9437385441984,-8.02249247614681],[-34.9435005979742,-8.02035096102799],[-34.9427867593014,-8.02005352914701],[-34.9419167065907,-8.01770905233088],[-34.9432626508506,-8.01767406780398],[-34.9429652189696,-8.0181499602524],[-34.9436195710863,-8.01832841902125],[-34.9442144357475,-8.01612741824574],[-34.9456421121937,-8.01594895767823],[-34.9456421121937,-8.01529460736021],[-34.9429057324136,-8.01422384935114],[-34.9422513811962,-8.01446179467604],[-34.9424893274205,-8.01487820056843],[-34.9421918937409,-8.0151161467927],[-34.9417160021917,-8.01469974090027],[-34.9404436710386,-8.01546864596124],[-34.9391844906717,-8.01305934691131],[-34.9398983293444,-8.01282140068707],[-34.9403444776155,-8.0120480763576],[-34.939838841889,-8.01062039901218],[-34.9389762877254,-8.00830042512446],[-34.9375362500978,-8.00731834926233],[-34.9393285000102,-7.99697242433786],[-34.9388040549631,-7.99516600021071],[-34.9405106363568,-7.99362617560748],[-34.9438418807981,-7.99261490505375],[-34.9466972345896,-7.99261490505375],[-34.9523484547174,-7.99386412183175],[-34.957546433621,-7.9980216291948],[-34.9589741109664,-7.99590866755092],[-34.9586885762168,-7.99516627630253],[-34.9524079412734,-7.99190106728036],[-34.950682832047,-7.99148466138797],[-34.9483521966965,-7.99253935121005],[-34.9438788096593,-7.99232995756144],[-34.9413434472423,-7.99303131094622],[-34.9405106363567,-7.99225798571741],[-34.9393803917916,-7.9920200403925],[-34.9381906615697,-7.99237695882954],[-34.9370009313479,-7.9905923630471],[-34.9381906615697,-7.9897000647062],[-34.9373578497849,-7.98833187481614],[-34.9355732540024,-7.98880776726458],[-34.9351568490093,-7.988212901704],[-34.9360491473502,-7.98749906393061],[-34.9354542808903,-7.98696368492608],[-34.9359301742381,-7.98642830592155],[-34.934799929673,-7.98529806225573],[-34.9343835237806,-7.9854765219239],[-34.9340266053435,-7.98511960258753],[-34.9331343070026,-7.98571446814816],[-34.9327179011102,-7.98494114291935],[-34.9329558473344,-7.98327552114836],[-34.9320635489935,-7.98303757402476],[-34.9317661171125,-7.98184784380289],[-34.9308143322156,-7.98083657324925],[-34.9303979272226,-7.98155041102264],[-34.9292081961013,-7.98101503291742],[-34.9277805196552,-7.98244270936352],[-34.9267692491015,-7.98202630437039],[-34.9243303012024,-7.98410833203384],[-34.9227836516442,-7.98392987236565],[-34.9222482726396,-7.98274014214383],[-34.9183816491937,-7.97923043713492],[-34.919036000411,-7.97786224724486],[-34.9201067584201,-7.9773863547964],[-34.9201067584201,-7.97578021778275],[-34.9192739466353,-7.9742335691239],[-34.9185006223058,-7.9742335691239],[-34.9189170272989,-7.9756017590139],[-34.9182626760816,-7.97649405735485],[-34.9170729449604,-7.97655354301157],[-34.9164185928437,-7.97702943456074],[-34.9159427012946,-7.97643456989943],[-34.9167160256241,-7.97500689435266],[-34.9165375659559,-7.97464997411697],[-34.9145745114045,-7.97833813879403],[-34.9140986189561,-7.97679148923578],[-34.9140391324,-7.97899249091068],[-34.9135632399516,-7.97905197656742],[-34.9136227274069,-7.97756481356527],[-34.9129683752902,-7.9775053279085],[-34.9118976172812,-7.97554227155855],[-34.909101750945,-7.97643456989943],[-34.9092264941074,-7.9773493566874],[-34.9073766417186,-7.9773863547964],[-34.9045492586413,-7.97528935611883],[-34.9043428291582,-7.97441202789277],[-34.9032720711491,-7.97381716323144],[-34.9002977451448,-7.97371419085715],[-34.8982573246158,-7.9720277632706],[-34.8976862542172,-7.97225619107032],[-34.8958588282223,-7.97499733006272],[-34.8994054468039,-7.97607765056307],[-34.8985726359184,-7.97691046234792],[-34.8993459611472,-7.9775053279085],[-34.8990485283668,-7.97845711190617],[-34.899524419916,-7.97893300435466],[-34.8983346896941,-7.98077708579384],[-34.8975018779093,-7.97946838335919],[-34.8970259863601,-7.97946838335919],[-34.8965500939117,-7.98059862702497],[-34.8970854729162,-7.98101503291742],[-34.8966690670238,-7.98149092536585],[-34.8939326872437,-7.9804201673568],[-34.8930403889028,-7.98077708579384],[-34.8935162813513,-7.98155041102264],[-34.8946465250171,-7.98178835724685],[-34.8942896056807,-7.98244270936351],[-34.8932188485709,-7.98297808836806],[-34.8923265511294,-7.98458422358302],[-34.8918506577816,-7.9847626841505],[-34.8917316846695,-7.98398935892176],[-34.8910773343514,-7.98357295302929],[-34.8908393881272,-7.98452473792628],[-34.889649657006,-7.98619035969729],[-34.8890547923447,-7.98642830592155],[-34.8898281166742,-7.98738009081847],[-34.8910780151382,-7.9871887357715],[-34.8910854723166,-7.9878689110214],[-34.8907874963458,-7.9877520117459],[-34.8901926298859,-7.98900122942314],[-34.8906090357783,-7.99007198743222],[-34.8902521173413,-7.99132120421019],[-34.8890305106495,-7.99106845784304],[-34.8898876032303,-7.99071133615918],[-34.8895901713493,-7.99005698404256],[-34.8889358192326,-7.99017595715463],[-34.8887573586651,-7.98975955216156],[-34.8895306838939,-7.98898622693275],[-34.8880435208917,-7.98839136227151],[-34.8875081418872,-7.99011647059861],[-34.8866158444456,-7.98851033538365],[-34.8861994385532,-7.99065184960313],[-34.8875676293426,-7.99083030927132],[-34.8876624259801,-7.99114630226002],[-34.8855526812112,-7.99227298820778],[-34.8846008972136,-7.99334374621685],[-34.8846603837696,-7.99489039487577],[-34.8838870594402,-7.99590166632881],[-34.881686056866,-7.99489039487577],[-34.8800799207517,-7.99613961165369],[-34.8800204350949,-8.00119596712016],[-34.8762727838618,-8.00012521001038],[-34.8736016471982,-7.99869919281344],[-34.8622685814299,-7.98718766827626],[-34.8637135320538,-7.98660676558973],[-34.8632376396054,-7.98416781769061],[-34.8627022606008,-7.98381089925358],[-34.8627022606008,-7.98303757402476],[-34.8634160992735,-7.98256168157627],[-34.862940206825,-7.98256168157627],[-34.8626427749441,-7.98178835724685],[-34.8631186673926,-7.98107451857414],[-34.8640109648341,-7.98083657324925],[-34.8646653160515,-7.98155041102264],[-34.8671042639506,-7.98149092536587],[-34.8669852908384,-7.98053913956961],[-34.867818101724,-7.97940889590377],[-34.8677586160672,-7.97875454468648],[-34.868829373177,-7.97839762535006],[-34.868829373177,-7.98137195225376],[-34.8696621849618,-7.98137195225376],[-34.8697216706186,-7.98077708579384],[-34.8719821588495,-7.98095554636132],[-34.8725770244101,-7.97833813879403],[-34.8706734564149,-7.9780407060137],[-34.8698406437307,-7.97833813879403],[-34.8692457790694,-7.97643456989943],[-34.8712088336207,-7.97583970523818],[-34.871149347964,-7.97453100100483],[-34.8716252404125,-7.97435254223599],[-34.8723390781859,-7.97548278590181],[-34.8733503487395,-7.97548278590181],[-34.8737072680759,-7.97441202789277],[-34.8721011319616,-7.9730438380027],[-34.872458051298,-7.9724489733414],[-34.8723985647419,-7.97018848511043],[-34.873766754632,-7.97024797166656],[-34.8734098361949,-7.96947464733705],[-34.8744805933047,-7.96995053888624],[-34.8752837229654,-7.97104050101825],[-34.8743046400471,-7.97102775402762],[-34.8741904252479,-7.97218893077451],[-34.8753516019948,-7.97264578817255],[-34.8768744572903,-7.97169400417489],[-34.8777500992876,-7.9723602534229],[-34.8781879198366,-7.9720366458745],[-34.8780737059367,-7.96994272018039],[-34.8771772320436,-7.96951401066303],[-34.8766815949796,-7.96834440277196],[-34.8775144058651,-7.96757107844245],[-34.8769195412039,-7.96667878010157],[-34.8740641874123,-7.96638134732127],[-34.8728744571904,-7.96739261787496],[-34.872814969735,-7.96858234899618],[-34.8715657529571,-7.96876080776502],[-34.8693647521815,-7.96834440277196],[-34.8682379897914,-7.96751714699872],[-34.8681231301783,-7.96371945568832],[-34.8684800486153,-7.96336253725129],[-34.867825697398,-7.9599718053545],[-34.8689055025868,-7.9583320993469],[-34.8708932516222,-7.95959061601405],[-34.8704355092912,-7.96037320785722],[-34.8740047008562,-7.96233626420717],[-34.8716252404125,-7.96513212964402],[-34.8708519151837,-7.9669762128819],[-34.8715062673003,-7.96763056409919],[-34.8734693218517,-7.96638134732127],[-34.8744071097003,-7.96474021858614],[-34.8748969991971,-7.96566750864856],[-34.8763246747439,-7.96287164231239],[-34.8754918638584,-7.96186037085938],[-34.8768005680917,-7.96055166842474],[-34.8762057016317,-7.95918347763536],[-34.8769195412039,-7.95900501796719],[-34.8774549193091,-7.95823169273838],[-34.8789420832105,-7.95150971640027],[-34.8782877310939,-7.95061741805934],[-34.8778118386454,-7.95127177017599],[-34.8770665938481,-7.95129937216824],[-34.8772245678595,-7.94956166343997],[-34.8757892678604,-7.94942770222663],[-34.875075457966,-7.94978460717385],[-34.8751349454213,-7.95121228272064],[-34.872458051298,-7.95067690461544],[-34.8727943707635,-7.94914817764625],[-34.875101537406,-7.94936351401492],[-34.8762057016317,-7.94853539039589],[-34.8737072680759,-7.9486543626087],[-34.8740047008562,-7.94585849627254],[-34.8733503487395,-7.9447877391628],[-34.8723985647419,-7.94466876605065],[-34.872160619417,-7.94252725093185],[-34.8707329420716,-7.94127803415393],[-34.8676396429551,-7.94109957358643],[-34.8669258042824,-7.94068316859329],[-34.8669852908384,-7.94115906104178],[-34.865260181612,-7.94145649292278],[-34.8657915640294,-7.94206636097374],[-34.8655057217116,-7.94278019874712],[-34.8630507649808,-7.94277075226836],[-34.8611632058173,-7.94349403831917],[-34.8548459765605,-7.94723840432886],[-34.8538463639185,-7.94611144498714],[-34.853310984914,-7.94611144498714],[-34.8535489311382,-7.94551658032588],[-34.8530135521337,-7.9453381197584],[-34.852061768136,-7.94664682399169],[-34.8522997143603,-7.94730117520902],[-34.8515858756876,-7.94771758110142],[-34.8511099832391,-7.94700374332804],[-34.8502771723536,-7.94765809364607],[-34.8503366589096,-7.94843141887486],[-34.8435551951161,-7.95432058522675],[-34.8444474925577,-7.95485596423134],[-34.8446259522259,-7.9559267213411],[-34.8433767354479,-7.95551031634796],[-34.842365463995,-7.95670004567053],[-34.8426034102192,-7.95759234401142],[-34.8419490581025,-7.95735439778721],[-34.8417111118783,-7.95806823556059],[-34.8407593278806,-7.95759234401141],[-34.8396290842148,-7.95890104824474],[-34.8360004060938,-7.95991231879846],[-34.8328476204213,-7.95902002135689],[-34.832550187641,-7.95937693979392],[-34.8317173758562,-7.9585441289084],[-34.8324312136295,-7.96074512968393],[-34.8316578901994,-7.96074512968393],[-34.8308845649706,-7.9587820751326],[-34.8306466187464,-7.96050718435903],[-34.8299327800737,-7.96020975067939],[-34.8292189423003,-7.96062615657184],[-34.8292784288563,-7.96139948180058],[-34.8304086734215,-7.9631840775831],[-34.831355082328756,-7.967916124026935],[-34.8518057478153,-8.021654180413115],[-34.8527756059094,-8.02231368372946],[-34.8540248226874,-8.02183779128097],[-34.8555119856896,-8.02237317028556],[-34.8575940151516,-8.02201625094917],[-34.8578914470326,-8.02356290140672],[-34.8568206899229,-8.02421725172475],[-34.8587837453735,-8.0265372274111],[-34.8600329621514,-8.02629928118682],[-34.8611037201605,-8.02546646940198],[-34.8612226932726,-8.02481211818469],[-34.8633619636836,-8.0246989807733],[-34.8677322236631,-8.03154563822057],[-34.8693383597774,-8.02982052899416],[-34.870885010235,-8.03077231299182],[-34.8707065496675,-8.03118871888421],[-34.8695168194456,-8.03089128610395],[-34.8695168194456,-8.03160512387735],[-34.8687434951162,-8.03160512387735],[-34.8685055488919,-8.03225947599396],[-34.8704686043426,-8.03291382811064],[-34.8708255227796,-8.03350869277194],[-34.8702901437751,-8.03416304488856],[-34.8710039833471,-8.03457945078099],[-34.8683865748805,-8.03606661378313],[-34.8674942783383,-8.03517431634157],[-34.8667209531095,-8.03565020789074],[-34.8677322236631,-8.03695891212404],[-34.8670183849904,-8.03725634400501],[-34.8671968446586,-8.03791069612168],[-34.869933225338,-8.03576918100288],[-34.8707065496675,-8.0357096953461],[-34.8705875765553,-8.038208128902],[-34.871301415228,-8.03904093978747],[-34.8698737387819,-8.03999272378513],[-34.8742757412324,-8.04653624225375],[-34.8757034176785,-8.04748802715067],[-34.8756439320218,-8.04820186492406],[-34.8746326605688,-8.04891570269746],[-34.8742757412324,-8.04849929770439],[-34.8735147915743,-8.04980973762924],[-34.8724911463493,-8.05052183881181],[-34.8700521975508,-8.04689316069079],[-34.8694573328895,-8.04719059437037],[-34.8680296564435,-8.04397832214181],[-34.8660071144367,-8.04498959269554],[-34.8677322236631,-8.04921313637709],[-34.8674347908828,-8.05450743716848],[-34.8679701698874,-8.05664895138795],[-34.8684460623359,-8.05664895138795],[-34.8703496312305,-8.06182427906721],[-34.8729670378984,-8.06688063363432],[-34.8741567681203,-8.06533398407607],[-34.8745731740127,-8.06360887484965],[-34.8736213900151,-8.06069403540137],[-34.8735024169029,-8.05819560094619],[-34.8727885782302,-8.05807662783405],[-34.8723721732372,-8.05605408582732],[-34.8731454966673,-8.05599460017061],[-34.8732049841227,-8.05516178838576],[-34.8724316588939,-8.05557819427821],[-34.8721937126697,-8.05456692282518],[-34.8732049841227,-8.05456692282518],[-34.8731454966673,-8.05397205816389],[-34.8720747395576,-8.05409103127603],[-34.8718367942326,-8.05254438081847],[-34.8721342270129,-8.05254438081847],[-34.8724316588939,-8.05111670527167],[-34.8738055351972,-8.05031527712827],[-34.8792682043641,-8.05829763802552],[-34.8771057899002,-8.05987483755365],[-34.8763919512275,-8.05987483755365],[-34.8765109243396,-8.06052918967032],[-34.8777006545615,-8.0604697040136],[-34.8777601411176,-8.06106456867487],[-34.8765704108957,-8.06154046112335],[-34.8759755462344,-8.06629938291013],[-34.8740124898845,-8.06838141237223],[-34.8757375991109,-8.07141522403333],[-34.890430771263,-8.07700695760498],[-34.8905497443752,-8.07861309371924],[-34.8887056620366,-8.08027871728894],[-34.8893005266979,-8.08063563572598],[-34.8899548788145,-8.0804571760578],[-34.8922153670455,-8.08152793406685],[-34.8934645838235,-8.08105204071904],[-34.8963199367157,-8.08087358195018],[-34.9001865610609,-8.08152793406685],[-34.9016737240631,-8.07944590460477],[-34.903934212294,-8.08063563572598],[-34.903934212294,-8.08158741972357],[-34.9017926971752,-8.08247971806448],[-34.9013762921821,-8.08325304329327],[-34.9042316450743,-8.0840263676227],[-34.9037683368392,-8.08509988565118],[-34.9041847427317,-8.08855010410401],[-34.9053149872968,-8.09087007889099],[-34.9073375293035,-8.09069161922281],[-34.9079918814202,-8.09211929566892],[-34.908170340189,-8.09604540567091],[-34.9075159880724,-8.10080432835703],[-34.9084082864132,-8.10116124769338],[-34.9084082864132,-8.10151816702974],[-34.9073970149602,-8.10145867957438],[-34.9073448740667,-8.10317752502273],[-34.9050758260885,-8.10291845822026],[-34.9053232898379,-8.10217606607257],[-34.9045808976902,-8.10288038722008],[-34.9052852179384,-8.10339434976936],[-34.9055622522961,-8.10714825668664],[-34.9043037158438,-8.10895398204059],[-34.9046011486241,-8.10954884760116],[-34.9043632032992,-8.11097652404733],[-34.9011014099021,-8.11246920888683],[-34.8994111413111,-8.11040510920838],[-34.8994859073487,-8.10958268099586],[-34.8984391819226,-8.10756399618146],[-34.8972429226228,-8.10763876221905],[-34.8955980679964,-8.10853595556983],[-34.8882709873162,-8.10225560031563],[-34.8887195844412,-8.09986308441375],[-34.8901928250388,-8.0983031338825],[-34.8895979603775,-8.0971134027613],[-34.8931076653864,-8.09526932132207],[-34.8948327737135,-8.09300883309113],[-34.8942379090522,-8.0917596163132],[-34.8947138006014,-8.09092680542767],[-34.894059449384,-8.09062937174803],[-34.893048177931,-8.09164064320108],[-34.8926317729379,-8.09140269697686],[-34.8934050972674,-8.09033193896778],[-34.8917989611531,-8.08997501963142],[-34.8910256359243,-8.09140269697686],[-34.890668716588,-8.09116475075263],[-34.8916205023842,-8.08902323563376],[-34.8960819913908,-8.088904263421],[-34.8975096678368,-8.0896181011944],[-34.8970932619445,-8.08670326084677],[-34.8929886922743,-8.08694120707099],[-34.8919774208213,-8.0852755853],[-34.890430771263,-8.08509712473252],[-34.8912040955925,-8.08462123318334],[-34.8910256359244,-8.08438328695905],[-34.8898359057025,-8.08503763907573],[-34.8893005266979,-8.08491866596365],[-34.8895979603775,-8.08438328695905],[-34.8876943905836,-8.08372893484244],[-34.886802093142,-8.08426431384698],[-34.8859692822565,-8.08396688106666],[-34.8790688453509,-8.08057614916993],[-34.8760945193465,-8.07831566093892],[-34.8760350318912,-8.07885103994351],[-34.87978631820722,-8.088662873575956],[-34.8806154949092,-8.090272453311],[-34.8814483057946,-8.09009399274351],[-34.882880907683706,-8.095749034985875],[-34.889882502217766,-8.111781671745023],[-34.8954485359211,-8.12139573112803],[-34.8969438593716,-8.12476020731765],[-34.8976915197478,-8.12782561755813],[-34.908003450299,-8.15201695072165],[-34.9097706091262,-8.15134935698717],[-34.9110257920066,-8.1543380505605],[-34.9092419993188,-8.15509120759311],[-34.9140595056416,-8.16796461507488],[-34.9142974518659,-8.17022510330583],[-34.9158441023234,-8.17409172675172],[-34.916676913209,-8.17962397376732],[-34.9183425358793,-8.18408546367319],[-34.91803512435174,-8.18784271361071],[-34.92149597705906,-8.200113009573027],[-34.92690840810381,-8.219302537822593],[-34.9286527739063,-8.21789106032412],[-34.9296449761347,-8.22013429775961]],[[-34.8554525000328,-7.94974012310815],[-34.8575345276963,-7.95057293399368],[-34.8580104201447,-7.95140574577851],[-34.8609847470484,-7.95307136844883],[-34.8612226932726,-7.95283342222462],[-34.861936531046,-7.95360674655405],[-34.8625313957073,-7.95330931377379],[-34.8633047209361,-7.95390418023368],[-34.8638995855974,-7.95354725999802],[-34.8638995855974,-7.95295239533675],[-34.8630667747118,-7.95277393566858],[-34.8642565049337,-7.95176266511489],[-34.8651488032746,-7.9518221507716],[-34.8655057217116,-7.9508108802179],[-34.8660411007162,-7.95152471889059],[-34.8656841822792,-7.95188163822695],[-34.8658626419473,-7.95241701633222],[-34.8650893167185,-7.95295239533675],[-34.8652082898307,-7.9537257196662],[-34.8644944520573,-7.9539636658904],[-34.8644944520573,-7.95449904489499],[-34.8666628569053,-7.9556523381848],[-34.8649993656282,-7.95850729987194],[-34.8627098562748,-7.95800874990386],[-34.8625313957073,-7.95931745323784],[-34.8621744772703,-7.95943642634995],[-34.861936531046,-7.95866310202053],[-34.8599139890393,-7.95824669612808],[-34.8597950159272,-7.9585441289084],[-34.8584863116939,-7.95753285835469],[-34.8592596369227,-7.95622415412136],[-34.8575940151516,-7.95539134323587],[-34.8570586361471,-7.95438007178285],[-34.8566422302547,-7.95479647677595],[-34.854619688248,-7.95479647677592],[-34.8541437957995,-7.95521288266838],[-34.8535489311382,-7.9551533970116],[-34.8537273899071,-7.95432058522675],[-34.8522997143603,-7.95432058522675],[-34.8519427950239,-7.9537257196662],[-34.852359200017,-7.95247650288826],[-34.8526566327973,-7.95265496255643],[-34.8531325252458,-7.95247650288826],[-34.8530135521337,-7.95206009699581],[-34.8537868773624,-7.95194112388374],[-34.8542032832549,-7.95140574577851],[-34.8542627689116,-7.9500970424445],[-34.855928391582,-7.94813398699386],[-34.8566422302547,-7.94843141887486],[-34.8554525000328,-7.94974012310815]],[[-34.9062380973103,-8.07125195841109],[-34.9051435450385,-8.07210856355932],[-34.9045724737406,-8.07363141885486],[-34.90466765259,-8.07496391735089],[-34.9043345284157,-8.07558257717414],[-34.903620689743,-8.07529704242451],[-34.9031447981938,-8.07229892125816],[-34.9002894453016,-8.06792071307041],[-34.9024309604204,-8.06492259190406],[-34.9035731012176,-8.06516053812828],[-34.9041441707168,-8.06682616079866],[-34.9066664003341,-8.06906285386758],[-34.9062380973103,-8.07125195841109]],[[-34.9348672052573,-8.06921422325775],[-34.939411166592,-8.07115046272362],[-34.9358582590514,-8.07650111413507],[-34.9370479892733,-8.07673906035928],[-34.9376428548338,-8.07763135780089],[-34.9369885027172,-8.0780477636933],[-34.9365720968248,-8.07727443936387],[-34.935798771596,-8.07757187124481],[-34.9360367178202,-8.0785236561418],[-34.9349659607105,-8.07905903514632],[-34.9344900691613,-8.07876160236602],[-34.934192636381,-8.07745289813273],[-34.9333598245962,-8.07798827713727],[-34.9319916347061,-8.0778098183684],[-34.9293742280382,-8.07929698137053],[-34.9296121742624,-8.08078414437274],[-34.92919576837,-8.08078414437274],[-34.9271982895694,-8.083042162166],[-34.9256467935646,-8.08253920462056],[-34.9236242515579,-8.08021922983353],[-34.9235647659012,-8.079683850829],[-34.9247544961231,-8.07873206683138],[-34.9244570642421,-8.07706644416102],[-34.926003712901,-8.07629311893226],[-34.9265390919055,-8.07659055171259],[-34.9272529296789,-8.07617414582012],[-34.9285021473562,-8.0764120920444],[-34.9288590657932,-8.076055172708],[-34.9295134179098,-8.07623363327554],[-34.9298108506901,-8.07694747104894],[-34.930584175919,-8.07688798539216],[-34.9311195540242,-8.0761146601634],[-34.9326067179256,-8.07617414582012],[-34.9337964481475,-8.07212906270604],[-34.9335585019233,-8.07111779215235],[-34.9338559347036,-8.07040395258031],[-34.9348672052573,-8.06921422325775]],[[-34.9204714658854,-8.0852755853],[-34.9220181163429,-8.08539455841207],[-34.9224940078921,-8.08634634240976],[-34.9221370885558,-8.08717915329528],[-34.9189248172264,-8.08949912808226],[-34.920828386121,-8.09164064320107],[-34.9210068448899,-8.0910457776405],[-34.9218991432308,-8.09074834486017],[-34.9224345222354,-8.0910457776405],[-34.9218991432309,-8.09140269697685],[-34.9222560616679,-8.09205704909351],[-34.9212447911142,-8.09283037342294],[-34.9204714658854,-8.09265191375477],[-34.9204714658854,-8.09306831874786],[-34.9213637642263,-8.09467445576151],[-34.922077602899,-8.09437702298119],[-34.9225534953475,-8.09503137509786],[-34.9223155491232,-8.09562623975911],[-34.9214827373384,-8.09574521287123],[-34.9215422238944,-8.09610213220759],[-34.92237503478,-8.09639956498791],[-34.9226129810042,-8.09741083644094],[-34.92374322467,-8.09812467421433],[-34.9241001440064,-8.09913594476797],[-34.9236837390133,-8.10002824310893],[-34.9243636111916,-8.10103775009203],[-34.9235178635585,-8.10068535524487],[-34.9226850517737,-8.10163714014186],[-34.9228635123412,-8.10318378880079],[-34.9244101618994,-8.10389762837281],[-34.9238152963388,-8.10419506025381],[-34.9210789156594,-8.10425454680984],[-34.9223876198927,-8.1027078972516],[-34.9217927543321,-8.10217251914641],[-34.919873101962,-8.10262575767252],[-34.9195850311243,-8.10172742218277],[-34.9202988688976,-8.10158465390862],[-34.9197634907924,-8.1004782054048],[-34.9171222889624,-8.10158465390862],[-34.9184544277296,-8.1030126693991],[-34.9169148594332,-8.1034812215811],[-34.916795886321,-8.10276738380764],[-34.9156061560992,-8.10246995102739],[-34.9149518039825,-8.10116124769338],[-34.9159630754355,-8.10175611325399],[-34.916676913209,-8.10080432835703],[-34.9163199938725,-8.09997151657217],[-34.9174502384377,-8.09961459813513],[-34.9188779148838,-8.098127435133],[-34.9210194300027,-8.09741359556097],[-34.9210194300027,-8.09699719056784],[-34.9202461047739,-8.09681873089967],[-34.9199486719935,-8.09610489312627],[-34.9182235627672,-8.08991829399402],[-34.916379481328,-8.08914496966457],[-34.9133456678682,-8.08878805032822],[-34.9125723426395,-8.08819318476761],[-34.9120369636349,-8.08860959066005],[-34.9116205586418,-8.08843113099188],[-34.9122154242024,-8.08759832010634],[-34.9115252592832,-8.08645409917727],[-34.9130951374306,-8.08474020629546],[-34.9141658954397,-8.08479969195219],[-34.9148797332131,-8.08563250373702],[-34.9152366516501,-8.08497815162036],[-34.9173186811122,-8.08533507095673],[-34.9191627625514,-8.0840858541788],[-34.9204714658854,-8.0840263676227],[-34.9204714658854,-8.0852755853]],[[-34.9286060145559,-8.10224158438156],[-34.9324131532444,-8.104293868767],[-34.9358931149752,-8.10441284187909],[-34.9378859128046,-8.10405592344205],[-34.9398489691546,-8.10045698769978],[-34.9419805179865,-8.09961327073582],[-34.9444591736519,-8.09641190368638],[-34.9480878517729,-8.09462730790387],[-34.9468683791723,-8.09266425335256],[-34.9477309333358,-8.09230733401621],[-34.948177081607,-8.09299142941092],[-34.949158609782,-8.09260476679651],[-34.9498427051766,-8.09352680841545],[-34.9499616782888,-8.09394321340853],[-34.9488314337236,-8.09456782224716],[-34.9500509081229,-8.09620370074016],[-34.9498427051766,-8.09786932430984],[-34.9485340009434,-8.0981370129128],[-34.9477904198919,-8.10001083942866],[-34.9489504068358,-8.1003677578657],[-34.9480421949913,-8.10300995074858],[-34.9483396277716,-8.1059247910962],[-34.946898121551,-8.10920150694391],[-34.9432099568739,-8.109588168659],[-34.9428827808156,-8.1080117767221],[-34.9424068892665,-8.10783331705393],[-34.9413361321567,-8.10836869605846],[-34.9386592380334,-8.10836869605846],[-34.9385997523766,-8.10937996661211],[-34.9381238590289,-8.10937996661211],[-34.9374397636341,-8.10875535777348],[-34.9372315615873,-8.10780357377589],[-34.9362500343115,-8.10708973510317],[-34.9355064523609,-8.10691127633432],[-34.9338110864124,-8.10833895188108],[-34.9281598662848,-8.10694101871299],[-34.9286060145559,-8.10655435699796],[-34.9286060145559,-8.10224158438156]],[[-34.9553154647369,-8.10810100565687],[-34.9539472748468,-8.10848766917054],[-34.9537390719006,-8.10798203344406],[-34.9529360042931,-8.10798203344406],[-34.9526980580689,-8.10685178887889],[-34.9538283017347,-8.10667333011004],[-34.9540662479589,-8.10744665533885],[-34.9544529105733,-8.10741691116147],[-34.9534118958423,-8.10414515237684],[-34.9520734501296,-8.10435335532304],[-34.9502591110691,-8.10381797721783],[-34.9496939887865,-8.104293868767],[-34.9486668038299,-8.10345609991901],[-34.9488750058768,-8.1019094512601],[-34.950169881235,-8.09986212303853],[-34.951835503006,-8.09950520280286],[-34.9516273009591,-8.09709599908105],[-34.9530847197839,-8.09406218562134],[-34.9531144639613,-8.09287245629877],[-34.9517760173493,-8.09102837396023],[-34.9534416400196,-8.09028479200946],[-34.958765684089,-8.0913555500186],[-34.958765684089,-8.09177195501167],[-34.9594795218624,-8.09200990123588],[-34.9591820890821,-8.09302117178959],[-34.9611748878108,-8.09418115873343],[-34.9602528470912,-8.09534114657663],[-34.9606989962616,-8.09825598602487],[-34.9617994957501,-8.09858316208323],[-34.9629496872782,-8.09987191935359],[-34.9626620508129,-8.10375848976246],[-34.9612046310888,-8.10447232843518],[-34.9611451454321,-8.10527539604268],[-34.9603420769253,-8.10595949143732],[-34.957397494199,-8.1061082078275],[-34.9561780197997,-8.1073276822267],[-34.9570108306852,-8.10714922165922],[-34.9572785201875,-8.10783331705392],[-34.9562375063558,-8.10872561539481],[-34.9553154647369,-8.10810100565687]],[[-34.9220901871124,-8.14494332957093],[-34.9235773501145,-8.14482435735817],[-34.9235178635585,-8.14411051868548],[-34.9258378383455,-8.1441700052415],[-34.9260162980137,-8.14494332957094],[-34.9278008928969,-8.14535973636272],[-34.9287526777938,-8.14684689936485],[-34.9318459769103,-8.14762022369435],[-34.9336316419866,-8.14748874910645],[-34.9351111832345,-8.15206625335487],[-34.9331546811436,-8.1545206606],[-34.9305372735762,-8.1516058211517],[-34.9304183013635,-8.1530334975978],[-34.9315485450293,-8.15404476815149],[-34.9319054643656,-8.15571039082183],[-34.9297044617915,-8.1561862832703],[-34.9267896232425,-8.15523449927271],[-34.9270275685674,-8.15469912026816],[-34.9285742181256,-8.15398528159541],[-34.9289311365627,-8.15285503792963],[-34.9282172987892,-8.15226017326838],[-34.9299424080157,-8.15071352281082],[-34.9320839231345,-8.14994019758201],[-34.9329167349193,-8.14904790014043],[-34.9334521130245,-8.14958327914498],[-34.9339280063723,-8.14934533292076],[-34.9336305726927,-8.14833406236706],[-34.9307656941814,-8.14912275521096],[-34.9294712666855,-8.14891336336098],[-34.9292428379865,-8.15024586095769],[-34.9270275685674,-8.15273606481748],[-34.9272440911419,-8.15313928574937],[-34.9269014494423,-8.15344385734807],[-34.9259686995958,-8.15361517819786],[-34.9257783427963,-8.15294892894987],[-34.9251239996728,-8.15285503792963],[-34.9252429727849,-8.15458014715603],[-34.9236368366706,-8.15481809338025],[-34.9221496736685,-8.1540447681515],[-34.9223281333366,-8.15297401104177],[-34.9235178635585,-8.15118941525923],[-34.9229229979979,-8.1501186581495],[-34.9223876198927,-8.15053506314263],[-34.9225660786615,-8.15118941525923],[-34.92167378122,-8.15166530680841],[-34.9204840509981,-8.1516058211517],[-34.920008159449,-8.15095146903503],[-34.9192348342202,-8.14732279091403],[-34.9200676451057,-8.1472633052573],[-34.9201866182178,-8.1477986833625],[-34.9207814828791,-8.14773919680641],[-34.921376349339,-8.14583562791188],[-34.9210789156594,-8.14405103212936],[-34.9219712140003,-8.14405103212938],[-34.9220901871124,-8.14494332957093]]]]}},{"type":"Feature","properties":{"id":"700","municipality":"2611606","density":"Densa","type":"Vazio intraurbano","state":"PE"},"geometry":{"type":"Polygon","coordinates":[[[-34.9195852406663,-7.92094857601593],[-34.9185501749506,-7.92005627767504],[-34.915980356808,-7.91987781800687],[-34.9165514281059,-7.9195208986705],[-34.919692316647,-7.91941382268971],[-34.9194781646855,-7.91884275319047],[-34.9182289479075,-7.91855721664217],[-34.9162658933562,-7.91877136860378],[-34.9141243782374,-7.91994920169423],[-34.9125182421231,-7.91955659096386],[-34.9126610085986,-7.92059165667958],[-34.9132677721899,-7.92134118674632],[-34.9149452919916,-7.92162672239528],[-34.9143742206937,-7.92084150003514],[-34.9149095996982,-7.92048458069878],[-34.9160160491014,-7.92151964641447],[-34.9178006448838,-7.92187656575085],[-34.9202633870456,-7.92387531259556],[-34.9206916900694,-7.92376823661477],[-34.9202276947523,-7.92284024687985],[-34.9204775390072,-7.92241194385611],[-34.9214412201361,-7.92244763614946],[-34.9215482961169,-7.92362546924001],[-34.9222978261837,-7.92423223193192],[-34.9225476704386,-7.92241194385611],[-34.9237255026298,-7.92248332844282],[-34.9230473571497,-7.92358977694658],[-34.9230830476445,-7.92437500020605],[-34.9237611949231,-7.92426792422526],[-34.9245464172833,-7.92516022166683],[-34.924974720307,-7.92487468601793],[-34.9246178009707,-7.92301870744736],[-34.9261882447916,-7.92444638299412],[-34.9269377748584,-7.92412515595112],[-34.925902710042,-7.92358977694658],[-34.9265808564214,-7.92291163056722],[-34.9297217449625,-7.92344700957176],[-34.9294362093136,-7.92255471213021],[-34.9297931277506,-7.92119841937155],[-34.928579603266,-7.92184087435681],[-34.9256885580804,-7.9216624137893],[-34.9261882447916,-7.92123411076557],[-34.9262596293784,-7.92027042873725],[-34.9273303855888,-7.92041319701138],[-34.9276873049251,-7.91998489398765],[-34.9266879324021,-7.91959228325721],[-34.9269377748584,-7.91898551966597],[-34.9261882447916,-7.91902121195934],[-34.9260811688109,-7.91969935923799],[-34.9249390280137,-7.91973505063203],[-34.9247605683455,-7.92091288372257],[-34.9240110382787,-7.92119841937155],[-34.9233328918994,-7.92069873176103],[-34.9237255026298,-7.91891413687785],[-34.923261508212,-7.91841445016672],[-34.9231187399379,-7.9190925956467],[-34.9224762858519,-7.9193067476083],[-34.9221193674148,-7.92073442405439],[-34.9195852406663,-7.92094857601593]]]}},{"type":"Feature","properties":{"id":"701","municipality":"2611606","density":"Densa","type":"Outros equipamentos urbanos","state":"PE"},"geometry":{"type":"Polygon","coordinates":[[[-34.9286211402534,-7.79751360616798],[-34.928183318805,-7.79955042401282],[-34.9298203888998,-7.80017860226064],[-34.9302201384486,-7.79913163941359],[-34.9308673508475,-7.79928392521293],[-34.9310386725966,-7.79835117626573],[-34.9286211402534,-7.79751360616798]]]}},{"type":"Feature","properties":{"id":"702","municipality":"2611606","density":"Densa","type":"Área urbanizada","state":"PE"},"geometry":{"type":"Polygon","coordinates":[[[-34.8741946754438,-7.93592756710347],[-34.872053160325,-7.93646294520869],[-34.8706254829796,-7.93848548721541],[-34.8689003737532,-7.93896137876458],[-34.8687814006411,-7.93979419144877],[-34.8681270494238,-7.94009162332971],[-34.8686624284283,-7.94062700233424],[-34.8695547258699,-7.93991316366152],[-34.8711608619842,-7.93997265021761],[-34.8719341872129,-7.94151929977579],[-34.8731239174348,-7.94050802922214],[-34.8726480249863,-7.94217365189247],[-34.8730644308787,-7.94247108377346],[-34.873599808984,-7.94056751487887],[-34.8755033778785,-7.94068648889033],[-34.8760982443384,-7.93991316366153],[-34.875681838446,-7.93658191832084],[-34.8741946754438,-7.93592756710347]]]}},{"type":"Feature","properties":{"id":"704","municipality":"2611606","density":"Densa","type":"Área urbanizada","state":"PE"},"geometry":{"type":"Polygon","coordinates":[[[-34.9521186221766,-8.01601176543058],[-34.9518806759524,-8.01571433175099],[-34.9523565684009,-8.01482203430937],[-34.9530704070736,-8.01470306119728],[-34.9528919474054,-8.01339435786326],[-34.9536652717349,-8.01345384441935],[-34.953843731403,-8.01244257296633],[-34.9533678389545,-8.01232359985421],[-34.9533678389545,-8.011788221749],[-34.9558662734098,-8.01101489741957],[-34.9552119221924,-8.01024157219077],[-34.9558662734098,-8.00923030073772],[-34.9564016524143,-8.01012259907861],[-34.9570560036316,-8.00964670663019],[-34.9564016524143,-8.00875440918861],[-34.9569370314188,-8.00833800329616],[-34.9563421658582,-8.00732673184313],[-34.9530109196182,-8.00696981340609],[-34.951166838179,-8.01119335618842],[-34.950215053282,-8.0113718158566],[-34.9508694053987,-8.0120261679732],[-34.9496201877215,-8.0125020604217],[-34.9489063499481,-8.01172873519295],[-34.9490848087169,-8.01333487130723],[-34.9468243222846,-8.01440562931629],[-34.9471217541655,-8.01511946708967],[-34.9483709709435,-8.01529792675786],[-34.9491442961723,-8.01589279231848],[-34.9495607020647,-8.01726098220854],[-34.948846863392,-8.01797481998193],[-34.9495607020647,-8.01833173931828],[-34.9480735390625,-8.01975941576439],[-34.9492037827283,-8.02041376788106],[-34.9521186221766,-8.01601176543058]]]}},{"type":"Feature","properties":{"id":"705","municipality":"2611606","density":"Densa","type":"Área urbanizada","state":"PE"},"geometry":{"type":"Polygon","coordinates":[[[-35.2058433743722,-7.88902913918339],[-35.206676186157,-7.88879119295916],[-35.2070925911501,-7.88795838207365],[-35.2063192659214,-7.88736351561369],[-35.2062597802646,-7.88641173161609],[-35.206676186157,-7.88581686695482],[-35.2050700491434,-7.88593584006691],[-35.2058433743722,-7.88902913918339]]]}},{"type":"Feature","properties":{"id":"706","municipality":"2611606","density":"Densa","type":"Vazio intraurbano","state":"PE"},"geometry":{"type":"Polygon","coordinates":[[[-34.852359200017,-7.95247650288826],[-34.8519427950239,-7.9537257196662],[-34.8522997143603,-7.95432058522675],[-34.8537273899071,-7.95432058522675],[-34.8535489311382,-7.9551533970116],[-34.8541437957995,-7.95521288266838],[-34.854619688248,-7.95479647677592],[-34.8566422302547,-7.95479647677595],[-34.8570586361471,-7.95438007178285],[-34.8575940151516,-7.95539134323587],[-34.8592596369227,-7.95622415412136],[-34.8584863116939,-7.95753285835469],[-34.8597950159272,-7.9585441289084],[-34.8599139890393,-7.95824669612808],[-34.861936531046,-7.95866310202053],[-34.8621744772703,-7.95943642634995],[-34.8625313957073,-7.95931745323784],[-34.8627098562748,-7.95800874990386],[-34.8649993656282,-7.95850729987194],[-34.8666628569053,-7.9556523381848],[-34.8644944520573,-7.95449904489499],[-34.8644944520573,-7.9539636658904],[-34.8652082898307,-7.9537257196662],[-34.8650893167185,-7.95295239533675],[-34.8658626419473,-7.95241701633222],[-34.8656841822792,-7.95188163822695],[-34.8660411007162,-7.95152471889059],[-34.8655057217116,-7.9508108802179],[-34.8651488032746,-7.9518221507716],[-34.8642565049337,-7.95176266511489],[-34.8630667747118,-7.95277393566858],[-34.8638995855974,-7.95295239533675],[-34.8638995855974,-7.95354725999802],[-34.8633047209361,-7.95390418023368],[-34.8625313957073,-7.95330931377379],[-34.861936531046,-7.95360674655405],[-34.8612226932726,-7.95283342222462],[-34.8609847470484,-7.95307136844883],[-34.8580104201447,-7.95140574577851],[-34.8575345276963,-7.95057293399368],[-34.8554525000328,-7.94974012310815],[-34.8566422302547,-7.94843141887486],[-34.855928391582,-7.94813398699386],[-34.8542627689116,-7.9500970424445],[-34.8542032832549,-7.95140574577851],[-34.8537868773624,-7.95194112388374],[-34.8530135521337,-7.95206009699581],[-34.8531325252458,-7.95247650288826],[-34.852359200017,-7.95247650288826]]]}},{"type":"Feature","properties":{"id":"707","municipality":"2611606","density":"Densa","type":"Área urbanizada","state":"PE"},"geometry":{"type":"Polygon","coordinates":[[[-35.2091151331569,-7.88777992240546],[-35.2111971617196,-7.8878394089615],[-35.210602296159,-7.88682813840779],[-35.2086987272644,-7.88611429883578],[-35.2091151331569,-7.88777992240546]]]}},{"type":"Feature","properties":{"id":"708","municipality":"2611606","density":"Densa","type":"Área urbanizada","state":"PE"},"geometry":{"type":"Polygon","coordinates":[[[-35.1897974312065,-8.10380280925223],[-35.1892025656459,-8.10374332179681],[-35.1881318076368,-8.10790737892233],[-35.1852764547446,-8.10814532514662],[-35.18474107574,-8.10731251426108],[-35.1834323733053,-8.11088170492666],[-35.1867636177467,-8.11106016459486],[-35.1888456472088,-8.11260681415309],[-35.1899758899753,-8.11254732759704],[-35.1899758899753,-8.11213092170466],[-35.1892620522019,-8.1118929763797],[-35.1899164043186,-8.10939454192455],[-35.191998431982,-8.10879967726324],[-35.1937235421078,-8.10909710914423],[-35.1939020008766,-8.10832378481478],[-35.1951512176545,-8.10814532514662],[-35.1967573537688,-8.10850224358365],[-35.1970547874484,-8.10546843102321],[-35.1956865966591,-8.10528997225437],[-35.1957460832151,-8.10368383614009],[-35.1953891638788,-8.10356486302795],[-35.195329678222,-8.10404075457713],[-35.1937830277645,-8.10380280925223],[-35.1931286756478,-8.10505202603015],[-35.1936640546523,-8.1055279175793],[-35.1935450824396,-8.10760994614209],[-35.1924148378744,-8.10844275792687],[-35.1903705628512,-8.1080330879566],[-35.1908681883162,-8.10665816214442],[-35.1918794588699,-8.10701508058145],[-35.1927717572108,-8.10320794279227],[-35.1899758899753,-8.10273205124315],[-35.1897974312065,-8.10380280925223]]]}},{"type":"Feature","properties":{"id":"709","municipality":"2611606","density":"Densa","type":"Área urbanizada","state":"PE"},"geometry":{"type":"Polygon","coordinates":[[[-34.9589631203516,-8.35044193974368],[-34.9572207804653,-8.350593447609683],[-34.95755099065331,-8.352039011714465],[-34.9585467135599,-8.35163166996559],[-34.9589631203516,-8.35044193974368]]]}},{"type":"Feature","properties":{"id":"710","municipality":"2611606","density":"Densa","type":"Área urbanizada","state":"PE"},"geometry":{"type":"Polygon","coordinates":[[[-35.0685486853735,-8.40996483111202],[-35.0680133063689,-8.41085712855357],[-35.069381496259,-8.41079764289685],[-35.068370224806,-8.41198737311875],[-35.067002034916,-8.41198737311875],[-35.0677753601447,-8.41264172523541],[-35.0696194415839,-8.41133302100206],[-35.070690199593,-8.41192788566338],[-35.0703332802567,-8.41365299578906],[-35.0708686592612,-8.41258223777998],[-35.0713445508104,-8.41264172523541],[-35.0715824970346,-8.41365299578906],[-35.0712255776982,-8.41531861756009],[-35.0723558222633,-8.41561605123976],[-35.0717609567027,-8.41799551168346],[-35.0728912012679,-8.4205534326947],[-35.0740313545633,-8.42037982307033],[-35.0760439869404,-8.4154970781276],[-35.0775906355993,-8.41484272601094],[-35.0772337171623,-8.41395042767004],[-35.0748542558192,-8.4137719689012],[-35.0742593911579,-8.41424786134968],[-35.0740809305904,-8.41644886212526],[-35.0727127407004,-8.41859037724409],[-35.0723558222633,-8.41823345790771],[-35.0732481197049,-8.41627040335642],[-35.0736645255973,-8.41371248234516],[-35.0720583903824,-8.41133302100206],[-35.069738414696,-8.40954842521961],[-35.0685486853735,-8.40996483111202]]]}},{"type":"Feature","properties":{"id":"711","municipality":"2611606","density":"Densa","type":"Área urbanizada","state":"PE"},"geometry":{"type":"Polygon","coordinates":[[[-35.0273243122671,-7.93751065719102],[-35.0263130408142,-7.93881936142434],[-35.0300012063905,-7.94102036219994],[-35.0322616937221,-7.9363804126259],[-35.0302986391708,-7.93632092696913],[-35.0300606920472,-7.93810552185233],[-35.0273243122671,-7.93751065719102]]]}},{"type":"Feature","properties":{"id":"712","municipality":"2611606","density":"Densa","type":"Outros equipamentos urbanos","state":"PE"},"geometry":{"type":"Polygon","coordinates":[[[-35.0385406514298,-8.37058822037006],[-35.0359529871406,-8.3707666791389],[-35.0355365812482,-8.36981489514126],[-35.0364288786898,-8.36942823162751],[-35.0354176081361,-8.36749492035427],[-35.0359827304186,-8.36701902790578],[-35.0352391475686,-8.36535340523541],[-35.0332463497392,-8.36606724390811],[-35.0319079031272,-8.36496674262106],[-35.0327704581901,-8.36392572878932],[-35.0336330123536,-8.36449085107189],[-35.0346442829073,-8.36342009306283],[-35.0338114720218,-8.36252779472193],[-35.033067890071,-8.36208164735013],[-35.0320268762393,-8.36300368806968],[-35.0313130375666,-8.36261702455603],[-35.0304802257817,-8.36327137667263],[-35.028130508616,-8.36110011917508],[-35.0274761573987,-8.3616949838364],[-35.0264946292237,-8.36121909228724],[-35.025810533829,-8.36249805234321],[-35.0289038329455,-8.36478828295287],[-35.0283089682842,-8.36562109473765],[-35.0309858624076,-8.36773286567915],[-35.0316402136249,-8.36782209641258],[-35.0327109707347,-8.37023130103364],[-35.0354176081361,-8.37201589591682],[-35.0383621908623,-8.37219435558501],[-35.0385406514298,-8.37058822037006]]]}},{"type":"Feature","properties":{"id":"713","municipality":"2611606","density":"Densa","type":"Vazio intraurbano","state":"PE"},"geometry":{"type":"Polygon","coordinates":[[[-34.9024309604204,-8.06492259190406],[-34.9002894453016,-8.06792071307041],[-34.9031447981938,-8.07229892125816],[-34.903620689743,-8.07529704242451],[-34.9043345284157,-8.07558257717414],[-34.9045724737406,-8.07363141885486],[-34.9051435450385,-8.07210856355932],[-34.9062380973103,-8.07125195841109],[-34.9066664003341,-8.06906285386758],[-34.9041441707168,-8.06682616079866],[-34.9035731012176,-8.06516053812828],[-34.9024309604204,-8.06492259190406]]]}},{"type":"Feature","properties":{"id":"714","municipality":"2611606","density":"Densa","type":"Área urbanizada","state":"PE"},"geometry":{"type":"Polygon","coordinates":[[[-35.01193697681,-8.43747373002856],[-35.0118774911533,-8.4387229468065],[-35.0105687869199,-8.43919883925498],[-35.0104498138078,-8.43991267702836],[-35.0113421121487,-8.4411618938063],[-35.0113421121487,-8.44199470559112],[-35.0106877600321,-8.44217316525931],[-35.0097359760344,-8.44336289638053],[-35.0112826255926,-8.44485005938271],[-35.0112826255926,-8.44586132993642],[-35.0105093012632,-8.4462777358288],[-35.0114610852608,-8.4462777358288],[-35.013007734819,-8.44461211315842],[-35.0149113037136,-8.44348186859332],[-35.0166958985968,-8.44496903159548],[-35.0180640902855,-8.44752695260672],[-35.0190753599398,-8.44752695260672],[-35.0212168750587,-8.44883565594075],[-35.0228230120723,-8.44782438538704],[-35.0224660918366,-8.44633722238485],[-35.0230014708412,-8.44407673415391],[-35.0247860666236,-8.44324392326837],[-35.0254999052963,-8.44175676026624],[-35.0245481212987,-8.44050754258899],[-35.0210384162899,-8.43866346025045],[-35.0199676582807,-8.43759270314069],[-35.0187779280589,-8.43759270314069],[-35.0193727927202,-8.43812808214523],[-35.0184804952786,-8.43836602836944],[-35.0180640902855,-8.43765218879742],[-35.012650816382,-8.43711681069221],[-35.01193697681,-8.43747373002856]]]}},{"type":"Feature","properties":{"id":"715","municipality":"2611606","density":"Densa","type":"Outros equipamentos urbanos","state":"PE"},"geometry":{"type":"Polygon","coordinates":[[[-35.0054506759079,-8.33114627388143],[-35.0052722162397,-8.32911183474336],[-34.9996685864361,-8.33225272328452],[-34.9997042778301,-8.33310932933204],[-35.0003824242095,-8.33328778900023],[-35.0010962619829,-8.33257395122683],[-35.003594696438,-8.33278810228905],[-35.0054506759079,-8.33114627388143]]]}},{"type":"Feature","properties":{"id":"716","municipality":"2611606","density":"Densa","type":"Área urbanizada","state":"PE"},"geometry":{"type":"Polygon","coordinates":[[[-35.0382103457308,-7.9285876782787],[-35.0391026440717,-7.92817127328562],[-35.0404708339618,-7.9304912471733],[-35.04020884796,-7.93072703502458],[-35.0381151677808,-7.92912305728322],[-35.0377582493437,-7.92942049006355],[-35.0379367081126,-7.92989638161267],[-35.0368659510028,-7.93061022028541],[-35.0383531140049,-7.9323971947747],[-35.0363067777355,-7.93423889840637],[-35.0387457247353,-7.93679681941763],[-35.0405898070739,-7.93495273707913],[-35.0395190499642,-7.93352505973367],[-35.039400076852,-7.93233532861245],[-35.0399354558566,-7.93233532861245],[-35.0412441591906,-7.93352505973367],[-35.0423149171996,-7.93293019507242],[-35.0407087801861,-7.93120508494667],[-35.0424338903118,-7.9282902463977],[-35.0421364566321,-7.92793332706135],[-35.0401734020808,-7.92775486739317],[-35.0397569961884,-7.92733846060146],[-35.0404681737672,-7.92661664224421],[-35.0403518608497,-7.92626770439103],[-35.0377939407378,-7.9262082169356],[-35.0382698331862,-7.92769538083711],[-35.0354739659507,-7.92555386571826],[-35.0352955071818,-7.92591078505462],[-35.0382103457308,-7.9285876782787]]]}},{"type":"Feature","properties":{"id":"717","municipality":"2611606","density":"Densa","type":"Área urbanizada","state":"PE"},"geometry":{"type":"Polygon","coordinates":[[[-34.9744842101781,-8.15824382059578],[-34.9662777058514,-8.15587097916232],[-34.9668654559759,-8.15396079215679],[-34.9658368941573,-8.15366691709448],[-34.9660573000044,-8.15315263618517],[-34.9651022056022,-8.15271182359176],[-34.9648083314393,-8.15366691709448],[-34.9637063004054,-8.15344651124748],[-34.9631920185967,-8.15388732384087],[-34.9636328320895,-8.15410772968796],[-34.9631185502809,-8.155356698253],[-34.9645879246929,-8.15587097916232],[-34.9644409880611,-8.15667913513391],[-34.9677470811628,-8.15770769785196],[-34.9676001427324,-8.1584423846083],[-34.9653960806646,-8.15792810369897],[-34.9648817997552,-8.15851585382354],[-34.9659838307891,-8.15925054057995],[-34.9648817997552,-8.15925054057995],[-34.9639267062524,-8.16057297836024],[-34.9671593310382,-8.16152807186297],[-34.9678940177947,-8.16049950914499],[-34.9687021737662,-8.16057297836024],[-34.9687021737662,-8.16116072758548],[-34.9695103297379,-8.16182194692527],[-34.9691429863597,-8.16336478965327],[-34.9698042048001,-8.1634382588685],[-34.9700246106472,-8.16270357121277],[-34.9709062358341,-8.1632178530215],[-34.9714939859587,-8.16285050874394],[-34.9723756111455,-8.16094032173839],[-34.9740874122043,-8.16065502171182],[-34.9744842101781,-8.15824382059578]]]}},{"type":"Feature","properties":{"id":"718","municipality":"2611606","density":"Densa","type":"Área urbanizada","state":"PE"},"geometry":{"type":"Polygon","coordinates":[[[-35.0628045841642,-8.48535214378637],[-35.0643512328231,-8.48463830601299],[-35.0610199883817,-8.48374600767209],[-35.0593543648121,-8.48410292700846],[-35.0599521279883,-8.48564885171312],[-35.0628045841642,-8.48535214378637]]]}},{"type":"Feature","properties":{"id":"719","municipality":"2611606","density":"Densa","type":"Área urbanizada","state":"PE"},"geometry":{"type":"Polygon","coordinates":[[[-34.9157126106484,-7.8157564941668],[-34.9167238821015,-7.81563752105473],[-34.9158910712159,-7.81694622528801],[-34.9144633938705,-7.81807646895385],[-34.9142849342023,-7.81920671261965],[-34.9108347157495,-7.81992055129235],[-34.9107601286769,-7.82230388421682],[-34.9121342675824,-7.82301639998684],[-34.9125923138841,-7.82128600274678],[-34.9151177459871,-7.82253795796032],[-34.9147608266507,-7.82325179573377],[-34.9135116098728,-7.82307333696491],[-34.9126193124312,-7.8246794730792],[-34.9116080409782,-7.82509587897157],[-34.910001904864,-7.82259744361712],[-34.9070275779603,-7.82194309329907],[-34.9046481166172,-7.82402512096253],[-34.9051834956218,-7.8246794730792],[-34.9038153057317,-7.82438204029887],[-34.9015548184001,-7.82634509574951],[-34.9042317116242,-7.82878404274932],[-34.9069086048482,-7.82890301586145],[-34.9069680923036,-7.83021172009479],[-34.9079793628572,-7.83253169398245],[-34.9096449846283,-7.83157990998485],[-34.9102398510882,-7.83247220832573],[-34.9120839334267,-7.83253169398245],[-34.9139875023213,-7.83193682932121],[-34.9132736627493,-7.8347921822134],[-34.9137495560971,-7.83508961499372],[-34.9148797997629,-7.83378091076037],[-34.9161290174401,-7.83526807376257],[-34.916664394646,-7.84163313256295],[-34.9173526970692,-7.8425922379414],[-34.9174002855947,-7.84616143040563],[-34.9196369786636,-7.84639937573059],[-34.9194942121881,-7.85111070899201],[-34.9208742992095,-7.8511582984167],[-34.9212074242832,-7.8457331273819],[-34.9187803726161,-7.84449580683601],[-34.9189861761711,-7.84164887519541],[-34.9210069123391,-7.84151415855157],[-34.9203525602225,-7.83907521155174],[-34.9243381567805,-7.84008648300479],[-34.9248140492289,-7.83901572499566],[-34.9224940753413,-7.83836137377835],[-34.9201146139982,-7.83859932000258],[-34.919876667774,-7.83693369733222],[-34.9205905064467,-7.83598191333459],[-34.9230294543458,-7.8369336973322],[-34.9236838046638,-7.8377070216617],[-34.9240407248995,-7.83740958888138],[-34.9229104812337,-7.83520858810578],[-34.9217207501125,-7.83086607131209],[-34.9263012122311,-7.82991428731446],[-34.9250534397644,-7.82575745444292],[-34.9241596980116,-7.8256312570768],[-34.923505345895,-7.82164565961945],[-34.9217207501125,-7.82164565961945],[-34.9184489913279,-7.82348974195799],[-34.9174377198748,-7.82456049996705],[-34.9163669627651,-7.82456049996705],[-34.9168428552135,-7.82301385040882],[-34.9194007762248,-7.82158617396272],[-34.9194602618815,-7.82069387562183],[-34.9207094786595,-7.82075336217787],[-34.9209474248837,-7.82134822683919],[-34.9220181828928,-7.82021798317334],[-34.9220776694489,-7.81944465884391],[-34.9213638307761,-7.81766006306141],[-34.9190438559891,-7.8184333882902],[-34.9185679644399,-7.81766006306141],[-34.9170808014378,-7.81783852183026],[-34.9180325854354,-7.81403138494039],[-34.9155341509802,-7.81480471016922],[-34.9157126106484,-7.8157564941668]]]}},{"type":"Feature","properties":{"id":"720","municipality":"2611606","density":"Densa","type":"Vazio intraurbano","state":"PE"},"geometry":{"type":"Polygon","coordinates":[[[-34.921376349339,-8.14583562791188],[-34.9207814828791,-8.14773919680641],[-34.9201866182178,-8.1477986833625],[-34.9200676451057,-8.1472633052573],[-34.9192348342202,-8.14732279091403],[-34.920008159449,-8.15095146903503],[-34.9204840509981,-8.1516058211517],[-34.92167378122,-8.15166530680841],[-34.9225660786615,-8.15118941525923],[-34.9223876198927,-8.15053506314263],[-34.9229229979979,-8.1501186581495],[-34.9235178635585,-8.15118941525923],[-34.9223281333366,-8.15297401104177],[-34.9221496736685,-8.1540447681515],[-34.9236368366706,-8.15481809338025],[-34.9252429727849,-8.15458014715603],[-34.9251239996728,-8.15285503792963],[-34.9257783427963,-8.15294892894987],[-34.9259686995958,-8.15361517819786],[-34.9269014494423,-8.15344385734807],[-34.9272440911419,-8.15313928574937],[-34.9270275685674,-8.15273606481748],[-34.9292428379865,-8.15024586095769],[-34.9294712666855,-8.14891336336098],[-34.9307656941814,-8.14912275521096],[-34.9336305726927,-8.14833406236706],[-34.9339280063723,-8.14934533292076],[-34.9334521130245,-8.14958327914498],[-34.9329167349193,-8.14904790014043],[-34.9320839231345,-8.14994019758201],[-34.9299424080157,-8.15071352281082],[-34.9282172987892,-8.15226017326838],[-34.9289311365627,-8.15285503792963],[-34.9285742181256,-8.15398528159541],[-34.9270275685674,-8.15469912026816],[-34.9267896232425,-8.15523449927271],[-34.9297044617915,-8.1561862832703],[-34.9319054643656,-8.15571039082183],[-34.9315485450293,-8.15404476815149],[-34.9304183013635,-8.1530334975978],[-34.9305372735762,-8.1516058211517],[-34.9331546811436,-8.1545206606],[-34.9351111832345,-8.15206625335487],[-34.9336316419866,-8.14748874910645],[-34.9318459769103,-8.14762022369435],[-34.9287526777938,-8.14684689936485],[-34.9278008928969,-8.14535973636272],[-34.9260162980137,-8.14494332957094],[-34.9258378383455,-8.1441700052415],[-34.9235178635585,-8.14411051868548],[-34.9235773501145,-8.14482435735817],[-34.9220901871124,-8.14494332957093],[-34.9219712140003,-8.14405103212938],[-34.9210789156594,-8.14405103212936],[-34.921376349339,-8.14583562791188]]]}},{"type":"Feature","properties":{"id":"721","municipality":"2611606","density":"Densa","type":"Área urbanizada","state":"PE"},"geometry":{"type":"Polygon","coordinates":[[[-34.9637574385549,-8.18458812983828],[-34.9639358991224,-8.18494504917464],[-34.9622702755527,-8.18667015930037],[-34.9629246276694,-8.18714605084949],[-34.9626866823445,-8.1875029701859],[-34.9641143578913,-8.18857372729565],[-34.9639953847791,-8.18976345841685],[-34.9672076579071,-8.1907747289705],[-34.9703604426803,-8.18958499784937],[-34.9703604426803,-8.18899013318805],[-34.9694086586826,-8.18881167262055],[-34.9689327671335,-8.18571837440341],[-34.9680404687925,-8.18476659040579],[-34.9645902512391,-8.18363634584063],[-34.9637574385549,-8.18458812983828]]]}},{"type":"Feature","properties":{"id":"722","municipality":"2611606","density":"Densa","type":"Área urbanizada","state":"PE"},"geometry":{"type":"Polygon","coordinates":[[[-35.0880754734043,-8.10933505626781],[-35.0884323918414,-8.10992992092907],[-35.0889677708459,-8.10963248814875],[-35.0900385279556,-8.11117913770698],[-35.0908118531845,-8.11094119238208],[-35.0909903128526,-8.1112386242631],[-35.089027257402,-8.11516473516436],[-35.0873616347316,-8.11462935615982],[-35.0841493616037,-8.11564062671352],[-35.0855770389492,-8.12004263006326],[-35.086766769171,-8.11980468383907],[-35.0861719036104,-8.12105390061697],[-35.086766769171,-8.12212465772672],[-35.0865288229468,-8.12337387540397],[-35.087718554068,-8.12747844597346],[-35.0889082842899,-8.12718101319315],[-35.0892057170701,-8.12599128297131],[-35.0909308262965,-8.12575333584773],[-35.0907523666284,-8.12759741908559],[-35.090335960736,-8.12831125685899],[-35.0892652027269,-8.12866817619533],[-35.0894436632944,-8.12961996109225],[-35.0905739069602,-8.12914406774451],[-35.0920015843056,-8.12622922919555],[-35.092715422079,-8.12557487707888],[-35.0930723414154,-8.12718101319315],[-35.0945595044175,-8.12616974174016],[-35.0967010186371,-8.12622922919555],[-35.0965392935535,-8.12763667359354],[-35.0971500222557,-8.12760891422],[-35.0972333030745,-8.12683162298094],[-35.0987235606437,-8.12676460730076],[-35.0991399674355,-8.12587230985918],[-35.0999132908656,-8.12795433842196],[-35.1005081573256,-8.12795433842195],[-35.1008055892065,-8.12706204008107],[-35.1017573741035,-8.1275974190856],[-35.1059214303297,-8.12729998630528],[-35.1064568093343,-8.12634820230767],[-35.1094906218946,-8.12712152663709],[-35.1102639471234,-8.12670512074471],[-35.1106208655604,-8.12456360562584],[-35.1122270016747,-8.12331438884793],[-35.1129408403474,-8.12057800906781],[-35.1124054622422,-8.11897187295354],[-35.1125244353544,-8.11671138472259],[-35.1118700832377,-8.11492678894014],[-35.1107398386726,-8.11683035783473],[-35.1090742160022,-8.1129042469334],[-35.1088957572334,-8.11385603093106],[-35.1094906218946,-8.11516473516436],[-35.1080629454485,-8.11540268138862],[-35.1075275673433,-8.11468884271586],[-35.1066947546591,-8.11599754604986],[-35.1052670791124,-8.11564062671351],[-35.104910159776,-8.11367757216222],[-35.1055645109934,-8.11242835538424],[-35.1064568093343,-8.11177400326761],[-35.1055050253366,-8.11159554270012],[-35.1041963211033,-8.1078478923663],[-35.1036609429981,-8.10832378481478],[-35.1040773479912,-8.11177400326761],[-35.1037799161102,-8.11391551838643],[-35.1028876177693,-8.11367757216222],[-35.103180614194,-8.1102316668579],[-35.102666649846,-8.11025070280767],[-35.1012814807557,-8.11236886792888],[-35.0997943177535,-8.11070324615781],[-35.0995563724286,-8.10998940658578],[-35.1001512379892,-8.11016786715328],[-35.1000917514331,-8.10963248814875],[-35.0993184262044,-8.10951351503668],[-35.0990804799801,-8.10862121669573],[-35.0983666422067,-8.10897813603209],[-35.098961506868,-8.11135759737518],[-35.0983666422067,-8.11183348982366],[-35.0964630733121,-8.1112386242631],[-35.0959276943076,-8.11177400326761],[-35.0972958841976,-8.11266630070919],[-35.0978907497583,-8.11439140993561],[-35.097593316978,-8.11486730238403],[-35.0962846127446,-8.11498627459686],[-35.0953923162024,-8.1169493309468],[-35.0942025850812,-8.11730625028316],[-35.0929533683032,-8.11486730238403],[-35.0946189909736,-8.11355859905008],[-35.0947974497425,-8.11207143604787],[-35.0923585027427,-8.11171451671151],[-35.0909903128526,-8.10945402937989],[-35.0918826111935,-8.10921608225637],[-35.0922990161866,-8.11010837969792],[-35.092715422079,-8.10981094781694],[-35.0922990161866,-8.10921608225637],[-35.0936077204199,-8.10659867468907],[-35.091347232189,-8.10653918903228],[-35.0904549338481,-8.10546843102321],[-35.0900385279556,-8.10564689069141],[-35.0901575010678,-8.1080858385905],[-35.0880754734043,-8.10933505626781]]]}},{"type":"Feature","properties":{"id":"723","municipality":"2611606","density":"Densa","type":"Área urbanizada","state":"PE"},"geometry":{"type":"Polygon","coordinates":[[[-34.9571785236699,-8.34395790873043],[-34.9568216052328,-8.34449328683571],[-34.9580609078845,-8.34443380117893],[-34.9576544161184,-8.34526661206444],[-34.959260553132,-8.3456235314008],[-34.9593795262441,-8.3446122599478],[-34.9601528496742,-8.34449328683571],[-34.9602718236857,-8.34312509694565],[-34.9589317627906,-8.34237867223788],[-34.9586062010153,-8.34080512305792],[-34.9593795262441,-8.34116204239428],[-34.9603907967978,-8.3408646087147],[-34.9599149043493,-8.34229228606011],[-34.9606882286788,-8.34258971794112],[-34.9616364513611,-8.34200272414637],[-34.9622348791363,-8.34229228606011],[-34.963186663134,-8.34199485327981],[-34.9637220421385,-8.34288715072137],[-34.9643763942551,-8.34258971794112],[-34.9625917975733,-8.33955590628001],[-34.9650947951886,-8.33839839337111],[-34.965149342668,-8.33803473721332],[-34.9645515489148,-8.33687334642777],[-34.9631271765779,-8.3374143911612],[-34.9629492097382,-8.3379591357055],[-34.963305636246,-8.33586774070364],[-34.9618184732439,-8.33485647014992],[-34.9614020682508,-8.33396417180904],[-34.961937446356,-8.33342879370384],[-34.9634246093582,-8.33402365926441],[-34.964257421143,-8.33622466003998],[-34.9648522858043,-8.33604620127115],[-34.9643763942551,-8.33497544326207],[-34.9649117723604,-8.33289341469929],[-34.9646738261361,-8.33182265669024],[-34.9614615539075,-8.33176317103345],[-34.9611641211272,-8.33241752315014],[-34.9592010656766,-8.332298550038],[-34.9592010656766,-8.33146573825316],[-34.9585301129743,-8.3306605950104],[-34.9589036328963,-8.33003806180704],[-34.959617471569,-8.32991908869496],[-34.9611641211272,-8.33051395425555],[-34.9633651228021,-8.32938370969039],[-34.96324614969,-8.3261119509058],[-34.9623538522484,-8.32623092401786],[-34.9617589866879,-8.3246247879036],[-34.9625323110173,-8.32444632823542],[-34.9629487169097,-8.32295916523322],[-34.9605692555667,-8.32313762490145],[-34.9606882286788,-8.32521965256486],[-34.9597959312372,-8.32587400468152],[-34.9567026321207,-8.32688527613453],[-34.9564646858965,-8.32640938368606],[-34.9568810917889,-8.32504119379598],[-34.9587846597842,-8.32391095013022],[-34.9589631203516,-8.32319711055819],[-34.9622943647931,-8.32182892066811],[-34.9623538522484,-8.32069867700228],[-34.9614405439459,-8.31932390587351],[-34.962889231253,-8.31861664933882],[-34.9633651228021,-8.31790281066611],[-34.9631271765779,-8.31712948633668],[-34.9611046345712,-8.31659410733216],[-34.9600500463725,-8.31851987779011],[-34.9590820925644,-8.31867613499562],[-34.9576544161184,-8.3144525922133],[-34.958011336354,-8.31243005020661],[-34.9601528496742,-8.31237056365052],[-34.9610451480151,-8.31183518464599],[-34.9610451480151,-8.31022904943103],[-34.9586656866721,-8.31046699475599],[-34.9578923632419,-8.30939623674687],[-34.9575354430062,-8.30993161575141],[-34.9564646858965,-8.30999110320682],[-34.9571785236699,-8.31302491486787],[-34.9559887943473,-8.31415515943304],[-34.9553344422307,-8.31314388887933],[-34.9534271546394,-8.31312994579032],[-34.9525980615513,-8.31183518464599],[-34.9531929271118,-8.31147826620895],[-34.9525385749952,-8.30987213009469],[-34.9560482800041,-8.30886085864165],[-34.9552749547753,-8.30737369563952],[-34.9529549808876,-8.30826599308108],[-34.9517057641097,-8.30582704608127],[-34.950670698394,-8.30479198036558],[-34.9483150322129,-8.30564858641311],[-34.94712721739747,-8.30640676594433],[-34.952053689084394,-8.327973425279646],[-34.9556198464179,-8.343585024256702],[-34.9568810917889,-8.34360098939409],[-34.9571785236699,-8.34395790873043]],[[-34.9567621186768,-8.33336930714773],[-34.9575354430062,-8.333607253372],[-34.9573569842374,-8.33455903826894],[-34.958011336354,-8.33455903826894],[-34.9587227459579,-8.33281592101787],[-34.9594984993563,-8.33366673992805],[-34.960926174903,-8.333607253372],[-34.9606882286788,-8.33449955081358],[-34.9615805270196,-8.33824720204671],[-34.9623538522484,-8.33913950038761],[-34.9613425807954,-8.34003179782918],[-34.9605326486627,-8.33922186569652],[-34.9603313102417,-8.33836617515879],[-34.959617471569,-8.33842566171489],[-34.9591367560564,-8.33908965995978],[-34.9580708220108,-8.33890155416332],[-34.9580708220108,-8.33964088591815],[-34.9570595505577,-8.33949641882465],[-34.9572380111252,-8.33884206670797],[-34.9586062010153,-8.33842566171488],[-34.9574759573495,-8.33747387681792],[-34.9561077665601,-8.33783079615427],[-34.9567621186768,-8.33598671381579],[-34.955631875011,-8.33592722815899],[-34.9550964960064,-8.33539184915447],[-34.9552154691186,-8.33485647014992],[-34.9562267396723,-8.3343210911454],[-34.9562267396723,-8.33378571304019],[-34.9553344422307,-8.33354776681592],[-34.9557508481231,-8.33217957692592],[-34.9570595505577,-8.33194162980233],[-34.9567621186768,-8.33336930714773]]]}},{"type":"Feature","properties":{"id":"724","municipality":"2611606","density":"Densa","type":"Outros equipamentos urbanos","state":"PE"},"geometry":{"type":"Polygon","coordinates":[[[-34.9907812989178,-8.33128904215551],[-34.9918877483209,-8.33128904215551],[-34.9916379049653,-8.33289517826985],[-34.9925302033062,-8.33303794564462],[-34.9930655823107,-8.33039674381462],[-34.9948144849005,-8.33046812840138],[-34.9952070956309,-8.3298613648101],[-34.9953141716117,-8.32914752703671],[-34.9944218741701,-8.32839799696997],[-34.9945646424442,-8.32722016298011],[-34.9954569398858,-8.32718447068676],[-34.9955640158666,-8.32604232988957],[-34.9936723441033,-8.32593525390877],[-34.9949572531747,-8.31790457423666],[-34.992994197724,-8.31769042227513],[-34.9907812989178,-8.33128904215551]]]}},{"type":"Feature","properties":{"id":"725","municipality":"2611606","density":"Densa","type":"Área urbanizada","state":"PE"},"geometry":{"type":"Polygon","coordinates":[[[-35.0561898151078,-7.98307570168226],[-35.0558359255875,-7.98387195332794],[-35.0552166191516,-7.98307570168226],[-35.0541549496911,-7.98449125976379],[-35.0550396739417,-7.9853759831151],[-35.0542434231954,-7.98634917997067],[-35.0537125893645,-7.98617223476077],[-35.0531817537349,-7.98679154119662],[-35.0534025319013,-7.98782183690821],[-35.0527042928688,-7.98866707372645],[-35.0512171298666,-7.9874773444039],[-35.0503843180818,-7.98836964094614],[-35.0446736122973,-7.98384866628288],[-35.0437218282997,-7.98474096282513],[-35.0404500686157,-7.98188560993294],[-35.0383085543962,-7.98402712505174],[-35.0386059862772,-7.98468147716842],[-35.0380111207166,-7.98521685617294],[-35.0374162560554,-7.98515736871754],[-35.0372972829432,-7.98408661160778],[-35.0366429308265,-7.98509788306081],[-35.0361670392774,-7.98515736871754],[-35.0361670392774,-7.98563326116602],[-35.037118823275,-7.98682299228721],[-35.0404500686157,-7.98926193928702],[-35.0397957173984,-7.99074910228921],[-35.0416397988376,-7.9921172930786],[-35.0405690417278,-7.9940803476299],[-35.0390223921696,-7.99425880729809],[-35.0385464997211,-7.99390188796173],[-35.0382490669409,-7.99223626619068],[-35.0364644711583,-7.99116550818162],[-35.0354532006047,-7.99193883341037],[-35.0361670392774,-7.99306907707621],[-35.0320029821519,-7.98997577795974],[-35.0316460628155,-7.99039218295286],[-35.0339660367032,-7.99241472495953],[-35.033847063591,-7.99271215773984],[-35.0293260880285,-7.98872656118182],[-35.0283743040309,-7.98926193928702],[-35.0298019813763,-7.99039218295288],[-35.0300399267012,-7.99140345440583],[-35.0317055493716,-7.99312856273292],[-35.0315865762594,-7.99372342919288],[-35.0306347922618,-7.99318805018834],[-35.0303373585822,-7.9921172930786],[-35.02885019558,-7.9921172930786],[-35.0293260880285,-7.99443726696625],[-35.0280392247304,-7.99386349680287],[-35.0272064138449,-7.99404195557174],[-35.0274443600691,-7.99309017157413],[-35.0269089810646,-7.99386349680287],[-35.0254813037192,-7.99231684724463],[-35.0256597642867,-7.99142454890376],[-35.0241726012845,-7.98987789934553],[-35.0228044113944,-7.99041327835005],[-35.0233992760557,-7.99094865735458],[-35.0225069777148,-7.99130557579169],[-35.0228638970511,-7.99267376568167],[-35.0235182491678,-7.99338760435445],[-35.0231613298315,-7.99374452369079],[-35.0222690323899,-7.99237633290142],[-35.021436220605,-7.99255479256959],[-35.0212577609369,-7.99225735978928],[-35.0217336533854,-7.98892611534791],[-35.0206034088202,-7.98845022289942],[-35.0192947063856,-7.98862868166827],[-35.0181644618204,-7.98803381700704],[-35.0176885702713,-7.98845022289942],[-35.0183429205892,-7.98922354812822],[-35.0181644618204,-7.99023481868189],[-35.0188188139371,-7.98958046656528],[-35.0192947063856,-7.99041327835005],[-35.0202464903831,-7.98987789934553],[-35.0208413550445,-7.99059173801822],[-35.0209008416005,-7.99136506324703],[-35.0200085441589,-7.99237633290142],[-35.0209008416005,-7.99386349680287],[-35.0189377870492,-7.99386349680287],[-35.0169747306992,-7.99326863124231],[-35.0169747306992,-7.99398246991501],[-35.0176885702713,-7.99374452369079],[-35.0188188139371,-7.99451784802023],[-35.0204844357081,-7.99457733457628],[-35.0212577609368,-7.99665936313904],[-35.0231018432754,-7.99784909426024],[-35.0228044113944,-7.99868190514578],[-35.0242915743966,-7.99969317569948],[-35.0229233836072,-7.99963369004274],[-35.0230914291261,-8.00150577996772],[-35.0217336533854,-8.00153725803797],[-35.0218526255982,-8.000228554704],[-35.0210793012687,-7.99707576903148],[-35.0197705979347,-7.99683782280722],[-35.0197705979347,-7.99755166058061],[-35.0188782995938,-7.99820601269727],[-35.0192352189302,-7.99862241858972],[-35.0182834349325,-7.99915779669494],[-35.0178075433833,-8.00064495969707],[-35.0163798660379,-7.9987413917018],[-35.0144762971433,-7.99832498580942],[-35.0140004046948,-7.99862241858972],[-35.0163798660379,-7.99939574291915],[-35.0167367853743,-8.00046650092821],[-35.0163203785826,-8.00094239337673],[-35.0172126769234,-8.00147777238124],[-35.0176885702713,-8.00118033870161],[-35.0185808668135,-8.00403569159385],[-35.0164988391501,-8.00314339505161],[-35.0168557575871,-8.0023700698228],[-35.0148332155804,-8.00248904293493],[-35.015487567697,-8.00147777238124],[-35.0153685945849,-8.00088290682067],[-35.0140598921503,-8.00118033870161],[-35.0137029719146,-8.00409517904923],[-35.0117736302488,-8.00948374677745],[-35.0131081072533,-8.01063869661852],[-35.0130486206972,-8.0112335621791],[-35.0113829980269,-8.01123356217911],[-35.010490699686,-8.01212585962067],[-35.0097768619126,-8.01468377973259],[-35.0098363475693,-8.01307764361831],[-35.0087655913589,-8.01337507729796],[-35.0105501871414,-8.01117407472372],[-35.0110855652466,-8.00849718239903],[-35.0092414829081,-8.00718847816571],[-35.0082302123544,-8.00873512772393],[-35.0087061039035,-8.00986537228903],[-35.0081112392422,-8.00998434540117],[-35.0055485167506,-8.00447104620178],[-35.0050726252014,-8.00459001931387],[-35.0050726252014,-8.00536334364336],[-35.0027526504144,-8.00554180331154],[-35.0024583131006,-8.00753935765516],[-35.0014487476615,-8.00689104628469],[-35.0005564502199,-8.00706950505355],[-34.9996046662223,-8.00576080171959],[-34.9985339082132,-8.00564182860747],[-34.9984149351012,-8.00653412604902],[-34.9964518796505,-8.00314339505161],[-34.994796438205,-8.00398655533521],[-34.9949599151679,-8.00227004542622],[-34.9943650496073,-8.00191312519054],[-34.9929968597173,-8.00197261174657],[-34.9927589143924,-8.00268645041933],[-34.9933537790536,-8.00375720842841],[-34.9928184000491,-8.00405464030935],[-34.9918666160514,-8.00149672019745],[-34.9875835858138,-8.00250799075112],[-34.9870482077086,-8.00334080163665],[-34.9888328025917,-8.00441155874638],[-34.9903199655939,-8.00435207308966],[-34.9903794530493,-8.00316234196844],[-34.991152778278,-8.00304336885638],[-34.9897893889691,-8.00528490927111],[-34.9869935226329,-8.00486850427802],[-34.9869340360768,-8.00409517904923],[-34.9851494402944,-8.00391671938103],[-34.9846735478459,-8.00457107059839],[-34.988421199079,-8.01099561595489],[-34.9876478738503,-8.02152473098152],[-34.9863986570723,-8.02122729820122],[-34.9865771167405,-8.0190857830824],[-34.985744305855,-8.01658734862718],[-34.984495089077,-8.01634940330229],[-34.9836027907361,-8.01510018562505],[-34.9828889520634,-8.01569505118563],[-34.9815802487295,-8.01498121341224],[-34.9818181949537,-8.01432686129555],[-34.9815207621734,-8.01408891507136],[-34.9810448697249,-8.01444583440771],[-34.9806879512879,-8.01408891507136],[-34.9810448697249,-8.01331558984253],[-34.9800335991713,-8.01313713107367],[-34.9777136252835,-8.0149217268562],[-34.9813423034045,-8.01652786297047],[-34.9812828159492,-8.01718221418783],[-34.9808664100568,-8.01759862008022],[-34.9787843823933,-8.01670632173932],[-34.9767023538305,-8.01759862008022],[-34.9757505689336,-8.01938321586268],[-34.9756315958214,-8.02348778643215],[-34.9736685412701,-8.02539135532676],[-34.9752151908284,-8.0264621124365],[-34.9754531370526,-8.02753287044555],[-34.9777136252835,-8.02884157288025],[-34.9777136252835,-8.02919849311593],[-34.9767618403866,-8.02884157288027],[-34.974917758048,-8.02979335777718],[-34.9737280269268,-8.02931746622807],[-34.9728357303846,-8.03348152155491],[-34.971289079927,-8.03455227956401],[-34.9708131883779,-8.03758609302373],[-34.9683147539227,-8.03829993079713],[-34.9665301581403,-8.03722917278806],[-34.9652214539069,-8.03764557868044],[-34.964329155566,-8.03675328123887],[-34.9636748052481,-8.03669379468285],[-34.9606409917883,-8.03312460311787],[-34.9608194523558,-8.03270819812481],[-34.9602840733513,-8.03205384600812],[-34.9607004783443,-8.03157795355968],[-34.9587329784442,-8.03024856132202],[-34.9586621397459,-8.02969366612972],[-34.9608036548647,-8.0261244736655],[-34.9629451699836,-8.02743317789878],[-34.9644918186425,-8.02707625766311],[-34.9644918186425,-8.02665985267005],[-34.968655875768,-8.0261244736655],[-34.9698456068892,-8.02523217622388],[-34.970916363999,-8.02588652834055],[-34.9727009597814,-8.02505371655571],[-34.9712137967792,-8.02273374176873],[-34.9734742850102,-8.02291220233623],[-34.9734147975548,-8.02255528299986],[-34.970975850555,-8.02184144432717],[-34.9694292009968,-8.01987838887652],[-34.9704404715505,-8.01916455110315],[-34.9717491757838,-8.0189860914349],[-34.9718086623399,-8.0185696846432],[-34.970618932118,-8.01809379309403],[-34.9721655807769,-8.01547638642603],[-34.9711543102232,-8.01482203430936],[-34.970024065658,-8.01488152086546],[-34.9699645800013,-8.0138107628564],[-34.9708568783422,-8.01315641163904],[-34.9720466076648,-8.01327538475118],[-34.9734742850102,-8.01410819563665],[-34.9752588807927,-8.01369178974427],[-34.9762106647903,-8.01392973596849],[-34.9799583160234,-8.0088733823007],[-34.97924447825,-8.00810005707194],[-34.97924447825,-8.00643443440159],[-34.97787628836,-8.00512573106762],[-34.9779357740167,-8.00328164782973],[-34.9802557488037,-8.00310318906088],[-34.9813859933689,-8.00369805372215],[-34.982159316799,-8.00351959495327],[-34.9822188042544,-8.00292472939271],[-34.9813859933689,-8.00238935128751],[-34.9812075328014,-8.00286524283667],[-34.9801962622477,-8.00221089072001],[-34.9798393429113,-8.00256781005636],[-34.9788875589137,-8.00143756639051],[-34.9785901261334,-8.00006937560113],[-34.9802557488037,-7.99977194282088],[-34.9806721537968,-8.00054526804962],[-34.9822782908104,-7.99983143027623],[-34.9828136689156,-8.00072372771779],[-34.9837059672565,-8.00090218738597],[-34.9851931302587,-8.00000988994441],[-34.9838844269247,-7.99989091683229],[-34.9837654538126,-7.99947451093987],[-34.9845982646981,-7.99852272604296],[-34.982873156371,-7.99661915804768],[-34.9829326420278,-7.99525096815763],[-34.9819808580301,-7.9947155891531],[-34.9768055303509,-7.99465610169768],[-34.9774598815682,-7.99780888826952],[-34.9760322051221,-7.998582212599],[-34.9754373395616,-7.99745196893315],[-34.9754373395616,-7.99893913193535],[-34.974604528676,-7.9992960512717],[-34.9745450421199,-7.99882015882321],[-34.9740691496715,-7.99870118571112],[-34.9743070958957,-8.00012886305655],[-34.973652743779,-8.0011996201663],[-34.9735932581223,-8.00250832439962],[-34.9739501765593,-8.0052447041797],[-34.9725819866693,-8.0059585419531],[-34.9716896892277,-8.0075646780674],[-34.970024065658,-8.00839748985221],[-34.9721060951201,-8.01000362596654],[-34.9716896892277,-8.01113386963232],[-34.9704999590058,-8.01101489741957],[-34.9705594446626,-8.01208565362999],[-34.9690722816604,-8.01036054530288],[-34.9668712799855,-8.00923030073772],[-34.9673471733333,-8.00679135283861],[-34.9685963901113,-8.00631546128943],[-34.9679420379946,-8.00554213606069],[-34.9673471733333,-8.00589905629637],[-34.966990253997,-8.00494727139943],[-34.9646107926539,-8.00470932517516],[-34.9634805489881,-8.00940876130524],[-34.9640159270933,-8.0098846528544],[-34.9634805489881,-8.01458408808515],[-34.9641349002054,-8.01488152086546],[-34.9643728464297,-8.01559535863886],[-34.9618744119745,-8.01529792675786],[-34.9611605742011,-8.01601176543058],[-34.9626477372033,-8.01720149475313],[-34.9616959532056,-8.01779636121308],[-34.9613390338692,-8.01910506364772],[-34.9633020893199,-8.02047325443709],[-34.9660384691,-8.01946198298408],[-34.9669307674409,-8.01886711832282],[-34.967287685878,-8.01797481998193],[-34.9685963901113,-8.01743944097742],[-34.9693102278847,-8.01839122587432],[-34.9669307674409,-8.01964044265225],[-34.9671687127658,-8.02041376788106],[-34.9658005228758,-8.02100863344162],[-34.9655625766516,-8.02035428132495],[-34.9651461707591,-8.02041376788106],[-34.9652056582145,-8.02077068721742],[-34.9643728464297,-8.02106811909835],[-34.9644918186425,-8.02148452499081],[-34.9629451699836,-8.02154401244617],[-34.963361575876,-8.02213887710748],[-34.9628261968714,-8.0226147686566],[-34.9626477372033,-8.02398295944597],[-34.9613985204253,-8.02451833755118],[-34.958781112858,-8.02184144432717],[-34.9544980826204,-8.02291220233623],[-34.9533678389545,-8.02273374176873],[-34.9509288919547,-8.02083017287413],[-34.950155566726,-8.02499422999967],[-34.9470622676095,-8.02457782410726],[-34.9468243222846,-8.02665985267005],[-34.9494417289526,-8.02743317789881],[-34.9527729742933,-8.02761163666764],[-34.9528919474054,-8.02665985267005],[-34.9534868120667,-8.02665985267005],[-34.9535462986227,-8.02802804256009],[-34.9546765431879,-8.02832547623969],[-34.955152434737,-8.02826598878432],[-34.9553903809613,-8.02654087955791],[-34.9562231918468,-8.02683831233821],[-34.9565801120825,-8.02909879966985],[-34.9575318960801,-8.02921777278193],[-34.9580073856323,-8.0302876269724],[-34.9582615313445,-8.0324107653445],[-34.95772615234,-8.03258922411334],[-34.959034855674,-8.03502817201247],[-34.9614738026738,-8.03752660556837],[-34.9618902085662,-8.0385378770214],[-34.961711748898,-8.03937068790686],[-34.9634368590238,-8.04056041902807],[-34.9750962177162,-8.03687225435102],[-34.9757505689336,-8.03758609302373],[-34.9762859479381,-8.03740763335554],[-34.978546436169,-8.04002504002352],[-34.979795652947,-8.03925171479479],[-34.9802120588394,-8.039489661019],[-34.9804500050636,-8.03841890390924],[-34.9830674117316,-8.03818095768503],[-34.9858632789671,-8.03943017536228],[-34.987409927626,-8.0385378770214],[-34.990741173866,-8.04020349969171],[-34.9944245370627,-8.03379790305076],[-34.9925209681681,-8.03248919881741],[-34.9907958589417,-8.03284611815378],[-34.9916929578637,-8.03134000733542],[-34.9950242032044,-8.03300563000579],[-34.9963329074377,-8.03258922411335],[-34.9948457444355,-8.03145898134689],[-34.9968682864422,-8.02747338299021],[-34.9977605838838,-8.02765184265837],[-34.9978200704399,-8.02872259976811],[-34.9971062317671,-8.02943643934016],[-34.9974036636481,-8.03056668300598],[-34.9981769888769,-8.03086411488693],[-34.9989503141057,-8.03211333166491],[-35.0032333443433,-8.03217281912026],[-35.0021030997782,-8.03377895523455],[-35.0070999677893,-8.03508765856855],[-35.0070469302716,-8.03566005097054],[-35.0087655913589,-8.03609892912226],[-35.0098363475693,-8.03699122656384],[-35.0100742937936,-8.03603944256617],[-35.0078138055626,-8.03413587367157],[-35.0084086720225,-8.03330306278605],[-35.0074568871256,-8.03258922411335],[-35.0073419321844,-8.03178983743102],[-35.0078090049815,-8.0316563879319],[-35.00828489743,-8.03219176693642],[-35.0087607889792,-8.02862257537151],[-35.0103074394368,-8.02897949380855],[-35.0106643578738,-8.02957436026846],[-35.0112592234344,-8.02897949380855],[-35.0110212772101,-8.02820617037845],[-35.0100100057571,-8.02820617037845],[-35.0095936007641,-8.02737335769427],[-35.0081064368625,-8.02737335769427],[-35.0066787613158,-8.02897949380855],[-35.0062623554233,-8.0283846291473],[-35.0054295436384,-8.02844411570334],[-35.0044777587415,-8.02963384592522],[-35.0040613537485,-8.02957436026846],[-35.0051915983136,-8.02713541236932],[-35.0042992999727,-8.02671900557762],[-35.0031086776234,-8.02916998460705],[-35.0009728561123,-8.02509392164713],[-35.0035307771236,-8.02622416621227],[-35.0040066686728,-8.02485597632222],[-35.0047799939015,-8.02658108464932],[-35.0062671569037,-8.02622416621227],[-35.0103122400178,-8.02664057210468],[-35.0106096727981,-8.02628365276832],[-35.0101932669057,-8.02521289475925],[-35.0108476190223,-8.02443957132909],[-35.0108476190223,-8.02330932676399],[-35.0117351149835,-8.02457749135814],[-35.0129843326608,-8.02517235691869],[-35.0132817654411,-8.02386365268536],[-35.01241094381,-8.02351186667926],[-35.0137029719146,-8.02194113597459],[-35.0134055400336,-8.02140575786938],[-35.0117399173632,-8.02098935197699],[-35.0097173753565,-8.0221195956428],[-35.0079327786747,-8.02188165031788],[-35.006862021565,-8.02348778643215],[-35.004542046778,-8.02229805621027],[-35.0048989670137,-8.02128678475727],[-35.0044230736659,-8.02045397297241],[-35.0061481837916,-8.01914526963845],[-35.0066835618968,-8.01997808142329],[-35.0073974005695,-8.01932372930664],[-35.0070404821325,-8.01872886374601],[-35.0090035366838,-8.01706324107569],[-35.0087655913589,-8.01664683608259],[-35.0109665921345,-8.0151596730804],[-35.0117399173632,-8.01539761930462],[-35.0110260786905,-8.01688478230683],[-35.0121563232557,-8.01801502597261],[-35.0126322148049,-8.01801502597261],[-35.0135245131457,-8.01968064864297],[-35.0140004046948,-8.01968064864297],[-35.0147737299236,-8.01771759319237],[-35.0147737299236,-8.01646837641437],[-35.0156586286428,-8.01646837641437],[-35.0160023926962,-8.01901029219119],[-35.0166344829949,-8.01929122061331],[-35.0175695962598,-8.01652786297046],[-35.0173911365916,-8.01575453774166],[-35.0184024080446,-8.01402942941457],[-35.0185808668135,-8.01254226641243],[-35.0179265155962,-8.01200688740791],[-35.0195921382665,-8.00879461427998],[-35.0192352189302,-8.00706950505355],[-35.0203059769393,-8.00730745127782],[-35.0213720926479,-8.00297088889536],[-35.0218242268066,-8.00289561384147],[-35.0228420570153,-8.00359819210286],[-35.0228420570153,-8.00478792232469],[-35.0239128150243,-8.00502586764965],[-35.0230205166835,-8.00716738276846],[-35.022247192354,-8.00734584333595],[-35.0217712999056,-8.00847608700178],[-35.0261138157999,-8.0097253037797],[-35.0263517620242,-8.01097452055764],[-35.0274225200332,-8.01252117101518],[-35.0278984115824,-8.01192630455528],[-35.0279578981384,-8.01002273656003],[-35.0289691686921,-8.00817865422147],[-35.0336686048222,-8.0080001945533],[-35.0340255241586,-8.00907095166304],[-35.035750633385,-8.0097253037797],[-35.0374162560553,-8.00960633066756],[-35.0381895812841,-8.01204527766737],[-35.0373567685999,-8.01329449534462],[-35.0377731753917,-8.01507909112712],[-35.0385464997211,-8.01585241635589],[-35.0396767442863,-8.01567395578838],[-35.0398552030551,-8.01412730712945],[-35.0392603383938,-8.01281860289619],[-35.0406285282839,-8.01210476512279],[-35.0412233929452,-8.01103400801298],[-35.0411806796446,-8.01066560703209],[-35.0394879972732,-8.01164233192805],[-35.04102801613,-8.00934887994682],[-35.0409259610642,-8.00419305676412],[-35.0402716089475,-8.00139719042796],[-35.0415921779366,-8.00223029808973],[-35.0445036728062,-8.0022153198811],[-35.0448417846206,-8.00384959668151],[-35.0453771627258,-8.00420651601787],[-35.0504335181923,-8.00486086813454],[-35.0503740316362,-8.00384959668151],[-35.0484704627416,-8.00384959668151],[-35.0480406758365,-8.00348767171864],[-35.0515042762013,-8.00230294712328],[-35.0535268173088,-8.00105373034536],[-35.0524560601989,-8.00016143290379],[-35.0504335181923,-7.99968553955598],[-35.0513258156339,-7.99766299934787],[-35.0494817341946,-7.99742505222434],[-35.0478858836266,-7.99598391742381],[-35.0520499407521,-7.99497264597079],[-35.0533586449854,-7.99419932074198],[-35.0557381063285,-7.98908347961885],[-35.0544026418684,-7.98766040500362],[-35.0547742570263,-7.98688001380158],[-35.056012869898,-7.98811862667321],[-35.0563667603177,-7.98714543071702],[-35.0559243981924,-7.98652612428117],[-35.0565437046282,-7.98608376215584],[-35.057163011064,-7.98661459688612],[-35.0581362070203,-7.98528751140948],[-35.057693844895,-7.98475667667924],[-35.0599056546222,-7.98254486695203],[-35.058843986061,-7.98272181216187],[-35.0581362070203,-7.98236792264145],[-35.0582246796252,-7.98166014360072],[-35.057251483669,-7.980863891955],[-35.0564552320233,-7.98166014360072],[-35.0566321772331,-7.98210250572602],[-35.0558359255875,-7.98263333955693],[-35.0561898151078,-7.98307570168226]],[[-35.035790628035,-7.99944577400323],[-35.0342142351988,-7.99962423277209],[-35.0328460453087,-8.00090319282807],[-35.0316860565662,-8.00325291089309],[-35.0297230020148,-8.00381803317567],[-35.02493433695,-8.00256881639769],[-35.023833835663,-8.0026877886105],[-35.0230605113335,-8.00328265417114],[-35.0222574428267,-8.0028365059],[-35.0225251332283,-8.00236061255221],[-35.0244584454009,-8.00164677477881],[-35.0287117305619,-8.00242010000757],[-35.0311506793603,-8.00108165339554],[-35.032191693192,-7.99935654416913],[-35.0357311405796,-7.99813706976989],[-35.035790628035,-7.99944577400323]],[[-34.9875289007381,-8.02753287044555],[-34.9883022259669,-8.02735440987807],[-34.9904437410857,-8.02973387122115],[-34.990384255429,-8.03122103422329],[-34.9907901023813,-8.03132249573656],[-34.9899678486373,-8.03306511656183],[-34.9873504419693,-8.03318408967398],[-34.9822346008461,-8.03461176612007],[-34.9811043571803,-8.02854414099927],[-34.9827104932946,-8.02747338299021],[-34.985744305855,-8.02771132921443],[-34.9861012251914,-8.02664057210468],[-34.9877668469623,-8.02681903177285],[-34.9875289007381,-8.02753287044555]]]}},{"type":"Feature","properties":{"id":"726","municipality":"2611606","density":"Densa","type":"Outros equipamentos urbanos","state":"PE"},"geometry":{"type":"Polygon","coordinates":[[[-35.0003824242095,-8.32764846600385],[-34.9974556867305,-8.32743431494163],[-34.9973843030431,-8.33089643142511],[-34.9994544335752,-8.33093212281916],[-34.9994187421811,-8.33003982537758],[-35.000596576171,-8.33007551677162],[-35.0021670199919,-8.32946875407971],[-35.004558377567,-8.32704170421126],[-35.004843913216,-8.32614940587036],[-35.0042371514233,-8.32568541055322],[-35.0003824242095,-8.32764846600385]]]}},{"type":"Feature","properties":{"id":"727","municipality":"2611606","density":"Densa","type":"Área urbanizada","state":"PE"},"geometry":{"type":"MultiPolygon","coordinates":[[[[-34.845845811896204,-7.785460835531646],[-34.84582372071177,-7.786377263376256],[-34.8462393197887,-7.7859616642993],[-34.845845811896204,-7.785460835531646]]],[[[-34.8473100777978,-7.78679447518484],[-34.84582369601165,-7.786378288033055],[-34.84578359913113,-7.788041661850642],[-34.845742892433236,-7.789730333253415],[-34.8464177803563,-7.78935239619607],[-34.8473100777978,-7.78679447518484]]]]}},{"type":"Feature","properties":{"id":"728","municipality":"2611606","density":"Densa","type":"Área urbanizada","state":"PE"},"geometry":{"type":"Polygon","coordinates":[[[-34.9660107879674,-8.3380279401373],[-34.9647333126922,-8.33919898694364],[-34.9646738261361,-8.34038871716552],[-34.9640789605755,-8.34086460871469],[-34.9646143395801,-8.3415189608313],[-34.9659825303694,-8.34068614994585],[-34.9664584219186,-8.33991282471704],[-34.965923042914,-8.33913950038761],[-34.9662587391495,-8.33832238177246],[-34.9660107879674,-8.3380279401373]]]}},{"type":"Feature","properties":{"id":"729","municipality":"2611606","density":"Densa","type":"Área urbanizada","state":"PE"},"geometry":{"type":"Polygon","coordinates":[[[-35.1183046137669,-7.93978138330415],[-35.1186020474464,-7.94043573542082],[-35.1215763725515,-7.94257724964031],[-35.1191374255517,-7.94335057486911],[-35.1186020474465,-7.94418338575463],[-35.113248260099,-7.94674130676585],[-35.114497476877,-7.94769309076349],[-35.1190354028615,-7.94752357395373],[-35.1209220213342,-7.94662233275443],[-35.1204461288857,-7.94501619664009],[-35.1213384272266,-7.94430235886672],[-35.1216358600069,-7.94471876475917],[-35.1211004810024,-7.94501619664009],[-35.1215763725515,-7.94602746809311],[-35.1228850767848,-7.94620592776131],[-35.1231825086658,-7.94507568409551],[-35.1227066171166,-7.94370749420546],[-35.1234799423454,-7.94156597908664],[-35.1215763725515,-7.94132803286237],[-35.1203271557736,-7.94025727485333],[-35.1214574003387,-7.9389485724186],[-35.1222902121236,-7.93990035641629],[-35.1233014817779,-7.93894857241861],[-35.1222307246682,-7.9378183278535],[-35.1211163684256,-7.93743546037815],[-35.1183046137669,-7.93978138330415]]]}},{"type":"Feature","properties":{"id":"730","municipality":"2611606","density":"Densa","type":"Área urbanizada","state":"PE"},"geometry":{"type":"Polygon","coordinates":[[[-35.0692623127055,-7.98057890129519],[-35.0717607471607,-7.97968660295431],[-35.072653043703,-7.98135222562469],[-35.0737832882681,-7.98087633407552],[-35.0744376403847,-7.98206606429739],[-35.0752109647142,-7.98212555085344],[-35.077352479833,-7.98075736096336],[-35.0791370756155,-7.97897276518092],[-35.0789586159473,-7.97873481895672],[-35.0772335067209,-7.97980557696576],[-35.0765196689475,-7.97950814418546],[-35.0757463437187,-7.97843738617639],[-35.0772929932769,-7.97784252061582],[-35.0772335067209,-7.97671227694996],[-35.0765196689475,-7.97659330383785],[-35.0762817218239,-7.97510614083571],[-35.0768171008285,-7.97510614083571],[-35.0769360739406,-7.97421384339412],[-35.0750919916021,-7.97344051816532],[-35.0746161000529,-7.97344051816532],[-35.0724745849341,-7.97522511394782],[-35.0698571782661,-7.97831841306424],[-35.0690923507313,-7.97865833611325],[-35.0692623127055,-7.98057890129519]]]}},{"type":"Feature","properties":{"id":"731","municipality":"2611606","density":"Densa","type":"Área urbanizada","state":"PE"},"geometry":{"type":"Polygon","coordinates":[[[-35.0177202021256,-8.09139079265094],[-35.016173551668,-8.09097438675848],[-35.0164114978922,-8.09043900865328],[-35.0152217676704,-8.09085541364636],[-35.0155191995514,-8.09139079265094],[-35.0150433080022,-8.09275898344027],[-35.0169468768968,-8.09418665988643],[-35.0143889558856,-8.09835071611264],[-35.0130207659955,-8.10174144800936],[-35.0116525761055,-8.10358553124724],[-35.0120094954418,-8.10441834213277],[-35.0116525761055,-8.10626242357193],[-35.011176683657,-8.10620293791521],[-35.0104033593275,-8.10489423368188],[-35.0102843862154,-8.10655985725158],[-35.0109387383321,-8.10774958657412],[-35.0098084937669,-8.10846342614617],[-35.0096895206548,-8.10780907402949],[-35.008559276989,-8.107333181581],[-35.0080238979845,-8.10661934290829],[-35.0070126274308,-8.10644088413943],[-35.0066557080944,-8.1054296126864],[-35.0007665417425,-8.10394244968426],[-34.9991604056282,-8.10531063957434],[-34.9978517022941,-8.10483474802516],[-34.9971973501775,-8.10626242357193],[-34.9964835124042,-8.10626242357193],[-34.9967214577291,-8.10519166736152],[-34.996364539292,-8.10459680180094],[-34.9955912140632,-8.10525115301823],[-34.9945799426102,-8.10477526056979],[-34.9941040510611,-8.10507269424939],[-34.9942825107292,-8.10626242357193],[-34.9933902132877,-8.10650036979622],[-34.9928548342831,-8.10328809756761],[-34.9938066191801,-8.10239580012603],[-34.9925574006035,-8.10191990767754],[-34.9920815090544,-8.10061120434358],[-34.992735861171,-8.09995685312623],[-34.995353267839,-8.10215785390181],[-34.996305052736,-8.10358553124724],[-34.9976137560699,-8.10180093456542],[-34.9978517022941,-8.10055171778749],[-34.9974352973011,-8.09882660856108],[-34.9985596198305,-8.09834525093255],[-34.996364539292,-8.09680406655441],[-34.9948178888345,-8.09835071611264],[-34.9951748090701,-8.0986481488929],[-34.9948773762898,-8.09930250100957],[-34.9932117527202,-8.09805328423164],[-34.9938066191801,-8.09751790522711],[-34.9919625359423,-8.09710149933465],[-34.9906538326082,-8.09591176911284],[-34.9900589670477,-8.09591176911284],[-34.9900589670477,-8.09662560688622],[-34.9886907771576,-8.09626868844919],[-34.9882743721645,-8.09763687833924],[-34.9889287233818,-8.09918352789742],[-34.9885123183888,-8.09965942034591],[-34.9904158872833,-8.10281220601843],[-34.9904753729401,-8.10578653202277],[-34.9923789418347,-8.10638139668408],[-34.9922599687225,-8.10798753279834],[-34.9934496989444,-8.10870137237037],[-34.9930332939513,-8.11006956226045],[-34.9920815090543,-8.11001007480508],[-34.9908605957398,-8.11121909188751],[-34.9923596558734,-8.11139755065636],[-34.9927165752097,-8.11186154597352],[-34.9940445654043,-8.11012904791717],[-34.9942825107293,-8.10870137237037],[-34.9952937821823,-8.10929623703168],[-34.9955317284065,-8.10876085802716],[-34.9990414334154,-8.10870137237037],[-35.0004096233054,-8.10763061436132],[-35.0020157594197,-8.10917726391954],[-35.0048116257559,-8.1102480210293],[-35.0045141929756,-8.11102134625809],[-35.0064222710709,-8.11118339959417],[-35.0064936547584,-8.11271815202105],[-35.0072074934311,-8.11271815202105],[-35.0071315996436,-8.1111403193702],[-35.0095110609867,-8.11036699414143],[-35.0091541416503,-8.11173518493083],[-35.0078454383163,-8.1123895361481],[-35.0080238979845,-8.11280594204056],[-35.0092136291056,-8.1124490227042],[-35.01022489876,-8.11096185970201],[-35.0115930904487,-8.11131877903836],[-35.0115336029933,-8.11209210426716],[-35.0134371718879,-8.11298440170875],[-35.0131992256637,-8.1134008067018],[-35.0104628458836,-8.11262748237239],[-35.0096895206548,-8.11631564704942],[-35.0117715492176,-8.11661307982975],[-35.0130802525516,-8.11524488993969],[-35.0127828197712,-8.11911151428491],[-35.0117715492176,-8.11946843272193],[-35.0124259013342,-8.12125302940376],[-35.0136156306568,-8.12166943439683],[-35.0159356063431,-8.12024175795075],[-35.0165899575604,-8.12143148817263],[-35.0183745533429,-8.12220481340137],[-35.0204565819057,-8.12458427384513],[-35.0227170701367,-8.12571451841023],[-35.0230739885737,-8.12815346541004],[-35.0251560171365,-8.13065189986526],[-35.0268811272622,-8.13059241330916],[-35.0274759919234,-8.12981908808042],[-35.0283682902643,-8.12981908808042],[-35.0277139381476,-8.13148471075072],[-35.0267026666947,-8.13190111664319],[-35.0279518843719,-8.13225803597953],[-35.0272975322553,-8.13303136120829],[-35.0279518843719,-8.13368571242565],[-35.0289036683695,-8.13297187375293],[-35.0294985339302,-8.13362622586961],[-35.0302123717036,-8.13350725275746],[-35.0301528851475,-8.13267444097261],[-35.032948752383,-8.13249598220376],[-35.0331866977079,-8.13148471075072],[-35.0345548875979,-8.13124676542582],[-35.0369938363964,-8.13243649474839],[-35.0377076741698,-8.13029497962958],[-35.0374697279456,-8.12833192507823],[-35.0360420506001,-8.1285698713025],[-35.0353282128267,-8.12773706041697],[-35.0334841313875,-8.12868884441458],[-35.0322944002663,-8.12827243942151],[-35.031640049049,-8.12732065362519],[-35.0314021019254,-8.12613092430269],[-35.0321159405982,-8.12595246373521],[-35.0327702918155,-8.1225022461817],[-35.0339005363806,-8.1222642990581],[-35.034019510392,-8.12089610916804],[-35.0331272120512,-8.12089610916804],[-35.0334841313875,-8.11934945960984],[-35.0310451825891,-8.11905202682955],[-35.0302718582596,-8.11952791927803],[-35.0296175070422,-8.11851664782502],[-35.0300933985914,-8.11804075627583],[-35.0294985339302,-8.11708897227823],[-35.0278923969165,-8.11572078238818],[-35.0267026666947,-8.11554232182069],[-35.0262862608022,-8.11369824038145],[-35.0297959658111,-8.11280594204056],[-35.0311805629326,-8.11531771344172],[-35.0312697918674,-8.11728076889233],[-35.031953887262,-8.11734025544837],[-35.0323405498764,-8.11692384955597],[-35.0327272115915,-8.11516899705151],[-35.0332625905961,-8.11481207771517],[-35.0340656591029,-8.11496079410534],[-35.0350769296566,-8.11739974200446],[-35.0374861342776,-8.11659667439698],[-35.0370399851072,-8.11505002393944],[-35.0381999729503,-8.11475259115911],[-35.0378133103359,-8.11356286093725],[-35.0366533233921,-8.11391978027359],[-35.0356420519391,-8.1121649268698],[-35.0335005368203,-8.112967996276],[-35.0337682263225,-8.11427669871063],[-35.0316861977598,-8.11457413239025],[-35.0308236426969,-8.11234338743732],[-35.0284277759211,-8.11191364369968],[-35.0280708565847,-8.11078340003384],[-35.028308802809,-8.10816599336585],[-35.0264647213697,-8.107333181581],[-35.0262267751455,-8.10673831602044],[-35.0268811272622,-8.10531063957434],[-35.0277139381476,-8.10548909924251],[-35.0280113700287,-8.104656288357],[-35.0277734238044,-8.10328809756761],[-35.0259293423652,-8.10221734135717],[-35.0262267751455,-8.10352604379183],[-35.0250965305804,-8.10423988156526],[-35.02343090791,-8.10388296312818],[-35.0225386095691,-8.10215785390181],[-35.0217057986836,-8.10281220601843],[-35.0206945281299,-8.10233631357001],[-35.0214083659033,-8.0967445799983],[-35.0222411776882,-8.09561433633251],[-35.0244421793631,-8.09644714811738],[-35.0245016650198,-8.09269949688423],[-35.0239068003585,-8.09192617165548],[-35.0247396121433,-8.09162873887517],[-35.0249180709122,-8.09055798176541],[-35.0242637187956,-8.09061746832145],[-35.02343090791,-8.09234257664856],[-35.02206271802,-8.09079592798963],[-35.0193263382399,-8.09037952209724],[-35.0172443087778,-8.09061746832145],[-35.0177202021256,-8.09103387421386],[-35.0177202021256,-8.09139079265094]]]}},{"type":"Feature","properties":{"id":"732","municipality":"2611606","density":"Densa","type":"Vazio intraurbano","state":"PE"},"geometry":{"type":"Polygon","coordinates":[[[-34.9480878517729,-8.09462730790387],[-34.9444591736519,-8.09641190368638],[-34.9419805179865,-8.09961327073582],[-34.9398489691546,-8.10045698769978],[-34.9378859128046,-8.10405592344205],[-34.9358931149752,-8.10441284187909],[-34.9324131532444,-8.104293868767],[-34.9286060145559,-8.10224158438156],[-34.9286952452893,-8.1057215452131],[-34.9281598662848,-8.10694101871299],[-34.9338110864124,-8.10833895188108],[-34.9355064523609,-8.10691127633432],[-34.9362500343115,-8.10708973510317],[-34.9372315615873,-8.10780357377589],[-34.9374397636341,-8.10875535777348],[-34.9381238590289,-8.10937996661211],[-34.9385997523766,-8.10937996661211],[-34.9386592380334,-8.10836869605846],[-34.9413361321567,-8.10836869605846],[-34.9424068892665,-8.10783331705393],[-34.9428827808156,-8.1080117767221],[-34.9432099568739,-8.109588168659],[-34.946898121551,-8.10920150694391],[-34.9483396277716,-8.1059247910962],[-34.9480421949913,-8.10300995074858],[-34.9489504068358,-8.1003677578657],[-34.9477904198919,-8.10001083942866],[-34.9485340009434,-8.0981370129128],[-34.9496939887865,-8.0981370129128],[-34.9500509081229,-8.09620370074016],[-34.9488314337236,-8.09456782224716],[-34.9499616782888,-8.09394321340853],[-34.949158609782,-8.09260476679651],[-34.948177081607,-8.09299142941092],[-34.9477309333358,-8.09230733401621],[-34.9468683791723,-8.09266425335256],[-34.9480878517729,-8.09462730790387]]]}},{"type":"Feature","properties":{"id":"733","municipality":"2611606","density":"Densa","type":"Área urbanizada","state":"PE"},"geometry":{"type":"Polygon","coordinates":[[[-34.900424573835,-7.83259118143781],[-34.8984615192837,-7.8384208603344],[-34.8994727898373,-7.84389361989459],[-34.8976881940549,-7.84413156701818],[-34.8976881940549,-7.84484540479155],[-34.8995322763934,-7.84514283757188],[-34.8994727898373,-7.84639205524911],[-34.9004840612903,-7.84633256779369],[-34.9020901974046,-7.84329875523334],[-34.9033988998393,-7.84371516112572],[-34.9047076040726,-7.84335824178937],[-34.9050050359536,-7.8449643779037],[-34.9071465510724,-7.84567821567708],[-34.9073250107406,-7.84674897368616],[-34.9091096074224,-7.84734383924672],[-34.9098829317518,-7.84704640556716],[-34.9091690930791,-7.84859305602471],[-34.9068491191915,-7.8482956232444],[-34.9068491191914,-7.84978278624654],[-34.9061947670748,-7.84972329969048],[-34.9061947670748,-7.84924740814131],[-34.9045291444044,-7.84924740814131],[-34.9044696578484,-7.84978278624654],[-34.9055999024135,-7.84990176025798],[-34.9053024687339,-7.85305454503117],[-34.9033394141826,-7.85341146436754],[-34.9022091696174,-7.85549349293029],[-34.9024471158416,-7.85721860215672],[-34.9080388494133,-7.85686168282036],[-34.9054809293014,-7.86185855083142],[-34.9014953309447,-7.86203701139892],[-34.9010789259517,-7.86358366005783],[-34.9014953309447,-7.86435698528658],[-34.9007220066153,-7.86477339117902],[-34.9007220066153,-7.86566568862059],[-34.8985804923958,-7.86620106672582],[-34.8987589511646,-7.86929436674162],[-34.8982830587161,-7.86935385329765],[-34.8987589511646,-7.87072204318772],[-34.8997702217183,-7.87113844908009],[-34.8994727898373,-7.87238766585808],[-34.9004840612904,-7.8729230448626],[-34.900424573835,-7.87339893731104],[-34.8991158696016,-7.87339893731104],[-34.8991158696016,-7.87381534320351],[-34.9012573847205,-7.87429123475268],[-34.9013168721759,-7.87500507342537],[-34.899935091731,-7.87598961882582],[-34.9001492436926,-7.87723883560375],[-34.9019695308691,-7.87780990690162],[-34.9021496830614,-7.87589737086694],[-34.9038153057317,-7.87589737086694],[-34.9045291444044,-7.87655172298362],[-34.9049455502969,-7.8779199128736],[-34.9045886309605,-7.88154859099461],[-34.9033988998393,-7.88446343134224],[-34.9033394141826,-7.88702135055484],[-34.9012573847205,-7.88678340522994],[-34.9013168721759,-7.88743775734655],[-34.9036963326196,-7.88803262200788],[-34.9037558191757,-7.88850851355698],[-34.9007814931713,-7.88815159511997],[-34.9001866276107,-7.89166130012887],[-34.9031609536151,-7.89201821856591],[-34.9030419814023,-7.89362435468019],[-34.8997107360616,-7.89344589591133],[-34.8992348436131,-7.89558741103014],[-34.8956656520481,-7.8959443303665],[-34.8966174360458,-7.89689611436416],[-34.8962605167094,-7.89784789926108],[-34.8940000293778,-7.89749097992474],[-34.893226704149,-7.89826430425422],[-34.8948328411627,-7.90010838659271],[-34.8942974621581,-7.90052479158585],[-34.8945948949384,-7.90129811681459],[-34.8958441117163,-7.90224990171158],[-34.8963200041648,-7.90326117316455],[-34.8971528150503,-7.90332065882132],[-34.8973907612745,-7.90439141683037],[-34.8956656520481,-7.90451038994251],[-34.8964984629337,-7.90653293104988],[-34.8964984629337,-7.90760368905894],[-34.897807167167,-7.9097452041778],[-34.8970338419382,-7.91063750161936],[-34.8983740431275,-7.91156461001868],[-34.8970163842987,-7.91378411974131],[-34.8944164352702,-7.9121841511776],[-34.8938215697096,-7.91313593607454],[-34.8961415435973,-7.91474207218887],[-34.8950112999315,-7.91706204607653],[-34.8924779600898,-7.91516496579051],[-34.8904316238203,-7.9180203186827],[-34.8912406413425,-7.91901969300437],[-34.8905268017704,-7.92030460207571],[-34.8932861907051,-7.92140456287025],[-34.888289322694,-7.92735321487892],[-34.8875159983646,-7.9292567837735],[-34.8844226992481,-7.93395621990356],[-34.8857908891382,-7.93425365178456],[-34.8870401059161,-7.93544338290578],[-34.8870995915729,-7.93603824756703],[-34.8864452412548,-7.93645465435881],[-34.8870995915729,-7.9372279777889],[-34.887932404257,-7.93716849213219],[-34.888229836138,-7.93776335679342],[-34.8871590790282,-7.93847719456681],[-34.8877539436895,-7.9393694929077],[-34.8888247016986,-7.93931000725098],[-34.8922749201514,-7.94044025091683],[-34.8917990277029,-7.94216536014323],[-34.8924533798196,-7.94281971225985],[-34.8935241369293,-7.94258176603563],[-34.8937025965975,-7.94151100802657],[-34.8942974621581,-7.94157049458262],[-34.8946543805952,-7.94228433325533],[-34.8965579503891,-7.94252227858028],[-34.8970338419382,-7.94186792736293],[-34.9006030344025,-7.94204638703109],[-34.9008409797274,-7.94151100802657],[-34.9034583872947,-7.94180844080684],[-34.9079444565714,-7.94143421491702],[-34.9089914203178,-7.9421956430145],[-34.9107495769314,-7.94226098865365],[-34.9104666861886,-7.93967341429658],[-34.9109901671624,-7.93881680824906],[-34.9107998103629,-7.93719877500344],[-34.9136551632551,-7.93458136833544],[-34.9162725708225,-7.93315369099002],[-34.9162725708225,-7.93272538796624],[-34.9179857820182,-7.93153565774435],[-34.9187472101156,-7.9325826196921],[-34.9197465844373,-7.93258261969209],[-34.9208411358097,-7.92934655320084],[-34.9214597947337,-7.92915619730065],[-34.9218405092321,-7.9300128024488],[-34.9251114820092,-7.92842397288797],[-34.9260632660068,-7.92705578299798],[-34.9280858080136,-7.92574707876464],[-34.9293945122469,-7.92402197043754],[-34.9337370281413,-7.92336761832086],[-34.9365328953768,-7.92455734944207],[-34.9366518675895,-7.92402197043754],[-34.9346293255829,-7.92241583432327],[-34.9340939465783,-7.92289172587244],[-34.9341534340337,-7.92152353598239],[-34.933499081917,-7.92110713008994],[-34.9346888130382,-7.919857913312],[-34.9333801088049,-7.9194415074196],[-34.9308221877937,-7.91599128896678],[-34.9295729710158,-7.91581282929859],[-34.9292934419387,-7.91384588517941],[-34.9289008312084,-7.91384588517941],[-34.9287223706409,-7.91480956630841],[-34.9279014568867,-7.91513079425073],[-34.9279728405741,-7.91602309079297],[-34.9289469898116,-7.91598740029827],[-34.9283237542378,-7.91759742508105],[-34.9276099155651,-7.91759742508105],[-34.9274314558969,-7.9168240998523],[-34.9263913359913,-7.9166259819035],[-34.9264796718993,-7.91331439484338],[-34.9282642676817,-7.90944777139749],[-34.9262417256751,-7.90968571672239],[-34.9265391593546,-7.91152979996025],[-34.9254089147895,-7.91581282929859],[-34.9248140492289,-7.91498001841307],[-34.9248140492289,-7.9133738822988],[-34.9230294543458,-7.91141082684811],[-34.9229104812337,-7.91057801506332],[-34.9216612635564,-7.91087544784358],[-34.9241596980116,-7.9133738822988],[-34.9243381567805,-7.91444463940856],[-34.9238622652313,-7.91468258473346],[-34.9232079131146,-7.91373080073585],[-34.9227915072223,-7.91420669318429],[-34.9231484265586,-7.91480155784557],[-34.9229699668904,-7.91605077462351],[-34.9224940753412,-7.91622923519099],[-34.9218397232246,-7.91402823441542],[-34.9196387224491,-7.91236261084579],[-34.9214828038882,-7.91486104530095],[-34.9213638307761,-7.91605077462351],[-34.9207689661148,-7.91587231585466],[-34.9205905064467,-7.91492053185705],[-34.9198171812179,-7.91414720662825],[-34.9199956408861,-7.91515847808127],[-34.9194602618815,-7.91480155784557],[-34.9194602618815,-7.91533693685011],[-34.9202943857773,-7.91635750009853],[-34.9183300182157,-7.91622923519099],[-34.9180325854354,-7.91307644861916],[-34.9175566929869,-7.91277901673817],[-34.917259261106,-7.91283850329428],[-34.9178541257672,-7.91343336795554],[-34.9177946392112,-7.91498001841307],[-34.9173782342181,-7.91646718141527],[-34.9169618283257,-7.91634820830313],[-34.9164859358772,-7.91295747640636],[-34.9160100443281,-7.91313593607454],[-34.9157126106484,-7.91402823441542],[-34.914998772875,-7.9140877200722],[-34.9148203132069,-7.91325490918666],[-34.9154746653235,-7.91242209740183],[-34.9174377198748,-7.91164877307239],[-34.9148203132069,-7.91057801506332],[-34.9152367190992,-7.90897187894899],[-34.9174377198748,-7.90825804117561],[-34.9179730988794,-7.90694933694234],[-34.9189843703324,-7.9064139579378],[-34.9195197493369,-7.90647344539314],[-34.9195197493369,-7.90700882439769],[-34.9205310198906,-7.90760368905894],[-34.9209474248837,-7.90546217394012],[-34.923505345895,-7.90486730927889],[-34.9252304551214,-7.90528371427194],[-34.9255278879016,-7.90480782182346],[-34.9244571298926,-7.90355860504554],[-34.9232079131147,-7.9034396319334],[-34.9235648315517,-7.90421295716221],[-34.9207094786595,-7.90409398405008],[-34.9206499930027,-7.90272579416001],[-34.91993615433,-7.9015955495949],[-34.918924882877,-7.90159554959491],[-34.9193412887694,-7.90052479158585],[-34.9188059097649,-7.89998941437996],[-34.9173187467627,-7.89987044126782],[-34.9164264493211,-7.9001678731488],[-34.9169023417696,-7.90123863115788],[-34.9164264493211,-7.90141708992674],[-34.9158315837606,-7.90052479158585],[-34.9164264493211,-7.90332065882132],[-34.9158910712159,-7.90361809160158],[-34.916247989653,-7.90480782182346],[-34.9154151778681,-7.90498628239096],[-34.9126193124313,-7.90230938826762],[-34.9114890678662,-7.9024878479358],[-34.9086932006306,-7.90106017059038],[-34.9082173090815,-7.8976694386936],[-34.9088121737428,-7.89778841180574],[-34.9088716611981,-7.89689611436416],[-34.9095260124155,-7.89671765469599],[-34.9099424183079,-7.89564689668691],[-34.9073947019039,-7.89479925777949],[-34.9070020911735,-7.8965481621679],[-34.9037377787755,-7.89594920559132],[-34.904053251956,-7.89523049169378],[-34.9047670897293,-7.89534946480592],[-34.9048265771847,-7.89374332869165],[-34.9053024687339,-7.89374332869165],[-34.905421441846,-7.89308897657498],[-34.9145228804266,-7.8958253572544],[-34.9151177459871,-7.89332692279919],[-34.9160100443281,-7.89362435468019],[-34.9160100443281,-7.89457613957711],[-34.917378234218,-7.89487357325675],[-34.9169797311296,-7.8925378108712],[-34.9191569376425,-7.89221658382827],[-34.9191485011024,-7.89100694801222],[-34.9160695299848,-7.89100694801222],[-34.9104777973125,-7.88987670434637],[-34.9091690930791,-7.88892492034877],[-34.9095260124155,-7.8882705682321],[-34.911013176317,-7.88773519012687],[-34.9121256313927,-7.88796924588395],[-34.912375473849,-7.8875052505668],[-34.9109536888616,-7.88737826989122],[-34.9111765228782,-7.88661073090048],[-34.9098770402931,-7.88668433681268],[-34.9082709041788,-7.88821909013888],[-34.907128761583,-7.88811201415809],[-34.9064149238096,-7.88704125614902],[-34.9046107326991,-7.88634027418425],[-34.9049968107541,-7.88304376156032],[-34.9066290757712,-7.88318652983447],[-34.9062721564349,-7.88468558996795],[-34.9076284491935,-7.88543512003475],[-34.9111262570711,-7.88593480674588],[-34.9114487575541,-7.88550395594274],[-34.9105372829692,-7.88482034977926],[-34.9107752291934,-7.88452291699895],[-34.908752688086,-7.88363061865806],[-34.910299336745,-7.88208396999915],[-34.9122683978682,-7.8825797671425],[-34.9125539326179,-7.8816874688016],[-34.9131250039158,-7.8816874688016],[-34.9134105386654,-7.8809736310282],[-34.9143444207584,-7.88125115821435],[-34.914641854438,-7.88041834732882],[-34.9152367190993,-7.88012091364921],[-34.9158910712159,-7.88047783298555],[-34.9156531240924,-7.87946656333116],[-34.9145228804265,-7.87881221121455],[-34.9144039073144,-7.87821734475462],[-34.9148203132069,-7.87780093976153],[-34.9154151778681,-7.8779199128736],[-34.9155936384356,-7.87696812797668],[-34.9148797997629,-7.87649223642752],[-34.9166049089893,-7.87476712720111],[-34.9176756660991,-7.87542147931776],[-34.9177946392112,-7.87619480364726],[-34.918924882877,-7.87637326331545],[-34.9189843703324,-7.87506455998142],[-34.9183300182157,-7.87488610031324],[-34.917259261106,-7.87304201797469],[-34.9148797997629,-7.87327996419897],[-34.9132736627493,-7.87286355830651],[-34.9129167443123,-7.87322047674356],[-34.9122029056396,-7.87197125996563],[-34.9129762308683,-7.8678666902955],[-34.9141659610902,-7.86768823062732],[-34.9144633938705,-7.86667696007362],[-34.9169023417696,-7.86673644573036],[-34.9186869366527,-7.86626055418118],[-34.9185679644399,-7.86518979617212],[-34.9175566929869,-7.8654277432957],[-34.9157720981038,-7.86489236429111],[-34.9150582594311,-7.86358366005783],[-34.9123218787516,-7.86465441806691],[-34.9133926367608,-7.86673644573036],[-34.9132736627493,-7.86709336506671],[-34.9122623930949,-7.86685541884249],[-34.9115485544222,-7.86786669029549],[-34.9105967704245,-7.86822360873254],[-34.9104777973125,-7.8678666902955],[-34.911013176317,-7.86774771718338],[-34.9112511216419,-7.86673644573036],[-34.9101803636328,-7.86673644573036],[-34.9098829317518,-7.86840206930003],[-34.9072655241845,-7.86703387940997],[-34.9075629569649,-7.86530877018356],[-34.9099424183079,-7.86524928272814],[-34.9111321494291,-7.86471390372362],[-34.9112511216419,-7.86388109283814],[-34.9103588242003,-7.86269136171696],[-34.9106562560813,-7.86185855083142],[-34.9128572577562,-7.86227495672382],[-34.9122029056395,-7.85787295427338],[-34.9129762308683,-7.85477965515692],[-34.9123813662071,-7.85412530304024],[-34.9138090417538,-7.85204327357815],[-34.9141659610902,-7.84990176025798],[-34.9139875023213,-7.84752229891489],[-34.914641854438,-7.84561873002032],[-34.9143444207584,-7.84490489134761],[-34.9105372829692,-7.84627308123766],[-34.9108347157495,-7.84383413423785],[-34.913630582985,-7.84264440311665],[-34.9134521233168,-7.84199005189932],[-34.9110726619737,-7.8427633762288],[-34.9114295813101,-7.84085980823353],[-34.9130357174244,-7.83990802333654],[-34.9128572577562,-7.8391346981078],[-34.9119054728592,-7.83937264523133],[-34.9125003393191,-7.83651729143981],[-34.9120839334268,-7.83520858810578],[-34.908752688086,-7.83401885698465],[-34.907741416633,-7.83485166876943],[-34.9072060376285,-7.83455423598917],[-34.9069086048482,-7.83360245199151],[-34.9070870654157,-7.83223426210145],[-34.9062542536308,-7.83193682932121],[-34.9055404149581,-7.8324127208703],[-34.9051834956218,-7.83163939564158],[-34.9036963326196,-7.83098504532353],[-34.9036368460635,-7.83253169398245],[-34.9000676553979,-7.82884353020472],[-34.8996512486062,-7.82747534031466],[-34.8976287065995,-7.82622612263742],[-34.8986994646086,-7.83033069320688],[-34.900424573835,-7.83259118143781]],[[-34.9233328918994,-7.92069873176103],[-34.9240110382787,-7.92119841937155],[-34.9247605683455,-7.92091288372257],[-34.9249390280137,-7.91973505063203],[-34.9260811688109,-7.91969935923799],[-34.9261882447916,-7.91902121195934],[-34.9269377748584,-7.91898551966597],[-34.9266879324021,-7.91959228325721],[-34.9276873049251,-7.91998489398765],[-34.9273303855888,-7.92041319701138],[-34.9262596293784,-7.92027042873725],[-34.9261882447916,-7.92123411076557],[-34.9256885580804,-7.9216624137893],[-34.928579603266,-7.92184087435681],[-34.9297931277506,-7.92119841937155],[-34.9294362093136,-7.92255471213021],[-34.9297217449625,-7.92344700957176],[-34.9265808564214,-7.92291163056722],[-34.925902710042,-7.92358977694658],[-34.9269377748584,-7.92412515595112],[-34.9261882447916,-7.92444638299412],[-34.9246178009707,-7.92301870744736],[-34.924974720307,-7.92487468601793],[-34.9245464172833,-7.92516022166683],[-34.9237611949231,-7.92426792422526],[-34.9230830476445,-7.92437500020605],[-34.9230473571497,-7.92358977694658],[-34.9237255026298,-7.92248332844282],[-34.9225476704386,-7.92241194385611],[-34.9222978261837,-7.92423223193192],[-34.9215482961169,-7.92362546924001],[-34.9214412201361,-7.92244763614946],[-34.9204775390072,-7.92241194385611],[-34.9202276947523,-7.92284024687985],[-34.9206916900694,-7.92376823661477],[-34.9202633870456,-7.92387531259556],[-34.9178006448838,-7.92187656575085],[-34.9160160491014,-7.92151964641447],[-34.9149095996982,-7.92048458069878],[-34.9143742206937,-7.92059165667958],[-34.9149452919916,-7.92162672239528],[-34.9146240649486,-7.92169810608265],[-34.9132677721899,-7.92134118674632],[-34.9125539326179,-7.92030612103061],[-34.9125182421231,-7.91955659096386],[-34.9141243782374,-7.91994920169423],[-34.9162658933562,-7.91877136860378],[-34.9182289479075,-7.91855721664217],[-34.9194781646855,-7.91884275319047],[-34.919692316647,-7.91941382268971],[-34.9165514281059,-7.9195208986705],[-34.915980356808,-7.91987781800687],[-34.9185501749506,-7.92005627767504],[-34.9195852406663,-7.92094857601593],[-34.9218695231599,-7.92080580774177],[-34.923261508212,-7.91841445016672],[-34.9237255026298,-7.91891413687785],[-34.9233328918994,-7.92069873176103]],[[-34.9182110451036,-7.92497375443521],[-34.9191033434445,-7.92527118721546],[-34.919876667774,-7.92657988965016],[-34.9207094786595,-7.92628245776918],[-34.9208284517716,-7.92687732332975],[-34.9199956408861,-7.92723424176682],[-34.9202335871103,-7.92753167544641],[-34.921244857664,-7.92729372922219],[-34.9214828038882,-7.92776962077136],[-34.9205905064467,-7.92794808133886],[-34.9209482315756,-7.9285035026345],[-34.9184616753659,-7.92948932057563],[-34.917795426118,-7.92787128822933],[-34.9159870351735,-7.92848994715331],[-34.9163677487725,-7.93020315924839],[-34.9141786451284,-7.93105976529591],[-34.9112757019121,-7.92987003507404],[-34.9105618641387,-7.93391511908745],[-34.9098480263653,-7.93448618858667],[-34.9065643704493,-7.93448618858668],[-34.905612584653,-7.92953691000037],[-34.9039945523067,-7.92896583960176],[-34.9048987468796,-7.92511111328718],[-34.9077540997719,-7.92492075558834],[-34.9095854989716,-7.92330813176482],[-34.9104675243567,-7.92320635908619],[-34.9116080409782,-7.92342710487697],[-34.9113700947541,-7.92431940231855],[-34.9132141770925,-7.92443837632993],[-34.9145823669826,-7.92312967209666],[-34.9167238821014,-7.92283223931633],[-34.9169023417696,-7.92307018464124],[-34.9160100443281,-7.92366505110118],[-34.9180325854354,-7.92384350987005],[-34.9182110451036,-7.92497375443521]]]}},{"type":"Feature","properties":{"id":"734","municipality":"2611606","density":"Densa","type":"Área urbanizada","state":"PE"},"geometry":{"type":"Polygon","coordinates":[[[-34.9446548292569,-8.22373026394047],[-34.9442458589592,-8.2217077219338],[-34.9437104799546,-8.22117234292921],[-34.943056127838,-8.22123183038462],[-34.9410335867306,-8.22331385804808],[-34.9420448581836,-8.22378974959726],[-34.9421166600558,-8.22422056262883],[-34.9446548292569,-8.22373026394047]]]}},{"type":"Feature","properties":{"id":"735","municipality":"2611606","density":"Densa","type":"Área urbanizada","state":"PE"},"geometry":{"type":"Polygon","coordinates":[[[-34.9761306359201,-8.15151362175619],[-34.9758332040391,-8.15520178733262],[-34.9766660149246,-8.1565699772226],[-34.9777367729337,-8.15645100411052],[-34.9779152317025,-8.15353616376291],[-34.9792834215926,-8.15216797387287],[-34.9812464779425,-8.1484798091958],[-34.9781531779268,-8.1457434294157],[-34.97809369227,-8.14621932096486],[-34.9764280687004,-8.146040862196],[-34.9757737165837,-8.14651675374513],[-34.9751788519224,-8.14788494363517],[-34.9742865535815,-8.14800391674732],[-34.9733347695839,-8.14996697309726],[-34.9739891217006,-8.15097824275166],[-34.9761306359201,-8.15151362175619]]]}},{"type":"Feature","properties":{"id":"736","municipality":"2611606","density":"Densa","type":"Outros equipamentos urbanos","state":"PE"},"geometry":{"type":"Polygon","coordinates":[[[-34.9744379706358,-8.36694883402141],[-34.9714041580754,-8.37373029781498],[-34.9688700322261,-8.37540781761664],[-34.9683346541209,-8.37683549496206],[-34.9699407902352,-8.37994069120987],[-34.9727604508341,-8.38104714061302],[-34.97261768256,-8.38143975224273],[-34.9823615761258,-8.38108283200707],[-34.9825757280873,-8.37340907077197],[-34.9761511827309,-8.36730575335783],[-34.9744379706358,-8.36694883402141]]]}},{"type":"Feature","properties":{"id":"737","municipality":"2611606","density":"Densa","type":"Área urbanizada","state":"PE"},"geometry":{"type":"Polygon","coordinates":[[[-35.082434240248,-7.78690101337105],[-35.0837429426826,-7.7874363923756],[-35.0837429426826,-7.78809074359288],[-35.0844567822547,-7.78820971670502],[-35.0849326738038,-7.79082712427231],[-35.0844567822547,-7.79082712427231],[-35.0842783216872,-7.79160044860181],[-35.0857059990326,-7.7917194217139],[-35.0799952923488,-7.79499118139785],[-35.0798168326806,-7.79558604605916],[-35.0811255360146,-7.79534809983489],[-35.0842188351311,-7.79368247716458],[-35.0854680528083,-7.79427734272514],[-35.0858844578015,-7.79392042338878],[-35.085170620028,-7.79320658471609],[-35.0874905939157,-7.78987534027472],[-35.0938556527162,-7.79082712427231],[-35.0956402475993,-7.79201685539352],[-35.0974843308372,-7.79403939560161],[-35.0968299787205,-7.79511015361067],[-35.095045382938,-7.79570501917125],[-35.0940935989404,-7.79522912672276],[-35.0937961661601,-7.79564553261519],[-35.0945694913889,-7.79719218217343],[-35.0954023022744,-7.79737064184161],[-35.0980197089424,-7.79629988383256],[-35.0985550879469,-7.79546707294702],[-35.0989120072833,-7.79624039817576],[-35.0977817627181,-7.79933369729225],[-35.1015889014066,-7.79891729229918],[-35.1050986064155,-7.80058291407017],[-35.1055150114086,-7.79975010318471],[-35.1015889014066,-7.7979655074022],[-35.1005776299536,-7.79689475029245],[-35.0991499526082,-7.79409888305697],[-35.0962351140592,-7.79130301582149],[-35.0958187081668,-7.78969687970721],[-35.0934987333798,-7.78856663604136],[-35.0939151392722,-7.78767433770048],[-35.0932607871555,-7.78624666215371],[-35.0921305425904,-7.78583025626127],[-35.0928443821625,-7.78464052603944],[-35.0954023022744,-7.78356976803031],[-35.0954023022744,-7.78321284869395],[-35.0868362426984,-7.78446206637127],[-35.0868957292545,-7.78321284869395],[-35.0851706200281,-7.78368874114245],[-35.0836834570258,-7.7829154159137],[-35.082434240248,-7.78690101337105]]]}},{"type":"Feature","properties":{"id":"738","municipality":"2611606","density":"Densa","type":"Área urbanizada","state":"PE"},"geometry":{"type":"Polygon","coordinates":[[[-35.0096672381525,-8.27712421081362],[-35.0090128869351,-8.27777856293029],[-35.0091318600473,-8.27867086127118],[-35.0109759423858,-8.27944418560067],[-35.0109759423858,-8.28021751082942],[-35.0096672381525,-8.28134775539457],[-35.0108569692736,-8.28634462340564],[-35.0136528356098,-8.28741537961604],[-35.0144261599392,-8.28479797294808],[-35.0148425658317,-8.2872369208472],[-35.016448701946,-8.28937843506669],[-35.0201963531791,-8.28872408384933],[-35.0210291649639,-8.2883671654123],[-35.0210291649639,-8.28777229895241],[-35.025453933752,-8.28915783316741],[-35.0246717933685,-8.29251577038645],[-35.0241959009201,-8.29251577038645],[-35.0236010353594,-8.29376498716437],[-35.02556750014,-8.29437365462041],[-35.0252527077462,-8.29734962998139],[-35.0259665464189,-8.29788500898593],[-35.0272157631968,-8.29782552242989],[-35.0274537094211,-8.29984806443657],[-35.0266803850916,-8.30020498287361],[-35.0266803850916,-8.30091882064698],[-35.0285839530869,-8.30068087532208],[-35.028643439643,-8.30109728121449],[-35.0292977917596,-8.30127574088272],[-35.0298926573203,-8.30097830810241],[-35.0299364102371,-8.30289610876837],[-35.0262779285835,-8.30358026441764],[-35.0256235773662,-8.30441307530315],[-35.0286573899266,-8.30471050808343],[-35.029490200812,-8.30518639963259],[-35.0309670773687,-8.30311383013914],[-35.0353654168804,-8.30359571477039],[-35.0394699883492,-8.30276290388485],[-35.0404217723469,-8.30234649799245],[-35.043515070564,-8.29889628043895],[-35.0453591538019,-8.29800398209808],[-35.0460729915753,-8.29812295521015],[-35.0470842630283,-8.29621938631558],[-35.0467900192439,-8.29496884843356],[-35.0482879426344,-8.29477625771808],[-35.0485258888586,-8.29382447372047],[-35.0492397284307,-8.29406241994468],[-35.0490612678632,-8.2945977980499],[-35.0494181871995,-8.29477625771808],[-35.0507863770896,-8.29412190560141],[-35.0508458636456,-8.29334858127197],[-35.0500725393162,-8.29269423005463],[-35.04531361663,-8.29114757959709],[-35.0450756713051,-8.29192090482587],[-35.0458059693699,-8.29338150005613],[-35.0435904454426,-8.29113024336603],[-35.0448972107376,-8.29073117370467],[-35.0451351578612,-8.28983887626311],[-35.0440643998521,-8.28936298381463],[-35.0438859410832,-8.28989836281915],[-35.0416213474472,-8.28878665328137],[-35.0404812580036,-8.28705846117902],[-35.0407192051272,-8.2864635956184],[-35.0415520160127,-8.2867610283987],[-35.0419089353491,-8.28628513595021],[-35.0410761235642,-8.28592821661386],[-35.041849448793,-8.28569027128895],[-35.0430986655709,-8.28253748471714],[-35.0435745580194,-8.28271594528463],[-35.0428607193467,-8.2850359191723],[-35.0439909630125,-8.28545232506468],[-35.0451806941337,-8.28313235027769],[-35.0456565856828,-8.28319183683375],[-35.0458350462503,-8.28164518727551],[-35.043217638683,-8.28081237639004],[-35.0420279075618,-8.28116929482708],[-35.0409571513514,-8.28414362083142],[-35.0414925285573,-8.28444105361173],[-35.0411950966764,-8.2850359191723],[-35.0414925285573,-8.28515489228444],[-35.0391725546696,-8.28688000061153],[-35.039529474006,-8.28557129817684],[-35.0392320412256,-8.28521437884048],[-35.0383397437841,-8.28592821661386],[-35.0374474463425,-8.28473848729131],[-35.0383992303402,-8.28342978305802],[-35.0378043647796,-8.28319183683375],[-35.0367930942259,-8.28402464771928],[-35.0364361748895,-8.28342978305802],[-35.0372095001183,-8.28253748471714],[-35.038220770672,-8.28253748471714],[-35.0391725546696,-8.28105032171493],[-35.0386371756651,-8.28081237639003],[-35.0358413093289,-8.28331080994589],[-35.0309039278739,-8.27873034692794],[-35.0316177656473,-8.27789753604243],[-35.0326290371003,-8.27878983438331],[-35.0328074967685,-8.27837342759161],[-35.0318557118716,-8.27694575204474],[-35.0325695514436,-8.27652934615235],[-35.0320936580958,-8.27599396714782],[-35.0327480102125,-8.27533961593048],[-35.0319151993269,-8.27444731758961],[-35.0301306026452,-8.27593448059179],[-35.0293572783157,-8.27569653526682],[-35.0287624127551,-8.27623191337205],[-35.0303685488694,-8.27813548226664],[-35.0295357379838,-8.27938469904457],[-35.0272752497529,-8.2783734275916],[-35.0279296018696,-8.27765958981816],[-35.0269778169726,-8.27694575204476],[-35.0262044917438,-8.27730267138112],[-35.0256096270826,-8.2766483192645],[-35.0266803850916,-8.27581550837898],[-35.0266208976363,-8.27528012937443],[-35.0248363018538,-8.2746852638138],[-35.0229327338585,-8.27605345370388],[-35.0231111926274,-8.27724318392575],[-35.0213860843003,-8.27718369826903],[-35.0215050574124,-8.27593448059179],[-35.0206127590715,-8.27563704781148],[-35.0196609750739,-8.27736215703788],[-35.0185307314081,-8.27789753604243],[-35.0172220271748,-8.27724318392576],[-35.0136528356098,-8.27801650915456],[-35.0110354289419,-8.27712421081362],[-35.0113328608228,-8.27599396714782],[-35.0104405633812,-8.2758749940357],[-35.010559535594,-8.27545858904263],[-35.0119872129395,-8.27557756215476],[-35.0118682398274,-8.27414988480927],[-35.0106190230495,-8.27343604703588],[-35.0096672381525,-8.27480423692594],[-35.0096672381525,-8.27712421081362]]]}},{"type":"Feature","properties":{"id":"739","municipality":"2611606","density":"Densa","type":"Área urbanizada","state":"PE"},"geometry":{"type":"Polygon","coordinates":[[[-35.1001473789983,-8.03509305989672],[-35.1003555810452,-8.03660996617699],[-35.0997309731059,-8.03970326619276],[-35.0990171353325,-8.03995762234633],[-35.0982735533817,-8.04130940230703],[-35.0969053625923,-8.04166632074408],[-35.0966674172674,-8.04264784891907],[-35.1003853252225,-8.04354014725995],[-35.1039842591662,-8.04368886275074],[-35.1039545158882,-8.04113094173953],[-35.1033299079489,-8.04107145608277],[-35.1033001637715,-8.0414878610759],[-35.1022888932178,-8.04113094173953],[-35.1020212037155,-8.04059556363434],[-35.1032109348367,-8.03913814391018],[-35.1019022306034,-8.03952480562523],[-35.1014263390543,-8.0383350763027],[-35.1026458125542,-8.03815661573521],[-35.1035678541731,-8.03857302162759],[-35.1043114352245,-8.0382755888473],[-35.105084759554,-8.03726431829357],[-35.1048765566077,-8.03601510061633],[-35.1031217050027,-8.03533100612101],[-35.1031811906594,-8.03431973466797],[-35.1025863259981,-8.03437922212334],[-35.102199664283,-8.03533100612101],[-35.1005892348053,-8.03460210830059],[-35.1001473789983,-8.03509305989672]]]}},{"type":"Feature","properties":{"id":"740","municipality":"2611606","density":"Densa","type":"Vazio intraurbano","state":"PE"},"geometry":{"type":"Polygon","coordinates":[[[-34.9173186811122,-8.08533507095673],[-34.9152366516501,-8.08497815162036],[-34.9145823004328,-8.08563250373705],[-34.9141658954397,-8.08479969195219],[-34.9130951374306,-8.08474020629546],[-34.9115252592832,-8.08645409917727],[-34.9122154242024,-8.08759832010634],[-34.9116205586418,-8.08843113099188],[-34.9120369636349,-8.08860959066005],[-34.9125723426395,-8.08819318476761],[-34.9133456678682,-8.08878805032822],[-34.916379481328,-8.08914496966457],[-34.9182235627672,-8.08991829399402],[-34.9199486719935,-8.09610489312627],[-34.9202461047739,-8.09681873089967],[-34.9210194300027,-8.09699719056784],[-34.9210194300027,-8.09741359556097],[-34.9188779148838,-8.098127435133],[-34.9174502384377,-8.09961459813513],[-34.9163199938725,-8.09997151657217],[-34.916676913209,-8.10080432835703],[-34.9159630754355,-8.10175611325399],[-34.9149518039825,-8.10116124769338],[-34.9148328308704,-8.10145867957438],[-34.9156061560992,-8.10246995102739],[-34.916795886321,-8.10276738380764],[-34.9172122922135,-8.1034812215811],[-34.9184544277296,-8.1030126693991],[-34.9171222889624,-8.10158465390862],[-34.9197634907924,-8.1004782054048],[-34.9202988688976,-8.10158465390862],[-34.9195850311243,-8.10172742218277],[-34.919873101962,-8.10262575767252],[-34.9217927543321,-8.10217251914641],[-34.9223876198927,-8.1027078972516],[-34.9210789156594,-8.10425454680984],[-34.9238152963388,-8.10419506025381],[-34.9244101618994,-8.10389762837281],[-34.9228635123412,-8.10318378880079],[-34.9226850517737,-8.10163714014186],[-34.9235178635585,-8.10068535524487],[-34.9243636111916,-8.10103775009203],[-34.9236837390133,-8.10002824310893],[-34.9241001440064,-8.09913594476797],[-34.92374322467,-8.09812467421433],[-34.9226129810042,-8.09741083644094],[-34.92237503478,-8.09639956498791],[-34.9215422238944,-8.09610213220759],[-34.9214827373384,-8.09574521287123],[-34.9223155491232,-8.09562623975911],[-34.9225534953475,-8.09503137509786],[-34.922077602899,-8.09437702298119],[-34.9213637642263,-8.09467445576151],[-34.9204714658854,-8.09306831874786],[-34.9204714658854,-8.09265191375477],[-34.9212447911142,-8.09283037342294],[-34.9222560616679,-8.09205704909351],[-34.9218991432309,-8.09140269697685],[-34.9224345222354,-8.0910457776405],[-34.9218991432308,-8.09074834486017],[-34.9210068448899,-8.0910457776405],[-34.920828386121,-8.09164064320107],[-34.9189248172264,-8.08949912808226],[-34.9221370885558,-8.08717915329528],[-34.9224345222354,-8.08587044996124],[-34.9220181163429,-8.08539455841207],[-34.9204714658854,-8.0852755853],[-34.9204714658854,-8.0840263676227],[-34.9191627625514,-8.0840858541788],[-34.9176161129932,-8.08485917940754],[-34.9173186811122,-8.08533507095673]]]}},{"type":"Feature","properties":{"id":"741","municipality":"2611606","density":"Densa","type":"Área urbanizada","state":"PE"},"geometry":{"type":"Polygon","coordinates":[[[-34.9185084778839,-7.80933194881034],[-34.9177946392112,-7.80849913792486],[-34.9167238821015,-7.80861811103695],[-34.9165454224333,-7.80909400258611],[-34.9135116098728,-7.80867759759304],[-34.9135116098728,-7.80784478580819],[-34.9117864997471,-7.80766632703933],[-34.9115485544222,-7.80820170514455],[-34.9122623930949,-7.80891554381725],[-34.9097044720837,-7.80951040937782],[-34.9092880661913,-7.81171141015343],[-34.9115485544222,-7.81343652027914],[-34.9122623930949,-7.81474522271384],[-34.9122029056395,-7.8170057109448],[-34.9130357174244,-7.81652981939562],[-34.914046987978,-7.8143288168214],[-34.9141064754335,-7.81141397827243],[-34.9159505568727,-7.81153295138456],[-34.9169023417696,-7.81200884293374],[-34.9174377198748,-7.81331754716702],[-34.9182705316597,-7.81325805971165],[-34.9191033434445,-7.81123551770492],[-34.9222621788564,-7.80825713216086],[-34.9215422904443,-7.80760683958393],[-34.9209474248837,-7.80772581269606],[-34.9185084778839,-7.80933194881034]]]}},{"type":"Feature","properties":{"id":"742","municipality":"2611606","density":"Densa","type":"Área urbanizada","state":"PE"},"geometry":{"type":"Polygon","coordinates":[[[-34.8395051009796,-7.85935485804022],[-34.839463533939316,-7.859341002360126],[-34.83931086891949,-7.860669537647148],[-34.8395051009796,-7.85935485804022]]]}},{"type":"Feature","properties":{"id":"743","municipality":"2611606","density":"Densa","type":"Área urbanizada","state":"PE"},"geometry":{"type":"Polygon","coordinates":[[[-34.9569164891046,-8.16037711411246],[-34.9553698386471,-8.16097197967309],[-34.9565000832122,-8.16495757713045],[-34.9601287613332,-8.16204273678284],[-34.9579872462144,-8.15787867965731],[-34.9581657058825,-8.15514229987719],[-34.958879543656,-8.15555870576963],[-34.9589390311113,-8.15692689565964],[-34.9597718419969,-8.15543973265751],[-34.9596528688847,-8.15413102932347],[-34.9559647042077,-8.15329821843801],[-34.9542395949813,-8.15377410998714],[-34.9569164891046,-8.16037711411246]]]}},{"type":"Feature","properties":{"id":"744","municipality":"2611606","density":"Densa","type":"Outros equipamentos urbanos","state":"PE"},"geometry":{"type":"Polygon","coordinates":[[[-35.0061906884495,-8.37346022870656],[-35.0021456053354,-8.37450719155362],[-35.0020504255866,-8.37603004684912],[-35.0027166748346,-8.37607763627386],[-35.0026690863092,-8.37683906437128],[-35.0052864929772,-8.37755290214468],[-35.005714796001,-8.37883781121599],[-35.006761758848,-8.37883781121599],[-35.007428008096,-8.38155039673338],[-35.0130911253551,-8.38159798615812],[-35.013376661004,-8.3849292305995],[-35.0163747821704,-8.38787976324046],[-35.0172313873187,-8.38965008228543],[-35.0170600655695,-8.38999272398497],[-35.0153468543738,-8.38816529799004],[-35.0121488588827,-8.38668051369474],[-35.0113493597851,-8.38702315719292],[-35.0111780389353,-8.38787976324046],[-35.0103785398377,-8.38797494119054],[-35.0114255026847,-8.3943043067983],[-35.0119965730834,-8.39511332432039],[-35.0115206806349,-8.39568439471901],[-35.0100930041888,-8.39606510921739],[-35.009950236814,-8.39806385606205],[-35.0085225603678,-8.3983493908117],[-35.0086177392172,-8.40020537118091],[-35.010711664012,-8.40020537118091],[-35.0112827353099,-8.39892046210958],[-35.0155181761229,-8.39506573489569],[-35.0158988888226,-8.39544644939408],[-35.0146615700754,-8.39715966058981],[-35.0152802289993,-8.39801626663735],[-35.0168030851942,-8.39887287268487],[-35.0219427196807,-8.39896805063501],[-35.0245125378233,-8.39839698023639],[-35.0243697704485,-8.3954940379195],[-35.0211812933819,-8.39454225392184],[-35.0212288819074,-8.39263868502725],[-35.0229420940024,-8.39259109560254],[-35.0228945045777,-8.39202002520399],[-35.0266540529421,-8.39178207897971],[-35.026558874992,-8.38992609861049],[-35.0275582484144,-8.38987851008511],[-35.0275106589897,-8.38773699496631],[-35.0306039581061,-8.38797494119054],[-35.0319840460269,-8.38740387079195],[-35.0319840460269,-8.37674388462257],[-35.0336330123536,-8.37311639720395],[-35.0307391118205,-8.37112797907293],[-35.0298901203328,-8.36741639784845],[-35.0269871780158,-8.36813023562183],[-35.0247504840476,-8.37074764408845],[-35.0236559317758,-8.37084282203857],[-35.0213240598574,-8.37017657279057],[-35.0203246873344,-8.37050969696491],[-35.0206946927059,-8.36990412497534],[-35.0203972599256,-8.36960669219502],[-35.0193265028158,-8.36954720473966],[-35.0178988263697,-8.37061796274874],[-35.0158513002972,-8.37131871358772],[-35.0124724646325,-8.37046210843949],[-35.0103796783794,-8.37046210843949],[-35.0103142940694,-8.36874413713219],[-35.0079348327263,-8.3683277321391],[-35.0072209949529,-8.36428264812565],[-35.0065963870136,-8.36416367501359],[-35.006031264731,-8.36339034978477],[-35.0054363991704,-8.36386624223326],[-35.0061906884495,-8.37346022870656]]]}},{"type":"Feature","properties":{"id":"745","municipality":"2611606","density":"Densa","type":"Área urbanizada","state":"PE"},"geometry":{"type":"Polygon","coordinates":[[[-35.0468826512134,-8.3908404123551],[-35.0459101603256,-8.39144821915994],[-35.0443298617337,-8.39088093310852],[-35.0439651776507,-8.39181290324286],[-35.0444698546999,-8.39348162857427],[-35.0424601918843,-8.39511108500854],[-35.0419843003352,-8.39624132867431],[-35.0437688961176,-8.39749054635161],[-35.0488252497854,-8.39249367834055],[-35.0488847372408,-8.3916608665557],[-35.0501934396755,-8.3916608665557],[-35.0499554943505,-8.39076856911414],[-35.0468826512134,-8.3908404123551]]]}},{"type":"Feature","properties":{"id":"746","municipality":"2611606","density":"Densa","type":"Área urbanizada","state":"PE"},"geometry":{"type":"Polygon","coordinates":[[[-34.9372802823591,-8.24375880622388],[-34.9422176629147,-8.2532766497975],[-34.9431694478117,-8.25297921701719],[-34.9431694478117,-8.25351459602172],[-34.9441807183654,-8.2535740816785],[-34.9441212318093,-8.25404997412699],[-34.94471609737,-8.25410946068304],[-34.9449540426948,-8.25309819012934],[-34.945786855379,-8.25297921701719],[-34.9462627469282,-8.25351459602172],[-34.9469170990449,-8.2569053279185],[-34.9476309368183,-8.25684584136247],[-34.9484637477037,-8.25601302957761],[-34.9480473427107,-8.25351459602171],[-34.9464412056971,-8.25238435235593],[-34.9467981259327,-8.25071872878625],[-34.9458463410357,-8.25077821624166],[-34.94471609737,-8.25256281112479],[-34.9437643133723,-8.25226537924381],[-34.9418607435784,-8.24810132211826],[-34.9400761477959,-8.2456028876631],[-34.9388864175741,-8.2450080230018],[-34.9376372007961,-8.24358034565639],[-34.9372802823591,-8.24375880622388]]]}},{"type":"Feature","properties":{"id":"747","municipality":"2611606","density":"Densa","type":"Área urbanizada","state":"PE"},"geometry":{"type":"Polygon","coordinates":[[[-35.0762476411157,-7.79963113007255],[-35.0777348041179,-7.79986907629678],[-35.0779727503421,-7.79939318384828],[-35.0786271015594,-7.79951215696042],[-35.0795788873558,-7.8004044553013],[-35.0814229687949,-7.79879831828771],[-35.0804116982412,-7.79802499395829],[-35.0789840208958,-7.79576450572734],[-35.0786865890148,-7.79588347883942],[-35.07922196712,-7.79683526283707],[-35.0783296687791,-7.79725166872949],[-35.0774373722369,-7.79659731661281],[-35.0762476411157,-7.79963113007255]]]}},{"type":"Feature","properties":{"id":"748","municipality":"2611606","density":"Densa","type":"Área urbanizada","state":"PE"},"geometry":{"type":"Polygon","coordinates":[[[-35.0144948978212,-8.50415812429792],[-35.0116990305858,-8.50445555707825],[-35.0115205718169,-8.5031468537443],[-35.0110446802677,-8.50261147473971],[-35.009703378664135,-8.50237674687039],[-35.01003882318215,-8.503309305685075],[-35.01231144739654,-8.5096273571952],[-35.0137810600478,-8.50885756042801],[-35.0144948978212,-8.50415812429792]]]}},{"type":"Feature","properties":{"id":"749","municipality":"2611606","density":"Densa","type":"Outros equipamentos urbanos","state":"PE"},"geometry":{"type":"Polygon","coordinates":[[[-34.9764605126425,-8.40065389905816],[-34.9772457350026,-8.39929760629947],[-34.9788161788235,-8.39936898998684],[-34.9803152398564,-8.39772716157921],[-34.9818856836773,-8.39794131444006],[-34.9827422897249,-8.39672778905619],[-34.9837416640465,-8.3928730618423],[-34.972962704765,-8.39201645579477],[-34.9722488669916,-8.3935868996157],[-34.969679048849,-8.3905173947619],[-34.96949743965074,-8.390601473118362],[-34.971289007907764,-8.395582156004737],[-34.97325116067156,-8.401037075543956],[-34.9745331485859,-8.40051113168335],[-34.9764605126425,-8.40065389905816]]]}},{"type":"Feature","properties":{"id":"750","municipality":"2611606","density":"Densa","type":"Área urbanizada","state":"PE"},"geometry":{"type":"Polygon","coordinates":[[[-34.882284841672,-7.97352304984885],[-34.8826417610084,-7.97322561796785],[-34.8817494626675,-7.97144102218539],[-34.882284841672,-7.970727184412],[-34.8820468963472,-7.97037026507566],[-34.8844263567909,-7.96977539861569],[-34.8842478971227,-7.96941848017868],[-34.8838314921296,-7.96971591295898],[-34.8818089501229,-7.96929950706653],[-34.8821063829032,-7.96858566929314],[-34.8813330576745,-7.96787183062043],[-34.8813925442305,-7.96918053395446],[-34.8797864081162,-7.96900207428627],[-34.8798458946723,-7.97031077762023],[-34.8805002458896,-7.97054872384451],[-34.882284841672,-7.97352304984885]]]}},{"type":"Feature","properties":{"id":"751","municipality":"2611606","density":"Densa","type":"Área urbanizada","state":"PE"},"geometry":{"type":"Polygon","coordinates":[[[-34.9373657062623,-7.80445405391139],[-34.9370682743813,-7.80540583880839],[-34.9308816752491,-7.80284791779714],[-34.9306437290248,-7.80409713457505],[-34.929870403796,-7.80314535057744],[-34.9282047811257,-7.80296689090927],[-34.9263606987872,-7.80885605726121],[-34.9236838046638,-7.80760683958393],[-34.9237432921192,-7.80826119170058],[-34.9251114820092,-7.80956989503461],[-34.9263012122311,-7.80921297569826],[-34.9286211870181,-7.81034322026335],[-34.9313575667982,-7.809986300927],[-34.9321903776838,-7.81040270681945],[-34.9351052180314,-7.81022424715121],[-34.9365328953768,-7.80956989503461],[-34.9367708407017,-7.80814221858843],[-34.9376631390426,-7.80784478580818],[-34.9387338961523,-7.80403764891834],[-34.9373657062623,-7.80445405391139]]]}},{"type":"Feature","properties":{"id":"752","municipality":"2611606","density":"Densa","type":"Área urbanizada","state":"PE"},"geometry":{"type":"Polygon","coordinates":[[[-34.8497722686752,-7.92409505834025],[-34.8501145083778,-7.92460841564584],[-34.8493159499711,-7.92574921285588],[-34.8493159499711,-7.92740336737149],[-34.8484033125628,-7.93048351839963],[-34.8500004275777,-7.93225175191681],[-34.852852418804,-7.93379182833019],[-34.8539932160141,-7.93373478793008],[-34.8548488130223,-7.93470446483912],[-34.8526242599016,-7.93510374404252],[-34.8511412247876,-7.93635862025407],[-34.8517116233926,-7.93692901795975],[-34.8524531413993,-7.94097884499764],[-34.8530805786058,-7.94063660619437],[-34.8535939368107,-7.93955285028376],[-34.8542213749164,-7.9396669292853],[-34.8547233279192,-7.9385584528103],[-34.8551589873973,-7.93955624522448],[-34.8592635570674,-7.93670089143297],[-34.8591014111012,-7.93632255024546],[-34.859798936072,-7.93592756710347],[-34.8604532872893,-7.93652243176478],[-34.8609886662938,-7.93890189310781],[-34.8650337503073,-7.93777164944203],[-34.8649147771952,-7.93729575699354],[-34.8668778317465,-7.93467834942623],[-34.8675916704192,-7.93212042931431],[-34.8681865359798,-7.93235837463926],[-34.8683649947487,-7.93366707887254],[-34.8692572930896,-7.93420245697774],[-34.870684970435,-7.93259632086349],[-34.8671752654261,-7.93110915786128],[-34.8682460216365,-7.9284917511933],[-34.8644983713028,-7.92944353519096],[-34.8652716956322,-7.92777791341991],[-34.8653311821882,-7.92557691084573],[-34.8661639939731,-7.92391128817536],[-34.8643793981906,-7.92420872095568],[-34.8640819654103,-7.92373282940652],[-34.8633086410809,-7.92391128817536],[-34.8633086410809,-7.92450615373593],[-34.8604532872893,-7.92646920918662],[-34.8575850929776,-7.92696372479601],[-34.8515461058681,-7.92212234596946],[-34.8509130649859,-7.92266906182773],[-34.850399706781,-7.9222127440229],[-34.8505025658407,-7.92125272942987],[-34.8499433880769,-7.92078674840969],[-34.8497722686752,-7.92409505834025]]]}},{"type":"Feature","properties":{"id":"753","municipality":"2611606","density":"Densa","type":"Área urbanizada","state":"PE"},"geometry":{"type":"Polygon","coordinates":[[[-34.9352906483447,-7.74473750163436],[-34.9314240239995,-7.74592723185624],[-34.9313050508873,-7.74640312430473],[-34.9320188895601,-7.74687901675317],[-34.9327327282328,-7.74931796375296],[-34.9318404298919,-7.75080512675516],[-34.9327922138895,-7.75169742509605],[-34.9334465660062,-7.75169742509605],[-34.9338034853425,-7.7506266679863],[-34.9347552702395,-7.75021026209391],[-34.9347552702395,-7.74955590997722],[-34.9357070542371,-7.74967488308933],[-34.9380270290241,-7.74521339408284],[-34.9352906483447,-7.74473750163436]]]}},{"type":"Feature","properties":{"id":"754","municipality":"2611606","density":"Densa","type":"Área urbanizada","state":"PE"},"geometry":{"type":"Polygon","coordinates":[[[-35.1802895737048,-7.88576761828091],[-35.1802218691439,-7.89010071827347],[-35.1792110797275,-7.89020711706474],[-35.1761272981362,-7.89363354125487],[-35.1676754533594,-7.89471857510212],[-35.1653911699665,-7.89466146815221],[-35.1639634944197,-7.89511832465092],[-35.1641919222194,-7.89666021499686],[-35.1648200995679,-7.89768814189422],[-35.1643061361193,-7.90140010173326],[-35.1687604872067,-7.90551181022182],[-35.1710447697003,-7.90659684496836],[-35.1716158400989,-7.90779609271545],[-35.172757980896,-7.90865269876299],[-35.173271945244,-7.90865269876299],[-35.1739001225926,-7.90791030661529],[-35.1753849059885,-7.90522627457283],[-35.176812583334,-7.9044267763746],[-35.1780118310811,-7.90151431563312],[-35.179303703603,-7.90117730638753],[-35.1821931417001,-7.9014720609868],[-35.1824905753797,-7.90016335675347],[-35.1828474938167,-7.9002823298656],[-35.18278800816,-7.9015910340989],[-35.1837992787137,-7.9040894676548],[-35.1858813072765,-7.90260230465258],[-35.185821819821,-7.90182898032318],[-35.186773604718,-7.90141257443071],[-35.185821819821,-7.90022284420885],[-35.1849890089356,-7.90016335675347],[-35.1846320895992,-7.90063925010127],[-35.1842751711622,-7.90004438364134],[-35.1850484963909,-7.89772440975367],[-35.1836208190455,-7.89659416608782],[-35.1833828728213,-7.89582084085907],[-35.1823716022676,-7.8956423811909],[-35.1820146829313,-7.89421470474481],[-35.18278800816,-7.89385778630778],[-35.1843346568189,-7.89659416608782],[-35.1860597669447,-7.89611827363939],[-35.1870115509423,-7.89504751563028],[-35.1880228223953,-7.89516648874241],[-35.1870115509423,-7.89314394673574],[-35.1889151198368,-7.89385778630778],[-35.1893910122853,-7.89469059719324],[-35.190045364402,-7.8946311106372],[-35.1905212559512,-7.89350086697143],[-35.186773604718,-7.8915378106214],[-35.1848700358234,-7.89308446107896],[-35.181776736707,-7.89361984008349],[-35.1815387913821,-7.89308446107896],[-35.1842751711622,-7.89129986529651],[-35.1846320895992,-7.8915378106214],[-35.1855838735969,-7.89058602662379],[-35.1852269551598,-7.8898721879511],[-35.1865356593931,-7.88856348461708],[-35.1858813072765,-7.88445891494696],[-35.1852864417158,-7.88428045527877],[-35.1836803056016,-7.8855296720567],[-35.1839615272026,-7.88277144594543],[-35.1849636039871,-7.88266408128228],[-35.1852610367674,-7.88159332417252],[-35.1852015502113,-7.88004667371496],[-35.1843092518704,-7.87939232159831],[-35.1834169544289,-7.87945180905371],[-35.1833931601662,-7.88012995543307],[-35.1818703048706,-7.88242613505804],[-35.1827827669111,-7.88276230523617],[-35.1822526291555,-7.88315021071362],[-35.1824905753797,-7.88517275272036],[-35.1802895737048,-7.88576761828091]]]}},{"type":"Feature","properties":{"id":"755","municipality":"2611606","density":"Densa","type":"Área urbanizada","state":"PE"},"geometry":{"type":"Polygon","coordinates":[[[-35.0341254514284,-8.56644051611687],[-35.031477232454115,-8.56290955689133],[-35.03283215145971,-8.566676324848457],[-35.0331736674308,-8.56644051611687],[-35.0341254514284,-8.56644051611687]]]}},{"type":"Feature","properties":{"id":"756","municipality":"2611606","density":"Densa","type":"Área urbanizada","state":"PE"},"geometry":{"type":"Polygon","coordinates":[[[-35.0060281359897,-7.9504787201168],[-35.005076351992,-7.94905104277137],[-35.0044219998754,-7.9489915571146],[-35.0041840536511,-7.95095461166596],[-35.005076351992,-7.95131153100233],[-35.005076351992,-7.95184691000686],[-35.0056712166533,-7.95220382934321],[-35.0051953251041,-7.95285818056056],[-35.0018045932074,-7.94922950333888],[-35.0004364033173,-7.95035974700468],[-35.0018640797634,-7.95214434188786],[-35.0028753503171,-7.95172793689472],[-35.0031727830974,-7.95214434188786],[-35.002458945324,-7.95262023523561],[-35.0029348368732,-7.95333407300901],[-35.0035297024338,-7.95285818056056],[-35.0042435411065,-7.95345304612112],[-35.0038271352141,-7.95380996455816],[-35.0040650814383,-7.95428585700666],[-35.0050168654359,-7.9539289376703],[-35.0059091628775,-7.95482123601119],[-35.0067419746624,-7.95607045278911],[-35.0056117309965,-7.9565463452376],[-35.0058496772208,-7.95696275113],[-35.007610547089,-7.95665981719674],[-35.00769375866,-7.95720069735428],[-35.0087645157698,-7.95660583179365],[-35.0113819242364,-7.95892580568137],[-35.0109060308886,-7.95946118468589],[-35.0111439771128,-7.96005605024646],[-35.0130475460074,-7.95862837380038],[-35.0119173023416,-7.95737915702245],[-35.0126311410143,-7.95607045278911],[-35.0111439771128,-7.9529176671166],[-35.0101921931152,-7.95226331499992],[-35.010073220003,-7.95273920834774],[-35.0093593822297,-7.95232280155602],[-35.0098947603349,-7.95160896378263],[-35.0096568141107,-7.95125204444622],[-35.0090619494493,-7.95143050411441],[-35.0085860570009,-7.95083563855384],[-35.0075747864472,-7.95065717888567],[-35.0088240032251,-7.94958642177591],[-35.0082291376645,-7.94738542010099],[-35.00632556877,-7.94792079910553],[-35.0056117309965,-7.94905104277137],[-35.00632556877,-7.95012179988113],[-35.0060281359897,-7.9504787201168]]]}},{"type":"Feature","properties":{"id":"757","municipality":"2611606","density":"Densa","type":"Área urbanizada","state":"PE"},"geometry":{"type":"Polygon","coordinates":[[[-34.9985570558634,-8.17126314937481],[-34.9992708954354,-8.17316671737007],[-34.9971888659733,-8.17673590893502],[-34.9987355164309,-8.17744974670842],[-34.9999847332088,-8.17685488204711],[-34.9995683273164,-8.17572463838134],[-35.0002821659891,-8.17453490726012],[-35.0011744634307,-8.17429696103585],[-35.0022452214398,-8.17578412403804],[-35.0025426542201,-8.17447542070402],[-35.0033754651056,-8.1737020963746],[-35.0052195474441,-8.17423747537913],[-35.0056359533365,-8.17536771904498],[-35.008788739009,-8.17596258370624],[-35.0097405230067,-8.17578412403804],[-35.0097405230067,-8.17530823158956],[-35.0082533600045,-8.17483234004045],[-35.0081343868924,-8.17388055604278],[-35.007420549119,-8.17340466269497],[-35.0063497911099,-8.17441593414799],[-35.0059928717736,-8.17423747537913],[-35.0061118448857,-8.17346415015039],[-35.0047436549956,-8.17346415015039],[-35.0049221146638,-8.17233390558522],[-35.0056359533365,-8.17251236615273],[-35.0062308179978,-8.17215544591705],[-35.0052195474441,-8.17185801403606],[-35.0052790340002,-8.17114417536333],[-35.0065282507781,-8.16941906613692],[-35.0056954389933,-8.16947855269303],[-35.0053385196569,-8.16888368803172],[-35.0062903045539,-8.1682293359151],[-35.0073015760069,-8.16876471402032],[-35.0079559272242,-8.16858625525146],[-35.0093241171143,-8.1676344712538],[-35.0062308179978,-8.16614730735234],[-35.0048031415517,-8.16680165856962],[-35.0008770306504,-8.16590936112807],[-34.9993303810922,-8.16495757713045],[-34.99784321809,-8.1653144955675],[-34.9967724609802,-8.1646006577941],[-34.996831946637,-8.16555244179172],[-34.9958206760833,-8.16626627956511],[-34.9964155407446,-8.16775344436594],[-34.9964155407446,-8.16638525267724],[-34.9973673256415,-8.16709909224925],[-34.9976647593211,-8.16674217291291],[-34.9971293803166,-8.16590936112807],[-34.9990329492112,-8.16543346867958],[-35.0010554903186,-8.16638525267724],[-35.0027806004443,-8.16662319980078],[-35.0032564919934,-8.16781293002265],[-35.0041487903343,-8.16727755101813],[-35.0043272491032,-8.16769395691053],[-35.003791870998,-8.16816984935901],[-35.0039108441101,-8.16888368803172],[-35.0025426542201,-8.16930009302486],[-35.0031375188814,-8.1695975258051],[-35.0028400861011,-8.17001393169757],[-35.0032564919934,-8.17090622913914],[-35.0009960037625,-8.17019239136573],[-35.0006985709822,-8.17048982414605],[-35.0009960037625,-8.17108468880731],[-35.0001037063209,-8.17019239136572],[-35.0005201122134,-8.16918111991272],[-35.0001037063209,-8.1689431736885],[-34.9995683273164,-8.16971649891725],[-34.9989734617558,-8.16983547202938],[-34.9983785970945,-8.16900266114385],[-34.9981406508703,-8.16918111991272],[-34.9983785970945,-8.17007341825361],[-34.9978208726351,-8.17076460929924],[-34.9985570558634,-8.17126314937481]]]}},{"type":"Feature","properties":{"id":"758","municipality":"2611606","density":"Densa","type":"Área urbanizada","state":"PE"},"geometry":{"type":"Polygon","coordinates":[[[-34.9775526592278,-8.23322969119728],[-34.9753516575529,-8.23441942141908],[-34.9763034415506,-8.23566863819708],[-34.9763034415506,-8.23816707175292],[-34.9757085768892,-8.23989218097932],[-34.9749947391158,-8.23798861298406],[-34.9743403869993,-8.23846450543255],[-34.9762439558938,-8.24447264399727],[-34.9818356885662,-8.25018334978171],[-34.9824375526509,-8.25018334978171],[-34.985285907019,-8.25458535313152],[-34.9882492837774,-8.25310640183893],[-34.9920491496485,-8.25338838606514],[-34.9927629883212,-8.25255557517961],[-34.9935205394413,-8.25009514697344],[-34.9949482158874,-8.25054129614387],[-34.9960189729972,-8.24842952520236],[-34.9987850969546,-8.24911361969778],[-34.9983686910622,-8.25006540369537],[-34.9994394481719,-8.2507494990901],[-35.0008671246181,-8.24839978102499],[-35.0055665607481,-8.24994643058324],[-35.0059234800845,-8.24902438986369],[-35.0052988712459,-8.24869721380531],[-35.0055368165708,-8.24798337603193],[-35.0052393846898,-8.24756697013953],[-35.0038117082437,-8.24688287474482],[-35.0039306813558,-8.24607980713734],[-35.0012537872324,-8.24497930585022],[-35.0003912330689,-8.24670441597595],[-34.9992312461251,-8.24631775336161],[-34.9988445826113,-8.24712082096909],[-34.9992907317818,-8.24744799702739],[-34.9990825288356,-8.24810234914406],[-34.9964056356116,-8.24721005080318],[-34.9966435818358,-8.24646646885242],[-34.994591296551,-8.24560391468884],[-34.9928277619916,-8.25003868663606],[-34.9916922303121,-8.24940278860776],[-34.9909783916394,-8.25124687094632],[-34.9877843405748,-8.25077821624166],[-34.9862971775726,-8.25161102712713],[-34.985806182809,-8.25090181186908],[-34.9868325565772,-8.25018334978171],[-34.9864756381401,-8.24958848512046],[-34.9867135843644,-8.2480418346629],[-34.9857023129114,-8.24703056410919],[-34.9873084490256,-8.24590032044343],[-34.9889145851399,-8.24637621289184],[-34.9895094507005,-8.24530545488279],[-34.9881412608105,-8.2441157246609],[-34.9880817742545,-8.24209318265425],[-34.9885576658036,-8.24137934488085],[-34.9903422615861,-8.24024910121502],[-34.9916509658194,-8.24066550620808],[-34.9933760750458,-8.23923782976199],[-34.9930191557094,-8.23858347764532],[-34.9933165875904,-8.23786963987193],[-34.9945063187116,-8.23798861298406],[-34.9950416968168,-8.23638247597045],[-34.9945063187116,-8.23471685419941],[-34.9964353788896,-8.23070253959049],[-34.9952456477684,-8.22915589093156],[-34.9941154041026,-8.22954255264666],[-34.9931041344482,-8.22906666109748],[-34.9922118361073,-8.2292153765883],[-34.9922118361073,-8.23210047365791],[-34.9951564188337,-8.23224919004806],[-34.9941841680649,-8.23470151266463],[-34.9932571019337,-8.23465736674405],[-34.9909371271466,-8.23192098696395],[-34.9880222876984,-8.23180201385179],[-34.9848695020258,-8.22912511972845],[-34.9827874725638,-8.2298984449572],[-34.9800510927837,-8.23001741806934],[-34.9799321196716,-8.23055279707388],[-34.9764819021181,-8.23132612230269],[-34.9753516575529,-8.23073125674204],[-34.9748757651045,-8.22971998618834],[-34.9724963037614,-8.22876820129143],[-34.9721988718804,-8.22906563407173],[-34.9775526592278,-8.23322969119728]]]}},{"type":"Feature","properties":{"id":"759","municipality":"2611606","density":"Densa","type":"Outros equipamentos urbanos","state":"PE"},"geometry":{"type":"Polygon","coordinates":[[[-35.0229620067911,-8.26623503062211],[-35.021534330345,-8.26596853182225],[-35.0207919381974,-8.26749138711779],[-35.0197449762496,-8.26726295931811],[-35.0192119759519,-8.26762463696737],[-35.0190596910518,-8.26808149256683],[-35.0204683324475,-8.26947109801273],[-35.0200876179492,-8.26985181161178],[-35.0172703360571,-8.26792920766679],[-35.0167563726085,-8.26834799316532],[-35.0160139813601,-8.26777692186739],[-35.0155380880123,-8.26829088621537],[-35.0173084070573,-8.26969952671175],[-35.0169657653577,-8.27017541916025],[-35.0181079061549,-8.27099395330828],[-35.0176891206564,-8.27162213065673],[-35.0180507992049,-8.27183152430536],[-35.0227716499916,-8.26962338381207],[-35.0236472919889,-8.26724392336832],[-35.0229620067911,-8.26623503062211]]]}},{"type":"Feature","properties":{"id":"761","municipality":"2611606","density":"Densa","type":"Área urbanizada","state":"PE"},"geometry":{"type":"Polygon","coordinates":[[[-35.0104264116495,-8.00726691343726],[-35.0116161418714,-8.00744537220612],[-35.0123894671002,-8.00459001931387],[-35.0125679267684,-7.99846290673772],[-35.0106643578738,-7.99810598830067],[-35.0091177083156,-7.9986413673052],[-35.0092961679837,-8.00084236808079],[-35.00828489743,-8.00197261174657],[-35.0080469512058,-8.00369772097298],[-35.0088202764346,-8.00411412686545],[-35.0085228427549,-8.00601769576003],[-35.0104264116495,-8.00726691343726]]]}},{"type":"Feature","properties":{"id":"762","municipality":"2611606","density":"Densa","type":"Área urbanizada","state":"PE"},"geometry":{"type":"Polygon","coordinates":[[[-34.9066377128601,-7.80622137101943],[-34.9066377128601,-7.80734103955729],[-34.908978837903,-7.80708657008911],[-34.9089279443691,-7.80606868861907],[-34.9066377128601,-7.80622137101943]]]}},{"type":"Feature","properties":{"id":"763","municipality":"2611606","density":"Densa","type":"Área urbanizada","state":"PE"},"geometry":{"type":"Polygon","coordinates":[[[-34.8529664987049,-7.8424140309827],[-34.8527953802026,-7.8443533848008],[-34.851939782295,-7.84663497832156],[-34.851939782295,-7.84714833562715],[-34.853023539105,-7.84726241642732],[-34.8531946576073,-7.84788985363378],[-34.8545636137197,-7.84754761483051],[-34.8533657779083,-7.84247107138282],[-34.8529664987049,-7.8424140309827]]]}},{"type":"Feature","properties":{"id":"764","municipality":"2611606","density":"Densa","type":"Área urbanizada","state":"PE"},"geometry":{"type":"Polygon","coordinates":[[[-35.0117027097123,-8.33350194006244],[-35.0102155467101,-8.33421577873514],[-35.0106616958805,-8.33489987412986],[-35.0112863038198,-8.33472141356237],[-35.0118514261024,-8.33519730601079],[-35.0122678319948,-8.3364762669661],[-35.0094719647593,-8.33805265980238],[-35.0097991408177,-8.33909367363406],[-35.011107845051,-8.33870701101972],[-35.0116729673335,-8.34058083663627],[-35.0082227479814,-8.34153262063386],[-35.0070627610376,-8.34117570219682],[-35.0047427862505,-8.34417977237854],[-35.0025239393283,-8.34203230824437],[-35.0029165500587,-8.33974802575073],[-35.00420145913,-8.33892711199656],[-35.0045940698604,-8.33996217681296],[-35.0063429742488,-8.33928403133291],[-35.0064857416236,-8.33832034930464],[-35.0059503626191,-8.33824896471788],[-35.0057719029509,-8.33774927800677],[-35.0047368381345,-8.33785635398749],[-35.0023379424421,-8.33890928293705],[-35.0018814852423,-8.3382846570113],[-34.9997756624168,-8.3392840313329],[-35.0001325808539,-8.34089016744726],[-34.9996685864361,-8.34174677259546],[-34.999847045205,-8.34303168166675],[-34.998312292778,-8.34403105508909],[-34.9969560000193,-8.34756455525998],[-35.0005608838777,-8.34902792310015],[-35.001239030257,-8.34681502519322],[-34.9996685864361,-8.3450661208048],[-34.9999898125798,-8.34367413575275],[-35.0016316409874,-8.34256768724891],[-35.0046728720554,-8.34537588598829],[-35.0048320160846,-8.34647000298821],[-35.0150576360011,-8.34330512323283],[-35.0172896579913,-8.34875252191132],[-35.0176465773276,-8.34869303625459],[-35.0177060638837,-8.34786022536908],[-35.0196691193344,-8.34661100769182],[-35.0191337403298,-8.34589716901912],[-35.022291311295,-8.34507206982011],[-35.0232133520145,-8.34343619042779],[-35.0225590007972,-8.34197876980432],[-35.0207149175594,-8.34248440643018],[-35.019733391183,-8.33974802575073],[-35.0224995142411,-8.33897470142131],[-35.0232430961919,-8.34084852613854],[-35.0242543667456,-8.34046186442344],[-35.0245815428039,-8.34120544457558],[-35.0269312599696,-8.34037263369004],[-35.02600921925,-8.33757676735388],[-35.0276748419204,-8.33707113162741],[-35.0282399642029,-8.33832034930464],[-35.0295486666376,-8.33772548374401],[-35.0283886796938,-8.33463218372829],[-35.0265743406333,-8.33350194006244],[-35.0271989503712,-8.33668446991232],[-35.0239271906872,-8.3377849703001],[-35.0225590007972,-8.3345429547935],[-35.0208338906715,-8.33552448206917],[-35.0203877432997,-8.33433475184728],[-35.0194954449587,-8.33466192790558],[-35.0201497961761,-8.33665472573495],[-35.021083314943,-8.33770812772786],[-35.0193467276693,-8.33843932241679],[-35.0178298222884,-8.33522705018816],[-35.0134873063941,-8.33656549590085],[-35.0131601303357,-8.33543525223507],[-35.0169970114029,-8.33403731906698],[-35.0153016445552,-8.3329070754012],[-35.0139929412212,-8.33317476490344],[-35.0135467920508,-8.33222298000646],[-35.0113755336539,-8.3329070754012],[-35.0117027097123,-8.33350194006244]]]}},{"type":"Feature","properties":{"id":"765","municipality":"2611606","density":"Densa","type":"Área urbanizada","state":"PE"},"geometry":{"type":"Polygon","coordinates":[[[-34.9621159060242,-8.34431482806684],[-34.9598554177933,-8.34586147672571],[-34.9597959312372,-8.34675377506666],[-34.9600933640175,-8.34699172129088],[-34.9611641211272,-8.34639685573024],[-34.9618184732439,-8.34717018095904],[-34.9627702581408,-8.34615891040534],[-34.961937446356,-8.34502866584023],[-34.9623538522484,-8.34449328683571],[-34.9621159060242,-8.34431482806684]]]}},{"type":"Feature","properties":{"id":"766","municipality":"2611606","density":"Densa","type":"Área urbanizada","state":"PE"},"geometry":{"type":"Polygon","coordinates":[[[-35.0610131562321,-7.90042578791974],[-35.0604777772276,-7.90143705937277],[-35.0607752100079,-7.90215089714616],[-35.0616080208934,-7.90238884337038],[-35.0620839133419,-7.90143705937278],[-35.0630356973395,-7.90137757191734],[-35.0626787780032,-7.90238884337038],[-35.0636900485569,-7.90226987025825],[-35.0625598048911,-7.90298370803164],[-35.0626787780032,-7.90363806014829],[-35.064016866685,-7.90376473775241],[-35.0640568262615,-7.90420429579155],[-35.0628433008776,-7.90527505380068],[-35.0644137455979,-7.90663134655933],[-35.0659484980247,-7.9058104328052],[-35.0671620234086,-7.90609596755479],[-35.0676260178264,-7.90445414004649],[-35.0669618082408,-7.90316216769988],[-35.064522861241,-7.90131808626063],[-35.0660100242432,-7.89941451736604],[-35.064522861241,-7.89899811057428],[-35.0613700746692,-7.89923605679855],[-35.0602993166601,-7.89864119213723],[-35.0591095873376,-7.89667813668662],[-35.0560162882211,-7.89489354090414],[-35.0557188554408,-7.89513148712838],[-35.0562542344453,-7.89542891990869],[-35.0556593679854,-7.89679710979874],[-35.0610131562321,-7.90042578791974]]]}},{"type":"Feature","properties":{"id":"767","municipality":"2611606","density":"Densa","type":"Área urbanizada","state":"PE"},"geometry":{"type":"Polygon","coordinates":[[[-35.1479629850037,-7.92591078505462],[-35.1461783901205,-7.92674359594014],[-35.145643011116,-7.92775486739317],[-35.1470112010061,-7.92727897494467],[-35.1471301741182,-7.93185943706334],[-35.1487957967885,-7.93144303207022],[-35.1488552833446,-7.93191892361939],[-35.148260417784,-7.93233532861245],[-35.1487363102325,-7.93322762695341],[-35.1495096345619,-7.93293019507242],[-35.1494501480059,-7.93245430262393],[-35.1503424463468,-7.93162149083908],[-35.1499855270104,-7.93031278840442],[-35.1512942312438,-7.92953946317563],[-35.1504614185596,-7.927873839606],[-35.1503022898188,-7.92608363924853],[-35.1479629850037,-7.92591078505462]]]}},{"type":"Feature","properties":{"id":"768","municipality":"2611606","density":"Densa","type":"Área urbanizada","state":"PE"},"geometry":{"type":"Polygon","coordinates":[[[-34.9036963326196,-7.8126631950504],[-34.9055404149581,-7.81212781604581],[-34.9053619561893,-7.81075962615581],[-34.9032204410705,-7.81111654459285],[-34.9036963326196,-7.8126631950504]]]}},{"type":"Feature","properties":{"id":"769","municipality":"2611606","density":"Densa","type":"Área urbanizada","state":"PE"},"geometry":{"type":"Polygon","coordinates":[[[-34.952330372049,-8.29152648465947],[-34.9528657510535,-8.29580951489717],[-34.9527467779414,-8.29842692156514],[-34.9570892938358,-8.29783205690388],[-34.9573272409594,-8.29646386701383],[-34.9563159704057,-8.29069367377402],[-34.952330372049,-8.29152648465947]]]}},{"type":"Feature","properties":{"id":"770","municipality":"2611606","density":"Densa","type":"Área urbanizada","state":"PE"},"geometry":{"type":"Polygon","coordinates":[[[-34.8875679270181,-7.98136237717195],[-34.888043820366,-7.98129099258518],[-34.8879283950793,-7.98030539228001],[-34.8893042516898,-7.98000708176135],[-34.8889242197769,-7.97762662307014],[-34.8864488987976,-7.97851991875922],[-34.8865678719097,-7.97923375743193],[-34.8869247912461,-7.97929324308864],[-34.8875679270181,-7.98136237717195]]]}},{"type":"Feature","properties":{"id":"771","municipality":"2611606","density":"Densa","type":"Vazio intraurbano","state":"PE"},"geometry":{"type":"Polygon","coordinates":[[[-34.9326067179256,-8.07617414582012],[-34.9311195540242,-8.0761146601634],[-34.930584175919,-8.07688798539216],[-34.9298108506901,-8.07694747104894],[-34.9295134179098,-8.07623363327554],[-34.9288590657932,-8.076055172708],[-34.9285021473562,-8.0764120920444],[-34.9272529296789,-8.07617414582012],[-34.9265390919055,-8.07659055171259],[-34.926003712901,-8.07629311893226],[-34.9244570642421,-8.07706644416102],[-34.9247544961231,-8.07873206683138],[-34.9235647659012,-8.079683850829],[-34.9236242515579,-8.08021922983353],[-34.9256467935646,-8.08253920462056],[-34.9271982895694,-8.083042162166],[-34.92919576837,-8.08078414437274],[-34.9296121742624,-8.08078414437274],[-34.9293742280382,-8.07929698137053],[-34.9319916347061,-8.0778098183684],[-34.9333598245962,-8.07798827713727],[-34.934192636381,-8.07745289813273],[-34.9344900691613,-8.07876160236602],[-34.9349659607105,-8.07905903514632],[-34.9360367178202,-8.0785236561418],[-34.935798771596,-8.07757187124481],[-34.9365720968248,-8.07727443936387],[-34.9369885027172,-8.0780477636933],[-34.9376428548338,-8.07763135780089],[-34.9370479892733,-8.07673906035928],[-34.9358582590514,-8.07650111413507],[-34.939411166592,-8.07115046272362],[-34.9348672052573,-8.06921422325775],[-34.9335585019233,-8.07111779215235],[-34.9337964481475,-8.07212906270604],[-34.9326067179256,-8.07617414582012]]]}},{"type":"Feature","properties":{"id":"772","municipality":"2611606","density":"Densa","type":"Área urbanizada","state":"PE"},"geometry":{"type":"Polygon","coordinates":[[[-35.2145284070603,-7.85619257732555],[-35.2127438112778,-7.85762025377164],[-35.2127438112778,-7.85857203776931],[-35.2135766230626,-7.85892895710566],[-35.2156586507261,-7.85809614622013],[-35.2157181372822,-7.85875049833682],[-35.2169673540601,-7.85922638988592],[-35.2176811927328,-7.85892895710566],[-35.2172647868404,-7.85732282099134],[-35.2220237086272,-7.85488387399153],[-35.2213098708538,-7.85434849498699],[-35.2200011666205,-7.85452695465517],[-35.2167294078359,-7.85601411765736],[-35.2167294078359,-7.85649001010586],[-35.2157776238382,-7.85601411765736],[-35.2145284070603,-7.85619257732555]]]}},{"type":"Feature","properties":{"id":"773","municipality":"2611606","density":"Densa","type":"Vazio intraurbano","state":"PE"},"geometry":{"type":"Polygon","coordinates":[[[-35.032191693192,-7.99935654416913],[-35.0311506793603,-8.00108165339554],[-35.0287117305619,-8.00242010000757],[-35.0244584454009,-8.00164677477881],[-35.0225251332283,-8.00236061255221],[-35.0222574428267,-8.0028365059],[-35.0230605113335,-8.00328265417114],[-35.023833835663,-8.0026877886105],[-35.02493433695,-8.00256881639769],[-35.0297230020148,-8.00381803317567],[-35.0316860565662,-8.00325291089309],[-35.0328460453087,-8.00090319282807],[-35.0342142351988,-7.99962423277209],[-35.035790628035,-7.99944577400323],[-35.0357311405796,-7.99813706976989],[-35.032191693192,-7.99935654416913]]]}},{"type":"Feature","properties":{"id":"774","municipality":"2611606","density":"Densa","type":"Área urbanizada","state":"PE"},"geometry":{"type":"Polygon","coordinates":[[[-35.0608770960012,-8.28105629681063],[-35.0595308972331,-8.28085641079469],[-35.0592929510089,-8.28115384357499],[-35.0588765451164,-8.28061846457041],[-35.0577463005513,-8.28145127635528],[-35.0578057871073,-8.28216511502796],[-35.0587575720043,-8.28234357379682],[-35.0585791123361,-8.28424714269141],[-35.0590550038853,-8.28519892668909],[-35.0606611408989,-8.28400919736652],[-35.0609585727798,-8.28609122502995],[-35.0600067887822,-8.28662660403449],[-35.059768842558,-8.28942247126997],[-35.057448867771,-8.29013630904335],[-35.0578652736634,-8.29090963427217],[-35.058817057661,-8.29031476871154],[-35.0600067887822,-8.29096911992889],[-35.0600662753383,-8.29180193171375],[-35.0588765451164,-8.29186141826979],[-35.0578652736634,-8.29293217627883],[-35.0567945156543,-8.29221833670681],[-35.0563186241052,-8.29263474259926],[-35.0581032198877,-8.29352704094016],[-35.0579842467755,-8.29513317705442],[-35.0563781106612,-8.29453831239318],[-35.0554263257643,-8.29549009639078],[-35.0563781106612,-8.29596598793995],[-35.0565565703294,-8.29560906860361],[-35.0567945156543,-8.29650136694449],[-35.0552478669955,-8.29763161061028],[-35.0562591384484,-8.29840493583907],[-35.0573298946589,-8.29721520471789],[-35.058162707343,-8.29715571906116],[-35.0567350299976,-8.30048696440184],[-35.058817057661,-8.30078439718216],[-35.0594714097777,-8.30131977618668],[-35.0595903828898,-8.30209310141543],[-35.0608395996678,-8.30221207362827],[-35.0613154921163,-8.30322334508129],[-35.0619103576768,-8.30280693918883],[-35.0634570072351,-8.30310437106984],[-35.0651821173608,-8.30149823495555],[-35.0650036567933,-8.30036799128971],[-35.0659554407909,-8.30036799128972],[-35.0650631433493,-8.29917826106784],[-35.0649441702372,-8.29775058372241],[-35.0636354669032,-8.29691777283688],[-35.0614344652283,-8.29650136694449],[-35.0613154921162,-8.29572804171575],[-35.0632190610109,-8.29560906860361],[-35.0631595753541,-8.29435985182569],[-35.0636949525599,-8.2936460140523],[-35.0651821173608,-8.29293217627883],[-35.0653605761296,-8.29180193171375],[-35.0637544400154,-8.29096911992889],[-35.0638734131275,-8.28757838803216],[-35.0631595753541,-8.28609122502995],[-35.0631595753541,-8.28460406202778],[-35.0623267626699,-8.28424714269141],[-35.062029330789,-8.28347381836198],[-35.0622672770132,-8.28287895280142],[-35.0614807326497,-8.28140123178139],[-35.0623267626699,-8.28079692513798],[-35.0617913845647,-8.28038051924553],[-35.0608770960012,-8.28105629681063]]]}},{"type":"Feature","properties":{"id":"776","municipality":"2611606","density":"Densa","type":"Área urbanizada","state":"PE"},"geometry":{"type":"Polygon","coordinates":[[[-35.0793904398169,-8.11909084606566],[-35.0798663322654,-8.11998314440655],[-35.0830786053933,-8.12010211661936],[-35.0830191179379,-8.11623549227408],[-35.0811155490433,-8.11629497883019],[-35.0793904398169,-8.11909084606566]]]}},{"type":"Feature","properties":{"id":"777","municipality":"2611606","density":"Densa","type":"Área urbanizada","state":"PE"},"geometry":{"type":"Polygon","coordinates":[[[-35.057127272006,-8.39580703796441],[-35.0562944602211,-8.39747266063472],[-35.0564729198893,-8.39800803963926],[-35.0576031635551,-8.39824598586354],[-35.0564729198893,-8.39890033708083],[-35.0573652182302,-8.40074442031868],[-35.0589713543445,-8.40151774464818],[-35.0626595190216,-8.4022910689776],[-35.0642656551358,-8.40205312275338],[-35.0654553853577,-8.40407566476006],[-35.0659907643623,-8.40300490765032],[-35.065752818138,-8.40151774464818],[-35.0649794929092,-8.40151774464819],[-35.0646820601289,-8.40080390597542],[-35.0652769256896,-8.40044698663907],[-35.0643251407925,-8.39913828420442],[-35.0646225735729,-8.39925725731656],[-35.0649794929092,-8.39794855308322],[-35.0655148719138,-8.3984244446324],[-35.065752818138,-8.39658036319316],[-35.0648010341404,-8.39646139008103],[-35.063373356795,-8.39354654973347],[-35.0601610845663,-8.39396295562585],[-35.05980416523,-8.39473628085466],[-35.0588523812324,-8.39205938673126],[-35.0579600828914,-8.39199990107454],[-35.0571867576627,-8.39283271196009],[-35.057127272006,-8.39580703796441]]]}},{"type":"Feature","properties":{"id":"778","municipality":"2611606","density":"Densa","type":"Outros equipamentos urbanos","state":"PE"},"geometry":{"type":"Polygon","coordinates":[[[-34.9045199758162,-7.7956897486829],[-34.9046984363837,-7.79705793857296],[-34.9037763947647,-7.79717691168508],[-34.9036871649306,-7.79943739991603],[-34.9031220426481,-7.79934817008195],[-34.9029733271573,-7.80169788814697],[-34.9037466505874,-7.80169788814697],[-34.9036574216527,-7.8055347692142],[-34.9046686931056,-7.80538605282401],[-34.9046092056503,-7.80470195742935],[-34.9070184102713,-7.80410709186872],[-34.9070184102714,-7.8034229973734],[-34.9074050728857,-7.80321479442716],[-34.9074348161638,-7.80256044320982],[-34.906393802332,-7.80244147009773],[-34.9063343148767,-7.800418928091],[-34.9049066393299,-7.80056764358182],[-34.9049066393299,-7.79777177724567],[-34.9058286800495,-7.79771229068963],[-34.9057691925941,-7.79557077557081],[-34.9045199758162,-7.7956897486829]]]}},{"type":"Feature","properties":{"id":"779","municipality":"2611606","density":"Densa","type":"Área urbanizada","state":"PE"},"geometry":{"type":"Polygon","coordinates":[[[-35.1225224278677,-8.52093332501288],[-35.1228793472041,-8.51962462077956],[-35.1244259967623,-8.51914872923044],[-35.1244259967623,-8.51861335022592],[-35.126389052213,-8.51665029477523],[-35.1265080253251,-8.5159959426586],[-35.1258536732084,-8.51201034610057],[-35.125139835435,-8.51206983175729],[-35.1240095908699,-8.51117753431572],[-35.1239501043138,-8.50891704608477],[-35.1234742118653,-8.50873858731594],[-35.1231172934283,-8.50957139820146],[-35.121808589195,-8.50891704608477],[-35.1224034547556,-8.50766782930685],[-35.1215706429708,-8.50766782930685],[-35.1209757783095,-8.50820320831139],[-35.1200834799686,-8.51022575031806],[-35.1188342631907,-8.51117753431572],[-35.1197265606322,-8.51171291332026],[-35.1193101547398,-8.51212931921265],[-35.1181204254173,-8.5117723998763],[-35.1178229917376,-8.51278367132933],[-35.1197963156474,-8.51393986403343],[-35.1204294257773,-8.51336430871585],[-35.1207459808423,-8.51373842039177],[-35.1211746723732,-8.51352407507598],[-35.1199050211997,-8.51736413344793],[-35.1184773438543,-8.51825643088955],[-35.1177040186255,-8.5197435938917],[-35.1175248511909,-8.52259203999063],[-35.1185173663833,-8.52215641828407],[-35.1191618430446,-8.52307483923238],[-35.1198724756342,-8.52290017560255],[-35.1203019612665,-8.52221590394078],[-35.1196476100491,-8.52096668716285],[-35.1199450419301,-8.52013387627732],[-35.120896826827,-8.52102617371889],[-35.1207974850159,-8.52211122735123],[-35.1225224278677,-8.52093332501288]]]}},{"type":"Feature","properties":{"id":"780","municipality":"2611606","density":"Densa","type":"Área urbanizada","state":"PE"},"geometry":{"type":"Polygon","coordinates":[[[-35.0162841925614,-8.30816072563693],[-35.0160462472365,-8.31107556598454],[-35.0167005993531,-8.31149197097762],[-35.0171244732158,-8.31421688080434],[-35.0165816253417,-8.31387143322003],[-35.0159867597811,-8.3143473247692],[-35.0158083010122,-8.31375245920857],[-35.0150944623395,-8.31363348609649],[-35.0152134345523,-8.31470424410556],[-35.0158083010122,-8.31470424410556],[-35.0158083010122,-8.31523962311008],[-35.017218056668,-8.31481848768301],[-35.0175334102386,-8.31684575922436],[-35.0206861959112,-8.31565602810315],[-35.0187826270166,-8.30798226686808],[-35.0162841925614,-8.30816072563693]]]}},{"type":"Feature","properties":{"id":"781","municipality":"2611606","density":"Densa","type":"Área urbanizada","state":"PE"},"geometry":{"type":"Polygon","coordinates":[[[-34.995009066715,-8.11816017455237],[-34.9943091990103,-8.11481636388401],[-34.994620252023,-8.11388320844328],[-34.9906543371279,-8.11473860130536],[-34.9907320997066,-8.11520518037475],[-34.9913542039333,-8.11536070643144],[-34.9921318342167,-8.11746030774697],[-34.99150972999,-8.11800464939501],[-34.9904988101719,-8.11777135986034],[-34.9901099945806,-8.11909333179177],[-34.99150972999,-8.1200264881319],[-34.9946339738787,-8.11853526738861],[-34.995009066715,-8.11816017455237]]]}},{"type":"Feature","properties":{"id":"782","municipality":"2611606","density":"Densa","type":"Outros equipamentos urbanos","state":"PE"},"geometry":{"type":"Polygon","coordinates":[[[-34.9254612157625,-7.79757071311786],[-34.9246236456647,-7.80090195755926],[-34.925594465612,-7.80132074305777],[-34.9258228943111,-7.79918874636348],[-34.9262607148601,-7.79932199621311],[-34.9267366073085,-7.7977610699174],[-34.9254612157625,-7.79757071311786]]]}},{"type":"Feature","properties":{"id":"783","municipality":"2611606","density":"Densa","type":"Área urbanizada","state":"PE"},"geometry":{"type":"Polygon","coordinates":[[[-34.9096683328273,-7.79085850881307],[-34.9089544941546,-7.79139388781761],[-34.9061586278184,-7.79192926682215],[-34.9060991412623,-7.79371386170533],[-34.9099657647082,-7.79317848360012],[-34.9114529286097,-7.79859175660424],[-34.9125831722755,-7.79811586505508],[-34.9120521109161,-7.79429167881791],[-34.9137134159413,-7.79430872816521],[-34.9146057142822,-7.79056107693215],[-34.914367768058,-7.78907391303062],[-34.9126426588316,-7.78949031892303],[-34.9126426588316,-7.78901442737392],[-34.9122262529392,-7.78889545426176],[-34.9114529286097,-7.79294053827517],[-34.9102631983878,-7.79210772559101],[-34.9107985773924,-7.78949031892303],[-34.9100252521636,-7.78913339958666],[-34.9097278193833,-7.78949031892302],[-34.9096683328273,-7.79085850881307]]]}},{"type":"Feature","properties":{"id":"784","municipality":"2611606","density":"Densa","type":"Área urbanizada","state":"PE"},"geometry":{"type":"Polygon","coordinates":[[[-35.0097840438985,-8.12959134196683],[-35.0093174657284,-8.13137989206832],[-35.0125835138181,-8.13386830897527],[-35.0141387752842,-8.1327018639998],[-35.0139054857495,-8.13052449920623],[-35.0107172011379,-8.12889147516142],[-35.0097840438985,-8.12959134196683]]]}},{"type":"Feature","properties":{"id":"785","municipality":"2616407","density":"Densa","type":"Área urbanizada","state":"PE"},"geometry":{"type":"Polygon","coordinates":[[[-35.2764594269999,-8.09613001499997],[-35.275448156,-8.09502951499997],[-35.274674831,-8.09532694699995],[-35.273157925,-8.09416695999994],[-35.2719681939999,-8.09398849999997],[-35.270629748,-8.09553514999994],[-35.2719681939999,-8.09690333999992],[-35.272682033,-8.09615975899995],[-35.274198939,-8.09776589499997],[-35.274942521,-8.09681410999997],[-35.275686102,-8.09717102999998],[-35.2737862019999,-8.10025600099994],[-35.2758050749999,-8.10151354599997],[-35.2766676299999,-8.10133508599996],[-35.277649157,-8.10172174899999],[-35.279285037,-8.09913408499995],[-35.2799393889999,-8.09925305799995],[-35.281813214,-8.10103765399999],[-35.282110647,-8.10148380299997],[-35.2806234839999,-8.10422018299993],[-35.28337736,-8.10661976399997],[-35.2823765169999,-8.10825062799995],[-35.2832985579999,-8.11083829199994],[-35.2824062599999,-8.11318800999995],[-35.2808001239999,-8.11375313199995],[-35.2805919209999,-8.11330698299999],[-35.2810975569999,-8.11244442799996],[-35.281246273,-8.11018394099994],[-35.2793427039999,-8.11018394099994],[-35.278690172,-8.11082318699995],[-35.273723047,-8.11046626799993],[-35.273217411,-8.11076370099995],[-35.272830749,-8.11391648599995],[-35.2714328159999,-8.11424366199999],[-35.271313843,-8.11498724399997],[-35.2665460649999,-8.11595249299996],[-35.262976873,-8.11559557399994],[-35.2630125649999,-8.11702325099997],[-35.26955899,-8.11576056899998],[-35.270043872,-8.11705894199997],[-35.2732561449999,-8.11723740199996],[-35.273414089,-8.11528942699995],[-35.277825798,-8.11515106499996],[-35.277916847,-8.11629594699997],[-35.2761619939999,-8.11736670499995],[-35.27639994,-8.11814002999995],[-35.277440955,-8.11816977299997],[-35.277825798,-8.119225892],[-35.2772904189999,-8.12231919199997],[-35.277617595,-8.12267611099998],[-35.2766180579999,-8.12563533199995],[-35.2788785459999,-8.12661685899996],[-35.287730304,-8.13237836299995],[-35.2908055939999,-8.13107834899997],[-35.291668149,-8.13226807899998],[-35.2918051309999,-8.13344317199994],[-35.2923107669999,-8.13368111799999],[-35.29516612,-8.13371086099994],[-35.2969209719999,-8.13457341599998],[-35.2979322429999,-8.13436521299997],[-35.298259419,-8.13240215799995],[-35.297634811,-8.13130165699994],[-35.298199933,-8.12939808799996],[-35.296474823,-8.12591812599993],[-35.29662354,-8.12547197699995],[-35.2990922299999,-8.12538274799994],[-35.3018583539999,-8.12675093799994],[-35.302601935,-8.12669145099996],[-35.303256287,-8.12565043699992],[-35.305546518,-8.12573966699994],[-35.306498303,-8.12446070699997],[-35.307152655,-8.12475813899994],[-35.30706071,-8.12530980699995],[-35.309918232,-8.12644468499998],[-35.3105247079999,-8.12425204199996],[-35.312833618,-8.12487711199998],[-35.3139764119999,-8.12485241399998],[-35.314637879,-8.12395186299995],[-35.3155420739999,-8.12426119299993],[-35.3156848419999,-8.12380909599994],[-35.3147092629999,-8.12263126199998],[-35.3143999329999,-8.11895499499999],[-35.316539861,-8.12003279199997],[-35.317909976,-8.11954606899996],[-35.3207453259999,-8.12041562299994],[-35.3199720009999,-8.12142689399997],[-35.3204199689999,-8.12311905199996],[-35.322054029,-8.12264636799994],[-35.322191081,-8.12321532099998],[-35.32391619,-8.12357223999993],[-35.3244503249999,-8.12224600699996],[-35.325126779,-8.12240928799998],[-35.3260954949999,-8.12362493299999],[-35.32750603,-8.12294578599995],[-35.327122118,-8.12147127499997],[-35.3304217789999,-8.12156955299998],[-35.3305617349999,-8.12089309899996],[-35.329955259,-8.12007668899997],[-35.3286092809999,-8.12075743699997],[-35.3259685749999,-8.12008782799997],[-35.3253276069999,-8.12120358599998],[-35.323898111,-8.12092125799995],[-35.319706131,-8.11947847599995],[-35.318301504,-8.11851184899996],[-35.3186617589999,-8.11775130899997],[-35.320000206,-8.11775130899997],[-35.3201786659999,-8.11721592999995],[-35.318602273,-8.11697798399998],[-35.3178383859999,-8.11817155699993],[-35.316965237,-8.11714148899995],[-35.3153933579999,-8.11689081299994],[-35.3144115549999,-8.11352506699995],[-35.3110192789999,-8.111671104],[-35.308788534,-8.11155213099995],[-35.3092346829999,-8.10994599399995],[-35.308580331,-8.10890497999999],[-35.307600623,-8.10832475299998],[-35.3078980559999,-8.10713502299997],[-35.3089093259999,-8.10695656299994],[-35.309980084,-8.10722425199998],[-35.311437504,-8.10841398299995],[-35.3124915669999,-8.108335632],[-35.3131328699999,-8.10622572799997],[-35.3107831519999,-8.10594529199994],[-35.3088343709999,-8.10443759899993],[-35.308163926,-8.10557373499996],[-35.3070336819999,-8.10524655899997],[-35.306528046,-8.10465169399992],[-35.306855222,-8.10328350399995],[-35.306171127,-8.10301581399995],[-35.305070626,-8.10491938299999],[-35.3051598559999,-8.10584142399995],[-35.306438816,-8.10637680299994],[-35.3063495869999,-8.10676346499998],[-35.300787596,-8.10498481799994],[-35.3002819609999,-8.10668018399997],[-35.2994491499999,-8.10733453599994],[-35.2988245409999,-8.10703710299994],[-35.29935992,-8.10572839999997],[-35.2990327439999,-8.10513353499993],[-35.2984081349999,-8.10522276399997],[-35.297783527,-8.10644223799995],[-35.2965640529999,-8.10653146799996],[-35.296415337,-8.10798888799996],[-35.2935599839999,-8.10848857499998],[-35.293024605,-8.10979727799997],[-35.291560676,-8.11142274599997],[-35.291180523,-8.11125469799994],[-35.2874049479999,-8.10674835999992],[-35.2871075149999,-8.10624272499995],[-35.2876410739999,-8.10539527499997],[-35.2871949249999,-8.10500861299994],[-35.284222418,-8.10499350799997],[-35.283478837,-8.10362531799996],[-35.284311648,-8.10300070899996],[-35.287196745,-8.10255455999993],[-35.2896356919999,-8.09975869299996],[-35.288029556,-8.09699256999995],[-35.2872264879999,-8.09797409799996],[-35.286988542,-8.09690333999992],[-35.284460365,-8.09726025899994],[-35.28341935,-8.09907459799995],[-35.282527053,-8.09960997699995],[-35.282199877,-8.09836075999994],[-35.280563997,-8.09752794899993],[-35.280454939,-8.09452387899996],[-35.2781944509999,-8.09372081099998],[-35.277450869,-8.09404798699996],[-35.2764594269999,-8.09613001499997]],[[-35.287015378,-8.11631238699994],[-35.2875626539999,-8.11693104599993],[-35.28718194,-8.11743073299994],[-35.287586449,-8.11781144699995],[-35.2885858219999,-8.11743073299994],[-35.2888951519999,-8.11769247399997],[-35.288657206,-8.11897738299996],[-35.2878719839999,-8.11938189099994],[-35.28810993,-8.12011952399997],[-35.2878006,-8.12057162199995],[-35.2873485019999,-8.12052403299998],[-35.286991583,-8.119191534],[-35.2861349769999,-8.11809698199995],[-35.285540112,-8.11821595499993],[-35.284064846,-8.12000055099999],[-35.282113688,-8.11938189099994],[-35.282113688,-8.11854907999999],[-35.283232035,-8.11850149099996],[-35.283374803,-8.11809698199995],[-35.2824706069999,-8.11750211699996],[-35.282280251,-8.11652653799995],[-35.2823516339999,-8.11588408399998],[-35.282708553,-8.11588408399995],[-35.282708553,-8.11433743399994],[-35.284374176,-8.11426604999997],[-35.286182567,-8.11626479699992],[-35.287015378,-8.11631238699994]]]}},{"type":"Feature","properties":{"id":"786","municipality":"2616407","density":"Densa","type":"Área urbanizada","state":"PE"},"geometry":{"type":"Polygon","coordinates":[[[-35.325178891,-8.11433289199993],[-35.3233645519999,-8.11385699999994],[-35.3226507139999,-8.11463032499996],[-35.323186092,-8.11668260999995],[-35.3248219719999,-8.11677183999997],[-35.325178891,-8.11433289199993]]]}},{"type":"Feature","properties":{"id":"787","municipality":"2616407","density":"Densa","type":"Outros equipamentos urbanos","state":"PE"},"geometry":{"type":"Polygon","coordinates":[[[-35.262894332,-8.12333828399995],[-35.2626230729999,-8.12319551599997],[-35.2615523159999,-8.12435193399994],[-35.262123386,-8.12480879099998],[-35.260338791,-8.12485162099996],[-35.2601960229999,-8.12520853999997],[-35.262009172,-8.12599376199996],[-35.262894332,-8.12333828399995]]]}},{"type":"Feature","properties":{"id":"788","municipality":"2616407","density":"Densa","type":"Outros equipamentos urbanos","state":"PE"},"geometry":{"type":"Polygon","coordinates":[[[-35.271829392,-8.12037077399999],[-35.2701340259999,-8.12046000399994],[-35.270044797,-8.11947847599995],[-35.2694796749999,-8.11956770599995],[-35.268250286,-8.12224459999993],[-35.269796936,-8.12307741099994],[-35.2702430849999,-8.12129281499997],[-35.2719681939999,-8.12108461299994],[-35.271829392,-8.12037077399999]]]}},{"type":"Feature","properties":{"id":"789","municipality":"2616407","density":"Densa","type":"Área urbanizada","state":"PE"},"geometry":{"type":"Polygon","coordinates":[[[-35.358135733,-8.07013226999993],[-35.358626918,-8.07091696999992],[-35.3567180109999,-8.07270657099999],[-35.35729466,-8.07393940699997],[-35.356797548,-8.07463536299998],[-35.357453735,-8.07547050999996],[-35.3588655309999,-8.07614658099993],[-35.3591240289999,-8.07543074099995],[-35.3588058779999,-8.07517224299993],[-35.359536267,-8.07437722199996],[-35.3600716459999,-8.07461516899997],[-35.360666511,-8.07354441099996],[-35.360577281,-8.07283057299998],[-35.359539599,-8.07194743899992],[-35.3605755939999,-8.07169246399997],[-35.360973283,-8.07226911299995],[-35.361530048,-8.07165269499996],[-35.359641025,-8.06996251699996],[-35.3584877269999,-8.06988297899995],[-35.358135733,-8.07013226999993]]]}},{"type":"Feature","properties":{"id":"790","municipality":"2616407","density":"Densa","type":"Outros equipamentos urbanos","state":"PE"},"geometry":{"type":"Polygon","coordinates":[[[-35.3395706749999,-8.13974552899999],[-35.3398978509999,-8.13828810899999],[-35.3388150659999,-8.137801961],[-35.338799719,-8.13670091599995],[-35.338115624,-8.13527323899998],[-35.338559404,-8.13501634999995],[-35.3378455659999,-8.13385636299996],[-35.334367973,-8.13551118599998],[-35.334843865,-8.13699834899996],[-35.334814122,-8.13913986399996],[-35.337996651,-8.13919934999996],[-35.3395706749999,-8.13974552899999]]]}},{"type":"Feature","properties":{"id":"791","municipality":"2616407","density":"Densa","type":"Outros equipamentos urbanos","state":"PE"},"geometry":{"type":"Polygon","coordinates":[[[-35.2424500029999,-8.11193114799994],[-35.2415505659999,-8.11210246899998],[-35.240436979,-8.11143146099994],[-35.240065783,-8.11227378999997],[-35.241507736,-8.11271636999993],[-35.2416933339999,-8.11328743999997],[-35.2409937729999,-8.11367291299998],[-35.241036603,-8.11417259999996],[-35.2431781179999,-8.11402983199997],[-35.2430924569999,-8.11228806699996],[-35.2424500029999,-8.11193114799994]]]}},{"type":"Feature","properties":{"id":"792","municipality":"2616407","density":"Densa","type":"Vazio intraurbano","state":"PE"},"geometry":{"type":"Polygon","coordinates":[[[-35.285540112,-8.11821595499993],[-35.2861349769999,-8.11809698199995],[-35.286991583,-8.119191534],[-35.2873485019999,-8.12052403299998],[-35.2878006,-8.12057162199995],[-35.28810993,-8.12011952399997],[-35.2878719839999,-8.11938189099994],[-35.288657206,-8.11897738299996],[-35.2888951519999,-8.11769247399997],[-35.2885858219999,-8.11743073299994],[-35.287586449,-8.11781144699995],[-35.28718194,-8.11743073299994],[-35.2875626539999,-8.11693104599993],[-35.287015378,-8.11631238699994],[-35.286182567,-8.11626479699992],[-35.2851118089999,-8.11478953199997],[-35.283922079,-8.114123282],[-35.282708553,-8.11433743399994],[-35.282708553,-8.11588408399995],[-35.2823516339999,-8.11588408399998],[-35.282280251,-8.11652653799995],[-35.2824706069999,-8.11750211699996],[-35.283374803,-8.11809698199995],[-35.283232035,-8.11850149099996],[-35.282113688,-8.11854907999999],[-35.282113688,-8.11938189099994],[-35.284064846,-8.12000055099999],[-35.285540112,-8.11821595499993]]]}},{"type":"Feature","properties":{"id":"793","municipality":"2616407","density":"Densa","type":"Área urbanizada","state":"PE"},"geometry":{"type":"Polygon","coordinates":[[[-35.2729941389999,-8.10344685799992],[-35.272607476,-8.10377403399998],[-35.2721613269999,-8.10359557399993],[-35.272429017,-8.10306019599995],[-35.268919312,-8.10204892499996],[-35.2684434189999,-8.10410120999996],[-35.269573663,-8.104606845],[-35.270079299,-8.10422018299993],[-35.271506975,-8.10457710199995],[-35.2724587599999,-8.10436889899997],[-35.272429017,-8.10609400799996],[-35.27364849,-8.10609400799996],[-35.27391618,-8.10362531799996],[-35.2729941389999,-8.10344685799992]]]}},{"type":"Feature","properties":{"id":"794","municipality":"2616407","density":"Densa","type":"Área urbanizada","state":"PE"},"geometry":{"type":"Polygon","coordinates":[[[-35.331913948,-8.121017727],[-35.331603436,-8.12185793699995],[-35.3346015569999,-8.12302387299997],[-35.33410187,-8.12511779899995],[-35.337671061,-8.12542712899996],[-35.337769466,-8.12618809899994],[-35.3387025059999,-8.12658464099996],[-35.338982418,-8.12567492699998],[-35.3381193559999,-8.12532503699993],[-35.337028607,-8.12385668499998],[-35.3337573959999,-8.12184946499997],[-35.333503733,-8.12128233099999],[-35.331913948,-8.121017727]]]}},{"type":"Feature","properties":{"id":"795","municipality":"2616407","density":"Densa","type":"Outros equipamentos urbanos","state":"PE"},"geometry":{"type":"Polygon","coordinates":[[[-35.328828006,-8.12545481399996],[-35.328185552,-8.12613296099994],[-35.3277572489999,-8.12834585899999],[-35.329404,-8.12821599999995],[-35.329327693,-8.12738217799995],[-35.3301842989999,-8.12723940999996],[-35.330148607,-8.12627572799994],[-35.3294347689999,-8.12591880899993],[-35.3294347689999,-8.12549050599995],[-35.328828006,-8.12545481399996]]]}},{"type":"Feature","properties":{"id":"796","municipality":"2616407","density":"Densa","type":"Outros equipamentos urbanos","state":"PE"},"geometry":{"type":"Polygon","coordinates":[[[-35.261937788,-8.11892676299993],[-35.2575119909999,-8.11662820399994],[-35.256698215,-8.11554316899997],[-35.2559700999999,-8.11535757099995],[-35.255027834,-8.11627128399995],[-35.2551134939999,-8.11675669399995],[-35.257212179,-8.11819864799998],[-35.2591966489999,-8.11884110199997],[-35.260053255,-8.12016884199995],[-35.261380994,-8.11889820899996],[-35.2623518149999,-8.11931223599993],[-35.2621947699999,-8.12054003699996],[-35.263022823,-8.12131098299994],[-35.264079303,-8.12116821499997],[-35.264778865,-8.11958349399993],[-35.261937788,-8.11892676299993]]]}},{"type":"Feature","properties":{"id":"797","municipality":"2616407","density":"Densa","type":"Outros equipamentos urbanos","state":"PE"},"geometry":{"type":"Polygon","coordinates":[[[-35.260676561,-8.09842381599998],[-35.2600816959999,-8.09336746099996],[-35.258178127,-8.09348643399995],[-35.257642748,-8.092147987],[-35.2543115029999,-8.09253464999995],[-35.2549361119999,-8.09738280199997],[-35.255530977,-8.09738280199996],[-35.2558284089999,-8.09886996499994],[-35.2580888969999,-8.09866176199994],[-35.2576130049999,-8.09952431599994],[-35.2586540189999,-8.10041661399993],[-35.2601114389999,-8.09857253199993],[-35.260676561,-8.09842381599998]]]}},{"type":"Feature","properties":{"id":"798","municipality":"2616407","density":"Densa","type":"Área urbanizada","state":"PE"},"geometry":{"type":"Polygon","coordinates":[[[-35.3122041789999,-8.14281953099994],[-35.312437439,-8.14251629299997],[-35.3119242669999,-8.14195646999998],[-35.3119942449999,-8.14121003799995],[-35.310769668,-8.13793823599999],[-35.3095501949999,-8.13692696499992],[-35.3087173829999,-8.13460698999996],[-35.307616883,-8.13573723399997],[-35.308003545,-8.13671876199993],[-35.3088660999999,-8.13698645099995],[-35.309817884,-8.13859258799994],[-35.310851272,-8.13920400299998],[-35.3116676809999,-8.14237633699999],[-35.3122041789999,-8.14281953099994]]]}},{"type":"Feature","properties":{"id":"799","municipality":"2616407","density":"Densa","type":"Área urbanizada","state":"PE"},"geometry":{"type":"Polygon","coordinates":[[[-35.273112758,-8.09150753299996],[-35.27347644,-8.08989058399994],[-35.273993112,-8.08998691299996],[-35.2738384469999,-8.08938014999996],[-35.272156568,-8.08943778099996],[-35.2708478649999,-8.09196595899993],[-35.2721348869999,-8.09295121199994],[-35.273112758,-8.09150753299996]]]}},{"type":"Feature","properties":{"id":"7077","municipality":"2604106","density":"Pouco densa","type":"Área urbanizada","state":"PE"},"geometry":{"type":"Polygon","coordinates":[[[-35.9812622779318,-8.23824233061901],[-35.9812046313886,-8.2373776279751],[-35.9794464019298,-8.23723351071788],[-35.9793887553867,-8.23677233567469],[-35.978351112214,-8.23668586585995],[-35.9781205242427,-8.24190290589433],[-35.977630525928,-8.24216231713719],[-35.97866817,-8.24472760179736],[-35.9787546398147,-8.24697582957083],[-35.9797922829874,-8.24737935807088],[-35.9802246347591,-8.24677406577047],[-35.9812911021027,-8.24660112524169],[-35.9822422745613,-8.24472760179736],[-35.9839140342053,-8.24322878358146],[-35.9841734454481,-8.24250819819474],[-35.9819540409462,-8.24224878695192],[-35.9820405107609,-8.23838644787623],[-35.9812622779318,-8.23824233061901]]]}},{"type":"Feature","properties":{"id":"7078","municipality":"2604106","density":"Pouco densa","type":"Área urbanizada","state":"PE"},"geometry":{"type":"Polygon","coordinates":[[[-35.9718638391448,-8.07872256639326],[-35.9716466420788,-8.08002574878925],[-35.972763655818,-8.08039808700212],[-35.9729187969648,-8.07850536932728],[-35.9722672048676,-8.07757452334552],[-35.9723602891959,-8.07664367826313],[-35.9719569225739,-8.07617825572187],[-35.9713673881944,-8.07630236756018],[-35.9718638391448,-8.07872256639326]]]}},{"type":"Feature","properties":{"id":"7079","municipality":"2604106","density":"Pouco densa","type":"Área urbanizada","state":"PE"},"geometry":{"type":"Polygon","coordinates":[[[-35.9549534847155,-8.2006012225683],[-35.9547673160587,-8.19988757635055],[-35.9538985268954,-8.20016682933568],[-35.9554809640752,-8.20342478712418],[-35.9563807807483,-8.20314553413903],[-35.9559463866164,-8.20025991366402],[-35.9549534847155,-8.2006012225683]]]}},{"type":"Feature","properties":{"id":"7080","municipality":"2604106","density":"Pouco densa","type":"Área urbanizada","state":"PE"},"geometry":{"type":"Polygon","coordinates":[[[-36.0658731517245,-8.2563280297148],[-36.0655198017974,-8.25558920697627],[-36.0647167341899,-8.25546071633893],[-36.0647488570741,-8.2560710484401],[-36.0640100343356,-8.2563280297148],[-36.0640100343356,-8.25664925675774],[-36.0656804162182,-8.25697048380073],[-36.0658089059562,-8.25786992006073],[-36.0671580607958,-8.25780567519172],[-36.067575655592,-8.25713109822158],[-36.0658731517245,-8.2563280297148]]]}},{"type":"Feature","properties":{"id":"7081","municipality":"2604106","density":"Pouco densa","type":"Área urbanizada","state":"PE"},"geometry":{"type":"Polygon","coordinates":[[[-36.0382461979037,-8.08570874196482],[-36.0402926618768,-8.0874093239811],[-36.0415032455783,-8.0860257988515],[-36.0413879515927,-8.08495933240721],[-36.040033250634,-8.08397933577766],[-36.0382461979037,-8.08570874196482]]]}},{"type":"Feature","properties":{"id":"7082","municipality":"2604106","density":"Pouco densa","type":"Área urbanizada","state":"PE"},"geometry":{"type":"Polygon","coordinates":[[[-36.035485055291,-8.2925303394036],[-36.0334934463654,-8.28514211291814],[-36.029675542792,-8.28442796937526],[-36.029639851398,-8.28610548917693],[-36.031006080766,-8.28631749085946],[-36.0313091010341,-8.28742282600257],[-36.0327225007428,-8.28780829881391],[-36.0332685870756,-8.29057085336219],[-36.0339752869299,-8.29079571175266],[-36.0340716555824,-8.2923697249828],[-36.035485055291,-8.2925303394036]]]}},{"type":"Feature","properties":{"id":"7083","municipality":"2604106","density":"Pouco densa","type":"Área urbanizada","state":"PE"},"geometry":{"type":"Polygon","coordinates":[[[-35.9561946120916,-8.19681578721879],[-35.9566290071229,-8.19802588528632],[-35.9587699502729,-8.1980879421048],[-35.9588630346013,-8.19759149115435],[-35.9595456551078,-8.19743635000749],[-35.9589871482382,-8.19594699805549],[-35.9583045277317,-8.19597802556535],[-35.9581804149941,-8.19501615297304],[-35.9561946120916,-8.19681578721879]]]}},{"type":"Feature","properties":{"id":"7084","municipality":"2604106","density":"Pouco densa","type":"Outros equipamentos urbanos","state":"PE"},"geometry":{"type":"Polygon","coordinates":[[[-35.984758010174,-8.22825371263867],[-35.9839251992885,-8.23021676808935],[-35.9840441724006,-8.23206085042784],[-35.9824975219431,-8.23283417475734],[-35.9831518740597,-8.23568952764953],[-35.9859477412952,-8.23687925877073],[-35.9892194991805,-8.22920549663633],[-35.9878513092904,-8.22700449496143],[-35.9861856866201,-8.22652860341227],[-35.984758010174,-8.22825371263867]]]}},{"type":"Feature","properties":{"id":"7085","municipality":"2604106","density":"Pouco densa","type":"Área urbanizada","state":"PE"},"geometry":{"type":"Polygon","coordinates":[[[-35.9063053097422,-8.2441602078273],[-35.9061625423674,-8.24496922355076],[-35.9046634822339,-8.24523096493703],[-35.9050441949336,-8.24637310573423],[-35.9047110707593,-8.2476580148055],[-35.9053297305826,-8.24929984321312],[-35.9057104450809,-8.24915707583836],[-35.9057580336063,-8.24849082659034],[-35.9052583468952,-8.24715832899365],[-35.906709817604,-8.24651587400832],[-35.906495667441,-8.24606377672188],[-35.9057580336063,-8.24632551720879],[-35.9057580336063,-8.24542132173656],[-35.9075188351261,-8.24458851085103],[-35.9068287907161,-8.2441602078273],[-35.9063053097422,-8.2441602078273]]]}},{"type":"Feature","properties":{"id":"7086","municipality":"2604106","density":"Pouco densa","type":"Área urbanizada","state":"PE"},"geometry":{"type":"Polygon","coordinates":[[[-35.9752093576257,-8.21881533855696],[-35.9770540577985,-8.22357120534678],[-35.9775728793848,-8.22334061827486],[-35.9756128861258,-8.21867122219909],[-35.9752093576257,-8.21881533855696]]]}},{"type":"Feature","properties":{"id":"7087","municipality":"2604106","density":"Pouco densa","type":"Área urbanizada","state":"PE"},"geometry":{"type":"Polygon","coordinates":[[[-36.0551645706884,-8.13349752389155],[-36.0550473035901,-8.13461156087476],[-36.0556336390811,-8.13537379656344],[-36.0571287943583,-8.13414249158269],[-36.0559854403757,-8.13288187230052],[-36.0551645706884,-8.13349752389155]]]}},{"type":"Feature","properties":{"id":"7088","municipality":"2604106","density":"Pouco densa","type":"Área urbanizada","state":"PE"},"geometry":{"type":"Polygon","coordinates":[[[-35.9766732048045,-8.08716222805436],[-35.9749976841957,-8.08620035456267],[-35.972980852884,-8.08346987613385],[-35.9730429088032,-8.08260108697057],[-35.9742530077701,-8.08232183398543],[-35.9741599234417,-8.08191846736334],[-35.972546458752,-8.08235286239465],[-35.9728567401464,-8.08415249574102],[-35.9744081489169,-8.08607624182502],[-35.9743150636892,-8.0865416652656],[-35.9761146979349,-8.08722428487279],[-35.9772006841642,-8.08911700344692],[-35.9778212478523,-8.09181645436581],[-35.9784107831311,-8.09147514366287],[-35.9778833037714,-8.08939625733138],[-35.9766732048045,-8.08716222805436]]]}},{"type":"Feature","properties":{"id":"7089","municipality":"2604106","density":"Pouco densa","type":"Área urbanizada","state":"PE"},"geometry":{"type":"Polygon","coordinates":[[[-36.0623137618706,-8.05835530705175],[-36.0618814109983,-8.05985412526763],[-36.0606131798543,-8.05999824162553],[-36.0606996496691,-8.06086294516876],[-36.0612184721547,-8.0610070633253],[-36.0621696446134,-8.05988294943853],[-36.0630343481566,-8.05982530199606],[-36.0628037601853,-8.05832648378014],[-36.0623137618706,-8.05835530705175]]]}},{"type":"Feature","properties":{"id":"7090","municipality":"2604106","density":"Pouco densa","type":"Área urbanizada","state":"PE"},"geometry":{"type":"Polygon","coordinates":[[[-35.9144430662944,-8.27835306244385],[-35.9144668605571,-8.2787575712049],[-35.9129915946863,-8.27849582981867],[-35.9128012378867,-8.27916207906663],[-35.9141575306455,-8.27970935520256],[-35.9137292276217,-8.28113703164865],[-35.9153948511914,-8.28149395098501],[-35.9153234666047,-8.28242194071994],[-35.9148713693182,-8.28268368120689],[-35.9156565916783,-8.28304060144257],[-35.91596592159,-8.28453966067674],[-35.9168225267382,-8.2846110452635],[-35.9168463219002,-8.28285024374374],[-35.9177029279477,-8.2827312706316],[-35.9174173931981,-8.28239814555792],[-35.9177267231098,-8.28135118271086],[-35.9155614128289,-8.28106564796122],[-35.9161800726522,-8.2789241328424],[-35.9144430662944,-8.27835306244385]]]}},{"type":"Feature","properties":{"id":"7091","municipality":"2604106","density":"Pouco densa","type":"Área urbanizada","state":"PE"},"geometry":{"type":"Polygon","coordinates":[[[-36.067575655592,-8.3215050361285],[-36.0672544294483,-8.32182626317148],[-36.0672865523325,-8.32256508590996],[-36.0657446610872,-8.32211536733031],[-36.0660980110143,-8.31970616270917],[-36.0653591882759,-8.31973828559336],[-36.0651022061019,-8.32086258114316],[-36.0643633842627,-8.32083045825897],[-36.0638815427989,-8.32144079036017],[-36.0649737163638,-8.32304692557513],[-36.0660980110143,-8.32330390774911],[-36.0663549931883,-8.32417122202424],[-36.0669332024053,-8.32394636273445],[-36.0672865523325,-8.32426758977739],[-36.0691175468373,-8.32295055782193],[-36.067575655592,-8.3215050361285]]]}},{"type":"Feature","properties":{"id":"7092","municipality":"2604106","density":"Pouco densa","type":"Área urbanizada","state":"PE"},"geometry":{"type":"Polygon","coordinates":[[[-36.0508397165796,-8.24710880782515],[-36.0518997672604,-8.24646635283989],[-36.0518676443762,-8.24611300291269],[-36.0512894351593,-8.24604875804369],[-36.0516427850864,-8.24434625417628],[-36.0512894351593,-8.24302922222081],[-36.0514821715649,-8.24126247168567],[-36.0506469810733,-8.2398811948612],[-36.0502615082619,-8.24000968639786],[-36.0505827353049,-8.24232252236648],[-36.0502293853778,-8.24261162742459],[-36.0509039632473,-8.24463535833508],[-36.0507754717106,-8.2466912121297],[-36.0497154219291,-8.24881131169265],[-36.0490087220748,-8.24916466161978],[-36.0489765991907,-8.24987136237343],[-36.0497796667981,-8.25016046743157],[-36.0503257540303,-8.24932527604063],[-36.0508397165796,-8.24710880782515]]]}},{"type":"Feature","properties":{"id":"7093","municipality":"2604106","density":"Pouco densa","type":"Área urbanizada","state":"PE"},"geometry":{"type":"Polygon","coordinates":[[[-35.9586922947136,-8.31285806185004],[-35.9587220379916,-8.31446419796431],[-35.9599415123909,-8.31452368541971],[-35.960149715337,-8.31568367236357],[-35.9589897283932,-8.31612982063467],[-35.9598522816574,-8.31874722820197],[-35.9603579182832,-8.31922311975115],[-35.9602092018931,-8.31993695842387],[-35.9611907291688,-8.32044259415035],[-35.9606553501642,-8.31776570002701],[-35.9616071350612,-8.31731955085655],[-35.9608040665544,-8.31247140013494],[-35.9586922947136,-8.31285806185004]]]}},{"type":"Feature","properties":{"id":"7094","municipality":"2604106","density":"Pouco densa","type":"Área urbanizada","state":"PE"},"geometry":{"type":"Polygon","coordinates":[[[-35.9728567401464,-8.05905070512592],[-35.9723913176052,-8.06175015604482],[-35.9730429088032,-8.06175015604482],[-35.9736945009005,-8.06091239529076],[-35.9736945009005,-8.05948509925788],[-35.9741909518509,-8.05939201492948],[-35.9738806695572,-8.05839911302861],[-35.9728567401464,-8.05905070512592]]]}},{"type":"Feature","properties":{"id":"7095","municipality":"2604106","density":"Pouco densa","type":"Área urbanizada","state":"PE"},"geometry":{"type":"Polygon","coordinates":[[[-36.0206786252183,-8.1162603504348],[-36.0196550861133,-8.11946097824154],[-36.0218456673436,-8.12000862309942],[-36.0223682741765,-8.11635037616889],[-36.0206786252183,-8.1162603504348]]]}},{"type":"Feature","properties":{"id":"7096","municipality":"2604106","density":"Pouco densa","type":"Área urbanizada","state":"PE"},"geometry":{"type":"Polygon","coordinates":[[[-35.9136578439343,-8.23975820537679],[-35.9143954768697,-8.24075757789986],[-35.9146334230939,-8.24201869270843],[-35.9135150765595,-8.24285150359396],[-35.9136340496716,-8.24332739604244],[-35.9119684270013,-8.24297047670609],[-35.9122777569129,-8.24432677036412],[-35.913967173846,-8.24401743955314],[-35.9140147632706,-8.24347016431658],[-35.9150617261177,-8.24289909301872],[-35.9147999856308,-8.24237561204486],[-35.9152520829173,-8.24070998937447],[-35.9144668605571,-8.2403530700381],[-35.9140861469581,-8.23959164284003],[-35.9136578439343,-8.23975820537679]]]}},{"type":"Feature","properties":{"id":"7097","municipality":"2604106","density":"Pouco densa","type":"Área urbanizada","state":"PE"},"geometry":{"type":"Polygon","coordinates":[[[-35.9711740780212,-8.23657057187434],[-35.9714046650932,-8.23919350397699],[-35.9748346532966,-8.24000056007777],[-35.9746040662246,-8.23743527541757],[-35.9753534748829,-8.2373776279751],[-35.9753246516114,-8.23680115894628],[-35.9738834799386,-8.23665704168906],[-35.9740275971958,-8.23613822010271],[-35.975757003383,-8.2358211632161],[-35.9759011197409,-8.23524469418728],[-35.9711740780212,-8.23657057187434]]]}},{"type":"Feature","properties":{"id":"7098","municipality":"2604106","density":"Pouco densa","type":"Área urbanizada","state":"PE"},"geometry":{"type":"Polygon","coordinates":[[[-36.0445008829094,-8.07420819275388],[-36.0442702949382,-8.07331466683839],[-36.0430308879651,-8.07340113665312],[-36.0426273603643,-8.07256525818009],[-36.0422814793068,-8.07273819780955],[-36.0431750052223,-8.07489995576829],[-36.043261475037,-8.07639877398419],[-36.0444432363662,-8.07703288865686],[-36.045567350253,-8.07642759725577],[-36.0456249958968,-8.07415054621073],[-36.0445008829094,-8.07420819275388]]]}},{"type":"Feature","properties":{"id":"7099","municipality":"2604106","density":"Pouco densa","type":"Área urbanizada","state":"PE"},"geometry":{"type":"Polygon","coordinates":[[[-36.0020897743236,-8.26113278724829],[-36.0020326673737,-8.26244624979455],[-36.0027560226723,-8.26332189089248],[-36.0016900238755,-8.26577749513526],[-36.0027560226723,-8.26577749513526],[-36.0037839495696,-8.26360742744078],[-36.0046786266173,-8.26377874829057],[-36.0054590906645,-8.26286503529309],[-36.0058969121127,-8.26301732019312],[-36.0064299106118,-8.26248432079473],[-36.0020897743236,-8.26113278724829]]]}},{"type":"Feature","properties":{"id":"7100","municipality":"2604106","density":"Pouco densa","type":"Área urbanizada","state":"PE"},"geometry":{"type":"Polygon","coordinates":[[[-35.9837410927772,-8.22403238038998],[-35.9815505133455,-8.2247817890483],[-35.9808011028886,-8.22581943312033],[-35.9810605141314,-8.22711648663649],[-35.9819828642177,-8.22668413486492],[-35.9829052143041,-8.22553119770657],[-35.9854128524212,-8.22544472789184],[-35.9857299102072,-8.22452237780544],[-35.9837410927772,-8.22403238038998]]]}},{"type":"Feature","properties":{"id":"7101","municipality":"2604106","density":"Pouco densa","type":"Área urbanizada","state":"PE"},"geometry":{"type":"Polygon","coordinates":[[[-36.0341037775672,-8.25276240665971],[-36.0321442924251,-8.25218419834204],[-36.030955751107,-8.25112414766124],[-36.0306987698323,-8.25179872643002],[-36.0288677744282,-8.25215207455853],[-36.0276792340094,-8.25391882509367],[-36.0277113559942,-8.25440066565812],[-36.0280647059214,-8.25449703431066],[-36.0282895652112,-8.25401519284687],[-36.0287714057757,-8.25485038423778],[-36.0299278242097,-8.25497887487512],[-36.029992069978,-8.25456128007898],[-36.0291247557029,-8.25449703431066],[-36.0289641421814,-8.25353335318166],[-36.0304739096431,-8.25247330340017],[-36.0319836780043,-8.25276240665971],[-36.0329794829167,-8.25424005303597],[-36.0339431649451,-8.25334061587666],[-36.035420810422,-8.25552496120792],[-36.0359026509865,-8.25485038423778],[-36.0341037775672,-8.25276240665971]]]}},{"type":"Feature","properties":{"id":"7102","municipality":"2604106","density":"Pouco densa","type":"Área urbanizada","state":"PE"},"geometry":{"type":"Polygon","coordinates":[[[-35.9731052480087,-8.22780824875163],[-35.9733358350807,-8.23080588608275],[-35.9746905360393,-8.23103647315468],[-35.974805830025,-8.23164176455573],[-35.973537598881,-8.23190117579856],[-35.9736817161382,-8.23262176208459],[-35.9746328885969,-8.2327658793418],[-35.9741140679099,-8.2344376380865],[-35.9744311247965,-8.23463940188686],[-35.9750364170969,-8.23316940694254],[-35.976362294784,-8.23357293544257],[-35.9766793525701,-8.23299646731306],[-35.9763334724118,-8.23285234915652],[-35.9761317077121,-8.23092118006839],[-35.9784952285719,-8.23071941626802],[-35.9785816992859,-8.23011412396761],[-35.977313468142,-8.2301429472392],[-35.977313468142,-8.22933589113843],[-35.9786105225575,-8.22919177388121],[-35.9782934647715,-8.22801001255197],[-35.9767081758416,-8.22806765999446],[-35.9765640585844,-8.22740472115089],[-35.9731052480087,-8.22780824875163]]]}},{"type":"Feature","properties":{"id":"7103","municipality":"2604106","density":"Pouco densa","type":"Área urbanizada","state":"PE"},"geometry":{"type":"Polygon","coordinates":[[[-36.0289074066514,-8.35555368895155],[-36.0307232826533,-8.35613015798038],[-36.030838576639,-8.35463133886516],[-36.0299162265526,-8.35460251559357],[-36.0297721101947,-8.35373781294966],[-36.0289362308224,-8.35353604914929],[-36.0289074066514,-8.35555368895155]]]}},{"type":"Feature","properties":{"id":"7104","municipality":"2604106","density":"Pouco densa","type":"Área urbanizada","state":"PE"},"geometry":{"type":"Polygon","coordinates":[[[-35.8970730009182,-8.23587968300093],[-35.8962163948707,-8.23557035308927],[-35.8952884051358,-8.23618901291258],[-35.8945031827756,-8.23616521864988],[-35.8938845229523,-8.2378546355829],[-35.8929565341167,-8.238259144344],[-35.8940510863885,-8.23821155491932],[-35.8950504589115,-8.23892539359201],[-35.8956691187348,-8.2385208848309],[-35.897501303942,-8.23866365310504],[-35.8972157691924,-8.23718838723427],[-35.8981199637653,-8.23692664584798],[-35.8982151417153,-8.23630798602471],[-35.8987148293259,-8.23621280807459],[-35.8986910350632,-8.23542758571449],[-35.8980485800778,-8.23533240686505],[-35.8970730009182,-8.23587968300093]]]}},{"type":"Feature","properties":{"id":"7105","municipality":"2604106","density":"Pouco densa","type":"Área urbanizada","state":"PE"},"geometry":{"type":"Polygon","coordinates":[[[-36.015129808194,-8.10801807557369],[-36.0146686331509,-8.10836395663126],[-36.0149856909368,-8.10868101531656],[-36.0147551029656,-8.10902689637413],[-36.0174356816113,-8.11081394910439],[-36.0178103868398,-8.11038159733278],[-36.015129808194,-8.10801807557369]]]}},{"type":"Feature","properties":{"id":"7106","municipality":"2604106","density":"Pouco densa","type":"Área urbanizada","state":"PE"},"geometry":{"type":"Polygon","coordinates":[[[-35.9964583626633,-8.26881810117437],[-35.9998435628301,-8.26663410118279],[-35.9991773135821,-8.26572038818535],[-35.9964332356053,-8.26742732660978],[-35.9964583626633,-8.26881810117437]]]}},{"type":"Feature","properties":{"id":"7107","municipality":"2604106","density":"Pouco densa","type":"Área urbanizada","state":"PE"},"geometry":{"type":"Polygon","coordinates":[[[-36.022047431144,-8.1060580832139],[-36.0199721438993,-8.10418455976958],[-36.0193668515989,-8.10476102879841],[-36.0187327369262,-8.10441514684153],[-36.0183868549693,-8.10467455808437],[-36.0183292093255,-8.10516455729844],[-36.0203180249568,-8.1058563194136],[-36.0214709621152,-8.10700925567256],[-36.022047431144,-8.1060580832139]]]}},{"type":"Feature","properties":{"id":"7108","municipality":"2606002","density":"Pouco densa","type":"Área urbanizada","state":"PE"},"geometry":{"type":"Polygon","coordinates":[[[-36.4223220709999,-9.02969979599993],[-36.422890743,-9.02781237699997],[-36.419440525,-9.02763391799994],[-36.4198866739999,-9.02849647199998],[-36.4208646509999,-9.02853980899994],[-36.4213405429999,-9.02972953899998],[-36.4223220709999,-9.02969979599993]]]}},{"type":"Feature","properties":{"id":"7109","municipality":"2606002","density":"Pouco densa","type":"Área urbanizada","state":"PE"},"geometry":{"type":"Polygon","coordinates":[[[-36.474254134,-8.93414450699994],[-36.473190737,-8.93276209099997],[-36.4727299309999,-8.93116699499997],[-36.471489301,-8.93173413999995],[-36.470993049,-8.93113154799995],[-36.4711702819999,-8.92974913199994],[-36.4708512629999,-8.92907564699995],[-36.4689017009999,-8.92811858999996],[-36.467661071,-8.92499929099994],[-36.465853296,-8.92390044799994],[-36.4677319639999,-8.92255347799994],[-36.468795362,-8.92078114899994],[-36.468653575,-8.92000132499993],[-36.464577219,-8.92379410799999],[-36.464754452,-8.92464482599997],[-36.4666685669999,-8.92687795999996],[-36.4668812469999,-8.92783501699994],[-36.4668457999999,-8.92875662799997],[-36.4661014219999,-8.92957189899994],[-36.4649316849999,-8.92996181199993],[-36.464967132,-8.93152146099994],[-36.4660659749999,-8.93166324699997],[-36.467590178,-8.93070618999996],[-36.469149827,-8.93077708299996],[-36.4696815259999,-8.93120244199998],[-36.4688308079999,-8.933648255],[-36.4690080409999,-8.93503067099994],[-36.472091893,-8.93573960299994],[-36.474254134,-8.93492433199998],[-36.474254134,-8.93414450699994]]]}},{"type":"Feature","properties":{"id":"7110","municipality":"2611101","density":"Pouco densa","type":"Área urbanizada","state":"PE"},"geometry":{"type":"Polygon","coordinates":[[[-40.2473947246867,-9.01663201325676],[-40.2470080620724,-9.01609663515155],[-40.2437065600097,-9.0170484191492],[-40.243944506234,-9.01779200109991],[-40.2427250318347,-9.01820840609306],[-40.2437363032877,-9.02085555693835],[-40.2471865217406,-9.01966582581718],[-40.2483167663057,-9.016542784322],[-40.2473947246867,-9.01663201325676]]]}},{"type":"Feature","properties":{"id":"7111","municipality":"2611101","density":"Pouco densa","type":"Área urbanizada","state":"PE"},"geometry":{"type":"Polygon","coordinates":[[[-40.5346348560137,-9.10244431924992],[-40.5328455019184,-9.10118796365357],[-40.5284482577808,-9.09976028720747],[-40.5271538311843,-9.10008389385656],[-40.5266969737863,-9.10069303615468],[-40.5274964728838,-9.10208264070128],[-40.5294952206279,-9.10162578510188],[-40.5341208925651,-9.10343417514702],[-40.5346348560137,-9.10244431924992]]]}},{"type":"Feature","properties":{"id":"7112","municipality":"2611101","density":"Pouco densa","type":"Área urbanizada","state":"PE"},"geometry":{"type":"Polygon","coordinates":[[[-40.4263522908255,-8.77452051600897],[-40.4260191666512,-8.77549609516859],[-40.4257574261642,-8.77540091721852],[-40.4256146578901,-8.77747104775063],[-40.4261143446013,-8.77761381602477],[-40.4270899237609,-8.77473466797052],[-40.4263522908255,-8.77452051600897]]]}},{"type":"Feature","properties":{"id":"7113","municipality":"2611101","density":"Pouco densa","type":"Área urbanizada","state":"PE"},"geometry":{"type":"Polygon","coordinates":[[[-40.4793835932782,-9.43307294056372],[-40.4805696443735,-9.43308471268927],[-40.4824732132681,-9.43698108031254],[-40.4839603762703,-9.43695133703456],[-40.4843878788974,-9.4375024011149],[-40.484637035171,-9.43687489735856],[-40.4871747313288,-9.43809555976225],[-40.4877208167623,-9.43526876034497],[-40.4891984622392,-9.43334139718771],[-40.4894628800079,-9.42844476401462],[-40.487291621611,-9.42811758795626],[-40.4867859858845,-9.43097294084851],[-40.4821162939318,-9.43127037362882],[-40.4811050233781,-9.43237087401658],[-40.4789840208958,-9.43252896044312],[-40.4793835932782,-9.43307294056372]]]}},{"type":"Feature","properties":{"id":"7114","municipality":"2611101","density":"Pouco densa","type":"Área urbanizada","state":"PE"},"geometry":{"type":"Polygon","coordinates":[[[-40.6206269652622,-8.74758243927812],[-40.6197049236433,-8.74755269600008],[-40.6200023564236,-8.7488613993341],[-40.6205674778068,-8.74883165605606],[-40.6209541413205,-8.75091368371949],[-40.6215787492598,-8.75106240100894],[-40.6219356676968,-8.75210341484069],[-40.6229469391499,-8.75210341484069],[-40.6218464378627,-8.7469875737175],[-40.6208351682084,-8.74686860060541],[-40.6206269652622,-8.74758243927812]]]}},{"type":"Feature","properties":{"id":"7115","municipality":"2611101","density":"Pouco densa","type":"Área urbanizada","state":"PE"},"geometry":{"type":"Polygon","coordinates":[[[-40.5223550793234,-9.42161759667471],[-40.5214556430635,-9.42531171126644],[-40.5229332876411,-9.4252153417146],[-40.5247000381762,-9.42415529283244],[-40.5255352286678,-9.42428378257047],[-40.5257856206098,-9.42253103537895],[-40.5228369198879,-9.42164971955885],[-40.5244913064286,-9.41659877621249],[-40.5228984829786,-9.41566897434365],[-40.5219957632938,-9.41772975282578],[-40.5212939917243,-9.42131884189099],[-40.5223550793234,-9.42161759667471]]]}},{"type":"Feature","properties":{"id":"7116","municipality":"2611101","density":"Pouco densa","type":"Área urbanizada","state":"PE"},"geometry":{"type":"Polygon","coordinates":[[[-40.0555597562777,-9.16474030701949],[-40.0557405946527,-9.16549380309647],[-40.0551076580919,-9.16576506110863],[-40.0554994756203,-9.16829680825106],[-40.0593875146221,-9.16573492122956],[-40.0595984937754,-9.16498142515257],[-40.0585134599282,-9.16380597166825],[-40.0555597562777,-9.16474030701949]]]}},{"type":"Feature","properties":{"id":"7117","municipality":"2611101","density":"Pouco densa","type":"Área urbanizada","state":"PE"},"geometry":{"type":"Polygon","coordinates":[[[-40.5608914148069,-9.2476504324215],[-40.5610996177531,-9.25098167686288],[-40.5644308639931,-9.25068424408255],[-40.5657693106052,-9.24881041936534],[-40.565620594215,-9.24705556596154],[-40.5608914148069,-9.2476504324215]]]}},{"type":"Feature","properties":{"id":"7118","municipality":"2611101","density":"Pouco densa","type":"Área urbanizada","state":"PE"},"geometry":{"type":"Polygon","coordinates":[[[-40.7188911008435,-8.95811255574978],[-40.7173682464474,-8.96144380198985],[-40.7202473936023,-8.96258594278697],[-40.7219130162726,-8.95908813490945],[-40.7188911008435,-8.95811255574978]]]}},{"type":"Feature","properties":{"id":"7119","municipality":"2611101","density":"Pouco densa","type":"Área urbanizada","state":"PE"},"geometry":{"type":"Polygon","coordinates":[[[-40.5544371270717,-9.24190998156035],[-40.5544073837937,-9.24122588706503],[-40.5531581670157,-9.24095819666339],[-40.5531879102938,-9.24188023918162],[-40.5556566005716,-9.24580634918364],[-40.558363237973,-9.24622275507602],[-40.5586309283746,-9.24452738912766],[-40.559642198029,-9.24476533535187],[-40.5600883471994,-9.24292125301339],[-40.5544371270717,-9.24190998156035]]]}},{"type":"Feature","properties":{"id":"7120","municipality":"2611101","density":"Pouco densa","type":"Área urbanizada","state":"PE"},"geometry":{"type":"Polygon","coordinates":[[[-40.4723162799723,-9.34861280663568],[-40.4724768943931,-9.34906252521535],[-40.4711277386541,-9.34983346993864],[-40.471352597944,-9.35028318761897],[-40.4700998117569,-9.35092564260431],[-40.470453161684,-9.35182507886423],[-40.4692646212652,-9.35127899343077],[-40.4665341896011,-9.35490886135482],[-40.4688149026856,-9.35616164664266],[-40.4697464618297,-9.35529433326684],[-40.4708065116111,-9.35535857903517],[-40.471545335249,-9.35394517932652],[-40.4721556673501,-9.35510159686119],[-40.4749503429839,-9.35391305644238],[-40.4740187847391,-9.35182507886426],[-40.4757212886066,-9.35095776638777],[-40.4766528477507,-9.35095776638777],[-40.4769098299247,-9.35063653844545],[-40.4763637426925,-9.34954436577982],[-40.4774880391416,-9.34906252521535],[-40.4762673749393,-9.34658907482589],[-40.4723162799723,-9.34861280663568]]]}},{"type":"Feature","properties":{"id":"7121","municipality":"2611101","density":"Pouco densa","type":"Área urbanizada","state":"PE"},"geometry":{"type":"Polygon","coordinates":[[[-40.5586904140313,-9.20339245719613],[-40.5592257930359,-9.19955557612889],[-40.5586904140313,-9.19946634629481],[-40.5578278589685,-9.20663447180341],[-40.5594934816388,-9.20612883697618],[-40.559642198029,-9.20363040342033],[-40.5613375639774,-9.20330322736203],[-40.5613375639774,-9.20285707819159],[-40.5586904140313,-9.20339245719613]]]}},{"type":"Feature","properties":{"id":"7122","municipality":"2611101","density":"Pouco densa","type":"Área urbanizada","state":"PE"},"geometry":{"type":"Polygon","coordinates":[[[-39.8895771832404,-9.57852360368133],[-39.888784384092,-9.57890495040313],[-39.8894979808471,-9.57988746243639],[-39.8922284331956,-9.58121759121885],[-39.8944058798274,-9.58033230309327],[-39.8927402571571,-9.57733418192691],[-39.8917408828355,-9.57709623570272],[-39.8913807241411,-9.5762368291663],[-39.8900752610644,-9.57681070095305],[-39.8894090118164,-9.57638239792927],[-39.8888058706943,-9.57663635208593],[-39.8895771832404,-9.57852360368133]]]}},{"type":"Feature","properties":{"id":"7123","municipality":"2611101","density":"Pouco densa","type":"Área urbanizada","state":"PE"},"geometry":{"type":"Polygon","coordinates":[[[-40.456833127147,-9.3848151163245],[-40.4575077050166,-9.38590728899016],[-40.4580859142335,-9.38555393906301],[-40.4578931769285,-9.38494360696183],[-40.4586962454354,-9.38420478422336],[-40.4580537913494,-9.38365869789057],[-40.456833127147,-9.3848151163245]]]}},{"type":"Feature","properties":{"id":"7124","municipality":"2611101","density":"Pouco densa","type":"Área urbanizada","state":"PE"},"geometry":{"type":"Polygon","coordinates":[[[-40.3009852058026,-9.33127742181551],[-40.3073255674209,-9.33116000812783],[-40.306104904118,-9.33013208123056],[-40.3032459818166,-9.32932901272371],[-40.3008046552107,-9.32939325759271],[-40.3000312031775,-9.32979103312966],[-40.3009852058026,-9.33127742181551]]]}},{"type":"Feature","properties":{"id":"7125","municipality":"2611101","density":"Pouco densa","type":"Área urbanizada","state":"PE"},"geometry":{"type":"Polygon","coordinates":[[[-40.5089450931415,-9.36157354188538],[-40.5122287499568,-9.36342952135528],[-40.5126927452739,-9.36235876424553],[-40.5131210482977,-9.36239445563955],[-40.5142073969537,-9.35813053419673],[-40.5084877519082,-9.35930690768761],[-40.5089450931415,-9.36157354188538]]]}},{"type":"Feature","properties":{"id":"7126","municipality":"2611101","density":"Pouco densa","type":"Área urbanizada","state":"PE"},"geometry":{"type":"Polygon","coordinates":[[[-40.5912325693276,-9.45677454071246],[-40.5895195550834,-9.45604559882525],[-40.5901391555975,-9.45473350414783],[-40.5894831082588,-9.45425969183129],[-40.5900662619484,-9.45356719676868],[-40.5887177186477,-9.4529840430791],[-40.5884625899765,-9.45374943179081],[-40.5869682593776,-9.45374943179081],[-40.5861299752181,-9.45531665693813],[-40.5901391555975,-9.45797729491619],[-40.5916699339203,-9.45848755495666],[-40.5919979580393,-9.45790440126706],[-40.5912325693276,-9.45677454071246]]]}},{"type":"Feature","properties":{"id":"7127","municipality":"2611101","density":"Pouco densa","type":"Área urbanizada","state":"PE"},"geometry":{"type":"Polygon","coordinates":[[[-40.6038523347174,-8.839304880216],[-40.6035287289676,-8.83905741556725],[-40.6028434437699,-8.83960945091536],[-40.6033383721681,-8.84016148626353],[-40.6046899057145,-8.84048509291268],[-40.6068980462078,-8.83884802371727],[-40.60626986796,-8.83793431071985],[-40.6038523347174,-8.839304880216]]]}},{"type":"Feature","properties":{"id":"7128","municipality":"2611101","density":"Pouco densa","type":"Área urbanizada","state":"PE"},"geometry":{"type":"Polygon","coordinates":[[[-40.5302558546239,-9.14580949970862],[-40.5302261122452,-9.14872434005623],[-40.5332004382496,-9.14878382661226],[-40.5332301806283,-9.14595821699807],[-40.5302558546239,-9.14580949970862]]]}},{"type":"Feature","properties":{"id":"7129","municipality":"2611101","density":"Pouco densa","type":"Área urbanizada","state":"PE"},"geometry":{"type":"Polygon","coordinates":[[[-40.3639667926333,-8.81867354844547],[-40.3653965851842,-8.82060376695023],[-40.3673982925971,-8.819459933629],[-40.3656110528078,-8.81777992810117],[-40.3639667926333,-8.81867354844547]]]}},{"type":"Feature","properties":{"id":"7130","municipality":"2611101","density":"Pouco densa","type":"Área urbanizada","state":"PE"},"geometry":{"type":"Polygon","coordinates":[[[-40.4698344263177,-9.47956699102378],[-40.4686780078837,-9.48088402207992],[-40.469448952607,-9.48207256339804],[-40.4684852723774,-9.48245803620939],[-40.4686137630147,-9.48403204943946],[-40.4693204619697,-9.48367869861301],[-40.4698344263177,-9.48448176711982],[-40.4707017396935,-9.48367869861301],[-40.4698986711867,-9.48239379044107],[-40.4703805117512,-9.48281138613653],[-40.4735285391108,-9.48091614496405],[-40.4724684893293,-9.4798560951826],[-40.4698344263177,-9.47956699102378]]]}},{"type":"Feature","properties":{"id":"7131","municipality":"2611101","density":"Pouco densa","type":"Área urbanizada","state":"PE"},"geometry":{"type":"Polygon","coordinates":[[[-40.5710041248404,-9.34009249197487],[-40.5691600416026,-9.33881353101959],[-40.568208257605,-9.33848635496128],[-40.5676431362217,-9.33925968019003],[-40.5654421354462,-9.33815917980225],[-40.5668103253362,-9.3353930558448],[-40.5660667433855,-9.33503613740777],[-40.5657098240491,-9.33569048862513],[-40.5621703757622,-9.33402486595476],[-40.5598801451525,-9.33786174702198],[-40.566899554271,-9.34178785792323],[-40.5688923529996,-9.34339399403757],[-40.5700820841208,-9.3424422091406],[-40.5696656782284,-9.34190683103539],[-40.5709743806631,-9.34071709991418],[-40.5710041248404,-9.34009249197487]]]}},{"type":"Feature","properties":{"id":"7132","municipality":"2611101","density":"Pouco densa","type":"Área urbanizada","state":"PE"},"geometry":{"type":"Polygon","coordinates":[[[-40.4208256088148,-9.59240796785338],[-40.419675705969,-9.59275293879705],[-40.419675705969,-9.59167969686046],[-40.4170692593388,-9.59118140499778],[-40.4153827346254,-9.59275293879706],[-40.4175292211966,-9.59689259012088],[-40.4187557840522,-9.59708424014555],[-40.4212089097633,-9.59267627878716],[-40.4208256088148,-9.59240796785338]]]}},{"type":"Feature","properties":{"id":"7133","municipality":"2611101","density":"Pouco densa","type":"Área urbanizada","state":"PE"},"geometry":{"type":"Polygon","coordinates":[[[-40.7189148951063,-8.96482263585592],[-40.7185579757699,-8.96544129567924],[-40.718676948882,-8.96665482106313],[-40.721222972762,-8.96594098328974],[-40.7217464537358,-8.96517955609159],[-40.7215323026736,-8.96420397693196],[-40.7189148951063,-8.96482263585592]]]}},{"type":"Feature","properties":{"id":"7134","municipality":"2611101","density":"Pouco densa","type":"Área urbanizada","state":"PE"},"geometry":{"type":"Polygon","coordinates":[[[-40.4812002013282,-9.46745404396892],[-40.4813786609964,-9.46641303013719],[-40.4756679552119,-9.4637063927358],[-40.4756382110346,-9.46501509606981],[-40.4745674539248,-9.46510432590391],[-40.4744484808127,-9.46560996163038],[-40.475073088752,-9.4661453397356],[-40.4746864270369,-9.46688892168635],[-40.4762033333171,-9.46656174562798],[-40.4759951303709,-9.46894120697106],[-40.4784638206487,-9.46775147674919],[-40.4758464139808,-9.4736703863792],[-40.4763520497073,-9.47393807498213],[-40.4762033333171,-9.4746816569329],[-40.4773633211603,-9.47488985987907],[-40.4803673904427,-9.46891146369309],[-40.481943783279,-9.46897095024914],[-40.4825089046621,-9.46790019313939],[-40.4812002013282,-9.46745404396892]]]}},{"type":"Feature","properties":{"id":"7135","municipality":"2611101","density":"Pouco densa","type":"Área urbanizada","state":"PE"},"geometry":{"type":"Polygon","coordinates":[[[-40.3166090350789,-9.39636913742573],[-40.3154204937607,-9.40298641828856],[-40.3113087852721,-9.40263306836135],[-40.3113087852722,-9.40353250372204],[-40.3133003941978,-9.40452830773518],[-40.3134931297041,-9.40542774489445],[-40.3170908747441,-9.40568472616912],[-40.318247293178,-9.40494590432996],[-40.3163199300207,-9.40443193998199],[-40.3158380885569,-9.4033076453315],[-40.317347856918,-9.39659399581621],[-40.3166090350789,-9.39636913742573]]]}},{"type":"Feature","properties":{"id":"7136","municipality":"2611606","density":"Pouco densa","type":"Área urbanizada","state":"PE"},"geometry":{"type":"Polygon","coordinates":[[[-34.9387313375811,-8.21173646176824],[-34.9383769102661,-8.21067317982336],[-34.9399830472798,-8.21025677393095],[-34.939209722051,-8.20847217814845],[-34.9382579371541,-8.20799628570001],[-34.9361164220352,-8.20865063781663],[-34.9374681588284,-8.21225526806614],[-34.9387313375811,-8.21173646176824]]]}},{"type":"Feature","properties":{"id":"7137","municipality":"2611606","density":"Pouco densa","type":"Área urbanizada","state":"PE"},"geometry":{"type":"Polygon","coordinates":[[[-34.84584911176553,-7.785323944178382],[-34.8462393197887,-7.7859616642993],[-34.84582369601165,-7.786378288033055],[-34.8473100777978,-7.78679447518484],[-34.8464177803563,-7.78935239619607],[-34.845742892433236,-7.789730333253415],[-34.8456707840612,-7.792721667654959],[-34.845618155182216,-7.79490491727987],[-34.8467746987933,-7.79482515575631],[-34.8480834030266,-7.79351645242231],[-34.8490788715926,-7.79152420138075],[-34.8493406129788,-7.78945406994934],[-34.8476669971342,-7.78614012306815],[-34.8481428886833,-7.78477193317815],[-34.8475480240221,-7.78352271640019],[-34.84588393585811,-7.783879306015068],[-34.8462988072441,-7.78471244662205],[-34.84584911176553,-7.785323944178382]]]}},{"type":"Feature","properties":{"id":"7140","municipality":"2611606","density":"Pouco densa","type":"Área urbanizada","state":"PE"},"geometry":{"type":"Polygon","coordinates":[[[-34.9743070958957,-7.96562667762901],[-34.9726414732253,-7.96580513819652],[-34.9722250682323,-7.96854151797665],[-34.9733553118981,-7.96949330197425],[-34.9734742850102,-7.96877946420087],[-34.9750209336691,-7.96830357175242],[-34.9750209336691,-7.96776819274785],[-34.97591323201,-7.9680061389721],[-34.9755563126736,-7.96681640875022],[-34.9746640152321,-7.96705435497443],[-34.9740096640147,-7.96657846162668],[-34.9749614480124,-7.96562667762901],[-34.9748424749002,-7.96509129862449],[-34.9743070958957,-7.96526975919199],[-34.9743070958957,-7.96562667762901]]]}},{"type":"Feature","properties":{"id":"7141","municipality":"2611606","density":"Pouco densa","type":"Área urbanizada","state":"PE"},"geometry":{"type":"Polygon","coordinates":[[[-34.8622685814299,-7.98718766827626],[-34.864773176241,-7.98974952472076],[-34.8651527234194,-7.98869211444947],[-34.8665803998655,-7.98827570855707],[-34.866104507417,-7.98893005977442],[-34.8663424527419,-7.9892869800101],[-34.8671157779707,-7.98922749255467],[-34.867413210751,-7.98988184467135],[-34.8685434553162,-7.99029824966443],[-34.8691978074328,-7.98970338500318],[-34.8691978074328,-7.98910852034192],[-34.8672942376389,-7.98857314133738],[-34.867056292314,-7.98815673634426],[-34.8687814006411,-7.98821622200098],[-34.868721914085,-7.98661008588669],[-34.8708634292038,-7.98613419433754],[-34.870684970435,-7.98351678677024],[-34.869673698982,-7.98345730021418],[-34.8695547258699,-7.9858962481133],[-34.8675916704192,-7.98607470688218],[-34.8672347510828,-7.98756186988437],[-34.8656881024239,-7.98797827577677],[-34.8653311821882,-7.98762135733973],[-34.8640819654103,-7.98768084299645],[-34.8636060729618,-7.98696700522306],[-34.862979011672,-7.98689631131566],[-34.8622685814299,-7.98718766827626]]]}},{"type":"Feature","properties":{"id":"7142","municipality":"2611606","density":"Pouco densa","type":"Área urbanizada","state":"PE"},"geometry":{"type":"Polygon","coordinates":[[[-34.8485178789968,-7.93404512867973],[-34.8480657808111,-7.93456861055289],[-34.8472567650876,-7.93437825375339],[-34.8440444919597,-7.93706704500806],[-34.8438303408974,-7.93751914229454],[-34.8444490007208,-7.93875646194112],[-34.8452580173436,-7.93894681874065],[-34.8459004723289,-7.93823298096727],[-34.8451152499688,-7.9371860181202],[-34.8455435529925,-7.93666253624702],[-34.8482085490853,-7.93678150935917],[-34.8489937714453,-7.9350682972641],[-34.8502786796173,-7.93368821024269],[-34.8516349732753,-7.93368821024269],[-34.8519102026937,-7.93328033891647],[-34.8500004275777,-7.93225175191681],[-34.8487791923058,-7.93093457157318],[-34.847946807699,-7.93299816583265],[-34.8485178789968,-7.93404512867973]]]}},{"type":"Feature","properties":{"id":"7143","municipality":"2611606","density":"Pouco densa","type":"Área urbanizada","state":"PE"},"geometry":{"type":"Polygon","coordinates":[[[-35.0332936360924,-8.26100241432993],[-35.0328653330686,-8.26193040316554],[-35.0323656463575,-8.26157348382918],[-35.0327225647945,-8.2608596460558],[-35.031544731704,-8.26135933276697],[-35.0310450449928,-8.26207317143968],[-35.0314019652285,-8.26275131781904],[-35.0318302682522,-8.26307254486199],[-35.0325084137323,-8.26232301479524],[-35.033543479448,-8.26253716585746],[-35.0341502421399,-8.26139502506033],[-35.0339360910777,-8.2608596460558],[-35.0332936360924,-8.26100241432993]]]}},{"type":"Feature","properties":{"id":"7145","municipality":"2611606","density":"Pouco densa","type":"Área urbanizada","state":"PE"},"geometry":{"type":"Polygon","coordinates":[[[-35.0540113261617,-8.28751602814215],[-35.0533442981009,-8.28787582081242],[-35.0537012174372,-8.28960093003882],[-35.0528089190963,-8.29120706615311],[-35.0520355938675,-8.29085014681677],[-35.0520355938675,-8.29043374182369],[-35.0515002157623,-8.29061220059255],[-35.0519761082108,-8.2917424451577],[-35.0529278922084,-8.2917424451577],[-35.0533442981009,-8.29233730981896],[-35.0537012174372,-8.29221833670681],[-35.0534037846569,-8.29150449893342],[-35.0539986502175,-8.29013630904336],[-35.054831461103,-8.28989836281915],[-35.0542365964417,-8.28948195692676],[-35.0542868910272,-8.28795369041046],[-35.0540113261617,-8.28751602814215]]]}},{"type":"Feature","properties":{"id":"7146","municipality":"2611606","density":"Pouco densa","type":"Área urbanizada","state":"PE"},"geometry":{"type":"Polygon","coordinates":[[[-34.8491026667546,-7.79637830201698],[-34.8475322220344,-7.79666383676659],[-34.8491502561793,-7.79737767543936],[-34.8506969048382,-7.79725870232723],[-34.8512441809741,-7.79671142619134],[-34.8491026667546,-7.79637830201698]]]}},{"type":"Feature","properties":{"id":"7147","municipality":"2611606","density":"Pouco densa","type":"Área urbanizada","state":"PE"},"geometry":{"type":"Polygon","coordinates":[[[-34.9201777589963,-7.9640052062752],[-34.9216649219985,-7.9626965029412],[-34.9217244076552,-7.96168523238754],[-34.9212485161061,-7.96103088027087],[-34.919880326216,-7.96126882559577],[-34.9201777589963,-7.9640052062752]]]}},{"type":"Feature","properties":{"id":"7148","municipality":"2611606","density":"Pouco densa","type":"Área urbanizada","state":"PE"},"geometry":{"type":"Polygon","coordinates":[[[-34.931608030686,-8.18932027790846],[-34.9314890575739,-8.19110487369092],[-34.9367112875958,-8.19086416744733],[-34.9362353960466,-8.18943649010192],[-34.9381984505979,-8.18943649010192],[-34.9378415321609,-8.18818727332395],[-34.9384958842776,-8.18812778676791],[-34.9384958842776,-8.1876518943194],[-34.9371276925889,-8.18759240776337],[-34.9364733422708,-8.18824675988003],[-34.9342128540399,-8.18824675988003],[-34.9342128540399,-8.18902008510878],[-34.9327382752512,-8.18902284512815],[-34.931608030686,-8.18932027790846]]]}},{"type":"Feature","properties":{"id":"7151","municipality":"2611606","density":"Pouco densa","type":"Área urbanizada","state":"PE"},"geometry":{"type":"Polygon","coordinates":[[[-35.0049573788799,-7.93751065719102],[-35.0062660822139,-7.93721322531008],[-35.0066824881063,-7.93757014374711],[-35.006087623445,-7.93822449496441],[-35.0068609477745,-7.93959268575379],[-35.0101304465628,-7.93918058941261],[-35.009371994322,-7.93739599273084],[-35.00769375866,-7.9377486034153],[-35.0069799208866,-7.93673733196228],[-35.0048384057678,-7.93673733196228],[-35.0049573788799,-7.93751065719102]]]}},{"type":"Feature","properties":{"id":"7152","municipality":"2611606","density":"Pouco densa","type":"Área urbanizada","state":"PE"},"geometry":{"type":"Polygon","coordinates":[[[-35.0449012711767,-8.00973876303346],[-35.0454961358379,-8.0112854125917],[-35.0454961358379,-8.01301052181812],[-35.0459125417304,-8.01312949493019],[-35.0462694610667,-8.01199925126441],[-35.0459125417304,-8.01116644037887],[-35.0466263804031,-8.01116644037887],[-35.0465668938471,-8.00979824958949],[-35.0454961358379,-8.00926287058498],[-35.04424691906,-8.00771622102673],[-35.0437305706093,-8.00781457268432],[-35.0449012711767,-8.00973876303346]]]}},{"type":"Feature","properties":{"id":"7153","municipality":"2611606","density":"Pouco densa","type":"Área urbanizada","state":"PE"},"geometry":{"type":"Polygon","coordinates":[[[-35.1140968909587,-7.90623873582895],[-35.1123836788636,-7.90441844775314],[-35.1117412247776,-7.90448983233985],[-35.112776289594,-7.90755933629429],[-35.1161670223901,-7.90695257360234],[-35.1154531837174,-7.90645288689116],[-35.1140968909587,-7.90623873582895]]]}},{"type":"Feature","properties":{"id":"7154","municipality":"2611606","density":"Pouco densa","type":"Área urbanizada","state":"PE"},"geometry":{"type":"Polygon","coordinates":[[[-34.985744305855,-8.02771132921443],[-34.9827104932946,-8.02747338299021],[-34.9811043571803,-8.02854414099927],[-34.9822346008461,-8.03461176612007],[-34.9873504419693,-8.03318408967398],[-34.9899678486373,-8.03306511656183],[-34.9906173992735,-8.03201330726826],[-34.9904437410857,-8.02973387122115],[-34.9883022259669,-8.02735440987807],[-34.9875289007381,-8.02753287044555],[-34.9877668469623,-8.02681903177285],[-34.9861012251914,-8.02664057210468],[-34.985744305855,-8.02771132921443]]]}},{"type":"Feature","properties":{"id":"7155","municipality":"2611606","density":"Pouco densa","type":"Área urbanizada","state":"PE"},"geometry":{"type":"Polygon","coordinates":[[[-34.9528062653968,-8.28337683097589],[-34.9534011300581,-8.28539937298264],[-34.9555426451769,-8.28504245364629],[-34.9553641846094,-8.2835552906441],[-34.9539959947193,-8.28248453263502],[-34.9509861733732,-8.28222554317422],[-34.9510245231631,-8.28276243843573],[-34.9528062653968,-8.28337683097589]]]}},{"type":"Feature","properties":{"id":"7157","municipality":"2611606","density":"Pouco densa","type":"Área urbanizada","state":"PE"},"geometry":{"type":"Polygon","coordinates":[[[-34.891918000815,-7.89838327826561],[-34.8910257033735,-7.89856173703448],[-34.8920369739271,-7.9010006849336],[-34.8930482453802,-7.90106017059038],[-34.891918000815,-7.89838327826561]]]}},{"type":"Feature","properties":{"id":"7158","municipality":"2611606","density":"Pouco densa","type":"Área urbanizada","state":"PE"},"geometry":{"type":"Polygon","coordinates":[[[-35.0320237483973,-7.93066970684146],[-35.0327375861706,-7.92983689505662],[-35.0329755323949,-7.9300748421802],[-35.0336893701683,-7.92953946317563],[-35.0320237483973,-7.92805230017349],[-35.0314883693927,-7.92840921861053],[-35.0316668290609,-7.92894459761506],[-35.03077453072,-7.92947997572027],[-35.0320237483973,-7.93066970684146]]]}},{"type":"Feature","properties":{"id":"7159","municipality":"2611606","density":"Pouco densa","type":"Área urbanizada","state":"PE"},"geometry":{"type":"Polygon","coordinates":[[[-34.978981204419,-8.14647591373239],[-34.9792834215926,-8.1459813747406],[-34.9803541796016,-8.14633829407693],[-34.9809490451623,-8.14520805131049],[-34.9811275048304,-8.14276910341134],[-34.9802352073889,-8.142412184075],[-34.9794023947047,-8.14294756307955],[-34.9793429090479,-8.14550548319147],[-34.9781531779268,-8.1457434294157],[-34.978981204419,-8.14647591373239]]]}},{"type":"Feature","properties":{"id":"7160","municipality":"2611606","density":"Pouco densa","type":"Área urbanizada","state":"PE"},"geometry":{"type":"Polygon","coordinates":[[[-35.0208273678887,-8.29217047119027],[-35.0199723572384,-8.2931701216038],[-35.0190800597968,-8.29328909471589],[-35.0184257076802,-8.29400293338865],[-35.0177118690075,-8.29709623160574],[-35.0186636539045,-8.29709623160575],[-35.0193180060211,-8.29792904428991],[-35.0178308421196,-8.29781007117782],[-35.0175928958954,-8.29816698961485],[-35.0169980312341,-8.29786955683455],[-35.016879058122,-8.29858339640658],[-35.0181282748999,-8.29899980139964],[-35.0180093017878,-8.29959466606096],[-35.0185446807923,-8.29965415261701],[-35.0187231395612,-8.29882134173148],[-35.0198533841264,-8.29894031484361],[-35.0200318437945,-8.29834544928304],[-35.0207456815679,-8.29852390895123],[-35.0220543858012,-8.2994162072921],[-35.023125142911,-8.29953518040417],[-35.0227682235746,-8.3008438828389],[-35.0233630891352,-8.30114131561919],[-35.0242553865768,-8.30013004506548],[-35.0253676617881,-8.29743584528796],[-35.02556750014,-8.29437365462041],[-35.0238221939391,-8.29383344086058],[-35.0235415488034,-8.29483574427412],[-35.0207456815679,-8.29441933928104],[-35.0213416164224,-8.29258772424401],[-35.0208273678887,-8.29217047119027]]]}},{"type":"Feature","properties":{"id":"7161","municipality":"2611606","density":"Pouco densa","type":"Área urbanizada","state":"PE"},"geometry":{"type":"Polygon","coordinates":[[[-34.9705629915887,-8.34193536672378],[-34.9706224790442,-8.34098358182679],[-34.9692542891541,-8.34062666338974],[-34.9685999370374,-8.34163793394346],[-34.969135316042,-8.34264920539649],[-34.9705629915887,-8.34193536672378]]]}},{"type":"Feature","properties":{"id":"7162","municipality":"2611606","density":"Pouco densa","type":"Área urbanizada","state":"PE"},"geometry":{"type":"Polygon","coordinates":[[[-35.0217673671703,-7.98018068509049],[-35.0220172096265,-7.97985945714817],[-35.0216602911894,-7.97960961379261],[-35.0178769476629,-7.97800347767834],[-35.0176271043074,-7.97886008372586],[-35.0190190893595,-7.98085883057053],[-35.0205181503923,-7.98125144220024],[-35.0204824580989,-7.98235789070406],[-35.0208393774353,-7.98250065897822],[-35.021803057665,-7.98150128555586],[-35.0244799517883,-7.98232220020937],[-35.024872563418,-7.98128713359433],[-35.0230522753422,-7.98018068509049],[-35.0217673671703,-7.98018068509049]]]}},{"type":"Feature","properties":{"id":"7163","municipality":"2611606","density":"Pouco densa","type":"Área urbanizada","state":"PE"},"geometry":{"type":"Polygon","coordinates":[[[-35.0990099677357,-8.1079823257237],[-35.0986213221163,-8.10628894278045],[-35.1001759036949,-8.10576149579636],[-35.0994541339011,-8.10454003929137],[-35.0985380412975,-8.10512300682126],[-35.0976497089668,-8.10473436210105],[-35.097038981164,-8.1050119657296],[-35.0973165847925,-8.10667758929924],[-35.0987067819924,-8.10880806613932],[-35.0990099677357,-8.1079823257237]]]}},{"type":"Feature","properties":{"id":"7164","municipality":"2611606","density":"Pouco densa","type":"Área urbanizada","state":"PE"},"geometry":{"type":"Polygon","coordinates":[[[-34.898685115026,-7.87050976541333],[-34.8972717881625,-7.87066255663167],[-34.8957846251603,-7.8701866650825],[-34.8945948949384,-7.87084101629983],[-34.8947138680505,-7.87149536841645],[-34.8950112999315,-7.87131690874827],[-34.8966115895532,-7.87233271188513],[-34.8974502478307,-7.87232817930197],[-34.8977476797116,-7.87101947596803],[-34.8992250149225,-7.87091395221706],[-34.898685115026,-7.87050976541333]]]}},{"type":"Feature","properties":{"id":"7165","municipality":"2611606","density":"Pouco densa","type":"Área urbanizada","state":"PE"},"geometry":{"type":"Polygon","coordinates":[[[-35.0348196138341,-7.93364403284579],[-35.0343437222849,-7.93388197907001],[-35.0349385878455,-7.93447684373134],[-35.0351170466143,-7.93560708829644],[-35.0361283180674,-7.93548811518436],[-35.0358903718432,-7.93394146562611],[-35.0347006407219,-7.93251378918001],[-35.0351765340698,-7.93197841017541],[-35.0346411550652,-7.93168097829448],[-35.0339273172918,-7.93239481606787],[-35.0348196138341,-7.93364403284579]]]}},{"type":"Feature","properties":{"id":"7166","municipality":"2611606","density":"Pouco densa","type":"Área urbanizada","state":"PE"},"geometry":{"type":"Polygon","coordinates":[[[-35.0719090480641,-7.90027818578962],[-35.0698032252386,-7.89945727203542],[-35.0692321539407,-7.90063510512595],[-35.0714093613529,-7.90159878715429],[-35.0727299618183,-7.900992023563],[-35.0736936429472,-7.90102771585636],[-35.0743717902259,-7.90188432190389],[-35.0750499357059,-7.9017058622357],[-35.0751213202927,-7.90106340814969],[-35.0745145576007,-7.90006403382809],[-35.0719090480641,-7.90027818578962]]]}},{"type":"Feature","properties":{"id":"7167","municipality":"2611606","density":"Pouco densa","type":"Área urbanizada","state":"PE"},"geometry":{"type":"Polygon","coordinates":[[[-34.8417296541002,-7.92552105305414],[-34.8424141317068,-7.92534993365247],[-34.8422430123051,-7.92466545604589],[-34.8425852511084,-7.92449433574496],[-34.8429274899117,-7.92523585375159],[-34.8444675654258,-7.92455137614503],[-34.8441253257232,-7.92398097843937],[-34.8448668437298,-7.92346762023443],[-34.8441582750843,-7.92252887730581],[-34.8433780520554,-7.92335188018508],[-34.8425224541479,-7.92243924277677],[-34.8410688205695,-7.92311783971651],[-34.8417296541002,-7.92552105305414]]]}},{"type":"Feature","properties":{"id":"7168","municipality":"2611606","density":"Pouco densa","type":"Área urbanizada","state":"PE"},"geometry":{"type":"Polygon","coordinates":[[[-35.0240525525832,-7.94322136387479],[-35.027205339155,-7.94435160843996],[-35.0289899349375,-7.9430429042066],[-35.0249448509241,-7.94149625374905],[-35.0240525525832,-7.94322136387479]]]}},{"type":"Feature","properties":{"id":"7170","municipality":"2611606","density":"Pouco densa","type":"Área urbanizada","state":"PE"},"geometry":{"type":"Polygon","coordinates":[[[-35.1170553969889,-7.94275570930848],[-35.1188624218632,-7.94359502229241],[-35.1215763725515,-7.94257724964031],[-35.1186020474464,-7.94043573542082],[-35.1183046137669,-7.93978138330415],[-35.1211163684256,-7.93743546037815],[-35.1207027108614,-7.9365770619818],[-35.1177680431606,-7.93885076934749],[-35.1179227364451,-7.94015131403188],[-35.1162225861034,-7.94043573542083],[-35.1161036129913,-7.94073316730181],[-35.1173528297692,-7.94132803286237],[-35.1170553969889,-7.94275570930848]]]}},{"type":"Feature","properties":{"id":"7171","municipality":"2611606","density":"Pouco densa","type":"Área urbanizada","state":"PE"},"geometry":{"type":"Polygon","coordinates":[[[-34.866104507417,-7.92450615373593],[-34.8653311821882,-7.92557691084573],[-34.8652716956322,-7.92777791341991],[-34.8644983713028,-7.92944353519096],[-34.8679020687255,-7.92857910414227],[-34.8679485897555,-7.9233164226148],[-34.867413210751,-7.92224566640432],[-34.8653311821882,-7.9214128537202],[-34.8652716956322,-7.92188874706797],[-34.8664614258541,-7.92266207139746],[-34.8659855343049,-7.92295950417776],[-34.866104507417,-7.92450615373593]]]}},{"type":"Feature","properties":{"id":"7172","municipality":"2611606","density":"Pouco densa","type":"Área urbanizada","state":"PE"},"geometry":{"type":"Polygon","coordinates":[[[-35.0466771075624,-8.60385754099271],[-35.0470340268988,-8.6037980544366],[-35.047271973123,-8.60034783598378],[-35.0481642705646,-8.59624326541433],[-35.0479263252397,-8.59523199396132],[-35.0468555681299,-8.59428020996371],[-35.0463796756815,-8.59219818230026],[-35.0466176219057,-8.59112742429115],[-35.0453684051278,-8.59130588395931],[-35.0442381605626,-8.58993769406933],[-35.0440597008944,-8.58892642261629],[-35.0423940782241,-8.5879151520626],[-35.0412043480022,-8.58559517727554],[-35.039953443962986,-8.586474007443485],[-35.04024720141219,-8.587290673341796],[-35.0451304580042,-8.5920197217327],[-35.045963269789,-8.5939827771834],[-35.04626070167,-8.59392329062729],[-35.04626070167,-8.59535096797276],[-35.0467365950178,-8.59535096797276],[-35.0470935143542,-8.59618377885824],[-35.0464391622375,-8.5963622376271],[-35.0466771075624,-8.5990391317505],[-35.04626070167,-8.59993143009137],[-35.0467365950178,-8.59993143009137],[-35.045903783233,-8.60135910743679],[-35.045906524863774,-8.603023981494132],[-35.045906524863774,-8.603023981494134],[-35.0465581353496,-8.602846270439],[-35.0466771075624,-8.60385754099271]]]}},{"type":"Feature","properties":{"id":"7173","municipality":"2611606","density":"Pouco densa","type":"Área urbanizada","state":"PE"},"geometry":{"type":"Polygon","coordinates":[[[-34.9543119643257,-8.21357091866293],[-34.9547749739858,-8.21332012202597],[-34.9549534327547,-8.21361755390696],[-34.9522170529745,-8.21647290769847],[-34.9527524319791,-8.21682982703487],[-34.9521575673178,-8.2170677732591],[-34.9523360260867,-8.21772212537577],[-34.9516221883133,-8.21861442281732],[-34.9536945698485,-8.21974305939461],[-34.9543585680934,-8.21926877403468],[-34.954453362033,-8.21981857816479],[-34.9552722154403,-8.22014748002216],[-34.9552865146609,-8.21886570868549],[-34.9562145052951,-8.21679557815338],[-34.9572852624049,-8.21672419356663],[-34.9595914919537,-8.21459915762501],[-34.9594744092166,-8.21349858079481],[-34.9578087874455,-8.21308217580174],[-34.9567141920063,-8.21137040711852],[-34.9559595888639,-8.21108881679544],[-34.9547868279497,-8.2125839316031],[-34.9543119643257,-8.21357091866293]]]}},{"type":"Feature","properties":{"id":"7174","municipality":"2611606","density":"Pouco densa","type":"Área urbanizada","state":"PE"},"geometry":{"type":"Polygon","coordinates":[[[-34.9949313041363,-8.11901556921311],[-34.9936870947836,-8.11979319859717],[-34.9939203843182,-8.12111517142795],[-34.9948535406583,-8.12088188189331],[-34.9957866969984,-8.12119293400668],[-34.9988972190314,-8.11870451620041],[-34.998586166918,-8.11784912333833],[-34.9999859014281,-8.11629386187218],[-34.9974974836219,-8.11551623158874],[-34.9960977491118,-8.11644938792889],[-34.994357053735,-8.11504500122578],[-34.995009066715,-8.11816017455237],[-34.9946339738787,-8.11853526738861],[-34.9949313041363,-8.11901556921311]]]}},{"type":"Feature","properties":{"id":"7175","municipality":"2611606","density":"Pouco densa","type":"Área urbanizada","state":"PE"},"geometry":{"type":"Polygon","coordinates":[[[-35.0236590380341,-7.95708801589915],[-35.023159351323,-7.95951506576762],[-35.0239802650771,-7.9600861361662],[-35.0284774472763,-7.96101412590117],[-35.0283703712956,-7.95858707603272],[-35.0236590380341,-7.95708801589915]]]}},{"type":"Feature","properties":{"id":"7176","municipality":"2611606","density":"Pouco densa","type":"Área urbanizada","state":"PE"},"geometry":{"type":"Polygon","coordinates":[[[-35.0263969016956,-8.26800732188037],[-35.0255640908101,-8.26907807899011],[-35.0269322807001,-8.26991088987563],[-35.0278840646978,-8.26895910587798],[-35.0263969016956,-8.26800732188037]]]}},{"type":"Feature","properties":{"id":"7177","municipality":"2611606","density":"Pouco densa","type":"Área urbanizada","state":"PE"},"geometry":{"type":"Polygon","coordinates":[[[-34.9501293712734,-8.28093025682585],[-34.9501293712734,-8.27974815285496],[-34.952032940168,-8.2795696940861],[-34.9521519132801,-8.27909380163761],[-34.9501888578295,-8.2792127747497],[-34.950069883818,-8.27867739574515],[-34.9508432090468,-8.27772561084822],[-34.950664750278,-8.27683331430598],[-34.9489991267083,-8.27689279996269],[-34.9487611813834,-8.27189593195165],[-34.9479878561546,-8.27189593195165],[-34.9479878561546,-8.27106312106617],[-34.9466196662645,-8.27082517484189],[-34.9466196662645,-8.27011133616918],[-34.9455489091548,-8.27028979583736],[-34.9462032603721,-8.27421590583937],[-34.9474524771501,-8.27421590583937],[-34.9476904233743,-8.2776661251915],[-34.9486422082712,-8.27796355797176],[-34.9492965603879,-8.2792127747497],[-34.9493292678314,-8.28084819458848],[-34.9501293712734,-8.28093025682585]]]}},{"type":"Feature","properties":{"id":"7178","municipality":"2611606","density":"Pouco densa","type":"Área urbanizada","state":"PE"},"geometry":{"type":"Polygon","coordinates":[[[-34.9352311617886,-7.75074564109844],[-34.9347552702395,-7.75098358732267],[-34.9346362971274,-7.75360099399064],[-34.9357665407932,-7.75532610321703],[-34.9358855139053,-7.75128102010297],[-34.9352311617886,-7.75074564109844]]]}},{"type":"Feature","properties":{"id":"7179","municipality":"2611606","density":"Pouco densa","type":"Área urbanizada","state":"PE"},"geometry":{"type":"Polygon","coordinates":[[[-34.9562026504319,-8.16596884768411],[-34.9568570016493,-8.16751549724234],[-34.9580467327705,-8.16799138969083],[-34.9579872462144,-8.16584987457201],[-34.9562026504319,-8.16596884768411]]]}},{"type":"Feature","properties":{"id":"7180","municipality":"2611606","density":"Pouco densa","type":"Área urbanizada","state":"PE"},"geometry":{"type":"Polygon","coordinates":[[[-35.0065635149942,-7.95999656369043],[-35.0043625142186,-7.95999656369043],[-35.0048978923238,-7.96136475358049],[-35.0058496772208,-7.96154321324867],[-35.0054927578844,-7.96261397125772],[-35.006385055326,-7.96427959302874],[-35.0073368402229,-7.96410113425987],[-35.0088834888819,-7.96469599892117],[-35.0088240032251,-7.9657072703742],[-35.0079911923396,-7.9656477838181],[-35.0072178671108,-7.9664211081476],[-35.0076342721039,-7.96719443337635],[-35.0082886242206,-7.96719443337634],[-35.0083481107766,-7.96868159637853],[-35.0095378409985,-7.96844365015427],[-35.0101327065591,-7.96951440816339],[-35.0097757872227,-7.97004978626859],[-35.0101921931152,-7.97022824593678],[-35.0108706101905,-7.96884004613117],[-35.0125712389715,-7.96857169113059],[-35.0131185151073,-7.96904758267977],[-35.0136657912432,-7.96888102104225],[-35.0144510127041,-7.96533562373997],[-35.0145941955656,-7.96136475358049],[-35.0134044653437,-7.96011553680257],[-35.0137018981241,-7.95958015779798],[-35.0139993309044,-7.96011553680257],[-35.0147131686778,-7.96023450991463],[-35.0150106023574,-7.95892580568137],[-35.0143562502407,-7.9588663200246],[-35.0141777896732,-7.95833094102005],[-35.0129566416356,-7.95852789974271],[-35.0111439771128,-7.96005605024646],[-35.0109060308886,-7.95946118468589],[-35.0113819242364,-7.95892580568137],[-35.0094439373877,-7.9572080457147],[-35.0075747864472,-7.95874734691251],[-35.0077532461154,-7.95922323936095],[-35.0065635149942,-7.95999656369043]]]}},{"type":"Feature","properties":{"id":"7182","municipality":"2611606","density":"Pouco densa","type":"Área urbanizada","state":"PE"},"geometry":{"type":"Polygon","coordinates":[[[-35.0490017822064,-8.28864914604124],[-35.0492397284307,-8.28954144438211],[-35.0500725393162,-8.28971990315098],[-35.0500130527601,-8.28894657792217],[-35.0508458636456,-8.28894657792217],[-35.0508458636456,-8.28841119981696],[-35.0497156199798,-8.28781633425639],[-35.0490017822064,-8.28864914604124]]]}},{"type":"Feature","properties":{"id":"7183","municipality":"2611606","density":"Pouco densa","type":"Área urbanizada","state":"PE"},"geometry":{"type":"Polygon","coordinates":[[[-34.9519419017973,-8.23200373178674],[-34.952823775197,-8.23238955083709],[-34.9540363499975,-8.2314525606871],[-34.9563216244434,-8.23205837729223],[-34.9565595697683,-8.22848918572732],[-34.9555221253457,-8.22456307482599],[-34.9532983078706,-8.22417466303023],[-34.9531093513155,-8.22474153539351],[-34.9537637034321,-8.22622869839569],[-34.9519970194468,-8.22985416683628],[-34.9519419017973,-8.23200373178674]]]}},{"type":"Feature","properties":{"id":"7184","municipality":"2611606","density":"Pouco densa","type":"Área urbanizada","state":"PE"},"geometry":{"type":"Polygon","coordinates":[[[-35.0818670917928,-7.91726753666746],[-35.0815458647498,-7.91865952171953],[-35.0816529407306,-7.92126503215548],[-35.0821169351484,-7.92130072444883],[-35.0835089202005,-7.9196588960412],[-35.0842584502672,-7.91751738092234],[-35.0824024707973,-7.91698200191781],[-35.0818670917928,-7.91726753666746]]]}},{"type":"Feature","properties":{"id":"7185","municipality":"2611606","density":"Pouco densa","type":"Área urbanizada","state":"PE"},"geometry":{"type":"Polygon","coordinates":[[[-34.9829326420278,-7.99525096815763],[-34.9829157239814,-7.99564008592119],[-34.9832895613641,-7.99519148070221],[-34.984479291586,-7.98948077491782],[-34.9820998311422,-7.98983769425416],[-34.9820403436869,-7.98841001690869],[-34.9810290731332,-7.98852899002082],[-34.9807911269089,-7.98989717991088],[-34.9807911269089,-7.9906110185836],[-34.9819808580301,-7.99257407403422],[-34.9816270377575,-7.99471152241877],[-34.9829326420278,-7.99525096815763]]]}},{"type":"Feature","properties":{"id":"7186","municipality":"2611606","density":"Pouco densa","type":"Área urbanizada","state":"PE"},"geometry":{"type":"Polygon","coordinates":[[[-34.9007220066153,-7.86566568862059],[-34.9007220066153,-7.86477339117902],[-34.9014953309447,-7.86435698528658],[-34.9010789259517,-7.86358366005783],[-34.9012854210853,-7.86281668044541],[-34.8994133032813,-7.8616206046072],[-34.8992943301691,-7.86054984839673],[-34.8973312747185,-7.85715911560067],[-34.8969148688261,-7.85531503326212],[-34.8982235730594,-7.85489862826905],[-34.898164085604,-7.85448222237659],[-34.8969148688261,-7.85460119458942],[-34.8970338419382,-7.85317351814332],[-34.8979261402791,-7.85317351814332],[-34.8978666528237,-7.85251916692597],[-34.8964984629337,-7.85162686858508],[-34.8953682192679,-7.85388735681604],[-34.8948923268194,-7.85668322315217],[-34.8969743562815,-7.85936011727558],[-34.8969148688261,-7.86037138782924],[-34.8957251386042,-7.86031190127319],[-34.8935836243847,-7.86126368617017],[-34.8914421092659,-7.86144214493904],[-34.8916205680347,-7.86221547016778],[-34.8929292722681,-7.86209649705565],[-34.8925128663756,-7.863762119726],[-34.8917990277029,-7.863762119726],[-34.8917395411469,-7.86507082305998],[-34.8935241369293,-7.86667696007362],[-34.8924533798196,-7.86762874407123],[-34.893167217593,-7.8682830961879],[-34.8950112999315,-7.8682830961879],[-34.8959035982724,-7.86727182473487],[-34.8975097343867,-7.86721233817883],[-34.8980451133912,-7.86637952729331],[-34.8985928481814,-7.86641524926432],[-34.9007220066153,-7.86566568862059]]]}},{"type":"Feature","properties":{"id":"7187","municipality":"2611606","density":"Pouco densa","type":"Área urbanizada","state":"PE"},"geometry":{"type":"Polygon","coordinates":[[[-35.1393374388716,-7.92775486739317],[-35.1420738186518,-7.9285876782787],[-35.142311764876,-7.92930151695141],[-35.1432635497729,-7.92906357072718],[-35.1437394422214,-7.930253300949],[-35.1448696858873,-7.9300153547248],[-35.1440368750017,-7.9281117858302],[-35.1429066313359,-7.92852819172264],[-35.1426686851117,-7.92751692116894],[-35.1418358733268,-7.92668411028342],[-35.1397538447641,-7.92692205560832],[-35.1393374388716,-7.92775486739317]]]}},{"type":"Feature","properties":{"id":"7188","municipality":"2611606","density":"Pouco densa","type":"Área urbanizada","state":"PE"},"geometry":{"type":"Polygon","coordinates":[[[-35.1939020008766,-8.11165503015548],[-35.1940804614441,-8.11213092170466],[-35.1954486513342,-8.11242835538423],[-35.1959840303387,-8.10969197470486],[-35.1945563529932,-8.10957300159272],[-35.1939020008766,-8.11165503015548]]]}},{"type":"Feature","properties":{"id":"7190","municipality":"2611606","density":"Pouco densa","type":"Área urbanizada","state":"PE"},"geometry":{"type":"Polygon","coordinates":[[[-34.9559887943473,-8.34395790873043],[-34.955736464255295,-8.344095543210479],[-34.955755394908344,-8.344178416100284],[-34.956030753936595,-8.345383857790521],[-34.9563457127843,-8.34514763895233],[-34.9559887943473,-8.34395790873043]]]}},{"type":"Feature","properties":{"id":"7191","municipality":"2611606","density":"Pouco densa","type":"Área urbanizada","state":"PE"},"geometry":{"type":"Polygon","coordinates":[[[-34.9672671435638,-8.14556496974752],[-34.9667912520146,-8.14717110586179],[-34.9670886847949,-8.14782545797846],[-34.9676667537177,-8.14770158625913],[-34.9680702120706,-8.14839058026103],[-34.9670886847949,-8.14895570164426],[-34.9670886847949,-8.1494910797495],[-34.9678620091244,-8.14955056720487],[-34.9681594419047,-8.15008594620941],[-34.9710742822523,-8.14877724197608],[-34.9710742822523,-8.14812288985945],[-34.9718476065817,-8.14758751175424],[-34.971133767909,-8.14705213274971],[-34.9701700436126,-8.1474104945986],[-34.9698131251755,-8.14698219157482],[-34.9705404869539,-8.14650883431522],[-34.972145039362,-8.14669521431269],[-34.9722045259181,-8.14627880842023],[-34.9715501738015,-8.14610034785273],[-34.9716691469135,-8.14562445630356],[-34.9701819839114,-8.14461318485054],[-34.9692301990144,-8.14502959074298],[-34.9682892824244,-8.14485036934901],[-34.9672671435638,-8.14556496974752]]]}},{"type":"Feature","properties":{"id":"7192","municipality":"2611606","density":"Pouco densa","type":"Área urbanizada","state":"PE"},"geometry":{"type":"Polygon","coordinates":[[[-34.9310131660247,-8.20210988116606],[-34.9320244365785,-8.20347807105611],[-34.9317864912536,-8.20383499039248],[-34.9257870473343,-8.20379405415223],[-34.9272529296789,-8.20662809580995],[-34.9293944447978,-8.21281469494215],[-34.933622846617,-8.21154617421649],[-34.9330826103741,-8.20948344870216],[-34.9323092851453,-8.20960242181427],[-34.9314169868045,-8.20627117737292],[-34.9331420960309,-8.20662809580995],[-34.932963637262,-8.20573579836838],[-34.9357595026988,-8.20549785214411],[-34.9357629381091,-8.20474444779797],[-34.9341533665845,-8.20502195969561],[-34.933648903574,-8.20068887589089],[-34.9323813559148,-8.200741691276],[-34.9310131660247,-8.20210988116606]]]}},{"type":"Feature","properties":{"id":"7193","municipality":"2611606","density":"Pouco densa","type":"Área urbanizada","state":"PE"},"geometry":{"type":"Polygon","coordinates":[[[-34.9985570558634,-8.17126314937481],[-34.9978208726351,-8.17076460929924],[-34.9952852979781,-8.17090622913914],[-34.9932627559714,-8.17173904092396],[-34.9938576206326,-8.17280979803373],[-34.9927273769668,-8.17399952915492],[-34.9936196753077,-8.17453490726012],[-34.9946309458614,-8.17388055604278],[-34.995225811422,-8.17429696103586],[-34.996534514756,-8.17304774425794],[-34.9964750282,-8.17197698714818],[-34.9970104072045,-8.17173904092396],[-34.9983191096392,-8.17328568958289],[-34.9991582310674,-8.17280619265165],[-34.9985570558634,-8.17126314937481]]]}},{"type":"Feature","properties":{"id":"7194","municipality":"2611606","density":"Pouco densa","type":"Área urbanizada","state":"PE"},"geometry":{"type":"Polygon","coordinates":[[[-35.005118262198,-8.11528294295342],[-35.0037962902665,-8.11707149305493],[-35.00504049872,-8.11761583380365],[-35.0065179967081,-8.11574952112348],[-35.005118262198,-8.11528294295342]]]}},{"type":"Feature","properties":{"id":"7195","municipality":"2611606","density":"Pouco densa","type":"Área urbanizada","state":"PE"},"geometry":{"type":"Polygon","coordinates":[[[-35.0729441128805,-7.90934393207676],[-35.0727656541116,-7.91012915443691],[-35.0721588914196,-7.9100934621435],[-35.0707669063676,-7.90912978101456],[-35.0705527553053,-7.90716672466459],[-35.0697675329453,-7.90641719459781],[-35.0691607702533,-7.90973654280714],[-35.0716948961025,-7.91037899779247],[-35.0723730433812,-7.91102145187848],[-35.0743360979325,-7.91045038237923],[-35.0748357846437,-7.91112852785922],[-35.0746573249755,-7.91252051291128],[-35.0751927039801,-7.91252051291127],[-35.0763348447772,-7.91202082620016],[-35.0765846890321,-7.91134267892148],[-35.0757637752779,-7.90927254838937],[-35.0747644009562,-7.90891562905303],[-35.0729441128805,-7.90934393207676]]]}},{"type":"Feature","properties":{"id":"7196","municipality":"2611606","density":"Pouco densa","type":"Área urbanizada","state":"PE"},"geometry":{"type":"Polygon","coordinates":[[[-34.9635400346448,-7.97413325064896],[-34.9630641430957,-7.9739547918801],[-34.9625287640911,-7.97437119687316],[-34.9638969539812,-7.97556092799438],[-34.9641943867615,-7.97514452210197],[-34.9650866851024,-7.97538246832621],[-34.9643133598736,-7.97704809099658],[-34.9655030900955,-7.97752398344506],[-34.9665738481046,-7.9795465245524],[-34.9682394707749,-7.97936806488423],[-34.9678825514385,-7.97865422711084],[-34.968358443887,-7.97811884810632],[-34.966990253997,-7.9754419548823],[-34.9681204976628,-7.97508503644525],[-34.9681799842188,-7.97425222376109],[-34.9672282002212,-7.97413325064896],[-34.9660979556561,-7.97312198009524],[-34.9651461707591,-7.9734788994316],[-34.9640159270933,-7.97324095320738],[-34.9635400346448,-7.97413325064896]]]}},{"type":"Feature","properties":{"id":"7197","municipality":"2611606","density":"Pouco densa","type":"Área urbanizada","state":"PE"},"geometry":{"type":"Polygon","coordinates":[[[-34.9418663976162,-8.23146351173165],[-34.9403197480579,-8.22938148406821],[-34.9401415878639,-8.22765927065876],[-34.9386541262868,-8.22795380672279],[-34.9406766673942,-8.23176094541128],[-34.9414624707164,-8.23198096994576],[-34.9418663976162,-8.23146351173165]]]}},{"type":"Feature","properties":{"id":"7198","municipality":"2611606","density":"Pouco densa","type":"Área urbanizada","state":"PE"},"geometry":{"type":"Polygon","coordinates":[[[-34.9394869371724,-8.22373026394047],[-34.9396059102845,-8.22426564204569],[-34.9394869371724,-8.22480102105021],[-34.9372264489414,-8.22581229160391],[-34.9378213136027,-8.22694253616909],[-34.9393084766049,-8.22605023782821],[-34.9398438556094,-8.22628818405242],[-34.9451976429568,-8.22444410171387],[-34.9460899412977,-8.22456307482599],[-34.946387374078,-8.22569331939117],[-34.944305344616,-8.22682356305696],[-34.9401415878639,-8.22765927065876],[-34.9403197480579,-8.22938148406821],[-34.9418663976162,-8.23146351173165],[-34.941390506067,-8.23182043106802],[-34.9421638312957,-8.23354554029443],[-34.94043872117,-8.23342656718227],[-34.942758695957,-8.23651986719807],[-34.943681927379,-8.23521195616677],[-34.944305344616,-8.23562756885719],[-34.9447812379637,-8.23491373018448],[-34.9454355891811,-8.23479475707234],[-34.945019184188,-8.23348605373832],[-34.9428776690691,-8.23182043106802],[-34.9425207497327,-8.23045224117795],[-34.9432345884055,-8.22955994283706],[-34.9460304547417,-8.22896507817576],[-34.9472796724189,-8.22694253616909],[-34.9476687164381,-8.22688268268963],[-34.9477555639681,-8.22795380672279],[-34.9492545809341,-8.22757453743492],[-34.948647862309,-8.22480102105021],[-34.9491237538581,-8.22468204793813],[-34.9492427269702,-8.22527691259939],[-34.95031348408,-8.22491999416235],[-34.9499565647436,-8.22313539837989],[-34.9491832413135,-8.22319488493594],[-34.9491832413135,-8.22402769582148],[-34.9476365908559,-8.22378974959726],[-34.9474581311878,-8.22444410171387],[-34.9468632656271,-8.22468204793813],[-34.9465063471901,-8.2235518042723],[-34.9456735363046,-8.22349231771624],[-34.9459709681856,-8.22396821016476],[-34.9454355891811,-8.22414666893361],[-34.9451976429568,-8.22373026394047],[-34.9441268858471,-8.22373026394047],[-34.9413310186115,-8.22432512860177],[-34.9400818018336,-8.22158874882167],[-34.9415094791791,-8.22045850515583],[-34.9393084766049,-8.21938774714676],[-34.9372859345981,-8.2235518042723],[-34.9394869371724,-8.22373026394047]]]}},{"type":"Feature","properties":{"id":"7199","municipality":"2611606","density":"Pouco densa","type":"Área urbanizada","state":"PE"},"geometry":{"type":"Polygon","coordinates":[[[-35.0964932590566,-8.11125874839248],[-35.0964004921889,-8.11011987483232],[-35.0969834597188,-8.10895393977245],[-35.0956787223951,-8.11003659401355],[-35.0955399201311,-8.11123029114498],[-35.0959795114453,-8.11172218702929],[-35.0964932590566,-8.11125874839248]]]}},{"type":"Feature","properties":{"id":"7200","municipality":"2611606","density":"Pouco densa","type":"Área urbanizada","state":"PE"},"geometry":{"type":"Polygon","coordinates":[[[-34.9857285092632,-7.97211070864221],[-34.9872156722654,-7.97306249443853],[-34.98775105127,-7.9744901699853],[-34.9896546201646,-7.97520400865801],[-34.9895356470524,-7.97562041365115],[-34.9905469176061,-7.97710757665328],[-34.9911417831667,-7.9771670641087],[-34.9919745940523,-7.97871371366688],[-34.9934022713977,-7.97811884810632],[-34.9930453520613,-7.97675065821625],[-34.9918556209401,-7.97728603722078],[-34.9914987016037,-7.97681014477234],[-34.9925694587135,-7.97597733298752],[-34.9916176747159,-7.9754419548823],[-34.9926289461689,-7.9739547918801],[-34.9923315133886,-7.97306249443852],[-34.9916176747159,-7.97324095320738],[-34.9917366478279,-7.97407376499223],[-34.9906064041622,-7.97472811620958],[-34.9897141058213,-7.9744306843286],[-34.9897141058213,-7.97359787164443],[-34.9887028352676,-7.9728245482143],[-34.9884648890434,-7.97187276331733],[-34.9866208067048,-7.97121841120067],[-34.9857285092632,-7.97211070864221]]]}},{"type":"Feature","properties":{"id":"7201","municipality":"2611606","density":"Pouco densa","type":"Área urbanizada","state":"PE"},"geometry":{"type":"Polygon","coordinates":[[[-34.8957251386042,-7.88963875812216],[-34.8957251386042,-7.88815159511997],[-34.8950707873869,-7.8879731363511],[-34.8950112999315,-7.88999567655919],[-34.8962010310527,-7.89172078668492],[-34.8960225713845,-7.89285103125002],[-34.8969743562815,-7.89255359757045],[-34.8976881940549,-7.89320794968712],[-34.8970933293936,-7.894100248028],[-34.8976881940549,-7.89445716736436],[-34.8988779242767,-7.89362435468019],[-34.8991753570571,-7.89172078668492],[-34.8971528150503,-7.8923156522455],[-34.8957251386042,-7.88963875812216]]]}},{"type":"Feature","properties":{"id":"7202","municipality":"2611606","density":"Pouco densa","type":"Área urbanizada","state":"PE"},"geometry":{"type":"Polygon","coordinates":[[[-34.9204120458792,-7.86750977095909],[-34.923505345895,-7.86745028440306],[-34.9233863727828,-7.86703387940997],[-34.920174099655,-7.86572517517664],[-34.9204120458792,-7.86750977095909]]]}},{"type":"Feature","properties":{"id":"7203","municipality":"2611606","density":"Pouco densa","type":"Área urbanizada","state":"PE"},"geometry":{"type":"Polygon","coordinates":[[[-35.0589601883619,-8.48723412805253],[-35.0589314100565,-8.48850034831235],[-35.0610321849873,-8.48916223584848],[-35.0635070697954,-8.48605424001114],[-35.0637948465548,-8.48498946429232],[-35.0599521279883,-8.48564885171312],[-35.0589601883619,-8.48723412805253]]]}},{"type":"Feature","properties":{"id":"7204","municipality":"2611606","density":"Pouco densa","type":"Área urbanizada","state":"PE"},"geometry":{"type":"Polygon","coordinates":[[[-35.0893931321872,-8.3215451935558],[-35.0893931321872,-8.32309184401336],[-35.0904815034186,-8.32319879768631],[-35.0905828633084,-8.32118827511876],[-35.0903449170842,-8.32047443734537],[-35.0892741590752,-8.31999854489687],[-35.0890957003063,-8.31803548944624],[-35.0914927739723,-8.3194808897312],[-35.0943778701425,-8.31989729562366],[-35.0946874329786,-8.31934419278026],[-35.0915941338622,-8.31904675999993],[-35.0895715918554,-8.31779754322202],[-35.0884413481896,-8.31773805666594],[-35.0880844288533,-8.31690524488114],[-35.089155185963,-8.31464475665013],[-35.0907613220773,-8.3129196483231],[-35.0902854296288,-8.31238426931851],[-35.0887982666267,-8.31363348609649],[-35.0873111036245,-8.31678627176899],[-35.0874895632926,-8.31797600289021],[-35.0886198069585,-8.31863035500681],[-35.0884413481896,-8.32005803055364],[-35.0889767271942,-8.32041494988999],[-35.0887648010547,-8.32073283864953],[-35.0893931321872,-8.3215451935558]]]}},{"type":"Feature","properties":{"id":"7205","municipality":"2611606","density":"Pouco densa","type":"Área urbanizada","state":"PE"},"geometry":{"type":"Polygon","coordinates":[[[-35.077703718152,-7.98188459819562],[-35.0758233553635,-7.98323355518437],[-35.0754145802186,-7.98470514282805],[-35.0763547620626,-7.98670813896939],[-35.0767226594231,-7.98695340387644],[-35.077662841267,-7.98544093844851],[-35.0771723105536,-7.98425549079821],[-35.0781124932969,-7.98302916716228],[-35.0792161835799,-7.98331530895429],[-35.0804833850001,-7.98208898621772],[-35.077703718152,-7.98188459819562]]]}},{"type":"Feature","properties":{"id":"7207","municipality":"2611606","density":"Pouco densa","type":"Área urbanizada","state":"PE"},"geometry":{"type":"Polygon","coordinates":[[[-35.0692623127055,-7.98057890129519],[-35.0689053933692,-7.97879430641207],[-35.0695597445865,-7.97831841306424],[-35.0695597445865,-7.97760457529086],[-35.067775148804,-7.97784252061582],[-35.0677156631473,-7.97879430641207],[-35.0649792833671,-7.97843738617639],[-35.064741337143,-7.9780209811833],[-35.0625403345687,-7.97796149372788],[-35.0599824153561,-7.97867533329991],[-35.0609439587966,-7.98294741159372],[-35.062088526864,-7.98307004494656],[-35.0623746695553,-7.9847460206123],[-35.0652172286921,-7.9842670659723],[-35.0652172286921,-7.98337476763135],[-35.0667043916943,-7.98331528197464],[-35.0667638782504,-7.9842075794162],[-35.0683105278086,-7.98391014663594],[-35.0681915546965,-7.98438603908437],[-35.0688459068131,-7.98438603908437],[-35.0694407723737,-7.98569474331771],[-35.0707494757077,-7.98545679619412],[-35.0714633143804,-7.98373168696776],[-35.0713443412683,-7.98206606429739],[-35.0702705642351,-7.98037256084497],[-35.0692623127055,-7.98057890129519]]]}},{"type":"Feature","properties":{"id":"7211","municipality":"2611606","density":"Pouco densa","type":"Área urbanizada","state":"PE"},"geometry":{"type":"Polygon","coordinates":[[[-35.0302850755957,-7.93373150180731],[-35.0288518494332,-7.93387877838286],[-35.0289899349375,-7.93364403284579],[-35.0264915013817,-7.93364403284579],[-35.0264320139262,-7.93293019507242],[-35.0256586895968,-7.93239481606787],[-35.0225059039243,-7.93239481606787],[-35.0220894980319,-7.93304916818454],[-35.0239335803704,-7.93328711440875],[-35.0231007685856,-7.93465530429883],[-35.024825877812,-7.93542862862826],[-35.0254207433726,-7.93477427741094],[-35.0261345820453,-7.93519068330334],[-35.025837149265,-7.93602349418887],[-35.0263725282695,-7.93632092696913],[-35.025837149265,-7.93679681941763],[-35.0250638240362,-7.93643990008128],[-35.0247663921552,-7.93745117063497],[-35.0227438501485,-7.93733219842215],[-35.0221489845879,-7.93834346897586],[-35.0252422837044,-7.93989011763477],[-35.0273243122671,-7.93751065719102],[-35.0292323831679,-7.93799508060846],[-35.0298996639383,-7.93589871685226],[-35.0310171057547,-7.93554977989839],[-35.0320237483973,-7.93602349418886],[-35.0322022071661,-7.93423889840637],[-35.033451423944,-7.93435787061918],[-35.0326122485564,-7.93254367724887],[-35.0308935038321,-7.93120508494667],[-35.0303581248275,-7.93191892361939],[-35.0312504231685,-7.93245430262393],[-35.0302850755957,-7.93373150180731]]]}},{"type":"Feature","properties":{"id":"7212","municipality":"2611606","density":"Pouco densa","type":"Área urbanizada","state":"PE"},"geometry":{"type":"Polygon","coordinates":[[[-34.9974284480644,-8.0637411894043],[-34.9962529487146,-8.06094937721195],[-34.9955917302741,-8.06109631474312],[-34.9955917302741,-8.06168406396836],[-34.9965468237768,-8.06359425097384],[-34.9958856053363,-8.0639615952514],[-34.9947835743025,-8.06337384512682],[-34.9942692933931,-8.06410853278255],[-34.9956594483248,-8.0659683271765],[-34.9974284480644,-8.0637411894043]]]}},{"type":"Feature","properties":{"id":"7214","municipality":"2611606","density":"Pouco densa","type":"Área urbanizada","state":"PE"},"geometry":{"type":"Polygon","coordinates":[[[-35.0220394777397,-7.96661984033331],[-35.0222164229495,-7.967858453205],[-35.0199161406173,-7.96723914676915],[-35.0199161406173,-7.96776998060006],[-35.0192083615766,-7.96830081533034],[-35.0172619696641,-7.96847775964085],[-35.0166426641276,-7.96892012176613],[-35.0184121108302,-7.96909706607671],[-35.0190314181653,-7.96971637341188],[-35.0185890560401,-7.97033567984774],[-35.0184121108302,-7.97237054436511],[-35.0192083615766,-7.9749362427134],[-35.0200046141216,-7.97502471621767],[-35.0196507237019,-7.9733437403213],[-35.0220394777397,-7.97237054436511],[-35.0229242019903,-7.96962790080694],[-35.0240743431564,-7.96936248389147],[-35.0255783729435,-7.967858453205],[-35.0262861519843,-7.967858453205],[-35.0264630971941,-7.96723914676914],[-35.0271708762349,-7.96715067416428],[-35.0281440721912,-7.96962790080694],[-35.0292942133572,-7.96980484511745],[-35.0282325447961,-7.96830081533034],[-35.0282325447961,-7.96564664437711],[-35.0220394777397,-7.96661984033331]]]}},{"type":"Feature","properties":{"id":"7215","municipality":"2611606","density":"Pouco densa","type":"Área urbanizada","state":"PE"},"geometry":{"type":"Polygon","coordinates":[[[-35.0023399722119,-7.96386318803564],[-35.0059091628775,-7.97010927282463],[-35.00632556877,-7.96981184004433],[-35.0057307041087,-7.96844365015427],[-35.0061471091017,-7.9680272451612],[-35.0040055939829,-7.96332780903111],[-35.0023399722119,-7.96386318803564]]]}},{"type":"Feature","properties":{"id":"7216","municipality":"2611606","density":"Pouco densa","type":"Área urbanizada","state":"PE"},"geometry":{"type":"Polygon","coordinates":[[[-35.0289137515683,-8.09032100680895],[-35.0296136201724,-8.0882214045941],[-35.0307800651478,-8.08752153688938],[-35.0310133537832,-8.08674390660593],[-35.0289915150464,-8.08549969815251],[-35.0274362535802,-8.08658838144862],[-35.0246367845599,-8.08658838144862],[-35.0230815239931,-8.09032100680895],[-35.0289137515683,-8.09032100680895]]]}},{"type":"Feature","properties":{"id":"7217","municipality":"2611606","density":"Pouco densa","type":"Área urbanizada","state":"PE"},"geometry":{"type":"Polygon","coordinates":[[[-35.0116769027668,-7.95398351932391],[-35.0133449787877,-7.95327458555364],[-35.014951114902,-7.95630839901339],[-35.0182228736866,-7.95416688389452],[-35.0166762241284,-7.95154947722653],[-35.015962386355,-7.95166845033868],[-35.0157839257875,-7.95119255789019],[-35.014951114902,-7.95160896378263],[-35.0135829250119,-7.95077615199778],[-35.0120362745543,-7.95113307133414],[-35.0115603830052,-7.95035974700467],[-35.0111439771128,-7.95041923266142],[-35.0106085990076,-7.94875360999107],[-35.0097757872227,-7.94911053022674],[-35.0099542468909,-7.94964590833197],[-35.0092998947743,-7.94994334111225],[-35.0116769027668,-7.95398351932391]]]}},{"type":"Feature","properties":{"id":"7218","municipality":"2611606","density":"Pouco densa","type":"Área urbanizada","state":"PE"},"geometry":{"type":"Polygon","coordinates":[[[-34.9300018945717,-8.22525013888277],[-34.9320511212622,-8.22628818405243],[-34.9325865002667,-8.2272994546061],[-34.9333003380401,-8.22664510338876],[-34.9330756819971,-8.22574647921659],[-34.9333926273678,-8.22530962633811],[-34.9296449761347,-8.22013429775961],[-34.9286527739063,-8.21789106032412],[-34.92692401843553,-8.219357883544136],[-34.927678520130755,-8.222032935009029],[-34.9289311365627,-8.22304913810718],[-34.9300018945717,-8.22525013888277]]]}},{"type":"Feature","properties":{"id":"7220","municipality":"2611606","density":"Pouco densa","type":"Área urbanizada","state":"PE"},"geometry":{"type":"Polygon","coordinates":[[[-35.0423444419424,-8.00830311859403],[-35.0424814860317,-8.00756650459046],[-35.0418674577169,-8.00724032857825],[-35.0413915661678,-8.00361165135657],[-35.0415921779366,-8.00223029808973],[-35.0402716089475,-8.00139719042796],[-35.0409259610642,-8.00419305676412],[-35.0409615688213,-8.0087757698858],[-35.0423444419424,-8.00830311859403]]]}},{"type":"Feature","properties":{"id":"7221","municipality":"2611606","density":"Pouco densa","type":"Área urbanizada","state":"PE"},"geometry":{"type":"Polygon","coordinates":[[[-34.9693137748108,-8.33640311970817],[-34.9709199118244,-8.33479698359389],[-34.971871695822,-8.33366673992805],[-34.9720501563896,-8.33265546937436],[-34.970800937813,-8.33396417180904],[-34.9699086412708,-8.33313136092353],[-34.9693137748108,-8.33426160458937],[-34.9678266118086,-8.33455903826894],[-34.9686594235935,-8.33539184915447],[-34.9684214773692,-8.33658157937636],[-34.9693137748108,-8.33640311970817]]]}},{"type":"Feature","properties":{"id":"7222","municipality":"2611606","density":"Pouco densa","type":"Área urbanizada","state":"PE"},"geometry":{"type":"Polygon","coordinates":[[[-35.0072626308657,-7.97776192876996],[-35.006608278749,-7.97817833466237],[-35.0060134140877,-7.98031984978121],[-35.0085118476436,-7.98020087666908],[-35.0088092813232,-7.97907063300329],[-35.0083333888747,-7.97794038933747],[-35.007322118321,-7.97692911788443],[-35.0064893056369,-7.97704809099657],[-35.0072626308657,-7.97776192876996]]]}},{"type":"Feature","properties":{"id":"7225","municipality":"2611606","density":"Pouco densa","type":"Área urbanizada","state":"PE"},"geometry":{"type":"Polygon","coordinates":[[[-35.032345550107,-7.75891946226336],[-35.0315722257776,-7.76034713870946],[-35.0302635224436,-7.75939535381248],[-35.0301445493314,-7.75981175970492],[-35.0312153073405,-7.7607040580458],[-35.0302635224436,-7.76260762694039],[-35.0291332778784,-7.76379735716229],[-35.0322860635509,-7.7666527109538],[-35.0335352812282,-7.76558195294475],[-35.0328809291116,-7.76534400672053],[-35.032345550107,-7.76611733194926],[-35.029966088764,-7.76409478994253],[-35.0311558198852,-7.76177481515557],[-35.0338921996652,-7.75868151603908],[-35.0349034711182,-7.75838408415815],[-35.0360932022394,-7.75868151603908],[-35.0350819307864,-7.75677794714448],[-35.0343086055577,-7.75808665137782],[-35.032345550107,-7.75891946226336]]]}},{"type":"Feature","properties":{"id":"7226","municipality":"2611606","density":"Pouco densa","type":"Área urbanizada","state":"PE"},"geometry":{"type":"Polygon","coordinates":[[[-34.9072293849282,-7.77372638966113],[-34.9061912210479,-7.7736975520004],[-34.9065155471548,-7.77432125522171],[-34.9107985773924,-7.77348844433618],[-34.9121667672824,-7.77628430977303],[-34.9125831722755,-7.77610585100417],[-34.9111554958294,-7.77319101065655],[-34.9071553833143,-7.77339337880137],[-34.9072293849282,-7.77372638966113]]]}},{"type":"Feature","properties":{"id":"7227","municipality":"2611606","density":"Pouco densa","type":"Área urbanizada","state":"PE"},"geometry":{"type":"Polygon","coordinates":[[[-35.0487482354427,-8.28537999169324],[-35.0491802409753,-8.28686455025871],[-35.0502509989844,-8.28662660403449],[-35.049894079648,-8.28579379314897],[-35.0503104846411,-8.28537738725658],[-35.0513217560941,-8.28555584692476],[-35.0513812426502,-8.28632917125418],[-35.0524245029884,-8.28670059305791],[-35.0529278922084,-8.28561533258147],[-35.0544745417666,-8.28549636036871],[-35.0542960820985,-8.28430663014683],[-35.0534632712129,-8.28436611580355],[-35.05382018965,-8.2849014948081],[-35.0523925141032,-8.28502046792022],[-35.0526304603275,-8.28412816957935],[-35.0518571350987,-8.28383073679904],[-35.0520355938675,-8.28448508891569],[-35.0513812426502,-8.28442560325892],[-35.0487482354427,-8.28537999169324]]]}},{"type":"Feature","properties":{"id":"7228","municipality":"2611606","density":"Pouco densa","type":"Área urbanizada","state":"PE"},"geometry":{"type":"Polygon","coordinates":[[[-34.9516427297282,-8.01809379309403],[-34.9517022171835,-8.01851019898647],[-34.9527134877372,-8.0185696846432],[-34.9553308953045,-8.02112760565446],[-34.9582457338535,-8.02077068721742],[-34.9588406003134,-8.02041376788106],[-34.9593164918626,-8.0189860914349],[-34.9608631414208,-8.01821276620616],[-34.960030329636,-8.01749892843278],[-34.9602087902035,-8.01660663009188],[-34.9588406003134,-8.01595227797521],[-34.9590190590823,-8.01708252164099],[-34.9584836800777,-8.0180343074373],[-34.9575913826362,-8.01755841408949],[-34.9594949506315,-8.0138107628564],[-34.9593164918626,-8.0127400057466],[-34.9586621397459,-8.0127400057466],[-34.9576508691922,-8.01357281663213],[-34.9566395977392,-8.01357281663213],[-34.95753189608,-8.01285897885873],[-34.9562826793021,-8.01160976208081],[-34.9553308953045,-8.01232359985421],[-34.9552119221924,-8.01327538475118],[-34.9558662734098,-8.0149410074215],[-34.9569370314188,-8.01529792675786],[-34.9561042187346,-8.01815327965013],[-34.9534273264099,-8.01726098220854],[-34.9516427297282,-8.01809379309403]]]}},{"type":"Feature","properties":{"id":"7229","municipality":"2611606","density":"Pouco densa","type":"Área urbanizada","state":"PE"},"geometry":{"type":"Polygon","coordinates":[[[-34.9130393758664,-7.94776538456477],[-34.9147644850929,-7.9488361416746],[-34.9145265388686,-7.94913357535416],[-34.9116116994204,-7.9488361416746],[-34.9126824556308,-7.95056125180031],[-34.9122065640816,-7.95157252325329],[-34.9128609161983,-7.95079919802453],[-34.9132773220907,-7.95091817113668],[-34.9122065640816,-7.95329763158037],[-34.9141696204316,-7.95359506436068],[-34.9150619178732,-7.95543914669923],[-34.915240376642,-7.95686682314534],[-34.9143480792005,-7.95829449959145],[-34.9127419430862,-7.95853244581566],[-34.9117306716332,-7.95805655426655],[-34.9113737531961,-7.9586514189278],[-34.9116711859764,-7.95906782482024],[-34.9119091322007,-7.95882987859595],[-34.9122660506377,-7.96013858193],[-34.9114332388528,-7.96120933993906],[-34.9122065640816,-7.96180420460032],[-34.9129798893104,-7.96150677182005],[-34.9150024313171,-7.96293444916545],[-34.9141101329762,-7.96364828693887],[-34.9150619178732,-7.96406469283126],[-34.9156567834338,-7.96370777439422],[-34.9160731884269,-7.96430263905553],[-34.9152998640974,-7.96483801806005],[-34.9166680539875,-7.96674158695465],[-34.9166680539875,-7.96769337095224],[-34.9178577842093,-7.96757439784017],[-34.9177982976533,-7.96692004572351],[-34.9184526488706,-7.96674158695465],[-34.9189880278751,-7.96668210039855],[-34.9191070009873,-7.96733645161589],[-34.9199992993281,-7.96674158695465],[-34.9201777589963,-7.96573031640093],[-34.9192854606554,-7.9654328827213],[-34.9192259740994,-7.96460007183577],[-34.9176793254405,-7.96507596428427],[-34.9173818917608,-7.96477853060464],[-34.9178577842093,-7.96436212561157],[-34.9182741901017,-7.96245855671698],[-34.9175603523283,-7.96233958360483],[-34.9169060002117,-7.96394571971917],[-34.9164301077632,-7.96382674660703],[-34.9166085674314,-7.96233958360482],[-34.9151808909853,-7.9613283130512],[-34.9149429438617,-7.96216112393665],[-34.9141101329762,-7.96138779870791],[-34.9145265388686,-7.96097139371483],[-34.9136342414271,-7.95954371726868],[-34.9142885926444,-7.95936525670118],[-34.9143480792005,-7.9587109063832],[-34.9155378103217,-7.95793758115441],[-34.9191070009873,-7.95716425592564],[-34.9189285422184,-7.9564504181522],[-34.9160731884269,-7.95728322903774],[-34.9161326749829,-7.9550227408068],[-34.9155378103217,-7.95496325515006],[-34.9147644850929,-7.95377352402887],[-34.9147049976375,-7.95276225257584],[-34.9155972959784,-7.95288122568798],[-34.9155378103217,-7.95234584668346],[-34.914883458205,-7.95192944169033],[-34.9138127001959,-7.95323814502433],[-34.9130393758664,-7.95294071314334],[-34.9137532136398,-7.95079919802453],[-34.9122660506377,-7.94925254756696],[-34.9150024313171,-7.94949049379119],[-34.9197018656486,-7.95097765679338],[-34.9206536514448,-7.95079919802453],[-34.9202372446531,-7.95032330557603],[-34.9172629186488,-7.95008535935183],[-34.9171439464359,-7.94889562912994],[-34.9166085674314,-7.9488361416746],[-34.9168465127563,-7.94978792657151],[-34.9152998640974,-7.94919306191027],[-34.9145860254247,-7.94794384513227],[-34.9132773220907,-7.94740846612774],[-34.9130393758664,-7.94776538456477]]]}},{"type":"Feature","properties":{"id":"7230","municipality":"2611606","density":"Pouco densa","type":"Área urbanizada","state":"PE"},"geometry":{"type":"Polygon","coordinates":[[[-35.0132260056756,-7.94072293031894],[-35.0133449787877,-7.94179368742868],[-35.0138803577922,-7.94203163275359],[-35.0142967627853,-7.94149625374905],[-35.0152485476823,-7.94149625374905],[-35.0154270073505,-7.94399468820428],[-35.0168546837966,-7.94435160843996],[-35.0165572510162,-7.94179368742867],[-35.0176280090254,-7.94131779498019],[-35.0173305762451,-7.94072293031894],[-35.0164382779042,-7.94036601008326],[-35.0132260056756,-7.94072293031894]]]}},{"type":"Feature","properties":{"id":"7231","municipality":"2611606","density":"Pouco densa","type":"Área urbanizada","state":"PE"},"geometry":{"type":"Polygon","coordinates":[[[-34.8460013735645,-7.80440248588598],[-34.84540008009815,-7.8039515159282615],[-34.84536984906502,-7.805205616205883],[-34.8458824013517,-7.80493786489052],[-34.8460013735645,-7.80440248588598]]]}},{"type":"Feature","properties":{"id":"7232","municipality":"2611606","density":"Pouco densa","type":"Área urbanizada","state":"PE"},"geometry":{"type":"Polygon","coordinates":[[[-34.991736647828,-7.95813137606213],[-34.9917961352834,-7.95854778195452],[-34.9905469176061,-7.95854778195452],[-34.9893571873843,-7.95926161972791],[-34.9879295100388,-7.95914264661581],[-34.9872156722654,-7.95991597184458],[-34.9860854277003,-7.9595590516089],[-34.98578799492,-7.96003494495672],[-34.9843008319178,-7.95997545840068],[-34.9840628856936,-7.96110570206645],[-34.9834680210323,-7.96116518862249],[-34.9828136689156,-7.96193851295199],[-34.9819808580301,-7.96140313484676],[-34.9816239386938,-7.96181953983983],[-34.9803152353598,-7.96068929617407],[-34.978233206797,-7.96015391806884],[-34.9775788546804,-7.96098672895432],[-34.9753778539048,-7.96021340372558],[-34.9750804211245,-7.96116518862249],[-34.9789470445704,-7.96229543318764],[-34.97924447825,-7.96181953983983],[-34.98061266814,-7.962949784405],[-34.9797203697992,-7.96413951462689],[-34.9803747219158,-7.96509129862449],[-34.9820403436869,-7.96342567685345],[-34.9826946958035,-7.96413951462689],[-34.9822782908104,-7.96485335329961],[-34.9825757226914,-7.96521027173663],[-34.9830516151399,-7.96461540707531],[-34.983170588252,-7.96318772972991],[-34.9848956983777,-7.96176005418313],[-34.988167456263,-7.96247389195651],[-34.9879889965949,-7.96140313484676],[-34.9885838621555,-7.96104621640975],[-34.988167456263,-7.96045134994978],[-34.9887028352676,-7.95991597184458],[-34.990368457938,-7.9597375121764],[-34.9911417831667,-7.96086775584224],[-34.9931643251734,-7.95908316005972],[-34.9922125402765,-7.95795291639394],[-34.991736647828,-7.95813137606213]]]}},{"type":"Feature","properties":{"id":"7233","municipality":"2611606","density":"Pouco densa","type":"Área urbanizada","state":"PE"},"geometry":{"type":"Polygon","coordinates":[[[-35.0403417182956,-8.01658956365736],[-35.0413915661678,-8.01663919993911],[-35.0415105392799,-8.01598484782244],[-35.0403208090581,-8.01527101004906],[-35.0399044031656,-8.01556844282931],[-35.0403417182956,-8.01658956365736]]]}},{"type":"Feature","properties":{"id":"7234","municipality":"2611606","density":"Pouco densa","type":"Área urbanizada","state":"PE"},"geometry":{"type":"Polygon","coordinates":[[[-34.9517057641097,-8.30582704608127],[-34.9529549808876,-8.30826599308108],[-34.9552749547753,-8.30737369563952],[-34.9558698212352,-8.30838496619321],[-34.9570595505577,-8.30719523597134],[-34.9566431446653,-8.30582704608127],[-34.957297496782,-8.30576755862587],[-34.9578923632419,-8.30695728974707],[-34.960628743022,-8.30535115363278],[-34.9601528496742,-8.30410193685486],[-34.9606882286788,-8.30374501841783],[-34.9601528496742,-8.30219836796027],[-34.9608666892462,-8.30160350329898],[-34.9608666892462,-8.300592231846],[-34.9603907967978,-8.29993787972933],[-34.9561077665601,-8.30178196206783],[-34.9542041976655,-8.30201990829209],[-34.9528954943315,-8.30190093517998],[-34.9521221700021,-8.30100863683907],[-34.9508729532242,-8.3012465830633],[-34.9493857893226,-8.30196042173606],[-34.9493857893227,-8.30231734107242],[-34.9503970598764,-8.30178196206783],[-34.9514436468068,-8.30252128213141],[-34.9501591136521,-8.30315015195788],[-34.9500401414393,-8.30416142341091],[-34.9517057641097,-8.30582704608127]]]}},{"type":"Feature","properties":{"id":"7235","municipality":"2611606","density":"Pouco densa","type":"Área urbanizada","state":"PE"},"geometry":{"type":"Polygon","coordinates":[[[-35.0403518608497,-7.92626770439103],[-35.0404681737672,-7.92661664224421],[-35.0417053288378,-7.92505686798002],[-35.040634571728,-7.92499738142396],[-35.040634571728,-7.92446200331876],[-35.0402181658356,-7.92446200331876],[-35.0402181658356,-7.92487840831183],[-35.039563813719,-7.92523532674886],[-35.0378981919479,-7.92547327387248],[-35.0378461562751,-7.92620943191969],[-35.0403518608497,-7.92626770439103]]]}},{"type":"Feature","properties":{"id":"7236","municipality":"2611606","density":"Pouco densa","type":"Área urbanizada","state":"PE"},"geometry":{"type":"Polygon","coordinates":[[[-34.9640789605755,-8.34574250361364],[-34.9630082043651,-8.34847888429301],[-34.9630676900218,-8.35008502130666],[-34.9636030690264,-8.35073937162463],[-34.9633651228021,-8.35169115742094],[-34.9637815286945,-8.35436804974563],[-34.9646143395801,-8.35341626574803],[-34.9658040698019,-8.35430856408892],[-34.966874827811,-8.35347575320339],[-34.9667558546989,-8.35282140108679],[-34.9649117723604,-8.35234550863829],[-34.9649117723604,-8.3513937237413],[-34.9637220421385,-8.34865734396124],[-34.9647333126922,-8.34580199106898],[-34.9640789605755,-8.34574250361364]]]}},{"type":"Feature","properties":{"id":"7237","municipality":"2611606","density":"Pouco densa","type":"Área urbanizada","state":"PE"},"geometry":{"type":"Polygon","coordinates":[[[-34.9707973908868,-7.97092097931974],[-34.9715707161156,-7.97080200620759],[-34.9713327698914,-7.97103995243181],[-34.9717491757838,-7.97199173642945],[-34.9703214993377,-7.97187276331732],[-34.9690127951044,-7.9723486548665],[-34.972284553889,-7.97312198009526],[-34.9737717168912,-7.97264608764681],[-34.9739501765593,-7.97222968175437],[-34.9748424749002,-7.9723486548665],[-34.9745963691271,-7.97157745923233],[-34.9751399067812,-7.97044508687123],[-34.9743665833511,-7.9701476540909],[-34.974247610239,-7.97074251875221],[-34.9728794203489,-7.97058388823582],[-34.9717491757838,-7.9696122750864],[-34.9715707161156,-7.96836305830846],[-34.9703809849944,-7.96741127431079],[-34.970024065658,-7.96764921963575],[-34.9701430387702,-7.96860100363335],[-34.9714517430035,-7.9699097078667],[-34.9707973908868,-7.97014765409091],[-34.9707973908868,-7.97092097931974]]]}},{"type":"Feature","properties":{"id":"7238","municipality":"2611606","density":"Pouco densa","type":"Área urbanizada","state":"PE"},"geometry":{"type":"Polygon","coordinates":[[[-35.0162329006278,-8.30483208473289],[-35.0145972496633,-8.30474077386759],[-35.0146780573464,-8.3066140760787],[-35.0150944623395,-8.30726842819537],[-35.0164031656735,-8.30714945508321],[-35.0188155529953,-8.30809860496658],[-35.0189016001287,-8.30762534663241],[-35.0178903286757,-8.30697099631437],[-35.0175807469539,-8.30550726514809],[-35.0162329006278,-8.30483208473289]]]}},{"type":"Feature","properties":{"id":"7239","municipality":"2611606","density":"Pouco densa","type":"Área urbanizada","state":"PE"},"geometry":{"type":"Polygon","coordinates":[[[-34.9942314364316,-8.12352582485688],[-34.9951645927717,-8.12399240302694],[-34.9947757780796,-8.124458981197],[-34.9953978823064,-8.12492556026633],[-34.995086830193,-8.12562542707178],[-34.9958644595771,-8.12601424176382],[-34.9960199856338,-8.12508108632302],[-34.9974197210432,-8.12438121771898],[-34.9969531428732,-8.12375911439161],[-34.995009066715,-8.12282595805146],[-34.9942314364316,-8.12352582485688]]]}},{"type":"Feature","properties":{"id":"7240","municipality":"2611606","density":"Pouco densa","type":"Área urbanizada","state":"PE"},"geometry":{"type":"Polygon","coordinates":[[[-34.8936945476652,-7.96856467821727],[-34.8964195222431,-7.96979819642958],[-34.8966098790426,-7.96898917980679],[-34.8957056835704,-7.96710940517488],[-34.8945635427732,-7.96696663780007],[-34.8936831415637,-7.96627659428937],[-34.893659347301,-7.96423025801995],[-34.8932310442772,-7.96470614956913],[-34.8932312852955,-7.96652569840223],[-34.8936945476652,-7.96856467821727]]]}},{"type":"Feature","properties":{"id":"7241","municipality":"2611606","density":"Pouco densa","type":"Área urbanizada","state":"PE"},"geometry":{"type":"Polygon","coordinates":[[[-35.0574538221362,-7.90841594234183],[-35.0574181298428,-7.90912978101456],[-35.0594168766875,-7.91159252317635],[-35.0596667209423,-7.91105714417182],[-35.0591670342312,-7.91041469008582],[-35.0591313419378,-7.90941531576419],[-35.059952255692,-7.90802333071207],[-35.0584175041644,-7.90745226121284],[-35.0574538221362,-7.90841594234183]]]}},{"type":"Feature","properties":{"id":"7242","municipality":"2611606","density":"Pouco densa","type":"Área urbanizada","state":"PE"},"geometry":{"type":"Polygon","coordinates":[[[-35.2018135923234,-8.16423478840473],[-35.2019325654355,-8.16619784385536],[-35.2033602418816,-8.16697116908415],[-35.2030033234446,-8.16358043718736],[-35.2018135923234,-8.16423478840473]]]}},{"type":"Feature","properties":{"id":"7243","municipality":"2611606","density":"Pouco densa","type":"Área urbanizada","state":"PE"},"geometry":{"type":"Polygon","coordinates":[[[-35.095507908763,-8.50772387415743],[-35.0950474657679,-8.5084720948113],[-35.0942704668085,-8.51103331273716],[-35.0943280216209,-8.51155131234317],[-35.0951625771912,-8.51189664481427],[-35.0965726853811,-8.51111964585495],[-35.0978964613525,-8.50942176000615],[-35.0979252387587,-8.50835698428734],[-35.0961410188929,-8.50755120702251],[-35.095507908763,-8.50772387415743]]]}},{"type":"Feature","properties":{"id":"7244","municipality":"2611606","density":"Pouco densa","type":"Área urbanizada","state":"PE"},"geometry":{"type":"Polygon","coordinates":[[[-34.9393818307068,-8.14592292959946],[-34.9367757635906,-8.14763206956433],[-34.9395666413873,-8.14987795100661],[-34.9428978858287,-8.15071076189212],[-34.9432548060644,-8.1492830863453],[-34.9424814808356,-8.14791489555593],[-34.9407563707099,-8.14749848966352],[-34.9420055883871,-8.14696311065899],[-34.9415296959387,-8.14577338133643],[-34.9397451010555,-8.14648721910981],[-34.940053643161,-8.14595828824434],[-34.9393818307068,-8.14592292959946]]]}},{"type":"Feature","properties":{"id":"7245","municipality":"2611606","density":"Pouco densa","type":"Área urbanizada","state":"PE"},"geometry":{"type":"Polygon","coordinates":[[[-35.0204565819057,-8.12458427384513],[-35.0185429307117,-8.12270994460823],[-35.0171715329399,-8.12368135091356],[-35.0169382443045,-8.124458981197],[-35.0142165378629,-8.12578095312843],[-35.0129723294094,-8.12881371168341],[-35.0146053525549,-8.12912476379679],[-35.0149164046683,-8.13083555131959],[-35.0170937703612,-8.13005792013684],[-35.0182602162359,-8.13044673482893],[-35.0190378456201,-8.12959134196683],[-35.0177158736886,-8.12733621369529],[-35.0183379788146,-8.12686963642455],[-35.0196599498468,-8.12780279186529],[-35.0192711351547,-8.12648081993389],[-35.0199710028595,-8.12616976782051],[-35.0199710028594,-8.12578095312842],[-35.0209041591995,-8.12609200524179],[-35.0212152113129,-8.12702516158192],[-35.022226131131,-8.12648081993389],[-35.0225152083101,-8.12561358659769],[-35.0204565819057,-8.12458427384513]]]}},{"type":"Feature","properties":{"id":"7246","municipality":"2611606","density":"Pouco densa","type":"Área urbanizada","state":"PE"},"geometry":{"type":"Polygon","coordinates":[[[-34.8800742909957,-7.93454719499699],[-34.8797530639527,-7.93515395768895],[-34.881073664418,-7.93565364529945],[-34.8821801138212,-7.93543949333794],[-34.8826084168449,-7.93493980572743],[-34.8800742909957,-7.93454719499699]]]}},{"type":"Feature","properties":{"id":"7247","municipality":"2611606","density":"Pouco densa","type":"Área urbanizada","state":"PE"},"geometry":{"type":"Polygon","coordinates":[[[-35.2038361343301,-8.10837694104293],[-35.2038956208862,-8.10897180660356],[-35.2048474048838,-8.10932872593993],[-35.2059776494489,-8.10873386127861],[-35.2060371351057,-8.10819848227409],[-35.2046094586595,-8.10736566958992],[-35.2038361343301,-8.10837694104293]]]}},{"type":"Feature","properties":{"id":"7248","municipality":"2611606","density":"Pouco densa","type":"Área urbanizada","state":"PE"},"geometry":{"type":"Polygon","coordinates":[[[-34.9188059097649,-7.86905642141664],[-34.9189843703324,-7.86881847519242],[-34.9203052307018,-7.87029174276967],[-34.9205310198906,-7.87113844908009],[-34.9197576946618,-7.8717333137414],[-34.9185084778839,-7.87042461130672],[-34.9174972073302,-7.87072204318772],[-34.9187464241081,-7.87238766585807],[-34.9183895047718,-7.87345842296781],[-34.9174776551696,-7.87357240484254],[-34.9183300182157,-7.87488610031324],[-34.9189843703324,-7.87506455998142],[-34.9189597181165,-7.87560690513454],[-34.9201146139982,-7.87583788431085],[-34.9205905064467,-7.87678966920784],[-34.9207689661148,-7.87500507342537],[-34.9197576946618,-7.87530250620564],[-34.9194602618815,-7.87286355830651],[-34.92130434422,-7.87125742219223],[-34.9213043442201,-7.87072204318771],[-34.9192818031126,-7.86858052806888],[-34.9187464241081,-7.86721233817883],[-34.9182110451036,-7.86727182473487],[-34.9185084778839,-7.8679856634076],[-34.9178541257672,-7.86822360873253],[-34.9188059097649,-7.86905642141664]]]}},{"type":"Feature","properties":{"id":"7249","municipality":"2611606","density":"Pouco densa","type":"Área urbanizada","state":"PE"},"geometry":{"type":"Polygon","coordinates":[[[-34.9990527450881,-8.12181503823338],[-34.9995970858368,-8.12212609034674],[-34.9996748493148,-8.12305924668687],[-34.9988194555533,-8.12337029880018],[-34.9990527450881,-8.12391464044827],[-35.0008412951896,-8.12383687697025],[-35.0007635317116,-8.12422569166229],[-35.0012301098816,-8.12438121771897],[-35.0034074746752,-8.12375911439161],[-35.0043406319146,-8.12204832686878],[-35.001074583825,-8.12080411931458],[-34.9990527450881,-8.12181503823338]]]}},{"type":"Feature","properties":{"id":"7250","municipality":"2611606","density":"Pouco densa","type":"Área urbanizada","state":"PE"},"geometry":{"type":"Polygon","coordinates":[[[-34.8744839189976,-7.99916973789305],[-34.8753844047664,-7.99874533702765],[-34.8756223509907,-7.99684176813305],[-34.8780612988898,-7.99654433625205],[-34.8779423257777,-7.99594946979215],[-34.8755033778785,-7.99612793035966],[-34.8749085132173,-7.99571152356794],[-34.8747895401051,-7.99630639002782],[-34.8731239174348,-7.99761509336184],[-34.872053160325,-7.99672279502092],[-34.8717557266454,-7.99493819923845],[-34.870982402316,-7.99475973957028],[-34.8708039426478,-7.99416487490903],[-34.8700306183183,-7.99458127990209],[-34.8693762662017,-7.99351052279237],[-34.8722911056499,-7.99303463124318],[-34.8722911056499,-7.99273719756354],[-34.8703280510986,-7.9924397647833],[-34.8698521577508,-7.99172592700991],[-34.8694952393138,-7.99273719756354],[-34.8690788343207,-7.99232079167115],[-34.8685434553162,-7.9924397647833],[-34.8687814006411,-7.9935700093484],[-34.8682460216365,-7.99303463124318],[-34.8681865359798,-7.9910120892365],[-34.867056292314,-7.99035773711984],[-34.8660875569951,-7.99118339569715],[-34.8744839189976,-7.99916973789305]]]}},{"type":"Feature","properties":{"id":"7251","municipality":"2611606","density":"Pouco densa","type":"Área urbanizada","state":"PE"},"geometry":{"type":"Polygon","coordinates":[[[-35.1503022898188,-7.92608363924853],[-35.1502234732346,-7.9251969463819],[-35.1515321765686,-7.92460208082133],[-35.1515321765686,-7.92501848671373],[-35.1520080690171,-7.92489951360165],[-35.1521270421292,-7.9242451623843],[-35.1554582865706,-7.92281748503888],[-35.1561721261427,-7.92091391704363],[-35.1526624211338,-7.92079494393147],[-35.1504019329028,-7.92186570104122],[-35.1493311748937,-7.92388824304795],[-35.1492452707526,-7.92575049888639],[-35.1503022898188,-7.92608363924853]]]}},{"type":"Feature","properties":{"id":"7252","municipality":"2611606","density":"Pouco densa","type":"Área urbanizada","state":"PE"},"geometry":{"type":"Polygon","coordinates":[[[-34.9759727185661,-7.99299047992669],[-34.9741881227836,-7.99102742357668],[-34.9761511782343,-7.98965923368668],[-34.9757347732411,-7.98912385468208],[-34.9765080975706,-7.98787463790417],[-34.977162448788,-7.98793412535957],[-34.9770434756758,-7.98888590935718],[-34.9776383421357,-7.98965923368668],[-34.97787628836,-7.99114639668881],[-34.97787628836,-7.99215766814184],[-34.9771029631312,-7.9927525328031],[-34.9771029631312,-7.99358534458793],[-34.9775788546804,-7.99364483114397],[-34.9777573152478,-7.99293099337059],[-34.9786496117901,-7.9927525328031],[-34.9788280723576,-7.99215766814184],[-34.9788280723576,-7.99025409924725],[-34.9783521799091,-7.98959974802988],[-34.9793039639067,-7.98620901613317],[-34.9787090992455,-7.98549517656114],[-34.9793039639068,-7.98329417578554],[-34.9801962622477,-7.98246136490004],[-34.9805531806847,-7.98115266066674],[-34.9797798563553,-7.98085522788643],[-34.9798393429113,-7.98026036322511],[-34.9807911269089,-7.98020087666909],[-34.980493695028,-7.97841628088664],[-34.9810290731332,-7.97829730777448],[-34.9810885596892,-7.9778809018821],[-34.9804342075726,-7.97764295565783],[-34.9803152353598,-7.97710757665329],[-34.9783521799091,-7.97740501033292],[-34.978233206797,-7.97782141622531],[-34.9797798563553,-7.9785352539987],[-34.9796013966871,-7.97924909177216],[-34.9779952605728,-7.97817833466234],[-34.9769839900191,-7.97817833466237],[-34.9767460437948,-7.9785352539987],[-34.9775193681243,-7.9795465245524],[-34.9793039639067,-7.98020087666908],[-34.9781142336849,-7.98561414967321],[-34.9771029631312,-7.98644696235739],[-34.9757942588979,-7.98418647412644],[-34.9740096640147,-7.98442442035065],[-34.9747235017881,-7.98614952867776],[-34.9762701513463,-7.98597106990889],[-34.97591323201,-7.9874582329111],[-34.9752588807927,-7.98823155813984],[-34.9744855555639,-7.98793412535957],[-34.973652743779,-7.98823155813984],[-34.9731173656738,-7.98930231524958],[-34.973652743779,-7.98948077491782],[-34.973652743779,-7.98995666736624],[-34.9718681488959,-7.9906110185836],[-34.9703214993377,-7.99191972191761],[-34.9699645800013,-7.99126536980096],[-34.9694292009968,-7.99257407403422],[-34.9705594446626,-7.99340688491975],[-34.9724630135572,-7.99126536980096],[-34.9749614480124,-7.99346637237511],[-34.9756158001291,-7.99358534458793],[-34.9759727185661,-7.99299047992669]]]}},{"type":"Feature","properties":{"id":"7254","municipality":"2611606","density":"Pouco densa","type":"Área urbanizada","state":"PE"},"geometry":{"type":"Polygon","coordinates":[[[-35.0456705359664,-8.27812003101458],[-35.0451946444173,-8.27788208479036],[-35.04531361663,-8.27710875956154],[-35.0448972107376,-8.27681132678128],[-35.0452541309733,-8.27574056967148],[-35.0445402923006,-8.2755026243466],[-35.0440643998521,-8.27597851589576],[-35.0431721024106,-8.27597851589576],[-35.0432910746233,-8.27336110922777],[-35.0427556974175,-8.27330162177238],[-35.0426962099621,-8.27407494700117],[-35.0418953879618,-8.273958579225],[-35.0417444259644,-8.27520519066696],[-35.0412685326166,-8.27502673189811],[-35.0404357217311,-8.27597851589576],[-35.0417444259644,-8.2769897873488],[-35.043588508303,-8.27633543523212],[-35.043588508303,-8.27675184112451],[-35.0443618326324,-8.27698978734879],[-35.0430531292984,-8.2781795166713],[-35.0434100477354,-8.27889335624338],[-35.044956698193,-8.27990462679703],[-35.0456705359664,-8.27812003101458]]]}},{"type":"Feature","properties":{"id":"7255","municipality":"2611606","density":"Pouco densa","type":"Área urbanizada","state":"PE"},"geometry":{"type":"Polygon","coordinates":[[[-35.0069793839913,-8.07108806236416],[-35.0063181646515,-8.07020643717728],[-35.0040406342678,-8.0719696866517],[-35.0052896028329,-8.07285131183854],[-35.0051817246568,-8.07376827588519],[-35.0069059147761,-8.07579006066271],[-35.0078603337873,-8.07590936292672],[-35.0086691642505,-8.07358599859493],[-35.0091834460591,-8.07380640534127],[-35.0092569143751,-8.07351253027902],[-35.0080003303509,-8.07305559104266],[-35.0081548833412,-8.07219009339802],[-35.0077140707477,-8.07108806236416],[-35.0088161017816,-8.07064724977074],[-35.0076406024318,-8.06976562458385],[-35.0069793839913,-8.07108806236416]]]}},{"type":"Feature","properties":{"id":"7256","municipality":"2611606","density":"Pouco densa","type":"Área urbanizada","state":"PE"},"geometry":{"type":"Polygon","coordinates":[[[-34.8419691849299,-7.84698597921955],[-34.8427425101587,-7.8506741438966],[-34.8430994285957,-7.85543306568337],[-34.8444676202844,-7.85448128078646],[-34.8441701866048,-7.85245873877973],[-34.8447650521654,-7.85198284723056],[-34.8447650521654,-7.85019825144809],[-34.8433968622753,-7.84883006065872],[-34.8433968622753,-7.84746187076867],[-34.8439917269366,-7.84728341199981],[-34.844348646273,-7.8479972497732],[-34.8468470807281,-7.84817571034074],[-34.8469660538403,-7.84764033133615],[-34.8442641126986,-7.84686586756568],[-34.8419691849299,-7.84698597921955]]]}},{"type":"Feature","properties":{"id":"7257","municipality":"2611606","density":"Pouco densa","type":"Área urbanizada","state":"PE"},"geometry":{"type":"Polygon","coordinates":[[[-34.9215459488864,-7.95882987859595],[-34.9216054354425,-7.9599006357057],[-34.9237220456358,-7.9620744526738],[-34.9233305446689,-7.96442161216761],[-34.9238659227741,-7.96578980205767],[-34.9246987345589,-7.96626569360682],[-34.9261858975611,-7.96590877516979],[-34.9292197101215,-7.96674158695465],[-34.9289222782405,-7.96733645161589],[-34.9299335487942,-7.96674158695465],[-34.9309448202472,-7.96668210039855],[-34.9313017386842,-7.9670390188356],[-34.9345734983682,-7.96614672139403],[-34.9358822008029,-7.96388623316307],[-34.9350493899174,-7.96430263905553],[-34.9339191462516,-7.96329136760251],[-34.933383767247,-7.96352931382673],[-34.9321940370252,-7.96656312728647],[-34.9313017386842,-7.96608723483799],[-34.9269592227898,-7.96561134328879],[-34.9261264110051,-7.96507596428427],[-34.9244607883347,-7.96525442305313],[-34.9249366807832,-7.96376726005098],[-34.9244013017786,-7.96251804327301],[-34.925115139552,-7.95978166259363],[-34.9240443833416,-7.95960320382479],[-34.9239190808009,-7.96056384794323],[-34.9231520850007,-7.96043601471024],[-34.9230925984446,-7.95960320382479],[-34.9224977328841,-7.95900833826415],[-34.9232710581128,-7.95752117526202],[-34.9238064371173,-7.95769963493018],[-34.9242228421104,-7.95639093069685],[-34.9220218413349,-7.95561760636741],[-34.9217838951106,-7.95597452480446],[-34.9223192741152,-7.95639093069685],[-34.9215459488864,-7.95882987859595]]]}},{"type":"Feature","properties":{"id":"7258","municipality":"2611606","density":"Pouco densa","type":"Área urbanizada","state":"PE"},"geometry":{"type":"Polygon","coordinates":[[[-34.8482951367112,-7.76482169216731],[-34.8483248799891,-7.76737961227924],[-34.8502879363392,-7.76687397655274],[-34.8503474219959,-7.76892626183747],[-34.8512099770588,-7.7690749782276],[-34.8534704652897,-7.76732012572321],[-34.8526673967829,-7.7662196253354],[-34.8537381538927,-7.76532732699452],[-34.8524294505586,-7.76419708332866],[-34.8518940715541,-7.76276940688258],[-34.849187435052,-7.76378067743627],[-34.8482951367112,-7.76482169216731]]]}},{"type":"Feature","properties":{"id":"7259","municipality":"2611606","density":"Pouco densa","type":"Área urbanizada","state":"PE"},"geometry":{"type":"Polygon","coordinates":[[[-34.8879955492551,-7.96995385918319],[-34.887162736571,-7.97001334483998],[-34.8867463315779,-7.97203588684665],[-34.8859730072484,-7.9734040767367],[-34.8853781407885,-7.97382048262917],[-34.8840099508985,-7.9734040767367],[-34.8840099508985,-7.97382048262917],[-34.8851401945643,-7.97441534818974],[-34.8866273575665,-7.97310664485572],[-34.8879955492551,-7.97054872384451],[-34.8879955492551,-7.96995385918319]]]}},{"type":"Feature","properties":{"id":"7260","municipality":"2611606","density":"Pouco densa","type":"Área urbanizada","state":"PE"},"geometry":{"type":"Polygon","coordinates":[[[-35.0405305309592,-8.58324907898175],[-35.0394597738494,-8.58277318743262],[-35.0388649091882,-8.58307061931356],[-35.03948669593375,-8.58517641584331],[-35.0406495040713,-8.58497418820816],[-35.0405305309592,-8.58324907898175]]]}},{"type":"Feature","properties":{"id":"7261","municipality":"2611606","density":"Pouco densa","type":"Área urbanizada","state":"PE"},"geometry":{"type":"Polygon","coordinates":[[[-34.9241633555544,-7.94538592412107],[-34.9242823286665,-7.94853870979359],[-34.9248771942271,-7.94806281824442],[-34.9250556538952,-7.94859819634963],[-34.9264833303414,-7.94812230390115],[-34.9268402487784,-7.94824127701326],[-34.9263643572293,-7.9488361416746],[-34.9266617900096,-7.94895511568598],[-34.9277325471193,-7.94770589800874],[-34.9244607883347,-7.94705154679139],[-34.9248771942271,-7.94550489723316],[-34.9241633555544,-7.94538592412107]]]}},{"type":"Feature","properties":{"id":"7262","municipality":"2611606","density":"Pouco densa","type":"Área urbanizada","state":"PE"},"geometry":{"type":"Polygon","coordinates":[[[-35.0997309731059,-8.03970326619276],[-35.1000878924422,-8.0389001976859],[-35.1001473789983,-8.03509305989672],[-35.1005637839914,-8.03458742506956],[-35.0990171353325,-8.03443870778011],[-35.09785714659,-8.0352715195649],[-35.0977679176552,-8.03791867041027],[-35.0990171353325,-8.03995762234633],[-35.0997309731059,-8.03970326619276]]]}},{"type":"Feature","properties":{"id":"7263","municipality":"2611606","density":"Pouco densa","type":"Área urbanizada","state":"PE"},"geometry":{"type":"Polygon","coordinates":[[[-34.9043720733125,-7.88190952040798],[-34.9037558191757,-7.8816080766514],[-34.9036368460635,-7.88077526576587],[-34.9021496830614,-7.87922861620763],[-34.9007220066153,-7.87821734475461],[-34.9001866276107,-7.8784552918782],[-34.9007220066153,-7.87982348176822],[-34.901792763725,-7.88006142799249],[-34.9013763578326,-7.8816080766514],[-34.8998297091737,-7.88172704976347],[-34.8984615192837,-7.88279780777258],[-34.8993538167252,-7.88345215988921],[-34.8988184377207,-7.88440394388688],[-34.8966174360458,-7.88452291699895],[-34.8963794898215,-7.88559367500807],[-34.8971528150503,-7.88583162123228],[-34.8973907612745,-7.88511778166027],[-34.897807167167,-7.88511778166027],[-34.897807167167,-7.88595059434443],[-34.8986994646086,-7.88595059434444],[-34.8990563839449,-7.88505829600353],[-34.9011978990637,-7.88434445823011],[-34.9016737906129,-7.88464189011109],[-34.9013168721758,-7.88517726911562],[-34.9023281427296,-7.88505829600353],[-34.9031609536151,-7.88327370022103],[-34.9036408786236,-7.88330193083937],[-34.9043720733125,-7.88190952040798]]]}},{"type":"Feature","properties":{"id":"7264","municipality":"2611606","density":"Pouco densa","type":"Área urbanizada","state":"PE"},"geometry":{"type":"Polygon","coordinates":[[[-35.0189367123593,-7.94702850076465],[-35.0177469821374,-7.94792079910553],[-35.0198761837389,-7.94913149522227],[-35.0184960967174,-7.94960738677145],[-35.0183771236053,-7.94901252211013],[-35.0158434132429,-7.94786131344883],[-35.0153675207944,-7.948337204998],[-35.0156649526754,-7.9492889889956],[-35.0165572510162,-7.94964590833197],[-35.0167951972405,-7.95024077389257],[-35.0174495493572,-7.94988385365691],[-35.0178064677942,-7.95035974700468],[-35.0191637722902,-7.95017709199914],[-35.0187414488587,-7.95123619209654],[-35.0213956261072,-7.95225187742217],[-35.0210782265788,-7.95250126122421],[-35.0216136055834,-7.9536909923454],[-35.0220894980318,-7.95351253177786],[-35.0217325786955,-7.95309612678478],[-35.0225059039243,-7.95262023523561],[-35.0231007685856,-7.95303664022873],[-35.0229817963727,-7.95369099234541],[-35.024528445931,-7.95666531834975],[-35.0248853652673,-7.95642737212546],[-35.0244094728189,-7.95517815534755],[-35.0248480910665,-7.95492229372883],[-35.0261158329793,-7.95699523374299],[-35.0268181558332,-7.95706546719749],[-35.0268883883884,-7.95643337599944],[-35.0258349045571,-7.95552035817793],[-35.0270288517001,-7.95439664179156],[-35.0263265297455,-7.95390501570388],[-35.0253381730182,-7.95469466092982],[-35.0244689593749,-7.95398842512567],[-35.024468959375,-7.95345304612112],[-35.0255992030408,-7.95339355866578],[-35.0264320139262,-7.95285818056056],[-35.0260156089332,-7.95256074778024],[-35.0276812307042,-7.95095461166596],[-35.0270268803862,-7.95006231422441],[-35.0266343532927,-7.95019315568953],[-35.0269586200442,-7.94941015375554],[-35.0261158329793,-7.94933992120037],[-35.0253432793688,-7.94863759924579],[-35.0242195629824,-7.94990177894391],[-35.0235874726837,-7.94969108307698],[-35.0229817963727,-7.94882803698426],[-35.0229817963727,-7.94780182599346],[-35.0217920652516,-7.94738542010099],[-35.0210782265788,-7.94631466299126],[-35.0212566871464,-7.94601723021094],[-35.0205428475743,-7.94577928398672],[-35.0203049022494,-7.94619568987912],[-35.0198884972563,-7.94607671676704],[-35.0203643888054,-7.94476801343302],[-35.0198884972563,-7.94423263532781],[-35.0194126039085,-7.94476801343302],[-35.0196505510321,-7.94518441932548],[-35.0189367123593,-7.94702850076465]]]}},{"type":"Feature","properties":{"id":"7265","municipality":"2611606","density":"Pouco densa","type":"Área urbanizada","state":"PE"},"geometry":{"type":"Polygon","coordinates":[[[-34.9241596980116,-7.8256312570768],[-34.9250534397644,-7.82575745444292],[-34.9263012122311,-7.82991428731446],[-34.9260368421265,-7.829969220603],[-34.927198900209,-7.83019245841519],[-34.9308123761901,-7.82892010657759],[-34.9306596937898,-7.82774954540515],[-34.9320338326952,-7.82698613430262],[-34.9319829391613,-7.82627361763333],[-34.9311688638519,-7.82611651596439],[-34.9313722095597,-7.82220209624967],[-34.9234346034241,-7.82164565961945],[-34.9241596980116,-7.8256312570768]]]}},{"type":"Feature","properties":{"id":"7266","municipality":"2611606","density":"Pouco densa","type":"Área urbanizada","state":"PE"},"geometry":{"type":"Polygon","coordinates":[[[-34.9995293830745,-7.97704809099657],[-35.0010165460767,-7.97799987499417],[-35.0007191132964,-7.9766911716602],[-35.0022062762986,-7.97657219944741],[-35.0006001401843,-7.9752634952141],[-34.9994698956191,-7.97591784733072],[-34.9995293830745,-7.97704809099657]]]}},{"type":"Feature","properties":{"id":"7267","municipality":"2611606","density":"Pouco densa","type":"Área urbanizada","state":"PE"},"geometry":{"type":"Polygon","coordinates":[[[-34.9725225001133,-7.99459661604097],[-34.9726414732253,-7.99614326469988],[-34.9722250682323,-7.99679761681655],[-34.9729389060057,-7.99703556304076],[-34.9729983925617,-7.99786837482562],[-34.9716302026717,-7.99822529416196],[-34.9716302026717,-7.9992960512717],[-34.9740691496715,-7.99810632104983],[-34.9741286371268,-7.99757094204529],[-34.9747829883442,-7.99721402270894],[-34.9747829883442,-7.9968571042719],[-34.9738312043465,-7.99673813115977],[-34.9738312043465,-7.99620275215522],[-34.9731768522299,-7.99614326469988],[-34.9729389060057,-7.9956673731507],[-34.973295825342,-7.99477507480982],[-34.9725225001133,-7.99459661604097]]]}},{"type":"Feature","properties":{"id":"7268","municipality":"2611606","density":"Pouco densa","type":"Área urbanizada","state":"PE"},"geometry":{"type":"Polygon","coordinates":[[[-34.8401838211264,-7.89146661938896],[-34.8401895785861,-7.8903845218282],[-34.839733259882,-7.89044156222827],[-34.8388776628738,-7.88935780541834],[-34.8389917418754,-7.88730437169937],[-34.8378725697632,-7.88391982264165],[-34.836535966715445,-7.884817541560233],[-34.836535966715445,-7.884817541560234],[-34.835981604305466,-7.889641764059295],[-34.8376740687033,-7.89272149470118],[-34.8401838211264,-7.89146661938896]]]}},{"type":"Feature","properties":{"id":"7269","municipality":"2611606","density":"Pouco densa","type":"Área urbanizada","state":"PE"},"geometry":{"type":"Polygon","coordinates":[[[-35.0294347746951,-8.00985773614553],[-35.0302675855806,-8.0096792773767],[-35.0311598839215,-8.01075003358716],[-35.0301486133678,-8.01098797981139],[-35.0295537478072,-8.01211822437648],[-35.0299106671435,-8.01265360338108],[-35.0311598839215,-8.01188027815227],[-35.0330634528161,-8.01301052181812],[-35.0344316427061,-8.01283206214993],[-35.0353137903991,-8.01822466243818],[-35.0372869955983,-8.01889968817005],[-35.0385362132756,-8.01848328227761],[-35.039309537605,-8.01872122760251],[-35.0394879972732,-8.01622279404667],[-35.0390121048247,-8.01622279404667],[-35.0388336460559,-8.0173530377125],[-35.0381198073832,-8.01770995704885],[-35.0371085359301,-8.01806687728453],[-35.0358221007093,-8.01752417869786],[-35.0366549133935,-8.01603701569565],[-35.037941347715,-8.01598484782244],[-35.037584429278,-8.01538998316112],[-35.0363946981568,-8.01562792938542],[-35.0349670217106,-8.01396230581571],[-35.035984323118,-8.00970861236255],[-35.0340255241586,-8.00907095166304],[-35.0336686048222,-8.0080001945533],[-35.0289691686921,-8.00817865422147],[-35.0287735724424,-8.00853533074086],[-35.0294347746951,-8.00985773614553]]]}},{"type":"Feature","properties":{"id":"7270","municipality":"2611606","density":"Pouco densa","type":"Área urbanizada","state":"PE"},"geometry":{"type":"Polygon","coordinates":[[[-34.9243488353304,-7.81670554062819],[-34.9283694631802,-7.81782520916601],[-34.9284203567141,-7.81853772583533],[-34.9294891308187,-7.81762163323175],[-34.9295909187858,-7.81609481192601],[-34.9245015168314,-7.8151787202217],[-34.9243488353304,-7.81670554062819]]]}},{"type":"Feature","properties":{"id":"7271","municipality":"2611606","density":"Pouco densa","type":"Área urbanizada","state":"PE"},"geometry":{"type":"Polygon","coordinates":[[[-34.9600097072821,-8.36012803298229],[-34.959426798078844,-8.360250750722846],[-34.96008783590082,-8.36314458193113],[-34.9610804652912,-8.36241231457661],[-34.9600097072821,-8.36012803298229]]]}},{"type":"Feature","properties":{"id":"7272","municipality":"2611606","density":"Pouco densa","type":"Área urbanizada","state":"PE"},"geometry":{"type":"Polygon","coordinates":[[[-34.9729389060057,-7.98234239178788],[-34.9721060951201,-7.98281828423638],[-34.9712137967792,-7.98275879678103],[-34.9702025262255,-7.98240187834398],[-34.9692507422279,-7.98400801355894],[-34.9675851186582,-7.98329417578554],[-34.9671092271091,-7.98371058167793],[-34.9680610111067,-7.98472185313098],[-34.9690722816604,-7.98448390600744],[-34.9691317682165,-7.98519774468015],[-34.9698456068892,-7.98519774468015],[-34.9697861203331,-7.98424595978316],[-34.9706784177747,-7.98305622956128],[-34.9714517430035,-7.98371058167793],[-34.9717491757838,-7.98335366324091],[-34.9725225001133,-7.98359160856587],[-34.9733553118981,-7.98263982366888],[-34.9729389060057,-7.98234239178788]]]}},{"type":"Feature","properties":{"id":"7273","municipality":"2611606","density":"Pouco densa","type":"Área urbanizada","state":"PE"},"geometry":{"type":"Polygon","coordinates":[[[-34.8406009950398,-7.85567101190767],[-34.8408226311595,-7.85267893598406],[-34.84052244184805,-7.850126078574181],[-34.84035862786283,-7.851551635392179],[-34.84003624762153,-7.854357081766811],[-34.840422536271,-7.85471922701067],[-34.8406009950398,-7.85567101190767]]]}},{"type":"Feature","properties":{"id":"7274","municipality":"2611606","density":"Pouco densa","type":"Área urbanizada","state":"PE"},"geometry":{"type":"Polygon","coordinates":[[[-34.9919625359423,-8.09710149933465],[-34.9938066191801,-8.09751790522711],[-34.9932117527202,-8.09805328423164],[-34.9948773762898,-8.09930250100957],[-34.9951748090701,-8.0986481488929],[-34.9948178888345,-8.09835071611264],[-34.996364539292,-8.09680406655441],[-34.9985596198305,-8.09834525093255],[-35.0000636640069,-8.0981750740204],[-35.0009968212462,-8.09700862814561],[-35.0009968212462,-8.09615323528353],[-35.0002191900635,-8.09560889363547],[-34.9992860337234,-8.09584218317018],[-34.9981195878486,-8.09467573729542],[-34.9974197210432,-8.09529784062277],[-34.9964865647032,-8.09428692170407],[-34.9957089344197,-8.09490902593074],[-34.9943091990103,-8.09405363306866],[-34.991534374112,-8.0966344130477],[-34.9919625359423,-8.09710149933465]]]}},{"type":"Feature","properties":{"id":"7275","municipality":"2611606","density":"Pouco densa","type":"Área urbanizada","state":"PE"},"geometry":{"type":"Polygon","coordinates":[[[-34.9907848638304,-7.98281828423638],[-34.9919151083955,-7.98388904134612],[-34.9942945688392,-7.98781515224743],[-34.9924504856014,-7.98835053125196],[-34.9925694587135,-7.98876693624505],[-34.9938186763907,-7.988707449689],[-34.9941755957271,-7.98965923368668],[-34.9943540553953,-7.98763669167994],[-34.9952463528369,-7.98704182701863],[-34.9981611931845,-7.98686336824979],[-34.9982801662966,-7.98739874635505],[-34.9989345184133,-7.98704182701863],[-34.9988155453011,-7.98638747490202],[-34.9980422200724,-7.98603055556568],[-34.9976258141799,-7.9865064480141],[-34.9956032721732,-7.9862685017899],[-34.9947704612877,-7.98674439423839],[-34.9916771612719,-7.98216393211971],[-34.9907848638304,-7.98281828423638]]]}},{"type":"Feature","properties":{"id":"7276","municipality":"2611606","density":"Pouco densa","type":"Área urbanizada","state":"PE"},"geometry":{"type":"Polygon","coordinates":[[[-34.9168428552135,-7.88487983633537],[-34.9183300182157,-7.88374959177021],[-34.9182705316597,-7.88303575399682],[-34.9169618283257,-7.88303575399682],[-34.9169618283257,-7.88214345565593],[-34.9174377198748,-7.88190551033096],[-34.9171997736506,-7.88142961788253],[-34.9169023417696,-7.8816080766514],[-34.9169023417696,-7.88047783298555],[-34.9192818031126,-7.87928810276367],[-34.9190438559891,-7.87899066998342],[-34.9163669627651,-7.88041834732882],[-34.9160100443281,-7.88232191622342],[-34.914998772875,-7.88369010611347],[-34.9151177459871,-7.88511778166027],[-34.9168428552135,-7.88487983633537]]]}},{"type":"Feature","properties":{"id":"7277","municipality":"2611606","density":"Pouco densa","type":"Área urbanizada","state":"PE"},"geometry":{"type":"Polygon","coordinates":[[[-35.0163984667158,-8.5107611293226],[-35.0169933322764,-8.51260521076184],[-35.0178261431619,-8.51278367132931],[-35.0178261431619,-8.51337853599057],[-35.0171717919446,-8.51373545532698],[-35.0176476843931,-8.51492518644814],[-35.0186589549468,-8.5156985098783],[-35.0190158742831,-8.5176020787729],[-35.0185399818346,-8.51772105188496],[-35.0185399818346,-8.51920821488717],[-35.018896901171,-8.51962462077956],[-35.0203245776172,-8.51873232333798],[-35.0200271448368,-8.51694772665622],[-35.0194322801755,-8.51688824099951],[-35.0194917658323,-8.51581748299044],[-35.0205625238414,-8.51587697044579],[-35.0199081717247,-8.51492518644814],[-35.0212763616148,-8.51236726543694],[-35.0185994683907,-8.51290264444145],[-35.0182425490544,-8.51236726543694],[-35.0185994683907,-8.51135599398389],[-35.0172907650567,-8.51147496709604],[-35.0172312776014,-8.51070164186724],[-35.0180046028301,-8.51088010243473],[-35.0186589549468,-8.51016626376203],[-35.0169338457204,-8.50897653264083],[-35.0163984667158,-8.5107611293226]]]}},{"type":"Feature","properties":{"id":"7278","municipality":"2611606","density":"Pouco densa","type":"Área urbanizada","state":"PE"},"geometry":{"type":"Polygon","coordinates":[[[-34.9542229476309,-8.20502180681086],[-34.9526465547946,-8.20594384842981],[-34.9535535165815,-8.20826147868424],[-34.9577159450348,-8.20609814781125],[-34.9559052176516,-8.20356433222811],[-34.9535852428646,-8.20404022377727],[-34.9542229476309,-8.20502180681086]]]}},{"type":"Feature","properties":{"id":"7279","municipality":"2611606","density":"Pouco densa","type":"Área urbanizada","state":"PE"},"geometry":{"type":"Polygon","coordinates":[[[-34.9675763934358,-8.32475734527521],[-34.9650422666872,-8.32536410706786],[-34.9655062620043,-8.32639917278358],[-34.9681117724403,-8.32582810238495],[-34.9675763934358,-8.32475734527521]]]}}]}