{"type":"FeatureCollection","features":[{"type":"Feature","properties":{"id":"327","municipality":"2207702","density":"Densa","type":"Área urbanizada","state":"PI"},"geometry":{"type":"Polygon","coordinates":[[[-41.766288549,-2.93343321599999],[-41.765714106,-2.93167976499996],[-41.763929511,-2.93201288999996],[-41.7641375169999,-2.93350935899999],[-41.764860873,-2.93442307199996],[-41.7639852309999,-2.93497510699996],[-41.7642517309999,-2.93533678499995],[-41.763718732,-2.93606014099993],[-41.7630334469999,-2.93594592699997],[-41.762233948,-2.93470860699996],[-41.762462376,-2.93411850099996],[-41.7610347,-2.93467053599995],[-41.7617390199999,-2.93695481799996],[-41.7629192329999,-2.93666928299998],[-41.763090554,-2.93699288899997],[-41.7632238039999,-2.93744974599998],[-41.76257659,-2.93830635199992],[-41.762252984,-2.93754492399995],[-41.761986484,-2.93773528099995],[-41.7628430899999,-2.94040027799997],[-41.7631476609999,-2.94030509899994],[-41.7627479109999,-2.93889645799993],[-41.7638900529999,-2.93703096099996],[-41.763661624,-2.93647892599996],[-41.7647656939999,-2.93602206899995],[-41.7653558009999,-2.93640278299996],[-41.7656223,-2.93613628299994],[-41.7652796579999,-2.93491799899993],[-41.76712612,-2.93301443099996],[-41.767621048,-2.93335707299997],[-41.7666502269999,-2.93451824999994],[-41.767069013,-2.93480378499993],[-41.766440835,-2.93750685299996],[-41.7657936219999,-2.93836345899996],[-41.765032194,-2.93773528099995],[-41.7646134089999,-2.93796370999997],[-41.7655651929999,-2.93899163699997],[-41.7667834769999,-2.93834442299994],[-41.7686680099999,-2.93910585099996],[-41.7744847389999,-2.94343545699997],[-41.7760760319999,-2.94172361199999],[-41.777371693,-2.94284761299998],[-41.776461538,-2.94389015399997],[-41.776610255,-2.94427681599997],[-41.775480011,-2.94525834399997],[-41.776877944,-2.94567474999998],[-41.777621526,-2.94502039799995],[-41.7783353639999,-2.94579372299995],[-41.777770242,-2.94686447999993],[-41.77027494,-2.94505014099997],[-41.769799048,-2.94701319599996],[-41.7677467619999,-2.94737011499995],[-41.7669139509999,-2.94460399199994],[-41.76727087,-2.94439578899994],[-41.766973438,-2.94335477499993],[-41.7653970449999,-2.94356297799994],[-41.765367301,-2.94293836899993],[-41.7636719349999,-2.94275990999996],[-41.763106813,-2.94118351699995],[-41.760608379,-2.94148094899993],[-41.7604596629999,-2.94061839499995],[-41.759121216,-2.94070762499996],[-41.760013514,-2.94457424899998],[-41.760965299,-2.94457424899998],[-41.761177467,-2.94600581199995],[-41.764356031,-2.94546654699997],[-41.7654862739999,-2.94918445399999],[-41.766527289,-2.94906548099995],[-41.7669139509999,-2.95034444199997],[-41.769114953,-2.95031469799996],[-41.768520087,-2.94850035899999],[-41.769977507,-2.94817318399993],[-41.771137494,-2.95209929399993],[-41.774438997,-2.95135571299995],[-41.773249266,-2.94719165599998],[-41.7841947869999,-2.95010649599993],[-41.7846409359999,-2.94832189999996],[-41.782231731,-2.94757831799996],[-41.782053272,-2.94799472399995],[-41.780893284,-2.94772703499996],[-41.781131231,-2.94662653399997],[-41.779019459,-2.94606141199996],[-41.782291218,-2.94207581499995],[-41.7824696769999,-2.94228401799995],[-41.7835701779999,-2.94109428699995],[-41.7842542729999,-2.94165940899996],[-41.785146571,-2.94067788099995],[-41.784165043,-2.93990455699998],[-41.7848193949999,-2.93939892099997],[-41.7839865839999,-2.93868508299995],[-41.7827671099999,-2.93951789399994],[-41.7771959989999,-2.93428982199994],[-41.7770056419999,-2.93566039099994],[-41.7772150339999,-2.93588881999996],[-41.7778432119999,-2.93545099899997],[-41.7784142829999,-2.93592689099996],[-41.778033569,-2.93712613899995],[-41.7790614959999,-2.93836345899996],[-41.778476035,-2.93900906999994],[-41.7777862409999,-2.93852781899995],[-41.776923686,-2.93927139999994],[-41.773883789,-2.93769720999995],[-41.774074146,-2.93724035299994],[-41.7747784659999,-2.93760203099993],[-41.775140144,-2.93724035299994],[-41.7736743959999,-2.93634567599999],[-41.7740170389999,-2.93556521299996],[-41.773712468,-2.93522256999997],[-41.774283538,-2.93440403599995],[-41.773978967,-2.93415657199995],[-41.7750449659999,-2.93324285899997],[-41.775616037,-2.93360453699996],[-41.776034822,-2.93320478799995],[-41.7719040769999,-2.92907404299996],[-41.770247973,-2.92928343599994],[-41.766288549,-2.93343321599999]]]}},{"type":"Feature","properties":{"id":"328","municipality":"2207702","density":"Densa","type":"Área urbanizada","state":"PI"},"geometry":{"type":"Polygon","coordinates":[[[-41.7847402159999,-2.89683966199994],[-41.784175094,-2.89794016299993],[-41.7832233089999,-2.89773195999994],[-41.778999766,-2.89341918699997],[-41.779088996,-2.89050434699995],[-41.7781966979999,-2.88973102199999],[-41.7779290089999,-2.88815462899995],[-41.7762038989999,-2.88666746599995],[-41.775430574,-2.88681618299997],[-41.775609034,-2.89002845499995],[-41.7764994729999,-2.89214394399994],[-41.775460318,-2.89338944399999],[-41.7761274219999,-2.89609049999997],[-41.7755028139999,-2.89722074399999],[-41.7742833399999,-2.89778586599995],[-41.771784906,-2.89760740599998],[-41.7719336219999,-2.89980840799997],[-41.772796177,-2.89989763799999],[-41.772796177,-2.90132531399998],[-41.7720823389999,-2.90138480099995],[-41.772022852,-2.90180120599996],[-41.7694054449999,-2.90177146299993],[-41.769673134,-2.89912431299998],[-41.7693757019999,-2.89745868999995],[-41.7704167159999,-2.89725048699997],[-41.768096741,-2.89677459499996],[-41.767501876,-2.89841047499994],[-41.768780837,-2.89861867699996],[-41.76872135,-2.90186069299996],[-41.7657172799999,-2.90162274699998],[-41.7656577939999,-2.90245555799995],[-41.76028235,-2.90144290399998],[-41.7604554969999,-2.90086574499998],[-41.758694696,-2.90027087999994],[-41.753769212,-2.89948565799995],[-41.753436087,-2.89991396099992],[-41.751818054,-2.89927150599994],[-41.750890064,-2.89924771199997],[-41.7507427789999,-2.89979594099999],[-41.745801047,-2.89901877499994],[-41.745581092,-2.89980840799997],[-41.743945212,-2.90019506999993],[-41.7437072659999,-2.90129557099994],[-41.744718537,-2.90144428699996],[-41.744659051,-2.90239607199993],[-41.745878524,-2.90266376099993],[-41.746146214,-2.90774985899997],[-41.7457000649999,-2.90774985899997],[-41.745729808,-2.90885035999999],[-41.7462057,-2.90899907599992],[-41.7462651869999,-2.91012931999996],[-41.739221737,-2.91046659399997],[-41.7392479979999,-2.90927526199994],[-41.7402830629999,-2.90927526199994],[-41.7401759869999,-2.90806173699997],[-41.736892331,-2.90824019599995],[-41.736999407,-2.90927526199994],[-41.735536038,-2.90934664599996],[-41.735536038,-2.90824019599995],[-41.733858518,-2.90827588799995],[-41.7339299019999,-2.90738359099994],[-41.732859145,-2.90745497399996],[-41.733216064,-2.90306486899995],[-41.7341797459999,-2.90320763599994],[-41.7343225129999,-2.90227964699994],[-41.735785882,-2.90256518199995],[-41.73575019,-2.90313625299998],[-41.7367138719999,-2.90317194499994],[-41.7368566389999,-2.90235103099998],[-41.737856013,-2.90231533899994],[-41.7378560129999,-2.90145873299996],[-41.741496588,-2.90188703599996],[-41.7421747349999,-2.89824645999993],[-41.741328488,-2.89811056699996],[-41.742210427,-2.89324959199998],[-41.71822546,-2.88618259299995],[-41.717154702,-2.89192899099994],[-41.7218660349999,-2.89446311699994],[-41.7323951499999,-2.89667601599996],[-41.73221669,-2.89760400599995],[-41.72978964,-2.89714001099999],[-41.7294684129999,-2.89881753099998],[-41.730075175,-2.89910306599995],[-41.7300037919999,-2.90028089899996],[-41.727576741,-2.89992397999993],[-41.727862277,-2.89842491999997],[-41.725328151,-2.89796092499996],[-41.7248641559999,-2.89903168199994],[-41.72233003,-2.89849630399995],[-41.722758333,-2.89524833899999],[-41.720581126,-2.89467726899996],[-41.7199386719999,-2.89867476299998],[-41.716297261,-2.89823644499995],[-41.7170957079999,-2.89320622499999],[-41.716530586,-2.89284930599997],[-41.7155874419999,-2.89813413599996],[-41.7142998419999,-2.89793540399997],[-41.713853693,-2.90108818999996],[-41.71510291,-2.90126664899997],[-41.715489572,-2.89971999999995],[-41.7168334749999,-2.89988828799995],[-41.717011935,-2.89938860199994],[-41.7217178719999,-2.89972360399998],[-41.721717872,-2.90141302099995],[-41.7243480919999,-2.90140779199994],[-41.724114626,-2.90288640899996],[-41.720188515,-2.90260087399998],[-41.720045747,-2.90327901999995],[-41.71822546,-2.90313625299998],[-41.7179756159999,-2.90656267599998],[-41.714227965,-2.90681251999996],[-41.713621203,-2.91034601899997],[-41.722686949,-2.91006048399994],[-41.722864734,-2.91438067299994],[-41.723507189,-2.91441279599996],[-41.7234108209999,-2.91595468699997],[-41.722286525,-2.91605105499998],[-41.722382894,-2.91682199999996],[-41.7183598199999,-2.91679820599995],[-41.7183598199999,-2.91641749199993],[-41.717598392,-2.91636990299998],[-41.7173604459999,-2.91394285199995],[-41.713410541,-2.91437115499998],[-41.713220184,-2.91308624599999],[-41.710126885,-2.91308624599999],[-41.7100792959999,-2.91632231299998],[-41.710745545,-2.91641749199993],[-41.7106979549999,-2.91822588199996],[-41.711221437,-2.91827347099997],[-41.711126258,-2.91932043399993],[-41.7126491129999,-2.91927284499998],[-41.7126491129999,-2.92017703999995],[-41.711010298,-2.91992522799996],[-41.711200655,-2.92092460199997],[-41.707464901,-2.92106736899997],[-41.7074173119999,-2.92156705599995],[-41.7086040299999,-2.92150953799996],[-41.7086040299999,-2.92450765899997],[-41.709508225,-2.92555462199994],[-41.712125632,-2.92541185399996],[-41.7117823949999,-2.92350352699998],[-41.71361339,-2.92331078999995],[-41.713741881,-2.92546301299996],[-41.7148019309999,-2.92536664499995],[-41.714769808,-2.92427447199998],[-41.724246012,-2.92376050899997],[-41.724278134,-2.92443508599997],[-41.72871107,-2.92408173599996],[-41.7287753159999,-2.92520603099997],[-41.729963856,-2.92514178599993],[-41.729995979,-2.92456357699996],[-41.73393363,-2.92437039399994],[-41.7338622459999,-2.92515561599993],[-41.7321133419999,-2.92536976799993],[-41.732149034,-2.92622637399995],[-41.7310782769999,-2.92629775799999],[-41.7310425849999,-2.92826081299996],[-41.733255484,-2.92818942899992],[-41.733219792,-2.92736851499997],[-41.7350400789999,-2.92740420699994],[-41.735075771,-2.92815373699996],[-41.736217913,-2.92811804499996],[-41.7360394529999,-2.92304979299996],[-41.734326241,-2.92315686899998],[-41.734326241,-2.92233595499994],[-41.738609271,-2.92208611199994],[-41.737966817,-2.92444177799996],[-41.7387877309999,-2.92458454599996],[-41.7388948059999,-2.92540546],[-41.7402154069999,-2.92540546],[-41.740536634,-2.92576237899994],[-41.738395119,-2.92751128299994],[-41.7378954329999,-2.92711867199995],[-41.736860367,-2.92801096899997],[-41.737395746,-2.92851065599997],[-41.7380738919999,-2.92804666099994],[-41.7386521839999,-2.928762642],[-41.7380885639999,-2.92918133099995],[-41.73863584,-2.92977619599997],[-41.737350931,-2.93115628399995],[-41.738350305,-2.93215565699997],[-41.7402300789999,-2.93058521299998],[-41.7388234219999,-2.92897465099999],[-41.741036321,-2.92711867199995],[-41.7423569219999,-2.92811804499996],[-41.743963058,-2.92704728799994],[-41.7451051999999,-2.92876049999997],[-41.7444984369999,-2.92926018599998],[-41.747425174,-2.93276394299994],[-41.747395431,-2.93341829499997],[-41.746622106,-2.93410238999996],[-41.7448672529999,-2.93199061799993],[-41.743737009,-2.93321009199997],[-41.744064185,-2.93341829499997],[-41.742428306,-2.93481622799995],[-41.7431124009999,-2.93555980899992],[-41.745045713,-2.93398341699998],[-41.7459974969999,-2.93538134999994],[-41.745640578,-2.93588698499998],[-41.7470682549999,-2.93713620199998],[-41.746770822,-2.93746337799996],[-41.747395431,-2.93793926999997],[-41.747722607,-2.93770132399994],[-41.748704134,-2.93847464899996],[-41.748823107,-2.93787978399997],[-41.7519758929999,-2.93865310899997],[-41.7513512849999,-2.94070539399996],[-41.748287729,-2.93981309599997],[-41.748139012,-2.94061616399995],[-41.753254853,-2.94189512399993],[-41.75468253,-2.93793926999997],[-41.7555450849999,-2.93796901399998],[-41.7558365689999,-2.93709908199997],[-41.756315884,-2.93730951299996],[-41.7568512629999,-2.93644695799998],[-41.758043519,-2.93660082399994],[-41.7585788969999,-2.93603570199997],[-41.758050665,-2.93570977099997],[-41.7584573989999,-2.93510851199995],[-41.757614124,-2.93442977899997],[-41.7581624919999,-2.93350752399993],[-41.760066061,-2.93279368599999],[-41.760541953,-2.93312086199995],[-41.7604527229999,-2.93202036099997],[-41.761582967,-2.93044396799998],[-41.7625942379999,-2.93106857699997],[-41.7630403869999,-2.93044396799998],[-41.763575766,-2.93074140099998],[-41.763902941,-2.93041422499995],[-41.76315936,-2.92984910299998],[-41.7651819019999,-2.92865937299998],[-41.765271132,-2.92806450699995],[-41.7647654959999,-2.92767784499994],[-41.766014713,-2.92610145199996],[-41.766698808,-2.92648811399994],[-41.7684834039999,-2.92431685599998],[-41.768661863,-2.92461428899999],[-41.7691674989999,-2.92440608599997],[-41.768929553,-2.92226457099996],[-41.770654662,-2.92327584199995],[-41.7723500279999,-2.92116406999999],[-41.7746997459999,-2.91931998799994],[-41.775354098,-2.92053946199998],[-41.7754433269999,-2.92208611199994],[-41.775889476,-2.92205636799998],[-41.77582999,-2.92131278699999],[-41.777822788,-2.92113432699996],[-41.777941761,-2.92074766499997],[-41.778715086,-2.92071792099996],[-41.778774573,-2.92030151599995],[-41.780856601,-2.92015279899995],[-41.781600183,-2.91783282499995],[-41.783057603,-2.91783282499995],[-41.783801184,-2.91875486599997],[-41.7852288609999,-2.91824923099995],[-41.784961171,-2.91673232399995],[-41.783236062,-2.91747590599994],[-41.782641197,-2.91622668899994],[-41.783652468,-2.91221134799997],[-41.7847232249999,-2.91206263199997],[-41.7854965499999,-2.91060521199996],[-41.7884411329999,-2.90998060399994],[-41.789095485,-2.90715499399996],[-41.787846268,-2.90480527599995],[-41.784564761,-2.90293510999995],[-41.7850376479999,-2.90133089499996],[-41.7839966339999,-2.90064679999996],[-41.784204837,-2.90014116399993],[-41.7848294449999,-2.89880271699996],[-41.7853648239999,-2.89859451499996],[-41.7867330139999,-2.90028987999996],[-41.7873576229999,-2.902193449],[-41.7881012039999,-2.90216370599995],[-41.787536082,-2.89856477099994],[-41.7899750299999,-2.89770221699998],[-41.7901832329999,-2.89698837799996],[-41.789856057,-2.89564993199999],[-41.788636583,-2.89582839099995],[-41.788279664,-2.89556070199997],[-41.78851761,-2.89499557999995],[-41.790569895,-2.89362738999995],[-41.790986301,-2.89410328199996],[-41.7913432199999,-2.89682602999995],[-41.791729882,-2.89680991899997],[-41.7925924369999,-2.89553095799995],[-41.79571548,-2.89410328199996],[-41.7952693309999,-2.89267560499996],[-41.793811911,-2.89199150999997],[-41.793722681,-2.89065306299995],[-41.7933062749999,-2.89044486099993],[-41.790094003,-2.89169407799994],[-41.788993502,-2.89276483499999],[-41.788577097,-2.89169407799995],[-41.788071461,-2.89214022699999],[-41.7864653249999,-2.89219971299997],[-41.785929946,-2.89181305099993],[-41.7850079049999,-2.88877923799993],[-41.783104336,-2.88586439799998],[-41.7826879309999,-2.88607260099998],[-41.7826879309999,-2.88687566899997],[-41.7854540539999,-2.89216996999994],[-41.7847402159999,-2.89683966199994]]]}},{"type":"Feature","properties":{"id":"329","municipality":"2211001","density":"Densa","type":"Área urbanizada","state":"PI"},"geometry":{"type":"Polygon","coordinates":[[[-42.7953078778563,-5.19312901798975],[-42.7936422551859,-5.19301004487763],[-42.7935232820738,-5.1922367214475],[-42.7948319863071,-5.19205826088001],[-42.7943560929593,-5.19051161132177],[-42.790489468614,-5.1908090441021],[-42.7909058754058,-5.19241518021635],[-42.790132550177,-5.19259363988454],[-42.7900730636209,-5.1933669651133],[-42.7888833333991,-5.1933669651133],[-42.7885264140627,-5.19229620710423],[-42.7858495199393,-5.19259363988455],[-42.7859684930515,-5.19318850544512],[-42.7871582241727,-5.19318850544512],[-42.7871582241727,-5.19372388355034],[-42.7853141418341,-5.1939023432185],[-42.785135682166,-5.19485412811549],[-42.7918576594034,-5.19437823476768],[-42.7922740652958,-5.19419977599883],[-42.7916197131792,-5.1933669651133],[-42.7933448224056,-5.1932479911019],[-42.7931663627374,-5.19431874911095],[-42.7957837703047,-5.19431874911095],[-42.7953078778563,-5.19312901798975]]]}},{"type":"Feature","properties":{"id":"330","municipality":"2211001","density":"Densa","type":"Área urbanizada","state":"PI"},"geometry":{"type":"Polygon","coordinates":[[[-42.8648065340942,-5.11317999406147],[-42.8637357769845,-5.11329575119796],[-42.8637357769845,-5.1137748587227],[-42.8644496147579,-5.11371537216668],[-42.864509101314,-5.1146671570636],[-42.8634383442042,-5.11508356205668],[-42.8636762904284,-5.11621380572251],[-42.8685541853274,-5.11633277883466],[-42.8678403466546,-5.11234718227661],[-42.8647846985549,-5.1127432850745],[-42.8648065340942,-5.11317999406147]]]}},{"type":"Feature","properties":{"id":"331","municipality":"2211001","density":"Densa","type":"Área urbanizada","state":"PI"},"geometry":{"type":"Polygon","coordinates":[[[-42.7778674288387,-5.00442555459563],[-42.7785336780867,-5.00414001984598],[-42.7785336780867,-5.00337859174857],[-42.7790571590606,-5.00333100322321],[-42.7796282303585,-5.0069477833135],[-42.7789619811105,-5.00713814011308],[-42.7789143916857,-5.00785197878577],[-42.7770108227912,-5.00885135220807],[-42.7748693076724,-5.00347376969864],[-42.7741078813736,-5.00333100322321],[-42.7722994904291,-5.00404484099659],[-42.7726802040282,-5.00632912438954],[-42.7722994904291,-5.0075664431368],[-42.7739175236748,-5.01099286732695],[-42.7707766351336,-5.01289643622152],[-42.770871813983,-5.0144192906177],[-42.7724422578039,-5.01451446856784],[-42.7711573487326,-5.01541866493938],[-42.7713001170068,-5.01584696796317],[-42.7722994904291,-5.01589455738788],[-42.7725850251787,-5.01632286041162],[-42.7711097602073,-5.01794089275798],[-42.7712525266827,-5.01851196405585],[-42.7722519010044,-5.01922580182924],[-42.7753452001208,-5.01955892690291],[-42.7742506478491,-5.01779812628246],[-42.7755831463451,-5.01779812628246],[-42.7760590387935,-5.01870232085538],[-42.7772011795907,-5.01855955258123],[-42.7773439478648,-5.01917821330387],[-42.7764397523926,-5.02022517615093],[-42.7772011795907,-5.02074865712479],[-42.778200553013,-5.01998722992671],[-42.7785336780867,-5.02060588974996],[-42.7795330524084,-5.02036794442506],[-42.7809131394298,-5.02284258281889],[-42.7821028696517,-5.02217633357089],[-42.780484836406,-5.01913062387918],[-42.7814366204037,-5.01851196405585],[-42.780722781731,-5.01751258973417],[-42.7816269772032,-5.01679875196078],[-42.7813414415542,-5.01622768066289],[-42.782055280227,-5.01560902173892],[-42.781769744578,-5.01527589666522],[-42.7809607279552,-5.01556143231421],[-42.7802944787072,-5.01456205889185],[-42.7820076908022,-5.01361027399491],[-42.7816745666279,-5.01256331114787],[-42.7803896575566,-5.01294402474692],[-42.7798661756834,-5.01356268457022],[-42.7793902841342,-5.01270607942202],[-42.7808655500051,-5.01189706189984],[-42.7808179605804,-5.01146875887605],[-42.7826739400503,-5.01085009995212],[-42.782435993826,-5.0097079582556],[-42.7844347406707,-5.00913688785705],[-42.7849582234432,-5.01056456430314],[-42.7842919741952,-5.01085009995212],[-42.7855768832665,-5.01384822021913],[-42.7861479527657,-5.01361027399491],[-42.7875280406865,-5.01760776858362],[-42.7870997376627,-5.01789330423255],[-42.7876708080613,-5.01955892690291],[-42.7881466996105,-5.01946374805352],[-42.7886225929582,-5.0207962474488],[-42.7896219663806,-5.0202727646763],[-42.7891460739321,-5.01908303535373],[-42.7898599117055,-5.01870232085538],[-42.7897647337554,-5.0181788389822],[-42.7911924111008,-5.01756018005824],[-42.7910972322514,-5.01684634138548],[-42.7906689292276,-5.01694152023494],[-42.7903833935787,-5.01637044893705],[-42.7909068745526,-5.01613250271277],[-42.7905261609535,-5.01499036191564],[-42.7885750026342,-5.01518071871517],[-42.7833877778236,-5.00214127210201],[-42.7826263506255,-5.00180814792764],[-42.7818649234274,-5.00204609415187],[-42.7821028696517,-5.00261716365112],[-42.7826263506255,-5.00242680775092],[-42.7832450113481,-5.00409243042129],[-42.782055280227,-5.00461591229448],[-42.781769744578,-5.00414001984598],[-42.7824835832507,-5.00371171682225],[-42.7822932255519,-5.00314064642368],[-42.7802468901818,-5.00356894944742],[-42.7797234092079,-5.00261716365112],[-42.7785336780867,-5.00261716365112],[-42.7780101971129,-5.00176055760365],[-42.7771060007413,-5.00214127210201],[-42.7772011795907,-5.00314064642367],[-42.7778674288387,-5.00442555459563]],[[-42.7779150182634,-5.012039830174],[-42.7783909098126,-5.01184947337447],[-42.7782005530131,-5.01123081265184],[-42.7792475158601,-5.01085009995212],[-42.7796758188839,-5.01151634920012],[-42.7781529635884,-5.01289643622152],[-42.7772487690154,-5.01280125827141],[-42.775487968395,-5.00966036883091],[-42.776772876567,-5.00927965523188],[-42.7779150182634,-5.012039830174]]]}},{"type":"Feature","properties":{"id":"332","municipality":"2211001","density":"Densa","type":"Área urbanizada","state":"PI"},"geometry":{"type":"Polygon","coordinates":[[[-42.7688254768142,-5.03031409102245],[-42.7687778882889,-5.02969543119913],[-42.76986553017,-5.02968969442385],[-42.7699200290861,-5.02917194932594],[-42.7680640496162,-5.02879123572689],[-42.7674929792176,-5.02703043420713],[-42.7667315511201,-5.02664972060808],[-42.7664936048959,-5.02764909403044],[-42.7657321776978,-5.02764909403044],[-42.7654942323729,-5.02855328860336],[-42.7645900369006,-5.02864846835207],[-42.7644472686265,-5.02955266292504],[-42.7652562861486,-5.02964784087511],[-42.7654466420489,-5.03064721519678],[-42.7665411952199,-5.03098034027045],[-42.7666363731701,-5.02964784087511],[-42.7659225353967,-5.02960025234973],[-42.7660653018721,-5.02879123572689],[-42.7668267299696,-5.02864846835207],[-42.7668743193943,-5.02798221910412],[-42.7672550329933,-5.02783945082997],[-42.7676357465924,-5.02874364630221],[-42.7674929792176,-5.03007614389891],[-42.7683019958404,-5.03017132274829],[-42.7681592275662,-5.03102792879582],[-42.770586278334,-5.03131346444479],[-42.7706814571835,-5.03040926897257],[-42.7698248511359,-5.03007614389891],[-42.7688254768142,-5.03031409102245]]]}},{"type":"Feature","properties":{"id":"333","municipality":"2211001","density":"Densa","type":"Vazio intraurbano","state":"PI"},"geometry":{"type":"Polygon","coordinates":[[[-42.8442692102558,-5.11518669810761],[-42.8419373383375,-5.11573397424348],[-42.8419849268628,-5.11364004765006],[-42.8409855543398,-5.11349728027524],[-42.8394389038822,-5.11437768058544],[-42.8395340827317,-5.11730441806441],[-42.8365359615654,-5.11732821322643],[-42.8357983286299,-5.11689991020262],[-42.8353700256062,-5.11704267667813],[-42.8354652035563,-5.11842276459885],[-42.8363931941905,-5.11980285162027],[-42.8458872444008,-5.11654299086627],[-42.8442692102558,-5.11518669810761]]]}},{"type":"Feature","properties":{"id":"334","municipality":"2211001","density":"Densa","type":"Vazio intraurbano","state":"PI"},"geometry":{"type":"Polygon","coordinates":[[[-42.7354475878359,-5.04543556529904],[-42.7356855340601,-5.04692272830126],[-42.7347932357192,-5.04739862074967],[-42.7342578567147,-5.04852886531485],[-42.7359234802843,-5.04930218874495],[-42.7365183449456,-5.04835040474733],[-42.7372916701744,-5.04870732408369],[-42.7372321836183,-5.04965910898063],[-42.7412772667324,-5.05108678542679],[-42.7409203482954,-5.04870732408369],[-42.7392547247257,-5.04870732408369],[-42.7390762659569,-5.04811245942244],[-42.7401470230666,-5.04793399885495],[-42.7394926718493,-5.04495967285056],[-42.7372916701744,-5.04519761907484],[-42.7371726970623,-5.04466224007031],[-42.7382434550713,-5.04466224007031],[-42.7383624281834,-5.04388891574083],[-42.7397508815978,-5.04406114760384],[-42.7393142121811,-5.04168791406598],[-42.7379460222911,-5.04186637373415],[-42.7354475878359,-5.04543556529904]]]}},{"type":"Feature","properties":{"id":"335","municipality":"2211001","density":"Densa","type":"Área urbanizada","state":"PI"},"geometry":{"type":"Polygon","coordinates":[[[-42.7560239773247,-5.00275993192525],[-42.7555956743009,-5.00371171682225],[-42.7540728190053,-5.00314064642367],[-42.7535017477074,-5.00399725157183],[-42.7526927310846,-5.00356894944742],[-42.7515505902875,-5.00380689477231],[-42.7515981788128,-5.00494903556952],[-42.7529306782082,-5.00485385761938],[-42.7524547848604,-5.00732849691259],[-42.7531210341084,-5.00718573043707],[-42.7537396939317,-5.00490144704412],[-42.7556926760761,-5.00456048797611],[-42.7557860311004,-5.00537733859325],[-42.7566426371479,-5.00561528481752],[-42.7563095120743,-5.00442555459563],[-42.7566902256733,-5.00228404037613],[-42.757308886396,-5.00252198570103],[-42.7572612969713,-5.00337859174857],[-42.7599738815893,-5.00328341379846],[-42.7599738815893,-5.0029027001994],[-42.7590220975917,-5.00261716365112],[-42.7590220975917,-5.00209368267726],[-42.760687720262,-5.00228404037613],[-42.7606401308373,-5.00118948810433],[-42.7596407583143,-5.00109430925494],[-42.7594028120901,-5.00033288205679],[-42.7585462060425,-5.0002852926321],[-42.7585462060425,-4.99995216755846],[-42.7564522803484,-5.00076118508061],[-42.7558336196258,-5.0015226122787],[-42.7560239773247,-5.00275993192525]]]}},{"type":"Feature","properties":{"id":"336","municipality":"2211001","density":"Densa","type":"Área urbanizada","state":"PI"},"geometry":{"type":"Polygon","coordinates":[[[-42.7742669183836,-5.17465749264916],[-42.7749212696009,-5.17436005986883],[-42.7773007309439,-5.17519287165369],[-42.7776576502803,-5.17566876410213],[-42.7774791906121,-5.17650157498765],[-42.7768843250515,-5.17656106244306],[-42.776408432603,-5.17810771110192],[-42.7780145687173,-5.17870257666255],[-42.7787284082894,-5.17816719765801],[-42.7790853267264,-5.17739387332853],[-42.7785499477218,-5.17709643964896],[-42.7789663536143,-5.17549030443393],[-42.7783714880536,-5.17519287165369],[-42.7783120023969,-5.17364622209544],[-42.7762299738342,-5.17215905909325],[-42.7764679200584,-5.17132624820772],[-42.7753971620493,-5.17108830108419],[-42.7753376763926,-5.1703744633108],[-42.7715305377041,-5.16918473308893],[-42.7712331049238,-5.16972011119414],[-42.7719469435965,-5.17305135743414],[-42.7742669183836,-5.17465749264916]]]}},{"type":"Feature","properties":{"id":"337","municipality":"2211001","density":"Densa","type":"Área urbanizada","state":"PI"},"geometry":{"type":"Polygon","coordinates":[[[-42.7952850827404,-5.01794089275798],[-42.797997669157,-5.01703669818505],[-42.7993301667538,-5.0157993776391],[-42.7975693661333,-5.01161152715019],[-42.7971886516349,-5.01161152715019],[-42.7969031168853,-5.0109452779022],[-42.7973314199091,-5.01032661807893],[-42.7964272253361,-5.00770921141094],[-42.8001867728013,-5.00628153406553],[-42.7990446320041,-5.00323582437375],[-42.79695070631,-5.00323582437375],[-42.7965699918116,-5.00176055760365],[-42.7985211501309,-5.0015226122787],[-42.7980452576825,-5.0002377032074],[-42.7935718724439,-5.00019011378265],[-42.7944760670168,-5.00437796607026],[-42.7949995479907,-5.00604358784124],[-42.7955230298639,-5.00642430233962],[-42.794951958566,-5.00670983708926],[-42.7934291041698,-5.00461591229448],[-42.7933339253204,-5.00547251834201],[-42.7940001745683,-5.00713814011308],[-42.7946188343917,-5.00704296216294],[-42.7948091911912,-5.00789956821046],[-42.7951899047902,-5.00780438936103],[-42.7957609760882,-5.00980313710505],[-42.794951958566,-5.01056456430314],[-42.7953326730644,-5.01142117035067],[-42.7959037425636,-5.01127840297586],[-42.7969031168853,-5.01232536492359],[-42.7958561540382,-5.01294402474692],[-42.7952850827404,-5.012039830174],[-42.7939049957189,-5.01208741869938],[-42.7935718724439,-5.01127840297586],[-42.793000801146,-5.01127840297586],[-42.7952850827404,-5.01794089275798]]]}},{"type":"Feature","properties":{"id":"338","municipality":"2211001","density":"Densa","type":"Área urbanizada","state":"PI"},"geometry":{"type":"Polygon","coordinates":[[[-42.8439862502652,-5.07742859185601],[-42.8426180603751,-5.07713115907569],[-42.8408929511488,-5.07867780863393],[-42.841130897373,-5.07915370108243],[-42.8406550049245,-5.07962959263154],[-42.8397627065836,-5.07897524231356],[-42.8394652738033,-5.0792726741945],[-42.8402385990321,-5.08010548597935],[-42.8400006528078,-5.08052189097244],[-42.8386324629178,-5.08075983719671],[-42.8357771100256,-5.08438851531772],[-42.8350037847968,-5.08367467664499],[-42.8345278932476,-5.08391262286921],[-42.8355986503574,-5.08516183964714],[-42.8349442982407,-5.0862325976562],[-42.8333381621265,-5.08474543465405],[-42.8329217571333,-5.08492389432224],[-42.8341114873552,-5.08700592288501],[-42.833933027687,-5.08760078844556],[-42.8322674050167,-5.0858161917638],[-42.8317915125682,-5.08605413798802],[-42.8335761083506,-5.0880171934387],[-42.8328027840212,-5.08908795144777],[-42.8335761083506,-5.0901587076582],[-42.8324458637855,-5.09081305977487],[-42.8322674050167,-5.09003973544539],[-42.8293525646691,-5.09021819511356],[-42.8269731042253,-5.08902846399235],[-42.8261997789966,-5.08980178922117],[-42.8281033478912,-5.09140792533544],[-42.8257833740035,-5.09533403623674],[-42.8234633992165,-5.09396584634669],[-42.8241177513331,-5.09235971023243],[-42.8233444261043,-5.09212176400815],[-42.8221546958825,-5.09420379167159],[-42.8228685336559,-5.09450122535124],[-42.8225711008756,-5.095928900898],[-42.8212623984409,-5.0968211992389],[-42.8207865050931,-5.09943860590688],[-42.8202511269879,-5.099557579019],[-42.8195967748712,-5.10229395969845],[-42.8197157479833,-5.10366214958851],[-42.8210244522167,-5.10437598826121],[-42.8204890732121,-5.10705288238455],[-42.821678803434,-5.10818312605039],[-42.82173828999,-5.10877799071165],[-42.8209649647613,-5.10907542259263],[-42.8212029109855,-5.11002720838889],[-42.8223331546514,-5.11002720838888],[-42.8233444261043,-5.11199026294026],[-42.8241177513331,-5.11240666883265],[-42.8244746697702,-5.11508356205668],[-42.8272705370056,-5.11401280494693],[-42.8288171856645,-5.11401280494693],[-42.8292335915569,-5.11335845283032],[-42.8288766731199,-5.11258512760152],[-42.8309587007833,-5.11175231671597],[-42.8335761083506,-5.11175231671597],[-42.8336355949067,-5.11222820916446],[-42.8330407302454,-5.11240666883265],[-42.8332786755704,-5.11329896717353],[-42.8341709739113,-5.11383434527876],[-42.8341709739113,-5.11490510328787],[-42.8324458637855,-5.11698713095127],[-42.8304828092343,-5.11657072595818],[-42.8300069167857,-5.11728456373158],[-42.8275084832298,-5.11674918472705],[-42.8274489957745,-5.11817686207248],[-42.8295905108933,-5.11871224017766],[-42.8298284571176,-5.1182958351846],[-42.83024486301,-5.11841480829675],[-42.8298284571176,-5.11936659229435],[-42.8287577000078,-5.12019940407919],[-42.8273895101178,-5.12055632341554],[-42.8270325907814,-5.11847429395347],[-42.8232254529922,-5.11817686207245],[-42.8231659664361,-5.11877172673378],[-42.8247721025505,-5.11883121418913],[-42.8236104059954,-5.12300210796087],[-42.8239392907656,-5.12388756785692],[-42.8247039240468,-5.12384933677744],[-42.8250695353307,-5.12501781242207],[-42.8271515638935,-5.12525575774698],[-42.8267946445571,-5.12632651575605],[-42.8228090470998,-5.12644548886819],[-42.8225116152189,-5.1274567603212],[-42.8203701001,-5.12668343509238],[-42.8192993420909,-5.12733778720906],[-42.8184665312054,-5.12727829975371],[-42.818109611869,-5.12840854431881],[-42.817752693432,-5.1284680308749],[-42.8175147472078,-5.12971724765283],[-42.8204295857567,-5.13066903165042],[-42.8201916404318,-5.12894392332333],[-42.8210839378734,-5.12864648964376],[-42.8217977756468,-5.12894392332333],[-42.8213813706537,-5.13173978876017],[-42.8256644008914,-5.13382181822226],[-42.8253074806557,-5.13519000811231],[-42.8264972117769,-5.13554692744869],[-42.8262592655526,-5.13643922489031],[-42.8237013454407,-5.13602281899786],[-42.8240582638778,-5.13429770977143],[-42.8190613958667,-5.13346489888591],[-42.8185855043175,-5.13542795433661],[-42.8176337203199,-5.13536846688119],[-42.8176932059766,-5.13578487277363],[-42.8220952093264,-5.1363797383342],[-42.82173828999,-5.13935406523785],[-42.8244746697702,-5.13977047023098],[-42.8248315891065,-5.1388781718901],[-42.8260808058844,-5.13923509212578],[-42.8259023471156,-5.13994892989917],[-42.8251885084429,-5.13994892989917],[-42.8249505622186,-5.14072225512791],[-42.8284007806715,-5.14137660724459],[-42.8286982125524,-5.13977047023098],[-42.8294120521244,-5.13977047023098],[-42.8295310252366,-5.13875919877796],[-42.8303638361221,-5.13875919877796],[-42.8308397276713,-5.1371530626637],[-42.835241731021,-5.13774792912359],[-42.8350037847968,-5.13673665767055],[-42.8306612689024,-5.13566589966148],[-42.8308397276713,-5.13459514255175],[-42.8331597033576,-5.13471411566389],[-42.8333381621265,-5.13423822411471],[-42.833933027687,-5.13447617033893],[-42.8337545680188,-5.13501154844414],[-42.8343494326801,-5.13560641400477],[-42.8371510969455,-5.13635352399587],[-42.8383350301375,-5.13328643921774],[-42.8403575721442,-5.133524385442],[-42.8407739780366,-5.13251311398897],[-42.8413093570412,-5.13263208710113],[-42.8432129250364,-5.12811111063922],[-42.8427965200433,-5.12793265187037],[-42.8436888183842,-5.12567216363937],[-42.8417852485903,-5.12561267708334],[-42.8417257620342,-5.12507729897813],[-42.8401196259199,-5.12495832586599],[-42.8401791133753,-5.12436346030541],[-42.8432129250364,-5.12388756785692],[-42.8433318990479,-5.12466089308573],[-42.8457113603909,-5.12311424262816],[-42.8446406023818,-5.12281681074717],[-42.8447000889379,-5.11924761918227],[-42.8466036569332,-5.11847429395347],[-42.8469605771689,-5.12049683596018],[-42.8481503073907,-5.12115118807681],[-42.8481503073907,-5.12008043096705],[-42.8491020913884,-5.12013991662384],[-42.8493995241687,-5.12168656708138],[-42.8502918216102,-5.12251937796687],[-42.85136257872,-5.12228143174263],[-42.852373850173,-5.12061580907228],[-42.8534446081821,-5.12067529562837],[-42.8537420400631,-5.1194855654065],[-42.8534446081821,-5.11793891584826],[-42.8524928232851,-5.11692764529456],[-42.8499943888299,-5.11692764529455],[-42.8495184972808,-5.11573791417333],[-42.8512436056079,-5.11502407639996],[-42.85332563507,-5.11674918472705],[-42.8581440434128,-5.11930710573831],[-42.8592148014219,-5.11817686207248],[-42.8570137988477,-5.11686815783919],[-42.8597501786278,-5.11645175194673],[-42.8620106668587,-5.11728456373158],[-42.8630219383118,-5.11502407639996],[-42.8586794224174,-5.11407229060371],[-42.8584414761931,-5.11454818395147],[-42.857251745072,-5.11425075117122],[-42.8558835551819,-5.11639226629001],[-42.8543963921797,-5.11609483261037],[-42.8548722837289,-5.11532150918027],[-42.85469382496,-5.11371537216668],[-42.8538610131752,-5.11329896717353],[-42.8526222869889,-5.11385760804211],[-42.852358762247,-5.11312050660605],[-42.8515410392875,-5.11312050660605],[-42.85136257872,-5.1123471822766],[-42.8545748518479,-5.11240666883265],[-42.8544558787358,-5.11091950583052],[-42.8527902560654,-5.11044361338202],[-42.8548127980721,-5.10657698903675],[-42.8539204997312,-5.10592263781946],[-42.8531471754018,-5.10717185459737],[-42.8518384720678,-5.10657698903675],[-42.8528497426215,-5.1043165008058],[-42.8502323350542,-5.1029483109158],[-42.8501133619421,-5.10205601257484],[-42.8486261989399,-5.10080679579692],[-42.8477857528102,-5.10172087212051],[-42.8467821166013,-5.10068782268486],[-42.848745172052,-5.09795144290473],[-42.8496969569489,-5.09830836224109],[-42.8500177487201,-5.09738585207539],[-42.851010486045,-5.0978560958821],[-42.8514815518321,-5.09884374124562],[-42.8530282022896,-5.09789195724801],[-42.8535040938388,-5.09830836224109],[-42.8518384720678,-5.10092576890906],[-42.8523143636169,-5.10140166225689],[-42.8529687157336,-5.10116371603262],[-42.8533851207267,-5.10039039080386],[-42.8541584459555,-5.10062833702808],[-42.8547533106167,-5.1004498773599],[-42.8547533106167,-5.09991449925469],[-42.8564189341864,-5.09985501179931],[-42.8575491778522,-5.10039039080386],[-42.8572517450719,-5.10086628325235],[-42.8563594476304,-5.10092576890906],[-42.8556456089577,-5.10205601257484],[-42.857311231628,-5.10312677058398],[-42.8583819887377,-5.10175858069391],[-42.8630219383118,-5.10419752769372],[-42.8635573173163,-5.10324574369605],[-42.8617727206345,-5.10152063536895],[-42.8607019644241,-5.10128268914473],[-42.8588578820856,-5.09985501179931],[-42.8566568804106,-5.09943860590688],[-42.8569543131909,-5.09699965890708],[-42.8554076627334,-5.09503660255712],[-42.8552886896213,-5.09408481855951],[-42.8558835551819,-5.09354943955493],[-42.8561215014061,-5.0920622765528],[-42.8554671501888,-5.09069408666272],[-42.8540989602988,-5.0907535741181],[-42.8538610131752,-5.09009922200149],[-42.8542179334108,-5.08932589677267],[-42.8557645820698,-5.08926641111596],[-42.8563594476304,-5.08879051776815],[-42.8579060971886,-5.08861205899929],[-42.8580250703007,-5.08920692366054],[-42.8570137988477,-5.08956384299695],[-42.8570137988477,-5.09003973544539],[-42.8593932601907,-5.08902846399235],[-42.860999396305,-5.08902846399235],[-42.8610588828611,-5.08789822032657],[-42.8593932601907,-5.08777924721443],[-42.8591553139666,-5.08700592288501],[-42.8601665854196,-5.08682746321684],[-42.8601665854196,-5.08617311110016],[-42.8591553139665,-5.08623259765619],[-42.8594829855513,-5.08418576586037],[-42.8577871240765,-5.08403159598136],[-42.8579573972161,-5.08346401765028],[-42.8558240686259,-5.0826039204345],[-42.8557645820697,-5.08367467664499],[-42.8514815518321,-5.08302032542764],[-42.8514220661753,-5.08349621787614],[-42.8508272006148,-5.08349621787614],[-42.8498754157178,-5.0823659742103],[-42.8498754157178,-5.08189008086249],[-42.8508272006148,-5.08194956831789],[-42.8510056602829,-5.08153316242545],[-42.8507677140587,-5.07998651286721],[-42.8492805510565,-5.07980805319904],[-42.8489236317202,-5.08093829686487],[-42.848447740171,-5.08099778432025],[-42.8486261989399,-5.07968908008694],[-42.8479123611665,-5.07951062041878],[-42.8476744149423,-5.08058137842785],[-42.8471985233931,-5.08064086408456],[-42.847079550281,-5.07945113386268],[-42.8444026561576,-5.07909421542565],[-42.8439267637091,-5.0793321607506],[-42.8447000889379,-5.07980805319904],[-42.8440457368212,-5.08058137842785],[-42.8417852485903,-5.0802839447482],[-42.842499087263,-5.0792726741945],[-42.8456518729355,-5.0773691052999],[-42.8452949535992,-5.07671475408262],[-42.8439862502652,-5.07742859185601]],[[-42.8419373383375,-5.11573397424348],[-42.8442692102558,-5.11518669810761],[-42.8458872444008,-5.11654299086627],[-42.8363931941905,-5.11980285162027],[-42.8357269449425,-5.11920798695901],[-42.8353700256062,-5.11704267667813],[-42.8391533691326,-5.11751857002593],[-42.8396530558438,-5.11689991020262],[-42.8394389038822,-5.11437768058544],[-42.8404858667293,-5.11361625428668],[-42.8419849268628,-5.11364004765006],[-42.8419373383375,-5.11573397424348]]]}},{"type":"Feature","properties":{"id":"339","municipality":"2211001","density":"Densa","type":"Área urbanizada","state":"PI"},"geometry":{"type":"Polygon","coordinates":[[[-42.8195128069704,-4.97846066482778],[-42.8088124169594,-4.97795842404202],[-42.8087826736814,-4.98036762866308],[-42.8113036667308,-4.98039737194114],[-42.8113036667308,-4.98137550427605],[-42.8142185061791,-4.98179191016845],[-42.8142779927351,-4.98387393783191],[-42.8107682877263,-4.98369547906306],[-42.8105303424013,-4.98661031941066],[-42.8113036667308,-4.98678877817953],[-42.811541612955,-4.98797850930072],[-42.812790829733,-4.98797850930072],[-42.812850316289,-4.98863285961874],[-42.8104113692892,-4.9884544008499],[-42.8103518818338,-4.98916823862329],[-42.8094000978362,-4.98916823862329],[-42.8099354768407,-4.99130975374208],[-42.8092811247241,-4.99130975374208],[-42.809221638168,-4.99226153773976],[-42.8106493146141,-4.99226153773976],[-42.8106493146141,-4.9927969167443],[-42.8102329087218,-4.99285640419964],[-42.8102329087217,-4.9939271613094],[-42.8108277742823,-4.99404613442153],[-42.8108277742823,-4.99470048563887],[-42.8104113692892,-4.99475997309424],[-42.8104708549459,-4.9961281629843],[-42.8116010986118,-4.99624713609643],[-42.8150513179639,-4.99125026808538],[-42.8142185061791,-4.99083386219293],[-42.8140995330669,-4.98803799495744],[-42.818798969197,-4.98827594118173],[-42.8189774279659,-4.98720518407198],[-42.8180256439682,-4.98690775129166],[-42.8182635901925,-4.98631288573103],[-42.8195722944258,-4.98649134629854],[-42.8195199916543,-4.9835204143356],[-42.8204051053113,-4.98327907317066],[-42.8234389178717,-4.98381445217519],[-42.8233199447596,-4.98559904795764],[-42.8246286480936,-4.98583699418193],[-42.8245691624368,-4.98720518407198],[-42.8278409212215,-4.98821645462562],[-42.8296850026607,-4.98809748241286],[-42.8293280842237,-4.99053642941268],[-42.828673732107,-4.99196410585876],[-42.8270675959927,-4.99125026808538],[-42.826413243876,-4.99243999830725],[-42.8277814337661,-4.99261845797543],[-42.8267106766564,-4.99702046042586],[-42.8254614598784,-4.99702046042586],[-42.8259373523269,-4.99416510663435],[-42.825045053986,-4.99416510663435],[-42.825045053986,-4.99362972942845],[-42.8243312162126,-4.99333229574881],[-42.8233199447596,-4.99357024197303],[-42.8237958372081,-4.99499791931846],[-42.8247476212057,-4.99517637808733],[-42.8241527556451,-5.0004706788787],[-42.8228440532104,-4.99999478732952],[-42.8223086742059,-4.9981507040917],[-42.8225466204302,-4.99523586464342],[-42.8220707279817,-4.99428407974642],[-42.8212974027529,-4.99446254031392],[-42.821059457428,-4.99719892009404],[-42.8218922683135,-4.99755583943039],[-42.8218327817575,-4.99826967720377],[-42.8212379161968,-4.9981507040917],[-42.821356889309,-4.99951889488103],[-42.8220707279817,-5.00094657132718],[-42.8198102397507,-5.00106554443927],[-42.8196317800826,-5.00213630244838],[-42.822427647318,-5.00659779055554],[-42.8240932699884,-5.0065383039995],[-42.8243312162126,-5.00695470989188],[-42.8249260808739,-5.00915571156681],[-42.8255804329905,-5.00969108967201],[-42.8271865691048,-5.01516385103088],[-42.8273650278737,-5.0171269055822],[-42.8277219481094,-5.0173053661497],[-42.8278409212215,-5.01516385103088],[-42.8305773010016,-5.01587768880427],[-42.8311126800061,-5.01546128291183],[-42.8308152472258,-5.00749008889643],[-42.8287332186631,-5.00719265611618],[-42.8274840009858,-5.00754957455319],[-42.8264132438761,-5.00421833011184],[-42.8283762993267,-5.00362346455121],[-42.8311126800061,-5.00517011410943],[-42.8361095480172,-5.00671676366769],[-42.8405710370237,-4.99922146210078],[-42.8366449261224,-4.99767481164322],[-42.835990574905,-4.99880505620832],[-42.8352767362323,-4.9985671099841],[-42.834919816896,-4.99916197464535],[-42.8342654647793,-4.99898351587648],[-42.8346818706718,-4.99755583943039],[-42.8358121152369,-4.9978532722107],[-42.8361095480172,-4.99755583943039],[-42.8350387900081,-4.99713943443732],[-42.8363474942414,-4.99404613442153],[-42.8309937059947,-4.99220205208299],[-42.8312316531183,-4.99136924119751],[-42.8316480581114,-4.99142872685422],[-42.8317670312235,-4.99041745630052],[-42.8381320891246,-4.99303486296851],[-42.8389649009094,-4.99142872685422],[-42.8402141176874,-4.99160718742172],[-42.8422961462501,-4.99291588985638],[-42.8457463647029,-4.9932133226367],[-42.845865337815,-4.99220205208299],[-42.8398571992503,-4.99041745630052],[-42.8402736042434,-4.98982259073995],[-42.8418202538016,-4.99000105130746],[-42.8422961462501,-4.98613442606286],[-42.8428910118107,-4.9857775067265],[-42.8465791755884,-4.98559904795764],[-42.8467576361559,-4.98684826473557],[-42.8488396638194,-4.98708621095985],[-42.8486017175952,-4.98553956140161],[-42.8472335277051,-4.98524212772198],[-42.8474119873733,-4.98345753283884],[-42.8482447991581,-4.98351701939489],[-42.8483637722702,-4.98250574794186],[-42.8387864412412,-4.9822083160609],[-42.8300419219971,-4.98125653116393],[-42.8214758624211,-4.98119704460788],[-42.8211189430847,-4.97750887993085],[-42.8195128069704,-4.97846066482778]]]}},{"type":"Feature","properties":{"id":"340","municipality":"2211001","density":"Densa","type":"Área urbanizada","state":"PI"},"geometry":{"type":"Polygon","coordinates":[[[-42.7622928563302,-5.20609708091552],[-42.7623523428863,-5.20395556579667],[-42.7603892883349,-5.20062432135529],[-42.7599133949872,-5.20056483389994],[-42.7571770152071,-5.2077032170298],[-42.7576529067562,-5.20788167669799],[-42.7571770152071,-5.20954729936831],[-42.7562847168662,-5.20954729936831],[-42.756165743754,-5.21038011115315],[-42.761757478225,-5.21038011115315],[-42.763125668115,-5.20615656657225],[-42.7622928563302,-5.20609708091552]]]}},{"type":"Feature","properties":{"id":"341","municipality":"2211001","density":"Densa","type":"Área urbanizada","state":"PI"},"geometry":{"type":"Polygon","coordinates":[[[-42.7863848989439,-5.18628806764014],[-42.7868607913924,-5.18545525675467],[-42.7887048737309,-5.18521731142972],[-42.7890617930673,-5.18396809375248],[-42.7896566577285,-5.18373014662894],[-42.7914412544103,-5.18438449874562],[-42.7938207148541,-5.18402758030853],[-42.7939991736229,-5.18349220130398],[-42.7933448224056,-5.18313528196762],[-42.7934043089617,-5.18271887697456],[-42.7949509594192,-5.18242144419424],[-42.7948914719638,-5.18135068618518],[-42.7939396879662,-5.18135068618519],[-42.7939396879662,-5.18200503830184],[-42.7915007400671,-5.1818860651897],[-42.7916197131792,-5.18087479373669],[-42.7930473896253,-5.18063684841179],[-42.7933448224056,-5.18022044162006],[-42.7929879030692,-5.17599689883776],[-42.7971519601948,-5.17546151983322],[-42.7976278517439,-5.17421230305529],[-42.7969735014259,-5.17367692495008],[-42.7908463879504,-5.17415281739858],[-42.7887643602869,-5.17510460139619],[-42.7885858997195,-5.17415281739859],[-42.7870987367173,-5.17373641060681],[-42.7869202779484,-5.17516408795223],[-42.7861469527197,-5.17516408795223],[-42.7861469527197,-5.1746287089477],[-42.7849572215985,-5.17462870894769],[-42.7848977359418,-5.17409332994317],[-42.7842433838251,-5.17409332994317],[-42.7845408166054,-5.17718662995895],[-42.785492600603,-5.17718662995895],[-42.7855520880584,-5.17772200806417],[-42.7844813300493,-5.17790046773234],[-42.7845408166054,-5.17855481984903],[-42.7874556560536,-5.17861430640506],[-42.7875151426097,-5.18045838874361],[-42.789121278724,-5.18033941563147],[-42.789121278724,-5.1828378500867],[-42.7880505216142,-5.18289733574341],[-42.7880505216143,-5.18248092985101],[-42.7863848989439,-5.18265939041851],[-42.7858495199393,-5.18224298362674],[-42.7858495199393,-5.1828378500867],[-42.7846597897175,-5.18313528196762],[-42.7847787628296,-5.18468193242518],[-42.7843028712804,-5.18486039119403],[-42.7848977359417,-5.18634755509557],[-42.7863848989439,-5.18628806764014]]]}},{"type":"Feature","properties":{"id":"342","municipality":"2211001","density":"Densa","type":"Área urbanizada","state":"PI"},"geometry":{"type":"Polygon","coordinates":[[[-42.711216046883,-5.11776083839193],[-42.7046725293137,-5.11627367538978],[-42.7044345830895,-5.11758237872374],[-42.7109186141027,-5.11883159640099],[-42.711216046883,-5.11776083839193]]]}},{"type":"Feature","properties":{"id":"343","municipality":"2211001","density":"Densa","type":"Área urbanizada","state":"PI"},"geometry":{"type":"Polygon","coordinates":[[[-42.7659982906885,-5.15812023905772],[-42.7679613470385,-5.15776331972137],[-42.7677828873703,-5.15871510371904],[-42.7692700503725,-5.15919099616748],[-42.7691510772603,-5.16038072728867],[-42.7704597805944,-5.16049970040082],[-42.7709356730428,-5.15829869872589],[-42.7704002940383,-5.15681153482446],[-42.7697459419217,-5.15698999539195],[-42.7695079956974,-5.15812023905772],[-42.7689131310361,-5.1578822928335],[-42.7684372385876,-5.15651410294345],[-42.7677233999149,-5.15627615671924],[-42.7673069949218,-5.15722794071685],[-42.765165479803,-5.15704948104866],[-42.7645706151417,-5.15812023905772],[-42.7641542092493,-5.15740640128434],[-42.7606445042404,-5.15651410294345],[-42.760287584904,-5.15550283238975],[-42.761834233563,-5.15478899371704],[-42.761536801682,-5.1539561819322],[-42.760228098348,-5.15383720882011],[-42.7596927202428,-5.15276645171032],[-42.7605255311283,-5.15240953327328],[-42.7599901521238,-5.15110082903999],[-42.7606445042404,-5.15056545003547],[-42.7590978537829,-5.14759112403114],[-42.7580270966731,-5.14806701558023],[-42.7570753117762,-5.1467583131456],[-42.756599420227,-5.14705574502659],[-42.7574917176686,-5.1484239349166],[-42.7558855815543,-5.14830496180451],[-42.7545768782203,-5.14580652824862],[-42.7555286631173,-5.14485474425101],[-42.7549337975566,-5.14378398624196],[-42.756599420227,-5.14277271478892],[-42.7561830152339,-5.14199939135877],[-42.7576106907807,-5.14075017368151],[-42.7573132588997,-5.13843019889453],[-42.7577296638929,-5.13789481989],[-42.755290716893,-5.13337384432742],[-42.7518999849963,-5.13462306110535],[-42.7530897152182,-5.13640765688779],[-42.7516620387721,-5.13676457622415],[-42.7518404984402,-5.13706200900447],[-42.7509482000993,-5.13783533423323],[-42.7517810118841,-5.13914403666792],[-42.7510076866554,-5.13973890312782],[-42.7499369286463,-5.13801379300208],[-42.7502343623259,-5.13706200900447],[-42.7488066849805,-5.13486100822889],[-42.7472005488662,-5.13706200900447],[-42.7474384950904,-5.13771636112114],[-42.7468436304292,-5.13843019889453],[-42.7472005488662,-5.13920352412327],[-42.7454159530837,-5.13991736189667],[-42.7463082514246,-5.14188041824668],[-42.7477359278707,-5.14152349801101],[-42.7473195219783,-5.13997684935208],[-42.7478549009829,-5.13979838878458],[-42.7504128219941,-5.14449782491466],[-42.7508887144426,-5.14437885180251],[-42.7513051194357,-5.14497371736314],[-42.7510671732114,-5.14539012325553],[-42.758919395014,-5.1584771583941],[-42.7600496386799,-5.1587745911744],[-42.7606445042404,-5.1582986987259],[-42.7605255311283,-5.15776331972137],[-42.7621911537987,-5.15728742817226],[-42.7630239646842,-5.15776331972137],[-42.7630834512402,-5.15853664495018],[-42.7617747479063,-5.15942894239175],[-42.7627860193593,-5.16097559194998],[-42.7634403705766,-5.16115405161817],[-42.765105993247,-5.15978586172811],[-42.7667312363574,-5.15952230910723],[-42.7659982906885,-5.15812023905772]]]}},{"type":"Feature","properties":{"id":"344","municipality":"2211001","density":"Densa","type":"Área urbanizada","state":"PI"},"geometry":{"type":"Polygon","coordinates":[[[-42.7139524266631,-5.12204386773029],[-42.695392631065,-5.1175228921677],[-42.6951546848408,-5.11895056861381],[-42.7123462914482,-5.12317411229538],[-42.7139524266631,-5.12204386773029]]]}},{"type":"Feature","properties":{"id":"345","municipality":"2211001","density":"Densa","type":"Área urbanizada","state":"PI"},"geometry":{"type":"Polygon","coordinates":[[[-42.7681116390408,-5.03949881042171],[-42.7674929792176,-5.03935604214759],[-42.767540567743,-5.03854702642406],[-42.7654942323729,-5.03973675574663],[-42.7654942323729,-5.04006988082029],[-42.7679688707667,-5.04045059441933],[-42.7681116390408,-5.03949881042171]]]}},{"type":"Feature","properties":{"id":"346","municipality":"2211001","density":"Densa","type":"Área urbanizada","state":"PI"},"geometry":{"type":"Polygon","coordinates":[[[-42.7953352855949,-5.27785703837158],[-42.7968105523651,-5.278951589744],[-42.7967629629403,-5.28023649881533],[-42.7962394810672,-5.28023649881532],[-42.7960491242676,-5.28109310396356],[-42.7955256432938,-5.28123587223769],[-42.7960491242676,-5.28675622212188],[-42.7983334067613,-5.28699416834617],[-42.7989996560093,-5.28518577740164],[-42.8015694741518,-5.28613756229863],[-42.8025688475742,-5.28271113810849],[-42.803377864197,-5.28271113810849],[-42.8034730430464,-5.28161658583673],[-42.8012839394023,-5.28180694263627],[-42.7995231369832,-5.28256836983434],[-42.8012363490782,-5.27780944804755],[-42.8021881339752,-5.27761909124804],[-42.8025688475742,-5.27709561027417],[-42.8067566989624,-5.27695284200002],[-42.8075657155853,-5.27633418217671],[-42.8074705367358,-5.27509686342946],[-42.8051386648175,-5.27509686342946],[-42.8051386648175,-5.27566793292875],[-42.8039013460702,-5.2754775770285],[-42.803663399846,-5.27343123985981],[-42.8025212581495,-5.27343123985981],[-42.8036252883763,-5.27042221801087],[-42.7971436756401,-5.27114695736617],[-42.7972864439142,-5.27224150963793],[-42.7963346599166,-5.27238427701274],[-42.7963822493412,-5.27404989968306],[-42.7958898039712,-5.27425267072413],[-42.7953352855949,-5.27785703837158]]]}},{"type":"Feature","properties":{"id":"347","municipality":"2211001","density":"Densa","type":"Área urbanizada","state":"PI"},"geometry":{"type":"Polygon","coordinates":[[[-42.7229375721112,-5.10074613562564],[-42.7234134636604,-5.09969917277859],[-42.7231279280114,-5.09889015705506],[-42.7247459621564,-5.09841426460658],[-42.7246507842063,-5.09698658816048],[-42.7240797129084,-5.09674864193625],[-42.7237941781588,-5.09522578664069],[-42.7231755183354,-5.09498784131581],[-42.7229851606366,-5.09532096459078],[-42.7205581107681,-5.093893289044],[-42.7204153433933,-5.09422641321834],[-42.7186069533482,-5.09375052076985],[-42.7173696328023,-5.09589203588872],[-42.7165130267547,-5.09612998211294],[-42.7166082047049,-5.09698658816048],[-42.7173696328023,-5.09751006913434],[-42.7183690062246,-5.09731971233481],[-42.7187973092484,-5.09912810327927],[-42.7193683796469,-5.09903292442989],[-42.7193207911216,-5.09846185403133],[-42.7199394509449,-5.09836667518186],[-42.7201298077444,-5.09774801535856],[-42.7184165956493,-5.09627275038708],[-42.7186545418735,-5.09589203588872],[-42.719130434322,-5.09636792833721],[-42.7197966826707,-5.09622516006307],[-42.7190828448973,-5.09527337606539],[-42.7192256122722,-5.09484507304165],[-42.7210340032166,-5.09574926761458],[-42.720986413792,-5.09798596158283],[-42.7222237334385,-5.09765283740849],[-42.7225568576129,-5.09822390780705],[-42.722414090238,-5.09869980025553],[-42.72174784099,-5.09831908575717],[-42.7215098947658,-5.09865221083083],[-42.7219857872143,-5.09908051385459],[-42.7219381977895,-5.10065095767549],[-42.7204629319188,-5.10079372594965],[-42.7199394509449,-5.10250693714539],[-42.7209864137919,-5.10284006221906],[-42.7213195379663,-5.10165033199717],[-42.7229375721112,-5.10074613562564]]]}},{"type":"Feature","properties":{"id":"348","municipality":"2211001","density":"Densa","type":"Área urbanizada","state":"PI"},"geometry":{"type":"Polygon","coordinates":[[[-42.7199010786718,-5.1059230200313],[-42.7227564333627,-5.10651788469255],[-42.7229348921315,-5.10610147880017],[-42.7207933770127,-5.10366253180036],[-42.7199010786718,-5.1059230200313]]]}},{"type":"Feature","properties":{"id":"349","municipality":"2211001","density":"Densa","type":"Área urbanizada","state":"PI"},"geometry":{"type":"Polygon","coordinates":[[[-42.6968884221629,-5.08467287735136],[-42.6949848532683,-5.08389955212261],[-42.6942710145956,-5.08568414790505],[-42.6921889869321,-5.08485133701954],[-42.6906423373739,-5.08746874368751],[-42.6924864188131,-5.08746874368751],[-42.6930217978177,-5.08663593280198],[-42.6936166633783,-5.08693336468297],[-42.6939735827147,-5.08633850002173],[-42.6946279339319,-5.08651695968991],[-42.6943899877077,-5.08711182525048],[-42.6955202322729,-5.08746874368751],[-42.6968884221629,-5.08467287735136]]]}},{"type":"Feature","properties":{"id":"350","municipality":"2211001","density":"Densa","type":"Área urbanizada","state":"PI"},"geometry":{"type":"Polygon","coordinates":[[[-42.733561865088,-4.99971422223354],[-42.733942578687,-4.99871484791187],[-42.732229366592,-4.99919074125967],[-42.7321817780665,-4.99857208143637],[-42.7337046333621,-4.99709681466624],[-42.7345136490856,-4.9970492261408],[-42.734608827935,-4.99804859866386],[-42.7349895424334,-4.99823895636268],[-42.7352274877583,-4.99671610106715],[-42.7350847203835,-4.99566913822007],[-42.7337046333621,-4.99409869439915],[-42.7321817780665,-4.99466976479778],[-42.7318486529929,-4.99419387324861],[-42.73299079379,-4.99324208835163],[-42.7324673128162,-4.9920523581298],[-42.7316107067686,-4.99257583910367],[-42.7318010635682,-4.99290896417734],[-42.7310872257948,-4.99428905119873],[-42.7321817780665,-4.99643056631755],[-42.7307541007211,-4.99709681466624],[-42.7314679393938,-4.99876243823588],[-42.7314203499691,-4.9998094001836],[-42.733561865088,-4.99971422223354]]]}},{"type":"Feature","properties":{"id":"351","municipality":"2211001","density":"Densa","type":"Área urbanizada","state":"PI"},"geometry":{"type":"Polygon","coordinates":[[[-42.7434782693067,-5.02033225213172],[-42.7432998087391,-5.01938046723474],[-42.7421100794166,-5.01920200756655],[-42.7421100794166,-5.02009430590743],[-42.741574700412,-5.01985635878389],[-42.7365123968296,-5.02584070398526],[-42.7393142121811,-5.02735166214946],[-42.7388861906451,-5.02978673666855],[-42.7409066012586,-5.03046020657326],[-42.7407418886272,-5.03115879903931],[-42.7386365874085,-5.03058234799694],[-42.7374106432865,-5.03449004527932],[-42.7401470230666,-5.03538234272088],[-42.7409798348514,-5.03466850404816],[-42.7409203482954,-5.03419261159967],[-42.7404444558469,-5.0342520990551],[-42.740563428959,-5.03341928727027],[-42.7437757011877,-5.03437107216718],[-42.7447274860846,-5.03359774693843],[-42.7451438910776,-5.0320510973802],[-42.7459172163065,-5.03217006959301],[-42.7467500280913,-5.02919574358869],[-42.7398495911856,-5.02741114780616],[-42.7418126457369,-5.0246152805707],[-42.7437162146315,-5.02503168736245],[-42.7435377549634,-5.02687576880163],[-42.7442515936361,-5.02717320158196],[-42.7448464591967,-5.02532912014272],[-42.7455602969701,-5.02568603857976],[-42.7452628641898,-5.02723268903731],[-42.7470474599722,-5.02735166214946],[-42.7466310549792,-5.01836919578171],[-42.7440136474119,-5.01914252101052],[-42.7440731339679,-5.0202727646763],[-42.7434782693067,-5.02033225213172]]]}},{"type":"Feature","properties":{"id":"352","municipality":"2211001","density":"Densa","type":"Área urbanizada","state":"PI"},"geometry":{"type":"Polygon","coordinates":[[[-42.8417257620342,-5.14304222901565],[-42.8420826813706,-5.14137660724459],[-42.8405955183684,-5.14084122824005],[-42.8407739780366,-5.1389971459015],[-42.8386919503732,-5.13822382067276],[-42.8387514360299,-5.13786690223573],[-42.8366513778587,-5.13678960615533],[-42.8366099209111,-5.14101968700891],[-42.8403113685748,-5.1417091342691],[-42.8402756771807,-5.14281558277286],[-42.8417257620342,-5.14304222901565]]]}},{"type":"Feature","properties":{"id":"353","municipality":"2211001","density":"Densa","type":"Área urbanizada","state":"PI"},"geometry":{"type":"Polygon","coordinates":[[[-42.8589173677423,-5.07998651286721],[-42.8582035299689,-5.08022445909148],[-42.8564189341864,-5.07962959263154],[-42.8558240686259,-5.08034343220357],[-42.8558835551819,-5.08099778432024],[-42.8583819887377,-5.0817711077504],[-42.8589173677423,-5.07998651286721]]]}},{"type":"Feature","properties":{"id":"354","municipality":"2211001","density":"Densa","type":"Área urbanizada","state":"PI"},"geometry":{"type":"Polygon","coordinates":[[[-42.75482777738,-5.17032169289177],[-42.7549400343551,-5.16964815194065],[-42.7537052094278,-5.16934880000708],[-42.7530316675774,-5.17189328784492],[-42.7560626023072,-5.17290359972129],[-42.7563245352491,-5.17237973473694],[-42.7574096842095,-5.17256682879606],[-42.7579335491939,-5.17136942286056],[-42.75482777738,-5.17032169289177]]]}},{"type":"Feature","properties":{"id":"355","municipality":"2211001","density":"Densa","type":"Área urbanizada","state":"PI"},"geometry":{"type":"Polygon","coordinates":[[[-42.8087084409418,-5.02209537570098],[-42.8078646439381,-5.01962889235944],[-42.8068910315958,-5.01988852213753],[-42.8018282486747,-5.02475658294991],[-42.8022826005615,-5.02598982507034],[-42.805527975036,-5.02774232584762],[-42.8158482629869,-5.0349470555621],[-42.8156535408782,-5.03579085256577],[-42.8148746506446,-5.03598557557384],[-42.813316871976,-5.03981511727382],[-42.8098118677234,-5.03838715214534],[-42.8104609426184,-5.03631011302128],[-42.8061770490315,-5.03345418366361],[-42.8014388035579,-5.0439691946226],[-42.8017633410053,-5.04435863973937],[-42.8041649175768,-5.04338502829637],[-42.8052683452579,-5.04403410319128],[-42.803515842682,-5.04481299162621],[-42.8058525115841,-5.04630586442409],[-42.8084488111636,-5.04935651589046],[-42.8092926081673,-5.05448420558156],[-42.8127327038512,-5.05435439114218],[-42.8124730740731,-5.05669106004433],[-42.8116941847388,-5.05669106004433],[-42.8115643702994,-5.05759976471735],[-42.8102662196103,-5.05818393194285],[-42.8100714984009,-5.06065041618372],[-42.8117590924081,-5.06065041618372],[-42.8118240000775,-5.05987152595015],[-42.8126028894118,-5.05974171061145],[-42.8126677970811,-5.06084513919177],[-42.8134466873148,-5.06149421318737],[-42.812408167303,-5.06363615998078],[-42.8115643702994,-5.06344143787203],[-42.8120836298556,-5.06188365830418],[-42.8111749251826,-5.06142930641733],[-42.810331128179,-5.06266254763842],[-42.8096171456147,-5.06246782463035],[-42.8084017136681,-5.0644210037263],[-42.8042734972241,-5.06221076511468],[-42.8014776308879,-5.06221076511468],[-42.801537117444,-5.06119949366166],[-42.7990386829888,-5.06137795422915],[-42.7988602242199,-5.06048565588828],[-42.79689716787,-5.06090206178068],[-42.79689716787,-5.06012873655191],[-42.7985033048836,-5.0582846551127],[-42.7985627914396,-5.05745184332786],[-42.7990981704441,-5.05727338365967],[-42.799276629213,-5.05864157444905],[-42.8008232787712,-5.05864157444905],[-42.8009422518834,-5.05911746599822],[-42.8019535233364,-5.05911746599822],[-42.8017750627689,-5.05572673410144],[-42.7975515199866,-5.05655954498697],[-42.7974920343299,-5.05733287021578],[-42.7957669242041,-5.05757081643998],[-42.7960643569845,-5.06072360211249],[-42.7954694923231,-5.0613184667738],[-42.7948151402065,-5.06108052144885],[-42.7951125729868,-5.05935541222243],[-42.7919597873143,-5.05792773577633],[-42.7933279772043,-5.0559051937696],[-42.793030544424,-5.05560776098935],[-42.7918408142021,-5.05685697776727],[-42.7911864620855,-5.05626211310601],[-42.7919002998589,-5.05536981476507],[-42.7911269746301,-5.05429905765533],[-42.7916028679779,-5.05364470643798],[-42.7952315460989,-5.05661903244239],[-42.7964807628769,-5.0556672484447],[-42.7970161409821,-5.0559646803257],[-42.7977894662109,-5.05560776098935],[-42.7973135737624,-5.05471546264847],[-42.7979084393229,-5.05322829964628],[-42.797611007442,-5.05233600220471],[-42.7984438183275,-5.05174113664408],[-42.799217142657,-5.05180062320017],[-42.7995145754373,-5.05233600220471],[-42.7987412511078,-5.05269292064174],[-42.7986222779957,-5.05483443576055],[-42.8010017393387,-5.05299035432137],[-42.8001689266546,-5.05287138120922],[-42.8005853334463,-5.05197908286834],[-42.7999309813297,-5.05102729887068],[-42.799217142657,-5.05120575763955],[-42.7987412511078,-5.05055140642226],[-42.7974325468745,-5.05072986609042],[-42.7970756284375,-5.05031346019799],[-42.7974920343299,-5.05001602831704],[-42.7970756284375,-5.04971859463739],[-42.795647951092,-5.05067037863501],[-42.794636679639,-5.04977808209276],[-42.7949341133186,-5.04835040474736],[-42.7954100048678,-5.04858835097157],[-42.7958264107602,-5.0482909181913],[-42.7947556527511,-5.04716067362613],[-42.7942797612019,-5.04817194507916],[-42.7937443821974,-5.04799348631032],[-42.7934469503165,-5.04704170141334],[-42.7927925981998,-5.0472201610815],[-42.7911269746301,-5.04638735019603],[-42.7901157040764,-5.04811245942244],[-42.7878552167448,-5.04906424342006],[-42.7879741898569,-5.05013500142912],[-42.7871413780721,-5.05025397364194],[-42.7869629193032,-5.04948064931245],[-42.7842860251799,-5.05078935264646],[-42.784404998292,-5.05120575763955],[-42.7830962940587,-5.05227651564867],[-42.7827393747223,-5.05150319131918],[-42.7820255369489,-5.05186010975621],[-42.7820850244043,-5.05251446187289],[-42.7813116991756,-5.05340676021376],[-42.7803004277225,-5.05370419209475],[-42.7800624823976,-5.05257394842893],[-42.7780399403909,-5.0535257333259],[-42.7780399403909,-5.0542395710993],[-42.7767907227136,-5.0545370038796],[-42.7766122630455,-5.05406111143113],[-42.7738163967093,-5.05536981476507],[-42.7738758832653,-5.05602416688176],[-42.7725671799313,-5.05602416688176],[-42.7721507740389,-5.05739235677181],[-42.7719128278147,-5.0559051937696],[-42.7700092589201,-5.05644057187487],[-42.769949772364,-5.05703543833477],[-42.7691764480346,-5.05727338365967],[-42.7688195277989,-5.05685697776727],[-42.7686410690301,-5.0542395710993],[-42.7669159598037,-5.05495340887268],[-42.7664995539112,-5.05394213831897],[-42.7687005546868,-5.0530498399781],[-42.7678082581446,-5.0477555400861],[-42.7686410690301,-5.04811245942244],[-42.7697118261398,-5.04769605263068],[-42.7704256648125,-5.04680375518911],[-42.7706636110367,-5.0472201610815],[-42.771198989142,-5.04704170141333],[-42.7714964219223,-5.04495967285056],[-42.7688790152543,-5.04638735019603],[-42.7688790152543,-5.04692272830126],[-42.7668564732476,-5.04710118796943],[-42.7669159598037,-5.04864783842697],[-42.7663805807991,-5.04876681063973],[-42.7655477699136,-5.0472201610815],[-42.764952904353,-5.04716067362613],[-42.7647149581287,-5.04531659218691],[-42.76727287914,-5.04484069973849],[-42.7672133916847,-5.04555453841118],[-42.7682246631376,-5.04555453841118],[-42.7680462043688,-5.04240175183936],[-42.7674513379089,-5.04240175183936],[-42.7675108253642,-5.04341302329233],[-42.7658452017946,-5.04353199640445],[-42.7654287968015,-5.0441863476218],[-42.7641200925682,-5.04311559141138],[-42.7627519026781,-5.04365097041592],[-42.7628708757903,-5.0443648081893],[-42.7594206573374,-5.04603043085967],[-42.7593016842253,-5.04698221485729],[-42.7587663061201,-5.04698221485729],[-42.7585283598959,-5.04620888962853],[-42.7580524674474,-5.04614940397176],[-42.7583499002276,-5.04727964763759],[-42.7569222228822,-5.04644683585274],[-42.7569222228822,-5.04757708041786],[-42.7558514657725,-5.04751759386183],[-42.7556730061043,-5.04674426863306],[-42.7521038154387,-5.04424583507716],[-42.7521038154387,-5.04359148296056],[-42.7536504649969,-5.04329405018024],[-42.7548996817749,-5.0443648081893],[-42.755078141443,-5.04525710563088],[-42.7577550346671,-5.04537607874301],[-42.7582309271156,-5.04430532073395],[-42.7604914153465,-5.0441268619651],[-42.7613837127881,-5.04359148296056],[-42.7611457665638,-5.04216380561508],[-42.7601939816669,-5.04186637373415],[-42.7591232245571,-5.04234226618259],[-42.7581119540034,-5.04216380561508],[-42.7578145212231,-5.04156894095384],[-42.7585283598959,-5.04061715695617],[-42.7585283598959,-5.03960588640251],[-42.7602534691222,-5.03930845272289],[-42.7617406321244,-5.03960588640252],[-42.7625139573532,-5.03871358806157],[-42.7619785783486,-5.0378212897207],[-42.760015522898,-5.03799975028818],[-42.7574576018868,-5.03734539817157],[-42.7575170893422,-5.03865410060621],[-42.7568032497701,-5.03990331828344],[-42.7568627372255,-5.04192586029018],[-42.75602992634,-5.0422232930705],[-42.755078141443,-5.04204483340231],[-42.7551971136558,-5.03972485861527],[-42.7544832758824,-5.03972485861527],[-42.7543643027703,-5.03865410060621],[-42.755316086768,-5.03871358806157],[-42.7553755742233,-5.03728591071616],[-42.7515089498781,-5.03794026283283],[-42.7508545977614,-5.03823769561314],[-42.7504976793244,-5.03942742583502],[-42.7480587314252,-5.03829718216919],[-42.7474043793086,-5.03651258638673],[-42.7467500280913,-5.03597720828152],[-42.7450249179656,-5.03579874771401],[-42.74419210708,-5.03663156039812],[-42.743180835627,-5.03675053261095],[-42.7418126457369,-5.03776180406396],[-42.7414557272999,-5.03859461494949],[-42.7407418886272,-5.03841615528133],[-42.7408013751833,-5.03764283005251],[-42.7393736987372,-5.03722642505943],[-42.7384814012956,-5.04037921073195],[-42.7377080760668,-5.04073613006829],[-42.7372321836183,-5.0402602376198],[-42.7374106432865,-5.0395463989471],[-42.7381244810599,-5.03918947961074],[-42.7359234802843,-5.03859461494949],[-42.7352096416116,-5.03966537205923],[-42.73294915428,-5.03847564183735],[-42.7341983710579,-5.03752385694043],[-42.7331276130489,-5.03663156039812],[-42.731937882827,-5.03716693760401],[-42.73098609793,-5.03883256117372],[-42.7288445837105,-5.03811872340032],[-42.7294989349278,-5.03692899227911],[-42.7276548525893,-5.03621515360641],[-42.7261082030311,-5.03496593682849],[-42.7236692560313,-5.03883256117372],[-42.7265840963789,-5.04061715695617],[-42.7274169072644,-5.03918947961074],[-42.7267030685917,-5.03788077717611],[-42.7271789610402,-5.03728591071616],[-42.7281902315939,-5.0395463989471],[-42.7288445837105,-5.0400222913956],[-42.7284281778181,-5.04091458883717],[-42.7277143400447,-5.04091458883716],[-42.7274763929212,-5.04543556529904],[-42.7280117719257,-5.04555453841118],[-42.7283686912621,-5.04454326695817],[-42.7292609887036,-5.04513813341805],[-42.7289635568226,-5.04591145684822],[-42.7304507198248,-5.04716067362613],[-42.7302722601566,-5.0482314316352],[-42.7309266122733,-5.0477555400861],[-42.732235314708,-5.04840989220271],[-42.7315214769346,-5.04936167620037],[-42.7303912332687,-5.04936167620037],[-42.7304507198248,-5.05221702909256],[-42.7295584223833,-5.05281189375388],[-42.7299153408203,-5.05935541222243],[-42.7339009382777,-5.05893900633005],[-42.7341388836025,-5.05840362822483],[-42.7342497978898,-5.05737340985498],[-42.7335002669237,-5.05648111241334],[-42.7315214769346,-5.05471546264847],[-42.7306291785937,-5.0545370038796],[-42.7306291785937,-5.05316881398955],[-42.7314025038224,-5.05299035432137],[-42.7314025038224,-5.05096781231464],[-42.731937882827,-5.05084883920251],[-42.7322353147079,-5.05132473075169],[-42.7345552903943,-5.05126524509497],[-42.7357450197168,-5.05072986609042],[-42.7372916701744,-5.05132473075169],[-42.7357450197168,-5.05156267697591],[-42.7357450197168,-5.05221702909256],[-42.7339009382776,-5.05299035432136],[-42.73294915428,-5.0556672484447],[-42.7339009382777,-5.05566724844471],[-42.7358639937283,-5.05697595087942],[-42.7364588592888,-5.05893900633005],[-42.7394331852933,-5.0585820869937],[-42.7397306180735,-5.05947438533458],[-42.7426454566225,-5.05935541222243],[-42.7426454566225,-5.05691646522263],[-42.7451438910776,-5.05667851899841],[-42.7444300533042,-5.0556672484447],[-42.7447274860846,-5.05536981476507],[-42.7469284868602,-5.05554827533256],[-42.7474638658647,-5.05679749211055],[-42.7482966767502,-5.05703543833477],[-42.7484751373177,-5.05834414076942],[-42.7490105163222,-5.05846311388154],[-42.7492334987269,-5.06225383814405],[-42.747111536668,-5.06240188184131],[-42.7471710241234,-5.06329418018221],[-42.7457730909554,-5.06335366583898],[-42.7459515497242,-5.06442442384803],[-42.7490151055627,-5.06442442384804],[-42.7491935661302,-5.06302648978061],[-42.7544237893264,-5.06209179200256],[-42.7547212221067,-5.06262717100708],[-42.7578145212231,-5.06221076511468],[-42.7587068186647,-5.06345998189262],[-42.7571601700058,-5.06405484835249],[-42.7574576018868,-5.06518509201834],[-42.7568627372255,-5.06536355078719],[-42.756684276658,-5.06464971301382],[-42.7547807086627,-5.06453073990168],[-42.7544832758824,-5.06375741467293],[-42.7525202213311,-5.0643522802335],[-42.7525202213311,-5.06512560456297],[-42.7507356246493,-5.06524457767508],[-42.7504976793244,-5.06464971301382],[-42.7494269213153,-5.06470919867053],[-42.7494864078714,-5.06815941802267],[-42.7485346229744,-5.06827839113482],[-42.7483012677893,-5.06620901873117],[-42.7462787257825,-5.06638747929866],[-42.7462787257825,-5.06528697801156],[-42.7403849692909,-5.06524457767508],[-42.740563428959,-5.06667225502048],[-42.7430618634142,-5.06691020124476],[-42.7429428903021,-5.07041990625362],[-42.7445490264164,-5.07036041879825],[-42.7444300533042,-5.07256142137244],[-42.7442515936361,-5.07297782636556],[-42.7418721331924,-5.07291833980947],[-42.7403849692909,-5.07601163892594],[-42.74147770763,-5.0766360607056],[-42.7409479053215,-5.07836675202396],[-42.7388777738901,-5.0785095193988],[-42.7376285571122,-5.07800983178829],[-42.7370574867136,-5.08104364524799],[-42.7354513497,-5.0812577972095],[-42.7356298102675,-5.07911628209069],[-42.735094431263,-5.07865228677356],[-42.7317750830536,-5.08065103361827],[-42.7331341691066,-5.08373760940311],[-42.7314414651515,-5.08379403286829],[-42.7314414651515,-5.08551914209473],[-42.734296818943,-5.0854596546393],[-42.7343563045997,-5.08635195298019],[-42.7328691415976,-5.08641144043561],[-42.7326311962726,-5.08724425132107],[-42.7341778458308,-5.08748219664604],[-42.7339398987073,-5.08932627898452],[-42.7298948155932,-5.08968319922026],[-42.729845859199,-5.09161128183513],[-42.7299756736384,-5.09226035583073],[-42.7306247494326,-5.09251998560882],[-42.7302353043158,-5.09355850562049],[-42.730583234029,-5.09377596169122],[-42.7301703966464,-5.09440230262414],[-42.7274442826275,-5.09537591496646],[-42.7266653932932,-5.09621971197009],[-42.7258865030596,-5.09641443497816],[-42.7256917809509,-5.09784239920733],[-42.7262110414064,-5.09803712221539],[-42.7263408558457,-5.09699860220367],[-42.7272495596195,-5.09699860220367],[-42.7271197451801,-5.09868619621096],[-42.728093356623,-5.09940017787585],[-42.7272495596195,-5.10115267955245],[-42.7264057626158,-5.10063341999633],[-42.7255619656122,-5.10193156978609],[-42.7267303000632,-5.10322971867653],[-42.7256268732815,-5.1073188901546],[-42.7266004856238,-5.10751361316267],[-42.7267952077326,-5.10666981615908],[-42.7286126170786,-5.10725398338456],[-42.7293265987435,-5.10692944593711],[-42.730040582207,-5.10498222125245],[-42.7310791013194,-5.10524185103054],[-42.7304300273239,-5.10738379782395],[-42.7309492859807,-5.10829250159765],[-42.7306896562026,-5.10965555905677],[-42.7320070811618,-5.11161377075889],[-42.733149221959,-5.11243468541238],[-42.7345191970033,-5.11244658074508],[-42.739241924675,-5.1158011212247],[-42.7390627212676,-5.11640593688442],[-42.7425677237214,-5.11699010410996],[-42.742437909282,-5.11783390111363],[-42.7452938377404,-5.11893732789531],[-42.7459429126352,-5.11867769811722],[-42.7462674500827,-5.11737954922677],[-42.75184949256,-5.11874260578657],[-42.7523038453461,-5.11750936366616],[-42.752952920241,-5.11750936366616],[-42.7536019951359,-5.12101436791871],[-42.7570420908197,-5.12081964491063],[-42.7572368138278,-5.12192307169238],[-42.7551597738044,-5.12276686869597],[-42.7552895891431,-5.12451937127192],[-42.7568473687111,-5.12419483382444],[-42.7567824610417,-5.12309140704275],[-42.7608716316204,-5.12211779470044],[-42.7607418171811,-5.12101436791871],[-42.7600278346168,-5.12004075467707],[-42.762299596749,-5.11893732789531],[-42.7622346890796,-5.11841806923845],[-42.7631433937526,-5.11815843856107],[-42.7635328388694,-5.11874260578657],[-42.7674272873394,-5.11750936366616],[-42.7683359920124,-5.11673047433186],[-42.7679465468956,-5.11588667732826],[-42.7672974720007,-5.11614630710636],[-42.7669080268839,-5.11724973388807],[-42.7654800626547,-5.11763917900487],[-42.7648309877598,-5.11549723221145],[-42.7631433937526,-5.11374472963555],[-42.7639805951283,-5.11210961826425],[-42.7658841631236,-5.11312088881796],[-42.7666574883523,-5.11210961826425],[-42.7677877320182,-5.11306140316116],[-42.7684420841348,-5.11252602415665],[-42.7714164101392,-5.1150839451679],[-42.7728440865853,-5.11341832159821],[-42.7726656269171,-5.11276397038086],[-42.7710594908028,-5.1114552670469],[-42.7712379513703,-5.11062245526205],[-42.773498438702,-5.11216910482028],[-42.7741527899193,-5.11163372581574],[-42.7741527899193,-5.1106819418181],[-42.7729035731413,-5.11008707715683],[-42.7731415193656,-5.10859991325533],[-42.7763537915941,-5.10877837292355],[-42.7765322512623,-5.10693429058501],[-42.769507388655,-5.1061475061025],[-42.7705008112634,-5.10513568786166],[-42.7712503413301,-5.10584952563506],[-42.7719641791035,-5.10534983892388],[-42.7683592961446,-5.09685516393461],[-42.7664747047438,-5.09728558306318],[-42.7655272437872,-5.09468006723125],[-42.7648728916706,-5.09473955288802],[-42.7635047017805,-5.09646466211444],[-42.762671890895,-5.09390674200251],[-42.7596975648906,-5.09456109411917],[-42.758686294337,-5.09354982266616],[-42.755911526096,-5.09334536629559],[-42.7559704388846,-5.09237043374851],[-42.7571601700058,-5.09147813630688],[-42.7580524674474,-5.0920730009682],[-42.7593611707814,-5.09171608163182],[-42.7604914153465,-5.09052635140996],[-42.7600750085548,-5.08963405306906],[-42.7604319278911,-5.08909867496385],[-42.7618596052366,-5.09058583796599],[-42.7623354967857,-5.09005045896147],[-42.7628708757903,-5.09052635140996],[-42.7634657413509,-5.0901694320736],[-42.764952904353,-5.09213248842356],[-42.7644175262478,-5.09248940686058],[-42.7637036866757,-5.09213248842355],[-42.7654287968015,-5.0937981101946],[-42.769949772364,-5.09397656986277],[-42.769890285808,-5.09326273119006],[-42.7688790152543,-5.09332221774612],[-42.7666780135794,-5.09100224385844],[-42.7659641749067,-5.09225146063637],[-42.7645364993599,-5.09028840518574],[-42.7656072555703,-5.08868226907141],[-42.7653098227901,-5.08814689006687],[-42.7666185270233,-5.08701664640109],[-42.7687005546868,-5.08761151196167],[-42.7689385018103,-5.08719510606928],[-42.769890285808,-5.08838483629115],[-42.7716153950344,-5.08897970185172],[-42.7715559093777,-5.08963405306906],[-42.7703066917004,-5.08939610684479],[-42.7700092589201,-5.09046686485393],[-42.7716153950344,-5.090883269847],[-42.7717938547026,-5.09046686485393],[-42.773518963929,-5.09082378419026],[-42.7736974235972,-5.09022891862964],[-42.7750656143866,-5.09058583796599],[-42.7764932899333,-5.09439297485587],[-42.7775640479424,-5.09403605641882],[-42.7772071286061,-5.090883269847],[-42.7759579109288,-5.09005045896147],[-42.7759579109288,-5.08909867496385],[-42.7770286689379,-5.08933662118808],[-42.7769691823818,-5.08975302618114],[-42.7780399403909,-5.09022891862964],[-42.7785753193954,-5.08826586317901],[-42.7798840218301,-5.08773048507379],[-42.7800624823977,-5.08689767328895],[-42.7823229697292,-5.0868381867329],[-42.7823824562853,-5.08630280772838],[-42.7840480789557,-5.08660024140796],[-42.7844644848481,-5.08564845561172],[-42.7854162688457,-5.0857674287238],[-42.7858326747381,-5.08410180695279],[-42.7852378091775,-5.08374488671712],[-42.7852378091775,-5.08315002205581],[-42.7845239714041,-5.08285259017487],[-42.7847024310723,-5.08219823805822],[-42.7865465134108,-5.081960291834],[-42.7865465134108,-5.08273361706272],[-42.7860706209623,-5.08309053639909],[-42.7864870259555,-5.08380437417249],[-42.7888664872985,-5.08344745483614],[-42.7892234066348,-5.08386386072858],[-42.7872008646282,-5.08582691617921],[-42.7889259738546,-5.08719510606928],[-42.7904131368567,-5.08731407918134],[-42.7916377751632,-5.089339519703],[-42.7889765688136,-5.09154637416578],[-42.7882625862493,-5.09102711371025],[-42.7850821203435,-5.09297433839499],[-42.784562859888,-5.09401285840664],[-42.7840436012312,-5.094077766076],[-42.7841734156706,-5.09284452395559],[-42.7833945263363,-5.09264980094752],[-42.7829401726508,-5.09440230262414],[-42.781512209321,-5.09453211796286],[-42.781512209321,-5.0954408226358],[-42.7832647109976,-5.0954408226358],[-42.7834594331063,-5.09615480520006],[-42.7846926752267,-5.09647934174819],[-42.7846926752267,-5.09725823198175],[-42.7835243407757,-5.09712841664305],[-42.7834594331063,-5.09777749243727],[-42.7828103591107,-5.09777749243727],[-42.7827412066413,-5.09884703816022],[-42.7836541561144,-5.09888091921904],[-42.7837190628844,-5.10089304977435],[-42.7842099326422,-5.10077977296813],[-42.784562859888,-5.10297008979775],[-42.7853417501216,-5.10413842424886],[-42.7862504547946,-5.10368407236201],[-42.786511766305,-5.10561863009564],[-42.7843473427556,-5.10732386790217],[-42.7822134143176,-5.11007070409966],[-42.7801535432514,-5.10964384268915],[-42.7802427721862,-5.11130946535952],[-42.7810341755867,-5.11165480502519],[-42.7792404471888,-5.11543232544142],[-42.7774879464116,-5.11783390111363],[-42.7813174872122,-5.11952149602019],[-42.7816420237603,-5.11867769811722],[-42.7810578574341,-5.11822334623044],[-42.7819016544378,-5.11634102921511],[-42.7847575828961,-5.11783390111363],[-42.7838304061483,-5.12165686966877],[-42.7828329779595,-5.1212385931865],[-42.7826545182913,-5.12189294530316],[-42.7830114367284,-5.12355856797349],[-42.7846770602981,-5.12367754108563],[-42.7842011678496,-5.12570008309235],[-42.7822381132982,-5.12534316375594],[-42.7819406796186,-5.12581905620443],[-42.7817027342937,-5.12445086631437],[-42.7799181376119,-5.12415343263478],[-42.779680192287,-5.12486727130749],[-42.7808104359528,-5.12510521663239],[-42.7806914628407,-5.12575956874905],[-42.7812863284013,-5.1262949477536],[-42.7812863284013,-5.12694929987028],[-42.7826545182913,-5.12837697631638],[-42.7829519510717,-5.12926927375794],[-42.7826545182913,-5.12968567965033],[-42.780988895621,-5.12831748976033],[-42.7805724897286,-5.12837697631638],[-42.7816432468383,-5.13147027633216],[-42.7811078687331,-5.13182719476919],[-42.7805724897286,-5.13147027633216],[-42.7801560838362,-5.13022105865492],[-42.7796207048316,-5.13028054521096],[-42.7794422460628,-5.13099438298434],[-42.7790853267264,-5.13051849143517],[-42.7793232729506,-5.12867440909669],[-42.7774197040561,-5.12813903009216],[-42.7767653519394,-5.12837697631638],[-42.7771222712757,-5.12974516620642],[-42.7784904611658,-5.13069695110334],[-42.7799776250673,-5.13349281833884],[-42.7771817578318,-5.13379025021982],[-42.7759920267107,-5.13206514099342],[-42.7763489469463,-5.13039951832309],[-42.7759325410538,-5.12802005698001],[-42.7762299738342,-5.12736570486334],[-42.7758135679418,-5.126711353646],[-42.7726012948139,-5.12534316375594],[-42.7730771881617,-5.1284959494285],[-42.7738505133904,-5.12897184187693],[-42.773731539379,-5.12950721998214],[-42.7721848898208,-5.13016157209881],[-42.7720659167087,-5.13069695110334],[-42.7730771881617,-5.13307641244644],[-42.7728987275942,-5.13373076366378],[-42.7709356730428,-5.13117284265254],[-42.7716495108162,-5.1291503006458],[-42.7714710520474,-5.12760365198694],[-42.7705192671504,-5.1270087864263],[-42.7703408083816,-5.12581905620443],[-42.7696864562649,-5.12575956874906],[-42.7690915907043,-5.1270087864263],[-42.7690321041483,-5.12778211075573],[-42.769805429377,-5.12944773432542],[-42.7695674831528,-5.13158924944425],[-42.7714710520474,-5.13301692499108],[-42.7731366738184,-5.13569381911442],[-42.7735530797108,-5.13569381911442],[-42.7743264049396,-5.13747841489686],[-42.7716495108162,-5.13825174012567],[-42.7712331049238,-5.13634817123108],[-42.7699244015898,-5.13628868377566],[-42.7695079956974,-5.13569381911442],[-42.768794157924,-5.13581279222656],[-42.7690321041483,-5.1372999552287],[-42.7686156982558,-5.13777584677787],[-42.7705787537065,-5.14045274090121],[-42.7734935931547,-5.14176144513454],[-42.7748022973881,-5.14164247112309],[-42.7761704872781,-5.14241579635189],[-42.7762299738342,-5.14390295935403],[-42.7756945948296,-5.14366501312981],[-42.7738505133904,-5.14461679802679],[-42.7726012948138,-5.143843472798],[-42.7718874570404,-5.14259425602007],[-42.7710546461549,-5.14235630979579],[-42.7703408083815,-5.1428322022443],[-42.7696269688095,-5.14110709301787],[-42.7674259680339,-5.13843019889453],[-42.7667121302605,-5.13777584677787],[-42.7664146965809,-5.13801379300208],[-42.7708166999307,-5.14735317780685],[-42.7713520780359,-5.14806701558023],[-42.7726607822693,-5.14794804336747],[-42.7731366738184,-5.14848342237201],[-42.7730177007063,-5.14901880137656],[-42.7715900251595,-5.14901880137656],[-42.7714710520474,-5.14955417858245],[-42.7715900251595,-5.15032750381119],[-42.7726215808212,-5.15118526099094],[-42.7671880218097,-5.1545510465935],[-42.7684967251437,-5.15443207438068],[-42.7717089982716,-5.15621667016315],[-42.7730031101054,-5.15164181981408],[-42.7742669183835,-5.15270696515428],[-42.7757540813857,-5.15704948104866],[-42.7768248393948,-5.15776331972137],[-42.7775386771682,-5.15889356428654],[-42.7773007309439,-5.16008329360909],[-42.7767058662827,-5.15996432139629],[-42.7767653519394,-5.1590720230554],[-42.7758135679418,-5.15889356428654],[-42.7753376763926,-5.1582986987259],[-42.7741479452714,-5.15817972471451],[-42.7745048637085,-5.15627615671924],[-42.773791025935,-5.15597872393893],[-42.7736720528229,-5.15538385927767],[-42.7728392419374,-5.15532437182224],[-42.7723038629329,-5.15574077771471],[-42.7721254032647,-5.15663307605558],[-42.7727797553814,-5.15782280627748],[-42.772422836045,-5.15853664495018],[-42.7715305377041,-5.1587745911744],[-42.7712925923792,-5.15960740205993],[-42.7718279713837,-5.15996432139629],[-42.7719469435965,-5.16121353817421],[-42.7743858905963,-5.16127302473023],[-42.7751592158251,-5.16180840283544],[-42.777374448372,-5.16166688282032],[-42.7775611197498,-5.16281051919008],[-42.7804460990082,-5.16250980028702],[-42.7805057033755,-5.16417870908011],[-42.7809518516466,-5.16417870908011],[-42.7809815949246,-5.16477357464073],[-42.7821118385904,-5.16477357464073],[-42.7821118385904,-5.16578484519443],[-42.7829446503753,-5.16578484519443],[-42.7829446503753,-5.16480331791877],[-42.7839856651063,-5.16477357464073],[-42.7838442494125,-5.16240326929541],[-42.7845580871859,-5.16252224240754],[-42.7847365468541,-5.16543708185579],[-42.7867590879615,-5.16525862218759],[-42.7868780619729,-5.16442581130214],[-42.7874134400782,-5.16448529695886],[-42.7884841980872,-5.16615091962923],[-42.7901498198582,-5.16668629863375],[-42.7899713610894,-5.16781654319885],[-42.788543683744,-5.16864935408438],[-42.7839632216254,-5.16710270362683],[-42.783665788845,-5.16805448942313],[-42.7856288442957,-5.16912524563356],[-42.7856288442957,-5.16960113808199],[-42.7842606544056,-5.16930370620107],[-42.7845580871859,-5.1723375178621],[-42.7859857636321,-5.17215905909325],[-42.7860452501881,-5.17120727419632],[-42.7867590879615,-5.17120727419632],[-42.7867590879615,-5.1718021397569],[-42.7876513863024,-5.17221854474997],[-42.7887221443114,-5.17209957163788],[-42.7889006030803,-5.17168316664476],[-42.7912800644234,-5.17221854474997],[-42.7937190123225,-5.17221854474997],[-42.793540551755,-5.17102881542746],[-42.7928267139816,-5.17090984231533],[-42.7927672283249,-5.17013651708657],[-42.7930051736498,-5.16906575997679],[-42.7938379854347,-5.16900627342074],[-42.7952061753247,-5.16793551631099],[-42.7950277147572,-5.16650783896558],[-42.7944328500959,-5.1663293792974],[-42.7947897694323,-5.16466375662703],[-42.7902093073137,-5.1648422162952],[-42.7900903342015,-5.16329556673696],[-42.7875918997464,-5.16311710706878],[-42.7877703594145,-5.16162994406664],[-42.7905067400939,-5.16162994406664],[-42.7907446863182,-5.16222480872791],[-42.7934810660983,-5.16246275495213],[-42.7952061753247,-5.16210583561577],[-42.7960315533135,-5.15963210823514],[-42.7971097442192,-5.15966688861597],[-42.7973476904435,-5.15913150961144],[-42.7965148786587,-5.15841767183805],[-42.7972882029881,-5.15621667016315],[-42.7987158803336,-5.15621667016315],[-42.7987158803336,-5.15585975082679],[-42.796812311439,-5.15520539871011],[-42.7974071761003,-5.15342080292765],[-42.7986563937775,-5.15318285670345],[-42.7987158803336,-5.15276645171032],[-42.7992512593381,-5.15318285670345],[-42.7990727987706,-5.15371823570798],[-42.7982399878851,-5.15389669627548],[-42.7982399878851,-5.15461053404885],[-42.7990727987706,-5.15490796682918],[-42.8004409886607,-5.15383720882011],[-42.7996081777752,-5.1518146668134],[-42.8005599617728,-5.15145774837636],[-42.7987158803336,-5.14794804336747],[-42.7969907711072,-5.14878085425295],[-42.7963959064459,-5.1477100971432],[-42.7972882029881,-5.14652036692134],[-42.7960389862102,-5.14711523158264],[-42.7953846349928,-5.1462824197978],[-42.7946113097641,-5.14652036692134],[-42.794254391327,-5.14521166268805],[-42.7982399878851,-5.14616344668564],[-42.7983589609972,-5.14723420469477],[-42.8006194492282,-5.14663934003347],[-42.8016902063379,-5.14687728625774],[-42.8022850718985,-5.14515217613201],[-42.80317736934,-5.1452711492441],[-42.8025825037795,-5.14771009714321],[-42.8034153155643,-5.14806701558023],[-42.8041886398937,-5.147472150919],[-42.8047835063537,-5.1459849879168],[-42.8045455592301,-5.14550909636769],[-42.8028799365598,-5.14366501312981],[-42.802047124775,-5.14336758124882],[-42.8015712332258,-5.14425987869039],[-42.8010358551206,-5.14425987869039],[-42.7995486912191,-5.14253476856465],[-42.8024635306673,-5.14247528290792],[-42.804129154237,-5.14188041824667],[-42.8046050457862,-5.14217785012762],[-42.8042481273492,-5.14372449968585],[-42.8047240188983,-5.14437885180251],[-42.8057352903513,-5.14455731057139],[-42.8060327231316,-5.143843472798],[-42.8051999113468,-5.14301066191246],[-42.805378371015,-5.14158298456704],[-42.8063301550126,-5.14164247112309],[-42.8065086146808,-5.14009582156483],[-42.8087691029117,-5.13771636112114],[-42.8083526970193,-5.13521792666591],[-42.806746560905,-5.13527741322201],[-42.806687074349,-5.13480152077353],[-42.8058542625641,-5.13480152077353],[-42.8059137500195,-5.13420665611227],[-42.8052593979028,-5.13390922333196],[-42.8029394231158,-5.13444460233649],[-42.8029394231158,-5.13313589810315],[-42.8010358551206,-5.13313589810315],[-42.8010358551206,-5.13527741322201],[-42.7989538256585,-5.13521792666591],[-42.7992512593381,-5.13266000565472],[-42.7939569576474,-5.1310538704397],[-42.7938974710914,-5.12968567965033],[-42.7933620929862,-5.12873389565272],[-42.7955630937617,-5.12885286876485],[-42.7957415543293,-5.13039951832309],[-42.7972287173314,-5.13111335699581],[-42.8010358551206,-5.1308159242155],[-42.8050214516786,-5.13266000565472],[-42.8053188835596,-5.13117284265254],[-42.8038317205574,-5.13039951832309],[-42.801749692894,-5.13004259898673],[-42.8025230181228,-5.12879338220876],[-42.8038912080128,-5.1292097881012],[-42.8055568297838,-5.12903132843304],[-42.8055568297838,-5.13028054521096],[-42.8088880760238,-5.13182719476919],[-42.809007049136,-5.12956670743756],[-42.8096171456147,-5.12906289373751],[-42.8093575158367,-5.12744020829895],[-42.8097469609534,-5.12640168828722],[-42.8106556647271,-5.12640168828722],[-42.8123432587344,-5.12724548529088],[-42.8128625191899,-5.12620696527915],[-42.8113696472914,-5.12516844616683],[-42.8117590924081,-5.12406501938512],[-42.8117590924081,-5.11919695767342],[-42.8120836298556,-5.11880751255662],[-42.8143553910884,-5.1196513113589],[-42.8145501140964,-5.11900223556468],[-42.8145501140964,-5.11666556666251],[-42.8139010392015,-5.11699010410995],[-42.8130572421979,-5.11653575222313],[-42.8124730740731,-5.1145236198691],[-42.8129923336293,-5.11406926798232],[-42.8139659459716,-5.11510778709466],[-42.8148097438745,-5.11530251010271],[-42.8142904843183,-5.11082389440713],[-42.8125379817424,-5.11069407906843],[-42.8127976124198,-5.10991518883486],[-42.8146150208665,-5.10978537439547],[-42.8145501140964,-5.10861703994438],[-42.8122783519643,-5.1073188901546],[-42.8144202987577,-5.1053067586999],[-42.8146150208665,-5.1038138868014],[-42.8140308536409,-5.10277536678967],[-42.8148097438745,-5.10225610723353],[-42.8154588178701,-5.10030888344817],[-42.8154588178701,-5.09920545576712],[-42.8148746506446,-5.09888091921904],[-42.8172762281154,-5.0958302668533],[-42.8190936365621,-5.09206563372198],[-42.8235722531569,-5.08622396056729],[-42.8226635475846,-5.08395220023381],[-42.8229231782621,-5.08362766188702],[-42.8242862348219,-5.08434164355196],[-42.8244809569306,-5.08538016356365],[-42.8275965160663,-5.08194006787978],[-42.8296735551904,-5.07862978663532],[-42.8291542947348,-5.07830524918787],[-42.8279859611831,-5.07856487896597],[-42.8277912381751,-5.07648783984189],[-42.8289595726262,-5.0763580254025],[-42.8294139254123,-5.07525459772148],[-42.828635036078,-5.07493006117335],[-42.8279859611831,-5.07278811437993],[-42.8306471666334,-5.07350209604489],[-42.8309717049802,-5.07408626327037],[-42.8307120752021,-5.07486515260469],[-42.831426056867,-5.07525459772148],[-42.8328540210962,-5.07246357693248],[-42.8359046725625,-5.06882875824057],[-42.8367484695662,-5.06616755099164],[-42.8368957389471,-5.06305742286173],[-42.836423933018,-5.06155912085673],[-42.8380466193559,-5.05662615327431],[-42.8384360635734,-5.05188790690137],[-42.8381764337953,-5.04494280696492],[-42.8389553240289,-5.03637502069063],[-42.8386307865815,-5.03643992836],[-42.838241342364,-5.04111326616426],[-42.8368782849049,-5.04669530864153],[-42.8359558520809,-5.05418203427343],[-42.8355691903658,-5.05453895271047],[-42.8350338113612,-5.05418203427343],[-42.8344389458007,-5.0495420846994],[-42.8353205062363,-5.04442354740873],[-42.8342819862246,-5.0419570631679],[-42.834152170886,-5.03592066790448],[-42.8337627257691,-5.03579085256577],[-42.8331785594429,-5.03663465136805],[-42.8312313347582,-5.03618029768256],[-42.8307769819721,-5.03520668623953],[-42.8297384628597,-5.03449270367531],[-42.8253896616036,-5.03390853734909],[-42.8230529927014,-5.03261038666],[-42.8214952131335,-5.02865103141995],[-42.821819750581,-5.02430223016375],[-42.8199374335657,-5.02151120937475],[-42.8121485366256,-5.01917453957328],[-42.8098118677234,-5.01943417025069],[-42.8090978860586,-5.02190065359225],[-42.8087084409418,-5.02209537570098]],[[-42.7463336221988,-5.07363217758292],[-42.7457982431943,-5.07369166503827],[-42.7461551616313,-5.07488139526015],[-42.7485941104298,-5.07553574737681],[-42.7487725691986,-5.07791520782053],[-42.7480587314253,-5.07845058682506],[-42.7481777036381,-5.08011620859611],[-42.7487725691986,-5.08059210194393],[-42.750140759988,-5.08059210194393],[-42.7497243540956,-5.08184131872185],[-42.7473130387657,-5.08257190187174],[-42.7471345790975,-5.0844278813416],[-42.7459826509785,-5.08489892644424],[-42.7463633645776,-5.08751633311226],[-42.7476958630736,-5.08770668991178],[-42.7476958630736,-5.08718320893792],[-42.7468392570261,-5.08713561861386],[-42.7468392570261,-5.08661213763998],[-42.7475760940615,-5.08614995265817],[-42.7478207852011,-5.08665972706474],[-42.7484156498623,-5.08648126829586],[-42.7479992448692,-5.0855294833989],[-42.7485346229744,-5.08523205061857],[-42.7495458944274,-5.08511307840581],[-42.7496053809835,-5.08576742872379],[-42.7502597331002,-5.08570794306706],[-42.750438191869,-5.08481564472619],[-42.7512710036539,-5.08428026572166],[-42.751389976766,-5.08338796828009],[-42.7506166524365,-5.08326899516794],[-42.7504976793244,-5.08386386072858],[-42.7491294894343,-5.08433975317701],[-42.7492484616471,-5.0829120758316],[-42.750140759988,-5.08267412960737],[-42.7505571649812,-5.08154388594152],[-42.7518063817591,-5.08142491282941],[-42.7515684364341,-5.07975929015908],[-42.7503787062123,-5.07993774982727],[-42.7499028128645,-5.07958083139022],[-42.7498433272077,-5.07833161371298],[-42.751449463322,-5.07839110026903],[-42.751449463322,-5.07791520782053],[-42.7532935447612,-5.07892647927355],[-42.7529961128803,-5.07993774982727],[-42.7534125178734,-5.08118696660519],[-42.7551971136558,-5.08279310271945],[-42.7572791431179,-5.08053261538782],[-42.756684276658,-5.08035415571966],[-42.75602992634,-5.08077056071277],[-42.7554945473354,-5.08047312883178],[-42.7547807086627,-5.08118696660519],[-42.7543643027703,-5.08106799439237],[-42.7547212221067,-5.07767726159632],[-42.7541858431021,-5.07737982881599],[-42.7542453296582,-5.07696342382292],[-42.7597775766738,-5.07761777504027],[-42.7587663061201,-5.08041364227576],[-42.7576360615549,-5.08154388594153],[-42.7573386287747,-5.08338796828009],[-42.7578740077792,-5.08344745483614],[-42.7583499002276,-5.08261464305127],[-42.7591232245571,-5.08273361706272],[-42.7597180901177,-5.08207926494606],[-42.7607293606714,-5.08219823805822],[-42.7606103875593,-5.08398283384066],[-42.7598965497859,-5.08535102373072],[-42.7575170893422,-5.08481564472619],[-42.7569222228822,-5.08541051028674],[-42.7576360615549,-5.08636229518374],[-42.7565058178891,-5.08719510606928],[-42.7570411959944,-5.08767099761838],[-42.7562678716649,-5.08820637662298],[-42.7554945473354,-5.08731407918134],[-42.7546617346513,-5.08761151196167],[-42.7537099506537,-5.08606486240343],[-42.7519253548711,-5.08719510606928],[-42.7515684364341,-5.08933662118808],[-42.7521038154387,-5.09022891862964],[-42.7546022489946,-5.08826586317901],[-42.7559704388846,-5.08969353962511],[-42.7535909784408,-5.09153762196365],[-42.752758166656,-5.09112121697053],[-42.7509698530762,-5.09305655711438],[-42.7486330708595,-5.09295495710553],[-42.7484546120906,-5.09402571511464],[-42.7473243684248,-5.09426366133885],[-42.7473243684248,-5.0950369856683],[-42.7466105288528,-5.09485852600011],[-42.7470269347452,-5.09265752522458],[-42.7445285011893,-5.09236009244427],[-42.743814663416,-5.08980217233234],[-42.7404834171759,-5.08890987399146],[-42.740542903732,-5.08777963032565],[-42.7430413381871,-5.08789860343773],[-42.7430413381871,-5.08736322443321],[-42.7407213634001,-5.08706579075357],[-42.7402454709517,-5.08498376309012],[-42.7430894204403,-5.08468422139965],[-42.742732501104,-5.08264978136225],[-42.7436604908389,-5.08239993800669],[-42.7436961831323,-5.08086518557979],[-42.7425540414358,-5.08090087787315],[-42.7425540414358,-5.07922335807148],[-42.7433868532207,-5.07922335807148],[-42.7432637567169,-5.07692556776074],[-42.7449059448534,-5.07654701793047],[-42.7450249179656,-5.07547625992141],[-42.7455008113134,-5.07529780115255],[-42.7447869717413,-5.07327525914588],[-42.7453223507458,-5.07321577258978],[-42.7451438910776,-5.07208552892399],[-42.7463336221988,-5.07208552892399],[-42.7463336221988,-5.07363217758292]],[[-42.7615026859002,-5.08671921362077],[-42.7605509010032,-5.08713561861386],[-42.7595396313488,-5.08600537494805],[-42.7616216590123,-5.08558896995493],[-42.7615621715569,-5.08463718505802],[-42.7620975505615,-5.08469667161405],[-42.7621570380168,-5.08398283384066],[-42.7615621715569,-5.08380437417249],[-42.7615621715569,-5.08303104894372],[-42.762692416122,-5.08303104894372],[-42.7628113892342,-5.08112748004914],[-42.7646554715727,-5.08124645316123],[-42.7647149581287,-5.08213875060284],[-42.7654287968015,-5.08213875060284],[-42.765444455797,-5.0840268943257],[-42.7660155270949,-5.0840268943257],[-42.7658370674267,-5.0859542583823],[-42.7644770119045,-5.08671921362078],[-42.7629898489023,-5.08594588929135],[-42.7625734430099,-5.08636229518374],[-42.7632872816827,-5.0868381867329],[-42.762276011129,-5.08755202540561],[-42.7615026859002,-5.08671921362077]],[[-42.7372321836183,-5.04965910898063],[-42.7372916701744,-5.04870732408369],[-42.7365183449456,-5.04835040474733],[-42.7359234802843,-5.04930218874495],[-42.7342578567147,-5.04852886531485],[-42.7347932357192,-5.04739862074967],[-42.7356855340601,-5.04692272830126],[-42.7354475878359,-5.04543556529904],[-42.7359829668404,-5.0443648081893],[-42.7379460222911,-5.04186637373415],[-42.7393142121811,-5.04168791406598],[-42.7397508815978,-5.04406114760384],[-42.7383624281834,-5.04388891574083],[-42.7382434550713,-5.04466224007031],[-42.7371726970623,-5.04466224007031],[-42.7372916701744,-5.04519761907484],[-42.7394926718493,-5.04495967285056],[-42.7401470230666,-5.04793399885495],[-42.7390762659569,-5.04811245942244],[-42.7392547247257,-5.04870732408369],[-42.7409203482954,-5.04870732408369],[-42.7412772667324,-5.05108678542679],[-42.7372321836183,-5.04965910898063]]]}},{"type":"Feature","properties":{"id":"356","municipality":"2211001","density":"Densa","type":"Área urbanizada","state":"PI"},"geometry":{"type":"Polygon","coordinates":[[[-42.7614491483595,-5.0345971203608],[-42.7613539704094,-5.03540613698357],[-42.7619250399086,-5.03545372640832],[-42.7619726293333,-5.03497783395983],[-42.7627816459562,-5.03493024543445],[-42.7627816459562,-5.03383569316265],[-42.7635430740536,-5.03388328168809],[-42.7635430740536,-5.03678622490431],[-42.7646376263253,-5.03688140285442],[-42.7647328042755,-5.03597720828152],[-42.7640189656027,-5.03569167173324],[-42.7640665550274,-5.03521578018407],[-42.7652562861486,-5.03526336870949],[-42.7650659293491,-5.03402604996218],[-42.7659225353967,-5.03407363938692],[-42.7657321776978,-5.03716693760401],[-42.7666839616954,-5.03730970587816],[-42.7671598541439,-5.0369765808045],[-42.7670170867691,-5.03531095903351],[-42.7681592275662,-5.03540613698357],[-42.768206816991,-5.03592961885675],[-42.7689682450884,-5.03616756508103],[-42.7690158336138,-5.03493024543445],[-42.7683495852651,-5.03478747716032],[-42.7683495852651,-5.03440676266195],[-42.7691586018879,-5.03431158471183],[-42.7692061913127,-5.03274114089089],[-42.7683019958404,-5.03255078409136],[-42.7681116390408,-5.03321703333938],[-42.7673026224181,-5.03307426506524],[-42.7673502109434,-5.03226524934172],[-42.7660653018721,-5.03202730221818],[-42.7659225353967,-5.03293149769042],[-42.7621629861329,-5.03302667564054],[-42.7610746319886,-5.03458671700333],[-42.7614491483595,-5.0345971203608]]]}},{"type":"Feature","properties":{"id":"357","municipality":"2211001","density":"Densa","type":"Área urbanizada","state":"PI"},"geometry":{"type":"Polygon","coordinates":[[[-42.7671880218097,-5.16722167673897],[-42.7658793175764,-5.16716219108219],[-42.765462911684,-5.17096932797204],[-42.7642731823614,-5.17073138174783],[-42.7637972899129,-5.17162368008873],[-42.762904991572,-5.17150470697657],[-42.7633213983638,-5.16983908430626],[-42.7627265319039,-5.16977959775016],[-42.7619532066751,-5.17227803220539],[-42.7624885856796,-5.17251597842961],[-42.7623101269108,-5.17346776242728],[-42.761536801682,-5.17334878931514],[-42.7612393689017,-5.1740031414318],[-42.7597522058995,-5.17418160109998],[-42.7596927202428,-5.17608516999458],[-42.7612393689017,-5.17668003465582],[-42.7610014226774,-5.17745335988464],[-42.7604660436729,-5.17733438677249],[-42.760228098348,-5.17816719765801],[-42.7605850167851,-5.17828617077009],[-42.7604065580162,-5.17917846911104],[-42.7610609101329,-5.17935692787989],[-42.7607039898972,-5.18030871277683],[-42.7612988563571,-5.18066563211318],[-42.7612988563571,-5.1812010111177],[-42.7626670462471,-5.18173638922291],[-42.7623696125675,-5.18268817411992],[-42.7616557747941,-5.18256920100777],[-42.7613583420138,-5.18334252623658],[-42.7594547731192,-5.18346149934865],[-42.7590978537828,-5.18518660767575],[-42.7582055563413,-5.18494866235086],[-42.7575798071623,-5.18683826477405],[-42.7505245987312,-5.18510217482549],[-42.7506742737987,-5.18435379679024],[-42.7531065055608,-5.18469056681619],[-42.7534432755867,-5.18360541785569],[-42.7541542364288,-5.18334348491385],[-42.7518716806335,-5.1827447819461],[-42.752507802593,-5.18072415909263],[-42.7520587746927,-5.18027513209165],[-42.7528819916106,-5.17795515730461],[-42.7515430656599,-5.17775079176556],[-42.7509736257322,-5.17933965819861],[-42.748628861133,-5.17858612075281],[-42.7486910699369,-5.18150995701889],[-42.7510110447239,-5.1822209169617],[-42.7510110447239,-5.18266994396272],[-42.748915583887,-5.18248284900427],[-42.7488407459036,-5.18345574188892],[-42.7495142868548,-5.18364283684742],[-42.7495517058465,-5.18431637779857],[-42.7489530028788,-5.18431637779857],[-42.7490278408621,-5.18727247364571],[-42.7494394488714,-5.18760924457094],[-42.7491026788455,-5.18817052944633],[-42.7471943129671,-5.18566345970084],[-42.7464085150409,-5.18618732468525],[-42.7467827040585,-5.18678602765301],[-42.7460717441157,-5.18734731162909],[-42.7433139343905,-5.18366252930225],[-42.7416959011448,-5.18482370604916],[-42.7420766138446,-5.18529959759832],[-42.740915437997,-5.18609909669591],[-42.7405156884482,-5.1856612761469],[-42.7401349739499,-5.18604198974602],[-42.7404205095988,-5.1864036682946],[-42.7389547621525,-5.18762195199144],[-42.7391260830023,-5.18786941574091],[-42.7362326582105,-5.19015369913389],[-42.7350714805643,-5.18857373688837],[-42.7333963412681,-5.18988719943468],[-42.7387361918218,-5.1965792373419],[-42.7405802750596,-5.19628180366227],[-42.7409966800527,-5.19675769611077],[-42.7452202237343,-5.19675769611077],[-42.7445063850616,-5.19574642555705],[-42.7455176556153,-5.19521104655253],[-42.746290980844,-5.19628180366226],[-42.7458465583719,-5.19747169486278],[-42.7477181779515,-5.19745042679575],[-42.7476807589598,-5.19688914192034],[-42.7492555752845,-5.19683664939181],[-42.7495032530726,-5.19497310122762],[-42.748803326912,-5.19412014103164],[-42.7497388008049,-5.1939330460732],[-42.7507116927903,-5.19015373330809],[-42.7541168174371,-5.19112662529347],[-42.7541168174371,-5.19165049027789],[-42.7532187634351,-5.1915756531938],[-42.7528445726189,-5.19228661223732],[-42.7541542364288,-5.19266080215427],[-42.7544910073541,-5.19127630126025],[-42.758045806169,-5.19236145022069],[-42.7574322320119,-5.19535880426538],[-42.7598711790117,-5.19589418237058],[-42.7601513412114,-5.19515155999648],[-42.7610436386529,-5.19533001966466],[-42.7610436386529,-5.19640077677441],[-42.7598539093304,-5.19634129111763],[-42.7590210966462,-5.19931561712203],[-42.7665758856686,-5.19955356334625],[-42.7702045637895,-5.19919664400989],[-42.7702640512449,-5.19770948100768],[-42.7712753217986,-5.19669820955467],[-42.7716917267917,-5.19544899277674],[-42.7813880309328,-5.19497310122761],[-42.7830536536032,-5.19414028944277],[-42.7831726267153,-5.19342645077006],[-42.7841838981683,-5.19330747765793],[-42.7844218443926,-5.19265312644057],[-42.7810905981526,-5.1921772339921],[-42.7808526519283,-5.19152288187547],[-42.7829941670471,-5.19116596343843],[-42.7847192762735,-5.18997623321656],[-42.7853736283902,-5.1902736650975],[-42.785195168722,-5.18902444831959],[-42.7846003031614,-5.18896496176354],[-42.7838269779326,-5.1864665282077],[-42.7831131401592,-5.18587166174775],[-42.7816854637131,-5.18593114920311],[-42.7794844620382,-5.18676396008864],[-42.7793654889261,-5.18610960797197],[-42.7782352452603,-5.18610960797197],[-42.7781162721482,-5.18688293320076],[-42.7745470805833,-5.18735882474994],[-42.7739522150227,-5.18569320297888],[-42.7732978638053,-5.18557422986675],[-42.7728814579129,-5.18652601386441],[-42.7734763225742,-5.18741831220529],[-42.7725840251326,-5.18813214997869],[-42.7722271057963,-5.18979777264907],[-42.7705614831259,-5.18979777264907],[-42.7695502116729,-5.19069007098994],[-42.7655051285588,-5.18979777264907],[-42.7651482101218,-5.18932188109988],[-42.7673492108973,-5.18860804332649],[-42.7671707512291,-5.18795369120983],[-42.7649697495542,-5.18593114920311],[-42.7647912898861,-5.18337322819191],[-42.7652076957785,-5.18224298362674],[-42.7663379403436,-5.18265939041851],[-42.7669328050049,-5.18141017274122],[-42.7662784537876,-5.18099376684881],[-42.7663974268997,-5.18010146940726],[-42.7644516420296,-5.17947590099198],[-42.7648085613659,-5.17870257666255],[-42.7665931562491,-5.17775079176556],[-42.7670690486976,-5.17650157498765],[-42.7654034260272,-5.17614465565129],[-42.7644516420296,-5.17424108675671],[-42.7648680470227,-5.1725754649857],[-42.7660577781439,-5.173229816203],[-42.7667121302605,-5.173229816203],[-42.7668905890294,-5.17269443809778],[-42.7680803201506,-5.17311084309091],[-42.7683182663749,-5.17227803220539],[-42.7669500755855,-5.17168316664476],[-42.7673069949218,-5.17102881542746],[-42.768794157924,-5.17144522131987],[-42.7689131310361,-5.17043394986684],[-42.7677828873703,-5.16995805741835],[-42.7684967251438,-5.16638886585343],[-42.7676639142582,-5.16597245996098],[-42.7671880218097,-5.16722167673897]]]}},{"type":"Feature","properties":{"id":"358","municipality":"2211001","density":"Densa","type":"Área urbanizada","state":"PI"},"geometry":{"type":"Polygon","coordinates":[[[-42.7629720027557,-5.04178309291534],[-42.764256911827,-5.04121202161746],[-42.7648755716503,-5.0402602376198],[-42.7649707496004,-5.03878497174901],[-42.7631719760058,-5.03865704678527],[-42.7629720027557,-5.04178309291534]]]}},{"type":"Feature","properties":{"id":"359","municipality":"2211001","density":"Densa","type":"Área urbanizada","state":"PI"},"geometry":{"type":"Polygon","coordinates":[[[-42.7465537222764,-5.0778081318398],[-42.7454591700047,-5.07795090011388],[-42.7463157760522,-5.07961652278427],[-42.7470296138256,-5.07952134393481],[-42.7465537222764,-5.0778081318398]]]}},{"type":"Feature","properties":{"id":"360","municipality":"2211001","density":"Densa","type":"Vazio intraurbano","state":"PI"},"geometry":{"type":"Polygon","coordinates":[[[-42.762692416122,-5.08303104894372],[-42.7615621715569,-5.08303104894372],[-42.7615621715569,-5.08380437417249],[-42.7621570380168,-5.08398283384066],[-42.7620975505615,-5.08469667161405],[-42.7615621715569,-5.08463718505802],[-42.7616216590123,-5.08558896995493],[-42.7595396313488,-5.08600537494805],[-42.7605509010032,-5.08713561861386],[-42.7615026859002,-5.08671921362077],[-42.762276011129,-5.08755202540561],[-42.7632872816827,-5.0868381867329],[-42.7625734430099,-5.08636229518374],[-42.7629898489023,-5.08594588929135],[-42.7644770119045,-5.08671921362078],[-42.7653373807155,-5.08645394509346],[-42.7658370674267,-5.0859542583823],[-42.7660155270949,-5.0840268943257],[-42.765444455797,-5.0840268943257],[-42.7654287968015,-5.08213875060284],[-42.7647149581287,-5.08213875060284],[-42.7646554715727,-5.08124645316123],[-42.7628113892342,-5.08112748004914],[-42.762692416122,-5.08303104894372]]]}},{"type":"Feature","properties":{"id":"361","municipality":"2211001","density":"Densa","type":"Área urbanizada","state":"PI"},"geometry":{"type":"Polygon","coordinates":[[[-42.8761029389994,-5.07147826800765],[-42.878991588391,-5.07706298866596],[-42.8841911563967,-5.07432840123472],[-42.8821113293743,-5.07005320139411],[-42.8803781397393,-5.06935992482063],[-42.8761029389994,-5.07147826800765]]]}},{"type":"Feature","properties":{"id":"362","municipality":"2211001","density":"Densa","type":"Área urbanizada","state":"PI"},"geometry":{"type":"Polygon","coordinates":[[[-42.8096171456147,-5.13334678822367],[-42.809682053284,-5.13295734310685],[-42.8063717720396,-5.13152937797838],[-42.8060472336928,-5.13328187965499],[-42.8096171456147,-5.13334678822367]]]}},{"type":"Feature","properties":{"id":"363","municipality":"2211001","density":"Densa","type":"Área urbanizada","state":"PI"},"geometry":{"type":"Polygon","coordinates":[[[-42.8014240933472,-5.00961278030553],[-42.7998060592022,-5.00913688785705],[-42.7984735607062,-5.00961278030553],[-42.7993301667538,-5.01208741869938],[-42.8019951637457,-5.01113563470176],[-42.8014240933472,-5.00961278030553]]]}},{"type":"Feature","properties":{"id":"364","municipality":"2211001","density":"Densa","type":"Área urbanizada","state":"PI"},"geometry":{"type":"Polygon","coordinates":[[[-42.761054256049,-5.03059067392041],[-42.7609114877749,-5.03232768117751],[-42.7619108620966,-5.0325180370777],[-42.7621726016842,-5.03078103071995],[-42.761054256049,-5.03059067392041]]]}},{"type":"Feature","properties":{"id":"365","municipality":"2211001","density":"Densa","type":"Área urbanizada","state":"PI"},"geometry":{"type":"Polygon","coordinates":[[[-42.7177503473006,-5.10888389307717],[-42.7182738282745,-5.10807487555502],[-42.7130866025646,-5.10659960968416],[-42.7129438351898,-5.10731344925625],[-42.7170365077286,-5.1081700553038],[-42.7170365077286,-5.10883630365243],[-42.7161323131557,-5.10883630365243],[-42.7159419563562,-5.10940737405105],[-42.7188924880978,-5.10978808765009],[-42.7189400766232,-5.10921701815085],[-42.7177503473006,-5.10888389307717]]]}},{"type":"Feature","properties":{"id":"366","municipality":"2211001","density":"Densa","type":"Área urbanizada","state":"PI"},"geometry":{"type":"Polygon","coordinates":[[[-42.7077063418742,-5.09955796213019],[-42.7074089090938,-5.10134255701337],[-42.7110970737709,-5.10288920657161],[-42.7118109124437,-5.10104512513239],[-42.7077063418742,-5.09955796213019]]]}},{"type":"Feature","properties":{"id":"367","municipality":"2211001","density":"Densa","type":"Área urbanizada","state":"PI"},"geometry":{"type":"Polygon","coordinates":[[[-42.6903508527096,-5.15176178038185],[-42.6878286239918,-5.15085758490956],[-42.6861630022207,-5.15399847435009],[-42.6855919309228,-5.15604480972013],[-42.688447283815,-5.15604480972013],[-42.6903508527096,-5.15176178038185]]]}},{"type":"Feature","properties":{"id":"6643","municipality":"2207702","density":"Pouco densa","type":"Área urbanizada","state":"PI"},"geometry":{"type":"Polygon","coordinates":[[[-41.7746038019999,-3.05117260699997],[-41.775189149,-3.05110122299993],[-41.7756317289999,-3.05322846099995],[-41.77430399,-3.05307141699996],[-41.7743610969999,-3.05454192399998],[-41.775960095,-3.05495594999998],[-41.7763312909999,-3.05694041999995],[-41.77576022,-3.05699752699998],[-41.776516888,-3.05786840999998],[-41.7760029249999,-3.05788268699996],[-41.776045755,-3.05891061399996],[-41.775560345,-3.05899627499998],[-41.775688836,-3.05948168499998],[-41.7767881469999,-3.05935319399994],[-41.777087959,-3.06080942399997],[-41.77580305,-3.06088080799998],[-41.775125523,-3.06049420899996],[-41.7741142519999,-3.06088087199994],[-41.7741142519999,-3.06135676399992],[-41.7752742389999,-3.06141624999998],[-41.7752147529999,-3.06236803499997],[-41.774322455,-3.06236803499997],[-41.774292712,-3.06302238699994],[-41.7720322239999,-3.06308187299993],[-41.771942994,-3.06379571099997],[-41.777153664,-3.06420554699999],[-41.777587646,-3.06609182699999],[-41.777445498,-3.06917924199998],[-41.777980876,-3.06917924199997],[-41.7785459979999,-3.07212382499995],[-41.7777726739999,-3.07251048699993],[-41.7779511329999,-3.07488994799997],[-41.778902918,-3.07486020499993],[-41.7796762419999,-3.07768581499995],[-41.780955203,-3.07789401799995],[-41.7805685399999,-3.07509815099996],[-41.780033161,-3.07515763799996],[-41.779676242,-3.07375970399994],[-41.780062905,-3.07364073099996],[-41.7798844449999,-3.07274843399996],[-41.780747,-3.07262945999997],[-41.7805685399999,-3.07182639199995],[-41.779973675,-3.07182639199995],[-41.779259837,-3.06813822799995],[-41.7800629049999,-3.06790028199994],[-41.779943932,-3.06724592999997],[-41.778545998,-3.06748387599993],[-41.7780302259999,-3.06593478299994],[-41.778873174,-3.06563979399995],[-41.7785459979999,-3.06382545499998],[-41.779349066,-3.06364699499994],[-41.779170607,-3.06275469699996],[-41.778337796,-3.06281418399995],[-41.77801062,-3.06117830399995],[-41.777718083,-3.06120268199994],[-41.776588272,-3.05528431499995],[-41.779319323,-3.05561631399997],[-41.779349066,-3.05484298899997],[-41.7778916469999,-3.05460504299999],[-41.7776537,-3.05356402899997],[-41.7761310729999,-3.05327525499998],[-41.775703113,-3.05025889399998],[-41.774532418,-3.05084424099993],[-41.7746038019999,-3.05117260699997]]]}},{"type":"Feature","properties":{"id":"6644","municipality":"2207702","density":"Pouco densa","type":"Área urbanizada","state":"PI"},"geometry":{"type":"Polygon","coordinates":[[[-41.7409201229999,-2.93698596299993],[-41.7384406629999,-2.93939156299995],[-41.7361563809999,-2.93681579699995],[-41.73377692,-2.93749989199994],[-41.735531772,-2.93990909599995],[-41.7361563809999,-2.93958191999996],[-41.738446612,-2.94103933999999],[-41.739071221,-2.94065267799995],[-41.7388332739999,-2.939938839],[-41.739422798,-2.93955850099998],[-41.7397303919999,-2.9399127],[-41.740111106,-2.94048377099996],[-41.737588877,-2.94281564299998],[-41.7391593209999,-2.94429090899997],[-41.7398794819999,-2.94355765399996],[-41.738992759,-2.94279184799997],[-41.7413246309999,-2.94038859299997],[-41.742062264,-2.94088827899997],[-41.7424905669999,-2.93998408399994],[-41.744870028,-2.93800913199994],[-41.743370967,-2.93658145499996],[-41.742657129,-2.93679560599999],[-41.741586372,-2.93572484899995],[-41.740563203,-2.93646248199997],[-41.7409201229999,-2.93698596299993]]]}},{"type":"Feature","properties":{"id":"6645","municipality":"2207702","density":"Pouco densa","type":"Área urbanizada","state":"PI"},"geometry":{"type":"Polygon","coordinates":[[[-41.7907840469999,-2.92386438999995],[-41.785876408,-2.92558949999995],[-41.7857871789999,-2.92609513499998],[-41.784686678,-2.92660077099994],[-41.7848948809999,-2.92722537899995],[-41.785995381,-2.92680897299995],[-41.7870958819999,-2.93055662399997],[-41.788434329,-2.93275762599996],[-41.787512288,-2.93412581599996],[-41.7863523,-2.93495862699995],[-41.7867984489999,-2.93525605999997],[-41.788612788,-2.93418530299993],[-41.789029194,-2.93442324899996],[-41.7912301959999,-2.93362018099999],[-41.7912301959999,-2.93284685599998],[-41.793014791,-2.93225198999995],[-41.7935501699999,-2.93138943599997],[-41.791944034,-2.92903971799997],[-41.7882558689999,-2.93094328699995],[-41.787363571,-2.92981304299998],[-41.786828193,-2.92630333799998],[-41.7912896819999,-2.92481617499995],[-41.7907840469999,-2.92386438999995]]]}},{"type":"Feature","properties":{"id":"6646","municipality":"2207702","density":"Pouco densa","type":"Área urbanizada","state":"PI"},"geometry":{"type":"Polygon","coordinates":[[[-41.760965299,-2.94457424899998],[-41.760013514,-2.94457424899998],[-41.7594301739999,-2.94167569099994],[-41.7587028279999,-2.94188934399996],[-41.7585481629999,-2.94144914399994],[-41.757429816,-2.94193693399997],[-41.758060373,-2.94350737799994],[-41.758916979,-2.94343599399998],[-41.7585481629999,-2.94423311299996],[-41.758928877,-2.94510161699999],[-41.7597735849999,-2.94497074599997],[-41.7598806609999,-2.94545853599995],[-41.75886939,-2.94562509799995],[-41.75856006,-2.94642221799996],[-41.761177467,-2.94600581199995],[-41.760965299,-2.94457424899998]]]}},{"type":"Feature","properties":{"id":"6647","municipality":"2207702","density":"Pouco densa","type":"Área urbanizada","state":"PI"},"geometry":{"type":"Polygon","coordinates":[[[-41.7512194229999,-2.94643411499995],[-41.7515882389999,-2.94713605599997],[-41.751374088,-2.94787368899996],[-41.754693436,-2.94736210499998],[-41.754883793,-2.94827819699999],[-41.75613301,-2.94805214799995],[-41.755942653,-2.94715984999994],[-41.75670408,-2.94701708299995],[-41.7572632539999,-2.95009848499997],[-41.75781053,-2.95000330599992],[-41.757715351,-2.94934895499996],[-41.758036579,-2.94924187899994],[-41.757168075,-2.94637462799996],[-41.757477405,-2.94630324399998],[-41.757334638,-2.94581545499996],[-41.7565208289999,-2.94585122299999],[-41.7560140369999,-2.94262697699998],[-41.755609528,-2.94268646399997],[-41.7553953769999,-2.94366204299997],[-41.75613301,-2.94576786599994],[-41.7512194229999,-2.94643411499995]]]}},{"type":"Feature","properties":{"id":"6648","municipality":"2207702","density":"Pouco densa","type":"Área urbanizada","state":"PI"},"geometry":{"type":"Polygon","coordinates":[[[-41.752992121,-2.94255559299996],[-41.751457369,-2.94216298199997],[-41.751290807,-2.94273405299999],[-41.747923869,-2.94178226899993],[-41.7476264369999,-2.94278164199995],[-41.748233199,-2.94286492299996],[-41.748102329,-2.94369773499995],[-41.7473646959999,-2.94365014499994],[-41.747031572,-2.94493505399993],[-41.7488875509999,-2.94510161699999],[-41.748768578,-2.94569648199998],[-41.749101703,-2.94576786599994],[-41.74973226,-2.94510161699999],[-41.750707839,-2.94563699499999],[-41.751017169,-2.94438777799996],[-41.7515882389999,-2.94445916199995],[-41.7516715199999,-2.94355496699997],[-41.752825559,-2.94311476699995],[-41.752992121,-2.94255559299996]]]}},{"type":"Feature","properties":{"id":"6649","municipality":"2207702","density":"Pouco densa","type":"Área urbanizada","state":"PI"},"geometry":{"type":"Polygon","coordinates":[[[-41.7421747349999,-2.89824645999993],[-41.741496588,-2.90188703599996],[-41.7378560129999,-2.90145873299996],[-41.737856013,-2.90231533899994],[-41.7368566389999,-2.90235103099998],[-41.7367138719999,-2.90317194499994],[-41.73575019,-2.90313625299998],[-41.735785882,-2.90256518199995],[-41.7343225129999,-2.90227964699994],[-41.7341797459999,-2.90320763599994],[-41.733216064,-2.90306486899995],[-41.732859145,-2.90745497399996],[-41.7339299019999,-2.90738359099994],[-41.733858518,-2.90827588799995],[-41.735536038,-2.90824019599995],[-41.735536038,-2.90934664599996],[-41.736999407,-2.90927526199994],[-41.736892331,-2.90824019599995],[-41.7401759869999,-2.90806173699997],[-41.7402830629999,-2.90927526199994],[-41.7392479979999,-2.90927526199994],[-41.739221737,-2.91046659399997],[-41.7462651869999,-2.91012931999996],[-41.7462057,-2.90899907599992],[-41.745729808,-2.90885035999999],[-41.7457000649999,-2.90774985899997],[-41.746146214,-2.90774985899997],[-41.745878524,-2.90266376099993],[-41.744659051,-2.90239607199993],[-41.744718537,-2.90144428699996],[-41.7437072659999,-2.90129557099994],[-41.743945212,-2.90019506999993],[-41.745581092,-2.89980840799997],[-41.745801047,-2.89901877499994],[-41.7421747349999,-2.89824645999993]]]}},{"type":"Feature","properties":{"id":"6650","municipality":"2207702","density":"Pouco densa","type":"Área urbanizada","state":"PI"},"geometry":{"type":"Polygon","coordinates":[[[-41.791789369,-2.89823759499997],[-41.793930884,-2.89761298699996],[-41.7952990739999,-2.89767247299996],[-41.795983169,-2.89666120199996],[-41.7953642259999,-2.89444462099995],[-41.7925924369999,-2.89553095799995],[-41.791729882,-2.89680991899997],[-41.791789369,-2.89823759499997]]]}},{"type":"Feature","properties":{"id":"6651","municipality":"2207702","density":"Pouco densa","type":"Área urbanizada","state":"PI"},"geometry":{"type":"Polygon","coordinates":[[[-41.7697717359999,-3.03733015599995],[-41.766232288,-3.04012602299998],[-41.7657126999999,-3.03927241399994],[-41.765191273,-3.03970366899994],[-41.765508709,-3.04201187999998],[-41.7683045749999,-3.04227362099995],[-41.7702533599999,-3.04149154699996],[-41.7707235199999,-3.04303491399999],[-41.773578874,-3.04241030599998],[-41.773935793,-3.04446259099997],[-41.774411685,-3.04446259099997],[-41.7743819419999,-3.04348106299994],[-41.7752147529999,-3.04339183299994],[-41.7750660369999,-3.04196415699994],[-41.7743819419999,-3.04181543999994],[-41.774203482,-3.04092314299994],[-41.7733409269999,-3.04092314299994],[-41.7727898589999,-3.03826422899995],[-41.771190879,-3.03822976799995],[-41.7710209529999,-3.03711600499999],[-41.7697717359999,-3.03574781499998],[-41.76918798,-3.03638716599995],[-41.7697717359999,-3.03733015599995]]]}},{"type":"Feature","properties":{"id":"6652","municipality":"2207702","density":"Pouco densa","type":"Área urbanizada","state":"PI"},"geometry":{"type":"Polygon","coordinates":[[[-41.7853381569999,-2.95188902899998],[-41.7839961409999,-2.95154638699997],[-41.783682052,-2.95261714399992],[-41.7844958279999,-2.95281701899995],[-41.7842388459999,-2.95411620499994],[-41.7806839319999,-2.95498708699997],[-41.780855253,-2.95570092599998],[-41.777971346,-2.95664319199995],[-41.7805268869999,-2.95674312999996],[-41.780926637,-2.95685734399995],[-41.781040851,-2.95768539599993],[-41.781426323,-2.95757118199999],[-41.781711859,-2.95868476999994],[-41.781112235,-2.95898458199998],[-41.7813263859999,-2.95968414299996],[-41.7808838059999,-2.95988401799998],[-41.7807695919999,-2.96111181999994],[-41.783410794,-2.95985546499999],[-41.783924757,-2.96215402399998],[-41.7828111699999,-2.96248238999993],[-41.78289683,-2.96286786199995],[-41.7839675879999,-2.96268226399998],[-41.784424444,-2.96459535099997],[-41.785009792,-2.96456679699999],[-41.7847528099999,-2.96343893299996],[-41.785538032,-2.96326761199993],[-41.7853381569999,-2.961897042],[-41.784153186,-2.96215402399998],[-41.783639222,-2.95988401799998],[-41.789978106,-2.96075490099998],[-41.790206535,-2.96164005999998],[-41.78978537,-2.96347462499996],[-41.786155502,-2.96411707899994],[-41.786059134,-2.96495226999998],[-41.7895283879999,-2.96437406099996],[-41.789464143,-2.96479165599993],[-41.79049207,-2.96495226999998],[-41.7910702789999,-2.96469528799997],[-41.7905884379999,-2.96324976599993],[-41.790877543,-2.96039084299998],[-41.7837141749999,-2.95910593399998],[-41.783906912,-2.95740342999994],[-41.7832002119999,-2.95743555299994],[-41.782846862,-2.95611852099996],[-41.786155502,-2.95509059399997],[-41.786412484,-2.95550818899995],[-41.787729516,-2.95547606699997],[-41.7877937609999,-2.95496210299995],[-41.789496265,-2.95438389399994],[-41.7903314559999,-2.95451238499993],[-41.790106597,-2.95566880299998],[-41.792033961,-2.95592578499998],[-41.792419433,-2.95438389399994],[-41.790909665,-2.95393417599996],[-41.7911987699999,-2.95271351199995],[-41.789721124,-2.95258502199995],[-41.7900423519999,-2.95149284899999],[-41.792419433,-2.95187832199998],[-41.7922909419999,-2.95043279899994],[-41.7918091019999,-2.95011157199996],[-41.7913915059999,-2.94840906699995],[-41.790652683,-2.94866604899995],[-41.7900744739999,-2.94776661299995],[-41.789464143,-2.94802359499994],[-41.790524193,-2.94959760799997],[-41.7905563149999,-2.95120374399993],[-41.788082866,-2.95072190399999],[-41.788211356,-2.95004732599995],[-41.7865088519999,-2.94982246699995],[-41.7862518699999,-2.95049704399998],[-41.7857057839999,-2.95030430799996],[-41.7853381569999,-2.95188902899998]]]}},{"type":"Feature","properties":{"id":"6653","municipality":"2211001","density":"Pouco densa","type":"Área urbanizada","state":"PI"},"geometry":{"type":"Polygon","coordinates":[[[-42.6707833730542,-5.03775502767235],[-42.6702479940496,-5.0376360545602],[-42.668344425155,-5.03513762010505],[-42.6675710999263,-5.0351971066611],[-42.6675710999263,-5.03579197222171],[-42.6666193159286,-5.03614889065877],[-42.6662623965923,-5.03561351255354],[-42.663704475581,-5.03614889065877],[-42.6637639630364,-5.03662478400651],[-42.6646562613774,-5.03662478400651],[-42.6648347201462,-5.03704118899965],[-42.6685823713793,-5.03620837811411],[-42.6687013435921,-5.03662478400651],[-42.6678685327066,-5.03775502767235],[-42.6711997780472,-5.0384093788897],[-42.6728059141616,-5.03769554111631],[-42.6726274553927,-5.03680324277538],[-42.6707833730542,-5.03775502767235]]]}},{"type":"Feature","properties":{"id":"6654","municipality":"2211001","density":"Pouco densa","type":"Área urbanizada","state":"PI"},"geometry":{"type":"Polygon","coordinates":[[[-42.7103693261834,-5.1717394570103],[-42.7110781763167,-5.17145591695697],[-42.7111726896679,-5.17074706592432],[-42.7106056086619,-5.17060529589765],[-42.7104165819596,-5.17103060687698],[-42.7096132175759,-5.16980193241317],[-42.7100385285552,-5.16942387810947],[-42.7096604751507,-5.16871502707682],[-42.7089043674426,-5.16833697277304],[-42.7083845431121,-5.16862051372567],[-42.7085263131388,-5.16932936385899],[-42.7097549876025,-5.17136140360583],[-42.7103693261834,-5.1717394570103]]]}},{"type":"Feature","properties":{"id":"6655","municipality":"2211001","density":"Pouco densa","type":"Área urbanizada","state":"PI"},"geometry":{"type":"Polygon","coordinates":[[[-42.6831172916297,-5.15509302572253],[-42.6829745242548,-5.15552132874626],[-42.6834980052287,-5.1557116864451],[-42.684402200701,-5.15347499157752],[-42.6828317559807,-5.15280874322889],[-42.6820128090438,-5.15469232199302],[-42.6831172916297,-5.15509302572253]]]}},{"type":"Feature","properties":{"id":"6656","municipality":"2211001","density":"Pouco densa","type":"Área urbanizada","state":"PI"},"geometry":{"type":"Polygon","coordinates":[[[-42.7398829200606,-4.88081767659448],[-42.7380983242782,-4.87802181025832],[-42.7372655133927,-4.87873564893103],[-42.7385742167267,-4.88165048837931],[-42.7398829200606,-4.88081767659448]]]}},{"type":"Feature","properties":{"id":"6657","municipality":"2211001","density":"Pouco densa","type":"Área urbanizada","state":"PI"},"geometry":{"type":"Polygon","coordinates":[[[-42.6437170044362,-4.99998108435951],[-42.6431816254316,-4.99783956924068],[-42.6433005976444,-4.99682829778766],[-42.644252381642,-4.99605497255891],[-42.643954949761,-4.99557908100974],[-42.6423488136468,-4.9963524062385],[-42.6424677867589,-4.99843443390195],[-42.6421108674226,-4.9990293003619],[-42.642884191752,-4.99998108435951],[-42.6425867598711,-5.00039749025195],[-42.6429436792074,-5.00140876080565],[-42.6433005976444,-5.00128978769353],[-42.6437170044362,-4.99998108435951]]]}},{"type":"Feature","properties":{"id":"6658","municipality":"2211001","density":"Pouco densa","type":"Área urbanizada","state":"PI"},"geometry":{"type":"Polygon","coordinates":[[[-42.7613063800853,-5.00404484099659],[-42.7604973643618,-5.00380689477232],[-42.7602594172383,-5.00475867876998],[-42.7586889734173,-5.0042827872208],[-42.758308258919,-5.00537733859325],[-42.7593076332407,-5.00485385761938],[-42.7598787036392,-5.005424928018],[-42.7594504006154,-5.00656706971445],[-42.7605449528872,-5.00656706971445],[-42.7604973643618,-5.00742367576198],[-42.7573564749213,-5.00747126518666],[-42.7573564749213,-5.00789956821046],[-42.7607828991115,-5.0080423355853],[-42.7613539704093,-5.00675742741327],[-42.7613063800853,-5.00404484099659]]]}},{"type":"Feature","properties":{"id":"6659","municipality":"2211001","density":"Pouco densa","type":"Área urbanizada","state":"PI"},"geometry":{"type":"Polygon","coordinates":[[[-42.7280891046284,-5.00128466605448],[-42.7287553538765,-4.99971422223354],[-42.7300878523724,-4.99928591920974],[-42.7299450840983,-4.99785824186434],[-42.7293740136997,-4.99809618898785],[-42.7295167810746,-4.9988100267613],[-42.7286125856023,-4.99919074125967],[-42.7281842825785,-4.99866725938648],[-42.7271373197315,-4.99923832978504],[-42.7277559795548,-5.00090395335474],[-42.7265186599082,-5.00123707662977],[-42.7268041955571,-5.00209368267726],[-42.7249006266625,-5.00280752135002],[-42.7250433949367,-5.00328341379846],[-42.7259000009842,-5.00328341379846],[-42.7262807136839,-5.00414001984598],[-42.7268041955571,-5.00399725157183],[-42.7262331251585,-5.00275993192525],[-42.7277559795548,-5.00261716365112],[-42.7274228562798,-5.00147502285399],[-42.7280891046284,-5.00128466605448]]]}},{"type":"Feature","properties":{"id":"6660","municipality":"2211001","density":"Pouco densa","type":"Área urbanizada","state":"PI"},"geometry":{"type":"Polygon","coordinates":[[[-42.7305637439216,-5.08551758626754],[-42.7304209756475,-5.08175803790307],[-42.7297547272988,-5.08180562732781],[-42.7301354408978,-5.08546999684284],[-42.7305637439216,-5.08551758626754]]]}},{"type":"Feature","properties":{"id":"6661","municipality":"2211001","density":"Pouco densa","type":"Área urbanizada","state":"PI"},"geometry":{"type":"Polygon","coordinates":[[[-42.736888648892,-5.14302915826899],[-42.7321297271052,-5.13938560895867],[-42.7321297271052,-5.13879074339805],[-42.7335425323619,-5.13812152009206],[-42.7327989504112,-5.13752665543075],[-42.7304938468135,-5.13960868309421],[-42.7316835779348,-5.14042662279036],[-42.730939995984,-5.14139327887666],[-42.730939995984,-5.14213686082742],[-42.7318322943248,-5.14250865135314],[-42.7323528012407,-5.14124456338585],[-42.7330963831915,-5.14198814443728],[-42.7345835461937,-5.14191378579256],[-42.7366655738571,-5.1433265910493],[-42.736888648892,-5.14302915826899]]]}},{"type":"Feature","properties":{"id":"6662","municipality":"2211001","density":"Pouco densa","type":"Área urbanizada","state":"PI"},"geometry":{"type":"Polygon","coordinates":[[[-42.847485443998,-5.03923764460155],[-42.8478423633343,-5.04030840261067],[-42.8471999083491,-5.04034409490401],[-42.8469857572868,-5.04105793267741],[-42.8463789936956,-5.04034409490401],[-42.8465931456571,-5.0416646962687],[-42.8443445545575,-5.0470898673035],[-42.8437021013709,-5.04973106823418],[-42.8442731708701,-5.04980245192155],[-42.8454153125665,-5.04544803889583],[-42.8468429890127,-5.04209299929245],[-42.848127898084,-5.04287822075327],[-42.8482706663581,-5.04441297318011],[-42.8489488118382,-5.04377051909416],[-42.8478423633343,-5.03905918583275],[-42.847485443998,-5.03923764460155]]]}},{"type":"Feature","properties":{"id":"6663","municipality":"2211001","density":"Pouco densa","type":"Área urbanizada","state":"PI"},"geometry":{"type":"Polygon","coordinates":[[[-42.6480995968189,-5.04576400400557],[-42.6460532614488,-5.04490739795802],[-42.6402473759156,-5.0468109668526],[-42.6422461227603,-5.05275961886127],[-42.6405329106652,-5.0534258690086],[-42.6410088031137,-5.05437765300621],[-42.6494320953149,-5.05180783486367],[-42.6503838802118,-5.05104640766552],[-42.6501459339876,-5.04904765992156],[-42.6511928968347,-5.04857176837238],[-42.6511928968347,-5.04771516232483],[-42.6493369173648,-5.04738203815049],[-42.6480995968189,-5.04576400400557]]]}},{"type":"Feature","properties":{"id":"6664","municipality":"2211001","density":"Pouco densa","type":"Área urbanizada","state":"PI"},"geometry":{"type":"Polygon","coordinates":[[[-42.7747265402975,-5.03754765210244],[-42.7742982372738,-5.03688140285442],[-42.7736795783498,-5.03688140285442],[-42.7736319880258,-5.03773800890197],[-42.7724422578039,-5.03764283005251],[-42.7723470789545,-5.03688140285442],[-42.7711573487326,-5.03673863458029],[-42.7709669919331,-5.03783318685204],[-42.7714428843815,-5.03788077717611],[-42.7713952949569,-5.03845184667535],[-42.770824223659,-5.03873738322365],[-42.7721091327302,-5.03883256117372],[-42.7721567230543,-5.03811872340032],[-42.7726326146034,-5.0381663119257],[-42.7726326146034,-5.03888014969908],[-42.7746313623475,-5.03921327477275],[-42.7747265402975,-5.03754765210244]]]}},{"type":"Feature","properties":{"id":"6665","municipality":"2211001","density":"Pouco densa","type":"Área urbanizada","state":"PI"},"geometry":{"type":"Polygon","coordinates":[[[-42.7419054620674,-4.88480327405183],[-42.7402993259531,-4.88170997493536],[-42.7387526763949,-4.88260227327623],[-42.7394070276122,-4.88527916560099],[-42.7400018931728,-4.88587403206088],[-42.7419054620674,-4.88480327405183]]]}},{"type":"Feature","properties":{"id":"6666","municipality":"2211001","density":"Pouco densa","type":"Área urbanizada","state":"PI"},"geometry":{"type":"Polygon","coordinates":[[[-42.7946164403963,-5.19040729536033],[-42.7966884649007,-5.1914696321178],[-42.797082485768,-5.19130076731653],[-42.7949998060961,-5.18629107767106],[-42.7943806309613,-5.18612221197048],[-42.7946164403963,-5.19040729536033]]]}},{"type":"Feature","properties":{"id":"6667","municipality":"2211001","density":"Pouco densa","type":"Área urbanizada","state":"PI"},"geometry":{"type":"Polygon","coordinates":[[[-42.7219247538243,-5.11046503883046],[-42.7211170070442,-5.111187760107],[-42.7187787904088,-5.1119104822829],[-42.7188213031605,-5.11246315075374],[-42.7176309380173,-5.11276074271405],[-42.7158879026046,-5.11305833377505],[-42.7155903124429,-5.11250566530418],[-42.7132520949082,-5.11203802143751],[-42.712997016599,-5.11339843758776],[-42.7115090603948,-5.11297330827153],[-42.7116366004487,-5.11182545588004],[-42.7125293727323,-5.11182545588004],[-42.7127844519409,-5.11063509073683],[-42.7115090603948,-5.11050755158221],[-42.7115940858983,-5.10982734305738],[-42.7128269646926,-5.11008242136661],[-42.7133371213111,-5.10795677028871],[-42.7118916778586,-5.10757415192553],[-42.7118916778586,-5.10706399620643],[-42.7100211041906,-5.10663886509149],[-42.7100636169423,-5.10578860466034],[-42.7063224696062,-5.10527844804187],[-42.7057698002361,-5.10880702982054],[-42.7069601653793,-5.10901959627727],[-42.7064074960091,-5.11046503883046],[-42.7109989037763,-5.11165540397367],[-42.7103612080033,-5.11450377722747],[-42.7138047642784,-5.11535403765868],[-42.7144849728032,-5.11399362060906],[-42.7157603643493,-5.11433372532112],[-42.7164405728741,-5.11671445470824],[-42.7181410937364,-5.11658691555368],[-42.7187787904088,-5.11845749012105],[-42.7235827628342,-5.11743717688416],[-42.7246455888228,-5.11701204576924],[-42.7253683100994,-5.11611927258634],[-42.7253683100994,-5.1151414730005],[-42.7237103019888,-5.11522649940339],[-42.7232851717732,-5.11046503883046],[-42.7219247538243,-5.11046503883046]]]}},{"type":"Feature","properties":{"id":"6668","municipality":"2211001","density":"Pouco densa","type":"Área urbanizada","state":"PI"},"geometry":{"type":"Polygon","coordinates":[[[-42.8334768375859,-5.13898918870008],[-42.8332191890143,-5.14042482234765],[-42.8306017823463,-5.14006790301126],[-42.8304233226781,-5.14131711978924],[-42.8357176225702,-5.14209044501797],[-42.8357771100256,-5.14078174078469],[-42.8340520007991,-5.14048430890369],[-42.8344089201355,-5.13917560467037],[-42.8334768375859,-5.13898918870008]]]}},{"type":"Feature","properties":{"id":"6669","municipality":"2211001","density":"Pouco densa","type":"Área urbanizada","state":"PI"},"geometry":{"type":"Polygon","coordinates":[[[-42.6427057329831,-4.98433612820971],[-42.6406237044204,-4.98350331732417],[-42.6396124329673,-4.98177820719845],[-42.6388985951939,-4.98171872064239],[-42.6391365414182,-4.98249204587121],[-42.6386011624137,-4.98278947775214],[-42.6394339741985,-4.9841576676422],[-42.6416944624294,-4.98463356099],[-42.6410995968688,-4.98558534498763],[-42.6398503800909,-4.98558534498763],[-42.6400288388598,-4.98594226432398],[-42.6406237044204,-4.98629918276101],[-42.6419918943104,-4.98618020964893],[-42.6427057329831,-4.98433612820971]]]}},{"type":"Feature","properties":{"id":"6670","municipality":"2211001","density":"Pouco densa","type":"Área urbanizada","state":"PI"},"geometry":{"type":"Polygon","coordinates":[[[-42.8156020456978,-4.90739338229874],[-42.8163518878293,-4.9073182619282],[-42.8163518878293,-4.9081015894168],[-42.8168218843224,-4.90821552812407],[-42.8177210040211,-4.90573594525764],[-42.8174058186236,-4.90559494055401],[-42.8175056145924,-4.90406213605871],[-42.8185500656329,-4.90396363961027],[-42.8185760461475,-4.90329466181914],[-42.8176751152144,-4.90299352922795],[-42.8169783888415,-4.90358050863354],[-42.8156067518501,-4.90666299879831],[-42.8156020456978,-4.90739338229874]]]}},{"type":"Feature","properties":{"id":"6671","municipality":"2211001","density":"Pouco densa","type":"Área urbanizada","state":"PI"},"geometry":{"type":"Polygon","coordinates":[[[-42.6318791851762,-4.92223559189899],[-42.6299756162816,-4.92235456501112],[-42.6297971566134,-4.92360378178906],[-42.6305704818422,-4.92360378178906],[-42.6305109952862,-4.92413916079357],[-42.6299756162816,-4.92425813390572],[-42.6300945893937,-4.9247340263542],[-42.6308084280665,-4.92455556668602],[-42.6308679137232,-4.92503145913447],[-42.6282505070552,-4.92461505324208],[-42.6283099936113,-4.92509094479124],[-42.6297971566134,-4.92562632379577],[-42.6314627792838,-4.92550735068364],[-42.6307489406111,-4.92651862213667],[-42.631641238952,-4.92639964902452],[-42.6317602120641,-4.92693502802905],[-42.6307489406111,-4.92812475825093],[-42.6310463742907,-4.92842219103124],[-42.6322955910686,-4.92794629858277],[-42.6323550767254,-4.92717297425333],[-42.6334258347345,-4.92675656836087],[-42.6331878894095,-4.92622118935634],[-42.6321766179565,-4.92645913468129],[-42.6323550767254,-4.92515043224659],[-42.6319981582884,-4.92461505324208],[-42.6318791851762,-4.92223559189899]]]}},{"type":"Feature","properties":{"id":"6672","municipality":"2211001","density":"Pouco densa","type":"Área urbanizada","state":"PI"},"geometry":{"type":"Polygon","coordinates":[[[-42.8157869040423,-4.91787586298062],[-42.816441256159,-4.91787586298062],[-42.8165602292711,-4.91710253775189],[-42.8144187141523,-4.91686459242698],[-42.8141807679281,-4.9173999714315],[-42.8149540931568,-4.9176379167564],[-42.8147161460333,-4.91853021509731],[-42.8133479561432,-4.91841124198515],[-42.8135264158114,-4.91472307730812],[-42.8125746318138,-4.91454461763993],[-42.8122177115781,-4.9151989697566],[-42.8128720636947,-4.91603178064213],[-42.8123961721456,-4.9173404839761],[-42.8119202796971,-4.91722151086401],[-42.8116228469168,-4.91579383531719],[-42.8104331166949,-4.91537742942479],[-42.8103141435829,-4.91490153697628],[-42.8094218461412,-4.91507999664448],[-42.8089459536928,-4.91710253775189],[-42.8104331166949,-4.91716202520723],[-42.8098977376904,-4.91948199909497],[-42.8103736301389,-4.91948199909497],[-42.8108495216881,-4.9185897016534],[-42.8119202796971,-4.91853021509731],[-42.8122177115781,-4.91894662098975],[-42.8119202796971,-4.92001737809949],[-42.8132289830311,-4.92049326964861],[-42.8134669292553,-4.92108813610856],[-42.8141807679281,-4.92138556798956],[-42.8157869040423,-4.91787586298062]]]}},{"type":"Feature","properties":{"id":"6673","municipality":"2211001","density":"Pouco densa","type":"Área urbanizada","state":"PI"},"geometry":{"type":"Polygon","coordinates":[[[-42.684108354417,-4.92145887083017],[-42.68042018974,-4.92318398005659],[-42.6775648359484,-4.92586087417995],[-42.6790519998499,-4.92669368506547],[-42.6809555678451,-4.92705060440182],[-42.6813124880808,-4.92461165740203],[-42.6816694074172,-4.92425473806566],[-42.6822047846231,-4.92461165740203],[-42.6822642720784,-4.9234814128369],[-42.684108354417,-4.92306500694446],[-42.6839298947488,-4.92270808760811],[-42.6846437334215,-4.92187527672259],[-42.684108354417,-4.92145887083017]]]}},{"type":"Feature","properties":{"id":"6674","municipality":"2211001","density":"Pouco densa","type":"Área urbanizada","state":"PI"},"geometry":{"type":"Polygon","coordinates":[[[-42.6741374836579,-5.23463371067714],[-42.6709252123286,-5.23308706111891],[-42.6706872652051,-5.23374141323559],[-42.6723528878754,-5.23499063001351],[-42.6726503206557,-5.23451473756506],[-42.6739590239897,-5.23516908878236],[-42.6741374836579,-5.23463371067714]]]}},{"type":"Feature","properties":{"id":"6675","municipality":"2211001","density":"Pouco densa","type":"Área urbanizada","state":"PI"},"geometry":{"type":"Polygon","coordinates":[[[-42.7795330524084,-5.02036794442506],[-42.7785336780867,-5.02060588974996],[-42.778200553013,-5.01998722992671],[-42.7772011795907,-5.02074865712479],[-42.776616101352,-5.02189564616708],[-42.7757951866985,-5.02210979722929],[-42.7755453433429,-5.0215030354367],[-42.7743675102524,-5.02153872683073],[-42.7737607475604,-5.02075350536996],[-42.7731539848685,-5.02071781307655],[-42.7725472230758,-5.0210747324129],[-42.7731896771618,-5.02189564616708],[-42.7709767783556,-5.02243102517162],[-42.7710124697496,-5.02114611610033],[-42.7695134096161,-5.0210033478262],[-42.7691921825731,-5.02018243407201],[-42.7670863597477,-5.02146734314335],[-42.7672648194159,-5.02189564616708],[-42.7687638804487,-5.02128888257585],[-42.769013722905,-5.02203841444123],[-42.770405707957,-5.02296640327682],[-42.7704770907451,-5.02325193892581],[-42.7686568035686,-5.02343039769467],[-42.7678715821078,-5.02428700374218],[-42.7685497275878,-5.02464392307854],[-42.7695847942028,-5.02382300932437],[-42.7695134096161,-5.02492945872751],[-42.7712980062979,-5.02532207035722],[-42.7723330711143,-5.02507222610229],[-42.7732967531426,-5.02600021583726],[-42.7731539848685,-5.02649990344776],[-42.7739748986226,-5.02753496916347],[-42.7770800957697,-5.02949802371478],[-42.7772228631446,-5.02921248896514],[-42.7742604342716,-5.02699959015893],[-42.774010590916,-5.02628575238549],[-42.7750813489251,-5.02596452444322],[-42.7759736463666,-5.02710666613967],[-42.7769373283949,-5.02632144288026],[-42.7762591820156,-5.0247866913527],[-42.7765090253712,-5.02453684799706],[-42.7780080864041,-5.02521499437644],[-42.779614221619,-5.02393008530517],[-42.779007458927,-5.02343039769467],[-42.7789360752396,-5.02264517623382],[-42.779614221619,-5.02235964058491],[-42.7809131394298,-5.02284258281889],[-42.7795330524084,-5.02036794442506]]]}},{"type":"Feature","properties":{"id":"6676","municipality":"2211001","density":"Pouco densa","type":"Área urbanizada","state":"PI"},"geometry":{"type":"MultiPolygon","coordinates":[[[[-42.8127530905826,-4.92352708310836],[-42.8117418200289,-4.92352708310836],[-42.8107900360313,-4.92578757133931],[-42.8111469553676,-4.9265014091127],[-42.8121582259213,-4.92703678811724],[-42.8138833351477,-4.92269427222283],[-42.8131694973744,-4.92251581165534],[-42.8127530905826,-4.92352708310836]]],[[[-42.7657587355772,-4.91341437397416],[-42.7664725751492,-4.91394975297869],[-42.7674243591468,-4.91394975297869],[-42.767602818815,-4.91311694119384],[-42.7705771448193,-4.91371180585509],[-42.7707556035882,-4.9129979680817],[-42.7680787112635,-4.91234361596508],[-42.7680787112635,-4.9100831277341],[-42.7674243591468,-4.90972620929705],[-42.7669484666984,-4.9100831277341],[-42.7673053860347,-4.91192721097195],[-42.7661751423689,-4.91264104874535],[-42.7657587355772,-4.91341437397416]]],[[[-42.7893684888646,-4.90647134067978],[-42.7877028661943,-4.90575750200709],[-42.7866321081852,-4.90575750200709],[-42.7865131350731,-4.90611442134345],[-42.7896659207456,-4.90736363902069],[-42.7894874619768,-4.90766107090168],[-42.7879408124185,-4.90736363902069],[-42.7870485140776,-4.90778004401375],[-42.7872269737458,-4.90867234235471],[-42.7875244056268,-4.90896977513495],[-42.789725408201,-4.90885080202287],[-42.7898443813131,-4.90920772135922],[-42.7919264089766,-4.9091482339038],[-42.7925807610932,-4.9100405322447],[-42.7932945988666,-4.90986207257651],[-42.795019708093,-4.91283639858092],[-42.7954361139854,-4.91259845325597],[-42.7954361139854,-4.9110518027984],[-42.795019708093,-4.91111129025383],[-42.793770491315,-4.90879131456746],[-42.7904392459744,-4.90813696335016],[-42.7909650957625,-4.90677851671513],[-42.795019708093,-4.90664980034798],[-42.7949007349809,-4.90617390789948],[-42.7913315443153,-4.90599544823131],[-42.7921643552008,-4.9037944465564],[-42.7913315443153,-4.90349701377614],[-42.7903797594183,-4.90635236756767],[-42.7893684888646,-4.90647134067978]]]]}},{"type":"Feature","properties":{"id":"6677","municipality":"2211001","density":"Pouco densa","type":"Área urbanizada","state":"PI"},"geometry":{"type":"Polygon","coordinates":[[[-42.7711133458042,-4.93340376517159],[-42.7712323189164,-4.93185711561336],[-42.769269264365,-4.93155968283305],[-42.7689718306854,-4.93084584505965],[-42.7681390197999,-4.93108379128387],[-42.7686149122484,-4.93209506183757],[-42.769923614683,-4.93215454839366],[-42.7698046415709,-4.93286838616706],[-42.7689718306854,-4.93298736017847],[-42.7684364516809,-4.93405811728826],[-42.7687933710172,-4.93435555006852],[-42.7711133458042,-4.93340376517159]]]}},{"type":"Feature","properties":{"id":"6678","municipality":"2211001","density":"Pouco densa","type":"Área urbanizada","state":"PI"},"geometry":{"type":"Polygon","coordinates":[[[-42.6505777830382,-4.97943840415901],[-42.6509148732228,-4.97910131397442],[-42.6515692253394,-4.97927977274328],[-42.6519856312319,-4.97957720642291],[-42.651444325695,-4.97994529264112],[-42.6523425496689,-4.98052899042051],[-42.6531753605544,-4.97999361231531],[-42.652402036225,-4.97904182741837],[-42.6498370213614,-4.9780141838075],[-42.6494068684322,-4.97856723808752],[-42.6505777830382,-4.97943840415901]]]}},{"type":"Feature","properties":{"id":"6679","municipality":"2211001","density":"Pouco densa","type":"Área urbanizada","state":"PI"},"geometry":{"type":"Polygon","coordinates":[[[-42.7993099589874,-4.95666299689975],[-42.7974658766489,-4.95600864478309],[-42.7968710110882,-4.95606813133912],[-42.796276146427,-4.9569604287807],[-42.796335632983,-4.95791221367769],[-42.7993099589873,-4.95779323966621],[-42.7993099589874,-4.95666299689975]]]}},{"type":"Feature","properties":{"id":"6680","municipality":"2211001","density":"Pouco densa","type":"Área urbanizada","state":"PI"},"geometry":{"type":"Polygon","coordinates":[[[-42.8617113239184,-4.92870772578089],[-42.858915456683,-4.92335393933282],[-42.8576067533489,-4.92418675021832],[-42.8581421323535,-4.92585237288864],[-42.8590939172504,-4.92561442666443],[-42.8604026196851,-4.92823183423174],[-42.8608785121336,-4.92805337366423],[-42.8612354323692,-4.92900515856116],[-42.8617113239184,-4.92870772578089]]]}},{"type":"Feature","properties":{"id":"6681","municipality":"2211001","density":"Pouco densa","type":"Área urbanizada","state":"PI"},"geometry":{"type":"Polygon","coordinates":[[[-42.6373519447364,-4.92984986657803],[-42.6367570800751,-4.92824373136307],[-42.6368760531873,-4.9273514330222],[-42.6358647817343,-4.92741091957822],[-42.6347940246245,-4.92830321791913],[-42.6350319708488,-4.92871962291223],[-42.6359837548464,-4.92818424480704],[-42.6366975944184,-4.93026627336981],[-42.6373519447364,-4.92984986657803]]]}},{"type":"Feature","properties":{"id":"6682","municipality":"2211001","density":"Pouco densa","type":"Área urbanizada","state":"PI"},"geometry":{"type":"Polygon","coordinates":[[[-42.6885781549578,-5.08199598412733],[-42.6883877981583,-5.08247187567646],[-42.6847678362666,-5.08136459260181],[-42.6844557382417,-5.08235290256437],[-42.6848721441341,-5.08253136223254],[-42.6851695769144,-5.08187701101519],[-42.6856454693629,-5.08199598412733],[-42.6854075231386,-5.08276930755744],[-42.6869541726969,-5.08336417401739],[-42.6871921189211,-5.08282879501286],[-42.6879059566945,-5.08300725468105],[-42.6876680113696,-5.08360212024161],[-42.6907613095867,-5.08497031013168],[-42.6919510407079,-5.08259084878859],[-42.6858834146878,-5.08033036055766],[-42.6856929949357,-5.08093970610253],[-42.6885781549578,-5.08199598412733]]]}},{"type":"Feature","properties":{"id":"6683","municipality":"2211001","density":"Pouco densa","type":"Área urbanizada","state":"PI"},"geometry":{"type":"Polygon","coordinates":[[[-42.6632880696886,-5.03293661932947],[-42.6639424218053,-5.03317456465443],[-42.6656080453749,-5.03252021343708],[-42.6661434243795,-5.03299610588557],[-42.6667382890408,-5.03281764621734],[-42.6651431651249,-5.03119845464493],[-42.6645870900222,-5.03130143061652],[-42.6632880696886,-5.03293661932947]]]}},{"type":"Feature","properties":{"id":"6684","municipality":"2211001","density":"Pouco densa","type":"Área urbanizada","state":"PI"},"geometry":{"type":"Polygon","coordinates":[[[-42.7456366287274,-5.19889921122956],[-42.7443279262927,-5.19883972467351],[-42.7443279262927,-5.20086226668019],[-42.7427217901785,-5.20115969856119],[-42.742662302723,-5.20217097001422],[-42.7415320590572,-5.20228994312636],[-42.7414130859451,-5.20318224056792],[-42.7405802750596,-5.20330121368],[-42.7406992481717,-5.20538324314215],[-42.7413847716898,-5.20531468962118],[-42.7402793277287,-5.20944121264182],[-42.7418021830243,-5.20996469541433],[-42.7423732543222,-5.20844184011878],[-42.7432774488951,-5.208632196019],[-42.743673574176,-5.20758424391768],[-42.7450417640661,-5.20782219014196],[-42.7453391968464,-5.20669194557679],[-42.7465289270683,-5.20657297336396],[-42.7471591431799,-5.20534417839111],[-42.7497099253727,-5.20515382069221],[-42.7496908903223,-5.20414492974465],[-42.7483393558765,-5.20427817869495],[-42.7482441770271,-5.20505864274213],[-42.7469307153802,-5.20511574969203],[-42.7465690368316,-5.20448757234356],[-42.7458670341363,-5.20448757234357],[-42.7458745749516,-5.19973202301441],[-42.7477781438462,-5.19979150867112],[-42.7478376313016,-5.20098123979234],[-42.7466479001804,-5.20127867167334],[-42.7465884136243,-5.20294429524296],[-42.7481350631826,-5.20294429524296],[-42.7482540362947,-5.20181405067786],[-42.7492653068484,-5.20169507756573],[-42.7493842799605,-5.20240891623844],[-42.7509904169741,-5.2021114843575],[-42.7509309304181,-5.20110021290446],[-42.7495032530726,-5.20086226668019],[-42.7492058211916,-5.19740753093276],[-42.7482420429359,-5.19748784578742],[-42.74790527291,-5.19812396774688],[-42.745747222856,-5.19814717205429],[-42.7456366287274,-5.19889921122956]]]}},{"type":"Feature","properties":{"id":"6685","municipality":"2211001","density":"Pouco densa","type":"Área urbanizada","state":"PI"},"geometry":{"type":"Polygon","coordinates":[[[-42.7846429436169,-5.04805297196704],[-42.7848214041844,-5.04662529642026],[-42.7820850244043,-5.04531659218691],[-42.7810737529513,-5.04638735019603],[-42.7814901579444,-5.04698221485729],[-42.7825014293974,-5.0465658089649],[-42.7821445100611,-5.04858835097157],[-42.7830962940587,-5.04870732408369],[-42.7846429436169,-5.04805297196704]]]}},{"type":"Feature","properties":{"id":"6686","municipality":"2211001","density":"Pouco densa","type":"Área urbanizada","state":"PI"},"geometry":{"type":"Polygon","coordinates":[[[-43.1798803320117,-5.16593896471141],[-43.1793676087281,-5.16648587032659],[-43.1788890668769,-5.16604150900838],[-43.1787181588159,-5.16693022984617],[-43.1800708479912,-5.16781550628053],[-43.1810821194442,-5.16680423482752],[-43.1809012352038,-5.16620670277706],[-43.1801537852689,-5.16713532023879],[-43.1798461505794,-5.1668276846499],[-43.1806166879098,-5.1658937009335],[-43.179832901767,-5.16472220716406],[-43.1804872538836,-5.16424631471564],[-43.1801303354466,-5.16382990882319],[-43.1791644114084,-5.16458118267543],[-43.1798803320117,-5.16593896471141]]]}},{"type":"Feature","properties":{"id":"6687","municipality":"2211001","density":"Pouco densa","type":"Área urbanizada","state":"PI"},"geometry":{"type":"Polygon","coordinates":[[[-42.8508047922073,-5.02285505641568],[-42.8488774281507,-5.02724516173477],[-42.8491986560931,-5.02735223771556],[-42.8506620239332,-5.02438980884256],[-42.8511974029378,-5.02431842515519],[-42.8519469330045,-5.02324766714605],[-42.8530533824076,-5.01825079913506],[-42.8526250793839,-5.01803664807279],[-42.8508047922073,-5.02285505641568]]]}},{"type":"Feature","properties":{"id":"6688","municipality":"2211001","density":"Pouco densa","type":"Área urbanizada","state":"PI"},"geometry":{"type":"Polygon","coordinates":[[[-42.8365938500261,-5.15387673492336],[-42.8400550033357,-5.15489121066083],[-42.8401743532637,-5.15166875810667],[-42.8390405266989,-5.15125103290883],[-42.8391002021126,-5.1507139568836],[-42.8359374249721,-5.15011720724329],[-42.8365938500261,-5.15387673492336]]]}},{"type":"Feature","properties":{"id":"6689","municipality":"2211001","density":"Pouco densa","type":"Área urbanizada","state":"PI"},"geometry":{"type":"Polygon","coordinates":[[[-42.8375257886842,-4.90912047812754],[-42.8371718128288,-4.90898773729418],[-42.835711662763,-4.91270448332518],[-42.8348709711184,-4.91261598913657],[-42.8345612419078,-4.91358942161447],[-42.8350037110524,-4.91367791580314],[-42.8347824769297,-4.91482833755771],[-42.8364638620176,-4.91558053591297],[-42.8374815420395,-4.91376640999182],[-42.8365966028509,-4.9130142116365],[-42.8375257886842,-4.90912047812754]]]}},{"type":"Feature","properties":{"id":"6690","municipality":"2211001","density":"Pouco densa","type":"Área urbanizada","state":"PI"},"geometry":{"type":"Polygon","coordinates":[[[-42.7201430898317,-5.10530992611217],[-42.7184165956493,-5.10450568488938],[-42.7184165956493,-5.1039822030162],[-42.7192256122722,-5.10407738186563],[-42.7184165956493,-5.10288765074444],[-42.7177027569766,-5.10521952266283],[-42.7199010786718,-5.1059230200313],[-42.7201430898317,-5.10530992611217]]]}},{"type":"Feature","properties":{"id":"6691","municipality":"2211001","density":"Pouco densa","type":"Área urbanizada","state":"PI"},"geometry":{"type":"Polygon","coordinates":[[[-42.6764937074186,-5.06297134155414],[-42.676434023911,-5.06332943900236],[-42.6752370586433,-5.06308390789599],[-42.6745838558602,-5.06398595039127],[-42.6770905352999,-5.06428436433192],[-42.6772099014158,-5.06362785294302],[-42.678164825846,-5.06392626688364],[-42.6788810198432,-5.06285197633758],[-42.6758371960297,-5.06225514755698],[-42.6755337377917,-5.06267420824804],[-42.6764937074186,-5.06297134155414]]]}},{"type":"Feature","properties":{"id":"6692","municipality":"2211001","density":"Pouco densa","type":"Área urbanizada","state":"PI"},"geometry":{"type":"Polygon","coordinates":[[[-42.6734531049768,-5.09043234527646],[-42.6766630038945,-5.09288201759098],[-42.6788045190133,-5.09311996381523],[-42.6807675735647,-5.08937231258211],[-42.6809460341321,-5.08871796136477],[-42.6804733882362,-5.0881546539141],[-42.6734531049768,-5.09043234527646]]]}},{"type":"Feature","properties":{"id":"6693","municipality":"2211001","density":"Pouco densa","type":"Área urbanizada","state":"PI"},"geometry":{"type":"Polygon","coordinates":[[[-42.8390148618463,-5.18918730924692],[-42.8375603388385,-5.19003296155189],[-42.8377130302321,-5.18888777834826],[-42.8370829741999,-5.18670541692144],[-42.8374398926369,-5.18646747069717],[-42.8372614329687,-5.18617003881621],[-42.8366823648992,-5.18640654522586],[-42.8376183523051,-5.19211869082488],[-42.8383237949072,-5.19175073770635],[-42.8382474496601,-5.19133083704845],[-42.8391254235994,-5.19121631917773],[-42.8420798422109,-5.18896590515239],[-42.8419013816434,-5.18860898581604],[-42.8382474496601,-5.19072007237338],[-42.83785629763,-5.19045306815451],[-42.8392105210486,-5.18949858439208],[-42.8390148618463,-5.18918730924692]]]}},{"type":"Feature","properties":{"id":"6694","municipality":"2211001","density":"Pouco densa","type":"Área urbanizada","state":"PI"},"geometry":{"type":"Polygon","coordinates":[[[-42.7574322320119,-5.19535880426538],[-42.7580865832292,-5.19333626225864],[-42.758045806169,-5.19236145022069],[-42.7544910073541,-5.19127630126025],[-42.7541542364288,-5.19266080215427],[-42.7528445726189,-5.19228661223732],[-42.7532187634351,-5.1915756531938],[-42.7541168174371,-5.19165049027789],[-42.7541168174371,-5.19112662529347],[-42.7507116927903,-5.19015373330809],[-42.7499958036634,-5.19293468888476],[-42.7574322320119,-5.19535880426538]]]}},{"type":"Feature","properties":{"id":"6695","municipality":"2211001","density":"Pouco densa","type":"Área urbanizada","state":"PI"},"geometry":{"type":"Polygon","coordinates":[[[-42.6893514801867,-5.16227899827709],[-42.6887328203633,-5.16085132093167],[-42.6863533590202,-5.16066096413217],[-42.686400948445,-5.161469980755],[-42.6886376406146,-5.16175551730323],[-42.6888279983135,-5.16246935507662],[-42.6893514801867,-5.16227899827709]]]}},{"type":"Feature","properties":{"id":"6696","municipality":"2211001","density":"Pouco densa","type":"Área urbanizada","state":"PI"},"geometry":{"type":"Polygon","coordinates":[[[-42.7178134185544,-4.9314407097209],[-42.7171590682364,-4.9300725198309],[-42.7159098505591,-4.93072687194752],[-42.7165047161197,-4.93209506183757],[-42.7178134185544,-4.9314407097209]]]}},{"type":"Feature","properties":{"id":"6697","municipality":"2211001","density":"Pouco densa","type":"Área urbanizada","state":"PI"},"geometry":{"type":"Polygon","coordinates":[[[-42.6978497416722,-4.94959599655795],[-42.6957677131094,-4.94983394278216],[-42.6957677131094,-4.95060726801096],[-42.6967789836631,-4.95132110668369],[-42.6955892543406,-4.95298672935405],[-42.6957082265534,-4.95358159491462],[-42.696303092114,-4.95370056802676],[-42.6987420391138,-4.95072624112311],[-42.6992774181183,-4.95096418734733],[-42.6988015256698,-4.95227289068128],[-42.6990394718941,-4.95257032436093],[-42.7001697155598,-4.95144007979582],[-42.7008835542326,-4.95221340412526],[-42.7014189332372,-4.95144007979582],[-42.6999933558087,-4.95035602531029],[-42.6978497416722,-4.94959599655795]]]}},{"type":"Feature","properties":{"id":"6698","municipality":"2211001","density":"Pouco densa","type":"Área urbanizada","state":"PI"},"geometry":{"type":"Polygon","coordinates":[[[-42.6795481000647,-5.14871606979074],[-42.6795956885901,-5.14785946374321],[-42.680166759888,-5.14785946374321],[-42.6803095281621,-5.1457179486244],[-42.6775017637953,-5.14505170027572],[-42.6773114069958,-5.14609866312276],[-42.6794053326899,-5.14681250089616],[-42.6792625653151,-5.14728839424397],[-42.6763596220988,-5.14633660934698],[-42.6754554266266,-5.14643178819642],[-42.6750747130275,-5.14795464259265],[-42.6754078381012,-5.154902668923],[-42.676502390373,-5.15475990064887],[-42.6762644441487,-5.1504768713105],[-42.675836141125,-5.14985821238656],[-42.6764072124229,-5.14981062206248],[-42.6763596220989,-5.14819258881688],[-42.6795481000647,-5.14871606979074]]]}},{"type":"Feature","properties":{"id":"6699","municipality":"2211001","density":"Pouco densa","type":"Área urbanizada","state":"PI"},"geometry":{"type":"Polygon","coordinates":[[[-42.6818323825584,-5.15694900519241],[-42.6821420928832,-5.15583921210993],[-42.6815744866732,-5.15570046380532],[-42.6811661342096,-5.15685382724229],[-42.6815944372334,-5.15713936199194],[-42.6811185438857,-5.15828150278908],[-42.6806902408619,-5.15813873631356],[-42.6804998849617,-5.15880498466226],[-42.6791673855663,-5.15818632483899],[-42.6788342622913,-5.15890016261239],[-42.6800715819379,-5.1596615907098],[-42.6806426523365,-5.15947123391027],[-42.681499258384,-5.16018507168365],[-42.6821655067327,-5.15890016261239],[-42.6810709553603,-5.15932846563613],[-42.6816896151835,-5.15823391426369],[-42.6824034529569,-5.15842427106323],[-42.6825938097565,-5.15785319976534],[-42.6818323825584,-5.15694900519241]]]}},{"type":"Feature","properties":{"id":"6700","municipality":"2211001","density":"Pouco densa","type":"Área urbanizada","state":"PI"},"geometry":{"type":"Polygon","coordinates":[[[-42.7115316423714,-4.95596105625772],[-42.7106393440305,-4.95703181336745],[-42.7092711541404,-4.95613951502657],[-42.7086762885798,-4.95649643436294],[-42.7099255062571,-4.95816205703325],[-42.7112936961471,-4.95786462425297],[-42.7124834272683,-4.95631797469474],[-42.7115316423714,-4.95596105625772]]]}},{"type":"Feature","properties":{"id":"6701","municipality":"2211001","density":"Pouco densa","type":"Área urbanizada","state":"PI"},"geometry":{"type":"Polygon","coordinates":[[[-42.7109563325686,-5.30404847096015],[-42.7114855386267,-5.30416187277219],[-42.7117501416557,-5.30370826732264],[-42.7128085537717,-5.30419967307644],[-42.7135267622502,-5.30306566035189],[-42.7131865577134,-5.30261205490235],[-42.714282771033,-5.30132684006158],[-42.7150387798158,-5.30174264520685],[-42.7146985761783,-5.30215845035219],[-42.7154167837575,-5.30276325701863],[-42.7162105928446,-5.30162924339481],[-42.7149631792073,-5.30068423219156],[-42.7155679858738,-5.29996602371296],[-42.7150387798158,-5.29928561643801],[-42.7144339731493,-5.2997770221918],[-42.7131865577134,-5.29894541190118],[-42.7138291655835,-5.29803820190148],[-42.7117123413514,-5.29641278342319],[-42.7090663110614,-5.29992822430807],[-42.707856696829,-5.30283885672783],[-42.7106161289312,-5.30488008125072],[-42.7109563325686,-5.30404847096015]]]}},{"type":"Feature","properties":{"id":"6702","municipality":"2211001","density":"Pouco densa","type":"Área urbanizada","state":"PI"},"geometry":{"type":"Polygon","coordinates":[[[-42.7674789713774,-5.0045136827602],[-42.7673005108099,-5.00383553728018],[-42.7653374562586,-5.00412107202982],[-42.7658014506763,-5.00629827944199],[-42.7667294404113,-5.00669089017244],[-42.7671934348291,-5.00654812189829],[-42.7671934348291,-5.00608412837978],[-42.7705127830384,-5.00562013306264],[-42.770405707957,-5.003978304655],[-42.7674789713774,-5.0045136827602]]]}},{"type":"Feature","properties":{"id":"6703","municipality":"2211001","density":"Pouco densa","type":"Área urbanizada","state":"PI"},"geometry":{"type":"Polygon","coordinates":[[[-42.7643737742303,-5.02203841444123],[-42.7639811626005,-5.02425131234815],[-42.7635885518702,-5.02435838832889],[-42.7635528595767,-5.02585744936175],[-42.7651589956911,-5.02664267082253],[-42.7656586833015,-5.02471530676593],[-42.7647663849606,-5.02400146899255],[-42.7644808502111,-5.02285932819542],[-42.765123304297,-5.02296640327682],[-42.7658014506764,-5.02161011141748],[-42.7636956278509,-5.02018243407202],[-42.7620894908373,-5.021110423807],[-42.762160875424,-5.0215030354367],[-42.7633387076152,-5.02103904011956],[-42.7638383952257,-5.02125319118176],[-42.7643737742303,-5.02203841444123]]]}},{"type":"Feature","properties":{"id":"6704","municipality":"2211001","density":"Pouco densa","type":"Área urbanizada","state":"PI"},"geometry":{"type":"Polygon","coordinates":[[[-42.6824726557884,-5.13605788716171],[-42.684768359672,-5.13682312119006],[-42.6842156912011,-5.13856615570348],[-42.6858736993117,-5.13865118210636],[-42.6871490899585,-5.13610039991346],[-42.6857886729089,-5.13576029610072],[-42.686171291272,-5.13478249561565],[-42.6881268904436,-5.13491003477026],[-42.6868940116492,-5.14052175577439],[-42.6881694031953,-5.14094688598994],[-42.6879568376379,-5.14281745965799],[-42.6902950551726,-5.14320007712184],[-42.6908477254422,-5.14247735494594],[-42.6939936888576,-5.14324258987359],[-42.692930862869,-5.14643106783945],[-42.6970546276689,-5.14728132827065],[-42.6976498097908,-5.14413536395586],[-42.6959067761767,-5.14345515543101],[-42.6959067761767,-5.14281745965799],[-42.6961193408349,-5.14175463366933],[-42.6969270894136,-5.14192468557577],[-42.696799550259,-5.14251986769767],[-42.6976498097908,-5.14277494690623],[-42.6984150447185,-5.14005411190772],[-42.6993928452036,-5.14043673027083],[-42.6984150447185,-5.14354018093458],[-42.6993503315525,-5.1439227992977],[-42.6987126357795,-5.14541075460263],[-42.6987126357795,-5.14698373720967],[-42.7012634188716,-5.14723881461952],[-42.7010933660659,-5.14889682362947],[-42.7022412175581,-5.14910938918689],[-42.7026238359213,-5.14630352868488],[-42.700795775005,-5.14587839756998],[-42.7012634188716,-5.14494311073595],[-42.7021987048063,-5.14511316444096],[-42.7028789142304,-5.14332761627639],[-42.7046219478446,-5.14362520733739],[-42.7052171308658,-5.14273243415449],[-42.7018586009936,-5.14175463366933],[-42.7019011137453,-5.14090437323819],[-42.7057698002361,-5.14158458176296],[-42.7084906352346,-5.14149955625949],[-42.7079379649651,-5.13928887787939],[-42.7070451917821,-5.13873620760983],[-42.7029214269823,-5.1378859471787],[-42.7029214269823,-5.13695066124398],[-42.7008808014078,-5.1364405037262],[-42.6998604881709,-5.13933139063113],[-42.6982875055639,-5.13882123401271],[-42.6984575583696,-5.13805599998437],[-42.695864263425,-5.1378434344269],[-42.6957367242704,-5.138183539139],[-42.6942912808179,-5.13780092077582],[-42.6945038463754,-5.13720573865386],[-42.6937811241995,-5.13695066124398],[-42.6942912808179,-5.13508008667664],[-42.6887645862166,-5.13320951300858],[-42.6888496117202,-5.13138145299162],[-42.6868089861458,-5.1307012435675],[-42.6870215508039,-5.12980847038456],[-42.6844282558593,-5.12929831376612],[-42.6824726557884,-5.13605788716171]]]}},{"type":"Feature","properties":{"id":"6705","municipality":"2211001","density":"Pouco densa","type":"Área urbanizada","state":"PI"},"geometry":{"type":"Polygon","coordinates":[[[-42.7915731238006,-5.0094700120314],[-42.7895743769559,-5.00975554678105],[-42.7899075020295,-5.01061215282857],[-42.7910972322515,-5.01042179692831],[-42.7909068745526,-5.00994590358057],[-42.7914303573251,-5.00985072563043],[-42.792334551898,-5.01085009995212],[-42.7927152663964,-5.01070733167796],[-42.7920490171484,-5.00889894163283],[-42.7916783282922,-5.00902725690237],[-42.7915731238006,-5.0094700120314]]]}},{"type":"Feature","properties":{"id":"6706","municipality":"2211001","density":"Pouco densa","type":"Área urbanizada","state":"PI"},"geometry":{"type":"Polygon","coordinates":[[[-42.6486543849919,-4.98082642320083],[-42.6489518177721,-4.97993412485996],[-42.6484164387676,-4.97927977274328],[-42.6466913304405,-4.98041001730845],[-42.6462749236488,-4.9798151517478],[-42.6459180052117,-4.98023155764025],[-42.646155951436,-4.98112385598115],[-42.6455610858754,-4.98267050464006],[-42.6460964648799,-4.98296793831964],[-42.6486543849919,-4.98082642320083]]]}},{"type":"Feature","properties":{"id":"6707","municipality":"2211001","density":"Pouco densa","type":"Área urbanizada","state":"PI"},"geometry":{"type":"Polygon","coordinates":[[[-42.7395036013101,-5.07372681234246],[-42.7387979671524,-5.07372681234246],[-42.7393019912938,-5.07276916656372],[-42.7375883097527,-5.07317238569699],[-42.7372354940228,-5.07176111918029],[-42.7363282507481,-5.07352520322555],[-42.7376387131561,-5.074986871347],[-42.7385963580355,-5.0751380788592],[-42.7400076236528,-5.07402922556827],[-42.7404108427861,-5.0729707756807],[-42.7399068204434,-5.07266836155561],[-42.7395036013101,-5.07372681234246]]]}},{"type":"Feature","properties":{"id":"6708","municipality":"2211001","density":"Pouco densa","type":"Área urbanizada","state":"PI"},"geometry":{"type":"Polygon","coordinates":[[[-42.6469944388422,-5.09065075372928],[-42.6479928787683,-5.09005792962974],[-42.6488665143781,-5.09558055300006],[-42.6520802444077,-5.09286604293351],[-42.652205048724,-5.09152438933904],[-42.6518306339765,-5.09099396829697],[-42.6485545017888,-5.09065075372928],[-42.6484296965732,-5.08955870966668],[-42.6466824262529,-5.08831066020877],[-42.647181646216,-5.08724981722527],[-42.6466824262529,-5.08681300031964],[-42.6473064523309,-5.08572095625709],[-42.6471504451369,-5.08381767874283],[-42.6464640178002,-5.08359927029004],[-42.6429694771596,-5.08868507495619],[-42.6469944388422,-5.09065075372928]]]}},{"type":"Feature","properties":{"id":"6709","municipality":"2211001","density":"Pouco densa","type":"Área urbanizada","state":"PI"},"geometry":{"type":"Polygon","coordinates":[[[-42.7497576829706,-4.96618084137272],[-42.7503525494305,-4.96653775980974],[-42.7508284409797,-4.96463419091515],[-42.7521966308698,-4.96290908168874],[-42.7516017662085,-4.96273062202056],[-42.7491033317533,-4.96588340769307],[-42.7466643838542,-4.96677570603397],[-42.74642643763,-4.96784646314371],[-42.7497576829706,-4.96618084137272]]]}},{"type":"Feature","properties":{"id":"6710","municipality":"2211001","density":"Pouco densa","type":"Área urbanizada","state":"PI"},"geometry":{"type":"Polygon","coordinates":[[[-42.7963822493412,-5.27404989968306],[-42.7963346599166,-5.27238427701274],[-42.7972864439142,-5.27224150963793],[-42.7971436756401,-5.27114695736617],[-42.8036252883763,-5.27042221801087],[-42.8049483089173,-5.26681633770381],[-42.8003321536059,-5.26662598180354],[-42.8003321536059,-5.26786330055086],[-42.7995707273072,-5.26795848029958],[-42.7996183158325,-5.2702427618939],[-42.7972388553888,-5.27033794074333],[-42.7971912659641,-5.26933856732098],[-42.7960015348429,-5.26933856732098],[-42.7960967136924,-5.27190838456425],[-42.7947166257716,-5.27209874226312],[-42.7945262689721,-5.27014758394382],[-42.7924323441773,-5.27009999541844],[-42.7924323441773,-5.26919579904683],[-42.7898625260347,-5.26938615584635],[-42.7901480607844,-5.27443061418143],[-42.7958898039712,-5.27425267072413],[-42.7963822493412,-5.27404989968306]]]}},{"type":"Feature","properties":{"id":"6711","municipality":"2211001","density":"Pouco densa","type":"Área urbanizada","state":"PI"},"geometry":{"type":"Polygon","coordinates":[[[-42.6671546949332,-5.03353148399077],[-42.6665598293726,-5.03382891677103],[-42.6666193159286,-5.03436429577557],[-42.6623957731464,-5.03537556722859],[-42.6622768000343,-5.03591094533379],[-42.6679280192627,-5.03454275544374],[-42.6671546949332,-5.03353148399077]]]}},{"type":"Feature","properties":{"id":"6712","municipality":"2211001","density":"Pouco densa","type":"Área urbanizada","state":"PI"},"geometry":{"type":"Polygon","coordinates":[[[-42.6802537261285,-5.06040498040545],[-42.677627680573,-5.05980815072553],[-42.6775083153564,-5.06022593078207],[-42.6790600685672,-5.06052434472269],[-42.679000385959,-5.06088244217091],[-42.6777470457895,-5.06082275956266],[-42.6778067292971,-5.06118085701086],[-42.6796568973479,-5.06153895355983],[-42.6802537261285,-5.06040498040545]]]}},{"type":"Feature","properties":{"id":"6713","municipality":"2211001","density":"Pouco densa","type":"Área urbanizada","state":"PI"},"geometry":{"type":"Polygon","coordinates":[[[-42.7941179129113,-5.01453664764813],[-42.7934766926951,-5.01456205889185],[-42.7927152663964,-5.01294402474692],[-42.7920014268244,-5.01318197097112],[-42.7928580328719,-5.01499036191564],[-42.79166830265,-5.01551384288951],[-42.7920490171484,-5.01675116343541],[-42.7940953534178,-5.01613250271277],[-42.7942857102173,-5.01670357401072],[-42.7922393730486,-5.01736982325868],[-42.7925724981222,-5.01832160725633],[-42.7940001745683,-5.01760776858362],[-42.7943332987427,-5.0182264293062],[-42.7952850827404,-5.01794089275798],[-42.7941179129113,-5.01453664764813]]]}},{"type":"Feature","properties":{"id":"6714","municipality":"2211001","density":"Pouco densa","type":"Área urbanizada","state":"PI"},"geometry":{"type":"Polygon","coordinates":[[[-42.7435710847377,-4.90639688310961],[-42.7429762200765,-4.90580201844837],[-42.7413700830629,-4.9064563687664],[-42.7391690822873,-4.90877634355338],[-42.7401208662849,-4.90966864189426],[-42.7435710847377,-4.90639688310961]]]}},{"type":"Feature","properties":{"id":"6715","municipality":"2211001","density":"Pouco densa","type":"Área urbanizada","state":"PI"},"geometry":{"type":"Polygon","coordinates":[[[-42.6563876336823,-4.99337808023416],[-42.6555548218975,-4.99403243235083],[-42.6544840647877,-4.99314013400994],[-42.6566255799065,-4.99177194411988],[-42.6565660933505,-4.9913555382275],[-42.6557332815656,-4.9913555382275],[-42.6544245782317,-4.99242629533723],[-42.6538891992271,-4.99242629533723],[-42.6534133067786,-4.99206937600087],[-42.653770226115,-4.99117707766],[-42.6531753605544,-4.99064169955478],[-42.652402036225,-4.99117707766],[-42.652758954662,-4.99254526844932],[-42.6541866320074,-4.99462729701207],[-42.6539486857832,-4.9959360003461],[-42.6546625235566,-4.99617394657032],[-42.6550789303483,-4.99498421634848],[-42.6557332815656,-4.99504370290453],[-42.6563876336823,-4.99337808023416]]]}},{"type":"Feature","properties":{"id":"6716","municipality":"2211001","density":"Pouco densa","type":"Área urbanizada","state":"PI"},"geometry":{"type":"Polygon","coordinates":[[[-43.0280232898429,-5.08849022514376],[-43.0260108616119,-5.08830004101402],[-43.0274879108384,-5.08783587302707],[-43.0274879108384,-5.08738864197221],[-43.0268252220063,-5.08737391557373],[-43.0273094511702,-5.08408822179394],[-43.0268930461771,-5.08248208567967],[-43.0275473982937,-5.08218465289935],[-43.0278459210523,-5.08326792497475],[-43.0290521996992,-5.08343030926131],[-43.0290521996992,-5.08291996018795],[-43.0282170838513,-5.08275757590139],[-43.0274515602413,-5.08080897075735],[-43.0272427808296,-5.08176007576685],[-43.0263576671725,-5.08123286890174],[-43.0260602343923,-5.08164927479413],[-43.0265361268407,-5.08396924868186],[-43.026179206605,-5.08682460157404],[-43.0250060715729,-5.08707223169809],[-43.024830220838,-5.08762909100973],[-43.0236516413101,-5.08746072173488],[-43.0235617999371,-5.08795484613922],[-43.024811016715,-5.0883712520316],[-43.0254653688316,-5.08944200914137],[-43.0246325579462,-5.09092917214356],[-43.0252274226074,-5.09104814615496],[-43.0263576671725,-5.08914457726042],[-43.0269611041716,-5.08927867427133],[-43.0271035945552,-5.08883536965652],[-43.0274283622291,-5.08892816080596],[-43.0274284251817,-5.08973944192168],[-43.0282612360671,-5.09003687470198],[-43.0284647121767,-5.08952818397848],[-43.0280232898429,-5.08849022514376]]]}},{"type":"Feature","properties":{"id":"6717","municipality":"2211001","density":"Pouco densa","type":"Área urbanizada","state":"PI"},"geometry":{"type":"Polygon","coordinates":[[[-42.6805474743864,-5.14286259573216],[-42.6775493532201,-5.14229152623289],[-42.6770734607716,-5.14414750480347],[-42.6803095281621,-5.14509928880109],[-42.6805474743864,-5.14286259573216]]]}},{"type":"Feature","properties":{"id":"6718","municipality":"2211001","density":"Pouco densa","type":"Área urbanizada","state":"PI"},"geometry":{"type":"Polygon","coordinates":[[[-42.7575115729007,-5.17734118384852],[-42.7568923977659,-5.17880468928497],[-42.7543594086598,-5.17824180271698],[-42.7539653886917,-5.17948015298663],[-42.7579055937681,-5.1809999460906],[-42.7582433251693,-5.17953644065415],[-42.7594253868721,-5.17987417295468],[-42.7596948048713,-5.17921337719554],[-42.7604065580162,-5.17917846911104],[-42.7605850167851,-5.17828617077009],[-42.7575115729007,-5.17734118384852]]]}},{"type":"Feature","properties":{"id":"6719","municipality":"2211001","density":"Pouco densa","type":"Área urbanizada","state":"PI"},"geometry":{"type":"Polygon","coordinates":[[[-42.792334551898,-5.00780438936103],[-42.7920966056738,-5.00651948118907],[-42.7917158920747,-5.00599599931589],[-42.7904785724281,-5.00623394464077],[-42.7900026799796,-5.00523457211778],[-42.7906213398029,-5.00494903556952],[-42.7900978588291,-5.00371171682225],[-42.7889081277079,-5.00423519779613],[-42.78971714523,-5.00656706971445],[-42.7900502694044,-5.00647189086505],[-42.7902406262039,-5.00709055068832],[-42.7911448207768,-5.0069477833135],[-42.791287589051,-5.00747126518666],[-42.7905261609535,-5.00766162198626],[-42.7909544639773,-5.00808992501],[-42.792334551898,-5.00780438936103]]]}},{"type":"Feature","properties":{"id":"6720","municipality":"2211001","density":"Pouco densa","type":"Área urbanizada","state":"PI"},"geometry":{"type":"Polygon","coordinates":[[[-43.1123751579871,-5.12459949007439],[-43.1098158816976,-5.1238828922816],[-43.1106348511174,-5.12240874876472],[-43.1117199838901,-5.12269538788179],[-43.1119247262451,-5.12228590407119],[-43.110163943611,-5.1216307299742],[-43.1085889078517,-5.12592112206211],[-43.1144372431842,-5.12801497041449],[-43.114870452909,-5.12696804623831],[-43.1127766036573,-5.12613772737417],[-43.1129932089694,-5.1251630043691],[-43.1126172123144,-5.12507453356285],[-43.1128870134249,-5.12427190212652],[-43.1153029701559,-5.1250294478507],[-43.1153200266978,-5.12611457972402],[-43.1165314215878,-5.12642169370616],[-43.1161833677682,-5.12746585696369],[-43.1155563676322,-5.12743735744808],[-43.1151953599779,-5.12852038131054],[-43.1162783847396,-5.12873698572327],[-43.1168999583663,-5.12701544590608],[-43.1176984520219,-5.12724066222673],[-43.1178542568684,-5.12659666670276],[-43.1159820329444,-5.1258780364422],[-43.116598995747,-5.12507347236284],[-43.1131327037112,-5.12386241831594],[-43.1136735847681,-5.12169397389772],[-43.1149480410193,-5.12400242207405],[-43.1169919787968,-5.12472381235404],[-43.1170881648869,-5.124194793355],[-43.1156453852263,-5.1236176804116],[-43.1134331222407,-5.12109281488149],[-43.1123751579871,-5.12459949007439]]]}},{"type":"Feature","properties":{"id":"6721","municipality":"2211001","density":"Pouco densa","type":"Área urbanizada","state":"PI"},"geometry":{"type":"Polygon","coordinates":[[[-42.6541866320074,-4.97731671819196],[-42.6540676588953,-4.97624596108222],[-42.653472794234,-4.97582955518978],[-42.651152819447,-4.97648390730644],[-42.6523425496689,-4.97719774507983],[-42.6529374152295,-4.9769003122995],[-42.6542461185635,-4.97803055596535],[-42.6546625235566,-4.97743569130404],[-42.6541866320074,-4.97731671819196]]]}},{"type":"Feature","properties":{"id":"6722","municipality":"2211001","density":"Pouco densa","type":"Área urbanizada","state":"PI"},"geometry":{"type":"Polygon","coordinates":[[[-42.7515430656599,-5.17775079176556],[-42.7528819916106,-5.17795515730461],[-42.7529194106023,-5.17716935937842],[-42.7516471666833,-5.17630872436809],[-42.752507802593,-5.17496164156648],[-42.7515349097082,-5.1746997086246],[-42.7514226527332,-5.1752984115924],[-42.7507491117821,-5.17514873562562],[-42.7501504088142,-5.17664549439401],[-42.7493646108881,-5.17638356235148],[-42.748915583887,-5.17743129232027],[-42.751123301699,-5.17825450923818],[-42.7515430656599,-5.17775079176556]]]}},{"type":"Feature","properties":{"id":"6723","municipality":"2211001","density":"Pouco densa","type":"Área urbanizada","state":"PI"},"geometry":{"type":"Polygon","coordinates":[[[-42.7186632428144,-5.17457822010874],[-42.7176938509904,-5.17522448102494],[-42.7178784970949,-5.17693245816641],[-42.7173707200826,-5.17716326557217],[-42.7183862741072,-5.18237951959914],[-42.7211098052733,-5.18177941998419],[-42.721432936181,-5.18371820543081],[-42.7205558660603,-5.18390285063602],[-42.7208789969681,-5.18584163608263],[-42.7218945509927,-5.18593395868523],[-42.7231409133224,-5.19151950582052],[-42.7258182822878,-5.19082708270367],[-42.7245719208574,-5.1848722442586],[-42.725679798384,-5.18473375855609],[-42.7256336361833,-5.18371820543081],[-42.7245257586568,-5.18390285063602],[-42.724202627749,-5.18293345881204],[-42.7239256590419,-5.18122548167061],[-42.7250335356691,-5.18099467426477],[-42.7230485898205,-5.1720393350472],[-42.7219868735953,-5.17070065011483],[-42.7176476887898,-5.17328569557834],[-42.7186632428144,-5.17457822010874]]]}},{"type":"Feature","properties":{"id":"6724","municipality":"2211001","density":"Pouco densa","type":"Área urbanizada","state":"PI"},"geometry":{"type":"Polygon","coordinates":[[[-42.870679911049,-4.88929841478996],[-42.8710137438891,-4.88841717990887],[-42.8704783657839,-4.8880602605725],[-42.8699372068366,-4.88905997303927],[-42.8701214464475,-4.89151047992466],[-42.8714301497815,-4.89192688491779],[-42.8711922035573,-4.89424685970476],[-42.8717275825619,-4.89424685970476],[-42.8721439875549,-4.892164831142],[-42.8733932052322,-4.89252174957904],[-42.873214745564,-4.89394942692447],[-42.8726793665594,-4.89394942692446],[-42.8726198809027,-4.89460377904113],[-42.8731552590079,-4.89496069837748],[-42.8728578271269,-4.89573402270696],[-42.8733337186761,-4.89609094204331],[-42.8723819337792,-4.89757810504547],[-42.8730362858958,-4.89781605126973],[-42.8738690976807,-4.89620991515541],[-42.8740483847251,-4.89567605960241],[-42.8735094291168,-4.89538412527715],[-42.8735992552014,-4.8949574518249],[-42.8746547112459,-4.89538412527715],[-42.874385232992,-4.89621501611005],[-42.8760245567878,-4.89661923259149],[-42.8758189178088,-4.89705593258515],[-42.8763182268047,-4.89721054582998],[-42.8772598286781,-4.895793509263],[-42.8751778010147,-4.89537710426994],[-42.875475233795,-4.89460377904113],[-42.8770218833532,-4.89496069837748],[-42.8791039119159,-4.89305712858356],[-42.8800042663838,-4.89301211121991],[-42.8798772371447,-4.89180791180565],[-42.8792823706848,-4.89174842614893],[-42.8792823706848,-4.89079664125194],[-42.8798772371447,-4.89061818158377],[-42.8798772371447,-4.89002331602321],[-42.8790863328679,-4.88943182561821],[-42.8784650452256,-4.88945375378767],[-42.8785685329114,-4.89121304714439],[-42.8780331539069,-4.89192688491779],[-42.8768909708416,-4.89171921616885],[-42.8769697478555,-4.89236692679219],[-42.8779736682501,-4.89264072359049],[-42.8769623967971,-4.89406840003659],[-42.8764865052479,-4.89394942692446],[-42.8769029102411,-4.89323558915106],[-42.8766395977392,-4.89306631695689],[-42.8761817519862,-4.89365497539677],[-42.8759347307032,-4.89345286715605],[-42.8765186002532,-4.89246478112472],[-42.8762491219994,-4.89233004199782],[-42.8752967741268,-4.89371148070025],[-42.874226017017,-4.89341404791994],[-42.8745829363534,-4.89222431769803],[-42.8739880707928,-4.89133202025647],[-42.874226017017,-4.88996383036641],[-42.8710137438891,-4.88966639668685],[-42.870679911049,-4.88929841478996]]]}},{"type":"Feature","properties":{"id":"6725","municipality":"2211001","density":"Pouco densa","type":"Área urbanizada","state":"PI"},"geometry":{"type":"Polygon","coordinates":[[[-42.6283694801673,-4.9757105820777],[-42.625395154163,-4.97428290473222],[-42.6252761810509,-4.97469931062466],[-42.6282505070552,-4.97618647362679],[-42.6283694801673,-4.9757105820777]]]}},{"type":"Feature","properties":{"id":"6726","municipality":"2211001","density":"Pouco densa","type":"Área urbanizada","state":"PI"},"geometry":{"type":"Polygon","coordinates":[[[-42.6996343365553,-4.96363481659347],[-42.6996343365553,-4.96303995193224],[-42.7004671492395,-4.96244508727091],[-42.7007645811205,-4.96298046537613],[-42.7003481761274,-4.96381327716096],[-42.7010025273447,-4.96369430404882],[-42.7012404726696,-4.96250457292762],[-42.7032630146763,-4.96155278893002],[-42.703560448356,-4.96190970826639],[-42.7042147995733,-4.96161227458675],[-42.7040363399052,-4.96113638303763],[-42.7053450441384,-4.96060100403305],[-42.7057614491316,-4.96101740992551],[-42.7062968281361,-4.96077946370123],[-42.7061183693672,-4.96024408469668],[-42.707546044914,-4.95976819314759],[-42.7071296390216,-4.95893538226206],[-42.7064158012482,-4.95917332758694],[-42.7055829903627,-4.95881640914992],[-42.7058804222436,-4.95947076126658],[-42.7047501776785,-4.95958973437871],[-42.7049881248021,-4.96012511158461],[-42.6984446072328,-4.96298046537613],[-42.6988015256698,-4.96381327716096],[-42.6996343365553,-4.96363481659347]]]}},{"type":"Feature","properties":{"id":"6727","municipality":"2211001","density":"Pouco densa","type":"Área urbanizada","state":"PI"},"geometry":{"type":"Polygon","coordinates":[[[-42.7676036407953,-4.92721716693865],[-42.7670682617908,-4.92555154426834],[-42.7676631273514,-4.92436181314715],[-42.7671872349029,-4.92436181314715],[-42.7664139096741,-4.92543257115619],[-42.7662354509053,-4.92501616526376],[-42.7655810987886,-4.9249566787077],[-42.7652241803516,-4.92549205681293],[-42.7640939357865,-4.9249566787077],[-42.7639154761183,-4.92531359804407],[-42.7661759643493,-4.92638435515381],[-42.7669492886787,-4.92745511316292],[-42.7676036407953,-4.92721716693865]]]}},{"type":"Feature","properties":{"id":"6728","municipality":"2211001","density":"Pouco densa","type":"Área urbanizada","state":"PI"},"geometry":{"type":"Polygon","coordinates":[[[-42.7853606196968,-5.01904029327489],[-42.7847895492982,-5.01875475672661],[-42.784289862587,-5.01750553994867],[-42.7839686346447,-5.01775538420356],[-42.7854320042835,-5.02235964058491],[-42.7863956863118,-5.02228825689749],[-42.7853606196968,-5.01904029327489]]]}},{"type":"Feature","properties":{"id":"6729","municipality":"2211001","density":"Pouco densa","type":"Área urbanizada","state":"PI"},"geometry":{"type":"Polygon","coordinates":[[[-42.7296512378143,-4.96570494802489],[-42.7332799159353,-4.96665673292183],[-42.7334583747042,-4.96576443458093],[-42.7298891840386,-4.9652290555764],[-42.7309004545922,-4.964812649684],[-42.7304245630431,-4.96374189257428],[-42.7307219949241,-4.96267113636378],[-42.7315548067089,-4.96231421612812],[-42.7314953201529,-4.96142191868656],[-42.7300081571507,-4.9613029446751],[-42.7297702109264,-4.9605891069017],[-42.730246103375,-4.96029167502075],[-42.7314953201529,-4.96064859435711],[-42.7321496722695,-4.96023218756534],[-42.7328040243861,-4.95785272712164],[-42.7310194277044,-4.95452148178089],[-42.7298296965832,-4.95422404900065],[-42.7292348319219,-4.95446199522485],[-42.7294727781461,-4.95517583299824],[-42.7309004545922,-4.95636556411945],[-42.7317332663771,-4.95809067334585],[-42.7306625092673,-4.95880451111924],[-42.730305589931,-4.95957783634806],[-42.7298891840386,-4.95933989012377],[-42.7305435361552,-4.95785272712164],[-42.7301866168189,-4.95767426655414],[-42.7292348319219,-4.95904245824283],[-42.7287589403727,-4.9586260523504],[-42.7291158588098,-4.95826913301403],[-42.7285209941485,-4.95803118678982],[-42.7281045882561,-4.95868553800711],[-42.7290563731531,-4.95981578167295],[-42.7286399672606,-4.96189781113505],[-42.7300676437068,-4.96314702791296],[-42.7296512378143,-4.96463419091515],[-42.7278666420319,-4.96463419091515],[-42.7279261285879,-4.9652290555764],[-42.729353805034,-4.96618084137272],[-42.7296512378143,-4.96570494802489]]]}},{"type":"Feature","properties":{"id":"6730","municipality":"2211001","density":"Pouco densa","type":"Área urbanizada","state":"PI"},"geometry":{"type":"Polygon","coordinates":[[[-42.6973652660941,-4.96697775402011],[-42.6979839259174,-4.96583561322291],[-42.6971273198699,-4.96502659570082],[-42.6971273198699,-4.96388445400431],[-42.6962707138223,-4.9629802594314],[-42.6965086600466,-4.96140981471116],[-42.695652053999,-4.95988696031492],[-42.6952713404,-4.95993454884029],[-42.6952713404,-4.96426516760336],[-42.6966514283207,-4.96569284494877],[-42.6966038379967,-4.96631150477209],[-42.6959375887487,-4.9665494509963],[-42.6958424107986,-4.96707293197018],[-42.6967466062708,-4.96716811081961],[-42.6973652660941,-4.96697775402011]]]}}]}