{"type":"FeatureCollection","features":[{"type":"Feature","properties":{"id":"855","municipality":"2800308","density":"Densa","type":"Área urbanizada","state":"SE"},"geometry":{"type":"Polygon","coordinates":[[[-37.1216707137324,-11.0922809769855],[-37.1213643605768,-11.0925101035584],[-37.1223538882213,-11.093662751135],[-37.1261590070325,-11.0928140501282],[-37.1237239226209,-11.0896073402065],[-37.1203972053667,-11.0905279078366],[-37.1209163686954,-11.0913124062425],[-37.1206684130168,-11.091602363858],[-37.1216707137324,-11.0922809769855]]]}},{"type":"Feature","properties":{"id":"856","municipality":"2800308","density":"Densa","type":"Área urbanizada","state":"SE"},"geometry":{"type":"Polygon","coordinates":[[[-37.1422310728057,-10.89279125811],[-37.1413729316155,-10.8934807089675],[-37.1420736275958,-10.8942103496279],[-37.1432190392272,-10.8940026880736],[-37.1436627170607,-10.8953779826078],[-37.1458180106926,-10.8955521372213],[-37.1467257189167,-10.8975323832129],[-37.1457935248512,-10.8987536211826],[-37.1438717779601,-10.8988226666327],[-37.1430610490281,-10.899987720357],[-37.1406184786598,-10.8993317305749],[-37.1403676973113,-10.8997403447411],[-37.1395913962259,-10.8996017187443],[-37.13943187628,-10.8988267342663],[-37.1388938370809,-10.8987535528341],[-37.1378985330908,-10.9000917089651],[-37.1353110315788,-10.9003806953128],[-37.1349638294171,-10.8998973537798],[-37.1337631508487,-10.89992564825],[-37.1343196414383,-10.8938715282484],[-37.1321282759991,-10.8935021766841],[-37.1326233392956,-10.8885705445949],[-37.1309081855643,-10.8876368396684],[-37.1293796267683,-10.8887240183987],[-37.1274666887366,-10.8880384301294],[-37.1271743766961,-10.8886128558985],[-37.1230039262901,-10.887076990111],[-37.1216066361373,-10.8900056530384],[-37.122853084802,-10.8905122240598],[-37.1238358243638,-10.889648183317],[-37.1244890280462,-10.889902239097],[-37.1238424928367,-10.8916644021904],[-37.1230791743644,-10.8933049490641],[-37.1208719107101,-10.8928328301709],[-37.1217825390329,-10.8946945212351],[-37.1237421680665,-10.8954567200515],[-37.1225402898025,-10.8966418286574],[-37.120690206288,-10.8999278174148],[-37.1218717697663,-10.900389171423],[-37.1207740365925,-10.9033255388425],[-37.1215487836494,-10.9035234634371],[-37.121763173032,-10.90222451415],[-37.1224920375774,-10.9018875966352],[-37.1236386677903,-10.8993675469747],[-37.126655187287,-10.8987339772912],[-37.1267783521392,-10.900779669646],[-37.1275424170489,-10.9007994187581],[-37.1275955471967,-10.9015123446189],[-37.1282411785875,-10.9016001876985],[-37.1284377461051,-10.8996129180017],[-37.1278753496676,-10.8991002981402],[-37.127953639249,-10.8961405249652],[-37.1269281782928,-10.8963559575614],[-37.1268804027084,-10.8959847174207],[-37.1262057492959,-10.8958389418137],[-37.1245801599464,-10.8963948964073],[-37.1240840777179,-10.8960974564324],[-37.1242886617923,-10.8952583745743],[-37.1289803736453,-10.8954287691224],[-37.1293118943284,-10.896504664059],[-37.1306071051338,-10.8965991935979],[-37.1303913469831,-10.8993457276232],[-37.1299561281728,-10.8993675280889],[-37.1290344660677,-10.9015495351829],[-37.1296706950465,-10.9019929090455],[-37.1311528812005,-10.9003946249119],[-37.1322064486686,-10.9001116748139],[-37.1345966883864,-10.9024376435823],[-37.1354776471756,-10.905425248976],[-37.1352793700469,-10.9083849807822],[-37.1324993866373,-10.9091432927288],[-37.1329841149249,-10.911231209153],[-37.1312911870386,-10.911721107643],[-37.131032530327,-10.9124259782762],[-37.1317331957303,-10.9131556558089],[-37.1315188027505,-10.9144546365721],[-37.1307315029564,-10.9147307563193],[-37.1304489764391,-10.9140711863361],[-37.1294343711993,-10.9138670546208],[-37.1293398821298,-10.9151691299513],[-37.1299978818967,-10.9152454446215],[-37.1304524343323,-10.9162059484457],[-37.1311625174362,-10.9165800969938],[-37.1304288891819,-10.9170947861954],[-37.1297916259827,-10.9185014104117],[-37.1299416697722,-10.9196319238741],[-37.1311408482715,-10.9196629576793],[-37.1304671679254,-10.9201791919161],[-37.1308586194297,-10.921256659767],[-37.1344831903469,-10.9225956864418],[-37.1352042820519,-10.9225550451792],[-37.1368040482682,-10.9210546963171],[-37.1383645842581,-10.9210357520982],[-37.1386910516506,-10.9200361340603],[-37.1392566002119,-10.91453607468],[-37.1386503483349,-10.9125042930387],[-37.1375127023493,-10.9124156018985],[-37.1376040123153,-10.9112320131468],[-37.1370420475524,-10.9097943578233],[-37.1371129770822,-10.9093811085513],[-37.1382600128892,-10.9091142518212],[-37.1381208787755,-10.9075689242664],[-37.1397585361275,-10.9068996434038],[-37.1396225190639,-10.9052357968945],[-37.142848800032,-10.9034808310755],[-37.1439264711297,-10.9035679331135],[-37.1453373590318,-10.9023452490339],[-37.1443791889484,-10.9014695845536],[-37.1462139929814,-10.8992398396468],[-37.1463153465759,-10.9008553727772],[-37.1476104305769,-10.9008887628061],[-37.1483933272902,-10.9021423601818],[-37.1470490179977,-10.9021551386487],[-37.1461836210772,-10.9027376960877],[-37.1482783750469,-10.9046289550622],[-37.1461501006466,-10.9057007391977],[-37.1464785519436,-10.9068951818671],[-37.1477517698283,-10.9063943368291],[-37.1479556146598,-10.9077634656114],[-37.1494227974241,-10.9067339262297],[-37.1492663864345,-10.9058404093074],[-37.1516903902992,-10.9035995415856],[-37.1504066422527,-10.9035571448463],[-37.1499582492738,-10.9023596058111],[-37.1507674142847,-10.9012537778395],[-37.149315910301,-10.9016907611197],[-37.1486276897161,-10.900487043742],[-37.1487835674077,-10.8991271878694],[-37.1505270273004,-10.8989942186083],[-37.1503940436501,-10.8972118207689],[-37.14855412877,-10.8964528289349],[-37.1485269962238,-10.8952068551122],[-37.1499169721904,-10.8948275660393],[-37.1496166058217,-10.8925664689673],[-37.1492678046654,-10.8921423927572],[-37.1487834693815,-10.892307815853],[-37.1484993132926,-10.891707509394],[-37.1489340320799,-10.8888723606709],[-37.1470032982635,-10.8847310447019],[-37.1459950089625,-10.8842899955868],[-37.1446004455541,-10.8848470680377],[-37.141935453958,-10.8903524226262],[-37.1422310728057,-10.89279125811]]]}},{"type":"Feature","properties":{"id":"857","municipality":"2800308","density":"Densa","type":"Área urbanizada","state":"SE"},"geometry":{"type":"Polygon","coordinates":[[[-36.9861754161625,-10.6431516844026],[-36.9860767308564,-10.6435030666132],[-36.9851476466465,-10.6436856181967],[-36.9843586723148,-10.6430754506715],[-36.9833299198399,-10.6401227767447],[-36.9823073933714,-10.6402496800786],[-36.983609915665,-10.6431284234379],[-36.9836527899443,-10.644974350286],[-36.9826358689501,-10.6450956418504],[-36.9806462340364,-10.6436582482295],[-36.9797818488532,-10.642515260271],[-36.9790424046832,-10.6422897723551],[-36.9787351504068,-10.6426357766197],[-36.9820048587372,-10.6448724831785],[-36.9821547046759,-10.6460547454301],[-36.9806148962604,-10.6453630732472],[-36.9761112479357,-10.6457212786141],[-36.975676458102,-10.6463028252152],[-36.9817290168806,-10.6508450940258],[-36.9847877820305,-10.6507460346018],[-36.9878634850117,-10.6545596124361],[-36.9910202897545,-10.6552929124379],[-36.991176574839,-10.6561860849199],[-36.9915942208966,-10.656256110631],[-36.9930704418473,-10.6548121771402],[-36.9934030273278,-10.6532300241462],[-36.9919582340852,-10.6534167773624],[-36.9909181015891,-10.6521512747615],[-36.9929035519574,-10.64942668959],[-36.9934291724183,-10.6480045502697],[-36.9916388515517,-10.6477214050188],[-36.9916590916937,-10.6469513281413],[-36.9923948297575,-10.6463182009242],[-36.9932907946344,-10.6441479884389],[-36.9979291020464,-10.6409476304287],[-36.9971109348218,-10.6401560102916],[-36.9932698089545,-10.6426655252937],[-36.9918248160624,-10.6429247692627],[-36.9861754161625,-10.6431516844026]]]}},{"type":"Feature","properties":{"id":"858","municipality":"2800308","density":"Densa","type":"Área urbanizada","state":"SE"},"geometry":{"type":"Polygon","coordinates":[[[-37.134281494895,-11.1055392187599],[-37.1340590233052,-11.1048811038798],[-37.1335742581455,-11.1050462553803],[-37.1334054446055,-11.1046267351357],[-37.130492109723,-11.1057953762556],[-37.1311865113484,-11.1067623920707],[-37.134281494895,-11.1055392187599]]]}},{"type":"Feature","properties":{"id":"859","municipality":"2800308","density":"Densa","type":"Área urbanizada","state":"SE"},"geometry":{"type":"Polygon","coordinates":[[[-37.2415451902583,-11.0085693173201],[-37.240326598094,-11.0092497245951],[-37.2402869020188,-11.0084776566185],[-37.2396457186749,-11.0077494359876],[-37.238051560631,-11.0090132856346],[-37.2378497176903,-11.0098384486854],[-37.239007403269,-11.0114696264221],[-37.2397888772549,-11.0114304150815],[-37.2404169170071,-11.0103789619195],[-37.2410138815853,-11.0104200015817],[-37.2415451902583,-11.0085693173201]]]}},{"type":"Feature","properties":{"id":"860","municipality":"2800308","density":"Densa","type":"Área urbanizada","state":"SE"},"geometry":{"type":"Polygon","coordinates":[[[-37.1334884808087,-11.1015454437672],[-37.1333876443243,-11.1008312237819],[-37.1359962016633,-11.0998323971473],[-37.1351361512123,-11.0983273619182],[-37.1330043838452,-11.099457312405],[-37.1323115713219,-11.0984310519514],[-37.1318204353648,-11.0988332278711],[-37.1322764545947,-11.0997346714179],[-37.1317917011261,-11.0998998238178],[-37.1313924857745,-11.0991184676431],[-37.1309645361844,-11.0994037074151],[-37.1313005606723,-11.1003019970395],[-37.1279592860922,-11.1017558761328],[-37.1285904815654,-11.102839818203],[-37.1334884808087,-11.1015454437672]]]}},{"type":"Feature","properties":{"id":"861","municipality":"2800308","density":"Densa","type":"Área urbanizada","state":"SE"},"geometry":{"type":"Polygon","coordinates":[[[-37.1472572011589,-11.0930259528854],[-37.1455452750943,-11.0938056803878],[-37.1440650143888,-11.0934822293214],[-37.1429028942531,-11.093831263402],[-37.1402796545824,-11.0931457416826],[-37.1389646272157,-11.0938228160701],[-37.1368129227781,-11.0916790562434],[-37.1370656538568,-11.0912113053574],[-37.138928565301,-11.0915922572768],[-37.142027082284,-11.0906773221007],[-37.1413691553622,-11.090138239688],[-37.1403106946828,-11.0902053569916],[-37.1373783103607,-11.0885155209745],[-37.1425762595867,-11.086327340934],[-37.142345198572,-11.0859892111332],[-37.1415343734126,-11.0857782014029],[-37.1388211583697,-11.0866558300025],[-37.1377172711351,-11.0866268772286],[-37.1356918162243,-11.0847534491123],[-37.1343013150536,-11.0845651625522],[-37.1304997602557,-11.0854566488052],[-37.1313374607552,-11.087791230381],[-37.1330868291938,-11.0874813698693],[-37.1324099580531,-11.0858625739986],[-37.1343424833189,-11.0854389096779],[-37.1347464965535,-11.0860424869712],[-37.1360143239019,-11.0857792626028],[-37.1364687756135,-11.0867399498887],[-37.1357913163162,-11.0873744521692],[-37.1361921468501,-11.088096543021],[-37.1341268537713,-11.0889911049555],[-37.1352676635717,-11.0901219790461],[-37.1351349056513,-11.0905928775592],[-37.1326455453556,-11.0904939521341],[-37.1326359747704,-11.0908494847159],[-37.1337062984069,-11.0912333720224],[-37.1349263106007,-11.0927478420392],[-37.1344272156434,-11.0934463103989],[-37.1364766069098,-11.0931443261497],[-37.1368758438451,-11.093925678727],[-37.136147929883,-11.094203060223],[-37.1363719626959,-11.0948019196728],[-37.1380879114279,-11.0957364357879],[-37.1381935520907,-11.0962728930795],[-37.1367536556567,-11.0962350909766],[-37.1367137806164,-11.0977164920225],[-37.1360994663173,-11.0982340410681],[-37.1371411078758,-11.0996845468043],[-37.1379306316933,-11.0993494917856],[-37.1376513859027,-11.0985712841374],[-37.138289623967,-11.0971648874495],[-37.1395080830316,-11.0987386281851],[-37.1403783281973,-11.0976348021044],[-37.140902353261,-11.0982415396153],[-37.1412671155849,-11.0980732171053],[-37.1407574374058,-11.0969331699298],[-37.1411837880014,-11.0967071640044],[-37.1415342016421,-11.0970721511588],[-37.1456264236205,-11.0947225311199],[-37.1460272712415,-11.0954446336628],[-37.145594565137,-11.0959076783966],[-37.1456084084013,-11.0976277091514],[-37.1448023379575,-11.0984436496546],[-37.1443317353213,-11.0979757341927],[-37.1436653934431,-11.0981954475618],[-37.1427287774111,-11.0995347440332],[-37.1430160091815,-11.1000166718319],[-37.1435055524393,-11.0996737252622],[-37.1436127938953,-11.1001509298215],[-37.1431200616415,-11.1006123899498],[-37.1435193192611,-11.101393753319],[-37.1410747658877,-11.1029899474281],[-37.1418052905816,-11.1048473837997],[-37.1434714870194,-11.1031714629926],[-37.1444570963179,-11.1011026391754],[-37.1471074001863,-11.1008335863009],[-37.1474769478028,-11.1004874831108],[-37.1479569321667,-11.1005000718208],[-37.1481825855578,-11.1010396848336],[-37.1493321106883,-11.1007140349247],[-37.149734577089,-11.1013768847354],[-37.14845389663,-11.1021141921162],[-37.1489795440706,-11.1026616750962],[-37.1503850036649,-11.1017497391591],[-37.1481332118782,-11.096175834647],[-37.1482857341992,-11.0934479372725],[-37.1472572011589,-11.0930259528854]]]}},{"type":"Feature","properties":{"id":"862","municipality":"2800308","density":"Densa","type":"Área urbanizada","state":"SE"},"geometry":{"type":"Polygon","coordinates":[[[-37.0884873094417,-10.9399493319961],[-37.0880902371746,-10.9403559145937],[-37.0883445744425,-10.943030635955],[-37.0890380506654,-10.9435922958478],[-37.0890438369035,-10.9429182458803],[-37.0907637669342,-10.941421506897],[-37.0906026920605,-10.9411031136178],[-37.0890918292245,-10.9415778036727],[-37.0896126023397,-10.9400498096509],[-37.0905947987109,-10.9401270146499],[-37.0893880038532,-10.9385735392374],[-37.0895149215763,-10.9374147411973],[-37.0908952487167,-10.9360514310287],[-37.091563391937,-10.9361101981271],[-37.0916492187364,-10.9352189906638],[-37.0899957288198,-10.9342272650762],[-37.0887003021772,-10.9355572121955],[-37.0884873094417,-10.9399493319961]]]}},{"type":"Feature","properties":{"id":"863","municipality":"2800308","density":"Densa","type":"Área urbanizada","state":"SE"},"geometry":{"type":"Polygon","coordinates":[[[-37.106116367876,-11.0474609281792],[-37.1062798466376,-11.0482394820664],[-37.1098860066339,-11.047296523116],[-37.1106291308297,-11.0486797874422],[-37.1160232887438,-11.0467459383743],[-37.1165535820821,-11.047115609198],[-37.1184385071314,-11.0462162880512],[-37.1188281536963,-11.0473531102578],[-37.1200453168378,-11.0467327543131],[-37.1191933009301,-11.0449315669382],[-37.1254966878218,-11.0426655011119],[-37.1245910120655,-11.0406257262962],[-37.120657190377,-11.0418272502274],[-37.1120188163153,-11.0461072884206],[-37.11179322138,-11.0455677221726],[-37.1113085902192,-11.0457328952569],[-37.1113574243057,-11.0461492363981],[-37.106116367876,-11.0474609281792]]]}},{"type":"Feature","properties":{"id":"864","municipality":"2800308","density":"Densa","type":"Área urbanizada","state":"SE"},"geometry":{"type":"Polygon","coordinates":[[[-37.0672694452286,-10.99751153403],[-37.0690677871486,-10.9998117318259],[-37.0699832187505,-10.9992428881487],[-37.0709659861913,-11.000632338012],[-37.0723643420407,-10.9999575892713],[-37.0716734288856,-10.9988722487552],[-37.0780638692521,-10.9955418667637],[-37.0806503949997,-10.9953132402138],[-37.0819187538474,-10.9972437779779],[-37.0811232630281,-10.9978158232416],[-37.0822212713945,-10.9993861591439],[-37.0892623101075,-10.9941751958286],[-37.0873512894304,-10.9938286951381],[-37.0846697871809,-10.9953592980931],[-37.0816050928008,-10.9955161380593],[-37.0813779537296,-10.9950358632145],[-37.0847461162403,-10.9925153486044],[-37.0811735666068,-10.9914730973056],[-37.0798177226098,-10.9928012313917],[-37.0789941072921,-10.9921867408254],[-37.0793209829769,-10.9911873817922],[-37.0799726542146,-10.9915009133364],[-37.0801636873043,-10.9910908899326],[-37.0733329271728,-10.9884809350471],[-37.0726144174214,-10.9906557826382],[-37.0743560552877,-10.9928358777735],[-37.0761125661419,-10.9922297661907],[-37.0781498102655,-10.9923424764241],[-37.0795619473259,-10.9933874247898],[-37.0763152904183,-10.9958517407652],[-37.0754853150952,-10.9954742323499],[-37.0740254258327,-10.9962066878883],[-37.0723469410584,-10.993909658404],[-37.0735669505543,-10.9931709121079],[-37.0711736729267,-10.9906772728378],[-37.0723151248431,-10.9883949517656],[-37.0658284561183,-10.9863868142001],[-37.0653402123809,-10.9889233817087],[-37.0661494277538,-10.9900711001012],[-37.0674293770641,-10.9893339527997],[-37.0701553094199,-10.9928442306767],[-37.0696660323615,-10.9931871205891],[-37.0712229611707,-10.995540247984],[-37.070367510752,-10.9961106789646],[-37.0711199780046,-10.9971383423606],[-37.0704507933694,-10.9974765063357],[-37.0696431617025,-10.9962695253183],[-37.0672694452286,-10.99751153403]]]}},{"type":"Feature","properties":{"id":"865","municipality":"2800308","density":"Densa","type":"Área urbanizada","state":"SE"},"geometry":{"type":"Polygon","coordinates":[[[-37.1138275058347,-10.6022516949597],[-37.1129184117552,-10.6026438200562],[-37.113061447128,-10.6040704613827],[-37.11167472311,-10.604391236966],[-37.1114721301347,-10.6052755178508],[-37.1107442359577,-10.6056129084089],[-37.1099918937108,-10.6068983597714],[-37.1093960092184,-10.6067647349046],[-37.109025948089,-10.6071704406633],[-37.1099044939971,-10.607963422374],[-37.1108643323231,-10.6079283560088],[-37.1112145310257,-10.6082929510588],[-37.1115726698428,-10.6106737038283],[-37.1130761618353,-10.6104744806128],[-37.1135751857462,-10.6097162639944],[-37.1137026151835,-10.6094230139609],[-37.1120976733689,-10.6089081682773],[-37.1122987473892,-10.6080831419234],[-37.1146972599705,-10.60571263513],[-37.1159737190119,-10.607345749107],[-37.1165696169942,-10.6074793649807],[-37.1158844657954,-10.6061576286716],[-37.1159317917188,-10.6043207274196],[-37.1171754686729,-10.6025732754363],[-37.1159146371507,-10.6026600788995],[-37.115717289921,-10.6014813204065],[-37.1139933534105,-10.6015127975775],[-37.1138275058347,-10.6022516949597]]]}},{"type":"Feature","properties":{"id":"866","municipality":"2800308","density":"Densa","type":"Área urbanizada","state":"SE"},"geometry":{"type":"Polygon","coordinates":[[[-37.084066423027,-11.0247776393765],[-37.0856026098725,-11.0240686129761],[-37.0868020797522,-11.024100115328],[-37.0856906660913,-11.025256743304],[-37.0859809672478,-11.0256201143768],[-37.0872627385844,-11.0248237053497],[-37.0879760493552,-11.025079602042],[-37.0893050422938,-11.0247587491169],[-37.0903134467081,-11.0252002631816],[-37.0908075846023,-11.0246796105755],[-37.0907035708131,-11.0240839653027],[-37.0918797239701,-11.0227511259636],[-37.0912423132821,-11.0219043171305],[-37.0898262686673,-11.0232308567186],[-37.0887786142416,-11.0220175300849],[-37.0893279363352,-11.0216762013955],[-37.0889256488995,-11.0210134370204],[-37.0870086837037,-11.0186507669193],[-37.0855438463714,-11.0195609671649],[-37.0864619696441,-11.0211266355857],[-37.0859062740553,-11.0217049536206],[-37.0863701182863,-11.0223100426743],[-37.0870993596477,-11.0219734453182],[-37.0877935382412,-11.0229403280336],[-37.0874841067061,-11.0232879501787],[-37.0836053586004,-11.0238202004419],[-37.084066423027,-11.0247776393765]]]}},{"type":"Feature","properties":{"id":"867","municipality":"2800308","density":"Densa","type":"Área urbanizada","state":"SE"},"geometry":{"type":"Polygon","coordinates":[[[-37.0673886548625,-11.0075931419099],[-37.0700074437885,-11.0061206693334],[-37.0697251573901,-11.0054607261316],[-37.0701581251973,-11.00499724073],[-37.0697652113953,-11.0039806237068],[-37.0691586744333,-11.0042610044417],[-37.0684663070743,-11.003175723281],[-37.0690747505992,-11.0028953416467],[-37.0703850987932,-11.0032844414238],[-37.0703984510276,-11.0027503844227],[-37.0681077248916,-11.000911699815],[-37.068359494595,-11.000503527216],[-37.0666714922955,-10.9985618459524],[-37.06703960999,-10.9982757437305],[-37.0651799459977,-10.9959735737214],[-37.0668812996322,-10.9951877461176],[-37.0666028281579,-10.994411455824],[-37.0646611468944,-10.9951896535796],[-37.0642014764169,-10.9944667686264],[-37.0648099199418,-10.9941253527028],[-37.064525725182,-10.993526445589],[-37.0665894759235,-10.9926910266695],[-37.066719176149,-10.9922790400456],[-37.0666161785937,-10.9916839469565],[-37.0660802141305,-10.9915504327063],[-37.0647431632663,-10.9921684144408],[-37.0637494339891,-10.9911937579855],[-37.0644856711767,-10.9905605192525],[-37.0624600669785,-10.9877796041454],[-37.0632630608416,-10.9869117610689],[-37.0632230059369,-10.9861984116274],[-37.070314528093,-10.9857921473896],[-37.0705758342073,-10.9872226593982],[-37.0741158733488,-10.9872550835552],[-37.0742799051934,-10.9855995054128],[-37.08336269813,-10.9847717163416],[-37.083374142003,-10.9821624629273],[-37.0595265647991,-10.9830779898573],[-37.0655537860783,-10.979856477994],[-37.0659505148044,-10.9806976192996],[-37.0668641342724,-10.9802474852332],[-37.0665856618987,-10.9794101588517],[-37.074131132146,-10.9755172599136],[-37.0746995216655,-10.9766578547761],[-37.075733304948,-10.9761524070079],[-37.0750428441519,-10.9750671258472],[-37.0783330201527,-10.9731960170825],[-37.077053189553,-10.9717388033031],[-37.0762711768732,-10.9695262777155],[-37.0740777259063,-10.9685783257291],[-37.0736829046423,-10.9676189289704],[-37.0715295085799,-10.9673271052616],[-37.0712567576932,-10.9663696159649],[-37.0696126243231,-10.9650230277904],[-37.0691338792251,-10.9649505487288],[-37.0694028151877,-10.9661445489318],[-37.0689736623046,-10.9664287436915],[-37.0687447803473,-10.966068254946],[-37.0653172751721,-10.9663333759845],[-37.0655881176974,-10.9674072141715],[-37.0611535328093,-10.9694251876223],[-37.0600377349535,-10.9685077541295],[-37.0617963097518,-10.9674415457907],[-37.0614033959499,-10.9668235649555],[-37.062029005734,-10.9658908708669],[-37.0618058470621,-10.9652328360265],[-37.0598870544439,-10.9651832447109],[-37.0593816066757,-10.9639243952946],[-37.0584260248411,-10.963781343734],[-37.0580312035771,-10.9628219469752],[-37.0547086214057,-10.9614314925693],[-37.0544255472012,-10.9608075573229],[-37.0544430507062,-10.9601558663002],[-37.0553694369499,-10.9591722867715],[-37.0568890142166,-10.9584413978522],[-37.0567834158219,-10.9579050502778],[-37.0563637256054,-10.9578940488712],[-37.0534852961095,-10.9600714676241],[-37.0541850873718,-10.9626490307281],[-37.0533009800561,-10.9646549091967],[-37.0538178707981,-10.9744510515747],[-37.0527745520039,-10.9842643611114],[-37.0520497586893,-10.9866771567254],[-37.0508691107208,-10.9837398396219],[-37.0510236061544,-10.9757404203841],[-37.0513936322103,-10.9753951904356],[-37.0489007267871,-10.9721279012816],[-37.0492345128624,-10.9708919387119],[-37.0488339701116,-10.9701690537588],[-37.0487557686637,-10.9663734299898],[-37.0451432513599,-10.9668121210825],[-37.0446111009215,-10.9643077717862],[-37.045147066284,-10.9622478350695],[-37.0480824750261,-10.9557437770536],[-37.0461351514161,-10.9547309308877],[-37.0469927763955,-10.9532975536391],[-37.0479356912791,-10.9530377179163],[-37.0477322709275,-10.9525699562385],[-37.0468262858044,-10.9527951887469],[-37.0459499081617,-10.9519184900462],[-37.045397594923,-10.9496985918165],[-37.0455446556613,-10.9482440337351],[-37.0460804078845,-10.9484003691816],[-37.0469128239676,-10.9468926368857],[-37.0480591358204,-10.9471005466529],[-37.0487442096775,-10.9483990750573],[-37.0491758698704,-10.9484103921258],[-37.0492426634181,-10.9459221451908],[-37.0481045497851,-10.9427264672526],[-37.0471664462744,-10.9428085951405],[-37.0452842200907,-10.944537809772],[-37.0445345946957,-10.948324254161],[-37.0449984029539,-10.9484787037292],[-37.0449185071833,-10.9501128771075],[-37.0440851090405,-10.9516561362217],[-37.0444833360371,-10.9529115718116],[-37.044209235268,-10.954176121131],[-37.0439263634109,-10.9540939203981],[-37.0410634328311,-10.960184084328],[-37.03858049986946,-10.964082453071986],[-37.05922676460115,-10.99926203509604],[-37.0615769642055,-10.998310076249],[-37.0608845968466,-10.9972839228147],[-37.0635625143985,-10.9958724854268],[-37.0643254542563,-10.9964847438758],[-37.0639592431245,-10.9967727526604],[-37.0643063796357,-10.9972553117832],[-37.0621625199843,-10.9988593929466],[-37.0643635999002,-11.0017623766323],[-37.0630761403515,-11.0027961599148],[-37.0624943985976,-11.0021285877641],[-37.06136365813805,-11.002903130588853],[-37.0617846272193,-11.003620428197697],[-37.0676804785711,-11.007896410391],[-37.0673886548625,-11.0075931419099]]]}},{"type":"Feature","properties":{"id":"868","municipality":"2800308","density":"Densa","type":"Área urbanizada","state":"SE"},"geometry":{"type":"Polygon","coordinates":[[[-37.1392660520866,-10.7828246782163],[-37.1410535104111,-10.7814629526531],[-37.1409035079905,-10.7809178258969],[-37.1445708506642,-10.7788462303692],[-37.1439958682147,-10.7778030860435],[-37.1432271097433,-10.7778917313183],[-37.1427615514044,-10.7768513811862],[-37.1435472459086,-10.7761136070573],[-37.144677792646,-10.7768461408367],[-37.1481781222225,-10.7748784520789],[-37.1474573290924,-10.7731278983338],[-37.1487410285756,-10.7721862676821],[-37.148166020945,-10.7711431296517],[-37.1460027530245,-10.7722247271894],[-37.1444221540591,-10.7698568266312],[-37.1447098013163,-10.769322858663],[-37.1435584136898,-10.7672906921117],[-37.1421949560324,-10.7670935409341],[-37.1397497317646,-10.7684926845897],[-37.1425755302365,-10.7734905769285],[-37.1419624417132,-10.7739079756725],[-37.1426789567684,-10.7758208039868],[-37.1417739600002,-10.7769344389731],[-37.139313082133,-10.7789285498127],[-37.1388291758258,-10.77859141736],[-37.1392294730617,-10.775841030639],[-37.1383079008889,-10.7754927286065],[-37.137792923005,-10.7763456519302],[-37.136098373641,-10.7762482517554],[-37.1348929673365,-10.7783826280558],[-37.1342350512066,-10.7784199490214],[-37.1344227837844,-10.7796155832925],[-37.1358353192446,-10.780030573652],[-37.1364441845514,-10.779775481853],[-37.1369266726278,-10.780166712124],[-37.1362023073905,-10.7827464093193],[-37.1365683080809,-10.7834053120055],[-37.1371715292427,-10.7833665961914],[-37.1374686841324,-10.7845650336494],[-37.1363433741474,-10.7857271214095],[-37.1397400694486,-10.7835404702165],[-37.1392660520866,-10.7828246782163]]]}},{"type":"Feature","properties":{"id":"869","municipality":"2800308","density":"Densa","type":"Área urbanizada","state":"SE"},"geometry":{"type":"Polygon","coordinates":[[[-37.0860756074033,-10.9997717920345],[-37.085319879209,-10.9988626233114],[-37.0840366797489,-10.999718347124],[-37.0848396412364,-11.0011030809424],[-37.0835516528864,-11.0021365422676],[-37.0840659059168,-11.003098674764],[-37.0760395070176,-11.0092320718026],[-37.0796460402325,-11.0134770706103],[-37.08215741863,-11.0115864321681],[-37.0812409150362,-11.0099615379945],[-37.0829535263841,-11.0087613864288],[-37.0841730817223,-11.0102756487022],[-37.0858904720676,-11.0088977272483],[-37.0849060067068,-11.007567506735],[-37.0860709084456,-11.0066494068446],[-37.0871721390829,-11.0081012678592],[-37.0868643272268,-11.0083896507617],[-37.0877288652949,-11.0097167263458],[-37.0848937669338,-11.0124883136847],[-37.0870362506224,-11.0153904960745],[-37.0885010600758,-11.014480270648],[-37.0876948970018,-11.0132140090192],[-37.0896537903901,-11.011783106705],[-37.0906462480259,-11.012817086939],[-37.0917480245516,-11.012015894418],[-37.0927516346802,-11.0126351217135],[-37.0927346267016,-11.0110337987708],[-37.092322780372,-11.0107265453937],[-37.0929936062699,-11.0103290846195],[-37.0938495881879,-11.0075055083724],[-37.0968274952926,-11.0083543137006],[-37.0969696969939,-11.0075279455582],[-37.0947730102662,-11.0066403200947],[-37.0964212769204,-11.0033631267069],[-37.0997359297693,-11.009557039126],[-37.1016252758858,-11.0084799399972],[-37.1014644249432,-11.0077642136475],[-37.1020073546557,-11.0076598392301],[-37.1022913308802,-11.0082602014471],[-37.1046020642338,-11.0071348060264],[-37.0992347070161,-10.9969145910355],[-37.0945519083439,-10.9992230320173],[-37.0949008120228,-11.00011629623],[-37.087921776169,-11.0050777192613],[-37.08722357221,-11.0039522473983],[-37.0940848634257,-10.998736470012],[-37.0934522128493,-10.9977119470487],[-37.0909643706092,-10.9995284795556],[-37.0901916479262,-10.9984566468567],[-37.0931289614324,-10.9963397713633],[-37.0924442895722,-10.9950174307098],[-37.0904021864117,-10.9950825524178],[-37.0893620638082,-10.995826101993],[-37.0899867463912,-10.9971468706315],[-37.0860756074033,-10.9997717920345]],[[-37.0891242282005,-11.006339836814],[-37.0879140671804,-11.0072906477452],[-37.0870479364131,-11.0060228266921],[-37.0879378776309,-11.0051890499347],[-37.0891242282005,-11.006339836814]],[[-37.0954685630237,-11.0015698497687],[-37.095955814809,-11.00281731107],[-37.0938723041635,-11.0044229246782],[-37.0930289109554,-11.0035442573616],[-37.0954685630237,-11.0015698497687]]]}},{"type":"Feature","properties":{"id":"870","municipality":"2800308","density":"Densa","type":"Área urbanizada","state":"SE"},"geometry":{"type":"Polygon","coordinates":[[[-37.0963943062522,-10.973004831108],[-37.0961798026557,-10.9720505568877],[-37.0950941051089,-10.9722593722722],[-37.0950798409619,-10.9727926270781],[-37.0935759757507,-10.9729312215986],[-37.0929914344071,-10.9757456040763],[-37.0909137522678,-10.9737510381798],[-37.0896906796811,-10.9746084410267],[-37.0844135181693,-10.9767234908964],[-37.0835283541502,-10.9761667188189],[-37.0795914369952,-10.9752929213313],[-37.0787348867056,-10.973669675615],[-37.0773855340151,-10.9747608572277],[-37.0918293916131,-10.9821350686784],[-37.0941610467949,-10.9869393792489],[-37.0947086880554,-10.9866572412386],[-37.0926784352615,-10.9818015200241],[-37.0916891666217,-10.9806491143651],[-37.0927640021569,-10.9787201603071],[-37.0931822966256,-10.9786722309387],[-37.0933447447641,-10.9793286856703],[-37.0946655736573,-10.9793039147438],[-37.0948816456714,-10.9801989398292],[-37.0963255881553,-10.9800587975754],[-37.0963773225553,-10.9826097110692],[-37.0938428657556,-10.9831363801398],[-37.094068449899,-10.9836759041196],[-37.0962383548162,-10.9833175836395],[-37.095611717107,-10.9843091698323],[-37.0957157848555,-10.9849048106085],[-37.0947340966012,-10.9857092316956],[-37.0955292016113,-10.9873901985987],[-37.0977118346334,-10.9865578787431],[-37.09848506993,-10.986815260216],[-37.098645936161,-10.9875309739752],[-37.0963401823535,-10.9884786615609],[-37.1006422980036,-10.9965032168499],[-37.1022773626101,-10.9959530439978],[-37.1027030423115,-10.9971717117051],[-37.1020393372456,-10.9974613185849],[-37.102260590254,-10.9981784820513],[-37.1015300745532,-10.9985752107773],[-37.1025562288868,-11.0006179812348],[-37.1044425964486,-10.9995994567495],[-37.1050758360809,-11.0006237027217],[-37.1058616636848,-11.0004081729987],[-37.1052932741652,-10.9992065429476],[-37.1080970761191,-10.9976196289427],[-37.108375549392,-10.9983978266983],[-37.108987807841,-10.9979991914095],[-37.108675002949,-10.9974193571176],[-37.1093692777699,-10.9971790312872],[-37.1101703641709,-10.9986228937315],[-37.108884811185,-10.9995975492875],[-37.1091823581792,-11.0001850134276],[-37.1083106992793,-11.0008869171974],[-37.1092319485955,-11.0022754668393],[-37.1100234985856,-11.0018806455753],[-37.1097126011556,-11.0011405943629],[-37.1113910679434,-11.0001373286747],[-37.110382079869,-10.995248794796],[-37.1094264980344,-10.9950466164082],[-37.108270645274,-10.9956092826422],[-37.1061837315939,-10.9928860320647],[-37.1028516426891,-10.9873444123147],[-37.1027634155991,-10.9861562469132],[-37.1006238780894,-10.9831357146415],[-37.0999172303958,-10.9803897948531],[-37.1003639416426,-10.9793934872196],[-37.1022197403487,-10.9795605308938],[-37.1026191508531,-10.9780886347826],[-37.1044892083103,-10.9777223930739],[-37.1050021995918,-10.9764906213451],[-37.1072872707909,-10.9763130618982],[-37.1075997699134,-10.9758468641414],[-37.1055704002537,-10.9754381663383],[-37.1041692097412,-10.9739785729527],[-37.1017610726154,-10.974271492935],[-37.1014123658879,-10.9738473420811],[-37.100454501574,-10.9737630486258],[-37.100088599809,-10.9717375496481],[-37.0996640928236,-10.9719043478074],[-37.0995772003275,-10.9729100533563],[-37.0963943062522,-10.973004831108]]]}},{"type":"Feature","properties":{"id":"871","municipality":"2800308","density":"Densa","type":"Área urbanizada","state":"SE"},"geometry":{"type":"Polygon","coordinates":[[[-36.9883383396426,-10.6848416473241],[-36.9889677904312,-10.6841491801405],[-36.9879391422775,-10.6835320590573],[-36.9868188927777,-10.685103600051],[-36.9862923792898,-10.6846157960821],[-36.9857830662354,-10.6834764000158],[-36.9859768080832,-10.6829479170127],[-36.9870626594142,-10.6826795674081],[-36.9870798517537,-10.6820279708141],[-36.9851539715785,-10.6823339129796],[-36.9844998667754,-10.6821391971662],[-36.9845800818053,-10.6813706806124],[-36.9838551445992,-10.6815890665821],[-36.9838868915667,-10.6826568523318],[-36.9831004982893,-10.6829329217169],[-36.9826546782708,-10.6839290935528],[-36.9830504510174,-10.6848284533704],[-36.9821270613148,-10.6857530085944],[-36.9818577710193,-10.6868722868266],[-36.9823467189259,-10.6887817408846],[-36.9833445329238,-10.6895781103415],[-36.9833715620479,-10.6908236003288],[-36.9844417939536,-10.6911476368539],[-36.9849902122285,-10.6908061507832],[-36.9862224722892,-10.6895339122602],[-36.9864428142844,-10.6879984232886],[-36.9876484706004,-10.6877331772443],[-36.9875411958694,-10.6872561957168],[-36.986710529867,-10.6869383654132],[-36.9867433668129,-10.6856944123672],[-36.9884156399698,-10.6859154162634],[-36.9889408062731,-10.6852330646541],[-36.9883383396426,-10.6848416473241]]]}},{"type":"Feature","properties":{"id":"872","municipality":"2800308","density":"Densa","type":"Área urbanizada","state":"SE"},"geometry":{"type":"Polygon","coordinates":[[[-37.1320825445737,-11.1091578505543],[-37.133540059626,-11.1085439067758],[-37.1345520352482,-11.1088670026101],[-37.1358879583626,-11.1083091441517],[-37.1346334625642,-11.1058449630746],[-37.1314752809594,-11.1071850707344],[-37.1320825445737,-11.1091578505543]]]}},{"type":"Feature","properties":{"id":"873","municipality":"2800308","density":"Densa","type":"Área urbanizada","state":"SE"},"geometry":{"type":"Polygon","coordinates":[[[-37.1716592931419,-10.7898215826999],[-37.1713732520739,-10.7881902979439],[-37.1689815050923,-10.7854227629501],[-37.1673555722019,-10.7847859161371],[-37.1668027976109,-10.784988376912],[-37.1697585616082,-10.7871206703826],[-37.1706044243547,-10.7882789989766],[-37.1708258833078,-10.790287571814],[-37.1716592931419,-10.7898215826999]]]}},{"type":"Feature","properties":{"id":"874","municipality":"2800308","density":"Densa","type":"Área urbanizada","state":"SE"},"geometry":{"type":"Polygon","coordinates":[[[-37.1313300278584,-10.8374829882492],[-37.1306122753362,-10.8374052508516],[-37.128771776796,-10.8435247371768],[-37.1294833042111,-10.8438395133828],[-37.130104565773,-10.8430253400474],[-37.1305172232912,-10.8410198770656],[-37.13134551958,-10.8414562389142],[-37.1317760322381,-10.8410522283776],[-37.1319270823689,-10.8398701819633],[-37.1308006293455,-10.8393668655883],[-37.1313300278584,-10.8374829882492]]]}},{"type":"Feature","properties":{"id":"875","municipality":"2800308","density":"Densa","type":"Área urbanizada","state":"SE"},"geometry":{"type":"Polygon","coordinates":[[[-37.0849125663618,-10.7378993277917],[-37.0844720415514,-10.7364058002874],[-37.0846957164341,-10.7358779234274],[-37.0864255174237,-10.7362186756513],[-37.0872065714261,-10.7368931429042],[-37.088557480843,-10.7354664089476],[-37.0909130876688,-10.7374751526562],[-37.0913718858038,-10.7366750429189],[-37.0903930358099,-10.7364334940105],[-37.0903609929654,-10.7355666986442],[-37.0897579327823,-10.73560538568],[-37.0888479447768,-10.7348243658518],[-37.0876418343031,-10.7349017354267],[-37.0870840927566,-10.7332096412119],[-37.087351006144,-10.731376289584],[-37.0869681503598,-10.7313664896717],[-37.0867323858909,-10.7320099312133],[-37.086150923826,-10.7354047891996],[-37.0849504835779,-10.7352657989774],[-37.0849142049266,-10.7345612736838],[-37.0842649600598,-10.7342740320209],[-37.0851099837387,-10.7312647979321],[-37.0843023286895,-10.7307570146245],[-37.083125445283,-10.7318093302363],[-37.0823654066382,-10.7315733742118],[-37.08036443577,-10.7306561619522],[-37.0791348448971,-10.7295422202972],[-37.0793173398233,-10.7288433085718],[-37.0787547356425,-10.7284847659591],[-37.0783069748869,-10.7298434922833],[-37.0799127251921,-10.7311858122754],[-37.079194635424,-10.7314380244453],[-37.0773665367362,-10.734148594582],[-37.0813548591394,-10.7346324622183],[-37.0807135453937,-10.7361314522047],[-37.0798398639185,-10.7360549369857],[-37.0792319599869,-10.738366604735],[-37.0774803396459,-10.7383758128934],[-37.0780550226211,-10.7394188663876],[-37.0787099332168,-10.7394897833268],[-37.0779101733158,-10.7407682001922],[-37.0762679321193,-10.7407801971484],[-37.0764710997614,-10.7413807482229],[-37.0789224124394,-10.7418224790242],[-37.0788407638901,-10.7428487044042],[-37.0780651067192,-10.7432076607049],[-37.0775351883982,-10.7425446040502],[-37.0754199011075,-10.7438974937743],[-37.0759285198852,-10.7453718333434],[-37.0785303997581,-10.7442479146095],[-37.0788003888268,-10.7464738445922],[-37.0782570319365,-10.7484082953066],[-37.0785233769523,-10.748685745151],[-37.0793175385735,-10.7476236781902],[-37.0791966705899,-10.743886152424],[-37.0795574696015,-10.7426505981466],[-37.0809248402092,-10.7426856636125],[-37.0805306286855,-10.7431085329324],[-37.0811237639505,-10.7434484766658],[-37.0824775709831,-10.7419136388034],[-37.0830749627393,-10.7420913196586],[-37.0831645028395,-10.7428513322231],[-37.0843621291089,-10.7430985216794],[-37.0843266832298,-10.7444506820533],[-37.0848750583372,-10.7444106163568],[-37.0850567492695,-10.7416550099707],[-37.0858472209724,-10.7419914229657],[-37.0863335149797,-10.7413305525629],[-37.0860149139571,-10.7405971050723],[-37.0864218697734,-10.7396874408227],[-37.0871451558243,-10.7396462806513],[-37.0872046037094,-10.7390580152152],[-37.0849125663618,-10.7378993277917]]]}},{"type":"Feature","properties":{"id":"876","municipality":"2800308","density":"Densa","type":"Vazio intraurbano","state":"SE"},"geometry":{"type":"Polygon","coordinates":[[[-37.0773657075613,-10.894626115203],[-37.0763023356842,-10.8934689692175],[-37.0688242291548,-10.8994505274199],[-37.0695953402527,-10.9006241166097],[-37.0685351519756,-10.9011732642347],[-37.0687378285879,-10.9017793290528],[-37.0716709098845,-10.9012068512152],[-37.07175216543,-10.8990701528652],[-37.0778702353231,-10.8966819474139],[-37.0773657075613,-10.894626115203]]]}},{"type":"Feature","properties":{"id":"877","municipality":"2800308","density":"Densa","type":"Área urbanizada","state":"SE"},"geometry":{"type":"Polygon","coordinates":[[[-37.0733848747121,-10.6358800244435],[-37.0726493039222,-10.6357817474296],[-37.072713612643,-10.6343692722241],[-37.0722520652806,-10.6356300398944],[-37.0717003051249,-10.6348619352301],[-37.0719943609509,-10.6372965915644],[-37.0724357823854,-10.6358939252644],[-37.0734877301746,-10.6365348046375],[-37.0762491623689,-10.6340556111775],[-37.0767068822168,-10.6325850361704],[-37.0785912901559,-10.6315657130871],[-37.0798245916316,-10.627921136751],[-37.0794084096704,-10.6277919941052],[-37.0783502466665,-10.6293066286979],[-37.0766578439843,-10.6298565317535],[-37.0759620987718,-10.6312617737119],[-37.0746827897789,-10.6320593023948],[-37.0747702668343,-10.6333065721406],[-37.0733848747121,-10.6358800244435]]]}},{"type":"Feature","properties":{"id":"878","municipality":"2800308","density":"Densa","type":"Área urbanizada","state":"SE"},"geometry":{"type":"Polygon","coordinates":[[[-37.1830643388481,-10.7294637724351],[-37.1835596575521,-10.7311100048228],[-37.1829642164254,-10.7333365544384],[-37.1830303067032,-10.7352378903164],[-37.1834044381642,-10.7356272850711],[-37.1843643160603,-10.7356515586724],[-37.1856341920642,-10.7340879416052],[-37.1873165852921,-10.7329146707754],[-37.1877242138014,-10.733494878286],[-37.1882637090029,-10.7334325237919],[-37.1888899402185,-10.7344741797396],[-37.190123500699,-10.7343153801506],[-37.1905280562248,-10.7335277287216],[-37.1903271081095,-10.732382835999],[-37.191734009317,-10.732950288425],[-37.1919741876586,-10.7325764141701],[-37.1904944197816,-10.7318551470973],[-37.1907375398056,-10.73136736741],[-37.1912740933247,-10.7314189120531],[-37.1917090279492,-10.7294542081452],[-37.1928589218018,-10.7295592282757],[-37.1930392997239,-10.7315014824075],[-37.1936910429072,-10.7315559318607],[-37.1940573529644,-10.7322490771331],[-37.1943654993682,-10.732218861711],[-37.1944174478069,-10.7302064793455],[-37.1949520444013,-10.7303339564469],[-37.1954621407651,-10.7314106715652],[-37.1962447550913,-10.7308605104042],[-37.1945837702248,-10.7297167517267],[-37.1941071709091,-10.7288308547601],[-37.1894978090766,-10.728790466207],[-37.1887416806839,-10.7283154443023],[-37.188722898343,-10.7275550935926],[-37.1883773473367,-10.7275463665715],[-37.1878832687977,-10.7288256737658],[-37.1865424021101,-10.7286778189261],[-37.1862383242392,-10.7300379041259],[-37.1855432957864,-10.730172314101],[-37.1847475360699,-10.7284916997321],[-37.1830643388481,-10.7294637724351]]]}},{"type":"Feature","properties":{"id":"879","municipality":"2800308","density":"Densa","type":"Área urbanizada","state":"SE"},"geometry":{"type":"Polygon","coordinates":[[[-37.0852492689386,-11.0171223223373],[-37.0833466946942,-11.0142264280072],[-37.0825007258278,-11.0144413812647],[-37.0826047306238,-11.0150370157456],[-37.0813150524477,-11.0161296668506],[-37.083238319193,-11.0182553368143],[-37.0852492689386,-11.0171223223373]]]}},{"type":"Feature","properties":{"id":"880","municipality":"2800308","density":"Densa","type":"Área urbanizada","state":"SE"},"geometry":{"type":"Polygon","coordinates":[[[-37.0321080990095,-10.9402465183621],[-37.0316645668662,-10.9411241226801],[-37.0302793752929,-10.9413248801391],[-37.0294946565531,-10.9437348725663],[-37.0287121339578,-10.9438328806829],[-37.0292618427598,-10.9412388725759],[-37.028788630291,-10.9409893107081],[-37.028458609677,-10.9421070169253],[-37.027676093377,-10.9422050241425],[-37.0238257062913,-10.940384653329],[-37.0233062632734,-10.9418530546747],[-37.0269034651228,-10.9463937919399],[-37.0306277106003,-10.9474478000759],[-37.0308408832001,-10.9488895653012],[-37.0315857349937,-10.9493004070881],[-37.0322796905552,-10.9489273710014],[-37.0323247151135,-10.9473677334341],[-37.0345224387595,-10.9441633329714],[-37.0350233035825,-10.9411530134008],[-37.0349888298705,-10.9402035676405],[-37.0342949156778,-10.9392368180247],[-37.034707140622,-10.9372912750723],[-37.0343538167752,-10.9370448689255],[-37.0336651753075,-10.9403466767577],[-37.0321080990095,-10.9402465183621]]]}},{"type":"Feature","properties":{"id":"881","municipality":"2800308","density":"Densa","type":"Área urbanizada","state":"SE"},"geometry":{"type":"Polygon","coordinates":[[[-37.1070610607193,-10.91972934923],[-37.1066098744461,-10.9209035031941],[-37.1060166177726,-10.9206509267988],[-37.1043173838402,-10.9213776140856],[-37.1002956597169,-10.9214510203483],[-37.0996788506984,-10.9288465376376],[-37.1057818560478,-10.9317326617329],[-37.105619404312,-10.9355824948362],[-37.1076106553074,-10.935159909702],[-37.1076974551733,-10.9364073287352],[-37.1089550185592,-10.9364993077968],[-37.1100956242137,-10.9297101619943],[-37.1150727224282,-10.9341032620558],[-37.1146081560415,-10.934462825399],[-37.1144902090559,-10.9359315792789],[-37.1132752537499,-10.9364929675763],[-37.1131684466665,-10.9373593339661],[-37.1151808047503,-10.9374031327483],[-37.115285339247,-10.9378043068232],[-37.1146991296611,-10.938187541222],[-37.1146673566131,-10.9393820909107],[-37.1159958270458,-10.9392458292316],[-37.1161729170465,-10.9384088886592],[-37.1184098340466,-10.9368720057384],[-37.1191025899125,-10.9372203419452],[-37.1176030378499,-10.9394583363331],[-37.1156838081612,-10.9401484886617],[-37.115006737371,-10.9417816601954],[-37.1133950227621,-10.9439028371462],[-37.116651904062,-10.9448982355651],[-37.1177471263288,-10.9448697666264],[-37.1178910619229,-10.9411750476902],[-37.1182366057347,-10.9405910729196],[-37.1193482559173,-10.9405309946097],[-37.1198112089201,-10.9439229360946],[-37.1201405226669,-10.9436796209178],[-37.1209221261552,-10.9424476000767],[-37.1209448106544,-10.9415943368092],[-37.1200176500945,-10.9396348732508],[-37.119985791611,-10.9386663492726],[-37.1202236029369,-10.9383879047779],[-37.1222095839051,-10.939520994798],[-37.1225170414283,-10.9364364020183],[-37.1250827892393,-10.9369773226453],[-37.1258874666332,-10.9360494570168],[-37.1267916108441,-10.9358950137439],[-37.1281534281381,-10.936582578723],[-37.1283649603746,-10.9376553952802],[-37.1326490302285,-10.9367583916864],[-37.1331413083247,-10.9362967705795],[-37.1340609388612,-10.9332964478727],[-37.1335385658521,-10.9326306527823],[-37.1335210290722,-10.9310291823508],[-37.1328156323355,-10.9304772441295],[-37.1335508802689,-10.9299033138868],[-37.1357835938378,-10.929427440324],[-37.1360469962718,-10.9285447989033],[-37.1354740768671,-10.9275219190013],[-37.1336658208209,-10.9278308972781],[-37.1328090870697,-10.9284609829879],[-37.13083399869,-10.9327977836907],[-37.1283219089289,-10.9324955062626],[-37.1278770188093,-10.9334327149478],[-37.1270249786198,-10.9338849983939],[-37.1249279133925,-10.9337713330805],[-37.1243361711773,-10.9334595111475],[-37.1242919443177,-10.9328654073127],[-37.1247130563624,-10.9305637921852],[-37.1246097980037,-10.9231491508126],[-37.1199155437673,-10.9214265354062],[-37.1165469118105,-10.9217542690442],[-37.113921388761,-10.9212118231671],[-37.1125139038935,-10.9199894313671],[-37.1125500971092,-10.9186266059331],[-37.1112436537716,-10.9181183666693],[-37.110760860825,-10.9182244309127],[-37.1103144130797,-10.9192208428676],[-37.108673564933,-10.920008375586],[-37.1070610607193,-10.91972934923]]]}},{"type":"Feature","properties":{"id":"882","municipality":"2800308","density":"Densa","type":"Área urbanizada","state":"SE"},"geometry":{"type":"Polygon","coordinates":[[[-37.0329481593301,-10.9156659532211],[-37.0323471316148,-10.9157094920993],[-37.0323125751652,-10.9147600589295],[-37.0332732804375,-10.9147259368525],[-37.0332907542648,-10.9140742782053],[-37.0300554396068,-10.9139302391892],[-37.0301471641603,-10.9127469831867],[-37.0315290291413,-10.9126646151798],[-37.0321649937195,-10.911317758108],[-37.0333023222443,-10.9114068233662],[-37.0340533973464,-10.9102408190585],[-37.0343392108858,-10.9085290791537],[-37.0349545108419,-10.9079523466235],[-37.0356722345859,-10.9080304140723],[-37.0365459844096,-10.9090018176797],[-37.0354999676493,-10.9099822666682],[-37.0359005202927,-10.9107041551726],[-37.0349600884373,-10.9122209130646],[-37.0359410203617,-10.9136694034202],[-37.0373733247191,-10.91394403389],[-37.0385475551255,-10.9104177228995],[-37.039577116091,-10.9033305525629],[-37.0391102627284,-10.9028440732953],[-37.0388517786866,-10.9012959281645],[-37.0388663477037,-10.8985099570688],[-37.0380855266257,-10.8985488320629],[-37.0376031248842,-10.8964020010515],[-37.0362213210571,-10.8964844508967],[-37.0352667167855,-10.8985344222257],[-37.0344275467938,-10.8985124778685],[-37.0341151546906,-10.8989785758006],[-37.0334621533556,-10.8987243626392],[-37.0308748362047,-10.9012651353776],[-37.029816159688,-10.9027195001048],[-37.0297590032753,-10.9048521883777],[-37.0284387112775,-10.9048769008483],[-37.027509832113,-10.9037262065991],[-37.0279484728437,-10.9030263020222],[-37.0272260096726,-10.9031259496028],[-37.0265400760636,-10.9018630559352],[-37.0252102773324,-10.9022432083573],[-37.0265440061009,-10.906190777982],[-37.0257520631072,-10.906644289902],[-37.0251224603333,-10.9077541576282],[-37.0239113784073,-10.9059439590464],[-37.0229491523815,-10.9060373077755],[-37.0229788920621,-10.907164445183],[-37.0236318826052,-10.9074186862234],[-37.0235353808531,-10.9087796446649],[-37.0240684926667,-10.9090307461719],[-37.0239231748146,-10.9099754507064],[-37.0232654106701,-10.9098989273935],[-37.0231200883214,-10.91084362923],[-37.0192334603559,-10.9103860208981],[-37.0192111877461,-10.9112153765883],[-37.0242367180501,-10.9117028523048],[-37.0235264712696,-10.9135812581685],[-37.0240579975785,-10.9138916061127],[-37.0238023248174,-10.9144777230685],[-37.0233148338125,-10.914761350356],[-37.0174564557508,-10.9140148438099],[-37.0173694553361,-10.9150203416155],[-37.0316591637394,-10.9167585629573],[-37.0312677122351,-10.9179339687776],[-37.0323435280313,-10.9180807264443],[-37.0329481593301,-10.9156659532211]]]}},{"type":"Feature","properties":{"id":"883","municipality":"2800308","density":"Densa","type":"Área urbanizada","state":"SE"},"geometry":{"type":"Polygon","coordinates":[[[-37.206193535803,-11.0169610613039],[-37.2068788866513,-11.0159454596152],[-37.2077755907708,-11.0160872431317],[-37.2079957520023,-11.01570743515],[-37.2088877526676,-11.016027014635],[-37.2098015376108,-11.0121910841511],[-37.2097870135598,-11.0104707961903],[-37.2102825993624,-11.0098905167339],[-37.2110483469036,-11.0104440512519],[-37.2157160738377,-11.0087259531402],[-37.2165433961608,-11.0092217565788],[-37.2180525287012,-11.0089048273958],[-37.2177275272036,-11.0098453797604],[-37.2208824469673,-11.0131294008012],[-37.2188308289795,-11.0089842042576],[-37.2187833636613,-11.0085085123579],[-37.2204787287103,-11.0079591318084],[-37.2203081498012,-11.0075988831819],[-37.2188637045962,-11.0077395731228],[-37.2186993903645,-11.007142252413],[-37.2170702882631,-11.0074560978206],[-37.216824632151,-11.0031202629897],[-37.2136336495732,-10.9966596098531],[-37.2124089860858,-10.9967215083909],[-37.216316668979,-10.994731487668],[-37.2170684077807,-10.9935409651434],[-37.2172574057047,-10.9918377553081],[-37.2166076806,-10.9918921930702],[-37.2153201589981,-10.9942787977283],[-37.2115300840461,-10.9959603563853],[-37.2111133139282,-10.9967946241725],[-37.2100085714384,-10.9975475204017],[-37.2094947060158,-11.001092702766],[-37.2095932069609,-11.0041792209942],[-37.2083021321376,-11.0053320448379],[-37.2082613820571,-11.0068729783052],[-37.2072623872493,-11.0083298620335],[-37.2058967793129,-11.0077608357939],[-37.2053980611715,-11.0084596369027],[-37.2061939800681,-11.0101407845695],[-37.2045664607735,-11.0103952756214],[-37.2042363367375,-11.0092599220078],[-37.2019438910976,-11.0074215035995],[-37.2008151232193,-11.0069771953412],[-37.200501069169,-11.0075028337887],[-37.1989429847309,-11.0074032599524],[-37.1977240760053,-11.005829804302],[-37.1975331319484,-11.0062400075702],[-37.1981063130558,-11.0072630223705],[-37.1977875456587,-11.0079664513906],[-37.1986226489161,-11.0081659560939],[-37.1973378135892,-11.0090816314121],[-37.1983481704317,-11.0094635878742],[-37.1976631963993,-11.0103947702024],[-37.1991914629156,-11.0116204022597],[-37.198880535808,-11.0120275037663],[-37.2000708676764,-11.0124141169179],[-37.1996921020088,-11.0131159964061],[-37.2000994571242,-11.0136009774032],[-37.2007071865874,-11.0133201595976],[-37.2013529267961,-11.0138706103404],[-37.2031907138803,-11.0172309451519],[-37.206193535803,-11.0169610613039]]]}},{"type":"Feature","properties":{"id":"884","municipality":"2800308","density":"Densa","type":"Área urbanizada","state":"SE"},"geometry":{"type":"Polygon","coordinates":[[[-37.1487732593784,-10.8107823208474],[-37.1455685774279,-10.8118912191044],[-37.1429464646076,-10.8116617256081],[-37.142654470927,-10.812357943864],[-37.1409483679728,-10.8126931769485],[-37.1403978201033,-10.8148984027391],[-37.1423789339406,-10.8145160928434],[-37.1426695165849,-10.8138739706072],[-37.1424157737689,-10.8131096547867],[-37.1441176337217,-10.8129366962715],[-37.1458331435846,-10.8143338587205],[-37.1489836323887,-10.8111124862522],[-37.1487732593784,-10.8107823208474]]]}},{"type":"Feature","properties":{"id":"885","municipality":"2800308","density":"Densa","type":"Área urbanizada","state":"SE"},"geometry":{"type":"Polygon","coordinates":[[[-37.1529503440831,-10.6774546520105],[-37.1513433769952,-10.6769989682277],[-37.1460296436531,-10.6784657166195],[-37.146292450736,-10.679895508271],[-37.1459622286739,-10.6810731138331],[-37.14625568735,-10.6813177240337],[-37.1473125166592,-10.6798620022296],[-37.1472051196205,-10.6816975212236],[-37.1476829024439,-10.6817689013137],[-37.1485829592361,-10.6794197363317],[-37.1499931303786,-10.6782101158042],[-37.1504709114034,-10.6782814878003],[-37.150517048423,-10.6788163389029],[-37.1511669201172,-10.6791885512107],[-37.1527231303681,-10.6792871735641],[-37.1529814120624,-10.6808947575869],[-37.1551988101769,-10.6821371853828],[-37.1556194230978,-10.6832147656489],[-37.1565811356108,-10.6831204627391],[-37.1572755947928,-10.6840867977675],[-37.1567285102125,-10.6820568012803],[-37.1559265217915,-10.682067794593],[-37.1540669603219,-10.6809204970832],[-37.1536035171885,-10.6800209960721],[-37.1545743955918,-10.6795711309029],[-37.1543821673031,-10.6777280117383],[-37.1551577354411,-10.6755535382652],[-37.1562083873072,-10.6743347833236],[-37.156168350389,-10.6735628844195],[-37.1551314653448,-10.6742482982203],[-37.1536769639207,-10.6771765123861],[-37.1529503440831,-10.6774546520105]]]}},{"type":"Feature","properties":{"id":"886","municipality":"2800308","density":"Densa","type":"Área urbanizada","state":"SE"},"geometry":{"type":"Polygon","coordinates":[[[-36.9446036358491,-10.683789330813],[-36.9455144988949,-10.6833388028434],[-36.9462898404038,-10.6834774648131],[-36.9471486722734,-10.6827292261728],[-36.9473503155645,-10.6819046647684],[-36.9481303902053,-10.6818656287957],[-36.9478827870609,-10.6799032667224],[-36.946407663283,-10.6790352177011],[-36.9435190966289,-10.6794937172612],[-36.9427248972362,-10.6800658101889],[-36.942587845053,-10.6807142249814],[-36.9431994469969,-10.6825082033909],[-36.9446036358491,-10.683789330813]]]}},{"type":"Feature","properties":{"id":"887","municipality":"2800308","density":"Densa","type":"Área urbanizada","state":"SE"},"geometry":{"type":"Polygon","coordinates":[[[-37.0837006912338,-10.9497751591962],[-37.084055688719,-10.9499622973221],[-37.085340149928,-10.9490471732884],[-37.0857566907187,-10.9491766244017],[-37.0859238989687,-10.949655311943],[-37.0881249546029,-10.9503649426879],[-37.0896427350241,-10.9519461073269],[-37.0903669977387,-10.9517871269743],[-37.0915282059619,-10.9532404089177],[-37.0920078863548,-10.9532529211853],[-37.0936127373379,-10.951575318646],[-37.0929895683139,-10.9501953629256],[-37.0898793646409,-10.9502115543197],[-37.0895969793171,-10.9495519861352],[-37.0899268416504,-10.9484340577855],[-37.0909162442892,-10.9473333253726],[-37.091945035435,-10.9470043992336],[-37.0920538803822,-10.9474222773162],[-37.0934820973209,-10.947429065399],[-37.0944525872171,-10.944837955807],[-37.0932709248133,-10.94190187707],[-37.0907588881121,-10.9438523213275],[-37.0895486569449,-10.9442358102344],[-37.0875225257439,-10.9441024057014],[-37.0837006912338,-10.9497751591962]]]}},{"type":"Feature","properties":{"id":"888","municipality":"2800308","density":"Densa","type":"Área urbanizada","state":"SE"},"geometry":{"type":"Polygon","coordinates":[[[-37.1616706409873,-10.7945443859146],[-37.1598484346575,-10.7955294268415],[-37.1595773493152,-10.7975254010764],[-37.1581812300797,-10.798572424178],[-37.1581671089249,-10.7991133825765],[-37.1603119632265,-10.8008462016908],[-37.1607592230596,-10.8025898441459],[-37.1603596156037,-10.8032285678441],[-37.1612894831231,-10.8043518759383],[-37.1609014337541,-10.8053854217997],[-37.1598424271862,-10.8062474372693],[-37.1593174776195,-10.8074790740999],[-37.1547689189504,-10.8076335677349],[-37.1542708150461,-10.8078373676004],[-37.1544250658641,-10.8082202296798],[-37.1625798393881,-10.8081192618944],[-37.1647820659396,-10.8067475691449],[-37.1653044191636,-10.8069531109973],[-37.165260189606,-10.8075835501407],[-37.1647000522656,-10.8077614747123],[-37.1646380907752,-10.8088890635794],[-37.167579499794,-10.8098010939453],[-37.1693442790152,-10.8114159732685],[-37.1698995995868,-10.8132165392118],[-37.1702812250984,-10.8132804081642],[-37.1702099043635,-10.8118169863648],[-37.168397455678,-10.8099302248999],[-37.1675967766699,-10.8070407472326],[-37.1677146822867,-10.8067189554154],[-37.1689717870183,-10.8068051437423],[-37.1688750523418,-10.8063154781767],[-37.1695344919232,-10.8062240252186],[-37.1712727798149,-10.8067555389369],[-37.1715926272979,-10.8070884931394],[-37.1716481325552,-10.8112581953094],[-37.1710250480675,-10.8120543093589],[-37.1711750909577,-10.8125994711886],[-37.1725907452666,-10.8129062407304],[-37.1740590629753,-10.8174909269646],[-37.1744940056938,-10.8176102876846],[-37.1734073090001,-10.8130894632081],[-37.1718627233859,-10.8121454988157],[-37.1723248310261,-10.8084063641624],[-37.1737867275754,-10.809039096577],[-37.1734713991857,-10.8064326373563],[-37.1769861008278,-10.806034972436],[-37.1773770640003,-10.8099425977726],[-37.1779959027887,-10.809308751098],[-37.1788268241986,-10.8068397307689],[-37.1791537322589,-10.806902191383],[-37.1791718050347,-10.8083101483946],[-37.1797680861282,-10.8085418713102],[-37.1808695326028,-10.8082992459134],[-37.1817676000946,-10.8074559543288],[-37.1817088797609,-10.8055056062987],[-37.1805092758824,-10.8053126657469],[-37.1791215617106,-10.8060352188502],[-37.1776413216896,-10.8061057940471],[-37.1765204129866,-10.80499456115],[-37.1752421427107,-10.80571987787],[-37.1717345097398,-10.8058470366114],[-37.1690815366835,-10.8046967452585],[-37.1690059612561,-10.8033956196121],[-37.1676143458254,-10.8021692159366],[-37.1676668320586,-10.7980564399527],[-37.1686686498383,-10.7974323689087],[-37.169072814159,-10.7966306673713],[-37.168751564633,-10.7963518172825],[-37.1672432037108,-10.797504313773],[-37.1669512873719,-10.7982006039746],[-37.1670685859464,-10.8021011696332],[-37.1653610692579,-10.8024906965883],[-37.1636729779256,-10.8042340215828],[-37.1626294657772,-10.8022586319303],[-37.1622594927813,-10.7996508372163],[-37.1664111761349,-10.7979161735925],[-37.1642076131907,-10.794233117964],[-37.1616706409873,-10.7945443859146]]]}},{"type":"Feature","properties":{"id":"889","municipality":"2800308","density":"Densa","type":"Área urbanizada","state":"SE"},"geometry":{"type":"Polygon","coordinates":[[[-37.0718166818943,-11.0189631023653],[-37.0721119616977,-11.01942696818],[-37.0741747016012,-11.0183136353659],[-37.0759020150659,-11.0210270707427],[-37.0767023883045,-11.0202773473217],[-37.0750981974238,-11.0174485720939],[-37.0765062362738,-11.0164183672138],[-37.0768517036432,-11.0169610523106],[-37.0772794742683,-11.016675844015],[-37.0788348904178,-11.0190883068798],[-37.0799950824071,-11.0183480200451],[-37.0780973689983,-11.0152743792092],[-37.0777094689168,-11.0140783933032],[-37.0780268585526,-11.0134345425701],[-37.0753007643188,-11.0099241387879],[-37.0689979152216,-11.014442309365],[-37.0717159146577,-11.0182489822047],[-37.0709771153016,-11.0189410177138],[-37.0712518635826,-11.0193140214249],[-37.0718166818943,-11.0189631023653]]]}},{"type":"Feature","properties":{"id":"890","municipality":"2800308","density":"Densa","type":"Área urbanizada","state":"SE"},"geometry":{"type":"Polygon","coordinates":[[[-37.1238639299763,-10.9422962666594],[-37.1226310403902,-10.9434362283992],[-37.1230902639045,-10.9442189911135],[-37.1267305549711,-10.9427124747009],[-37.1281728184208,-10.9426312973964],[-37.1304876149114,-10.9413275106561],[-37.1305002009235,-10.9408534636164],[-37.1273648153339,-10.9414244153045],[-37.1275335272504,-10.9395906104183],[-37.1249313892722,-10.9381593124023],[-37.1247357633447,-10.9387471947272],[-37.1264573508261,-10.9394441072597],[-37.1263832242064,-10.9399758476072],[-37.1256005649141,-10.940074138111],[-37.1248984740853,-10.9416569098385],[-37.1242467587808,-10.9413435203871],[-37.1237952640401,-10.9380112480207],[-37.1232619058123,-10.9377602283518],[-37.1238639299763,-10.9422962666594]]]}},{"type":"Feature","properties":{"id":"891","municipality":"2800308","density":"Densa","type":"Área urbanizada","state":"SE"},"geometry":{"type":"Polygon","coordinates":[[[-37.1142554230493,-11.0823022227693],[-37.1155176925874,-11.08447004036],[-37.1193226324335,-11.0836213600377],[-37.1191177920524,-11.0823114740952],[-37.1204491412149,-11.0818422636095],[-37.1210087533513,-11.0834284932303],[-37.1227676348185,-11.0827631585928],[-37.122431625619,-11.0818648905522],[-37.1209966493758,-11.0816493023734],[-37.120774236242,-11.080991203681],[-37.1142554230493,-11.0823022227693]]]}},{"type":"Feature","properties":{"id":"892","municipality":"2800308","density":"Densa","type":"Área urbanizada","state":"SE"},"geometry":{"type":"Polygon","coordinates":[[[-37.0323401043123,-10.6950646780924],[-37.0286481157179,-10.6941398503738],[-37.027629829553,-10.6941136756056],[-37.0250813694096,-10.6952930654226],[-37.0235792237021,-10.6954322741801],[-37.021505270152,-10.6968016628664],[-37.0222590207372,-10.6977695564199],[-37.0232928876566,-10.6972033450583],[-37.0237627321643,-10.6975711210104],[-37.0242481583258,-10.6973464829538],[-37.0242100702385,-10.6965155651412],[-37.0260949808986,-10.6954969750054],[-37.0303626003537,-10.6973258686938],[-37.0282006886109,-10.6997601311251],[-37.0268370052235,-10.699191522171],[-37.0265584564076,-10.700666400434],[-37.0270127300534,-10.701626593992],[-37.0277914368253,-10.701646624592],[-37.0278684745504,-10.7009965055842],[-37.0292967436498,-10.7013889328529],[-37.0302800758648,-10.7004657050282],[-37.0309351366472,-10.6983483852697],[-37.0321868211648,-10.6986176872564],[-37.0326963509558,-10.6997571498726],[-37.0321136478265,-10.7014020809413],[-37.0330059398722,-10.7016621486891],[-37.0343478677598,-10.7030601457091],[-37.0342949282683,-10.7050743986645],[-37.0348247062951,-10.7054437160546],[-37.0358570596555,-10.7049367079626],[-37.0368567217603,-10.7056737986069],[-37.0383675369322,-10.7029263113002],[-37.0349010335558,-10.6979760407616],[-37.0323401043123,-10.6950646780924]]]}},{"type":"Feature","properties":{"id":"893","municipality":"2800308","density":"Densa","type":"Área urbanizada","state":"SE"},"geometry":{"type":"Polygon","coordinates":[[[-37.1304638602189,-10.8521661914165],[-37.1298862490511,-10.8513211839255],[-37.1294712973624,-10.8511326221727],[-37.1287207636523,-10.8522992290261],[-37.128116630578,-10.8524615701453],[-37.1270010872303,-10.8515434216915],[-37.1283722637689,-10.8473094018074],[-37.1279807322249,-10.8462320041037],[-37.1263147875973,-10.8457147833106],[-37.126211158718,-10.8473723948201],[-37.1270597347189,-10.8470384531621],[-37.1271546608589,-10.8479896283187],[-37.1263838357454,-10.8499265521686],[-37.1266080070539,-10.8505252776194],[-37.1263604245939,-10.8508153854216],[-37.125476866764,-10.8501996870659],[-37.1252783018521,-10.8509061216202],[-37.1264272433225,-10.8528331583236],[-37.1262854966783,-10.8536596478744],[-37.1251153114225,-10.854815431387],[-37.1237365742834,-10.854779924354],[-37.1232982150405,-10.8554801769686],[-37.1241802107481,-10.8561551442444],[-37.1252164617703,-10.8555295821245],[-37.1258112311034,-10.8557227852783],[-37.1277400736455,-10.859923159726],[-37.1281060005914,-10.8596954001226],[-37.1275721261526,-10.8571912252947],[-37.1299000293628,-10.8553536783295],[-37.1304326537439,-10.8533513126129],[-37.1304638602189,-10.8521661914165]]]}},{"type":"Feature","properties":{"id":"894","municipality":"2800308","density":"Densa","type":"Área urbanizada","state":"SE"},"geometry":{"type":"Polygon","coordinates":[[[-37.0740506958829,-10.872921874245],[-37.0739955881258,-10.8749955490054],[-37.0717053512209,-10.8799163019957],[-37.0720934302676,-10.8811121557014],[-37.0694323129508,-10.8819323140251],[-37.0685662874042,-10.880664750178],[-37.0667222797094,-10.8800832161675],[-37.0653073466567,-10.8814100363441],[-37.0653941042544,-10.8826573321701],[-37.0644965529735,-10.8825746970646],[-37.0636747237095,-10.8819011552141],[-37.0627014567068,-10.8824094178603],[-37.0623638727944,-10.8838235262347],[-37.0629869338998,-10.8852033479561],[-37.0612312477239,-10.8858098075765],[-37.0609504272204,-10.8873439601556],[-37.0616665771508,-10.8874811796127],[-37.063125719976,-10.8867484308953],[-37.0647268099942,-10.8874422641491],[-37.0649476412206,-10.8881594617897],[-37.064034287952,-10.8886692766657],[-37.0637613607981,-10.8899072078513],[-37.0630294097794,-10.890362450067],[-37.0609992442197,-10.8900131479883],[-37.0592293082859,-10.8911527841736],[-37.0588191886546,-10.8907863787883],[-37.0589659328315,-10.8897823270927],[-37.0584359299742,-10.8894128001605],[-37.057107720345,-10.8897339147883],[-37.0566044768151,-10.8906100990768],[-37.0520599570014,-10.8900766383261],[-37.0485523411176,-10.8821594962637],[-37.0506613943078,-10.8795466122863],[-37.0518728179761,-10.8791038859355],[-37.0529817351189,-10.8780063371227],[-37.053065363076,-10.8771192260714],[-37.0547200320038,-10.8757987281288],[-37.0550828230138,-10.8756895998951],[-37.0559030308002,-10.8764223845853],[-37.0578400319918,-10.8757613585998],[-37.0600972314021,-10.8765908150141],[-37.0614395738772,-10.8757364293926],[-37.0608259736397,-10.8740011470353],[-37.0612739367427,-10.8729456298369],[-37.05999785092,-10.8713117001748],[-37.0592170676135,-10.8713506821882],[-37.0582217672207,-10.8704354970005],[-37.0580324779165,-10.8685334029941],[-37.058420486816,-10.8674763335659],[-37.057570319015,-10.8678692329786],[-37.0571901908746,-10.8686300720202],[-37.0553889000776,-10.868701792054],[-37.0547469262296,-10.8702858174365],[-37.0528478188717,-10.8717778313818],[-37.0522042379352,-10.8734210807182],[-37.0502230476555,-10.8757409161103],[-37.0496314709156,-10.877681927379],[-37.0490241839189,-10.8779625320452],[-37.0490556808749,-10.8790304895654],[-37.0481265696854,-10.8801326977658],[-37.0476421840395,-10.8825507661049],[-37.0464891056876,-10.8830542677402],[-37.0470867654418,-10.8853819730995],[-37.0479827024397,-10.8855239068028],[-37.0482980623057,-10.8871921186213],[-37.0472727488382,-10.8874025186113],[-37.0489032772644,-10.8937292977689],[-37.0483649709666,-10.8981616550363],[-37.0485712628535,-10.9016648786312],[-37.0480552876214,-10.9030149678665],[-37.0477935003697,-10.915043054893],[-37.0464204181677,-10.9192756871232],[-37.0426457935685,-10.9258168097979],[-37.0434767005892,-10.9283878150456],[-37.0472075713723,-10.9312934904022],[-37.0500095971651,-10.9353983919222],[-37.051269598613,-10.9496804318064],[-37.0518626349526,-10.9521742356524],[-37.0530305098501,-10.9546644961695],[-37.0546445168309,-10.9548846645956],[-37.0560373211654,-10.9566404820726],[-37.0567318154209,-10.9553543778022],[-37.056759137724,-10.9528339288427],[-37.0595907521115,-10.9524907088791],[-37.061456026974,-10.9536995236141],[-37.0625030311899,-10.9571656142017],[-37.0675096280668,-10.956170224776],[-37.0695922537794,-10.9568176089455],[-37.0735221328401,-10.9601813090201],[-37.0736087141708,-10.9614286426177],[-37.0746689294275,-10.962167850266],[-37.0748361071006,-10.9626465369081],[-37.073720318238,-10.9639809914295],[-37.0736917341861,-10.9650474461827],[-37.075697027196,-10.9663449961246],[-37.0778952877373,-10.9649202712534],[-37.0814100622246,-10.9703482940385],[-37.0812000138695,-10.9714693106601],[-37.0829560247007,-10.9731160826411],[-37.084387197711,-10.9734499694405],[-37.0865049500434,-10.9727938618472],[-37.0871883430675,-10.9719223657245],[-37.0889367941977,-10.9716123217512],[-37.090822615871,-10.9706536498461],[-37.0909428219536,-10.9684037187566],[-37.0904253493504,-10.9675601232011],[-37.0906305980236,-10.9666168243069],[-37.0901857672593,-10.9653007977935],[-37.0887419201035,-10.9654409589331],[-37.0876295927315,-10.9644039551784],[-37.0859332276363,-10.9650118330296],[-37.0845763170433,-10.9641463057074],[-37.0839957363141,-10.9634196489976],[-37.0844915667324,-10.9605866631439],[-37.0835686653616,-10.9591988734292],[-37.0829170318955,-10.9588853967436],[-37.081110310992,-10.9591346375535],[-37.0805347943452,-10.9559772320636],[-37.0807289390892,-10.9554486951012],[-37.0813900720941,-10.9554066769765],[-37.0806959285742,-10.9544399039783],[-37.0798644351955,-10.9541217319323],[-37.0811977880474,-10.9536229544357],[-37.0805156576714,-10.9512843169176],[-37.0778306516632,-10.952031463781],[-37.0753114338755,-10.9475189418457],[-37.0746392302162,-10.9479756922244],[-37.0750982729669,-10.9487584450462],[-37.0744907791261,-10.9490390164374],[-37.0737557398354,-10.9473597150787],[-37.0737715939838,-10.9467672399161],[-37.077218118921,-10.9431433246047],[-37.0785860192294,-10.9435940648142],[-37.0797849126436,-10.9458783733882],[-37.080752141598,-10.9456071738319],[-37.0828504200109,-10.9479149673019],[-37.0870571059007,-10.9435566521178],[-37.0874564327681,-10.9403115834128],[-37.087091896174,-10.9403020802767],[-37.0854562200285,-10.9379628725885],[-37.0857355836302,-10.9364878918027],[-37.0847289895512,-10.9359873291519],[-37.0853144491025,-10.9342831669346],[-37.0840065056956,-10.9338340428068],[-37.0834749542057,-10.9312707069775],[-37.0827224275979,-10.9302431622921],[-37.0816369305998,-10.930452028938],[-37.0814334859666,-10.9290830566377],[-37.0838442850857,-10.9286715610436],[-37.0840572292577,-10.9296850439296],[-37.0860373016801,-10.9296773412363],[-37.0863324259007,-10.9276098583082],[-37.0858402404347,-10.9258183242562],[-37.085136597376,-10.9252070937324],[-37.0832717236111,-10.9253956833641],[-37.0833538002377,-10.9245677575959],[-37.0819733022261,-10.9245910869091],[-37.084231134759,-10.9209146107207],[-37.085390761974,-10.920174025311],[-37.0867160326188,-10.919971357692],[-37.0885004089666,-10.9205514096198],[-37.0868011471552,-10.9235310110473],[-37.0876341783746,-10.9237898602139],[-37.0893870766522,-10.921048809355],[-37.0934323612145,-10.9223398679904],[-37.092465188018,-10.9248642415914],[-37.0935285868748,-10.9254848223666],[-37.0945525576544,-10.9230805010642],[-37.0965957435986,-10.9229557552039],[-37.0964947623234,-10.9222416260502],[-37.0940445243353,-10.9218814556646],[-37.0941312972216,-10.9208757546123],[-37.0861354536882,-10.9192447612367],[-37.0868312393702,-10.9178991839001],[-37.0880823456237,-10.9182281900789],[-37.090188575842,-10.9157334653271],[-37.0909648013844,-10.9158722316182],[-37.0933707522584,-10.9133852491299],[-37.0942116597403,-10.9133478103531],[-37.0963605546958,-10.9160124871865],[-37.1005807313156,-10.910726505124],[-37.1004977481725,-10.9101589933428],[-37.1000039601146,-10.9103321227292],[-37.0977207972769,-10.9122650580859],[-37.0962951721844,-10.911729976757],[-37.0943489376533,-10.9118217156995],[-37.0930728896021,-10.9110770617569],[-37.0928172770956,-10.9098608761785],[-37.0934173955963,-10.9089515212957],[-37.0947274730943,-10.9084163518331],[-37.0961511880269,-10.9090225281671],[-37.0968440302278,-10.9073329133832],[-37.0972037401604,-10.9073422519433],[-37.0980122378744,-10.9094266061529],[-37.100306726774,-10.9088526300448],[-37.1008835222567,-10.9083626650049],[-37.1009623649211,-10.9076532024333],[-37.10487029243,-10.9073395377894],[-37.1050137972489,-10.906453864754],[-37.1067650083984,-10.9060249304062],[-37.1074466954086,-10.907465644324],[-37.1124291230056,-10.9073576141625],[-37.1125396002223,-10.9077162413115],[-37.1140984050173,-10.9077566289652],[-37.1145030756564,-10.9063030943123],[-37.1134200248143,-10.906106985449],[-37.1134320937161,-10.9056519186011],[-37.1117810940222,-10.9049260802743],[-37.1119196777509,-10.9039655072024],[-37.1156299306767,-10.9041208947634],[-37.1161558910815,-10.9023853264216],[-37.1178165333063,-10.9031102006752],[-37.118095745822,-10.9027616603223],[-37.1178385154351,-10.9022806444361],[-37.1172697410057,-10.9022362745844],[-37.1168454633474,-10.9012671345706],[-37.1174257931658,-10.9006299127402],[-37.1191815620794,-10.9004763948697],[-37.1191789972129,-10.8998475763046],[-37.1183517756139,-10.8996458646649],[-37.1191290659536,-10.8960978422416],[-37.1187143606792,-10.8960620249425],[-37.1182197812179,-10.8973394858286],[-37.116903180937,-10.8977109525983],[-37.1169991637803,-10.8988417979106],[-37.117819109864,-10.8986952713696],[-37.1177516076505,-10.8997940342673],[-37.1166704777603,-10.9006276734283],[-37.1161447592732,-10.901673504029],[-37.1142121233907,-10.9021571171572],[-37.1106015459246,-10.9016180518316],[-37.1094561648701,-10.9018255542059],[-37.1078677462994,-10.9051641191288],[-37.1035953919138,-10.9056462699593],[-37.1033901963005,-10.9043365063247],[-37.1056430223076,-10.9030904758448],[-37.105303753965,-10.9023108706501],[-37.1040099802763,-10.9013286428026],[-37.102272966724,-10.9012243106534],[-37.1022902687809,-10.9005725413896],[-37.104825514286,-10.8999860467186],[-37.1052213805622,-10.8986325679386],[-37.1040805275942,-10.8964091641516],[-37.1059374243726,-10.8965165719821],[-37.1071461051086,-10.8984452697334],[-37.1074474328527,-10.8983937844455],[-37.1073495308561,-10.8975611408339],[-37.1082597976515,-10.8971696668466],[-37.1123901688712,-10.8975138023201],[-37.1128776355944,-10.8972299520007],[-37.1127288931238,-10.8937870486333],[-37.1099206197408,-10.8933585963221],[-37.1091111489603,-10.8922110622907],[-37.1077055931386,-10.8931826583529],[-37.1078760200622,-10.8935428314365],[-37.1094868317518,-10.8938810080021],[-37.1094381433556,-10.8957178481002],[-37.1099525717537,-10.896679867282],[-37.1090517316521,-10.8967158311706],[-37.1065762146206,-10.8950507921603],[-37.1043028166217,-10.894814015954],[-37.104081875678,-10.8940967769447],[-37.1028985962931,-10.8934731897359],[-37.101606641933,-10.8946848526238],[-37.1016789510227,-10.8919592710035],[-37.1042235341887,-10.8910172185697],[-37.103760966995,-10.888099889798],[-37.1025729922497,-10.8876540751754],[-37.0999226973746,-10.8880597593504],[-37.0985596093385,-10.88743151815],[-37.09658447959,-10.8872617468321],[-37.0936232836875,-10.8858212793285],[-37.0932352981705,-10.8868784647693],[-37.0926248185805,-10.8872776738256],[-37.0908879363292,-10.8871733371797],[-37.0897758553714,-10.8883896000999],[-37.0897553975935,-10.8891598514459],[-37.0874569588715,-10.889870984958],[-37.0855954665575,-10.8899412453921],[-37.0852499614165,-10.8893986619187],[-37.0893812454481,-10.8851776552245],[-37.0882012063205,-10.8844355571552],[-37.0864659320571,-10.8842719578845],[-37.0871772508294,-10.8823338253457],[-37.0881395200228,-10.8822402023234],[-37.0890860627715,-10.8827390760475],[-37.0892185374056,-10.8822681847289],[-37.0884107582498,-10.8810614222468],[-37.0909614738929,-10.8798824452187],[-37.0919551770897,-10.8786037954288],[-37.0935736977679,-10.8786457344131],[-37.0938815132212,-10.8806103268051],[-37.0955346173287,-10.8793487416511],[-37.0963060575784,-10.8796651843008],[-37.0967981926824,-10.8792035973681],[-37.0966340628117,-10.8786064277444],[-37.0962853839633,-10.8781823551315],[-37.0950280993672,-10.8780904983777],[-37.09582623869,-10.8773996706582],[-37.0957157731643,-10.8770410596971],[-37.0941367740928,-10.8777709512684],[-37.0906583933701,-10.8777401126161],[-37.0903128720414,-10.8771975390352],[-37.0910699240377,-10.8757941739619],[-37.0925748207713,-10.8755959993558],[-37.0911029219622,-10.8745499169451],[-37.0886658680353,-10.8759690354426],[-37.0869581570932,-10.8782022427393],[-37.0867412792866,-10.8779079063248],[-37.0848877171943,-10.8783151849978],[-37.0841364892076,-10.8769676012738],[-37.0832268843132,-10.8772475719178],[-37.083405111057,-10.8777644608612],[-37.0828347358343,-10.8782809019421],[-37.0819925540131,-10.8779855591862],[-37.0812564706096,-10.8748875512194],[-37.0781915316139,-10.8751044730929],[-37.0790826527421,-10.8731710467064],[-37.0807089588513,-10.8729167885789],[-37.0814675873592,-10.871454222934],[-37.0811788860967,-10.8710317079469],[-37.0793664715853,-10.871518305925],[-37.0782511782492,-10.8706000333648],[-37.0767556353642,-10.8681896686183],[-37.0759874182847,-10.8677547160073],[-37.0750536926737,-10.8690348460813],[-37.0754543964032,-10.8697567112032],[-37.0740506958829,-10.872921874245]],[[-37.07175216543,-10.8990701528652],[-37.0716709098845,-10.9012068512152],[-37.0687378285879,-10.9017793290528],[-37.0685351519756,-10.9011732642347],[-37.0695953402527,-10.9006241166097],[-37.0688242291548,-10.8994505274199],[-37.0763023356842,-10.8934689692175],[-37.0773657075613,-10.894626115203],[-37.0778702353231,-10.8966819474139],[-37.07175216543,-10.8990701528652]]]}},{"type":"Feature","properties":{"id":"895","municipality":"2800308","density":"Densa","type":"Área urbanizada","state":"SE"},"geometry":{"type":"Polygon","coordinates":[[[-37.1044931185625,-10.6132816334406],[-37.1070038629379,-10.6112105532244],[-37.1080740543741,-10.6092216422649],[-37.1077269187622,-10.608738538153],[-37.1042627212475,-10.6129200592133],[-37.1044931185625,-10.6132816334406]]]}},{"type":"Feature","properties":{"id":"896","municipality":"2800308","density":"Densa","type":"Área urbanizada","state":"SE"},"geometry":{"type":"Polygon","coordinates":[[[-37.0639973878691,-10.8298170421227],[-37.0632609420388,-10.8304501288703],[-37.0633569851367,-10.8290890121481],[-37.0625920128111,-10.8285356170251],[-37.0607579723025,-10.829851709189],[-37.0587299840015,-10.8316963320201],[-37.0567762464266,-10.8352621511273],[-37.0550066153629,-10.8341491060963],[-37.055377206193,-10.8337437151003],[-37.0563881709773,-10.8340663621729],[-37.0566624767918,-10.8327691782549],[-37.0521075913922,-10.8303981930221],[-37.0491949426924,-10.8339390325602],[-37.0498907535554,-10.8393520600495],[-37.0514742708209,-10.8406974539243],[-37.0517298536497,-10.8423640874327],[-37.0515374643824,-10.8428333761593],[-37.0504823060136,-10.8419166927011],[-37.0496432628263,-10.8418949030273],[-37.0491527878708,-10.8422971607853],[-37.0492553285705,-10.8429519616636],[-37.0503782868284,-10.8435739840521],[-37.0510218839527,-10.8464364047163],[-37.0523877401021,-10.8469461692303],[-37.0549112296695,-10.8467745587988],[-37.0549885893519,-10.8483772918785],[-37.0538561504409,-10.8481107391193],[-37.0518042428715,-10.8485910112662],[-37.0513389543292,-10.8480453521113],[-37.0495804182017,-10.8487703702563],[-37.0498975209538,-10.8526321616449],[-37.0526702378411,-10.8521113687446],[-37.0527822277176,-10.8524107080877],[-37.0519826009162,-10.8531606428493],[-37.0528437971035,-10.854605883055],[-37.0516545642067,-10.8542192591115],[-37.0505095087068,-10.8544266346814],[-37.0525000321507,-10.8585098103794],[-37.0525284363382,-10.8596962643711],[-37.0531346099742,-10.8603448761151],[-37.0542634183221,-10.8598599445807],[-37.0552113586173,-10.8602995907535],[-37.0557728476388,-10.8594841790516],[-37.0575346294196,-10.8586406680324],[-37.0590898189399,-10.858799645687],[-37.0589904240688,-10.8580263384448],[-37.0582759163004,-10.857829915718],[-37.0580156156281,-10.8563409900446],[-37.0584540648032,-10.8556409406768],[-37.0695877220957,-10.851957618849],[-37.0699947012944,-10.8524424757396],[-37.0708369586587,-10.8523457365665],[-37.0710372026048,-10.8515801805808],[-37.0743496727991,-10.8533261154079],[-37.0721149006821,-10.8561733240396],[-37.0743341738829,-10.8561715721603],[-37.0766338239918,-10.8554011292587],[-37.0765599653701,-10.8581857990354],[-37.0751436455628,-10.8595720167351],[-37.075008046684,-10.860161390136],[-37.0754150411712,-10.8606462542212],[-37.0778788382377,-10.8604729701514],[-37.0792953846742,-10.8613397358401],[-37.083235721951,-10.8620347337159],[-37.0844740551335,-10.8628375827882],[-37.0884432714398,-10.8669721385533],[-37.0901784602677,-10.867135656885],[-37.0907414952238,-10.8662608710423],[-37.0916312134098,-10.8666396519983],[-37.0918251701954,-10.8661110529827],[-37.0917256916873,-10.8653376935796],[-37.0911909206244,-10.8651459779045],[-37.0904462091252,-10.8638222981605],[-37.0907616148566,-10.8632375526709],[-37.0899870818383,-10.8630396316737],[-37.0894127819743,-10.8620761133219],[-37.086436135719,-10.8612282711678],[-37.0853302376003,-10.8599545388709],[-37.0852907096984,-10.8591827433888],[-37.0875728536043,-10.856810914592],[-37.0884430717903,-10.8533945789966],[-37.0894730239609,-10.8530061860866],[-37.0910204811103,-10.8534612439412],[-37.0918423931119,-10.8541346985575],[-37.0918220072798,-10.8549049561987],[-37.0904923416482,-10.8552856023486],[-37.0898524713144,-10.8590636623581],[-37.0887214434398,-10.8587379387049],[-37.0882183752777,-10.8596142776767],[-37.0889125520726,-10.8605808959915],[-37.0935945827238,-10.8627179549696],[-37.0940634532657,-10.8653981990676],[-37.0937828755792,-10.866932514424],[-37.0917623687383,-10.8684810723436],[-37.0922230716374,-10.869204494192],[-37.0914911898665,-10.8696598713059],[-37.0918115877345,-10.871150446336],[-37.0929081140182,-10.8727797067181],[-37.0948103483189,-10.8711688032976],[-37.0960092300419,-10.8711998371028],[-37.0966981278163,-10.8678380372955],[-37.0976556593811,-10.8679221032225],[-37.0982077037225,-10.8674620487345],[-37.0986034449929,-10.8661085699545],[-37.0976616038998,-10.8654319982881],[-37.0968713597254,-10.8658265992181],[-37.0958033662323,-10.8653839268267],[-37.0967354550771,-10.8641629136875],[-37.0966657603166,-10.8622637748533],[-37.0960487372594,-10.8606469422025],[-37.0951147580396,-10.8596741230623],[-37.0958039112215,-10.8585654037703],[-37.0945435698298,-10.8585921046418],[-37.095115971225,-10.8573617853181],[-37.0944374417345,-10.8558026639618],[-37.0933867296138,-10.8547082528835],[-37.0938866348603,-10.853950390598],[-37.0957890607165,-10.8545924831565],[-37.096038227782,-10.854243172984],[-37.0962525272323,-10.8529442956427],[-37.0944888352915,-10.8515942963397],[-37.0951644608711,-10.8514105315707],[-37.0971283895635,-10.8519949038417],[-37.0979311154286,-10.8511262648652],[-37.0978237660539,-10.8506491574326],[-37.0968459224014,-10.8513353968111],[-37.0954751298733,-10.8510035190971],[-37.0958708063925,-10.8496500367198],[-37.0976090664053,-10.8496949416682],[-37.0974480409943,-10.848979280969],[-37.0963691234363,-10.8489514109788],[-37.0965849661233,-10.8475932782072],[-37.097518579319,-10.8460151847529],[-37.0979162514338,-10.8469356012969],[-37.0983478162986,-10.8469467447964],[-37.0984107994188,-10.8463791691633],[-37.0977166666908,-10.8433534963667],[-37.0949621682694,-10.840910718255],[-37.0958169450959,-10.8403398717876],[-37.0962282185574,-10.8383938656843],[-37.0937394733979,-10.8395154479795],[-37.0935232053316,-10.8386204948399],[-37.0940105308613,-10.8383366202388],[-37.0925183622326,-10.8380609303676],[-37.09255123695,-10.8368166652568],[-37.0918919322668,-10.8367996428892],[-37.0904357886807,-10.8351611896371],[-37.0901866512929,-10.835510500709],[-37.0910293331371,-10.8376667323338],[-37.0905326132894,-10.8383061026445],[-37.0902948541242,-10.8404937224073],[-37.0909786302595,-10.8410308263116],[-37.0914242146557,-10.8408786484308],[-37.0922331557355,-10.8397730129142],[-37.093114994961,-10.8404479891833],[-37.0922461140669,-10.8415520787654],[-37.0911042169859,-10.8416411566141],[-37.0916863643342,-10.8423083969149],[-37.0914908858956,-10.8428962567568],[-37.0895019722382,-10.8432599012234],[-37.089667683117,-10.8437978001283],[-37.0917796114398,-10.8433187528581],[-37.0924134491213,-10.8420307240386],[-37.0943533955927,-10.841250744726],[-37.0952227270471,-10.8423997311626],[-37.0964074066764,-10.8429639442306],[-37.0974346428944,-10.8449470932337],[-37.0959949685929,-10.8472222889774],[-37.0957129178169,-10.8488158759519],[-37.0934826027399,-10.8492325804192],[-37.0933219271652,-10.8516944196617],[-37.0913025759531,-10.8518676821478],[-37.0912140520868,-10.8506795743029],[-37.090414094335,-10.8491766192056],[-37.0906142888184,-10.8484110128579],[-37.0885289768308,-10.8478827753697],[-37.0890414051367,-10.8466509200039],[-37.0870409261977,-10.8464523272131],[-37.0865709548856,-10.847733362005],[-37.0840679006131,-10.8471535528941],[-37.0853343762804,-10.841701394104],[-37.0808714951233,-10.8410414383117],[-37.0802255273861,-10.8418596963679],[-37.0792675155833,-10.8419801218851],[-37.0792414109623,-10.8407702918155],[-37.078643041643,-10.8406901577246],[-37.0769491586767,-10.8412392181154],[-37.0752725390964,-10.8411365353228],[-37.0772959030834,-10.8394695196026],[-37.0781349957334,-10.8394912301361],[-37.0808728593949,-10.8380205229287],[-37.0801787221703,-10.8370539405868],[-37.0804357070422,-10.8364084027256],[-37.0817495769813,-10.8366202416308],[-37.082017529985,-10.8355599553277],[-37.0844353069438,-10.8348516753645],[-37.0852379626618,-10.8339830633676],[-37.0854917999066,-10.8334560102866],[-37.0851384553754,-10.8332097210517],[-37.0837615177798,-10.8331148560657],[-37.0837756173508,-10.8325816111524],[-37.0850655698201,-10.8314291362456],[-37.0838492313569,-10.8297968874164],[-37.0804220301525,-10.8301233673994],[-37.0793118827372,-10.8312804612243],[-37.0786608212399,-10.8332201747712],[-37.0775710335763,-10.8336070190487],[-37.0750522447652,-10.8336011608648],[-37.0747259131703,-10.8346006269173],[-37.0741203007113,-10.8348221128502],[-37.0698836808871,-10.8348775317726],[-37.0685258107176,-10.8331951106658],[-37.0685603392882,-10.831891671963],[-37.0679230554047,-10.8310451464163],[-37.0682584953332,-10.8274372732116],[-37.0678405444056,-10.8273671701587],[-37.0674527135718,-10.8284243124321],[-37.0652590863377,-10.8297311388809],[-37.0654639941679,-10.8287878453827],[-37.06675707358,-10.8275169918157],[-37.0667931597765,-10.8261543120718],[-37.0632603889558,-10.8259442933944],[-37.0628929592426,-10.8262312148986],[-37.0642007290803,-10.8289329986589],[-37.0639973878691,-10.8298170421227]],[[-37.073881212348,-10.8413337566475],[-37.0745076414145,-10.8415421916188],[-37.073744808576,-10.845285908318],[-37.0703902204323,-10.8445160607676],[-37.069505787562,-10.8452994620005],[-37.067585177414,-10.843542199313],[-37.0679508345633,-10.8375670083107],[-37.0707198624316,-10.8382057293109],[-37.0710746153012,-10.8372663028975],[-37.0699137569143,-10.8369398058274],[-37.0699964522744,-10.8360822698808],[-37.0696136306645,-10.8360115121216],[-37.0699337740244,-10.8352767138492],[-37.071502572086,-10.8350210024173],[-37.073881212348,-10.8413337566475]]]}},{"type":"Feature","properties":{"id":"897","municipality":"2800308","density":"Densa","type":"Área urbanizada","state":"SE"},"geometry":{"type":"Polygon","coordinates":[[[-37.132260066249,-11.0667495505513],[-37.133438205109,-11.0675868661409],[-37.1332220503573,-11.068482521651],[-37.1316068958415,-11.0678235020529],[-37.1307315928886,-11.0682274990998],[-37.131564872321,-11.0693878448731],[-37.1284755922747,-11.0699709751803],[-37.1274628270478,-11.0694035110631],[-37.1260701657055,-11.0699455045813],[-37.1270364018084,-11.0713717286224],[-37.1285536534283,-11.07075926243],[-37.1295872721349,-11.0725059778686],[-37.1277589072477,-11.0735253612064],[-37.1289172781098,-11.0750974651758],[-37.1313928086312,-11.0745694273372],[-37.1320335908775,-11.0752977981548],[-37.1304042891266,-11.0756108476625],[-37.1311411531416,-11.0772311975617],[-37.1374009480953,-11.076624463648],[-37.1388800522726,-11.0774341026017],[-37.1395629039049,-11.078484874977],[-37.1408920119567,-11.0774255113782],[-37.1408765723959,-11.0757647504428],[-37.1431436913282,-11.0755209001694],[-37.14266884659,-11.0738548368312],[-37.141472193387,-11.073704902759],[-37.1416033100447,-11.073293247985],[-37.1463728753079,-11.072291429306],[-37.1457006527629,-11.0704948662451],[-37.1435202932269,-11.0712086869313],[-37.1432394142675,-11.0704897500019],[-37.1447094047152,-11.0694015460444],[-37.143279560903,-11.0667549833557],[-37.1415759859429,-11.0675998766329],[-37.141118319155,-11.0667577199927],[-37.1423403746086,-11.0659595240128],[-37.1415211749622,-11.0651672060017],[-37.1391481869392,-11.0663503567835],[-37.1386889391432,-11.0655674591708],[-37.139197471586,-11.0645134051695],[-37.1387095578998,-11.0635071501348],[-37.1367787404465,-11.0620307376284],[-37.1365749423796,-11.0629148683265],[-37.1342024031184,-11.0618446903801],[-37.1337761235692,-11.0620707160906],[-37.1337523661787,-11.0627125118729],[-37.1350180360535,-11.0647617763349],[-37.1339223290522,-11.0653260505567],[-37.1324119437562,-11.0634482670238],[-37.1303957347753,-11.0647592744209],[-37.1296870177416,-11.0643256222297],[-37.1290791785612,-11.0646061747351],[-37.129646007757,-11.0660197668987],[-37.132260066249,-11.0667495505513]]]}},{"type":"Feature","properties":{"id":"898","municipality":"2800308","density":"Densa","type":"Vazio intraurbano","state":"SE"},"geometry":{"type":"Polygon","coordinates":[[[-37.0707198624316,-10.8382057293109],[-37.0679508345633,-10.8375670083107],[-37.067585177414,-10.843542199313],[-37.069505787562,-10.8452994620005],[-37.0703902204323,-10.8445160607676],[-37.073744808576,-10.845285908318],[-37.0745076414145,-10.8415421916188],[-37.073881212348,-10.8413337566475],[-37.0712268228596,-10.8349834683124],[-37.0699337740244,-10.8352767138492],[-37.0696136306645,-10.8360115121216],[-37.0699964522744,-10.8360822698808],[-37.0699137569143,-10.8369398058274],[-37.0710746153012,-10.8372663028975],[-37.0707198624316,-10.8382057293109]]]}},{"type":"Feature","properties":{"id":"899","municipality":"2800308","density":"Densa","type":"Área urbanizada","state":"SE"},"geometry":{"type":"Polygon","coordinates":[[[-37.0390038666351,-10.6969550368455],[-37.040688882286,-10.6967018776895],[-37.0415749699089,-10.6971988916155],[-37.0433603040347,-10.6954069097011],[-37.0423069497059,-10.6944313386353],[-37.0386802339056,-10.695583210097],[-37.0384896459804,-10.6959933000507],[-37.0390038666351,-10.6969550368455]]]}},{"type":"Feature","properties":{"id":"7330","municipality":"2800308","density":"Pouco densa","type":"Área urbanizada","state":"SE"},"geometry":{"type":"Polygon","coordinates":[[[-37.1041222273589,-11.0657895440522],[-37.1038446606025,-11.0649521367317],[-37.1095160264434,-11.063166629936],[-37.109236339985,-11.0625180676546],[-37.1099089339501,-11.0620613838258],[-37.1108643251284,-11.062589534979],[-37.1129413030986,-11.0615149377641],[-37.1133304325534,-11.0611504632233],[-37.1123248816879,-11.0592787006515],[-37.1039548077681,-11.0623708369445],[-37.1034212417968,-11.062865187978],[-37.1041529535959,-11.0640446902103],[-37.1023294738261,-11.0648861381847],[-37.1048193737151,-11.0682720551112],[-37.1072899516699,-11.0679219643271],[-37.1097228965943,-11.0667407407925],[-37.1086840267464,-11.0652551147317],[-37.1041222273589,-11.0657895440522]]]}},{"type":"Feature","properties":{"id":"7331","municipality":"2800308","density":"Pouco densa","type":"Área urbanizada","state":"SE"},"geometry":{"type":"Polygon","coordinates":[[[-37.116835878373,-11.0678475391326],[-37.1176724529214,-11.0691099048981],[-37.1191960519562,-11.0682604772392],[-37.1209998707473,-11.0703831758429],[-37.1250732591235,-11.0684740032726],[-37.1260701657055,-11.0699455045813],[-37.1274628270478,-11.0694035110631],[-37.1247064490433,-11.0642543491588],[-37.12252938912,-11.0648495043012],[-37.1240646136909,-11.0680324694229],[-37.1233951862389,-11.0683706819614],[-37.1214145670286,-11.0661247636469],[-37.1198750418996,-11.0675667537027],[-37.1190999908718,-11.0673685233387],[-37.1185513315786,-11.0666165821895],[-37.116835878373,-11.0678475391326]]]}},{"type":"Feature","properties":{"id":"7332","municipality":"2800308","density":"Pouco densa","type":"Área urbanizada","state":"SE"},"geometry":{"type":"Polygon","coordinates":[[[-37.071915318637,-10.8347057585639],[-37.0717279808616,-10.832721049237],[-37.0728619684051,-10.8329282611303],[-37.0745005376696,-10.8321999038025],[-37.0739420316993,-10.8306439462611],[-37.0724688063903,-10.8296572227026],[-37.0725585326502,-10.8285330647491],[-37.0720254163398,-10.828282122422],[-37.0713489112232,-10.8289167928757],[-37.0717229518527,-10.8306458294414],[-37.070164709134,-10.8306055092368],[-37.0700338622729,-10.8310171388299],[-37.0703463856771,-10.8328038696029],[-37.0701039509365,-10.8347747869268],[-37.071915318637,-10.8347057585639]]]}},{"type":"Feature","properties":{"id":"7333","municipality":"2800308","density":"Pouco densa","type":"Área urbanizada","state":"SE"},"geometry":{"type":"Polygon","coordinates":[[[-37.1018898402439,-11.0617581881898],[-37.1072461151161,-11.0596693490612],[-37.1060032727328,-11.0577489079857],[-37.1053922733347,-11.0581479101979],[-37.1057330255586,-11.0588683867666],[-37.1044006250887,-11.0593077217739],[-37.1040062768681,-11.0583486631602],[-37.099099769139,-11.0599984595612],[-37.0995524797631,-11.0610183447208],[-37.100949655702,-11.0604028657996],[-37.1005594155845,-11.061519170873],[-37.1016448028653,-11.06356367972],[-37.1024782297864,-11.0632206504126],[-37.1018898402439,-11.0617581881898]]]}},{"type":"Feature","properties":{"id":"7334","municipality":"2800308","density":"Pouco densa","type":"Área urbanizada","state":"SE"},"geometry":{"type":"Polygon","coordinates":[[[-37.1552450829942,-10.9091906222494],[-37.1542154006202,-10.909288758969],[-37.1536350932849,-10.9108155883687],[-37.1528524780593,-10.9109140083747],[-37.1522653898358,-10.9104244750095],[-37.1521668493206,-10.9073383686707],[-37.1508352249656,-10.9077784312296],[-37.1510296961635,-10.9095031213719],[-37.1492423475563,-10.9112952912447],[-37.1494665359518,-10.9118940643596],[-37.1515891140463,-10.9133126990218],[-37.1517898310358,-10.9148003593491],[-37.1506443105864,-10.9150080020177],[-37.1506302218073,-10.9155413305679],[-37.1515739460807,-10.9161586728844],[-37.1552300373363,-10.9163122815865],[-37.1567379503961,-10.9137419679174],[-37.1571576810821,-10.913752787661],[-37.1574896226479,-10.9164505802301],[-37.1583169071995,-10.9162590848888],[-37.1597597066451,-10.9220089939199],[-37.1605442742988,-10.9218456302715],[-37.1624052072345,-10.9184508271439],[-37.160774152705,-10.9131343832452],[-37.1552450829942,-10.9091906222494]]]}},{"type":"Feature","properties":{"id":"7335","municipality":"2800308","density":"Pouco densa","type":"Área urbanizada","state":"SE"},"geometry":{"type":"Polygon","coordinates":[[[-37.1251077706071,-10.7694720489958],[-37.1247054768762,-10.7681085733519],[-37.1226007008616,-10.7648612527446],[-37.12211118908,-10.764740488183],[-37.1250261967016,-10.770498392187],[-37.1259925200387,-10.7712267531121],[-37.1267220806595,-10.770541735013],[-37.1251077706071,-10.7694720489958]]]}},{"type":"Feature","properties":{"id":"7336","municipality":"2800308","density":"Pouco densa","type":"Área urbanizada","state":"SE"},"geometry":{"type":"Polygon","coordinates":[[[-37.0578798422808,-10.8627733118389],[-37.0598515177333,-10.8653145989895],[-37.0609082777947,-10.8639191767286],[-37.0585706646044,-10.8616055349674],[-37.0578798422808,-10.8627733118389]]]}},{"type":"Feature","properties":{"id":"7337","municipality":"2800308","density":"Pouco densa","type":"Área urbanizada","state":"SE"},"geometry":{"type":"Polygon","coordinates":[[[-37.228359046233,-11.0062049331111],[-37.2320341095864,-11.0057064263105],[-37.2318650748133,-11.0052869042672],[-37.2274085788428,-11.0058246026233],[-37.2275416452307,-11.0076073188226],[-37.2280799982932,-11.0076804912616],[-37.2284618306489,-11.006859986699],[-37.228359046233,-11.0062049331111]]]}},{"type":"Feature","properties":{"id":"7338","municipality":"2800308","density":"Pouco densa","type":"Área urbanizada","state":"SE"},"geometry":{"type":"Polygon","coordinates":[[[-37.1390438080253,-10.8726072167496],[-37.1387784063983,-10.8712958406305],[-37.1371441295979,-10.8718467383363],[-37.1370336002204,-10.8714881093887],[-37.1352444691569,-10.8710862536277],[-37.1347012021987,-10.8689375754087],[-37.1341632196568,-10.8688644236542],[-37.1332816862008,-10.8704427401403],[-37.1326456289925,-10.8695369123985],[-37.1322245358337,-10.869585347186],[-37.1320243773231,-10.8703510452645],[-37.1329585678836,-10.8713238572102],[-37.1341669347562,-10.8709992037502],[-37.1352022918522,-10.8726861853191],[-37.1368465358389,-10.8740330702699],[-37.1379871639764,-10.8740031480268],[-37.1384673668755,-10.8762688136548],[-37.1364040226275,-10.8771644188029],[-37.1367365928194,-10.8759277466682],[-37.1362632337612,-10.8756783646647],[-37.1358044617065,-10.8771489783426],[-37.1361501368193,-10.8776915537222],[-37.1390559470743,-10.8766990538182],[-37.1393154554439,-10.8736815648523],[-37.1423869361081,-10.8732269593566],[-37.1428307263569,-10.8746022224146],[-37.143132046007,-10.8745506786709],[-37.1431679460438,-10.8731877489154],[-37.1441318520033,-10.8730346573236],[-37.1439707231703,-10.8723189336718],[-37.1390438080253,-10.8726072167496]]]}},{"type":"Feature","properties":{"id":"7339","municipality":"2800308","density":"Pouco densa","type":"Área urbanizada","state":"SE"},"geometry":{"type":"Polygon","coordinates":[[[-37.1098401888736,-10.946068624967],[-37.1086267597171,-10.9465707065728],[-37.109126950948,-10.9480660606002],[-37.1101352492423,-10.948507346237],[-37.1111009511479,-10.9482952887965],[-37.1127514840937,-10.9494055081576],[-37.1129802788168,-10.9520796989189],[-37.1140059619055,-10.9518691982049],[-37.1138465849519,-10.9488410405815],[-37.1125905333264,-10.9486897917005],[-37.1124974328102,-10.9476793701068],[-37.113881293387,-10.9475374678798],[-37.1137834534436,-10.9467048026844],[-37.1098401888736,-10.946068624967]]]}},{"type":"Feature","properties":{"id":"7340","municipality":"2800308","density":"Pouco densa","type":"Área urbanizada","state":"SE"},"geometry":{"type":"Polygon","coordinates":[[[-37.0991476940108,-11.0582209342487],[-37.097369690259,-11.055150253981],[-37.0956646592966,-11.0560540906237],[-37.0975721843088,-11.0587724246076],[-37.0991476940108,-11.0582209342487]]]}},{"type":"Feature","properties":{"id":"7341","municipality":"2800308","density":"Pouco densa","type":"Área urbanizada","state":"SE"},"geometry":{"type":"Polygon","coordinates":[[[-37.1847475360699,-10.7284916997321],[-37.1843441649512,-10.7274678998237],[-37.1833924951675,-10.7253089477497],[-37.1816774358649,-10.7229883866047],[-37.182068319897,-10.722713611344],[-37.181937967663,-10.7221884540339],[-37.1810491236181,-10.7213120386197],[-37.1801210871184,-10.7219527767992],[-37.1812435093804,-10.7230723059421],[-37.1841901623461,-10.7286689462148],[-37.1847475360699,-10.7284916997321]]]}},{"type":"Feature","properties":{"id":"7342","municipality":"2800308","density":"Pouco densa","type":"Área urbanizada","state":"SE"},"geometry":{"type":"Polygon","coordinates":[[[-37.2204100546803,-10.9494580096794],[-37.2196560549829,-10.9507434592432],[-37.2222748645932,-10.951581638182],[-37.2236808457944,-10.9506094368759],[-37.2204100546803,-10.9494580096794]]]}},{"type":"Feature","properties":{"id":"7343","municipality":"2800308","density":"Pouco densa","type":"Área urbanizada","state":"SE"},"geometry":{"type":"Polygon","coordinates":[[[-36.9525024803051,-10.8227430063846],[-36.9531175212565,-10.8221664276385],[-36.9525358847232,-10.8214991693511],[-36.9506372144359,-10.8229903981883],[-36.951552864573,-10.8246147797482],[-36.9529043756364,-10.8234055486271],[-36.9525024803051,-10.8227430063846]]]}},{"type":"Feature","properties":{"id":"7344","municipality":"2800308","density":"Pouco densa","type":"Área urbanizada","state":"SE"},"geometry":{"type":"Polygon","coordinates":[[[-37.2005856126358,-11.0183369718737],[-37.199870458255,-11.0181405554422],[-37.1977868468854,-11.0197472113647],[-37.1983741662347,-11.0202368562458],[-37.1996512188287,-11.0196175336222],[-37.2026855475999,-11.0206449254229],[-37.2035605735616,-11.0238701092181],[-37.2029766698374,-11.0255155843766],[-37.2070877865721,-11.0266894532556],[-37.2080159273931,-11.0256459276174],[-37.2079367672679,-11.0241018959857],[-37.2052525562604,-11.021185762413],[-37.2053329556513,-11.0204168528554],[-37.2068895616039,-11.0205757082023],[-37.2069762355648,-11.0195697301589],[-37.2055380442453,-11.0194732463932],[-37.2054802816896,-11.0170964353522],[-37.2031907138803,-11.0172309451519],[-37.2005856126358,-11.0183369718737]]]}},{"type":"Feature","properties":{"id":"7345","municipality":"2800308","density":"Pouco densa","type":"Área urbanizada","state":"SE"},"geometry":{"type":"Polygon","coordinates":[[[-37.1158556650069,-10.6383741043814],[-37.1140608637178,-10.6384510117048],[-37.1136996600113,-10.638074951198],[-37.113740737445,-10.6364859894368],[-37.1143585393151,-10.6365016151574],[-37.1150160093813,-10.6373744009079],[-37.1156322347398,-10.637451140058],[-37.1146325105818,-10.6354689272491],[-37.113240003923,-10.6343329387141],[-37.1120456547831,-10.635097727578],[-37.1088314004487,-10.6326925788994],[-37.1088171776706,-10.6332425979675],[-37.1108021639886,-10.6353720369898],[-37.1128789746849,-10.6363418829715],[-37.1117132077982,-10.6383916132823],[-37.1108372213606,-10.6387975186905],[-37.1099200037052,-10.6384073837937],[-37.1091089600105,-10.6386926199684],[-37.1091501858324,-10.6394886557768],[-37.1117465393713,-10.6394932216348],[-37.1121077385812,-10.6398692848396],[-37.1157210445905,-10.6387987777413],[-37.1158556650069,-10.6383741043814]]]}},{"type":"Feature","properties":{"id":"7346","municipality":"2800308","density":"Pouco densa","type":"Área urbanizada","state":"SE"},"geometry":{"type":"Polygon","coordinates":[[[-37.2665248583355,-11.0055881969377],[-37.2603488613108,-11.0064382649139],[-37.257441845065,-11.0074017059239],[-37.2574286052459,-11.0079055313151],[-37.2626661093534,-11.00735772368],[-37.2673285824481,-11.0058460442595],[-37.2677883302672,-11.0066289139932],[-37.2681806388254,-11.0065499903897],[-37.2676234485632,-11.0049045583986],[-37.2665248583355,-11.0055881969377]]]}},{"type":"Feature","properties":{"id":"7347","municipality":"2800308","density":"Pouco densa","type":"Área urbanizada","state":"SE"},"geometry":{"type":"Polygon","coordinates":[[[-37.1482857341992,-11.0934479372725],[-37.1491653080325,-11.0912810270977],[-37.1503482052055,-11.0897109259184],[-37.1521958146851,-11.0879803200357],[-37.1536563973248,-11.0872476585526],[-37.1522121553666,-11.0851343497704],[-37.1534597596601,-11.0833880039532],[-37.1554233160332,-11.086285802148],[-37.156212804777,-11.0859506589957],[-37.155482126299,-11.0840932271207],[-37.1568731553718,-11.0837145163118],[-37.157423856126,-11.0855672411352],[-37.160572272892,-11.0845821732287],[-37.1602440599154,-11.0833875695806],[-37.1590330148617,-11.0837710081255],[-37.1582975438965,-11.0820913524339],[-37.1576296479898,-11.0823703886824],[-37.1566021518678,-11.0803865966641],[-37.1537521922099,-11.0814387521966],[-37.1524922986806,-11.0814057839497],[-37.1504195133498,-11.0803434399977],[-37.1483620479701,-11.0776394088316],[-37.1470742376859,-11.0780549702606],[-37.1473216672611,-11.0795255389724],[-37.1485708102946,-11.0795108026814],[-37.1516087750249,-11.0844291832602],[-37.1515327913052,-11.0854708715834],[-37.1488369943318,-11.0874876228555],[-37.1484211963811,-11.0886627202083],[-37.149218043378,-11.0893951901359],[-37.1472572011589,-11.0930259528854],[-37.1482857341992,-11.0934479372725]]]}},{"type":"Feature","properties":{"id":"7348","municipality":"2800308","density":"Pouco densa","type":"Área urbanizada","state":"SE"},"geometry":{"type":"Polygon","coordinates":[[[-37.1356918162243,-11.0847534491123],[-37.1357325258354,-11.0836336402803],[-37.1375172376304,-11.0833483798238],[-37.1379351723703,-11.0838811615863],[-37.1421489278307,-11.0825684661617],[-37.1421187600727,-11.0819035317226],[-37.1443484393289,-11.0805610516512],[-37.1430863604471,-11.0784317610169],[-37.1413290662833,-11.0790380092966],[-37.137872515704,-11.0791866249627],[-37.1375300763519,-11.0785253714487],[-37.1350688162728,-11.078520141891],[-37.1349360916273,-11.0789910422028],[-37.1290786767395,-11.0802605117132],[-37.1282563366606,-11.0795866640932],[-37.1277700327607,-11.0798110863125],[-37.1303162868671,-11.0827351860799],[-37.1307581300836,-11.0825462016459],[-37.1309601483921,-11.0817330166653],[-37.1318600262192,-11.0817566301643],[-37.1315983154099,-11.0803266307693],[-37.1330460809119,-11.0800681251438],[-37.1333157678084,-11.0812018509846],[-37.1325247178414,-11.0815961794201],[-37.1343013150536,-11.0845651625522],[-37.1356918162243,-11.0847534491123]]]}},{"type":"Feature","properties":{"id":"7349","municipality":"2800308","density":"Pouco densa","type":"Área urbanizada","state":"SE"},"geometry":{"type":"Polygon","coordinates":[[[-37.2230393341979,-10.959747620856],[-37.2235191773681,-10.9597599343734],[-37.2236107993988,-10.9609608737453],[-37.2244818395652,-10.9612462906837],[-37.2250941079067,-10.9607875267229],[-37.2239349861107,-10.9592157519054],[-37.2269098247286,-10.9579279461178],[-37.2268638531842,-10.9573929826],[-37.2241374720666,-10.9560775694242],[-37.2242145763416,-10.955427147345],[-37.2227937491322,-10.9546789977375],[-37.222701073096,-10.9559221063201],[-37.2220350693629,-10.9561422558604],[-37.2228265087363,-10.9580011338452],[-37.2220234060553,-10.9588701586309],[-37.222518053865,-10.9606028077733],[-37.222981931371,-10.9607548102862],[-37.2230393341979,-10.959747620856]]]}},{"type":"Feature","properties":{"id":"7350","municipality":"2800308","density":"Pouco densa","type":"Área urbanizada","state":"SE"},"geometry":{"type":"Polygon","coordinates":[[[-37.0775853471859,-10.6027936129348],[-37.0780842361985,-10.602622805598],[-37.0784056341127,-10.5997569513222],[-37.079839354003,-10.5993203079858],[-37.0804392233914,-10.5999918938108],[-37.081242204664,-10.600012223885],[-37.0817395099703,-10.5999025146892],[-37.0816872251853,-10.5995342962707],[-37.0789345191127,-10.5984250733584],[-37.0783390150335,-10.5975539063876],[-37.0779605083707,-10.5978500648286],[-37.0781933482444,-10.59840630091],[-37.0778014290926,-10.5998342642399],[-37.0762263798435,-10.6003743871682],[-37.0763388427633,-10.6008052757429],[-37.0774956757847,-10.6006041684476],[-37.0775853471859,-10.6027936129348]]]}},{"type":"Feature","properties":{"id":"7351","municipality":"2800308","density":"Pouco densa","type":"Área urbanizada","state":"SE"},"geometry":{"type":"Polygon","coordinates":[[[-36.9730330439398,-10.6383894477148],[-36.9708433422464,-10.6388933972125],[-36.9720900328287,-10.6391024698031],[-36.9745823366055,-10.638429347936],[-36.9751731129488,-10.6397717308806],[-36.9746611801693,-10.6399649960877],[-36.9748314128394,-10.6402937990196],[-36.9760742471287,-10.6406502264268],[-36.975189078613,-10.6380320742208],[-36.9743664759321,-10.6375685033837],[-36.9730330439398,-10.6383894477148]]]}},{"type":"Feature","properties":{"id":"7352","municipality":"2800308","density":"Pouco densa","type":"Área urbanizada","state":"SE"},"geometry":{"type":"Polygon","coordinates":[[[-36.9483001192551,-10.6922694529728],[-36.9461110911539,-10.6921059283459],[-36.9457064052264,-10.6924510431811],[-36.947492632379,-10.6928886137185],[-36.9476524832754,-10.693639578204],[-36.9485441880638,-10.6939116698876],[-36.9493563963806,-10.6931148147969],[-36.9486528396568,-10.6925275476082],[-36.9500721173343,-10.691888698005],[-36.9497231668906,-10.6914884520304],[-36.9483001192551,-10.6922694529728]]]}},{"type":"Feature","properties":{"id":"7353","municipality":"2800308","density":"Pouco densa","type":"Área urbanizada","state":"SE"},"geometry":{"type":"Polygon","coordinates":[[[-37.1896797437251,-11.0431616426956],[-37.1881878188128,-11.0428263889266],[-37.1888035873157,-11.044502905085],[-37.1886709867766,-11.0449738998256],[-37.1874064113768,-11.0451189748608],[-37.1875137787379,-11.0455961992052],[-37.1908118103167,-11.0457411393421],[-37.1916375273499,-11.0462963178207],[-37.1926935139944,-11.0427061189922],[-37.1896797437251,-11.0431616426956]]]}},{"type":"Feature","properties":{"id":"7354","municipality":"2800308","density":"Pouco densa","type":"Área urbanizada","state":"SE"},"geometry":{"type":"Polygon","coordinates":[[[-37.1536620756442,-10.8870371861172],[-37.1536433472626,-10.8877482971462],[-37.1485899190894,-10.8882705127739],[-37.1489736822896,-10.8896442667694],[-37.1484993132926,-10.891707509394],[-37.1487834693815,-10.892307815853],[-37.1492678046654,-10.8921423927572],[-37.1496166058217,-10.8925664689673],[-37.1499169721904,-10.8948275660393],[-37.1505958101485,-10.8963868285892],[-37.1512584648063,-10.8962852996268],[-37.1519972848468,-10.89784610991],[-37.1554174011921,-10.8955621997357],[-37.1601717643154,-10.8953394529533],[-37.161761176637,-10.8921361289791],[-37.1600394245797,-10.8914143349036],[-37.1583903161601,-10.8927951215975],[-37.1581249927741,-10.8919343750713],[-37.1592455786205,-10.8909384919178],[-37.1591828787868,-10.8889443927695],[-37.1574105461597,-10.8884433885515],[-37.157154207001,-10.8872413097386],[-37.1573403603693,-10.8867337458656],[-37.1582597912563,-10.8868143170271],[-37.1582954826504,-10.8851027695771],[-37.1564814169838,-10.885244492839],[-37.1567307531217,-10.8867010249323],[-37.1536620756442,-10.8870371861172]]]}},{"type":"Feature","properties":{"id":"7355","municipality":"2800308","density":"Pouco densa","type":"Área urbanizada","state":"SE"},"geometry":{"type":"Polygon","coordinates":[[[-37.1411667737276,-10.7834145183653],[-37.1385445080226,-10.7852962040565],[-37.1386973280192,-10.7857331450685],[-37.1416757252545,-10.7848890207117],[-37.1411667737276,-10.7834145183653]]]}},{"type":"Feature","properties":{"id":"7356","municipality":"2800308","density":"Pouco densa","type":"Área urbanizada","state":"SE"},"geometry":{"type":"Polygon","coordinates":[[[-37.0940325282785,-10.9474738543349],[-37.0948387489091,-10.9487399936558],[-37.096228890351,-10.9483611794249],[-37.0972260721255,-10.9492172521744],[-37.0989744009478,-10.9489070490211],[-37.0978857419334,-10.9469813361197],[-37.0940325282785,-10.9474738543349]]]}},{"type":"Feature","properties":{"id":"7357","municipality":"2800308","density":"Pouco densa","type":"Área urbanizada","state":"SE"},"geometry":{"type":"Polygon","coordinates":[[[-37.2440081419621,-11.0102893156993],[-37.2440295539207,-11.0106160816668],[-37.2469264231159,-11.0100380918844],[-37.2479572413336,-11.0096493869096],[-37.2479058270922,-11.0093218493238],[-37.2440081419621,-11.0102893156993]]]}},{"type":"Feature","properties":{"id":"7358","municipality":"2800308","density":"Pouco densa","type":"Área urbanizada","state":"SE"},"geometry":{"type":"Polygon","coordinates":[[[-37.1017498859484,-11.028189962197],[-37.1010717800386,-11.0284093527094],[-37.1005529017949,-11.0280637063749],[-37.099726180219,-11.0266664333092],[-37.0981127407104,-11.0280084906992],[-37.0979179979173,-11.0303210838509],[-37.0972439191715,-11.0308370294054],[-37.0963161605623,-11.0296268360097],[-37.095115046722,-11.0296546061751],[-37.095142134302,-11.0286473510943],[-37.0946750740953,-11.0281607567135],[-37.0939521810483,-11.0282603683213],[-37.093637962422,-11.028785747764],[-37.0931661259159,-11.0284769025869],[-37.0938848092365,-11.0263019650636],[-37.0955121037006,-11.0260482042611],[-37.0984922977813,-11.0245847716698],[-37.0986249837559,-11.0241139100289],[-37.0982826433293,-11.0234527149708],[-37.0976860762514,-11.0233184866588],[-37.0971792102523,-11.0243131656201],[-37.0945259763927,-11.0247771969101],[-37.0950631072765,-11.0226567726919],[-37.0941130706616,-11.0222760995623],[-37.0935207411892,-11.0242171935686],[-37.0937855690487,-11.0255285651911],[-37.0933498133432,-11.0261100488396],[-37.0926444543781,-11.0255579109688],[-37.0913483316601,-11.0268875990834],[-37.0912708262876,-11.0275377720505],[-37.0925329015721,-11.0297054079782],[-37.0910159782048,-11.030317786037],[-37.0896518676395,-11.0319421190335],[-37.0907186731282,-11.0324444740332],[-37.0914064908168,-11.0336483730739],[-37.092001469692,-11.033841875702],[-37.0915599313457,-11.0324072780734],[-37.0930848397935,-11.0314986552387],[-37.0931167198607,-11.0303136536522],[-37.0934797617816,-11.0302046018608],[-37.095477513976,-11.031798637597],[-37.0955799359652,-11.0324535409981],[-37.0933873060792,-11.0336411047531],[-37.0928124378437,-11.0349304285963],[-37.0911994497947,-11.0346508923247],[-37.0913034536914,-11.0352465411948],[-37.0929981226652,-11.0369512304149],[-37.093948189857,-11.0373319377187],[-37.0946238873824,-11.036756764613],[-37.0955436636091,-11.0382632261669],[-37.0947543853066,-11.0385982479108],[-37.0951582816293,-11.0392017793386],[-37.0936084295853,-11.0388053132146],[-37.0919131068044,-11.0393536874227],[-37.0915277122341,-11.0402922262052],[-37.0920907876597,-11.0416707349164],[-37.0885986131355,-11.0443063303728],[-37.0898070051891,-11.0462354427115],[-37.0938390724152,-11.0436140250672],[-37.0943517534307,-11.0446354642552],[-37.0952642019813,-11.0441851062576],[-37.0957296739852,-11.0447309677599],[-37.0967636776016,-11.0442245055564],[-37.0981128953937,-11.0453865096797],[-37.0988406142029,-11.0449587840206],[-37.0968694936322,-11.0431268883951],[-37.0963615853188,-11.0419276973054],[-37.0985399555545,-11.041273401846],[-37.0997612501815,-11.0427284986213],[-37.1000174787236,-11.0442670578784],[-37.1004303952465,-11.0440243560391],[-37.1011846206737,-11.0449928494404],[-37.1058684319825,-11.0426847708855],[-37.1054724685795,-11.0417849775946],[-37.1078780444362,-11.0416109111146],[-37.1092814760592,-11.0407583079495],[-37.110212503704,-11.041850016565],[-37.1111090297579,-11.0419921139449],[-37.1117847380752,-11.0414168859805],[-37.1118102059762,-11.0404688431626],[-37.1112799306243,-11.0400991759362],[-37.1081105353729,-11.039660310375],[-37.1077426937703,-11.0399471320545],[-37.1079051167277,-11.0406036245576],[-37.1039809411674,-11.0414493721907],[-37.1041353853397,-11.0424021193623],[-37.1023656886256,-11.0434822393139],[-37.1009660296585,-11.0419631665669],[-37.1010387614297,-11.041490732911],[-37.1027988785653,-11.0407661239574],[-37.1031147087767,-11.0401814800912],[-37.1022829680844,-11.0398631857374],[-37.1002261520152,-11.0404614201584],[-37.1000701241369,-11.0395679311151],[-37.1010080522797,-11.0381695213063],[-37.1062251552667,-11.0361125352653],[-37.1064411877106,-11.0370076053167],[-37.1041173908049,-11.0386068697112],[-37.104626937683,-11.0397468143639],[-37.1053482838961,-11.0397064446966],[-37.1051858672339,-11.0390499548915],[-37.1055600769359,-11.0385261303766],[-37.1068355674075,-11.0379666468432],[-37.1074273995548,-11.0382786360502],[-37.1095887609125,-11.0360228377837],[-37.1094342861633,-11.0350700834176],[-37.1071916926425,-11.0336475403017],[-37.104369528331,-11.0336921331854],[-37.102435899597,-11.0341750583322],[-37.1016906799808,-11.0351041974008],[-37.1020043527187,-11.0368319263523],[-37.0997028688922,-11.0376016282126],[-37.0997893566934,-11.0388490472457],[-37.0990632395768,-11.0390671562242],[-37.0979146839154,-11.0371396383836],[-37.0964975358326,-11.0362723366989],[-37.0962151837837,-11.0356127082598],[-37.0965405728891,-11.0346725731807],[-37.0991562447648,-11.033377498173],[-37.0991737689543,-11.0327257379024],[-37.0976839016907,-11.0323308869608],[-37.0979365563269,-11.0318631774437],[-37.0989736850875,-11.0312381711047],[-37.1002899921893,-11.0313912887769],[-37.1009592946357,-11.0310530879296],[-37.1026417508161,-11.0290292787781],[-37.1017498859484,-11.028189962197]]]}},{"type":"Feature","properties":{"id":"7359","municipality":"2800308","density":"Pouco densa","type":"Área urbanizada","state":"SE"},"geometry":{"type":"Polygon","coordinates":[[[-37.102593001266,-10.938824206372],[-37.1025756578403,-10.937222849255],[-37.1038631821401,-10.9339359305987],[-37.10372274311,-10.9324499556009],[-37.1033046177139,-10.9323797922936],[-37.1012850003025,-10.9338688861401],[-37.1011461476766,-10.9345767856901],[-37.1018924590697,-10.9358413440028],[-37.1015850923781,-10.9389790777222],[-37.102593001266,-10.938824206372]]]}},{"type":"Feature","properties":{"id":"7360","municipality":"2800308","density":"Pouco densa","type":"Área urbanizada","state":"SE"},"geometry":{"type":"Polygon","coordinates":[[[-36.9330425289894,-10.8262619042634],[-36.9268060363694,-10.8196374153344],[-36.9217583719513,-10.8133998992859],[-36.913412080603,-10.8050012377169],[-36.9159982430244,-10.8024615909296],[-36.9130732502303,-10.7997768538187],[-36.9121459907448,-10.8008192373179],[-36.9117977417723,-10.8003952015773],[-36.9111244499334,-10.8009108701405],[-36.9114663164173,-10.8015718025966],[-36.9108433479421,-10.8024443895969],[-36.9124918771983,-10.8035546098573],[-36.9119935385709,-10.8042526771193],[-36.9329131363322,-10.8266141147495],[-36.9330425289894,-10.8262619042634]]]}},{"type":"Feature","properties":{"id":"7361","municipality":"2800308","density":"Pouco densa","type":"Área urbanizada","state":"SE"},"geometry":{"type":"Polygon","coordinates":[[[-36.9426027621078,-10.6874628518291],[-36.9426908201252,-10.6895633039033],[-36.9421471322843,-10.6897269931062],[-36.9423873268136,-10.6901599771012],[-36.9430047671563,-10.689927079671],[-36.9433698181625,-10.6910745507499],[-36.9438653122343,-10.691371918779],[-36.9429280289054,-10.6874001735791],[-36.9426027621078,-10.6874628518291]]]}},{"type":"Feature","properties":{"id":"7362","municipality":"2800308","density":"Pouco densa","type":"Área urbanizada","state":"SE"},"geometry":{"type":"Polygon","coordinates":[[[-37.128319859374,-10.9483868577672],[-37.1280483495516,-10.9473124835842],[-37.1272120358067,-10.9471721839491],[-37.1267165750099,-10.947752286239],[-37.1263553209413,-10.9500554553949],[-37.1270575655541,-10.9507259431477],[-37.127721887555,-10.9505653017473],[-37.128319859374,-10.9483868577672]]]}},{"type":"Feature","properties":{"id":"7363","municipality":"2800308","density":"Pouco densa","type":"Área urbanizada","state":"SE"},"geometry":{"type":"Polygon","coordinates":[[[-37.1296627594288,-10.6033824647289],[-37.1261189422353,-10.6050136973243],[-37.1270919889041,-10.6051560384204],[-37.1306418666288,-10.6032892652873],[-37.1296627594288,-10.6033824647289]]]}},{"type":"Feature","properties":{"id":"7364","municipality":"2800308","density":"Pouco densa","type":"Área urbanizada","state":"SE"},"geometry":{"type":"Polygon","coordinates":[[[-37.1813147437804,-10.9233572953029],[-37.1798464881249,-10.924160049047],[-37.1773419346825,-10.9235618838738],[-37.1769065539942,-10.9241437083654],[-37.1825603776593,-10.9282031806322],[-37.1833945905879,-10.9261490157644],[-37.1840784800378,-10.9258327898513],[-37.1813147437804,-10.9233572953029]]]}},{"type":"Feature","properties":{"id":"7365","municipality":"2800308","density":"Pouco densa","type":"Área urbanizada","state":"SE"},"geometry":{"type":"Polygon","coordinates":[[[-37.1173654378646,-11.0078835231061],[-37.1165416498772,-11.0072690541235],[-37.1154004839451,-11.0072985437927],[-37.1150295342855,-11.0077039150036],[-37.1163519163078,-11.0098730725842],[-37.1176304249041,-11.0091949369967],[-37.1173654378646,-11.0078835231061]]]}},{"type":"Feature","properties":{"id":"7366","municipality":"2800308","density":"Pouco densa","type":"Área urbanizada","state":"SE"},"geometry":{"type":"Polygon","coordinates":[[[-37.0809334692042,-11.0250533948982],[-37.0780989383153,-11.0263616081017],[-37.0774647786765,-11.0253962956025],[-37.0763756969808,-11.0257233934198],[-37.0774720685811,-11.0273530504029],[-37.0786858961371,-11.0268513618009],[-37.079211287271,-11.0273987863249],[-37.0816041772909,-11.0258106690271],[-37.0809334692042,-11.0250533948982]]]}},{"type":"Feature","properties":{"id":"7367","municipality":"2800308","density":"Pouco densa","type":"Área urbanizada","state":"SE"},"geometry":{"type":"Polygon","coordinates":[[[-37.1553771007725,-10.7678374241578],[-37.1562639204435,-10.766916164949],[-37.1559611582808,-10.7663298582363],[-37.1551308771882,-10.7673953570101],[-37.1553771007725,-10.7678374241578]]]}},{"type":"Feature","properties":{"id":"7368","municipality":"2800308","density":"Pouco densa","type":"Área urbanizada","state":"SE"},"geometry":{"type":"Polygon","coordinates":[[[-37.2317916298797,-11.008072593875],[-37.2310811124034,-11.0076984453269],[-37.2307545973467,-11.0086983097791],[-37.2299809636505,-11.0084411531367],[-37.2295250649298,-11.0097935428377],[-37.2301202902192,-11.0099867999508],[-37.2304927462432,-11.0095219089089],[-37.2305939694361,-11.0102362359135],[-37.231681635599,-11.0099676866594],[-37.2314682417659,-11.0089539213863],[-37.2317916298797,-11.008072593875]]]}},{"type":"Feature","properties":{"id":"7369","municipality":"2800308","density":"Pouco densa","type":"Área urbanizada","state":"SE"},"geometry":{"type":"Polygon","coordinates":[[[-37.0997250066037,-10.8536035841381],[-37.0990405883524,-10.85453457581],[-37.0987706487464,-10.8534010541153],[-37.0981743550624,-10.8532670659223],[-37.0970754536692,-10.8562625502764],[-37.097744212925,-10.8559240841291],[-37.0990488234444,-10.8564914259385],[-37.0994762496291,-10.8562060098994],[-37.1001998378522,-10.8537937259996],[-37.0997250066037,-10.8536035841381]]]}},{"type":"Feature","properties":{"id":"7370","municipality":"2800308","density":"Pouco densa","type":"Área urbanizada","state":"SE"},"geometry":{"type":"Polygon","coordinates":[[[-37.1123630462176,-11.0019419694463],[-37.1106600657094,-11.0027868789113],[-37.1126591893701,-11.0065746623907],[-37.1141191829539,-11.0058419856191],[-37.1123630462176,-11.0019419694463]]]}},{"type":"Feature","properties":{"id":"7371","municipality":"2800308","density":"Pouco densa","type":"Área urbanizada","state":"SE"},"geometry":{"type":"Polygon","coordinates":[[[-37.1674099119379,-10.8707269483899],[-37.1662816998405,-10.8702828991364],[-37.1668430980305,-10.869467078243],[-37.1682680027661,-10.8700373293592],[-37.1688075941951,-10.8700511654289],[-37.1688799896198,-10.8695786103646],[-37.1678669860725,-10.8693154309623],[-37.1672308209456,-10.8684095996233],[-37.1659180571726,-10.8681387310175],[-37.1654859356274,-10.8686020563398],[-37.1654392608132,-10.8703798883212],[-37.1642292868521,-10.8707639518948],[-37.1631656793526,-10.8701436553054],[-37.1627981749957,-10.8704307278957],[-37.1628316666481,-10.8714396979836],[-37.1613756480676,-10.872054632815],[-37.160830612143,-10.8745312560126],[-37.1617486140073,-10.8738432197887],[-37.1622625028122,-10.8725518014244],[-37.1649316177999,-10.8714342813669],[-37.1672806838564,-10.8710794376659],[-37.1674099119379,-10.8707269483899]]]}},{"type":"Feature","properties":{"id":"7372","municipality":"2800308","density":"Pouco densa","type":"Área urbanizada","state":"SE"},"geometry":{"type":"Polygon","coordinates":[[[-36.9540045576642,-10.8248569599807],[-36.9518015100316,-10.8265180122964],[-36.9522680900003,-10.8270044412019],[-36.9545310585615,-10.8253449591026],[-36.9540045576642,-10.8248569599807]]]}},{"type":"Feature","properties":{"id":"7373","municipality":"2800308","density":"Pouco densa","type":"Área urbanizada","state":"SE"},"geometry":{"type":"Polygon","coordinates":[[[-37.194493159032,-11.0008284972373],[-37.1948904696195,-11.0028254940013],[-37.1970048575881,-11.0023167421239],[-37.196845113711,-11.0004148351765],[-37.194493159032,-11.0008284972373]]]}},{"type":"Feature","properties":{"id":"7374","municipality":"2800308","density":"Pouco densa","type":"Área urbanizada","state":"SE"},"geometry":{"type":"Polygon","coordinates":[[[-37.0977835573652,-10.6502646374031],[-37.0983226640596,-10.6502783169907],[-37.0988356490459,-10.651299284934],[-37.1004622195558,-10.650984807303],[-37.1012055811726,-10.6477426326164],[-37.1000214240495,-10.6471789717321],[-37.0993317969248,-10.6483473070825],[-37.0973934674345,-10.6491282037036],[-37.0968850626954,-10.6502418323946],[-37.096034156551,-10.6506945610051],[-37.0960786846835,-10.6512886009881],[-37.0967345197822,-10.6514238311448],[-37.0977835573652,-10.6502646374031]]]}},{"type":"Feature","properties":{"id":"7375","municipality":"2800308","density":"Pouco densa","type":"Área urbanizada","state":"SE"},"geometry":{"type":"Polygon","coordinates":[[[-37.1220058577841,-10.6046979831254],[-37.1189976120501,-10.6040329911296],[-37.1221408154462,-10.6050077608994],[-37.1239024992009,-10.6050521433417],[-37.1242937087876,-10.6046613483425],[-37.1220058577841,-10.6046979831254]]]}},{"type":"Feature","properties":{"id":"7376","municipality":"2800308","density":"Pouco densa","type":"Área urbanizada","state":"SE"},"geometry":{"type":"Polygon","coordinates":[[[-37.182350214191,-10.8836662590906],[-37.182793689677,-10.8839148371],[-37.1846041310757,-10.8835164473262],[-37.1851558759429,-10.8842125729518],[-37.1848478536455,-10.8833744317845],[-37.183416598797,-10.8830412473556],[-37.182809565409,-10.8821657960147],[-37.182350214191,-10.8836662590906]]]}},{"type":"Feature","properties":{"id":"7377","municipality":"2800308","density":"Pouco densa","type":"Área urbanizada","state":"SE"},"geometry":{"type":"Polygon","coordinates":[[[-37.1580845898319,-11.1090103779266],[-37.1576141346845,-11.1086422422457],[-37.1559983551399,-11.1106754016484],[-37.156533587555,-11.1108673385568],[-37.1580845898319,-11.1090103779266]]]}},{"type":"Feature","properties":{"id":"7378","municipality":"2800308","density":"Pouco densa","type":"Área urbanizada","state":"SE"},"geometry":{"type":"Polygon","coordinates":[[[-37.0386802339056,-10.695583210097],[-37.0423069497059,-10.6944313386353],[-37.0429596488686,-10.6946852217456],[-37.044923097323,-10.6929570692133],[-37.0450031909444,-10.6921884285531],[-37.0442229211508,-10.6922277019468],[-37.0430630493202,-10.6930279267973],[-37.0421785166252,-10.692471679924],[-37.0414441671146,-10.6930456758172],[-37.0413656167298,-10.6937550646445],[-37.0390660628484,-10.6945852989723],[-37.0389019077967,-10.6939882516564],[-37.040335580023,-10.6918908419887],[-37.0402313189202,-10.6912953316142],[-37.0397552241242,-10.6911645477057],[-37.0382632110783,-10.693201173995],[-37.0377824532976,-10.6932481159077],[-37.0366279818958,-10.6915585523852],[-37.0362009091446,-10.6918440025986],[-37.0368668418312,-10.6938767231322],[-37.0363075210752,-10.6946330412818],[-37.037165593917,-10.6961964353172],[-37.0384896459804,-10.6959933000507],[-37.0386802339056,-10.695583210097]]]}},{"type":"Feature","properties":{"id":"7379","municipality":"2800308","density":"Pouco densa","type":"Área urbanizada","state":"SE"},"geometry":{"type":"Polygon","coordinates":[[[-37.192299895124,-10.9963832320005],[-37.1934642626655,-10.9977476870061],[-37.1961325736593,-10.9967194840169],[-37.193785772995,-10.9946721279163],[-37.192299895124,-10.9963832320005]]]}},{"type":"Feature","properties":{"id":"7380","municipality":"2800308","density":"Pouco densa","type":"Área urbanizada","state":"SE"},"geometry":{"type":"Polygon","coordinates":[[[-37.1541191236985,-10.7687334825641],[-37.15398802143,-10.7684710028345],[-37.1510938007383,-10.7701351146438],[-37.1512999523309,-10.7706275447254],[-37.1522518622336,-10.7701967289958],[-37.1541191236985,-10.7687334825641]]]}},{"type":"Feature","properties":{"id":"7381","municipality":"2800308","density":"Pouco densa","type":"Área urbanizada","state":"SE"},"geometry":{"type":"Polygon","coordinates":[[[-37.0696431617025,-10.9962695253183],[-37.0689177919225,-10.9942346697941],[-37.0675274454352,-10.9946131827521],[-37.0678585470343,-10.9956890677962],[-37.0662803276749,-10.9963590771097],[-37.0672694452286,-10.99751153403],[-37.0696431617025,-10.9962695253183]]]}},{"type":"Feature","properties":{"id":"7382","municipality":"2800308","density":"Pouco densa","type":"Área urbanizada","state":"SE"},"geometry":{"type":"Polygon","coordinates":[[[-37.2239850153961,-10.7083022768286],[-37.2239893816046,-10.7062621845521],[-37.2232071782686,-10.7049615031708],[-37.2224425117125,-10.7048474223706],[-37.223380706954,-10.7056775541758],[-37.2236481878136,-10.7083412696338],[-37.2239850153961,-10.7083022768286]]]}},{"type":"Feature","properties":{"id":"7383","municipality":"2800308","density":"Pouco densa","type":"Área urbanizada","state":"SE"},"geometry":{"type":"Polygon","coordinates":[[[-36.948465054019,-10.8212737488844],[-36.9503748444235,-10.8193679235907],[-36.9497947511269,-10.8186414440474],[-36.952330716989,-10.8157443895919],[-36.9502995558798,-10.8177063379771],[-36.9496373427891,-10.8178075009154],[-36.944373511928,-10.8218182632023],[-36.9451899911251,-10.8226695092904],[-36.9482492751838,-10.8203790106828],[-36.948465054019,-10.8212737488844]]]}},{"type":"Feature","properties":{"id":"7384","municipality":"2800308","density":"Pouco densa","type":"Área urbanizada","state":"SE"},"geometry":{"type":"Polygon","coordinates":[[[-37.1110868120067,-11.0092611019183],[-37.1110347727365,-11.008963269839],[-37.109761033245,-11.0094636112566],[-37.1089058742067,-11.0077810165806],[-37.1087450016805,-11.0070652839357],[-37.1091159531387,-11.0066599262146],[-37.1087767468493,-11.0058802355844],[-37.1077492678144,-11.0061498379446],[-37.1074116542244,-11.0053108981793],[-37.1097176031847,-11.0043631899092],[-37.1093152474007,-11.003700439024],[-37.1084676948282,-11.0039747529324],[-37.1076502956246,-11.0031232703227],[-37.1065549222718,-11.0036875670276],[-37.1067630649634,-11.0048788809556],[-37.1057607957241,-11.0054728121206],[-37.1039558383912,-11.0021372617252],[-37.1043236062494,-11.0018504139654],[-37.1039780633369,-11.0013077378618],[-37.1027833976357,-11.0010986140098],[-37.1062197773208,-11.0072364150285],[-37.1071888732678,-11.0069060014108],[-37.1078200021913,-11.0079897941936],[-37.1067261900616,-11.0084948273744],[-37.1079664064245,-11.011008445983],[-37.1110868120067,-11.0092611019183]]]}},{"type":"Feature","properties":{"id":"7385","municipality":"2800308","density":"Pouco densa","type":"Área urbanizada","state":"SE"},"geometry":{"type":"Polygon","coordinates":[[[-37.2304946276249,-10.9585536458341],[-37.2274683810609,-10.9617973907369],[-37.2279692890514,-10.9632929767894],[-37.2292086690448,-10.9640957925867],[-37.2295420926934,-10.9651126110581],[-37.2303171940832,-10.9653104214387],[-37.232734334322,-10.9624068981598],[-37.2321414355788,-10.9598413652867],[-37.232304958407,-10.9581848734331],[-37.2304946276249,-10.9585536458341]]]}},{"type":"Feature","properties":{"id":"7386","municipality":"2800308","density":"Pouco densa","type":"Área urbanizada","state":"SE"},"geometry":{"type":"Polygon","coordinates":[[[-37.1329758195783,-10.7763308751697],[-37.1332087871557,-10.7757955384333],[-37.1321245258262,-10.7753889369498],[-37.1320518624035,-10.7739797361758],[-37.130803490089,-10.7735689429523],[-37.1302239022113,-10.7747990887069],[-37.1297272947788,-10.7749487835595],[-37.1261925580401,-10.7740465126364],[-37.1245178773981,-10.7731917789774],[-37.1228743034063,-10.7774258267405],[-37.1248418473733,-10.7796412688294],[-37.126813210761,-10.7775265732927],[-37.1281035544354,-10.7784256156496],[-37.1292146830112,-10.77780448359],[-37.1304041110608,-10.7783761727221],[-37.1316105156127,-10.7782987500872],[-37.131728416733,-10.7779769924442],[-37.1290283830534,-10.7765547712856],[-37.1287171097068,-10.7758972751391],[-37.1290005463381,-10.7755256222097],[-37.1304017278574,-10.7763733591432],[-37.1329758195783,-10.7763308751697]]]}},{"type":"Feature","properties":{"id":"7387","municipality":"2800308","density":"Pouco densa","type":"Área urbanizada","state":"SE"},"geometry":{"type":"Polygon","coordinates":[[[-37.1562059627349,-11.1074193153491],[-37.155790736753,-11.1072305278665],[-37.1536853986622,-11.1096066383357],[-37.1548094828713,-11.1102291220763],[-37.1562059627349,-11.1074193153491]]]}},{"type":"Feature","properties":{"id":"7388","municipality":"2800308","density":"Pouco densa","type":"Área urbanizada","state":"SE"},"geometry":{"type":"Polygon","coordinates":[[[-37.1482795927289,-10.8434466202653],[-37.144900856889,-10.8464730943578],[-37.145159721344,-10.846894825136],[-37.1488358629847,-10.8439649256408],[-37.1491698091393,-10.8426689198348],[-37.1489786582384,-10.8419524335579],[-37.1482993868072,-10.8415495741535],[-37.1482795927289,-10.8434466202653]]]}},{"type":"Feature","properties":{"id":"7389","municipality":"2800308","density":"Pouco densa","type":"Área urbanizada","state":"SE"},"geometry":{"type":"Polygon","coordinates":[[[-36.8614342134182,-10.7454352319504],[-36.8603467109319,-10.7457621076351],[-36.8614525739771,-10.746976456798],[-36.8620466310471,-10.7471699009701],[-36.8622732089414,-10.7467504023092],[-36.8614342134182,-10.7454352319504]]]}},{"type":"Feature","properties":{"id":"7390","municipality":"2800308","density":"Pouco densa","type":"Área urbanizada","state":"SE"},"geometry":{"type":"Polygon","coordinates":[[[-37.135694870322,-10.8105017125839],[-37.1344718840701,-10.809117155932],[-37.1388439067209,-10.8073345863221],[-37.1389142040272,-10.8067409600273],[-37.1373402456557,-10.8062135031506],[-37.1344078190655,-10.8073833853349],[-37.133378182557,-10.8069781076535],[-37.1326504709425,-10.8054979881416],[-37.1326104960775,-10.8028446508599],[-37.1277927190587,-10.7986616189385],[-37.1260881656363,-10.7989427191312],[-37.1239728747483,-10.7981848541477],[-37.1185437817701,-10.7985328198337],[-37.1189615951015,-10.7993013148038],[-37.1245072204318,-10.7986856982863],[-37.1257947600201,-10.7996929929373],[-37.1274531107724,-10.7990859451602],[-37.1286184891519,-10.8005772612316],[-37.1321657093799,-10.803103903822],[-37.1319953310196,-10.8054270765983],[-37.1327287101618,-10.8066908273198],[-37.130855696633,-10.8071299968518],[-37.1306937952824,-10.8091286069996],[-37.1285828418247,-10.8123763269059],[-37.1285096783789,-10.8130781200592],[-37.128167200356,-10.8136106203338],[-37.1266885035715,-10.8136268189225],[-37.1265002260046,-10.8145421668875],[-37.1279327291121,-10.8142000171171],[-37.1287449248384,-10.8145456193848],[-37.1315005141374,-10.813858479785],[-37.1327802287245,-10.8130793530296],[-37.1330388017992,-10.811570370676],[-37.1339774547957,-10.8112696499743],[-37.1346638038914,-10.810150524627],[-37.1351910979907,-10.8109218407703],[-37.1353688373019,-10.8124961408841],[-37.1357475867816,-10.8126682333522],[-37.135694870322,-10.8105017125839]]]}},{"type":"Feature","properties":{"id":"7391","municipality":"2800308","density":"Pouco densa","type":"Área urbanizada","state":"SE"},"geometry":{"type":"Polygon","coordinates":[[[-37.1854742692221,-10.7004331540668],[-37.1847377136745,-10.6992021791372],[-37.1840675092081,-10.6997052985606],[-37.1835098710836,-10.6990996474307],[-37.1814881150844,-10.7007684483052],[-37.1824254919429,-10.7016223231117],[-37.181563646445,-10.7024901257187],[-37.1823197271736,-10.7033987341642],[-37.1848899868833,-10.701387947196],[-37.1866602070029,-10.7025000245565],[-37.1893136629951,-10.7019145569112],[-37.1882869357934,-10.6998723701137],[-37.1874002950875,-10.6993756044006],[-37.1877121251145,-10.6989090343244],[-37.1873002940733,-10.6986021406762],[-37.1861773969693,-10.7002936386405],[-37.1854742692221,-10.7004331540668]]]}},{"type":"Feature","properties":{"id":"7392","municipality":"2800308","density":"Pouco densa","type":"Área urbanizada","state":"SE"},"geometry":{"type":"Polygon","coordinates":[[[-37.1907873874279,-11.0534485343224],[-37.1909784537926,-11.0552919520619],[-37.1899648512968,-11.0550283967431],[-37.1900122212869,-11.0555040661597],[-37.191439481347,-11.0560155897476],[-37.1919541921322,-11.0569778436525],[-37.1930767537891,-11.0576593651875],[-37.1910905156147,-11.0533377981009],[-37.1907873874279,-11.0534485343224]]]}},{"type":"Feature","properties":{"id":"7393","municipality":"2800308","density":"Pouco densa","type":"Área urbanizada","state":"SE"},"geometry":{"type":"Polygon","coordinates":[[[-37.1489555258768,-11.1068733612166],[-37.150345079162,-11.1065540182533],[-37.1513873817222,-11.1057511592885],[-37.1510449108939,-11.1050898778955],[-37.1526192209003,-11.104597464901],[-37.1516990687569,-11.1030908360732],[-37.1510040313109,-11.1043772083414],[-37.1496728943885,-11.1047573931392],[-37.1494642112044,-11.1058193126111],[-37.1485058162904,-11.1057348698683],[-37.1478792972917,-11.1044731426214],[-37.1468449708187,-11.1049796983543],[-37.1469410561847,-11.1058717089122],[-37.1478930722075,-11.1061931877654],[-37.1479811868822,-11.1073814889645],[-37.1476716240461,-11.1077291623709],[-37.1462916368495,-11.1076929421755],[-37.1460829338802,-11.1087548499563],[-37.1486692977498,-11.108585538192],[-37.1485700233878,-11.1078120375954],[-37.1491179911023,-11.1075299193702],[-37.1489555258768,-11.1068733612166]]]}},{"type":"Feature","properties":{"id":"7394","municipality":"2800308","density":"Pouco densa","type":"Área urbanizada","state":"SE"},"geometry":{"type":"Polygon","coordinates":[[[-36.9376867899134,-10.6802313771763],[-36.9327291125584,-10.6796284455962],[-36.9329308862514,-10.6810561409281],[-36.9357642471223,-10.6804185233961],[-36.9395038701075,-10.6817603019963],[-36.942042724592,-10.6831894272502],[-36.9420270062413,-10.6837817198505],[-36.9428386479852,-10.6848103868898],[-36.9431475228399,-10.6844627818319],[-36.9428763907328,-10.6833888788936],[-36.9436367603281,-10.6829640571455],[-36.9376867899134,-10.6802313771763]]]}},{"type":"Feature","properties":{"id":"7395","municipality":"2800308","density":"Pouco densa","type":"Área urbanizada","state":"SE"},"geometry":{"type":"Polygon","coordinates":[[[-37.1577994597772,-10.8977326586352],[-37.1556736144457,-10.897497395988],[-37.1557146792889,-10.8979418427418],[-37.1541463623647,-10.898257261963],[-37.1542491090091,-10.898912201337],[-37.155535402137,-10.9001906173031],[-37.1556699218294,-10.9019137812959],[-37.1620662671445,-10.900536633259],[-37.1619483048703,-10.8974024518616],[-37.1594806973762,-10.8973205020395],[-37.1577994597772,-10.8977326586352]]]}},{"type":"Feature","properties":{"id":"7396","municipality":"2800308","density":"Pouco densa","type":"Área urbanizada","state":"SE"},"geometry":{"type":"Polygon","coordinates":[[[-37.106116367876,-11.0474609281792],[-37.108794539936,-11.0468234932096],[-37.1078896546838,-11.0456432049699],[-37.1037286660451,-11.0463641033207],[-37.1046564759156,-11.0475743308906],[-37.1007826210211,-11.0487770464235],[-37.100445068585,-11.0479380769807],[-37.0929701402597,-11.0513584316462],[-37.0942354081375,-11.0534076403503],[-37.1016296951543,-11.050755968613],[-37.1028414488737,-11.0525665988694],[-37.1035076288739,-11.0523469259698],[-37.1024158321249,-11.0505394478372],[-37.1054276607579,-11.0501442011939],[-37.1046261849504,-11.0487001112211],[-37.1062798466376,-11.0482394820664],[-37.106116367876,-11.0474609281792]]]}},{"type":"Feature","properties":{"id":"7397","municipality":"2800308","density":"Pouco densa","type":"Área urbanizada","state":"SE"},"geometry":{"type":"Polygon","coordinates":[[[-37.2134928454184,-10.8820469083381],[-37.2132638285628,-10.8816259123059],[-37.212419729387,-10.881782288222],[-37.2112436940412,-10.8808626648801],[-37.2112669199324,-10.8799736517625],[-37.2106382974194,-10.878771467729],[-37.20975125022,-10.878274372864],[-37.208480765375,-10.8809700520262],[-37.2073430285579,-10.8808816936352],[-37.2070938237209,-10.8812311773769],[-37.2073808342581,-10.88402590697],[-37.2064576513994,-10.8872048719073],[-37.2045186663034,-10.8879262981601],[-37.2062514035794,-10.8882078111415],[-37.2084245289688,-10.8854166185821],[-37.2121824981237,-10.8839706058587],[-37.2126932078252,-10.8827974933096],[-37.2134928454184,-10.8820469083381]]]}},{"type":"Feature","properties":{"id":"7398","municipality":"2800308","density":"Pouco densa","type":"Área urbanizada","state":"SE"},"geometry":{"type":"Polygon","coordinates":[[[-37.2055961728251,-10.8742540813607],[-37.2034426841325,-10.8717082472378],[-37.2033397989925,-10.8710532548038],[-37.2040194859105,-10.8702996256272],[-37.2052062960337,-10.870804365629],[-37.2046454005647,-10.8693073973185],[-37.2038689780708,-10.8691689763671],[-37.2037935816085,-10.8697601061439],[-37.2025711628289,-10.8706184910505],[-37.2008571233575,-10.8696258373624],[-37.2006633050674,-10.8701546387255],[-37.2052762372085,-10.8750168953134],[-37.2055961728251,-10.8742540813607]]]}},{"type":"Feature","properties":{"id":"7399","municipality":"2800308","density":"Pouco densa","type":"Área urbanizada","state":"SE"},"geometry":{"type":"Polygon","coordinates":[[[-37.0201998853164,-10.9369102799854],[-37.0146036659264,-10.9286416370019],[-37.0142975690775,-10.9288707141121],[-37.0205196977258,-10.9384007300096],[-37.0221471810475,-10.9403405343881],[-37.0225620284148,-10.9405292849984],[-37.0231159037759,-10.9400103051314],[-37.0201998853164,-10.9369102799854]]]}},{"type":"Feature","properties":{"id":"7400","municipality":"2800308","density":"Pouco densa","type":"Área urbanizada","state":"SE"},"geometry":{"type":"Polygon","coordinates":[[[-37.1086909973916,-11.0588536603681],[-37.1093168221136,-11.059375756386],[-37.1114585980358,-11.058010772579],[-37.1110642192383,-11.0570517076702],[-37.1087701197452,-11.0581442085883],[-37.1086909973916,-11.0588536603681]]]}},{"type":"Feature","properties":{"id":"7401","municipality":"2800308","density":"Pouco densa","type":"Área urbanizada","state":"SE"},"geometry":{"type":"Polygon","coordinates":[[[-37.0989737831135,-10.6178573165619],[-37.0994439882494,-10.618490200962],[-37.1027900400283,-10.6142465493387],[-37.0999844070547,-10.6161322208253],[-37.1000031354363,-10.6172928453885],[-37.0989737831135,-10.6178573165619]]]}},{"type":"Feature","properties":{"id":"7402","municipality":"2800308","density":"Pouco densa","type":"Área urbanizada","state":"SE"},"geometry":{"type":"Polygon","coordinates":[[[-37.1457554511531,-10.8047507792251],[-37.1440083696905,-10.8066547860894],[-37.1444446739825,-10.8067200759707],[-37.1452332822901,-10.8058741673589],[-37.1457229343659,-10.8059949436117],[-37.1466912946674,-10.804558181315],[-37.1457554511531,-10.8047507792251]]]}},{"type":"Feature","properties":{"id":"7403","municipality":"2800308","density":"Pouco densa","type":"Área urbanizada","state":"SE"},"geometry":{"type":"Polygon","coordinates":[[[-36.9079797716491,-10.7952570518714],[-36.9068776147101,-10.7961170132895],[-36.9063398282204,-10.7955160116546],[-36.9051828459116,-10.796724288595],[-36.9061189205517,-10.7975786670218],[-36.9074055779051,-10.7965457758668],[-36.9078704293768,-10.79709141074],[-36.9103886102461,-10.7948463395869],[-36.9087528405711,-10.7932623618685],[-36.9072644535916,-10.7945503780974],[-36.9079797716491,-10.7952570518714]]]}},{"type":"Feature","properties":{"id":"7404","municipality":"2800308","density":"Pouco densa","type":"Área urbanizada","state":"SE"},"geometry":{"type":"Polygon","coordinates":[[[-37.1571768995942,-10.7665160466782],[-37.1575962138941,-10.7664032042445],[-37.1582106873733,-10.7659316519242],[-37.1575135428157,-10.7653725982668],[-37.1587706277622,-10.7633475669366],[-37.1598157281133,-10.7631576184293],[-37.1608298791956,-10.7641577841544],[-37.1624670913831,-10.7622506476492],[-37.1617741547534,-10.7615293140266],[-37.1607711058019,-10.762207533251],[-37.1604611391702,-10.7614959347896],[-37.1599182706117,-10.761319736017],[-37.1584705177002,-10.7622572972364],[-37.1571575102109,-10.7622239009123],[-37.1569302308454,-10.7625429102271],[-37.1581211571656,-10.7630603882263],[-37.1567614721642,-10.7656175070423],[-37.1571768995942,-10.7665160466782]]]}}]}