{"type":"FeatureCollection","features":[{"type":"Feature","properties":{"id":"27006070002","state":"AL","municipality":"2700607","origin":"","accuracy":"","notes":"Sem associacao de dados do Censo Demografico 2010"},"geometry":{"type":"Polygon","coordinates":[[[-35.9067352666192,-9.83775730955217],[-35.9059093310507,-9.83808516729658],[-35.9065391811383,-9.83901604745257],[-35.9071690312257,-9.83912143000992],[-35.9075433758261,-9.83852426218495],[-35.9067352666192,-9.83775730955217]]]}},{"type":"Feature","properties":{"id":"27011000003","state":"AL","municipality":"2701100","origin":"","accuracy":"","notes":"Sem associacao de dados do Censo Demografico 2010"},"geometry":{"type":"Polygon","coordinates":[[[-36.0134357759402,-9.2434793407989],[-36.0128118676735,-9.24342655778934],[-36.0132812841039,-9.24443530574475],[-36.0134595432233,-9.24437665735679],[-36.0134357759402,-9.2434793407989]]]}},{"type":"Feature","properties":{"id":"27011000004","state":"AL","municipality":"2701100","origin":"","accuracy":"","notes":"Sem associacao de dados do Censo Demografico 2010"},"geometry":{"type":"Polygon","coordinates":[[[-36.012954474969,-9.24145010693684],[-36.0125147685416,-9.2412096471075],[-36.0125088267209,-9.24266999502419],[-36.0130436049784,-9.24268758936074],[-36.012954474969,-9.24145010693684]]]}},{"type":"Feature","properties":{"id":"27023060004","state":"AL","municipality":"2702306","origin":"","accuracy":"","notes":"Sem associacao de dados do Censo Demografico 2010"},"geometry":{"type":"Polygon","coordinates":[[[-36.1406877824152,-10.1510278912241],[-36.1399093832114,-10.1499984705529],[-36.1393627204131,-10.1501388466304],[-36.13889309772737,-10.151225022995385],[-36.139746273460396,-10.152022841425262],[-36.140438219648,-10.1517590112693],[-36.1406877824152,-10.1510278912241]]]}},{"type":"Feature","properties":{"id":"27023060006","state":"AL","municipality":"2702306","origin":"","accuracy":"","notes":"Sem associacao de dados do Censo Demografico 2010"},"geometry":{"type":"Polygon","coordinates":[[[-36.2209445030863,-10.2133360486197],[-36.2206949403192,-10.2138798965399],[-36.2212416022181,-10.2140494825975],[-36.2215802949946,-10.2135056355766],[-36.2209445030863,-10.2133360486197]]]}},{"type":"Feature","properties":{"id":"27027020001","state":"AL","municipality":"2702702","origin":"","accuracy":"","notes":"Sem associacao de dados do Censo Demografico 2010"},"geometry":{"type":"Polygon","coordinates":[[[-36.3169337984816,-10.3212485024282],[-36.3146849588155,-10.3222641074387],[-36.3133066377298,-10.3260363546206],[-36.3130164648697,-10.3315496389632],[-36.3093893041179,-10.3345964539947],[-36.3107676252036,-10.3444623312394],[-36.3140320698802,-10.3448975905296],[-36.3212138481687,-10.3419958619282],[-36.3176592306319,-10.3219013913636],[-36.3169337984816,-10.3212485024282]]]}},{"type":"Feature","properties":{"id":"27043020040","state":"AL","municipality":"2704302","origin":"","accuracy":"","notes":"Sem associacao de dados do Censo Demografico 2010"},"geometry":{"type":"Polygon","coordinates":[[[-35.713417562351,-9.53793348909933],[-35.7135920757587,-9.53754957137022],[-35.7129342944529,-9.53643091207438],[-35.712229528768,-9.53645076996371],[-35.7119073501692,-9.53739732801315],[-35.7121422720642,-9.54079300065599],[-35.7128537498032,-9.54072680852775],[-35.7131155199147,-9.53990602509849],[-35.7143975222557,-9.53884032753627],[-35.713417562351,-9.53793348909933]]]}},{"type":"Feature","properties":{"id":"27043020024","state":"AL","municipality":"2704302","origin":"","accuracy":"","notes":"Sem associacao de dados do Censo Demografico 2010"},"geometry":{"type":"Polygon","coordinates":[[[-35.7613080686503,-9.59646263756194],[-35.761435597679,-9.59725681197689],[-35.7618248968193,-9.59721048518713],[-35.7619926981728,-9.59645601943403],[-35.7613080686503,-9.59646263756194]]]}},{"type":"Feature","properties":{"id":"27043020023","state":"AL","municipality":"2704302","origin":"","accuracy":"","notes":"Sem associacao de dados do Censo Demografico 2010"},"geometry":{"type":"Polygon","coordinates":[[[-35.7664830623934,-9.5616164049704],[-35.7654359819473,-9.56131193970378],[-35.7654628301639,-9.56207972115755],[-35.7680134107377,-9.56464780514971],[-35.7673287812152,-9.56578622793154],[-35.7676643839223,-9.56665989864397],[-35.7688457054512,-9.56517730459216],[-35.7713828619167,-9.56726881932787],[-35.7716513440823,-9.56646133731556],[-35.7664830623934,-9.5616164049704]]]}},{"type":"Feature","properties":{"id":"27045000003","state":"AL","municipality":"2704500","origin":"","accuracy":"","notes":"Sem associacao de dados do Censo Demografico 2010"},"geometry":{"type":"Polygon","coordinates":[[[-35.2233006415183,-9.00055487523036],[-35.2240236976125,-9.001103962941],[-35.2246217139311,-9.00085931990161],[-35.2243390153077,-8.99960348563269],[-35.2233006415183,-9.00055487523036]]]}},{"type":"Feature","properties":{"id":"27045000004","state":"AL","municipality":"2704500","origin":"","accuracy":"","notes":"Sem associacao de dados do Censo Demografico 2010"},"geometry":{"type":"Polygon","coordinates":[[[-35.223827983181,-8.99901634233813],[-35.2228059189275,-8.99902177885013],[-35.2232408398865,-8.99969046982448],[-35.2235017924618,-8.99971221587242],[-35.223827983181,-8.99901634233813]]]}},{"type":"Feature","properties":{"id":"27051010003","state":"AL","municipality":"2705101","origin":"","accuracy":"","notes":"Sem associacao de dados do Censo Demografico 2010"},"geometry":{"type":"Polygon","coordinates":[[[-35.5213404253034,-9.15042635089425],[-35.5222716753452,-9.15016485035621],[-35.5215199535423,-9.1499150159998],[-35.5210225016587,-9.15026130120492],[-35.5213404253034,-9.15042635089425]]]}},{"type":"Feature","properties":{"id":"27051010004","state":"AL","municipality":"2705101","origin":"","accuracy":"","notes":"Sem associacao de dados do Censo Demografico 2010"},"geometry":{"type":"Polygon","coordinates":[[[-35.546173347498,-9.16573537833073],[-35.5459763542519,-9.16516827656148],[-35.5453137406057,-9.16506082569996],[-35.5448660286826,-9.16645768689996],[-35.545474916898,-9.16658901573075],[-35.546173347498,-9.16573537833073]]]}},{"type":"Feature","properties":{"id":"27051010002","state":"AL","municipality":"2705101","origin":"","accuracy":"","notes":"Sem associacao de dados do Censo Demografico 2010"},"geometry":{"type":"Polygon","coordinates":[[[-35.5254695747961,-9.14719644552629],[-35.5256747499262,-9.14674762492935],[-35.5237073625135,-9.14625716639011],[-35.5223084990431,-9.14685290878448],[-35.5226553870196,-9.14739586387806],[-35.5237488382497,-9.14739586387806],[-35.5254695747961,-9.14719644552629]]]}},{"type":"Feature","properties":{"id":"27051010001","state":"AL","municipality":"2705101","origin":"","accuracy":"","notes":"Sem associacao de dados do Censo Demografico 2010"},"geometry":{"type":"Polygon","coordinates":[[[-35.5219046569111,-9.14597821819159],[-35.521596894216,-9.14552939759457],[-35.5202632558706,-9.14529857557323],[-35.5199426697299,-9.14564480860522],[-35.5201350214143,-9.14696562350504],[-35.5207377233589,-9.14718362208075],[-35.5219046569111,-9.14597821819159]]]}},{"type":"Feature","properties":{"id":"27081050002","state":"AL","municipality":"2708105","origin":"","accuracy":"","notes":"Sem associacao de dados do Censo Demografico 2010"},"geometry":{"type":"Polygon","coordinates":[[[-36.2433358314834,-9.14916964836056],[-36.2430327905308,-9.14976215320077],[-36.2436982924422,-9.15043091965118],[-36.2446490089446,-9.15034878996467],[-36.2446430671238,-9.14992641167454],[-36.2433358314834,-9.14916964836056]]]}},{"type":"Feature","properties":{"id":"27081050001","state":"AL","municipality":"2708105","origin":"","accuracy":"","notes":"Sem associacao de dados do Censo Demografico 2010"},"geometry":{"type":"Polygon","coordinates":[[[-36.246872704112,-9.14112580171433],[-36.2467419813573,-9.141923647858],[-36.2470984995961,-9.14235776859607],[-36.2476035678503,-9.14199404588845],[-36.2477342915043,-9.14112580171433],[-36.246872704112,-9.14112580171433]]]}},{"type":"Feature","properties":{"id":"27081050010","state":"AL","municipality":"2708105","origin":"","accuracy":"","notes":"Sem associacao de dados do Censo Demografico 2010"},"geometry":{"type":"Polygon","coordinates":[[[-36.2302851001772,-9.16579377826019],[-36.2294829318917,-9.16642731736676],[-36.2301187246994,-9.1668262116603],[-36.2305227793028,-9.16598735912925],[-36.2302851001772,-9.16579377826019]]]}},{"type":"Feature","properties":{"id":"27083030002","state":"AL","municipality":"2708303","origin":"","accuracy":"","notes":"Sem associacao de dados do Censo Demografico 2010"},"geometry":{"type":"Polygon","coordinates":[[[-36.0618829754319,-9.00953080246174],[-36.0620575107155,-9.00922677325815],[-36.06143959951,-9.00941960659562],[-36.0615578330892,-9.00980808835578],[-36.0618829754319,-9.00953080246174]]]}},{"type":"Feature","properties":{"id":"27086000001","state":"AL","municipality":"2708600","origin":"","accuracy":"","notes":"Sem associacao de dados do Censo Demografico 2010"},"geometry":{"type":"Polygon","coordinates":[[[-36.1053275477759,-9.78363795469122],[-36.1045135188895,-9.78821217085653],[-36.107901131409,-9.79479641219507],[-36.107052662839,-9.79186903908449],[-36.1051334331953,-9.78841254719778],[-36.1061603619443,-9.78602681638466],[-36.1059349385603,-9.78406688529673],[-36.1053275477759,-9.78363795469122]]]}},{"type":"Feature","properties":{"id":"27093010002","state":"AL","municipality":"2709301","origin":"","accuracy":"","notes":"Sem associacao de dados do Censo Demografico 2010"},"geometry":{"type":"Polygon","coordinates":[[[-36.0571845271442,-9.13039888979689],[-36.0553959914318,-9.12946021701538],[-36.0528647065409,-9.12914928181386],[-36.0517060209161,-9.12919034845579],[-36.0488241596072,-9.131425559442],[-36.0495431397041,-9.13315622557929],[-36.0544274476685,-9.1381193771075],[-36.0549444004637,-9.13796097951553],[-36.0554435268972,-9.13671139761289],[-36.0583550973099,-9.13476955087401],[-36.0586819064448,-9.13394235625471],[-36.0582124900144,-9.1314548935285],[-36.0571845271442,-9.13039888979689]]]}},{"type":"Feature","properties":{"id":"27006070001","state":"AL","municipality":"2700607","origin":"face","accuracy":"boa","notes":""},"geometry":{"type":"Polygon","coordinates":[[[-35.9089337996551,-9.83758167105727],[-35.9072343930527,-9.83824324203193],[-35.9078880113226,-9.83885797361654],[-35.9093259706171,-9.83818469526745],[-35.9089337996551,-9.83758167105727]]]}},{"type":"Feature","properties":{"id":"27011000005","state":"AL","municipality":"2701100","origin":"face","accuracy":"boa","notes":""},"geometry":{"type":"Polygon","coordinates":[[[-36.0114986893131,-9.23985486161253],[-36.0108213037601,-9.23970237526436],[-36.0104885528044,-9.24034751202801],[-36.0082246579416,-9.24004840291144],[-36.0078621969828,-9.24058210647899],[-36.0095021835789,-9.24317436990122],[-36.0105539146314,-9.24322715381004],[-36.0112372429044,-9.24381363589055],[-36.0123899867085,-9.24668151993615],[-36.0140002642008,-9.24669911427265],[-36.0147251852191,-9.24742634474995],[-36.0146835915745,-9.24810079131839],[-36.0114927474923,-9.24859929362247],[-36.0097220372422,-9.24933825035994],[-36.0099300063646,-9.25171345611109],[-36.0105479728106,-9.25246999909116],[-36.0125088267209,-9.25190112573632],[-36.0152837316588,-9.25030592807605],[-36.0166325618432,-9.25051705831556],[-36.0176011047072,-9.24976050993958],[-36.0205067332991,-9.24868139992662],[-36.0206255733115,-9.2480831969819],[-36.0199600714001,-9.24622993256533],[-36.0185696475712,-9.24543818652302],[-36.0170485000882,-9.24644692908249],[-36.0161453190512,-9.24605985367924],[-36.0154203971336,-9.24634722754247],[-36.0129901267929,-9.24418898413428],[-36.0114986893131,-9.23985486161253]]]}},{"type":"Feature","properties":{"id":"27011000001","state":"AL","municipality":"2701100","origin":"face","accuracy":"boa","notes":""},"geometry":{"type":"Polygon","coordinates":[[[-36.0105539146314,-9.24547337519607],[-36.0086227707242,-9.24492208448658],[-36.0090684189723,-9.24617128417737],[-36.0098705872578,-9.24641760488852],[-36.0111065192504,-9.2480831969819],[-36.0115878193224,-9.24789552465871],[-36.0105539146314,-9.24547337519607]]]}},{"type":"Feature","properties":{"id":"27013080001","state":"AL","municipality":"2701308","origin":"face","accuracy":"boa","notes":""},"geometry":{"type":"Polygon","coordinates":[[[-36.1555750904059,-9.38010415187522],[-36.150928139317,-9.38617902931998],[-36.1482043491583,-9.38658347088899],[-36.1470983252757,-9.38723552974517],[-36.1474367355681,-9.38745838530359],[-36.1459510318452,-9.38799488942576],[-36.1452577034412,-9.38890281947864],[-36.1461078561271,-9.39122216806829],[-36.1484437125359,-9.39363230966323],[-36.1493351347696,-9.39529134548714],[-36.1494094199558,-9.39657895538033],[-36.1487078376422,-9.39666149447604],[-36.1472221339193,-9.39507674383827],[-36.1452081799838,-9.3939294504078],[-36.1425091515538,-9.39348373929093],[-36.1404951976183,-9.39674403357176],[-36.1391993338156,-9.3972887916035],[-36.1363517350133,-9.40011575563181],[-36.135163172035,-9.4002313103658],[-36.1325219209721,-9.40222462952737],[-36.1310485981135,-9.40420556782458],[-36.1311393911188,-9.40593888883464],[-36.1341520681125,-9.40641348863502],[-36.1382996576723,-9.40439128078993],[-36.1388774313423,-9.40525381434018],[-36.1397028222995,-9.40490302318339],[-36.1404951976183,-9.40509286310355],[-36.1404498011157,-9.40584809582935],[-36.1409078930969,-9.40572428718578],[-36.1413040807564,-9.40522079870191],[-36.1410399556501,-9.40412715568364],[-36.1391745720869,-9.40315732130897],[-36.1382790228983,-9.40189447314452],[-36.1421048614327,-9.39889917479529],[-36.1420065566125,-9.39829223983558],[-36.1432148608222,-9.3970246664972],[-36.1441888221517,-9.39750339325236],[-36.1451586565263,-9.39656657451596],[-36.1467764228024,-9.39695038131106],[-36.1471437217783,-9.39743323502102],[-36.1469456279486,-9.3979037078666],[-36.1483364117114,-9.39879513010034],[-36.1481672065652,-9.39912941343799],[-36.1450678635211,-9.39870846404982],[-36.1494506895036,-9.39968861581147],[-36.1497354493839,-9.400295278165],[-36.1491865643973,-9.40013432692833],[-36.1518236885055,-9.40177272797832],[-36.1524386047686,-9.4013476516354],[-36.152508763,-9.40037781726071],[-36.15318145663,-9.39961433062532],[-36.1525252708191,-9.39857021106451],[-36.1515760712184,-9.39814100776678],[-36.1518484502342,-9.39770355055948],[-36.1496446563785,-9.39909020736752],[-36.1509405201813,-9.39769529664991],[-36.1513078191573,-9.39521499682361],[-36.1507630611255,-9.39476928570675],[-36.1511097253275,-9.39349818363271],[-36.1493681504079,-9.39183914780879],[-36.1488894236527,-9.39023788935187],[-36.1498881467109,-9.38803409549624],[-36.1521001944761,-9.38753886092194],[-36.151968131923,-9.39022138153273],[-36.1523808274016,-9.39036995190503],[-36.1524798743164,-9.38771219302294],[-36.1531732027205,-9.38649061440633],[-36.1557236607781,-9.38309825757238],[-36.1585134822133,-9.38091097153586],[-36.1571103175862,-9.37922717398324],[-36.1555750904059,-9.38010415187522]]]}},{"type":"Feature","properties":{"id":"27021080002","state":"AL","municipality":"2702108","origin":"face","accuracy":"boa","notes":""},"geometry":{"type":"Polygon","coordinates":[[[-35.7198636685209,-8.91613496464227],[-35.7192822022781,-8.91695057836538],[-35.7196022038345,-8.91597496386407],[-35.7189934203858,-8.91665399155696],[-35.7193134219422,-8.91581886554385],[-35.718474393471,-8.91636520966458],[-35.7189895179277,-8.91558471806353],[-35.7183690271049,-8.91629106296248],[-35.7186656139133,-8.91540520499528],[-35.7180646353805,-8.91609203760422],[-35.7183378074408,-8.91523349684306],[-35.7176431699159,-8.91576423113178],[-35.7179202444343,-8.91492910511863],[-35.7174129248936,-8.91574471884174],[-35.7177446338241,-8.91490569037062],[-35.7171163380852,-8.91554179102548],[-35.7170890208792,-8.91478861663046],[-35.7166207259185,-8.91582667045984],[-35.7170617036731,-8.91644716128269],[-35.7178929272282,-8.91639642932861],[-35.7189036638516,-8.91777399700447],[-35.7198636685209,-8.91613496464227]]]}},{"type":"Feature","properties":{"id":"27021080001","state":"AL","municipality":"2702108","origin":"face","accuracy":"boa","notes":""},"geometry":{"type":"Polygon","coordinates":[[[-35.7233093889999,-8.90947296099996],[-35.7157734760767,-8.90566034106427],[-35.7158245272037,-8.90742791003618],[-35.7164367226066,-8.90779522727803],[-35.7193707257596,-8.90813533583509],[-35.7201597776122,-8.90847997917303],[-35.7199829211625,-8.90943681791384],[-35.7241775933673,-8.91000820028991],[-35.725764766634,-8.9106929521849],[-35.7259881045866,-8.91376526615121],[-35.7279732048651,-8.91410310731794],[-35.7281809892413,-8.91038264416643],[-35.7233093889999,-8.90947296099996]]]}},{"type":"Feature","properties":{"id":"27023060002","state":"AL","municipality":"2702306","origin":"face","accuracy":"boa","notes":""},"geometry":{"type":"Polygon","coordinates":[[[-36.1581948100424,-10.1328711996461],[-36.1561128120565,-10.1339658301589],[-36.15495351849,-10.1378610520459],[-36.155474017312,-10.1379076315319],[-36.1574909529451,-10.1339250719844],[-36.1618797092811,-10.1330167621138],[-36.1632578501696,-10.1321084504446],[-36.1581948100424,-10.1328711996461]]]}},{"type":"Feature","properties":{"id":"27023060001","state":"AL","municipality":"2702306","origin":"face","accuracy":"boa","notes":""},"geometry":{"type":"Polygon","coordinates":[[[-36.1715154395859,-10.1261007669368],[-36.1696318320434,-10.1274227343716],[-36.1703686376025,-10.1274929273567],[-36.1718541323623,-10.1269079867142],[-36.1715154395859,-10.1261007669368]]]}},{"type":"Feature","properties":{"id":"27027020002","state":"AL","municipality":"2702702","origin":"face","accuracy":"boa","notes":""},"geometry":{"type":"Polygon","coordinates":[[[-36.3059607870917,-10.2928756041916],[-36.3064141821857,-10.2922635208147],[-36.3058247685635,-10.29277132332],[-36.3059399327127,-10.2920555641967],[-36.2991983992651,-10.2845830079228],[-36.2979334269529,-10.2855079339145],[-36.2982145319112,-10.2858887857935],[-36.2966684546407,-10.2872897766338],[-36.2966933913709,-10.2878565205013],[-36.3008940969166,-10.2925740964541],[-36.3006673993696,-10.2908149234895],[-36.298073979432,-10.2874416639903],[-36.2985772479863,-10.2871424232283],[-36.3015560537538,-10.2907197105198],[-36.3018961000743,-10.2918531982547],[-36.3030295878092,-10.2925922322579],[-36.3029207729866,-10.2954758250555],[-36.3033197606693,-10.2975841122425],[-36.3047660910191,-10.3003588902176],[-36.3070126637097,-10.2999292983661],[-36.3054688534147,-10.2952706637755],[-36.3078004376855,-10.2985940498143],[-36.309252435474,-10.2977257982094],[-36.3073980495396,-10.2948059338042],[-36.3080146668674,-10.2949147486267],[-36.3072620310114,-10.2946427115703],[-36.3073481760793,-10.2938855417634],[-36.3066680834383,-10.2936588442164],[-36.3065365988611,-10.2932190509753],[-36.3072484291586,-10.292715782421],[-36.30759300943,-10.293010489232],[-36.3072438952077,-10.2935590972957],[-36.307819706977,-10.2931827793678],[-36.3088126422328,-10.2943208010536],[-36.3091617564552,-10.294143976967],[-36.3129113338823,-10.2995031069778],[-36.309247901523,-10.293994356586],[-36.3100130057441,-10.2933539360157],[-36.3101036847629,-10.2917806550396],[-36.3073036866857,-10.292027188622],[-36.3062155384602,-10.2930609294362],[-36.3059607870917,-10.2928756041916]]]}},{"type":"Feature","properties":{"id":"27038090003","state":"AL","municipality":"2703809","origin":"face","accuracy":"boa","notes":""},"geometry":{"type":"Polygon","coordinates":[[[-35.7545343915756,-9.13708704177104],[-35.7544270497966,-9.13865020642812],[-35.755080045619,-9.13744261141406],[-35.7554344971185,-9.13746609242823],[-35.7551829148239,-9.13724246372192],[-35.7555340118928,-9.13706915147453],[-35.7545343915756,-9.13708704177104]]]}},{"type":"Feature","properties":{"id":"27038090001","state":"AL","municipality":"2703809","origin":"face","accuracy":"boa","notes":""},"geometry":{"type":"MultiPolygon","coordinates":[[[[-35.755879518244,-9.13955981619092],[-35.7547532614188,-9.13936485949381],[-35.7551032819999,-9.13956848899994],[-35.7553920076642,-9.13981922549016],[-35.755879518244,-9.13955981619092]]],[[[-35.7517256150244,-9.13010982613429],[-35.7503972605089,-9.13020375019089],[-35.7513700453814,-9.13063535359414],[-35.7500355410766,-9.13194973131538],[-35.7495167224779,-9.13346593394409],[-35.7502955094476,-9.1332244149413],[-35.7508545812133,-9.13194525874133],[-35.7505169018669,-9.13319310692247],[-35.7512392225882,-9.1344409551037],[-35.7510133575948,-9.1349731914246],[-35.7502697223986,-9.13465227267915],[-35.748819559986,-9.13499443615173],[-35.7491527667584,-9.134506925572],[-35.7487066274893,-9.13384386645783],[-35.7470282940485,-9.13599741089951],[-35.7457178298296,-9.1359169045652],[-35.7445996862981,-9.13511184122257],[-35.7444051293236,-9.13542044883731],[-35.7449686736635,-9.13632390881071],[-35.7540186449013,-9.13916678042268],[-35.7534620919288,-9.13813306504461],[-35.7529991805068,-9.13853112414194],[-35.7519760791755,-9.13831084986623],[-35.7478445388265,-9.13641895101085],[-35.7481263109965,-9.13580844464275],[-35.748888884885,-9.13597169359833],[-35.7500875347507,-9.13523148258042],[-35.750769602305,-9.1356765037059],[-35.7525921762612,-9.13580173578153],[-35.7529589273396,-9.13565414083542],[-35.7528046235322,-9.13512637708845],[-35.7544684211072,-9.13613046997977],[-35.7552209317039,-9.13601697841132],[-35.7552332312828,-9.13634571260958],[-35.7553036743253,-9.13603486870785],[-35.7562350878871,-9.13646982654166],[-35.7565302777794,-9.13616457335752],[-35.7574393284704,-9.13332113435691],[-35.7559879781666,-9.13596218937834],[-35.7513812268167,-9.13413737913481],[-35.7509384419782,-9.13324510059664],[-35.7510905094985,-9.13222535369596],[-35.7519156994248,-9.13110497387732],[-35.7523965011434,-9.13112510046086],[-35.752600003266,-9.13015231558853],[-35.7523204673832,-9.1300337923742],[-35.7522287796135,-9.13056602869516],[-35.7517256150244,-9.13010982613429]]]]}},{"type":"Feature","properties":{"id":"27042030001","state":"AL","municipality":"2704203","origin":"face","accuracy":"boa","notes":""},"geometry":{"type":"Polygon","coordinates":[[[-36.5287960138555,-9.72595603521096],[-36.5200904535327,-9.72916222937861],[-36.5044416780256,-9.7333663780223],[-36.503719753511,-9.73846231577224],[-36.5040143624122,-9.74317340405669],[-36.5052724220442,-9.74436511033258],[-36.5258101128302,-9.7312191834183],[-36.5284350515982,-9.7309458075911],[-36.5287960138555,-9.72595603521096]]]}},{"type":"Feature","properties":{"id":"27043020014","state":"AL","municipality":"2704302","origin":"face","accuracy":"boa","notes":""},"geometry":{"type":"MultiPolygon","coordinates":[[[[-35.7268776404874,-9.64956554787295],[-35.7270558999268,-9.64866928636038],[-35.7279234291984,-9.64812449878601],[-35.7277332857964,-9.64757971033103],[-35.726544889534,-9.64719308573201],[-35.7258675036643,-9.64902661966745],[-35.72550232901631,-9.649015006489185],[-35.727247161919976,-9.650702508091218],[-35.7276500980581,-9.65045594910667],[-35.7268776404874,-9.64956554787295]]],[[[-35.7249880904301,-9.648517664631274],[-35.725035032470906,-9.648563064261744],[-35.7249880904301,-9.64834710026689],[-35.7249880904301,-9.648517664631274]]]]}},{"type":"Feature","properties":{"id":"27043020018","state":"AL","municipality":"2704302","origin":"face","accuracy":"boa","notes":""},"geometry":{"type":"Polygon","coordinates":[[[-35.7246401168756,-9.63101411961002],[-35.7237071413499,-9.63219202399463],[-35.7244186190889,-9.63278759206302],[-35.7256200767802,-9.63247657331394],[-35.7256267888344,-9.63204644052921],[-35.7246401168756,-9.63101411961002]]]}},{"type":"Feature","properties":{"id":"27043020043","state":"AL","municipality":"2704302","origin":"face","accuracy":"boa","notes":""},"geometry":{"type":"Polygon","coordinates":[[[-35.7226265006331,-9.55751271976661],[-35.7213981947252,-9.55656621760662],[-35.7216666768909,-9.55725458307496],[-35.7209954714767,-9.55787675835791],[-35.7212371054258,-9.5588828266211],[-35.7207605495818,-9.5592336260397],[-35.7209015027188,-9.55981608465289],[-35.7222506256012,-9.56034559161768],[-35.7228010140408,-9.55924024489318],[-35.7236064605378,-9.55929319571638],[-35.7232775698849,-9.55880340028743],[-35.7236534449168,-9.55773776185081],[-35.7226265006331,-9.55751271976661]]]}},{"type":"Feature","properties":{"id":"27043020029","state":"AL","municipality":"2704302","origin":"face","accuracy":"boa","notes":""},"geometry":{"type":"Polygon","coordinates":[[[-35.7440312412903,-9.62642157675868],[-35.7426821184078,-9.62647451708967],[-35.7422324107803,-9.62540247376971],[-35.7413866919585,-9.62523703468278],[-35.7396885422607,-9.62388704870572],[-35.7393260913371,-9.62438998528838],[-35.7386683100312,-9.62428410396476],[-35.7400308570219,-9.62493262655113],[-35.7415276450955,-9.62607746440489],[-35.7421250179141,-9.62724215095692],[-35.7438567278826,-9.62822816086477],[-35.7434003082009,-9.62883035341948],[-35.7434808528506,-9.62953842461024],[-35.7451790025484,-9.62956489453248],[-35.7447829913541,-9.62927372527343],[-35.7456555583925,-9.62785758029744],[-35.7440312412903,-9.62642157675868]]]}},{"type":"Feature","properties":{"id":"27043020039","state":"AL","municipality":"2704302","origin":"face","accuracy":"boa","notes":""},"geometry":{"type":"Polygon","coordinates":[[[-35.7230090877192,-9.62088264879164],[-35.7233379783721,-9.62315911285234],[-35.722478835442,-9.62347014018155],[-35.722666772958,-9.62515762389226],[-35.721196833101,-9.62490615626583],[-35.7219620072731,-9.62714950558275],[-35.7235259158881,-9.62735464887711],[-35.7243313623851,-9.62665319064558],[-35.7241702730857,-9.62525688737748],[-35.7248213423374,-9.62458189510285],[-35.7244387552513,-9.62311278960861],[-35.724660253038,-9.62151794263015],[-35.7230090877192,-9.62088264879164]]]}},{"type":"Feature","properties":{"id":"27043020036","state":"AL","municipality":"2704302","origin":"face","accuracy":"boa","notes":""},"geometry":{"type":"Polygon","coordinates":[[[-35.7246938133087,-9.63405151637146],[-35.7248213423374,-9.63538822698261],[-35.7239286391366,-9.63614260588156],[-35.7239554873531,-9.63734696168105],[-35.7226869091204,-9.63680434036939],[-35.7224184269547,-9.63732049236901],[-35.7233245542638,-9.63902114144765],[-35.7231030564772,-9.64272018902087],[-35.7240897284359,-9.64483769352115],[-35.7249421593119,-9.64523472413447],[-35.7250831124489,-9.64645228176633],[-35.7263047063026,-9.64672358476995],[-35.7272309697742,-9.6459890810116],[-35.7272578179907,-9.64508252912129],[-35.7263852509523,-9.64477813888882],[-35.725801302242,-9.64356057521092],[-35.7250159919075,-9.64364659887599],[-35.7247005253628,-9.64279297845876],[-35.7254724115891,-9.64207170060799],[-35.7256402129426,-9.64076810278083],[-35.7260295120828,-9.64047694318693],[-35.7258885589459,-9.63944464805616],[-35.7275598604271,-9.63829323822208],[-35.7251972173693,-9.63761165468715],[-35.7253381705063,-9.63503088902085],[-35.7246938133087,-9.63405151637146]]]}},{"type":"Feature","properties":{"id":"27043020031","state":"AL","municipality":"2704302","origin":"face","accuracy":"boa","notes":""},"geometry":{"type":"Polygon","coordinates":[[[-35.7461455383448,-9.61103544165067],[-35.7443668439973,-9.61120088768683],[-35.7443198596183,-9.60887801793321],[-35.7433667479302,-9.60844785511797],[-35.7428700559238,-9.609109643838],[-35.7416446963544,-9.60808189398406],[-35.7414739486623,-9.60691911822767],[-35.7407020624361,-9.60687941068401],[-35.7399167521015,-9.60777282929041],[-35.7396348458276,-9.60934788746043],[-35.7399762565159,-9.61059258609666],[-35.7396348458276,-9.61246489273351],[-35.7403530356207,-9.61339800337665],[-35.7399905846971,-9.61540318987954],[-35.7421451540765,-9.61577378410319],[-35.7422861072135,-9.61512524394528],[-35.7408967120061,-9.6146355291244],[-35.7413934040127,-9.61400684013926],[-35.7425143170543,-9.61363624397955],[-35.7436814965941,-9.6134574219827],[-35.7459307526123,-9.6141193424645],[-35.7484007885363,-9.61153839734989],[-35.7484410608612,-9.61015526737791],[-35.7507298713234,-9.60760076366812],[-35.7509446570559,-9.60662792946576],[-35.7493539002244,-9.60629041490562],[-35.7463334758607,-9.61057881017086],[-35.7461455383448,-9.61103544165067]]]}},{"type":"Feature","properties":{"id":"27043020037","state":"AL","municipality":"2704302","origin":"face","accuracy":"boa","notes":""},"geometry":{"type":"Polygon","coordinates":[[[-35.722049263977,-9.6449038653225],[-35.7227271814453,-9.64383849774206],[-35.7213310741838,-9.6415820248577],[-35.7206867169862,-9.64152246965039],[-35.7203242660626,-9.64035783237153],[-35.7203242660626,-9.63853146126881],[-35.7206195964448,-9.63848514013401],[-35.7203376901709,-9.63823368243414],[-35.7209015027188,-9.63767121058491],[-35.7203376901709,-9.63734034435324],[-35.7207269893111,-9.63532205331455],[-35.7165856519058,-9.63427650763694],[-35.7133974261886,-9.6359176158601],[-35.7136256360294,-9.63665875889341],[-35.7166125001224,-9.63667199357565],[-35.7172904175907,-9.63651979469865],[-35.7174850671608,-9.63559998263327],[-35.7185321476068,-9.63553380900671],[-35.7188811744222,-9.63734696168105],[-35.7176193082436,-9.6374925428601],[-35.7164581228771,-9.63873659764646],[-35.715505011189,-9.63834617669146],[-35.71513859555653,-9.63899180210115],[-35.71618656958315,-9.64000534204821],[-35.7174783551066,-9.64000049967299],[-35.7171360403454,-9.63951082091572],[-35.7189080226388,-9.63896158578819],[-35.7190422637216,-9.63974904310265],[-35.7184247547406,-9.63916672190431],[-35.7183911944699,-9.64037106690867],[-35.7171360403454,-9.64067546111913],[-35.7171231855639,-9.640911182925397],[-35.71998936761856,-9.6436831886566],[-35.722049263977,-9.6449038653225]]]}},{"type":"Feature","properties":{"id":"27043020004","state":"AL","municipality":"2704302","origin":"face","accuracy":"boa","notes":""},"geometry":{"type":"Polygon","coordinates":[[[-35.6212719646615,-9.54190199465075],[-35.6201845820813,-9.53959323673289],[-35.6210818212595,-9.5419547325931],[-35.6199766127354,-9.54195473259311],[-35.6185743051456,-9.54115780281647],[-35.618104888622,-9.54162658526366],[-35.6178850353134,-9.54312668476209],[-35.6210164594651,-9.54380055543447],[-35.6222821014846,-9.54286299587541],[-35.622478186868,-9.54188441533482],[-35.6212719646615,-9.54190199465075]]]}},{"type":"Feature","properties":{"id":"27043020016","state":"AL","municipality":"2704302","origin":"face","accuracy":"boa","notes":""},"geometry":{"type":"Polygon","coordinates":[[[-35.7397123201224,-9.63106575875242],[-35.7390884120846,-9.63185076091175],[-35.739636401496,-9.63308704856073],[-35.7398450320924,-9.63264146132777],[-35.7420772286848,-9.63356721449806],[-35.741815781507,-9.63312199188051],[-35.7424575154888,-9.63304583532133],[-35.7423386758625,-9.6323721419342],[-35.7397123201224,-9.63106575875242]]]}},{"type":"Feature","properties":{"id":"27043020019","state":"AL","municipality":"2704302","origin":"face","accuracy":"boa","notes":""},"geometry":{"type":"Polygon","coordinates":[[[-35.7222205721619,-9.63019776523187],[-35.7222707617636,-9.63053766273606],[-35.7211230005054,-9.63056413258054],[-35.7209149268271,-9.63101411961002],[-35.7218948867317,-9.63180159546854],[-35.7230225118275,-9.63053104527528],[-35.7222205721619,-9.63019776523187]]]}},{"type":"Feature","properties":{"id":"27043020045","state":"AL","municipality":"2704302","origin":"face","accuracy":"boa","notes":""},"geometry":{"type":"Polygon","coordinates":[[[-35.727365210857,-9.55260147016381],[-35.7277813582138,-9.55274046876843],[-35.7299351947058,-9.55209348761338],[-35.7302312579754,-9.55458181305942],[-35.7298016865104,-9.55442830443859],[-35.7292781462873,-9.55486515466055],[-35.7276739653475,-9.55346193680441],[-35.7262308737071,-9.55323689189308],[-35.725942255379,-9.55238304367056],[-35.7249622954744,-9.55293241912911],[-35.7250428401241,-9.55480558420878],[-35.7257945901879,-9.55544100182374],[-35.7266805813346,-9.55524243394649],[-35.7270027599334,-9.55631469910742],[-35.7277734875269,-9.55640578790685],[-35.727553148373,-9.55663240665444],[-35.7284659877362,-9.55757228974455],[-35.7278619028635,-9.55798927929829],[-35.7278753269717,-9.55870411734429],[-35.7261973134364,-9.56162964258448],[-35.7268819429588,-9.56212605274156],[-35.7265060679269,-9.56317182110147],[-35.7272041215576,-9.56581932156007],[-35.7299426396473,-9.56589874625532],[-35.7297547021313,-9.56658709283703],[-35.7306943897111,-9.56690479078931],[-35.7306943897112,-9.5677519838771],[-35.7322381621637,-9.56802996864892],[-35.7328959434696,-9.56911543081902],[-35.7344397159221,-9.56930075328209],[-35.7352720106356,-9.56875802292632],[-35.7350438007948,-9.56707687705607],[-35.7355539169096,-9.56658709283703],[-35.7380776492667,-9.56674594185024],[-35.7383192832158,-9.56573989684624],[-35.7394469083116,-9.56554133498053],[-35.7410712254139,-9.56662680509726],[-35.7417155826114,-9.56640176889444],[-35.7420243371019,-9.56599140837633],[-35.7395543011779,-9.56366161024023],[-35.7392455466873,-9.56399254844818],[-35.7384535242987,-9.56383369814859],[-35.7375004126107,-9.56290706992191],[-35.7362519705403,-9.56374103543953],[-35.7347081980877,-9.56330419661398],[-35.7343860194889,-9.56432348633407],[-35.7331241533103,-9.5646279489046],[-35.7340504167819,-9.56139798426325],[-35.7327080059536,-9.55909463008689],[-35.7341309614316,-9.55951823662303],[-35.7348827114954,-9.55827389092243],[-35.7352317383108,-9.55830036641027],[-35.735527068693,-9.55852540797353],[-35.7352854347439,-9.55934614653135],[-35.7358626714001,-9.55946528583485],[-35.7366681178971,-9.55904167923288],[-35.7369366000627,-9.55810180020138],[-35.7364936044894,-9.5568839249189],[-35.734479988247,-9.55593080209237],[-35.7345739570049,-9.5544084475971],[-35.7339295998073,-9.55149609828828],[-35.7323992514631,-9.55120486198725],[-35.7316676375616,-9.54999358106146],[-35.7302111218129,-9.54946405799412],[-35.7283518828158,-9.55018553297219],[-35.727318226478,-9.55191309528565],[-35.727365210857,-9.55260147016381]]]}},{"type":"Feature","properties":{"id":"27043020027","state":"AL","municipality":"2704302","origin":"face","accuracy":"boa","notes":""},"geometry":{"type":"Polygon","coordinates":[[[-35.7396214217193,-9.5899569554245],[-35.7389770645217,-9.59122765798231],[-35.7373795956361,-9.59163136977733],[-35.7393596516078,-9.59517210016822],[-35.739131441767,-9.59578758784591],[-35.7399838726429,-9.59648249194502],[-35.7404671405411,-9.59619129421026],[-35.7407624709234,-9.59498017367453],[-35.7401583860506,-9.59459632036109],[-35.7394334842033,-9.59249835577805],[-35.7405611092991,-9.59151885998114],[-35.7406416539488,-9.59065187147582],[-35.7396214217193,-9.5899569554245]]]}},{"type":"Feature","properties":{"id":"27043020028","state":"AL","municipality":"2704302","origin":"face","accuracy":"boa","notes":""},"geometry":{"type":"Polygon","coordinates":[[[-35.7571264589202,-9.62259661589162],[-35.7565827825348,-9.62151132499213],[-35.7558914409582,-9.62145176624434],[-35.7530723782188,-9.62296058462016],[-35.7517970879319,-9.62318558327449],[-35.7517702397153,-9.62239146970823],[-35.7529515612442,-9.62124000172271],[-35.7526629429161,-9.61965176358167],[-35.7538442644451,-9.61879808249747],[-35.7557907601461,-9.61932087969636],[-35.7558041842544,-9.61978411704511],[-35.7571398830285,-9.61920176141836],[-35.7557974722002,-9.61837454999672],[-35.7540926104483,-9.61808337109471],[-35.7532804518972,-9.61625026179411],[-35.7514346370083,-9.61802381174295],[-35.7511527307344,-9.61898999548717],[-35.7506224784572,-9.61881131787957],[-35.7504546771036,-9.61803042944922],[-35.7494814292531,-9.61773263253887],[-35.7490115854632,-9.61874514096388],[-35.7478571121509,-9.6186855817287],[-35.7483269559408,-9.61736865818114],[-35.747910808584,-9.61684585796359],[-35.7465885339181,-9.61819587206385],[-35.7465683977557,-9.6196848519524],[-35.747058377708,-9.61961205753253],[-35.7482128510204,-9.62053191314005],[-35.748810223839,-9.62222602914707],[-35.7478504000967,-9.62430395671548],[-35.7468771522462,-9.62364219773004],[-35.7478034157178,-9.62480027510399],[-35.7480584737751,-9.62680539397052],[-35.747293299603,-9.62683186410698],[-35.7481054581541,-9.62783772775556],[-35.7500385297469,-9.62715612311032],[-35.7545691662923,-9.62435027979592],[-35.7572204276782,-9.62335764096788],[-35.7579923139045,-9.62222602914707],[-35.7571264589202,-9.62259661589162]]]}},{"type":"Feature","properties":{"id":"27043020034","state":"AL","municipality":"2704302","origin":"face","accuracy":"boa","notes":""},"geometry":{"type":"Polygon","coordinates":[[[-35.7269222152837,-9.60756105620435],[-35.7260295120828,-9.608242700352],[-35.7264725076562,-9.60920891203436],[-35.7256200767802,-9.61040012811975],[-35.7257274696465,-9.6112339768844],[-35.7265799005224,-9.61295461069696],[-35.7262174495988,-9.61356344825756],[-35.7272108336117,-9.61407301798217],[-35.7267812621467,-9.61500612418927],[-35.7269960478792,-9.6159921697949],[-35.728170657354,-9.6167465920082],[-35.7288552868764,-9.61614437792083],[-35.7293251306663,-9.61741498221206],[-35.7307883584691,-9.6167465920082],[-35.7309024633895,-9.61628996823804],[-35.7293251306663,-9.61509215512839],[-35.7287613181184,-9.61530392350068],[-35.7282780502202,-9.61497965312666],[-35.7284861238986,-9.61300093533248],[-35.7271705612869,-9.61102882380749],[-35.7278753269717,-9.60941406621463],[-35.728788166335,-9.60893096101111],[-35.7280565524336,-9.60901699349508],[-35.7282109296788,-9.60785886206879],[-35.7276806774016,-9.60760076366808],[-35.7269222152837,-9.60756105620435]]]}},{"type":"Feature","properties":{"id":"27043020005","state":"AL","municipality":"2704302","origin":"face","accuracy":"boa","notes":""},"geometry":{"type":"Polygon","coordinates":[[[-35.659918611118,-9.57465068428387],[-35.6584806516404,-9.57395343783144],[-35.6581419587056,-9.57264097003861],[-35.6597522356413,-9.57086268527519],[-35.6564663199754,-9.5738743383536],[-35.6564900879007,-9.57448369681847],[-35.6580528289859,-9.5742141730169],[-35.6567099412092,-9.57506375818772],[-35.6568703747047,-9.5760598208541],[-35.6590273139211,-9.57569069208899],[-35.6579696412475,-9.57722579638155],[-35.656781244985,-9.57799920507568],[-35.6601978842397,-9.57690354223913],[-35.6608277342588,-9.57631469524343],[-35.659918611118,-9.57465068428387]]]}},{"type":"Feature","properties":{"id":"27043020011","state":"AL","municipality":"2704302","origin":"face","accuracy":"boa","notes":""},"geometry":{"type":"MultiPolygon","coordinates":[[[[-35.7246078036261,-9.64593948170937],[-35.722819267251,-9.64547670147613],[-35.72211822459195,-9.645742096157454],[-35.72292229254532,-9.646519744238601],[-35.723560860529304,-9.647137330308714],[-35.7243225885231,-9.64680060273094],[-35.7246078036261,-9.64593948170937]]],[[[-35.72183848279814,-9.6454715460525],[-35.72202781485844,-9.645654657085316],[-35.722038686383236,-9.645665171396152],[-35.721868550241,-9.64524824011411],[-35.72183848279814,-9.6454715460525]]]]}},{"type":"Feature","properties":{"id":"27043020015","state":"AL","municipality":"2704302","origin":"face","accuracy":"boa","notes":""},"geometry":{"type":"Polygon","coordinates":[[[-35.7373355275974,-9.65733304777225],[-35.7366878516343,-9.65671798078169],[-35.7391121800098,-9.65109445906911],[-35.7401163748517,-9.64574031054763],[-35.7426595428534,-9.64117105746768],[-35.7430101197508,-9.64125892830307],[-35.7443530075275,-9.63779094195724],[-35.7449650316026,-9.63797840159009],[-35.7444243113032,-9.63749217795212],[-35.7456127075657,-9.63508448190226],[-35.7460999500333,-9.63520750328474],[-35.7456602434162,-9.63473885015911],[-35.7462960354166,-9.63492631148746],[-35.7457909670051,-9.63453967238367],[-35.7460880660707,-9.63384840742762],[-35.7466525542954,-9.63401829470905],[-35.7463079193793,-9.63339146879814],[-35.7468961755292,-9.63346762527934],[-35.7464683528747,-9.63292867135059],[-35.7472526944079,-9.6329638205461],[-35.7463613972111,-9.63158714098717],[-35.7453631443506,-9.6317043054235],[-35.7451314070794,-9.63349105803931],[-35.7443114136583,-9.63479157366822],[-35.7427427305918,-9.63477399916612],[-35.7432775089099,-9.63653144484844],[-35.7428140343675,-9.63688879101747],[-35.742404037657,-9.63842361780064],[-35.7411205696935,-9.63971239825606],[-35.7413701329086,-9.64081371583454],[-35.7392726135053,-9.64400048686677],[-35.7387140672619,-9.64424066508076],[-35.7389339205705,-9.64511936440571],[-35.7376801625135,-9.64468587302495],[-35.7388447908508,-9.64530681996529],[-35.738601169617,-9.6458047482893],[-35.7347091718573,-9.64441640512896],[-35.7358738001945,-9.645054926533],[-35.7356182949981,-9.64665415373286],[-35.7367532134288,-9.6470876425826],[-35.7365393021015,-9.64767343743977],[-35.7367888653167,-9.64733953449596],[-35.7380485653549,-9.6479546186096],[-35.738125811112,-9.65033879118403],[-35.7368661110737,-9.65053795962828],[-35.736509592195,-9.6498701590861],[-35.7359153940637,-9.64943081590238],[-35.7366462577652,-9.65037393856509],[-35.7356836567925,-9.65019820162309],[-35.735463803484,-9.65049109647553],[-35.7350894586613,-9.65013962262205],[-35.7353271379138,-9.65174468356709],[-35.7367532134288,-9.65213716080986],[-35.7359332200077,-9.65442757858359],[-35.7351429364931,-9.65592717871442],[-35.7345546803432,-9.65478490578323],[-35.7348458374275,-9.65602090350091],[-35.7333128062488,-9.65521838417226],[-35.7327899118934,-9.65533554039784],[-35.7326776086918,-9.655954522543693],[-35.73419346387276,-9.657420570118186],[-35.73574764267806,-9.658923682088547],[-35.7365987219147,-9.65702844330782],[-35.7373355275974,-9.65733304777225]]]}},{"type":"Feature","properties":{"id":"27043020038","state":"AL","municipality":"2704302","origin":"face","accuracy":"boa","notes":""},"geometry":{"type":"Polygon","coordinates":[[[-35.7101018076052,-9.63200011850435],[-35.7101756402007,-9.63232437254508],[-35.7116053077329,-9.63117955586715],[-35.7117865331947,-9.63049134050471],[-35.7110146469684,-9.62989576838578],[-35.7105515152326,-9.62855903602775],[-35.7069807024294,-9.62877741345772],[-35.7070209747543,-9.62951857216717],[-35.7079338141175,-9.63066339447683],[-35.7069739903752,-9.63086191818187],[-35.706907924168355,-9.631031572142067],[-35.70759302883357,-9.631694165802294],[-35.708222065591265,-9.632302533820866],[-35.7090547271591,-9.63192070930403],[-35.7101018076052,-9.63200011850435]]]}},{"type":"Feature","properties":{"id":"27045000010","state":"AL","municipality":"2704500","origin":"face","accuracy":"boa","notes":""},"geometry":{"type":"Polygon","coordinates":[[[-35.2245823353371,-9.01149812680397],[-35.2238529215798,-9.01170711613895],[-35.2250371944779,-9.01151861595446],[-35.2252338903226,-9.01093467516562],[-35.2245823353371,-9.01149812680397]]]}},{"type":"Feature","properties":{"id":"27045000002","state":"AL","municipality":"2704500","origin":"face","accuracy":"boa","notes":""},"geometry":{"type":"Polygon","coordinates":[[[-35.2014424655122,-8.98883647364322],[-35.2006738786301,-8.98792042137347],[-35.2008695930616,-8.98712125411144],[-35.199912766952,-8.98689835711999],[-35.1985645119793,-8.98571863401889],[-35.1980099877567,-8.98614811846584],[-35.1970151060631,-8.9851532367723],[-35.200313709711,-8.98845184042016],[-35.2014424655122,-8.98883647364322]]]}},{"type":"Feature","properties":{"id":"27045000007","state":"AL","municipality":"2704500","origin":"face","accuracy":"boa","notes":""},"geometry":{"type":"Polygon","coordinates":[[[-35.2229070890181,-9.00791344904104],[-35.2226107991147,-9.00632870579647],[-35.2218646378444,-9.00592096739735],[-35.2204824046714,-9.00633686056443],[-35.2208881043786,-9.00696477769913],[-35.22112459265,-9.0069403133951],[-35.2215304622482,-9.00671308418309],[-35.2217129251817,-9.00669431122764],[-35.2214855260788,-9.00707393266628],[-35.2213231102831,-9.00683608526687],[-35.2217430808341,-9.00760467214895],[-35.2220264590214,-9.00755030702907],[-35.2216785222543,-9.00787649774834],[-35.2220889789092,-9.00856421651463],[-35.2229070890181,-9.00791344904104]]]}},{"type":"Feature","properties":{"id":"27045000008","state":"AL","municipality":"2704500","origin":"face","accuracy":"boa","notes":""},"geometry":{"type":"Polygon","coordinates":[[[-35.2210912940142,-9.00971871080311],[-35.2198551671008,-9.00826070624427],[-35.2196417840053,-9.0085243770757],[-35.2190675524266,-9.00804392532874],[-35.2187304886833,-9.00836467953605],[-35.2205897757832,-9.01054743909924],[-35.2221527729798,-9.00972924404505],[-35.2210912940142,-9.00971871080311]]]}},{"type":"Feature","properties":{"id":"27045000009","state":"AL","municipality":"2704500","origin":"face","accuracy":"boa","notes":""},"geometry":{"type":"Polygon","coordinates":[[[-35.2240824000653,-9.01081174026269],[-35.2247257593905,-9.01117234931125],[-35.2241807479876,-9.01049620734521],[-35.2231460458881,-9.011035072003],[-35.2240824000653,-9.01081174026269]]]}},{"type":"Feature","properties":{"id":"27045000011","state":"AL","municipality":"2704500","origin":"face","accuracy":"boa","notes":""},"geometry":{"type":"Polygon","coordinates":[[[-35.2420631541708,-9.05189513382299],[-35.2423941162023,-9.04973002978444],[-35.2420135827652,-9.04978397513758],[-35.2418196710903,-9.05073457973896],[-35.2416022494475,-9.04986616890206],[-35.2415684187726,-9.05247757696072],[-35.2417713754195,-9.05213187373415],[-35.2420631541708,-9.05189513382299]]]}},{"type":"Feature","properties":{"id":"27045000001","state":"AL","municipality":"2704500","origin":"face","accuracy":"boa","notes":""},"geometry":{"type":"Polygon","coordinates":[[[-35.1973698384702,-8.98323856520708],[-35.1977096204694,-8.98270306877642],[-35.1969648183272,-8.98125967484401],[-35.1957416031303,-8.98098784924469],[-35.1963470946528,-8.98252638213687],[-35.1968438559356,-8.9828264096421],[-35.1966114450481,-8.98299086412969],[-35.1969580226873,-8.98303027884161],[-35.1966875562159,-8.98332283114286],[-35.1973698384702,-8.98323856520708]]]}},{"type":"Feature","properties":{"id":"27047080001","state":"AL","municipality":"2704708","origin":"face","accuracy":"boa","notes":""},"geometry":{"type":"Polygon","coordinates":[[[-35.894817315067,-9.72151460841241],[-35.8945202159352,-9.72118956374731],[-35.8938768040712,-9.72281888168601],[-35.8940463424647,-9.72348683155201],[-35.8944548541082,-9.72341948042464],[-35.894817315067,-9.72151460841241]]]}},{"type":"Feature","properties":{"id":"27051010005","state":"AL","municipality":"2705101","origin":"face","accuracy":"boa","notes":""},"geometry":{"type":"Polygon","coordinates":[[[-35.5405405718667,-9.1568887772772],[-35.5414001787591,-9.15574263475395],[-35.5417225313438,-9.15396969553832],[-35.5401764328359,-9.15097897989175],[-35.5389705953896,-9.1497552339685],[-35.5365231035431,-9.14856730499909],[-35.5292045059728,-9.1461914470603],[-35.5274017192956,-9.14610787416796],[-35.5266256852955,-9.14686599969115],[-35.5273360548802,-9.14918216270688],[-35.5273539633571,-9.15209527495343],[-35.5286433736958,-9.15188037323033],[-35.5285717397881,-9.15057902390708],[-35.5291552576612,-9.14893965208183],[-35.5307908985538,-9.14921424872802],[-35.5309461053538,-9.15071856078978],[-35.5324742953848,-9.14966793014348],[-35.5332025734464,-9.14981119795887],[-35.5332503293849,-9.1507304997744],[-35.5348501533236,-9.15148265580529],[-35.5368081468008,-9.15162592362068],[-35.5367962078162,-9.1522646592977],[-35.5352948805006,-9.15277206614391],[-35.5355097822237,-9.15312725093629],[-35.534491983785,-9.15437487482876],[-35.5340472566081,-9.15310038822088],[-35.5345457092158,-9.15764914136],[-35.5334801548387,-9.15801626513698],[-35.5333219632926,-9.15669402259062],[-35.5336771480849,-9.15653806960407],[-35.5332697302349,-9.15657463274447],[-35.5332025734464,-9.15614109836559],[-35.5336607319811,-9.15576054323094],[-35.5326817352425,-9.15584411612326],[-35.5321250800848,-9.15443531593853],[-35.5326459182887,-9.15805432065033],[-35.5322823388978,-9.15751501432963],[-35.5323121863593,-9.15803883727965],[-35.5307011696227,-9.1578418440335],[-35.5282693476937,-9.15825597756236],[-35.5282865099841,-9.16052065370667],[-35.5290565744919,-9.16082509781437],[-35.5336687534863,-9.1607131698336],[-35.5336762153517,-9.16042066471051],[-35.536959436121,-9.15972894978934],[-35.5378951540403,-9.15881524437294],[-35.5405405718667,-9.1568887772772]]]}},{"type":"Feature","properties":{"id":"27064480001","state":"AL","municipality":"2706448","origin":"face","accuracy":"boa","notes":""},"geometry":{"type":"Polygon","coordinates":[[[-35.5605535327782,-9.46325101105197],[-35.5601554200302,-9.46278212125808],[-35.5596265836934,-9.46323342769623],[-35.5585926789451,-9.46304587184583],[-35.5581054364774,-9.46353820573645],[-35.5587748367316,-9.46344987842699],[-35.5599652766282,-9.46424739974026],[-35.5603515054135,-9.46379023352421],[-35.5605535327782,-9.46325101105197]]]}},{"type":"Feature","properties":{"id":"27064480006","state":"AL","municipality":"2706448","origin":"face","accuracy":"boa","notes":""},"geometry":{"type":"Polygon","coordinates":[[[-35.552543741969,-9.46138130918947],[-35.5518188202488,-9.46213153560972],[-35.5529537386795,-9.46255939838194],[-35.5535063429416,-9.46179158946588],[-35.552543741969,-9.46138130918947]]]}},{"type":"Feature","properties":{"id":"27064480002","state":"AL","municipality":"2706448","origin":"face","accuracy":"boa","notes":""},"geometry":{"type":"Polygon","coordinates":[[[-35.5568219685139,-9.46299312174447],[-35.5567744326635,-9.46241873122791],[-35.55585342556,-9.4624187312279],[-35.5544927118395,-9.46292278826341],[-35.5547371923072,-9.4636507978625],[-35.5534469231284,-9.46427084414519],[-35.5527754792401,-9.46358509463992],[-35.5530309844366,-9.46294037163504],[-35.5521337452584,-9.46271178773384],[-35.551575199015,-9.46323928881493],[-35.5522704108286,-9.46451114920367],[-35.5541124250354,-9.46561303366164],[-35.5555325585691,-9.46413603879493],[-35.5566971869064,-9.46491556465443],[-35.5578796411876,-9.46508553622361],[-35.55775485958,-9.46333892781863],[-35.5568219685139,-9.46299312174447]]]}},{"type":"Feature","properties":{"id":"27064480007","state":"AL","municipality":"2706448","origin":"face","accuracy":"boa","notes":""},"geometry":{"type":"Polygon","coordinates":[[[-35.5491746385648,-9.46193225687654],[-35.5481882696669,-9.46084794409816],[-35.5476534913488,-9.46143992068752],[-35.5505056423788,-9.46323928881493],[-35.5517178065665,-9.46221945265959],[-35.5491746385648,-9.46193225687654]]]}},{"type":"Feature","properties":{"id":"27064480004","state":"AL","municipality":"2706448","origin":"setor","accuracy":"boa","notes":"Aglomerado Subnormal"},"geometry":{"type":"Polygon","coordinates":[[[-35.5580103647764,-9.46685557998217],[-35.5578677572249,-9.46619914097643],[-35.5570180538973,-9.46571267197566],[-35.5573270369255,-9.46482764829258],[-35.5556216882888,-9.46401295560287],[-35.5547779269424,-9.46437634394766],[-35.5541243089981,-9.46530825746288],[-35.5574280506078,-9.46780506989226],[-35.5586639827208,-9.46764682176298],[-35.5589967336743,-9.46718966006728],[-35.5580103647764,-9.46685557998217]]]}},{"type":"Feature","properties":{"id":"27064480005","state":"AL","municipality":"2706448","origin":"face","accuracy":"boa","notes":""},"geometry":{"type":"Polygon","coordinates":[[[-35.5539995273905,-9.4608010548198],[-35.5531141721749,-9.46049627435458],[-35.5525199740437,-9.46107652923861],[-35.5543207324567,-9.4626229535416],[-35.555187923653,-9.46111755733065],[-35.5547719849611,-9.46054316367451],[-35.5539995273905,-9.4608010548198]]]}},{"type":"Feature","properties":{"id":"27064480008","state":"AL","municipality":"2706448","origin":"face","accuracy":"boa","notes":""},"geometry":{"type":"Polygon","coordinates":[[[-35.5419526114873,-9.45849227763262],[-35.54364013418,-9.45881464346111],[-35.5434797006846,-9.45918975967141],[-35.5446146191153,-9.45940076236244],[-35.5457554795273,-9.46042060687716],[-35.547728217323,-9.46060816415978],[-35.5508358735494,-9.45910770302461],[-35.5518816622604,-9.45914873135535],[-35.5525293382235,-9.45952384720575],[-35.5524580344477,-9.46081330482049],[-35.552862089177,-9.45971726615712],[-35.5520222353954,-9.4588576045075],[-35.5543806696488,-9.45849117895977],[-35.5548704788606,-9.45701525217522],[-35.55446048215,-9.45664599482432],[-35.5518876042417,-9.45794132443646],[-35.5508418155307,-9.45751931713156],[-35.5491840027446,-9.45824610716772],[-35.5463140257706,-9.45774790448459],[-35.5451850493212,-9.45842194323085],[-35.543735205881,-9.45724970108193],[-35.5434202808715,-9.45644671290777],[-35.5412098638232,-9.45580783776679],[-35.538316118924,-9.45611262238447],[-35.535813566440694,-9.457452186819676],[-35.53643864232871,-9.458280089692009],[-35.5420298572443,-9.45696250115468],[-35.5419526114873,-9.45849227763262]]]}},{"type":"Feature","properties":{"id":"27066040001","state":"AL","municipality":"2706604","origin":"face","accuracy":"boa","notes":""},"geometry":{"type":"Polygon","coordinates":[[[-36.3750666102428,-9.36691021429193],[-36.3736983018021,-9.36922938114073],[-36.371629604973,-9.36870988776661],[-36.3708271732433,-9.36899746445586],[-36.3701221465212,-9.36858001442307],[-36.3706694698976,-9.36914589113418],[-36.3695238014743,-9.36859392942415],[-36.3711982399391,-9.37008747287472],[-36.369328991459,-9.37240663972352],[-36.3706880232324,-9.37355694648056],[-36.3720516933395,-9.37376103316326],[-36.3715924983034,-9.37418775986345],[-36.3731880850954,-9.3735105631435],[-36.3737168551369,-9.37401150318288],[-36.3732391067661,-9.37499946826047],[-36.3726430808859,-9.37451244322221],[-36.3720029908356,-9.37493221242187],[-36.3718834087948,-9.3762873306016],[-36.3698193502993,-9.3777576823838],[-36.3694993052741,-9.37867607245597],[-36.3699107895175,-9.37907979284569],[-36.372154915,-9.37777098299996],[-36.3741835579999,-9.37454114599995],[-36.3746010399367,-9.37594007028679],[-36.3764057841501,-9.37561013388178],[-36.3771711092102,-9.37586524223515],[-36.3766516158361,-9.37211283027353],[-36.3783075009662,-9.37200151026486],[-36.3804967944716,-9.3753550255283],[-36.3804921561378,-9.37605541391672],[-36.3812203745284,-9.37610179725364],[-36.3827788546509,-9.37213138360842],[-36.3829945371678,-9.36786875494012],[-36.3824425754578,-9.36744666657365],[-36.380630871305,-9.36847159337289],[-36.379297350367,-9.36809125000968],[-36.3790445611804,-9.36408141052806],[-36.3775811668988,-9.36467511724129],[-36.3766187126565,-9.36664177072919],[-36.3750666102428,-9.36691021429193]]]}},{"type":"Feature","properties":{"id":"27076020002","state":"AL","municipality":"2707602","origin":"face","accuracy":"boa","notes":""},"geometry":{"type":"Polygon","coordinates":[[[-36.4753964309005,-9.31908409245689],[-36.4757410654977,-9.31767683601714],[-36.4789021995768,-9.31493266900743],[-36.482574343731,-9.31386548670281],[-36.4824970982625,-9.31255789133361],[-36.4815226135777,-9.31230575380744],[-36.4800074079155,-9.31265171040809],[-36.4769354038457,-9.31425835104206],[-36.4760381646295,-9.31581807584348],[-36.4741129625431,-9.31753024652362],[-36.473661371575,-9.31943590634196],[-36.4721223986297,-9.32083729200737],[-36.4691276400285,-9.32091938122445],[-36.4677134489165,-9.31960594925512],[-36.4672975097722,-9.3201395314142],[-36.468539384485,-9.32114219545593],[-36.4702922683734,-9.3214001902665],[-36.4738336897729,-9.32147641590383],[-36.4750102017593,-9.32090179138453],[-36.4753370108943,-9.32152332454177],[-36.4764065674091,-9.32202172252443],[-36.4771730829714,-9.32187513482956],[-36.4773572839115,-9.32110701397744],[-36.4753964309005,-9.31908409245689]]]}},{"type":"Feature","properties":{"id":"27076020003","state":"AL","municipality":"2707602","origin":"face","accuracy":"boa","notes":""},"geometry":{"type":"Polygon","coordinates":[[[-36.4720748631644,-9.31739831597946],[-36.4725323950539,-9.31865312114456],[-36.4709340021025,-9.31967924310255],[-36.4704705283921,-9.31959715388552],[-36.4688840190822,-9.31857103102825],[-36.4660912877827,-9.31522291800321],[-36.4637798574544,-9.31419091897567],[-36.4632629046593,-9.31457205525614],[-36.4634292801371,-9.31566269008102],[-36.4658120150124,-9.31682954694601],[-36.4680105480483,-9.31959129030579],[-36.4695851728174,-9.32074054384101],[-36.4716886340232,-9.32082263305801],[-36.4725918150602,-9.32040632249374],[-36.4738455734144,-9.31901666218915],[-36.4740416588954,-9.31719895336898],[-36.4720748631644,-9.31739831597946]]]}},{"type":"Feature","properties":{"id":"27081050012","state":"AL","municipality":"2708105","origin":"face","accuracy":"boa","notes":""},"geometry":{"type":"Polygon","coordinates":[[[-36.2232913873876,-9.1722875039651],[-36.2228219709572,-9.17357215672963],[-36.2238202238243,-9.1735369599627],[-36.223962832019,-9.17253387593759],[-36.2232913873876,-9.1722875039651]]]}},{"type":"Feature","properties":{"id":"27081050008","state":"AL","municipality":"2708105","origin":"face","accuracy":"boa","notes":""},"geometry":{"type":"Polygon","coordinates":[[[-36.2151880676751,-9.16897166940699],[-36.2145403921253,-9.17040298451009],[-36.2146829994209,-9.1711479703025],[-36.215289081326,-9.17108931022346],[-36.2157525559356,-9.16989850531172],[-36.2151880676751,-9.16897166940699]]]}},{"type":"Feature","properties":{"id":"27081050006","state":"AL","municipality":"2708105","origin":"face","accuracy":"boa","notes":""},"geometry":{"type":"Polygon","coordinates":[[[-36.2258063882542,-9.16975772004271],[-36.2251052345189,-9.16963453360679],[-36.2243921971421,-9.17038538657631],[-36.2245882826231,-9.16937642728028],[-36.2238455343439,-9.16993956745706],[-36.2227284423637,-9.16998649588004],[-36.2207022266264,-9.16897166940699],[-36.2158238595834,-9.16859624112357],[-36.2147364776063,-9.16813868765024],[-36.2143264802828,-9.16854931270058],[-36.2150632858419,-9.1694057577695],[-36.2167389251612,-9.17006275479224],[-36.2201139701835,-9.17030326228571],[-36.2206428066202,-9.17086053528546],[-36.2222590259333,-9.17091919536455],[-36.2233345242689,-9.17198094486469],[-36.2255805927701,-9.17090159743071],[-36.2258063882542,-9.16975772004271]]]}},{"type":"Feature","properties":{"id":"27081050004","state":"AL","municipality":"2708105","origin":"face","accuracy":"boa","notes":""},"geometry":{"type":"Polygon","coordinates":[[[-36.2249804526857,-9.16673669404317],[-36.2246655280916,-9.16712972205897],[-36.2239703161771,-9.1665900415971],[-36.2236197388598,-9.16702999803596],[-36.2241604598373,-9.16754034800862],[-36.2239524898155,-9.16802723287044],[-36.2227997460114,-9.16867250003582],[-36.2218787386129,-9.16837919694234],[-36.2207259939095,-9.16880155364875],[-36.2218252613267,-9.16954654213919],[-36.22304197121,-9.16968359432236],[-36.2231800324325,-9.17023873592888],[-36.2253488554652,-9.16827947381865],[-36.2256756646002,-9.16684228344458],[-36.2249804526857,-9.16673669404317]]]}},{"type":"Feature","properties":{"id":"27083030007","state":"AL","municipality":"2708303","origin":"face","accuracy":"boa","notes":""},"geometry":{"type":"Polygon","coordinates":[[[-36.0628707203295,-9.01466165943666],[-36.0608102251636,-9.01225211864157],[-36.0585808369514,-9.01145269155536],[-36.0585683263553,-9.0110636120189],[-36.0584457225143,-9.0113776279792],[-36.0569594637061,-9.01072895357512],[-36.0571921607922,-9.01019037241611],[-36.056849370461,-9.01063574963472],[-36.0565290992027,-9.01013282367439],[-36.0557509401297,-9.01085843824403],[-36.054745088209,-9.01001272195252],[-36.054014469401,-9.00743553917066],[-36.0549227386726,-9.00712277426996],[-36.0540595075467,-9.00734546287926],[-36.0542021283414,-9.00682251996526],[-36.0547050543017,-9.00670992460101],[-36.0542121368182,-9.00674495426988],[-36.0546074716527,-9.00636713426982],[-36.0542646813215,-9.00635462367381],[-36.054392289401,-9.00507604075969],[-36.0549978022488,-9.00516861917033],[-36.0544298211891,-9.00485335215039],[-36.0551354188051,-9.00490839877293],[-36.0544498381428,-9.00478579493183],[-36.0544748593348,-9.00420029903769],[-36.0547751136395,-9.00364232645484],[-36.0558585312556,-9.00407018883902],[-36.0565541203947,-9.00124279413659],[-36.0554682006595,-9.00121276870613],[-36.0556633659575,-9.00052218380534],[-36.0551279124475,-9.00106264155378],[-36.0554331709906,-9.0001919040702],[-36.0545974631759,-9.00112519453391],[-36.0547876242355,-9.00051467744773],[-36.0540247906427,-9.00205754670294],[-36.0534543074638,-9.00204503610691],[-36.0532716527618,-9.00277065067656],[-36.0526961653445,-9.00300084564347],[-36.0528537988544,-9.003663907233],[-36.0517153346159,-9.00391662127277],[-36.048700280973,-9.002167639948],[-36.0481047766021,-9.0014245105439],[-36.0468161852111,-9.00142951478231],[-36.0461356087872,-9.00096161849084],[-36.0450096551447,-8.99988820935161],[-36.0425125401774,-8.99601242670202],[-36.0430129640185,-8.99547196895358],[-36.042702701237,-8.99474135014553],[-36.0434032946146,-8.99156866299271],[-36.044113896469,-8.99041768815809],[-36.0491181348804,-8.98551353451497],[-36.0517803897152,-8.98485297504466],[-36.0531015086558,-8.98307146617021],[-36.053601932497,-8.98064941477912],[-36.0541223732917,-8.98000887226246],[-36.0553434074641,-8.97946841451405],[-36.0581057470672,-8.98024907570621],[-36.0598071881271,-8.97844754987812],[-36.0609881883921,-8.97868775332186],[-36.0636804686575,-8.97743168948061],[-36.066302689585,-8.97449920577154],[-36.0670583295851,-8.97338326060582],[-36.0676188042872,-8.97106629822136],[-36.0674786856117,-8.96966010722777],[-36.068079194221,-8.96964509451253],[-36.0673035372673,-8.96913966643297],[-36.0683994654794,-8.96243899120015],[-36.0672584991216,-8.96283933027307],[-36.0659573971346,-8.9649210934522],[-36.06565714283,-8.9675232974261],[-36.0637455237568,-8.97168181954595],[-36.0611032858756,-8.97097121769154],[-36.0592867473323,-8.9691947130555],[-36.0521857330266,-8.96940989530719],[-36.046205668125,-8.96787359411491],[-36.0409512177931,-8.9681338145123],[-36.045695235807,-8.96801871702882],[-36.0522658008412,-8.96962007332047],[-36.0594018448158,-8.96937986987671],[-36.0608981121008,-8.97108131093657],[-36.0601724975311,-8.97163427928105],[-36.06074298071,-8.97458677994373],[-36.0597721584582,-8.9767686278911],[-36.0591115989879,-8.9765984837851],[-36.0583959928951,-8.97793461544094],[-36.0561916258749,-8.97869776179868],[-36.0533992608414,-8.97823987398405],[-36.0526386166028,-8.97934080643454],[-36.0522182605763,-8.98281374789203],[-36.0515877265364,-8.98406480749487],[-36.0495860311719,-8.9841248583558],[-36.0486052004433,-8.98470535001152],[-36.0454225048136,-8.98763783372059],[-36.0398878171307,-8.9938130639202],[-36.0399879018989,-8.99447362339049],[-36.0423298854754,-8.99711586127172],[-36.0436309874624,-8.99949787875552],[-36.0458128354097,-9.0017798114711],[-36.0524084216359,-9.00597836749823],[-36.0524934936889,-9.00947132590938],[-36.0546487566197,-9.01256113036349],[-36.0544238786561,-9.01213326797931],[-36.0562041364709,-9.01302777559535],[-36.0587825703124,-9.01334429367485],[-36.0598109413059,-9.01433200523131],[-36.0599960981272,-9.01509139841023],[-36.0609487800147,-9.01558494142356],[-36.0620259423328,-9.0172829420695],[-36.0607948996836,-9.01794850577823],[-36.0610351031273,-9.01855902286442],[-36.0600242469682,-9.01905944670554],[-36.061445450677,-9.01961992140762],[-36.0635563009918,-9.0179344313577],[-36.0628707203295,-9.01466165943666]]]}},{"type":"Feature","properties":{"id":"27085010005","state":"AL","municipality":"2708501","origin":"face","accuracy":"boa","notes":""},"geometry":{"type":"Polygon","coordinates":[[[-35.5652280123326,-9.31010640005848],[-35.5660742996799,-9.30775638221945],[-35.5673649951824,-9.30693545618039],[-35.5682428866214,-9.30712312986138],[-35.568061845898,-9.30666116387742],[-35.5646220721526,-9.30655191516499],[-35.565149587364,-9.30671422753773],[-35.5649903963831,-9.30702636671609],[-35.5644784881306,-9.30687029712691],[-35.5649435755063,-9.30715122238743],[-35.5643692394181,-9.30713249403673],[-35.5647375636486,-9.30741029790545],[-35.5643036901907,-9.30735723424513],[-35.5645690084923,-9.30759133862889],[-35.5642100484372,-9.3075726102782],[-35.5637168685354,-9.30902249676162],[-35.5651371017969,-9.30952972292642],[-35.5642350195714,-9.31117313570043],[-35.5633715645694,-9.31179117127355],[-35.5640926060713,-9.31198703860796],[-35.5654160761875,-9.31067995579862],[-35.5652280123326,-9.31010640005848]]]}},{"type":"Feature","properties":{"id":"27085010002","state":"AL","municipality":"2708501","origin":"face","accuracy":"boa","notes":""},"geometry":{"type":"Polygon","coordinates":[[[-35.5668277256216,-9.31783906294063],[-35.5657071459714,-9.31762368690759],[-35.5660973199443,-9.31843212737945],[-35.5650110756038,-9.31881293717701],[-35.5649861044695,-9.31934357378016],[-35.5661410194293,-9.31945906527615],[-35.5669494599012,-9.31843212737945],[-35.5668277256216,-9.31783906294063]]]}},{"type":"Feature","properties":{"id":"27085010001","state":"AL","municipality":"2708501","origin":"face","accuracy":"boa","notes":""},"geometry":{"type":"Polygon","coordinates":[[[-35.569284260955,-9.3261763003937],[-35.5690657635302,-9.32681618570926],[-35.5701769790051,-9.32553953646992],[-35.5698429900842,-9.32523676146694],[-35.569284260955,-9.3261763003937]]]}},{"type":"Feature","properties":{"id":"27085010006","state":"AL","municipality":"2708501","origin":"face","accuracy":"boa","notes":""},"geometry":{"type":"Polygon","coordinates":[[[-35.5605960620127,-9.31641434267925],[-35.5602714372672,-9.31547168236059],[-35.5609893573774,-9.31481619008604],[-35.5605960620127,-9.31351144832045],[-35.5622675673129,-9.30957693397716],[-35.563317915648,-9.30993589403228],[-35.5623253130608,-9.30948173152778],[-35.5630057764697,-9.30899167301774],[-35.5638672806019,-9.30723120805175],[-35.5634614996701,-9.30623236268098],[-35.5626499378063,-9.30650704515794],[-35.5615980287752,-9.30917427443708],[-35.5611376234871,-9.30950514196615],[-35.5609628255473,-9.30912433216853],[-35.5610424210377,-9.30957381258538],[-35.5601887203849,-9.30946885578667],[-35.5606140100154,-9.30903420198079],[-35.5601180988958,-9.30947353787433],[-35.5592975630306,-9.30944154360854],[-35.5573989764782,-9.30773492265084],[-35.5564001311075,-9.30755388192738],[-35.5567185130694,-9.30727295666686],[-35.5557945811014,-9.30775365100154],[-35.5552577017146,-9.30944544534827],[-35.5539841738669,-9.3103756200998],[-35.5514933032236,-9.31096244175512],[-35.5528979295262,-9.31103735515793],[-35.5551765455283,-9.30980128401161],[-35.553478508398,-9.3117490324846],[-35.5532849821074,-9.31357816806982],[-35.5539529599491,-9.31819782790963],[-35.5547208223279,-9.32013933359908],[-35.5546958511936,-9.32243667795184],[-35.5561691481155,-9.32298604290577],[-35.5594341239212,-9.32676916974754],[-35.5650401435646,-9.32636338881568],[-35.5686047729816,-9.32487760632665],[-35.5688107848393,-9.32404731611221],[-35.5676496270958,-9.32206835372137],[-35.5647186402109,-9.31927782946679],[-35.5627927414804,-9.31824152739461],[-35.562639793283,-9.31766719130642],[-35.5621871914744,-9.31827274131246],[-35.5627209494694,-9.319159216579],[-35.5618594453371,-9.31905308925836],[-35.5626522788501,-9.31930280060106],[-35.5619109483015,-9.32218072382558],[-35.5609897475514,-9.3219914894487],[-35.5607728108224,-9.32229738584349],[-35.5591387622237,-9.32166842539909],[-35.5606261054086,-9.31710963269905],[-35.5624302698595,-9.31750917084738],[-35.5611130425268,-9.31700662677022],[-35.5609288804116,-9.31614512263793],[-35.5605960620127,-9.31641434267925]]]}},{"type":"Feature","properties":{"id":"27086000002","state":"AL","municipality":"2708600","origin":"face","accuracy":"boa","notes":""},"geometry":{"type":"Polygon","coordinates":[[[-36.1039799231778,-9.7717598904955],[-36.0984628806997,-9.77371337390356],[-36.0935819869972,-9.77332868216615],[-36.0913976885467,-9.77734824168586],[-36.0878707221054,-9.77956444140239],[-36.0778875023833,-9.78341511186663],[-36.0754705123453,-9.78529165692719],[-36.071679891323,-9.78707812782484],[-36.0703663097806,-9.78823407958212],[-36.0739017206747,-9.79227991073267],[-36.0784166880903,-9.79099260082114],[-36.0794562940539,-9.79136415674312],[-36.0797227634525,-9.78907477176924],[-36.0833857794107,-9.78613234911431],[-36.0848119536567,-9.78524661984572],[-36.0888127477258,-9.78412819898965],[-36.0894770446772,-9.78495763190642],[-36.0889966491417,-9.78406439645759],[-36.0897322548054,-9.78393303830335],[-36.0903252430446,-9.78450726109188],[-36.0899799587534,-9.78380168014911],[-36.0917401580202,-9.78328375371241],[-36.0911771945021,-9.78172997440226],[-36.0920666768608,-9.78153856680609],[-36.0926071218382,-9.7798158984405],[-36.0929223814084,-9.78023249144395],[-36.0927797639838,-9.77958695994311],[-36.0970057434601,-9.77775920505415],[-36.097373546292,-9.77788305702813],[-36.0985388807746,-9.78120078869519],[-36.0984713251524,-9.78395274202647],[-36.0988466341645,-9.78402780382892],[-36.0992557209877,-9.78234641945465],[-36.0984750782425,-9.77843194645834],[-36.0996648078109,-9.77771510624521],[-36.0995296965666,-9.77713337727644],[-36.1003028331315,-9.77617446275049],[-36.1010815993316,-9.77589485753648],[-36.1064410120246,-9.7758085364637],[-36.1063959749431,-9.77333900316402],[-36.1056378507386,-9.77306878067531],[-36.1056153321979,-9.77270097784345],[-36.1039799231778,-9.7717598904955]]]}},{"type":"Feature","properties":{"id":"27089070003","state":"AL","municipality":"2708907","origin":"face","accuracy":"boa","notes":""},"geometry":{"type":"Polygon","coordinates":[[[-35.8284376839999,-9.58252203299992],[-35.8293735582,-9.58382405948521],[-35.830054690052,-9.58397076480709],[-35.8325099524448,-9.58365709692432],[-35.8354194924611,-9.58213202204599],[-35.8357547926117,-9.58090979891636],[-35.8352788827206,-9.57818413317631],[-35.8345650178838,-9.57678885190457],[-35.8349111341683,-9.57555581264126],[-35.8345650178838,-9.57502582208066],[-35.8339917627877,-9.57492847687557],[-35.8326715184448,-9.57636229062427],[-35.8286262843701,-9.57367988941967],[-35.8292049475332,-9.574442426859],[-35.8283977935417,-9.57390838024817],[-35.8284464661442,-9.57426396064982],[-35.8282328474999,-9.57391784436528],[-35.8270390167218,-9.57434913770419],[-35.8269545156759,-9.57407941036525],[-35.8268422982868,-9.5757396869173],[-35.8276859567301,-9.57760006194627],[-35.8271992307051,-9.57775148782077],[-35.8269001879121,-9.58250268152273],[-35.8284376839999,-9.58252203299992]]]}},{"type":"Feature","properties":{"id":"27093010001","state":"AL","municipality":"2709301","origin":"face","accuracy":"boa","notes":""},"geometry":{"type":"Polygon","coordinates":[[[-36.0760494456253,-9.09995865067117],[-36.077190305788,-9.09698397033391],[-36.0767327738983,-9.09665540392371],[-36.0749204691043,-9.09788165741252],[-36.0746649645164,-9.09839797348764],[-36.0752235100569,-9.09859745840596],[-36.0744926463185,-9.10055123645039],[-36.0716880313775,-9.10128463357894],[-36.0706481848658,-9.10219404511906],[-36.0711591949409,-9.10254020676508],[-36.071741509563,-9.10438248776154],[-36.0730725133857,-9.10492226265228],[-36.0758474183236,-9.10507480745632],[-36.0760494456253,-9.09995865067117]]]}},{"type":"Feature","properties":{"id":"27093010003","state":"AL","municipality":"2709301","origin":"face","accuracy":"boa","notes":""},"geometry":{"type":"Polygon","coordinates":[[[-36.0330430838712,-9.13047168991655],[-36.0290916660475,-9.13130475980678],[-36.028657901441,-9.13297675956979],[-36.0276180549292,-9.13461355177396],[-36.0275408094607,-9.13610367174698],[-36.0319141073501,-9.14107851446183],[-36.0344691595241,-9.14314352335487],[-36.0350455314261,-9.14432268474405],[-36.0352356750863,-9.14607675393899],[-36.0338452512573,-9.14776628328729],[-36.0325974347238,-9.15153836460382],[-36.0327043910947,-9.15494669533367],[-36.0333223566414,-9.15621381221764],[-36.0355387160388,-9.1579267581134],[-36.0359962488277,-9.15945784400423],[-36.0379868118418,-9.15888882046267],[-36.0409993968047,-9.16019698690138],[-36.0418669260178,-9.16196270951138],[-36.0409934549839,-9.16342338388199],[-36.0366914598429,-9.16520668913735],[-36.0333817766476,-9.16424464387518],[-36.0318487455231,-9.1651186976697],[-36.031308025445,-9.16503657158045],[-36.0300186152668,-9.16399826650673],[-36.029917601616,-9.16294235900263],[-36.0310049844924,-9.16164593591118],[-36.0311951272533,-9.15966316192533],[-36.0306841171782,-9.15931705513795],[-36.0294006488208,-9.15970422496999],[-36.0280280513534,-9.16258452325712],[-36.0271961739642,-9.16290716223569],[-36.0250927127585,-9.16219148984532],[-36.0220028823271,-9.15875389787403],[-36.0231199752066,-9.1569470951323],[-36.0238211289419,-9.15173195356675],[-36.0233398279706,-9.15063494524647],[-36.0224960669399,-9.15001311081636],[-36.0202381138978,-9.1511863834448],[-36.0189368200781,-9.15261190421598],[-36.0182178399813,-9.15440699598607],[-36.0183545063553,-9.15680630446737],[-36.0179504508526,-9.15810861182293],[-36.0162688706118,-9.15784463112477],[-36.0133929511238,-9.15583837044437],[-36.0108438416699,-9.15529867289542],[-36.0076886494116,-9.15541013217184],[-36.0038025934149,-9.1545243224395],[-36.002287388652,-9.15550399261514],[-36.0022755041112,-9.1561786145514],[-36.0032024533305,-9.15789742672485],[-36.0049969317629,-9.15858964299758],[-36.0128878828694,-9.15976288684773],[-36.0185862427609,-9.16250239716785],[-36.0201073902438,-9.1641683840636],[-36.0218602750316,-9.16427397436439],[-36.0241776471806,-9.16585782797631],[-36.0261979210972,-9.16876154101226],[-36.0300423834492,-9.17260965641048],[-36.0329004765757,-9.17672756392592],[-36.0319081655294,-9.17734348621286],[-36.0331856911667,-9.1770560556924],[-36.0368400098585,-9.18111525276663],[-36.039014774712,-9.18274009208155],[-36.040797369503,-9.18505708741465],[-36.0402625912456,-9.18756763843574],[-36.0380700000304,-9.18922764214192],[-36.037047978981,-9.19146247541291],[-36.037047978981,-9.1921077003101],[-36.0379333345557,-9.1930227443042],[-36.0387652119449,-9.19322804244018],[-36.0394247720355,-9.19441876911088],[-36.0395911475134,-9.19536900087867],[-36.0386166619294,-9.19641894587761],[-36.0386939082972,-9.19715214605464],[-36.0396683929819,-9.19770351140789],[-36.0410944686347,-9.19695271599502],[-36.0415817105274,-9.19408442815383],[-36.0413262059396,-9.19179095368953],[-36.0422056187942,-9.18942121042051],[-36.0440357490505,-9.18732714263348],[-36.0465076130359,-9.18577857931793],[-36.0486407842447,-9.18329734529618],[-36.0495915016464,-9.18052280098642],[-36.0488665797288,-9.17719097198574],[-36.0470839858372,-9.17551331458777],[-36.043667346271,-9.17512029556515],[-36.0393237583847,-9.1753549331836],[-36.0373807299367,-9.17492671829337],[-36.0352416169071,-9.17194679850588],[-36.0350692996084,-9.17131326839257],[-36.035568426042,-9.17089678066186],[-36.0401615775947,-9.16942440521211],[-36.0424670661022,-9.16799895189006],[-36.043114741652,-9.16674947610739],[-36.0438634317519,-9.15959276659289],[-36.0428651788849,-9.15799715344583],[-36.0418966360209,-9.15732253510687],[-36.0380640582097,-9.15609062038578],[-36.0370301535187,-9.15514614877572],[-36.0371549344526,-9.14940300804233],[-36.037951160018,-9.1443520170319],[-36.0376837708893,-9.14300272729402],[-36.0381888391436,-9.14249234224777],[-36.0374639181253,-9.1424630099599],[-36.0365845043713,-9.14042732975743],[-36.035984364287,-9.13732392226115],[-36.0364537807174,-9.13274795945076],[-36.0349445177752,-9.13099969178229],[-36.0330430838712,-9.13047168991655]]]}},{"type":"Feature","properties":{"id":"27094000001","state":"AL","municipality":"2709400","origin":"face","accuracy":"boa","notes":""},"geometry":{"type":"Polygon","coordinates":[[[-36.2537713796209,-9.37405553627617],[-36.2533124731314,-9.37457467424242],[-36.2537254889719,-9.37435956182548],[-36.2542474951037,-9.37614069263785],[-36.2561691660285,-9.37643324552492],[-36.2560400985784,-9.37480699565274],[-36.2572389917822,-9.37379453321025],[-36.2537713796209,-9.37405553627617]]]}},{"type":"Feature","properties":{"id":"27094000002","state":"AL","municipality":"2709400","origin":"face","accuracy":"boa","notes":""},"geometry":{"type":"Polygon","coordinates":[[[-36.2515851225097,-9.37470735465492],[-36.2485615669349,-9.37358097374008],[-36.2470902451728,-9.37253550487585],[-36.2484934304713,-9.37367253211313],[-36.2484806548843,-9.37406218751466],[-36.2508888530217,-9.37482020567286],[-36.2515851225097,-9.37470735465492]]]}},{"type":"Feature","properties":{"id":"27094000003","state":"AL","municipality":"2709400","origin":"face","accuracy":"boa","notes":""},"geometry":{"type":"Polygon","coordinates":[[[-36.2539700222975,-9.38275686212624],[-36.2578669624029,-9.38352018029123],[-36.2583892327263,-9.3844843716575],[-36.2631499275973,-9.38631231778938],[-36.2649778737292,-9.38599092066729],[-36.2668660818215,-9.38237520304377],[-36.2673883521449,-9.37924158110337],[-36.2673481775046,-9.3758669113214],[-36.2671272169832,-9.37470184675382],[-36.2655202313727,-9.37393852858884],[-36.263250364198,-9.37387826662844],[-36.262949054396,-9.37026254900493],[-36.2622660855116,-9.3680328564704],[-36.2625071333531,-9.3660642990976],[-36.2660826763364,-9.36538133021314],[-36.2671874789436,-9.36413591636503],[-36.2683525435112,-9.36373416996242],[-36.2714459908113,-9.36371408264229],[-36.2726914046594,-9.36445731348712],[-36.2751420577154,-9.36739006222622],[-36.2770503531278,-9.36799268183014],[-36.2805053721903,-9.36811320575094],[-36.2849044952989,-9.36644595818008],[-36.2888215227244,-9.36435687688646],[-36.2918145334239,-9.36082150854347],[-36.2939237020376,-9.35338920009507],[-36.2951490285656,-9.351380468082],[-36.2987044842288,-9.34744335333637],[-36.3019586300899,-9.34220056278224],[-36.3049315534693,-9.34047305325099],[-36.3070808967233,-9.34075427573283],[-36.309190065337,-9.34195951494066],[-36.3111385353897,-9.34453069191739],[-36.3112992339507,-9.34665994785127],[-36.3089891921357,-9.34991409371245],[-36.3070608094032,-9.35150099200277],[-36.3053734745122,-9.35361016061651],[-36.3043490211855,-9.35551845602892],[-36.3032241312582,-9.35965644397585],[-36.3031437819776,-9.36198657311104],[-36.3038870128225,-9.365823251256],[-36.3076433416869,-9.36779180862882],[-36.3159594922211,-9.36714901438464],[-36.3186110184783,-9.36473853596894],[-36.320860798333,-9.36359355872149],[-36.3239944202734,-9.36291058983706],[-36.3257621044449,-9.36317172499875],[-36.3286145039035,-9.36467827400855],[-36.328855551745,-9.36512019505143],[-36.3280721462599,-9.36684770458268],[-36.3287450714843,-9.36917783371784],[-36.3311756372201,-9.3713974825923],[-36.3338221416473,-9.37176909801473],[-36.3332220329584,-9.37223110637772],[-36.3350298917702,-9.37169125964921],[-36.3350901537306,-9.36955196005528],[-36.3317154839486,-9.3694314361345],[-36.3300683236979,-9.36734235484091],[-36.3298674504966,-9.36621746491357],[-36.3305102447408,-9.36461047930313],[-36.3284613380875,-9.36288296977188],[-36.3259705103912,-9.36191877840559],[-36.3236805558963,-9.36163755592375],[-36.3206674578767,-9.36203930232637],[-36.3185382019429,-9.36320436689396],[-36.3154045800025,-9.36585589315124],[-36.3141591661543,-9.36565501994991],[-36.3086552404385,-9.36653886203568],[-36.3054814438578,-9.36517292426677],[-36.3046779510526,-9.36272227121083],[-36.3045172524916,-9.35966899855095],[-36.305039522815,-9.35729869477552],[-36.3061644127423,-9.35480786707929],[-36.3122910453822,-9.3474960825517],[-36.3125120059036,-9.34486464361457],[-36.3112665920555,-9.34199215683587],[-36.3102220514087,-9.34096770350923],[-36.3068674689469,-9.33913473554727],[-36.3069578618875,-9.33767840483779],[-36.306576202805,-9.33885853489548],[-36.3041104842589,-9.33787927803911],[-36.302121839566,-9.33885351306546],[-36.3011425827096,-9.34077185213793],[-36.298892802855,-9.34320241787375],[-36.2983705325316,-9.34537184844789],[-36.2962613639178,-9.34726005654017],[-36.2931478292976,-9.35228188657286],[-36.2905163903605,-9.3581272967309],[-36.2893915004331,-9.36170283971419],[-36.2887085315487,-9.36258668179995],[-36.2868404107765,-9.36343034924543],[-36.2865190136544,-9.36407314348961],[-36.2793478403677,-9.36642335994493],[-36.2785644348826,-9.36574039106047],[-36.2763548296683,-9.36547925589878],[-36.2743661849753,-9.36328973800453],[-36.2722570163616,-9.36204432415641],[-36.2693041803024,-9.36162249043365],[-36.2634788574644,-9.36324956336425],[-36.2609679424481,-9.36312903944347],[-36.2600238384019,-9.36507750949617],[-36.2598229652006,-9.36775916673361],[-36.26126925225,-9.36996375011796],[-36.2609428332979,-9.37215828984226],[-36.2612391212699,-9.37502073296088],[-36.2648548388934,-9.37704955229409],[-36.2655277641178,-9.37918885188803],[-36.265246541636,-9.38123775854136],[-36.2639107348473,-9.38446177342234],[-36.2627155392995,-9.38422072558079],[-36.2584469837717,-9.38154911200337],[-36.2539273367423,-9.38120762756117],[-36.2512055048645,-9.38013295593416],[-36.2453582115202,-9.37600438391854],[-36.243482558003,-9.37353740991498],[-36.2430808116004,-9.37374456040382],[-36.2433049107656,-9.37458069510427],[-36.2419151193041,-9.37463467977712],[-36.2381675786421,-9.37626175270771],[-36.238604477855,-9.37781349818781],[-36.2382780589029,-9.37792900027857],[-36.2413639734579,-9.37704264727779],[-36.243676526188,-9.37687692688673],[-36.2515093255815,-9.38154973973213],[-36.2539700222975,-9.38275686212624]]]}},{"type":"Feature","properties":{"id":"27011000002","state":"AL","municipality":"2701100","origin":"face","accuracy":"otima","notes":""},"geometry":{"type":"Polygon","coordinates":[[[-36.0122533212338,-9.24729145543625],[-36.012182017586,-9.2461478253618],[-36.0113323138352,-9.24415379546128],[-36.0102508736788,-9.24390160847242],[-36.0119146284573,-9.24756123406365],[-36.0122533212338,-9.24729145543625]]]}},{"type":"Feature","properties":{"id":"27023060005","state":"AL","municipality":"2702306","origin":"face","accuracy":"otima","notes":""},"geometry":{"type":"Polygon","coordinates":[[[-36.1110934051365,-10.1188681402524],[-36.1102377604642,-10.118294883602],[-36.1109686242026,-10.1198567137163],[-36.1114558660953,-10.1199210584101],[-36.1110934051365,-10.1188681402524]]]}},{"type":"Feature","properties":{"id":"27023060007","state":"AL","municipality":"2702306","origin":"face","accuracy":"otima","notes":""},"geometry":{"type":"Polygon","coordinates":[[[-36.1590225568455,-10.1521982437539],[-36.1584997071957,-10.1520511965055],[-36.1582382814715,-10.1532398232592],[-36.1586179707427,-10.1537299771567],[-36.1594893868257,-10.1541833685675],[-36.160086929668,-10.1534358853578],[-36.1590225568455,-10.1521982437539]]]}},{"type":"Feature","properties":{"id":"27023060008","state":"AL","municipality":"2702306","origin":"face","accuracy":"otima","notes":""},"geometry":{"type":"Polygon","coordinates":[[[-36.1616975992647,-10.1628874893661],[-36.1586731306604,-10.1611562539579],[-36.1588276215974,-10.1618113174383],[-36.1634623676941,-10.1644900434807],[-36.1616975992647,-10.1628874893661]]]}},{"type":"Feature","properties":{"id":"27027020003","state":"AL","municipality":"2702702","origin":"face","accuracy":"otima","notes":""},"geometry":{"type":"Polygon","coordinates":[[[-36.3093109424197,-10.2918055893041],[-36.3092211722107,-10.2912769425183],[-36.3068738474887,-10.2914963808067],[-36.3079643892859,-10.2905521312018],[-36.3073592715814,-10.2906119780078],[-36.30664110991,-10.2914797566939],[-36.3060891893664,-10.2913301396791],[-36.3040610476093,-10.2891124830366],[-36.3030004292151,-10.2887434277333],[-36.3023520888174,-10.2879454703207],[-36.3034127072116,-10.2895347355008],[-36.3057567071111,-10.2919319325611],[-36.3066211609747,-10.2920316772377],[-36.3098262899153,-10.2917789907237],[-36.3093109424197,-10.2918055893041]]]}},{"type":"Feature","properties":{"id":"27038090002","state":"AL","municipality":"2703809","origin":"face","accuracy":"otima","notes":""},"geometry":{"type":"Polygon","coordinates":[[[-35.7528359315513,-9.13597896153129],[-35.7537617543954,-9.13588503747464],[-35.7531881467637,-9.13534832857952],[-35.7531982100555,-9.13549256909509],[-35.7528359315513,-9.13597896153129]]]}},{"type":"Feature","properties":{"id":"27043020001","state":"AL","municipality":"2704302","origin":"face","accuracy":"otima","notes":""},"geometry":{"type":"Polygon","coordinates":[[[-35.5766684819393,-9.48758271750533],[-35.5751176248167,-9.48779370274903],[-35.5755870413404,-9.48846182183082],[-35.5771022465751,-9.48786403113474],[-35.5766684819393,-9.48758271750533]]]}},{"type":"Feature","properties":{"id":"27043020025","state":"AL","municipality":"2704302","origin":"face","accuracy":"otima","notes":""},"geometry":{"type":"Polygon","coordinates":[[[-35.7742287728727,-9.59180344351107],[-35.7731481321559,-9.59137987724016],[-35.7730810116145,-9.59237260985434],[-35.7753563979684,-9.59510591863097],[-35.7757524091628,-9.59474191994497],[-35.7750207952613,-9.593596976075],[-35.7753429738602,-9.59293515704537],[-35.7742287728727,-9.59180344351107]]]}},{"type":"Feature","properties":{"id":"27043020041","state":"AL","municipality":"2704302","origin":"face","accuracy":"otima","notes":""},"geometry":{"type":"Polygon","coordinates":[[[-35.7147129888004,-9.54286480769781],[-35.7141021918735,-9.54276552010757],[-35.7129275823987,-9.54335462605289],[-35.7130483993733,-9.54400992248105],[-35.7143035534977,-9.54534036892851],[-35.7142095847397,-9.54635971244305],[-35.7147935334501,-9.54635971244305],[-35.7155922678929,-9.54546613225433],[-35.7153036495648,-9.54421511605305],[-35.7138806940868,-9.54371206062445],[-35.714699564692,-9.54321562361824],[-35.7147129888004,-9.54286480769781]]]}},{"type":"Feature","properties":{"id":"27043020026","state":"AL","municipality":"2704302","origin":"face","accuracy":"otima","notes":""},"geometry":{"type":"Polygon","coordinates":[[[-35.7629458098609,-9.58997681018861],[-35.7623618611506,-9.58991062763712],[-35.7618718811982,-9.5906386349929],[-35.7619457137938,-9.59295501163506],[-35.7614355976791,-9.59343152143873],[-35.7607106958318,-9.59329915767157],[-35.7613751891918,-9.59482133787343],[-35.7624356937461,-9.59490075578329],[-35.762381997313,-9.5939675941672],[-35.7634357898132,-9.59298148441951],[-35.7635767429502,-9.59210788144145],[-35.7629458098609,-9.58997681018861]]]}},{"type":"Feature","properties":{"id":"27043020030","state":"AL","municipality":"2704302","origin":"face","accuracy":"otima","notes":""},"geometry":{"type":"Polygon","coordinates":[[[-35.7465214133767,-9.61357006605112],[-35.7451790025484,-9.61427816921302],[-35.7431720983601,-9.616243644053],[-35.743259355064,-9.61687232888012],[-35.7451521543319,-9.61695835934449],[-35.7456488463383,-9.61609805371583],[-35.7473335719278,-9.61491347546112],[-35.7473268598737,-9.61439067144808],[-35.7465214133767,-9.61357006605112]]]}},{"type":"Feature","properties":{"id":"27045000006","state":"AL","municipality":"2704500","origin":"face","accuracy":"otima","notes":""},"geometry":{"type":"Polygon","coordinates":[[[-35.2184376815462,-9.00524114856279],[-35.2182338123467,-9.00693326291864],[-35.2186592194097,-9.00542463084234],[-35.2193075234641,-9.00448411426864],[-35.2184376815462,-9.00524114856279]]]}},{"type":"Feature","properties":{"id":"27047080004","state":"AL","municipality":"2704708","origin":"face","accuracy":"otima","notes":""},"geometry":{"type":"Polygon","coordinates":[[[-35.8918825502395,-9.7295976007486],[-35.8893393826064,-9.72839701301171],[-35.8919538538872,-9.73096216547152],[-35.8924173284969,-9.73095045270117],[-35.8918825502395,-9.7295976007486]]]}},{"type":"Feature","properties":{"id":"27047080003","state":"AL","municipality":"2704708","origin":"face","accuracy":"otima","notes":""},"geometry":{"type":"Polygon","coordinates":[[[-35.8921434291759,-9.71196644509531],[-35.8915670572738,-9.71435601931478],[-35.892107777352,-9.71387576335577],[-35.8923157464745,-9.71235299439514],[-35.8940567467214,-9.71235299439514],[-35.8921434291759,-9.71196644509531]]]}},{"type":"Feature","properties":{"id":"27055070001","state":"AL","municipality":"2705507","origin":"face","accuracy":"otima","notes":""},"geometry":{"type":"Polygon","coordinates":[[[-35.945416800345,-9.31427669811109],[-35.9451078166723,-9.3160123312041],[-35.9436223219126,-9.31629964841001],[-35.9418337853009,-9.3155197878079],[-35.9415663961722,-9.3121540543661],[-35.9402651023525,-9.31254105692422],[-35.9391420676522,-9.31559601434452],[-35.9378051220087,-9.31560774150404],[-35.9383220739045,-9.31757204791166],[-35.9440501437991,-9.32114881536551],[-35.9468072232747,-9.31997610930995],[-35.9485898180656,-9.31870371790223],[-35.950473425608,-9.31836949475632],[-35.9533018087315,-9.31420047157446],[-35.9553517926511,-9.31275214939212],[-35.9576632229793,-9.31226546417982],[-35.9642944748101,-9.30565704343776],[-35.9649421503599,-9.30136472770001],[-35.9641399829738,-9.2987611660949],[-35.9633794092323,-9.29769979880663],[-35.9626663718555,-9.29733623527898],[-35.9619295662964,-9.29753560868137],[-35.954799188032,-9.30062001710008],[-35.95338499692,-9.30382753821028],[-35.9483343125784,-9.3036164403464],[-35.9464625886775,-9.30416177484597],[-35.9458505649516,-9.30618478360084],[-35.9449354993737,-9.30653660917711],[-35.9442640556416,-9.30780318107191],[-35.9433727582461,-9.30830746331873],[-35.9435450755447,-9.30881760824599],[-35.9451375266755,-9.30904042967206],[-35.9461833159073,-9.31021317349912],[-35.9448939057291,-9.31298083169997],[-35.9451375266755,-9.31387210751172],[-35.945416800345,-9.31427669811109]]]}},{"type":"Feature","properties":{"id":"27081050007","state":"AL","municipality":"2708105","origin":"face","accuracy":"otima","notes":""},"geometry":{"type":"Polygon","coordinates":[[[-36.217321238884,-9.17128875467222],[-36.217321238884,-9.17208066708907],[-36.2177074680252,-9.17226837898246],[-36.2179689153331,-9.17162311811233],[-36.217321238884,-9.17128875467222]]]}},{"type":"Feature","properties":{"id":"27081050005","state":"AL","municipality":"2708105","origin":"face","accuracy":"otima","notes":""},"geometry":{"type":"Polygon","coordinates":[[[-36.2225442405243,-9.16782778572367],[-36.2221104759177,-9.16795097395824],[-36.2222411995717,-9.16851998221137],[-36.222615544172,-9.16820321490639],[-36.2225442405243,-9.16782778572367]]]}},{"type":"Feature","properties":{"id":"27083030004","state":"AL","municipality":"2708303","origin":"face","accuracy":"otima","notes":""},"geometry":{"type":"Polygon","coordinates":[[[-36.0550437258933,-9.01244019303515],[-36.0546622818462,-9.01258798500912],[-36.0552872307647,-9.01260346797783],[-36.0554533207927,-9.01329457139901],[-36.0561767976938,-9.01301587796236],[-36.0550437258933,-9.01244019303515]]]}},{"type":"Feature","properties":{"id":"27083030003","state":"AL","municipality":"2708303","origin":"face","accuracy":"otima","notes":""},"geometry":{"type":"Polygon","coordinates":[[[-36.0619561676476,-9.01217979765243],[-36.0615141992683,-9.01204748864715],[-36.0622545666807,-9.01364927213655],[-36.0629583379854,-9.01319322833111],[-36.0630343452863,-9.01239937429948],[-36.0619561676476,-9.01217979765243]]]}},{"type":"Feature","properties":{"id":"27083030001","state":"AL","municipality":"2708303","origin":"face","accuracy":"otima","notes":""},"geometry":{"type":"Polygon","coordinates":[[[-36.0628105460114,-9.00954910051567],[-36.0639140594171,-9.00992948890582],[-36.0644742613756,-9.00861765919396],[-36.0634073440777,-9.00855009714872],[-36.0628105460114,-9.00954910051567]]]}},{"type":"Feature","properties":{"id":"27085010004","state":"AL","municipality":"2708501","origin":"face","accuracy":"otima","notes":""},"geometry":{"type":"Polygon","coordinates":[[[-35.5654162712746,-9.31064581557601],[-35.5654459244965,-9.31132315759301],[-35.5670940193581,-9.312130037369],[-35.5681428069973,-9.31203171352783],[-35.5681428069973,-9.31086275230496],[-35.5654162712746,-9.31064581557601]]]}},{"type":"Feature","properties":{"id":"27085010003","state":"AL","municipality":"2708501","origin":"face","accuracy":"otima","notes":""},"geometry":{"type":"Polygon","coordinates":[[[-35.5696042036128,-9.31408871071306],[-35.5682089414857,-9.31477444147044],[-35.5695320214279,-9.31354656397768],[-35.5671332318424,-9.31375413653128],[-35.5663435197212,-9.31531327172703],[-35.5646858655973,-9.31524986845645],[-35.5642972523203,-9.31592096768985],[-35.5646234377616,-9.31617067903253],[-35.5642270210051,-9.31609108354206],[-35.5664556947384,-9.31661547736166],[-35.5660889312039,-9.31709773239217],[-35.5672105498444,-9.3180826050624],[-35.5678181822519,-9.31772825353241],[-35.568277026844,-9.31635796253952],[-35.5699678457556,-9.31478478108073],[-35.5696042036128,-9.31408871071306]]]}},{"type":"Feature","properties":{"id":"27089070002","state":"AL","municipality":"2708907","origin":"face","accuracy":"otima","notes":""},"geometry":{"type":"Polygon","coordinates":[[[-35.8262467349145,-9.57176813775485],[-35.828058437341,-9.57305796172116],[-35.8278718590314,-9.57254419536141],[-35.8267659093412,-9.57135982870054],[-35.8262467349145,-9.57176813775485]]]}},{"type":"Feature","properties":{"id":"27006070003","state":"AL","municipality":"2700607","origin":"face","accuracy":"regular","notes":""},"geometry":{"type":"Polygon","coordinates":[[[-35.9026017082022,-9.84008388896024],[-35.8996102501129,-9.83645528728165],[-35.8978757078976,-9.83630048248125],[-35.897794008087,-9.83761941650284],[-35.9003518301728,-9.84002196793945],[-35.8997418110357,-9.84090006688457],[-35.9006283510175,-9.84035015033913],[-35.902677122651,-9.84208393712396],[-35.9037769233662,-9.84163191538056],[-35.9040660140353,-9.84068452367177],[-35.9026017082022,-9.84008388896024]]]}},{"type":"Feature","properties":{"id":"27043020017","state":"AL","municipality":"2704302","origin":"face","accuracy":"regular","notes":""},"geometry":{"type":"Polygon","coordinates":[[[-35.7400807229638,-9.65468532283128],[-35.739361743225,-9.65450958813835],[-35.7383337804579,-9.6566418295523],[-35.7380545073362,-9.65844602328002],[-35.739171599823,-9.65847531205951],[-35.739343917281,-9.6595648528452],[-35.7394449309633,-9.65722760779653],[-35.7405739074127,-9.65397066784159],[-35.7400807229638,-9.65468532283128]]]}},{"type":"Feature","properties":{"id":"27043020042","state":"AL","municipality":"2704302","origin":"face","accuracy":"regular","notes":""},"geometry":{"type":"Polygon","coordinates":[[[-35.7153976183227,-9.54663109559193],[-35.7146794285296,-9.5460817099688],[-35.715108350436,-9.54691454234661],[-35.7146794285296,-9.54675685844132],[-35.7146928526379,-9.54729300480462],[-35.7135316672715,-9.54816010392717],[-35.7134511226218,-9.54888820072219],[-35.7116657162201,-9.54837853312909],[-35.7100548232262,-9.54912648660797],[-35.7109877987518,-9.55195280925874],[-35.7123839060133,-9.55417678435962],[-35.7123436336884,-9.55561309389029],[-35.7113452885914,-9.55817662226468],[-35.7106387719365,-9.55867764188781],[-35.7123973301216,-9.56151050403896],[-35.7129812788318,-9.56113985051944],[-35.7127329328286,-9.56057063182815],[-35.7138806940868,-9.56006760056388],[-35.7143773860933,-9.55865116642935],[-35.7162500491988,-9.56071624600264],[-35.7171696006161,-9.56010731358545],[-35.7178005337054,-9.55873059279858],[-35.7197067570815,-9.55841950607995],[-35.7199886633555,-9.55779733178939],[-35.7197403173523,-9.55617570196234],[-35.7188878864764,-9.55542776396885],[-35.7188274779891,-9.55483867890545],[-35.7206665808238,-9.55485191678328],[-35.7210827281806,-9.55412383274026],[-35.7203191298821,-9.55364373767541],[-35.7218210541361,-9.55299860888358],[-35.7218411902986,-9.5521447600635],[-35.721290801859,-9.55167481134969],[-35.7181092881959,-9.55180719133471],[-35.7169212546129,-9.55076138805046],[-35.7168004376383,-9.54970234347701],[-35.7159010223834,-9.54990091458536],[-35.7162366250904,-9.54850429533337],[-35.7170554956957,-9.54741214832625],[-35.7162970335777,-9.54645237988411],[-35.7146727164755,-9.54555218081894],[-35.7153237857272,-9.54636633154684],[-35.7153976183227,-9.54663109559193]]]}},{"type":"Feature","properties":{"id":"27043020003","state":"AL","municipality":"2704302","origin":"face","accuracy":"regular","notes":""},"geometry":{"type":"Polygon","coordinates":[[[-35.6054752073422,-9.52147934600109],[-35.6050414427064,-9.52340146078872],[-35.6032529063314,-9.52429805331609],[-35.6030687049107,-9.52554624683647],[-35.6046373879772,-9.52450901592163],[-35.6052345570991,-9.52339706572145],[-35.6056090221903,-9.52153419914295],[-35.6071092522032,-9.52061204676306],[-35.6054752073422,-9.52147934600109]]]}},{"type":"Feature","properties":{"id":"27043020032","state":"AL","municipality":"2704302","origin":"face","accuracy":"regular","notes":""},"geometry":{"type":"Polygon","coordinates":[[[-35.7301842735964,-9.60394103952669],[-35.7301104410009,-9.60437782604209],[-35.7291439052045,-9.60491388144999],[-35.7289022712554,-9.60597937177769],[-35.7293184186122,-9.6072169246569],[-35.7297882624021,-9.60676028802499],[-35.7299359275932,-9.60735590090087],[-35.7314260036126,-9.60399398337675],[-35.7301842735964,-9.60394103952669]]]}},{"type":"Feature","properties":{"id":"27043020020","state":"AL","municipality":"2704302","origin":"face","accuracy":"regular","notes":""},"geometry":{"type":"Polygon","coordinates":[[[-35.72057932412,-9.62135911928246],[-35.7202839937378,-9.62235838160248],[-35.7207605495818,-9.62298705505787],[-35.7211230005055,-9.62262970397404],[-35.7209283509354,-9.62192823593285],[-35.72057932412,-9.62135911928246]]]}},{"type":"Feature","properties":{"id":"27043020021","state":"AL","municipality":"2704302","origin":"face","accuracy":"regular","notes":""},"geometry":{"type":"Polygon","coordinates":[[[-35.7196731968109,-9.62182235383791],[-35.7204585071455,-9.62159735427598],[-35.7205659000117,-9.62110103118331],[-35.7196195003778,-9.62071720749189],[-35.7193375941039,-9.61991647045674],[-35.7195188195656,-9.62199441222534],[-35.7207001410945,-9.62178926567642],[-35.7196731968109,-9.62182235383791]]]}},{"type":"Feature","properties":{"id":"27043020035","state":"AL","municipality":"2704302","origin":"face","accuracy":"regular","notes":""},"geometry":{"type":"Polygon","coordinates":[[[-35.7252509138024,-9.60073130315514],[-35.7244790275762,-9.60190269500552],[-35.7237742618913,-9.60194902115359],[-35.7242575297895,-9.6021475617165],[-35.7244790275762,-9.60323291473642],[-35.7233916748053,-9.6043976799612],[-35.7245058757927,-9.60541022829315],[-35.7249153110954,-9.60533081284713],[-35.7249153110954,-9.60466239877171],[-35.7258617107293,-9.6035836683223],[-35.7253851548853,-9.6027762727312],[-35.7260764964618,-9.60095631659331],[-35.7252509138024,-9.60073130315514]]]}},{"type":"Feature","properties":{"id":"27043020002","state":"AL","municipality":"2704302","origin":"face","accuracy":"regular","notes":""},"geometry":{"type":"Polygon","coordinates":[[[-35.5932703777264,-9.50277332300741],[-35.59052518236,-9.5028260669916],[-35.5885167926764,-9.50357034234602],[-35.5883088233305,-9.50420912856428],[-35.5897111309202,-9.50443182439679],[-35.5955342726064,-9.50216383637859],[-35.5932703777264,-9.50277332300741]]]}},{"type":"Feature","properties":{"id":"27043020033","state":"AL","municipality":"2704302","origin":"face","accuracy":"regular","notes":""},"geometry":{"type":"Polygon","coordinates":[[[-35.7247206615252,-9.609334651708],[-35.7237742618913,-9.60981113846828],[-35.7242441056812,-9.61085675984062],[-35.7256335008885,-9.61022806383318],[-35.7247206615252,-9.609334651708]]]}},{"type":"Feature","properties":{"id":"27043020044","state":"AL","municipality":"2704302","origin":"face","accuracy":"regular","notes":""},"geometry":{"type":"Polygon","coordinates":[[[-35.7264255232772,-9.55767819190183],[-35.7253918669394,-9.55694349500692],[-35.724801206175,-9.55877030597625],[-35.7234118109677,-9.56043825525178],[-35.7233446904263,-9.56156345450882],[-35.7240226078946,-9.56196720157011],[-35.7259355433249,-9.56204662716511],[-35.7259691035956,-9.56158331093288],[-35.7264255232772,-9.56169583064729],[-35.7260026638663,-9.56088833540122],[-35.7265329161434,-9.56102071180244],[-35.7262174495988,-9.56044487408182],[-35.7268013983091,-9.56079567188972],[-35.7265463402517,-9.56002126869954],[-35.7268953670671,-9.56015364543815],[-35.7276806774017,-9.55939247848764],[-35.7274994519398,-9.55855188344179],[-35.7279491595673,-9.55867102302343],[-35.7276135568602,-9.55779733178939],[-35.7264255232772,-9.55767819190183]]]}},{"type":"Feature","properties":{"id":"27043020022","state":"AL","municipality":"2704302","origin":"face","accuracy":"regular","notes":""},"geometry":{"type":"Polygon","coordinates":[[[-35.7093634816496,-9.62524365224782],[-35.7088399414266,-9.62617672761983],[-35.7089876066177,-9.6265208398725],[-35.7101689281466,-9.6265208398725],[-35.7107394527486,-9.62628260835029],[-35.7103434415543,-9.62617011007307],[-35.710712604532,-9.62580614480188],[-35.7093634816496,-9.62524365224782]]]}},{"type":"Feature","properties":{"id":"27045000005","state":"AL","municipality":"2704500","origin":"face","accuracy":"regular","notes":""},"geometry":{"type":"Polygon","coordinates":[[[-35.2252863275214,-9.00781533698848],[-35.2247481128347,-9.00772291628469],[-35.2252917640334,-9.00742934463743],[-35.2247182120188,-9.00738313428553],[-35.2252482719375,-9.00707597135828],[-35.2246176365471,-9.00672259807916],[-35.2250421629749,-9.00644106435398],[-35.2244572594434,-9.00644805422384],[-35.2248657906548,-9.00615189727239],[-35.2241799973321,-9.0062197207204],[-35.2243865847876,-9.00788057513232],[-35.2252863275214,-9.00781533698848]]]}},{"type":"Feature","properties":{"id":"27047080002","state":"AL","municipality":"2704708","origin":"face","accuracy":"regular","notes":""},"geometry":{"type":"Polygon","coordinates":[[[-35.8948741126501,-9.71974269037282],[-35.8936619488398,-9.71854206756235],[-35.8938402079592,-9.7192858680483],[-35.8948265771847,-9.71988325081134],[-35.8948741126501,-9.71974269037282]]]}},{"type":"Feature","properties":{"id":"27064480003","state":"AL","municipality":"2706448","origin":"face","accuracy":"regular","notes":""},"geometry":{"type":"Polygon","coordinates":[[[-35.5597454233197,-9.46465767659586],[-35.5598939728525,-9.46373162242691],[-35.5590739794313,-9.46550753423878],[-35.5583906515805,-9.46523206337094],[-35.5584738393188,-9.46755890609669],[-35.5598999148338,-9.46618741883982],[-35.5603099115443,-9.46489212029349],[-35.5597454233197,-9.46465767659586]]]}},{"type":"Feature","properties":{"id":"27076020001","state":"AL","municipality":"2707602","origin":"face","accuracy":"regular","notes":""},"geometry":{"type":"Polygon","coordinates":[[[-36.4818910163573,-9.32473651677679],[-36.481213629905,-9.32490069431157],[-36.4804887088868,-9.32614374533752],[-36.4747962908161,-9.32173441071444],[-36.4752122290611,-9.32264911746273],[-36.4795498751266,-9.32560430859194],[-36.4823663746084,-9.32828975706663],[-36.4832457874631,-9.32853602022114],[-36.4829605728721,-9.3281138550703],[-36.4833646274755,-9.32711707439343],[-36.4818910163573,-9.32473651677679]]]}},{"type":"Feature","properties":{"id":"27081050003","state":"AL","municipality":"2708105","origin":"face","accuracy":"regular","notes":""},"geometry":{"type":"Polygon","coordinates":[[[-36.2299836015619,-9.16305863234994],[-36.2287060750253,-9.16352792467393],[-36.2287714368523,-9.16416733455482],[-36.2292289696412,-9.16393268884247],[-36.2298172260841,-9.16437851515633],[-36.2295973724207,-9.16375670500787],[-36.2300846152127,-9.1641907987663],[-36.2299836015619,-9.16305863234994]]]}},{"type":"Feature","properties":{"id":"27081050009","state":"AL","municipality":"2708105","origin":"face","accuracy":"regular","notes":""},"geometry":{"type":"Polygon","coordinates":[[[-36.2139046002171,-9.16918284731049],[-36.2136490947299,-9.16974598838659],[-36.2140472075126,-9.17016247701667],[-36.2147958967132,-9.16949961461546],[-36.2139046002171,-9.16918284731049]]]}},{"type":"Feature","properties":{"id":"27081050011","state":"AL","municipality":"2708105","origin":"face","accuracy":"regular","notes":""},"geometry":{"type":"Polygon","coordinates":[[[-36.2237608047173,-9.17169503689639],[-36.2244084802671,-9.17203526571489],[-36.2236895001703,-9.17219364801838],[-36.2243312347986,-9.17235789570027],[-36.2241589166007,-9.17343723863764],[-36.2253176031248,-9.17340790904776],[-36.2256503540805,-9.17280957749997],[-36.2254661531404,-9.17183582126609],[-36.2237608047173,-9.17169503689639]]]}},{"type":"Feature","properties":{"id":"27083030006","state":"AL","municipality":"2708303","origin":"face","accuracy":"regular","notes":""},"geometry":{"type":"Polygon","coordinates":[[[-36.0597831052296,-9.00876916870727],[-36.0593277195342,-9.00953231506501],[-36.0602059633754,-9.0086490669854],[-36.05975057768,-9.00835882115754],[-36.0597831052296,-9.00876916870727]]]}},{"type":"Feature","properties":{"id":"27083030005","state":"AL","municipality":"2708303","origin":"face","accuracy":"regular","notes":""},"geometry":{"type":"Polygon","coordinates":[[[-36.0533112082716,-9.01270338709818],[-36.0537509193331,-9.01338046430801],[-36.0523383961884,-9.01406143276619],[-36.0535057706882,-9.01469959749271],[-36.0535524656682,-9.01398749904786],[-36.0538248530514,-9.01452449131776],[-36.0536769856148,-9.01394080406789],[-36.054299585348,-9.01427934267282],[-36.054089457938,-9.01347774551633],[-36.0546147764629,-9.01412758398785],[-36.0538053968098,-9.01263626306443],[-36.0543783831267,-9.01215569389538],[-36.0540038504747,-9.01235122912408],[-36.0542373253747,-9.01195043054584],[-36.0538861402127,-9.01153406697428],[-36.0533112082716,-9.01270338709818]]]}},{"type":"Feature","properties":{"id":"27089070001","state":"AL","municipality":"2708907","origin":"face","accuracy":"regular","notes":""},"geometry":{"type":"Polygon","coordinates":[[[-35.8254869015088,-9.56909114461724],[-35.8274662540105,-9.56787703358818],[-35.8254733813414,-9.56871798799806],[-35.8254409329397,-9.56583819235004],[-35.8253760361364,-9.56719561715314],[-35.8254923095757,-9.57021331850827],[-35.8254869015088,-9.56909114461724]]]}}]}