{"type":"FeatureCollection","features":[{"type":"Feature","properties":{"id":"23021070003","state":"CE","municipality":"2302107","origin":"","accuracy":"","notes":"Sem associacao de dados do Censo Demografico 2010"},"geometry":{"type":"Polygon","coordinates":[[[-38.8737898549046,-4.33278732500906],[-38.8738300155352,-4.3334147097959],[-38.8745328265705,-4.33380849359833],[-38.8749210459995,-4.33144578770783],[-38.8744926659399,-4.33061149714151],[-38.8737898549046,-4.33278732500906]]]}},{"type":"Feature","properties":{"id":"23021070001","state":"CE","municipality":"2302107","origin":"","accuracy":"","notes":"Sem associacao de dados do Censo Demografico 2010"},"geometry":{"type":"Polygon","coordinates":[[[-38.8680749394883,-4.34137385250112],[-38.8668673402993,-4.34215561310916],[-38.8681343905253,-4.34169618991155],[-38.8687177538258,-4.34079216280288],[-38.8680749394883,-4.34137385250112]]]}},{"type":"Feature","properties":{"id":"23021070002","state":"CE","municipality":"2302107","origin":"","accuracy":"","notes":"Sem associacao de dados do Censo Demografico 2010"},"geometry":{"type":"Polygon","coordinates":[[[-38.8696867771465,-4.34074305947666],[-38.8698775401418,-4.34121359316056],[-38.8707711141723,-4.34197111840414],[-38.8719759330899,-4.34141048305472],[-38.8724645540953,-4.3405161353257],[-38.8734317559486,-4.34042269594959],[-38.8722001632773,-4.34038265049913],[-38.8717249291487,-4.34119690757394],[-38.8710321582711,-4.34138378612291],[-38.8700147556296,-4.34059622621031],[-38.8696867771465,-4.34074305947666]]]}},{"type":"Feature","properties":{"id":"23037090006","state":"CE","municipality":"2303709","origin":"","accuracy":"","notes":"Sem associacao de dados do Censo Demografico 2010"},"geometry":{"type":"Polygon","coordinates":[[[-38.6113642102901,-3.73583105485926],[-38.6096410355053,-3.73569467986556],[-38.609070605424,-3.73644177816551],[-38.6097182818731,-3.7369813489101],[-38.6099084255334,-3.73615716881824],[-38.6113642102901,-3.73623425061017],[-38.6113642102901,-3.73583105485926]]]}},{"type":"Feature","properties":{"id":"23039070002","state":"CE","municipality":"2303907","origin":"","accuracy":"","notes":"Sem associacao de dados do Censo Demografico 2010"},"geometry":{"type":"Polygon","coordinates":[[[-41.2866008034595,-3.11412514252897],[-41.2848881825051,-3.11337229345744],[-41.2832175247666,-3.11492738643831],[-41.2856527207921,-3.11795274256462],[-41.2867287376406,-3.1176982736929],[-41.2883470647515,-3.11569544402409],[-41.2866008034595,-3.11412514252897]]]}},{"type":"Feature","properties":{"id":"23039070003","state":"CE","municipality":"2303907","origin":"","accuracy":"","notes":"Sem associacao de dados do Censo Demografico 2010"},"geometry":{"type":"Polygon","coordinates":[[[-41.2717091744405,-3.10045246484725],[-41.2714946043648,-3.10149696234697],[-41.2721175614877,-3.10209073207404],[-41.2731369458704,-3.1019776331042],[-41.2731956925622,-3.10112705350748],[-41.2717091744405,-3.10045246484725]]]}},{"type":"Feature","properties":{"id":"23039070001","state":"CE","municipality":"2303907","origin":"","accuracy":"","notes":"Sem associacao de dados do Censo Demografico 2010"},"geometry":{"type":"Polygon","coordinates":[[[-41.3261736033973,-3.16842975614044],[-41.3261166175412,-3.16628656892101],[-41.3241061650086,-3.16665411793826],[-41.322860250763,-3.16583420072062],[-41.3209347469289,-3.16583420072062],[-41.3201418924089,-3.16733266962752],[-41.3196888326832,-3.17276106712507],[-41.3235964728173,-3.17290243126264],[-41.3255863464138,-3.17036711721585],[-41.3261736033973,-3.16842975614044]]]}},{"type":"Feature","properties":{"id":"23042020002","state":"CE","municipality":"2304202","origin":"","accuracy":"","notes":"Sem associacao de dados do Censo Demografico 2010"},"geometry":{"type":"Polygon","coordinates":[[[-39.4021837988797,-7.2452450682187],[-39.4016954768176,-7.2457864818518],[-39.4018678257807,-7.24655585800094],[-39.4024135974972,-7.24658435338866],[-39.4027870202506,-7.24598594986846],[-39.4021837988797,-7.2452450682187]]]}},{"type":"Feature","properties":{"id":"23042020005","state":"CE","municipality":"2304202","origin":"","accuracy":"","notes":"Sem associacao de dados do Censo Demografico 2010"},"geometry":{"type":"Polygon","coordinates":[[[-39.430501092581,-7.22244633401643],[-39.4307183240865,-7.22286132008871],[-39.4311186763655,-7.22227891463481],[-39.430668055639,-7.22219342386285],[-39.430501092581,-7.22244633401643]]]}},{"type":"Feature","properties":{"id":"23042020006","state":"CE","municipality":"2304202","origin":"","accuracy":"","notes":"Sem associacao de dados do Censo Demografico 2010"},"geometry":{"type":"Polygon","coordinates":[[[-39.4252175196802,-7.23218682934692],[-39.4247543318418,-7.23193570566512],[-39.4246250701195,-7.23214408490032],[-39.425147502914,-7.23243082881885],[-39.4252175196802,-7.23218682934692]]]}},{"type":"Feature","properties":{"id":"23042020007","state":"CE","municipality":"2304202","origin":"","accuracy":"","notes":"Sem associacao de dados do Censo Demografico 2010"},"geometry":{"type":"Polygon","coordinates":[[[-39.4040652750605,-7.23638645149264],[-39.4044817850547,-7.2364612535685],[-39.4044602414343,-7.23621547527268],[-39.4041658119556,-7.23612998713841],[-39.4040652750605,-7.23638645149264]]]}},{"type":"Feature","properties":{"id":"23044000058","state":"CE","municipality":"2304400","origin":"","accuracy":"","notes":"Sem associacao de dados do Censo Demografico 2010"},"geometry":{"type":"Polygon","coordinates":[[[-38.4978140475155,-3.76825621374332],[-38.4980995828363,-3.76904738452771],[-38.4988610103581,-3.76876184920702],[-38.498617115605,-3.76799447303267],[-38.4978140475155,-3.76825621374332]]]}},{"type":"Feature","properties":{"id":"23054070002","state":"CE","municipality":"2305407","origin":"","accuracy":"","notes":"Sem associacao de dados do Censo Demografico 2010"},"geometry":{"type":"Polygon","coordinates":[[[-38.8173029760775,-6.3469099351175],[-38.8214641889893,-6.35219147458248],[-38.8244250520227,-6.3535518711114],[-38.8257854485516,-6.35187138128164],[-38.8197836991596,-6.34578960856431],[-38.8173029760775,-6.3469099351175]]]}},{"type":"Feature","properties":{"id":"23062070002","state":"CE","municipality":"2306207","origin":"","accuracy":"","notes":"Sem associacao de dados do Censo Demografico 2010"},"geometry":{"type":"Polygon","coordinates":[[[-37.774702495944,-4.71677578563869],[-37.774597526079,-4.71960997199341],[-37.7748981216015,-4.71979128357845],[-37.7754325136414,-4.71875112764354],[-37.775131918119,-4.71650858961869],[-37.774702495944,-4.71677578563869]]]}},{"type":"Feature","properties":{"id":"23062070003","state":"CE","municipality":"2306207","origin":"","accuracy":"","notes":"Sem associacao de dados do Censo Demografico 2010"},"geometry":{"type":"Polygon","coordinates":[[[-37.8235745004078,-4.71183494203615],[-37.8211901688648,-4.71318218628199],[-37.818883376559,-4.71628375576883],[-37.8208606271069,-4.71741776711241],[-37.8226731067757,-4.71607052286657],[-37.8241657370912,-4.71412234953273],[-37.8257552914532,-4.71343418880281],[-37.8251640547698,-4.71157324711067],[-37.8235745004078,-4.71183494203615]]]}},{"type":"Feature","properties":{"id":"23062070004","state":"CE","municipality":"2306207","origin":"","accuracy":"","notes":"Sem associacao de dados do Censo Demografico 2010"},"geometry":{"type":"Polygon","coordinates":[[[-37.8162018112735,-4.69232413148308],[-37.815205916696,-4.69844176960142],[-37.8154904580038,-4.698900197264],[-37.8160121170683,-4.69893181296488],[-37.8168973566926,-4.69654482754925],[-37.8171502822996,-4.69417364998396],[-37.8191578793048,-4.68856186307944],[-37.8183358710822,-4.68786631766027],[-37.8162018112735,-4.69232413148308]]]}},{"type":"Feature","properties":{"id":"23062070001","state":"CE","municipality":"2306207","origin":"","accuracy":"","notes":"Sem associacao de dados do Censo Demografico 2010"},"geometry":{"type":"Polygon","coordinates":[[[-37.7905476839999,-4.74017961099991],[-37.79073479165,-4.73549626305892],[-37.7889809235957,-4.73251161040525],[-37.7796595995845,-4.73246176375285],[-37.7822017788603,-4.74427542038739],[-37.7814540790733,-4.75429459753327],[-37.7896787767303,-4.75554076384492],[-37.792649208525,-4.74472652120056],[-37.7905476839999,-4.74017961099991]]]}},{"type":"Feature","properties":{"id":"23070070005","state":"CE","municipality":"2307007","origin":"","accuracy":"","notes":"Sem associacao de dados do Censo Demografico 2010"},"geometry":{"type":"Polygon","coordinates":[[[-37.7553401919398,-4.84142944738808],[-37.7545499084253,-4.83714278845587],[-37.7513055866287,-4.83727304644771],[-37.748916910141,-4.83857562498732],[-37.7486376370193,-4.83952887405738],[-37.7491961832627,-4.84077816117822],[-37.750628200759,-4.84126958628555],[-37.7534149899946,-4.84138800192067],[-37.7562017792301,-4.84556213981157],[-37.757455537287,-4.84567463395126],[-37.7553401919398,-4.84142944738808]]]}},{"type":"Feature","properties":{"id":"23070070008","state":"CE","municipality":"2307007","origin":"","accuracy":"","notes":"Sem associacao de dados do Censo Demografico 2010"},"geometry":{"type":"Polygon","coordinates":[[[-37.7890953626125,-4.89592822179545],[-37.788873865941,-4.89347305760879],[-37.7892476415741,-4.8905213314383],[-37.7875587294543,-4.88992822601148],[-37.7830318912317,-4.8897902944416],[-37.7826304285148,-4.89025926166332],[-37.7835025716586,-4.89449374493786],[-37.7861605317159,-4.89842475591293],[-37.7883062807205,-4.89939026384543],[-37.7900090363822,-4.89919716237048],[-37.7904104990991,-4.89896268193307],[-37.7901474718018,-4.89850751379037],[-37.7890953626125,-4.89592822179545]]]}},{"type":"Feature","properties":{"id":"23070070003","state":"CE","municipality":"2307007","origin":"","accuracy":"","notes":"Sem associacao de dados do Censo Demografico 2010"},"geometry":{"type":"Polygon","coordinates":[[[-37.8028696589317,-4.75362653409826],[-37.8032083518665,-4.75019795249883],[-37.8025369079782,-4.7490906176658],[-37.7997441767613,-4.74896034286266],[-37.7991440366487,-4.74970054028045],[-37.7989420092841,-4.75338375081559],[-37.7971534729091,-4.75719721493304],[-37.7973673842363,-4.75853547528502],[-37.7989122993775,-4.7584466527759],[-37.7999877979951,-4.756012911567],[-37.8014851772858,-4.75505954587762],[-37.8028696589317,-4.75362653409826]]]}},{"type":"Feature","properties":{"id":"23070070007","state":"CE","municipality":"2307007","origin":"","accuracy":"","notes":"Sem associacao de dados do Censo Demografico 2010"},"geometry":{"type":"Polygon","coordinates":[[[-37.8101304975099,-4.9182165877768],[-37.8065415407972,-4.91851259288415],[-37.8046282228145,-4.91757721629584],[-37.8019899831118,-4.91528020998573],[-37.8010986859149,-4.9154222930801],[-37.7987218933899,-4.9179442629618],[-37.798876384904,-4.91845339187318],[-37.797450309389,-4.9218278410937],[-37.7974384254264,-4.92291713332905],[-37.7996250745494,-4.92352097934321],[-37.8027862086077,-4.92616131920024],[-37.8066960323113,-4.92630339997147],[-37.8084192068919,-4.92456290843146],[-37.8106296239401,-4.92021757974013],[-37.8101304975099,-4.9182165877768]]]}},{"type":"Feature","properties":{"id":"23070070010","state":"CE","municipality":"2307007","origin":"","accuracy":"","notes":"Sem associacao de dados do Censo Demografico 2010"},"geometry":{"type":"Polygon","coordinates":[[[-37.8217188382243,-4.90879453324229],[-37.8186332516114,-4.90732144428311],[-37.8180225625943,-4.90395894643433],[-37.8176690057949,-4.90341454042785],[-37.8167690430328,-4.90319037311975],[-37.8150655420903,-4.90498370947773],[-37.8144869946004,-4.906937159672],[-37.8119799554774,-4.90873048596389],[-37.811465691042,-4.91001143036391],[-37.8114014079876,-4.91372615520957],[-37.8118192478414,-4.91462280982941],[-37.8129763428212,-4.91478292659886],[-37.8202724694995,-4.91126034878528],[-37.8225545179319,-4.91094011351562],[-37.8224580933502,-4.90978726527148],[-37.8217188382243,-4.90879453324229]]]}},{"type":"Feature","properties":{"id":"23070070012","state":"CE","municipality":"2307007","origin":"","accuracy":"","notes":"Sem associacao de dados do Censo Demografico 2010"},"geometry":{"type":"Polygon","coordinates":[[[-37.8128204765867,-4.87676617571804],[-37.8123879780448,-4.8762095539114],[-37.8098830906559,-4.87633524274677],[-37.8085495534848,-4.87717915288934],[-37.8083333042138,-4.87972883240818],[-37.8128024558141,-4.88017771864474],[-37.8132529751287,-4.88008794142143],[-37.813108808948,-4.87945950052213],[-37.8128204765867,-4.87676617571804]]]}},{"type":"Feature","properties":{"id":"23070070009","state":"CE","municipality":"2307007","origin":"","accuracy":"","notes":"Sem associacao de dados do Censo Demografico 2010"},"geometry":{"type":"Polygon","coordinates":[[[-37.8561745554009,-4.92675955178736],[-37.8565923952548,-4.9249342511787],[-37.8478820413789,-4.92384547299113],[-37.842257274116,-4.9208032891968],[-37.838850272231,-4.92000271220232],[-37.8353468457643,-4.91795323070896],[-37.8304613336273,-4.91244521794573],[-37.8283078513038,-4.91122832526523],[-37.8266364918885,-4.91077999582312],[-37.8231973484762,-4.91097213704949],[-37.8175082981588,-4.91209295976665],[-37.8147441268181,-4.91359806159398],[-37.8134263242022,-4.91484697329585],[-37.8132334750389,-4.91664027831213],[-37.8139084471105,-4.91801727710113],[-37.8147762683454,-4.91910606482533],[-37.8159976463796,-4.9196504580197],[-37.8264115011979,-4.91836953214789],[-37.8286935496304,-4.9199066428983],[-37.8320362684609,-4.92346119791109],[-37.8367610729618,-4.92528650256361],[-37.8411323206634,-4.92807248421353],[-37.8447643132389,-4.92935339139761],[-37.8472392108346,-4.92957754990093],[-37.850999769519,-4.93197924340325],[-37.8519961568627,-4.93213935599457],[-37.8530889687881,-4.93146688285158],[-37.8561745554009,-4.92675955178736]]]}},{"type":"Feature","properties":{"id":"23070070011","state":"CE","municipality":"2307007","origin":"","accuracy":"","notes":"Sem associacao de dados do Censo Demografico 2010"},"geometry":{"type":"Polygon","coordinates":[[[-37.8155346183118,-4.89310777863372],[-37.8149746709075,-4.89214963381239],[-37.8117367141782,-4.89090040496037],[-37.8093508513251,-4.8893600904489],[-37.8090221865443,-4.88701929074833],[-37.8065024232249,-4.88700716223119],[-37.8063563499889,-4.88853535366377],[-37.8048225810119,-4.88786828640361],[-37.8033009848046,-4.88826852683939],[-37.8036905134337,-4.88973607305807],[-37.8047738899333,-4.89039101000222],[-37.8065145959945,-4.89244071592847],[-37.8099716625777,-4.89349588753811],[-37.8124427348184,-4.89550919886693],[-37.8138669488686,-4.89547281377622],[-37.8151816079917,-4.89409017886174],[-37.8155346183118,-4.89310777863372]]]}},{"type":"Feature","properties":{"id":"23070070013","state":"CE","municipality":"2307007","origin":"","accuracy":"","notes":"Sem associacao de dados do Censo Demografico 2010"},"geometry":{"type":"Polygon","coordinates":[[[-37.8046750873797,-4.87638910938329],[-37.8045849835167,-4.87513222007195],[-37.8065492477282,-4.87023032929253],[-37.8034676956167,-4.86805768495186],[-37.8018818676295,-4.86823724260141],[-37.7990526063341,-4.86953005626328],[-37.7983858377486,-4.87015850645131],[-37.798367816976,-4.87087673451842],[-37.7991066686518,-4.87288776902421],[-37.7990526063341,-4.87432421855848],[-37.7983317754308,-4.87714324184106],[-37.7972325083033,-4.8786874151831],[-37.7975208406646,-4.88024954041472],[-37.7991246894244,-4.88069842630296],[-37.8022062415359,-4.87990838693883],[-37.8050174820587,-4.88028545129681],[-37.8065312269556,-4.87940563413194],[-37.8062068530491,-4.87877719259372],[-37.8046750873797,-4.87638910938329]]]}},{"type":"Feature","properties":{"id":"23070070006","state":"CE","municipality":"2307007","origin":"","accuracy":"","notes":"Sem associacao de dados do Censo Demografico 2010"},"geometry":{"type":"Polygon","coordinates":[[[-37.7588162510076,-4.84185574347679],[-37.7589469745965,-4.84125182393847],[-37.758519151942,-4.83959400282684],[-37.7568435132119,-4.8389308732449],[-37.7564394584826,-4.83993740896209],[-37.7568316292493,-4.84152417987545],[-37.7582814726895,-4.8420688914204],[-37.7588162510076,-4.84185574347679]]]}},{"type":"Feature","properties":{"id":"23070070002","state":"CE","municipality":"2307007","origin":"","accuracy":"","notes":"Sem associacao de dados do Censo Demografico 2010"},"geometry":{"type":"Polygon","coordinates":[[[-37.800808536255,-4.77466227200509],[-37.7991210135623,-4.77308126672975],[-37.7990378258239,-4.77129300918161],[-37.7982475423093,-4.76959948946025],[-37.7967561049999,-4.76953435400294],[-37.7957578521394,-4.77228780203508],[-37.7966729172615,-4.77514190209863],[-37.7950864082511,-4.77887234692986],[-37.7953419134475,-4.77989081405428],[-37.7966848012242,-4.78151325274203],[-37.7981108767391,-4.78192182246283],[-37.799780573488,-4.78140666929651],[-37.8013967924049,-4.77597089159285],[-37.800808536255,-4.77466227200509]]]}},{"type":"Feature","properties":{"id":"23073040002","state":"CE","municipality":"2307304","origin":"","accuracy":"","notes":"Sem associacao de dados do Censo Demografico 2010"},"geometry":{"type":"Polygon","coordinates":[[[-39.3163019940467,-7.24503316951468],[-39.316401931409,-7.24426222414879],[-39.3149028709753,-7.24427650091485],[-39.3149314245073,-7.24510455334485],[-39.3157594769374,-7.24540436543151],[-39.3163019940467,-7.24503316951468]]]}},{"type":"Feature","properties":{"id":"23075020004","state":"CE","municipality":"2307502","origin":"","accuracy":"","notes":"Sem associacao de dados do Censo Demografico 2010"},"geometry":{"type":"Polygon","coordinates":[[[-38.9730385159147,-6.82032645779975],[-38.9748329943472,-6.81683958477897],[-38.9759976226921,-6.81253848356415],[-38.9756529871956,-6.81207238113541],[-38.9740902460679,-6.81181867968827],[-38.9720521466892,-6.81240868261455],[-38.9718679457491,-6.81357688756328],[-38.9706201292155,-6.81401938818419],[-38.9701328864235,-6.81470378934837],[-38.9704478119169,-6.81537638870929],[-38.9720580885099,-6.8156595879196],[-38.9722304058085,-6.81634988683778],[-38.9707211428664,-6.81679828521266],[-38.97038245009,-6.81770688016832],[-38.9687840571385,-6.81807857806388],[-38.9686771016669,-6.81849157552575],[-38.9712380956615,-6.82004916084003],[-38.9703943337315,-6.82080435213909],[-38.9684572480036,-6.82132944559737],[-38.9684037707174,-6.82204923508408],[-38.9686949271292,-6.82255662718654],[-38.9710657774636,-6.82171293990023],[-38.9730385159147,-6.82032645779975]]]}},{"type":"Feature","properties":{"id":"23075020005","state":"CE","municipality":"2307502","origin":"","accuracy":"","notes":"Sem associacao de dados do Censo Demografico 2010"},"geometry":{"type":"Polygon","coordinates":[[[-38.9582092880282,-6.78471064547985],[-38.9570743696864,-6.78425631697543],[-38.9560345231747,-6.78415601019169],[-38.954887720292,-6.78496436131616],[-38.954507433871,-6.7861916364348],[-38.9552620648923,-6.78748381112893],[-38.9555353967411,-6.79023926013372],[-38.9584172571506,-6.79081158958314],[-38.9606336165481,-6.79059327825711],[-38.9598492746243,-6.78902969716273],[-38.9599086946305,-6.78738350614383],[-38.9590233390558,-6.78575501018555],[-38.9582092880282,-6.78471064547985]]]}},{"type":"Feature","properties":{"id":"23075020001","state":"CE","municipality":"2307502","origin":"","accuracy":"","notes":"Sem associacao de dados do Censo Demografico 2010"},"geometry":{"type":"Polygon","coordinates":[[[-38.9611746783686,-6.70399279293298],[-38.9614242420351,-6.70141389523502],[-38.9626482903863,-6.69772551561999],[-38.9640268296744,-6.69681079358322],[-38.9639079896619,-6.69593147785537],[-38.9623690167167,-6.69406071443042],[-38.9622442348835,-6.69185355869473],[-38.9652508780256,-6.68895001203339],[-38.9653637753179,-6.68671332525971],[-38.9640565396775,-6.68494285332999],[-38.9645200142872,-6.68412253222902],[-38.964395232454,-6.68331401383064],[-38.9639317578443,-6.68262942740609],[-38.9623927848991,-6.68201565899541],[-38.9615133711451,-6.68196254503539],[-38.9610380128939,-6.68245828012552],[-38.9605151182781,-6.68588710550545],[-38.9592554190023,-6.68886148906642],[-38.9598258490836,-6.69429677387694],[-38.9587503498488,-6.70139619118123],[-38.959100927166,-6.70363871185704],[-38.9598971527313,-6.70486619292041],[-38.9611746783686,-6.70399279293298]]]}},{"type":"Feature","properties":{"id":"23075020003","state":"CE","municipality":"2307502","origin":"","accuracy":"","notes":"Sem associacao de dados do Censo Demografico 2010"},"geometry":{"type":"Polygon","coordinates":[[[-39.007896337346,-6.81006998394258],[-39.0082469146633,-6.80910237367556],[-39.0074685154595,-6.80604022707479],[-39.0061969307437,-6.80724974777759],[-39.0055076615493,-6.80981628159607],[-39.0040340495317,-6.81047708814709],[-39.0038676740539,-6.81117919426435],[-39.0044262204937,-6.81217630049584],[-39.0051986778766,-6.81217630049583],[-39.007123879963,-6.81042398767688],[-39.007896337346,-6.81006998394258]]]}},{"type":"Feature","properties":{"id":"23075020009","state":"CE","municipality":"2307502","origin":"","accuracy":"","notes":"Sem associacao de dados do Censo Demografico 2010"},"geometry":{"type":"Polygon","coordinates":[[[-38.9811761389999,-6.86170694499993],[-38.9818429829999,-6.86281720599987],[-38.9814010079999,-6.86539339699994],[-38.9794066049999,-6.86819373699984],[-38.9798958183534,-6.86931382785406],[-38.984285828628,-6.86612679281718],[-38.9848503168886,-6.86465784828097],[-38.9835154136054,-6.86183885587843],[-38.9824517989114,-6.86133740469739],[-38.9798707207591,-6.86129873668303],[-38.9811761389999,-6.86170694499993]]]}},{"type":"Feature","properties":{"id":"23075020002","state":"CE","municipality":"2307502","origin":"","accuracy":"","notes":"Sem associacao de dados do Censo Demografico 2010"},"geometry":{"type":"Polygon","coordinates":[[[-39.0150148310696,-6.82729194626627],[-39.0158051148141,-6.8248848028913],[-39.0164943849079,-6.82447181082534],[-39.016036852119,-6.82323873418017],[-39.0147177319377,-6.82351602934126],[-39.0125013734396,-6.82316203549948],[-39.0120616670123,-6.82352192979319],[-39.0119963051853,-6.82508539847231],[-39.0130896298825,-6.82647186708296],[-39.0120081888268,-6.82801172675972],[-39.0121805061254,-6.82906779704114],[-39.0133332508288,-6.82907959614643],[-39.014070056388,-6.82742764317118],[-39.0150148310696,-6.82729194626627]]]}},{"type":"Feature","properties":{"id":"23075020008","state":"CE","municipality":"2307502","origin":"","accuracy":"","notes":"Sem associacao de dados do Censo Demografico 2010"},"geometry":{"type":"Polygon","coordinates":[[[-38.9646125068617,-6.77365121283318],[-38.9644936668492,-6.77542726145892],[-38.9660564079768,-6.77649524775745],[-38.9682430573712,-6.77679617170594],[-38.9690630502196,-6.77915045203169],[-38.9711308605008,-6.77876102310269],[-38.9729847580401,-6.77666046041185],[-38.9761280666569,-6.77611171658243],[-38.9774293604766,-6.77448908330451],[-38.9773996504734,-6.77329128166724],[-38.9761042984745,-6.77081896172565],[-38.973703738137,-6.76861215492699],[-38.9705604295202,-6.76723732084565],[-38.9687481256254,-6.76899569149795],[-38.967571613639,-6.77095467391899],[-38.9646125068617,-6.77365121283318]]]}},{"type":"Feature","properties":{"id":"23075020010","state":"CE","municipality":"2307502","origin":"","accuracy":"","notes":"Sem associacao de dados do Censo Demografico 2010"},"geometry":{"type":"Polygon","coordinates":[[[-38.9692061069999,-6.86045473999997],[-38.971899976,-6.8629945809999],[-38.9732672275186,-6.86310394051146],[-38.9764088035234,-6.86122402536836],[-38.9743478649619,-6.86033357963096],[-38.9719770146275,-6.86131878513373],[-38.9699507988902,-6.86036307649477],[-38.9693447169851,-6.85910649516854],[-38.9695110924628,-6.8582097766597],[-38.9699270307078,-6.8574664438213],[-38.9727672974727,-6.85583818618323],[-38.9727554138312,-6.85530723184326],[-38.9723157074039,-6.85461109002966],[-38.9694813824598,-6.8542866173334],[-38.9684177677657,-6.85534262825957],[-38.9670511121191,-6.85793840173575],[-38.9670748794021,-6.8595135571049],[-38.9682363422008,-6.86128402728292],[-38.9692061069999,-6.86045473999997]]]}},{"type":"Feature","properties":{"id":"23075020011","state":"CE","municipality":"2307502","origin":"","accuracy":"","notes":"Sem associacao de dados do Censo Demografico 2010"},"geometry":{"type":"Polygon","coordinates":[[[-38.9630908659999,-6.65298791499992],[-38.9631010595826,-6.64960888428299],[-38.9623656739366,-6.65368903172335],[-38.9597809117596,-6.65947291893998],[-38.9596323626433,-6.66140873482516],[-38.9606424991519,-6.6663190637737],[-38.9636669677563,-6.67173099139212],[-38.9641482678283,-6.67526022068263],[-38.9637679814071,-6.67799860235353],[-38.9648494224627,-6.6782936852053],[-38.9670657809609,-6.67806942216596],[-38.9674638937437,-6.67764450239185],[-38.9684918566138,-6.67185492786252],[-38.9675589655737,-6.66950012772861],[-38.96444536696,-6.66620102775506],[-38.9668875218416,-6.66178645368182],[-38.9643859478531,-6.65805646243564],[-38.9654705410563,-6.65570063026793],[-38.9630908659999,-6.65298791499992]]]}},{"type":"Feature","properties":{"id":"23076010001","state":"CE","municipality":"2307601","origin":"","accuracy":"","notes":"Sem associacao de dados do Censo Demografico 2010"},"geometry":{"type":"Polygon","coordinates":[[[-38.1888627316927,-5.14971856159655],[-38.1874080940825,-5.15266796475106],[-38.1867961430879,-5.15305921210838],[-38.1829739573671,-5.15340029954797],[-38.1830140853013,-5.15392196269097],[-38.1840774755543,-5.15519602459779],[-38.1883711645003,-5.15459410558669],[-38.190859096413,-5.15212623764114],[-38.1922836380726,-5.14968846564603],[-38.1888627316927,-5.14971856159655]]]}},{"type":"Feature","properties":{"id":"23077000002","state":"CE","municipality":"2307700","origin":"","accuracy":"","notes":"Sem associacao de dados do Censo Demografico 2010"},"geometry":{"type":"Polygon","coordinates":[[[-38.6974039894906,-3.91467514869196],[-38.6974889007228,-3.91386849198591],[-38.6968945220973,-3.91293446843155],[-38.6951962974531,-3.91348639144094],[-38.6943896407471,-3.9142081369148],[-38.6953661199175,-3.91611863963955],[-38.6974039894906,-3.91467514869196]]]}},{"type":"Feature","properties":{"id":"23077000005","state":"CE","municipality":"2307700","origin":"","accuracy":"","notes":"Sem associacao de dados do Censo Demografico 2010"},"geometry":{"type":"Polygon","coordinates":[[[-38.7020475246917,-3.89069518401157],[-38.7026556727062,-3.88991472739309],[-38.7029090677122,-3.88837408575642],[-38.7023820060997,-3.88784702414381],[-38.7015812778806,-3.88798892534726],[-38.7009325866651,-3.88894169056993],[-38.7011150310695,-3.89032015940275],[-38.7020475246917,-3.89069518401157]]]}},{"type":"Feature","properties":{"id":"23077000004","state":"CE","municipality":"2307700","origin":"","accuracy":"","notes":"Sem associacao de dados do Censo Demografico 2010"},"geometry":{"type":"Polygon","coordinates":[[[-38.7099331772794,-3.88546511108717],[-38.7091121774598,-3.88487723467313],[-38.7056862769783,-3.88456302486562],[-38.7047841907569,-3.88502927167674],[-38.7062336101914,-3.88855653016078],[-38.7076627580253,-3.88954983858439],[-38.7088081034526,-3.88920522137618],[-38.7096797822734,-3.88814096235086],[-38.7101054858835,-3.88655977751313],[-38.7099331772794,-3.88546511108717]]]}},{"type":"Feature","properties":{"id":"23077000006","state":"CE","municipality":"2307700","origin":"","accuracy":"","notes":"Sem associacao de dados do Censo Demografico 2010"},"geometry":{"type":"Polygon","coordinates":[[[-38.6978310317913,-3.88518130868034],[-38.6975269577841,-3.88576918509438],[-38.6980134761957,-3.88656991331341],[-38.6987229822125,-3.88680303671897],[-38.6995237104315,-3.88621516030503],[-38.6994426240297,-3.88522185188133],[-38.6987635254135,-3.88491777787409],[-38.6978310317913,-3.88518130868034]]]}},{"type":"Feature","properties":{"id":"23077000001","state":"CE","municipality":"2307700","origin":"","accuracy":"","notes":"Sem associacao de dados do Censo Demografico 2010"},"geometry":{"type":"Polygon","coordinates":[[[-38.7027109415037,-3.91815650921252],[-38.7034751425936,-3.91620355087174],[-38.7014797286366,-3.91501479362074],[-38.7001636045373,-3.91501479362074],[-38.6990597585187,-3.9158214503268],[-38.6990173029026,-3.91722248565822],[-38.7012674505561,-3.91947263331173],[-38.7027109415037,-3.91815650921252]]]}},{"type":"Feature","properties":{"id":"23077000007","state":"CE","municipality":"2307700","origin":"","accuracy":"","notes":"Sem associacao de dados do Censo Demografico 2010"},"geometry":{"type":"Polygon","coordinates":[[[-38.6864927527205,-3.88855954221458],[-38.6857082322197,-3.88770502731966],[-38.6862944352704,-3.88909908233585],[-38.6871227022676,-3.88870536386902],[-38.687300604686,-3.88787418043883],[-38.6888025677264,-3.88738713611303],[-38.6874464263403,-3.88769919445355],[-38.6873501840484,-3.88712757356826],[-38.6863294324675,-3.8876875287212],[-38.6864927527205,-3.88855954221458]]]}},{"type":"Feature","properties":{"id":"23077000003","state":"CE","municipality":"2307700","origin":"","accuracy":"","notes":"Sem associacao de dados do Censo Demografico 2010"},"geometry":{"type":"Polygon","coordinates":[[[-38.6998936939167,-3.89694346455202],[-38.7000269437331,-3.89662937569932],[-38.6989609452025,-3.8962486619384],[-38.698780106166,-3.89674358982752],[-38.6998936939167,-3.89694346455202]]]}},{"type":"Feature","properties":{"id":"23081040002","state":"CE","municipality":"2308104","origin":"","accuracy":"","notes":"Sem associacao de dados do Censo Demografico 2010"},"geometry":{"type":"Polygon","coordinates":[[[-38.7477500633147,-7.38399689194295],[-38.7463477558442,-7.383955643638],[-38.7452009529616,-7.38470990863533],[-38.7447077683488,-7.38578827131165],[-38.7458605130522,-7.39283586158569],[-38.7464903631397,-7.39416169160877],[-38.7487126643579,-7.39573500426701],[-38.7523253885058,-7.39601784734572],[-38.7532166859013,-7.39548162477711],[-38.7533176995521,-7.39433257628729],[-38.7519094502609,-7.39217589140425],[-38.7505784464381,-7.38713179999252],[-38.74845121705,-7.38455080597487],[-38.7477500633147,-7.38399689194295]]]}},{"type":"Feature","properties":{"id":"23081040003","state":"CE","municipality":"2308104","origin":"","accuracy":"","notes":"Sem associacao de dados do Censo Demografico 2010"},"geometry":{"type":"Polygon","coordinates":[[[-38.711959855363,-7.36121162811412],[-38.7106169669994,-7.35548358699788],[-38.7092265431704,-7.35279043942718],[-38.7026071767797,-7.34535915250285],[-38.6997966191186,-7.34396835095858],[-38.6984121380097,-7.34398013747331],[-38.6977704033814,-7.34552416280979],[-38.6978179397461,-7.34989690761615],[-38.7003492237377,-7.35694506985902],[-38.7039619478855,-7.3613353811229],[-38.7068556928359,-7.36341560744426],[-38.7099158132641,-7.36461777349144],[-38.7115142062156,-7.36474741885826],[-38.7117756535236,-7.36441152027539],[-38.711959855363,-7.36121162811412]]]}},{"type":"Feature","properties":{"id":"23081040001","state":"CE","municipality":"2308104","origin":"","accuracy":"","notes":"Sem associacao de dados do Censo Demografico 2010"},"geometry":{"type":"Polygon","coordinates":[[[-38.7897892581677,-7.40961721995872],[-38.7860933458312,-7.40036022024794],[-38.7843879965088,-7.39854533080234],[-38.7833006145317,-7.39806214485208],[-38.7819458425266,-7.39826838277957],[-38.781155558782,-7.39932314095019],[-38.7811852687851,-7.40245204782371],[-38.7832946727109,-7.41040679593681],[-38.7845246628828,-7.41328225407274],[-38.7856239294008,-7.41478479188458],[-38.7878759397228,-7.4155154352891],[-38.7890821617124,-7.41524439041627],[-38.789676359976,-7.41447839196417],[-38.7897892581677,-7.40961721995872]]]}},{"type":"Feature","properties":{"id":"23082030001","state":"CE","municipality":"2308203","origin":"","accuracy":"","notes":"Sem associacao de dados do Censo Demografico 2010"},"geometry":{"type":"Polygon","coordinates":[[[-40.4650144179737,-3.54084319296453],[-40.4640214240549,-3.54053550470798],[-40.4640493957145,-3.54099703709274],[-40.4648745596753,-3.54119283871057],[-40.4650144179737,-3.54084319296453]]]}},{"type":"Feature","properties":{"id":"23084010003","state":"CE","municipality":"2308401","origin":"","accuracy":"","notes":"Sem associacao de dados do Censo Demografico 2010"},"geometry":{"type":"Polygon","coordinates":[[[-39.215214336,-7.22145236799997],[-39.2147146518749,-7.21755329738871],[-39.2132743844663,-7.21679227597604],[-39.2122950057159,-7.21511334097518],[-39.210018268101,-7.21457913438393],[-39.2092678350325,-7.21557123233902],[-39.2093059926461,-7.21739007858998],[-39.2082375794637,-7.21733920177172],[-39.2072709199178,-7.22039181086428],[-39.2106669475331,-7.22165101211484],[-39.2139866599212,-7.22540317745769],[-39.2151313883309,-7.22554308870783],[-39.2159962942404,-7.2233299471157],[-39.216904018159,-7.22267472920994],[-39.215214336,-7.22145236799997]]]}},{"type":"Feature","properties":{"id":"23084010001","state":"CE","municipality":"2308401","origin":"","accuracy":"","notes":"Sem associacao de dados do Censo Demografico 2010"},"geometry":{"type":"Polygon","coordinates":[[[-39.1026917247118,-7.15793190201293],[-39.102351127031,-7.15734802027435],[-39.1004048545689,-7.15733585607143],[-39.0992857479033,-7.15810220085332],[-39.102886351958,-7.16124056519839],[-39.1046015045652,-7.16147168505325],[-39.1079101677505,-7.1595132483883],[-39.1117662200659,-7.16036474259046],[-39.1129583119489,-7.16015795114135],[-39.1126663710796,-7.15817518607073],[-39.1121554745583,-7.15824817128805],[-39.111669120708,-7.15645937831364],[-39.110639791,-7.15580866999989],[-39.1102392247696,-7.15579339545605],[-39.1098564402125,-7.1566546607097],[-39.1091387522422,-7.1565695112895],[-39.1089068101518,-7.15574258731533],[-39.1080787129999,-7.1557110099999],[-39.1056671199999,-7.15643212499998],[-39.1045268929999,-7.15768323799989],[-39.1039731405211,-7.15767035995628],[-39.1026917247118,-7.15793190201293]]]}},{"type":"Feature","properties":{"id":"23084010002","state":"CE","municipality":"2308401","origin":"","accuracy":"","notes":"Sem associacao de dados do Censo Demografico 2010"},"geometry":{"type":"Polygon","coordinates":[[[-39.1909857826321,-7.20885087277815],[-39.1906398296418,-7.21406747971083],[-39.1924515308278,-7.21434060049262],[-39.194427104483,-7.21343930191263],[-39.1973312887963,-7.21394002334597],[-39.1998075838848,-7.21376704685082],[-39.2007361945428,-7.21289306034897],[-39.2019925501393,-7.21261083554112],[-39.202556999755,-7.2097521713581],[-39.1909857826321,-7.20885087277815]]]}},{"type":"Feature","properties":{"id":"23087080007","state":"CE","municipality":"2308708","origin":"","accuracy":"","notes":"Sem associacao de dados do Censo Demografico 2010"},"geometry":{"type":"Polygon","coordinates":[[[-38.3126639434862,-5.14681762523315],[-38.3092057102752,-5.14446224773452],[-38.3084629628953,-5.14466346114978],[-38.3076607955092,-5.14615480689878],[-38.3085639765462,-5.14752186993832],[-38.3116181551537,-5.14900729095366],[-38.3135611827024,-5.14870547217977],[-38.3136087190671,-5.14693598590696],[-38.3126639434862,-5.14681762523315]]]}},{"type":"Feature","properties":{"id":"23087080010","state":"CE","municipality":"2308708","origin":"","accuracy":"","notes":"Sem associacao de dados do Censo Demografico 2010"},"geometry":{"type":"Polygon","coordinates":[[[-38.5836563003979,-5.26148266639189],[-38.582978914845,-5.26036436302491],[-38.581588491016,-5.26115723411902],[-38.5818558801447,-5.26308024006097],[-38.58340079581,-5.26422812302941],[-38.5864965680621,-5.26500915544814],[-38.5870372881403,-5.26399144574856],[-38.5868946808448,-5.2630920733405],[-38.5836563003979,-5.26148266639189]]]}},{"type":"Feature","properties":{"id":"23087080012","state":"CE","municipality":"2308708","origin":"","accuracy":"","notes":"Sem associacao de dados do Censo Demografico 2010"},"geometry":{"type":"Polygon","coordinates":[[[-38.3069278300552,-5.13797720318536],[-38.3038914778094,-5.13588810864923],[-38.2976880496637,-5.13524303303951],[-38.2945982192324,-5.13552118525446],[-38.289250435759,-5.13298230289093],[-38.2811752837123,-5.13273965860834],[-38.2763622784963,-5.13392328782941],[-38.2762196712008,-5.13450326601288],[-38.2764454666849,-5.13485835432955],[-38.2774080668288,-5.13477549978944],[-38.2816744101458,-5.13330780081431],[-38.2887334838631,-5.133704316401],[-38.2943724237483,-5.13628462333669],[-38.3021801875656,-5.13651542984314],[-38.3052937852799,-5.137835168758],[-38.306292038147,-5.13889450897438],[-38.3069278300552,-5.13797720318536]]]}},{"type":"Feature","properties":{"id":"23087080006","state":"CE","municipality":"2308708","origin":"","accuracy":"","notes":"Sem associacao de dados do Censo Demografico 2010"},"geometry":{"type":"Polygon","coordinates":[[[-38.3372274466893,-5.13400036872203],[-38.3339771826009,-5.1357817278444],[-38.3339296471354,-5.13676413555636],[-38.3350110872918,-5.13736778389608],[-38.3391169960525,-5.1360480431826],[-38.3395032251936,-5.13566928291101],[-38.339526993376,-5.13444423001715],[-38.3372274466893,-5.13400036872203]]]}},{"type":"Feature","properties":{"id":"23087080009","state":"CE","municipality":"2308708","origin":"","accuracy":"","notes":"Sem associacao de dados do Censo Demografico 2010"},"geometry":{"type":"Polygon","coordinates":[[[-38.553156923653,-5.25495315756213],[-38.5524320017354,-5.25518392090117],[-38.5520754825974,-5.25595904837133],[-38.5528598245213,-5.25749154889581],[-38.5544344492903,-5.25826075612896],[-38.5560031322387,-5.25807141286538],[-38.5563061731913,-5.25688209902962],[-38.553156923653,-5.25495315756213]]]}},{"type":"Feature","properties":{"id":"23087080013","state":"CE","municipality":"2308708","origin":"","accuracy":"","notes":"Sem associacao de dados do Censo Demografico 2010"},"geometry":{"type":"Polygon","coordinates":[[[-38.369129411,-4.57673188999996],[-38.3686625959999,-4.57502415399996],[-38.368548877,-4.57320525699994],[-38.3696335344566,-4.56964751094108],[-38.3637672595514,-4.56989813229286],[-38.3664979933877,-4.58145968701491],[-38.3700348893986,-4.58081455384854],[-38.3711257949719,-4.578730104089],[-38.369129411,-4.57673188999996]]]}},{"type":"Feature","properties":{"id":"23087080008","state":"CE","municipality":"2308708","origin":"","accuracy":"","notes":"Sem associacao de dados do Censo Demografico 2010"},"geometry":{"type":"Polygon","coordinates":[[[-38.5441070333129,-5.25908478513471],[-38.5429958831534,-5.25803748144455],[-38.5417421247992,-5.25982440647114],[-38.5404348891587,-5.26020900873874],[-38.539810980892,-5.2601084204672],[-38.5377372296893,-5.25802564726575],[-38.5365428913413,-5.25807298308168],[-38.5344156619532,-5.25704934505119],[-38.5333639309006,-5.2583037455214],[-38.5328410371841,-5.26040426774273],[-38.5332748017906,-5.26151073783024],[-38.5391751889837,-5.262913051596],[-38.5439347160143,-5.26136873128189],[-38.5445229724572,-5.260232676197],[-38.5441070333129,-5.25908478513471]]]}},{"type":"Feature","properties":{"id":"23087080001","state":"CE","municipality":"2308708","origin":"","accuracy":"","notes":"Sem associacao de dados do Censo Demografico 2010"},"geometry":{"type":"Polygon","coordinates":[[[-38.4188031895155,-5.13030775240082],[-38.4211978080324,-5.12833699605545],[-38.4224812763897,-5.12684560893763],[-38.4234735874361,-5.12476831440615],[-38.4259157414183,-5.1231644724624],[-38.4263910996694,-5.1221051061657],[-38.4262187823709,-5.12077349709917],[-38.4253215431547,-5.12136532385058],[-38.4232715601344,-5.12099839146255],[-38.4213820098718,-5.12169082806925],[-38.4205263643002,-5.12277386811946],[-38.4206333197719,-5.12407588139677],[-38.4199321660366,-5.12604073189421],[-38.4189814495342,-5.1262833788748],[-38.4162659637032,-5.1281831229527],[-38.4153449563047,-5.12823046866118],[-38.4137940997179,-5.12733682043786],[-38.4122373004111,-5.12741375653958],[-38.4130988878034,-5.13102976950819],[-38.4146081507455,-5.13131975949926],[-38.4175613157021,-5.1305089703127],[-38.4188031895155,-5.13030775240082]]]}},{"type":"Feature","properties":{"id":"23089060001","state":"CE","municipality":"2308906","origin":"","accuracy":"","notes":"Sem associacao de dados do Censo Demografico 2010"},"geometry":{"type":"Polygon","coordinates":[[[-40.1569453775326,-3.26865631890454],[-40.1580418792942,-3.27058385358017],[-40.1591614653034,-3.27536229283592],[-40.1595885238842,-3.27561621955965],[-40.1601310037031,-3.27431195956955],[-40.1597962821127,-3.27221129303683],[-40.1589537070749,-3.27125329676092],[-40.1580765056656,-3.26915263022819],[-40.157995710799,-3.26719046918115],[-40.1574993994753,-3.26697116882883],[-40.1569453775326,-3.26865631890454]]]}},{"type":"Feature","properties":{"id":"23089060002","state":"CE","municipality":"2308906","origin":"","accuracy":"","notes":"Sem associacao de dados do Censo Demografico 2010"},"geometry":{"type":"Polygon","coordinates":[[[-40.1335379504537,-3.22195688598472],[-40.1321759798445,-3.22391904703176],[-40.1318066318827,-3.22599662931689],[-40.1321759798445,-3.22971319318247],[-40.1317142948923,-3.23546117083796],[-40.1324529908159,-3.23654613047573],[-40.1338842141678,-3.23656921472336],[-40.1343228148725,-3.23601519278064],[-40.1337226244346,-3.23239096590552],[-40.1345767415962,-3.2299671199062],[-40.1337226244346,-3.22848972805902],[-40.1336072031965,-3.22578887108836],[-40.1346690785867,-3.22327268809863],[-40.13637731291,-3.22225698120369],[-40.1361926389291,-3.22110276882307],[-40.1354077745103,-3.22073342086126],[-40.1335379504537,-3.22195688598472]]]}},{"type":"Feature","properties":{"id":"23098050004","state":"CE","municipality":"2309805","origin":"","accuracy":"","notes":"Sem associacao de dados do Censo Demografico 2010"},"geometry":{"type":"Polygon","coordinates":[[[-38.9091514311349,-4.22702454528566],[-38.9086476558235,-4.22701404996675],[-38.9082173477449,-4.22758079719206],[-38.9069893954234,-4.2277172363389],[-38.9072097971221,-4.22820002101237],[-38.9087945902893,-4.22876676823769],[-38.9093298515577,-4.22768575038192],[-38.9091514311349,-4.22702454528566]]]}},{"type":"Feature","properties":{"id":"23118010002","state":"CE","municipality":"2311801","origin":"","accuracy":"","notes":"Sem associacao de dados do Censo Demografico 2010"},"geometry":{"type":"Polygon","coordinates":[[[-37.9403290266915,-4.98698200731305],[-37.9358758750507,-4.9891052399519],[-37.9389198014887,-4.99397176431879],[-37.9432414254439,-4.99213037672051],[-37.9424710489997,-4.99107815523577],[-37.9403290266915,-4.98698200731305]]]}},{"type":"Feature","properties":{"id":"23118010003","state":"CE","municipality":"2311801","origin":"","accuracy":"","notes":"Sem associacao de dados do Censo Demografico 2010"},"geometry":{"type":"Polygon","coordinates":[[[-37.9269319924305,-4.9849339333517],[-37.926706516398,-4.9885979188789],[-37.9320052031605,-4.98863549821764],[-37.9319864134911,-4.98508425070664],[-37.9269319924305,-4.9849339333517]]]}},{"type":"Feature","properties":{"id":"23120070004","state":"CE","municipality":"2312007","origin":"","accuracy":"","notes":"Sem associacao de dados do Censo Demografico 2010"},"geometry":{"type":"Polygon","coordinates":[[[-40.2123609076784,-3.45484752996474],[-40.2137354313121,-3.45695638814247],[-40.2153359040363,-3.45633502814369],[-40.2155524385814,-3.45587371541731],[-40.2140743549479,-3.45481928632843],[-40.2142532313112,-3.45139239178959],[-40.2123609076784,-3.45484752996474]]]}},{"type":"Feature","properties":{"id":"23120070003","state":"CE","municipality":"2312007","origin":"","accuracy":"","notes":"Sem associacao de dados do Censo Demografico 2010"},"geometry":{"type":"Polygon","coordinates":[[[-40.2114699973577,-3.46170929970918],[-40.2106848921889,-3.46131270019092],[-40.2100373827713,-3.46238918459764],[-40.210450170025,-3.46295575533802],[-40.2110976794426,-3.46268865770329],[-40.2114699973577,-3.46170929970918]]]}},{"type":"Feature","properties":{"id":"23120070001","state":"CE","municipality":"2312007","origin":"","accuracy":"","notes":"Sem associacao de dados do Censo Demografico 2010"},"geometry":{"type":"Polygon","coordinates":[[[-40.169960479535,-3.34501006170813],[-40.168351262337,-3.34487596027495],[-40.1682458969252,-3.34624571062807],[-40.1698455354495,-3.34612118786869],[-40.169960479535,-3.34501006170813]]]}},{"type":"Feature","properties":{"id":"23120070002","state":"CE","municipality":"2312007","origin":"","accuracy":"","notes":"Sem associacao de dados do Censo Demografico 2010"},"geometry":{"type":"Polygon","coordinates":[[[-40.2453913969715,-3.46561054395014],[-40.2370709009555,-3.46692175052075],[-40.2342704227244,-3.46525441377047],[-40.233444848217,-3.46402414587705],[-40.2325545227678,-3.46382989305176],[-40.2302558643354,-3.46501159773888],[-40.2296407303887,-3.46619330242597],[-40.2302396766,-3.46745594579024],[-40.2340114189574,-3.46795776558888],[-40.2359053840038,-3.47017548534412],[-40.2367147707758,-3.47053161552379],[-40.240551264075,-3.4688157155672],[-40.2465731016586,-3.46718075428777],[-40.2453913969715,-3.46561054395014]]]}},{"type":"Feature","properties":{"id":"23129080029","state":"CE","municipality":"2312908","origin":"","accuracy":"","notes":"Sem associacao de dados do Censo Demografico 2010"},"geometry":{"type":"Polygon","coordinates":[[[-40.4024699948786,-3.80224616527713],[-40.3999684207461,-3.79853466449102],[-40.3983522018291,-3.79407017035309],[-40.3980491607821,-3.79074994726972],[-40.3952920814531,-3.79073216032601],[-40.3948880267239,-3.79123019461173],[-40.3947157092658,-3.79392787533972],[-40.3961714946874,-3.79532710862005],[-40.3965280135661,-3.79661961870395],[-40.3997069735683,-3.80155248343649],[-40.4013953344786,-3.80298823094306],[-40.4011585730399,-3.80373950723492],[-40.4023933390169,-3.80330391603222],[-40.4024699948786,-3.80224616527713]]]}},{"type":"Feature","properties":{"id":"23129080006","state":"CE","municipality":"2312908","origin":"","accuracy":"","notes":"Sem associacao de dados do Censo Demografico 2010"},"geometry":{"type":"Polygon","coordinates":[[[-40.519738071319,-3.69233871270262],[-40.518026780701,-3.69153228032057],[-40.5154776707179,-3.69353650062398],[-40.5151389777831,-3.69445559422009],[-40.5159292612977,-3.69577197177696],[-40.5174147566258,-3.69655468183064],[-40.518502139206,-3.69650724487734],[-40.520688788329,-3.69584905688867],[-40.5211938567405,-3.69408202726036],[-40.519738071319,-3.69233871270262]]]}},{"type":"Feature","properties":{"id":"23129080023","state":"CE","municipality":"2312908","origin":"","accuracy":"","notes":"Sem associacao de dados do Censo Demografico 2010"},"geometry":{"type":"Polygon","coordinates":[[[-40.0407639044757,-3.76094493266008],[-40.0394091327365,-3.76306164903778],[-40.0407757884384,-3.76331067415589],[-40.0416492596913,-3.76295492396535],[-40.0418394030933,-3.76102201205814],[-40.0407639044757,-3.76094493266008]]]}},{"type":"Feature","properties":{"id":"23129080003","state":"CE","municipality":"2312908","origin":"","accuracy":"","notes":"Sem associacao de dados do Censo Demografico 2010"},"geometry":{"type":"Polygon","coordinates":[[[-40.5220378738613,-3.66936613353652],[-40.5213188941225,-3.66890953881029],[-40.518627176588,-3.66844701404457],[-40.5169812477644,-3.66945508053392],[-40.5187876100834,-3.6715779462443],[-40.5205048426827,-3.6725445007477],[-40.5211881705336,-3.67262751765012],[-40.5223646828335,-3.67196931199753],[-40.5224181606653,-3.67061139069459],[-40.5220378738613,-3.66936613353652]]]}},{"type":"Feature","properties":{"id":"23129080018","state":"CE","municipality":"2312908","origin":"","accuracy":"","notes":"Sem associacao de dados do Censo Demografico 2010"},"geometry":{"type":"Polygon","coordinates":[[[-40.288011988486,-3.61726720654092],[-40.288107060187,-3.61540513958216],[-40.2865740290084,-3.61461049837825],[-40.2869127219432,-3.61302121388198],[-40.2857599775686,-3.61016286685083],[-40.2841199907264,-3.61026368007349],[-40.2825513076599,-3.6114259964205],[-40.2804834981631,-3.61188262029253],[-40.2802101670228,-3.61249342848949],[-40.2814758090423,-3.6188327630619],[-40.2838407176047,-3.62055843018332],[-40.2847260728202,-3.62179782481531],[-40.2854569365217,-3.62596075512465],[-40.2871801111023,-3.6299101841109],[-40.28802981443,-3.63019482697447],[-40.289247920599,-3.62958403071945],[-40.2897708149545,-3.62856405935348],[-40.2892182106924,-3.62516019309153],[-40.2899253064686,-3.62299570700963],[-40.2891944427672,-3.61940205567155],[-40.288011988486,-3.61726720654092]]]}},{"type":"Feature","properties":{"id":"23129080002","state":"CE","municipality":"2312908","origin":"","accuracy":"","notes":"Sem associacao de dados do Censo Demografico 2010"},"geometry":{"type":"Polygon","coordinates":[[[-40.4589574738797,-3.68030473909607],[-40.4582860299914,-3.68007940942581],[-40.4561469167189,-3.68057750651537],[-40.4543346124186,-3.68140766771233],[-40.4540553392969,-3.6826884863266],[-40.4545960595963,-3.68298497185429],[-40.4589871837863,-3.68238014127304],[-40.4593139927585,-3.68127128414024],[-40.4589574738797,-3.68030473909607]]]}},{"type":"Feature","properties":{"id":"23129080004","state":"CE","municipality":"2312908","origin":"","accuracy":"","notes":"Sem associacao de dados do Censo Demografico 2010"},"geometry":{"type":"Polygon","coordinates":[[[-40.5489609742769,-3.67460611817482],[-40.5445163722552,-3.67395977352076],[-40.5426565321044,-3.67416138566492],[-40.5411888627202,-3.67476622182412],[-40.5403807532618,-3.67566754553574],[-40.5397865551305,-3.67650364105912],[-40.5395072820088,-3.67819954871987],[-40.5401846678784,-3.67924911233401],[-40.5409511834678,-3.67958117740083],[-40.5468218610045,-3.68098652283107],[-40.5492758992865,-3.68028681525686],[-40.5498641554365,-3.67972942069429],[-40.5506900908389,-3.67749390921099],[-40.5504940054556,-3.67619529386514],[-40.5489609742769,-3.67460611817482]]]}},{"type":"Feature","properties":{"id":"23129080005","state":"CE","municipality":"2312908","origin":"","accuracy":"","notes":"Sem associacao de dados do Censo Demografico 2010"},"geometry":{"type":"Polygon","coordinates":[[[-40.5370404011456,-3.67824507673005],[-40.5315440684316,-3.67874910458288],[-40.5299991532903,-3.67973937023992],[-40.529042494299,-3.68125738012808],[-40.5292207537384,-3.68486857293692],[-40.5319659491047,-3.68644587094453],[-40.5355905577054,-3.68614345688161],[-40.5386506780813,-3.68473218989512],[-40.5407897913538,-3.68316674826612],[-40.5407244295593,-3.68137004482133],[-40.5394112516893,-3.68040349988433],[-40.5370404011456,-3.67824507673005]]]}},{"type":"Feature","properties":{"id":"23129080019","state":"CE","municipality":"2312908","origin":"","accuracy":"","notes":"Sem associacao de dados do Censo Demografico 2010"},"geometry":{"type":"Polygon","coordinates":[[[-40.2952063914092,-3.6360543188681],[-40.2931920597443,-3.63336801570935],[-40.2929009026599,-3.63225909794493],[-40.2920511993322,-3.63173725381962],[-40.2913559875187,-3.63054531326567],[-40.2898288983214,-3.63011241904313],[-40.2880522459089,-3.63160086269166],[-40.2877194949554,-3.63279280185192],[-40.2897100586951,-3.63795192334011],[-40.290143823331,-3.64060856288748],[-40.2922413427342,-3.64318810494839],[-40.2943507461002,-3.64452234794077],[-40.296210586251,-3.64472989667285],[-40.2977792693175,-3.64430886919496],[-40.3001738877864,-3.64315845508164],[-40.3017485128342,-3.64187164992364],[-40.3016712670771,-3.64122528166174],[-40.297826805168,-3.63857457393694],[-40.2971791292049,-3.63772065300887],[-40.2952063914092,-3.6360543188681]]]}},{"type":"Feature","properties":{"id":"23129080020","state":"CE","municipality":"2312908","origin":"","accuracy":"","notes":"Sem associacao de dados do Censo Demografico 2010"},"geometry":{"type":"Polygon","coordinates":[[[-40.313036096057,-3.66217365544001],[-40.3108256790087,-3.66156881075861],[-40.3078962822217,-3.65643947424773],[-40.30725454824,-3.65629122709124],[-40.3054600698836,-3.6572993072719],[-40.3052342745937,-3.65794566396771],[-40.3056799231921,-3.66005076740576],[-40.3085201902595,-3.66553587283483],[-40.3088588831943,-3.67233142706205],[-40.309993801625,-3.67450172406253],[-40.3113961092147,-3.67478042302168],[-40.3120675531031,-3.67399769380895],[-40.3142898541139,-3.67282952847961],[-40.3147889805442,-3.6711869787046],[-40.3145334753477,-3.66807383456089],[-40.3160308546384,-3.66495474974388],[-40.3156327418905,-3.66380436210348],[-40.313036096057,-3.66217365544001]]]}},{"type":"Feature","properties":{"id":"23131040002","state":"CE","municipality":"2313104","origin":"","accuracy":"","notes":"Sem associacao de dados do Censo Demografico 2010"},"geometry":{"type":"Polygon","coordinates":[[[-38.1254510698688,-5.25247658057298],[-38.1255024240656,-5.2536067417029],[-38.1265243725813,-5.25360162785624],[-38.1265859976174,-5.25209304126219],[-38.1254510698688,-5.25247658057298]]]}},{"type":"Feature","properties":{"id":"23002000001","state":"CE","municipality":"2300200","origin":"face","accuracy":"boa","notes":""},"geometry":{"type":"Polygon","coordinates":[[[-40.1175755312213,-2.87970456691387],[-40.1177315139566,-2.87999313497423],[-40.1175209372639,-2.88005552806836],[-40.1175287364007,-2.87971967774133],[-40.1160059549469,-2.88011938350067],[-40.1174409961121,-2.87982301630352],[-40.1163920122169,-2.88050739055483],[-40.1177373633092,-2.88071601746336],[-40.1178816473394,-2.88165386365961],[-40.1200810039077,-2.88157197272356],[-40.1200771043394,-2.88112449725154],[-40.1210324985933,-2.88128437955526],[-40.1201823926857,-2.88072674127642],[-40.1210169003198,-2.88076183739185],[-40.1219177006164,-2.88154955020536],[-40.1221282773091,-2.89107619576648],[-40.1209155115418,-2.89265552096184],[-40.120825821469,-2.89171962454977],[-40.1208531184477,-2.89265552096184],[-40.1202135892328,-2.89364991089967],[-40.1208297210374,-2.89392288068652],[-40.1208219219006,-2.89472229220515],[-40.1221399760143,-2.89468719608969],[-40.1221955448638,-2.89918242354392],[-40.1252645051817,-2.89908883390271],[-40.1289145011888,-2.90065646039293],[-40.129374650258,-2.90044588370022],[-40.1297802053699,-2.89910443217625],[-40.1294370433522,-2.89451853975708],[-40.1290158899668,-2.89372302780682],[-40.1271518962794,-2.8935592459347],[-40.1260600171319,-2.89217879872688],[-40.1259976240378,-2.88966747668783],[-40.1252567060449,-2.88703136846046],[-40.1253658939597,-2.88486320843917],[-40.1237670709224,-2.88143158826156],[-40.1237202761017,-2.87777379311769],[-40.1248979457536,-2.87611257698627],[-40.1219732694659,-2.87673650792764],[-40.1218670062272,-2.87856881762219],[-40.1175755312213,-2.87970456691387]]]}},{"type":"Feature","properties":{"id":"23007540002","state":"CE","municipality":"2300754","origin":"face","accuracy":"boa","notes":""},"geometry":{"type":"Polygon","coordinates":[[[-39.8264470257096,-3.36104645762788],[-39.8266728202944,-3.35997874022661],[-39.8255794964965,-3.35959910671336],[-39.8231908198005,-3.3604592129223],[-39.8234403825676,-3.36269548600787],[-39.8241950144883,-3.36420214900995],[-39.8247832709312,-3.3644631457575],[-39.8251338473492,-3.36436230657512],[-39.8250863118838,-3.36359117928947],[-39.8243495063246,-3.36137270468652],[-39.8249793555128,-3.3610998431832],[-39.8264470257096,-3.36104645762788]]]}},{"type":"Feature","properties":{"id":"23007540001","state":"CE","municipality":"2300754","origin":"face","accuracy":"boa","notes":""},"geometry":{"type":"Polygon","coordinates":[[[-39.8367295043631,-3.37254277552865],[-39.8357609614991,-3.37138609539193],[-39.8353687905372,-3.36795756768755],[-39.8342279303746,-3.36715085422849],[-39.8345428549687,-3.36553742371307],[-39.8342219885539,-3.36371044827854],[-39.8352737187071,-3.36123690795688],[-39.835178646877,-3.36032341619268],[-39.8343943058525,-3.36007428240215],[-39.8332475029699,-3.36092845578356],[-39.8332059093252,-3.3619071960602],[-39.8319640355118,-3.36404262546677],[-39.83259982742,-3.36617211934778],[-39.8312272299527,-3.3680228170993],[-39.8307483076882,-3.36969709034839],[-39.8320115709772,-3.36945235963862],[-39.8328791001903,-3.36986757932528],[-39.8327780865394,-3.37203858141532],[-39.8333901111646,-3.37194960608942],[-39.8339248894221,-3.37297578920131],[-39.8350657495846,-3.37372911260843],[-39.8361887842849,-3.37349777730054],[-39.8367295043631,-3.37254277552865]]]}},{"type":"Feature","properties":{"id":"23023050001","state":"CE","municipality":"2302305","origin":"face","accuracy":"boa","notes":""},"geometry":{"type":"Polygon","coordinates":[[[-40.1663601030363,-3.04744950029413],[-40.1632808549275,-3.04672599570809],[-40.1402770558414,-3.04482679302203],[-40.1347525214117,-3.04663555718514],[-40.1271449655676,-3.05387058326078],[-40.1255147752866,-3.05649326804986],[-40.123522320099,-3.05775938938428],[-40.1218015635913,-3.0598394430358],[-40.1210770346773,-3.06354735502635],[-40.121620431138,-3.0672552535271],[-40.1228883574117,-3.06924485246794],[-40.1261487379738,-3.07042052268895],[-40.1650016114352,-3.07340491030833],[-40.1660884052557,-3.07114401108719],[-40.1652053852203,-3.06479085841137],[-40.165952555466,-3.05956813196367],[-40.1684431244505,-3.04980088750091],[-40.1663601030363,-3.04744950029413]]]}},{"type":"Feature","properties":{"id":"23028000001","state":"CE","municipality":"2302800","origin":"face","accuracy":"boa","notes":""},"geometry":{"type":"Polygon","coordinates":[[[-39.310330426088,-4.36050373511716],[-39.3128239628968,-4.36349041505347],[-39.31316239925,-4.36285041320978],[-39.3129445551606,-4.36200095537486],[-39.3117269623038,-4.36046106817489],[-39.3103732168912,-4.35586853950246],[-39.3107466639016,-4.35527313782756],[-39.3104685236803,-4.35420257727905],[-39.3093481826492,-4.35122361817086],[-39.3086168489206,-4.35050214974142],[-39.3083212033707,-4.35241054860461],[-39.3095893671767,-4.35740649669644],[-39.3101106369621,-4.35807365495498],[-39.310330426088,-4.36050373511716]]]}},{"type":"Feature","properties":{"id":"23037090003","state":"CE","municipality":"2303709","origin":"face","accuracy":"boa","notes":""},"geometry":{"type":"Polygon","coordinates":[[[-38.6485733829552,-3.7453413108528],[-38.64628571991,-3.74519307829786],[-38.6455845661748,-3.74410208824072],[-38.6425006784635,-3.7440131488877],[-38.6415974965272,-3.74335499623608],[-38.6398921481041,-3.74315339970959],[-38.6382937551526,-3.74119672674748],[-38.6374262259395,-3.74134496020173],[-38.6380976696717,-3.74345579494894],[-38.6396069335131,-3.7444815634733],[-38.644384286006,-3.74548954340764],[-38.6460480407844,-3.74604096721681],[-38.6466006454034,-3.7466754002495],[-38.6485496147728,-3.74698965215066],[-38.6487159902507,-3.74670504640074],[-38.6485733829552,-3.7453413108528]]]}},{"type":"Feature","properties":{"id":"23042020001","state":"CE","municipality":"2304202","origin":"face","accuracy":"boa","notes":""},"geometry":{"type":"Polygon","coordinates":[[[-39.4333574175843,-7.26834717897022],[-39.4331599343974,-7.26783784827989],[-39.4334866793067,-7.26746386383892],[-39.4330270820717,-7.26538735408998],[-39.4329911760377,-7.26139814892328],[-39.4339462765417,-7.26076770879642],[-39.433741612148,-7.26025836951737],[-39.4327290619896,-7.26051482013559],[-39.4323484580294,-7.2612129349664],[-39.4322622835478,-7.26357796899052],[-39.4329875854343,-7.26888500305836],[-39.4338852362839,-7.26862855721587],[-39.4338493302499,-7.2682581351849],[-39.4333574175843,-7.26834717897022]]]}},{"type":"Feature","properties":{"id":"23042020003","state":"CE","municipality":"2304202","origin":"face","accuracy":"boa","notes":""},"geometry":{"type":"Polygon","coordinates":[[[-39.41121775703,-7.24185053239558],[-39.4099934922361,-7.24057617274286],[-39.4107653410018,-7.2417009300189],[-39.4111638979791,-7.24420142036702],[-39.4115085959053,-7.24411593374651],[-39.41121775703,-7.24185053239558]]]}},{"type":"Feature","properties":{"id":"23042020004","state":"CE","municipality":"2304202","origin":"face","accuracy":"boa","notes":""},"geometry":{"type":"Polygon","coordinates":[[[-39.4189734603705,-7.22517312393949],[-39.4185784939967,-7.22483828713404],[-39.4192104401948,-7.22608145657733],[-39.4198423863929,-7.22583923471908],[-39.4202265809565,-7.22628093330422],[-39.4208513459478,-7.226063646151],[-39.4206718157779,-7.22504488859651],[-39.4189734603705,-7.22517312393949]]]}},{"type":"Feature","properties":{"id":"23044000005","state":"CE","municipality":"2304400","origin":"face","accuracy":"boa","notes":""},"geometry":{"type":"Polygon","coordinates":[[[-38.5956632221461,-3.74549439947021],[-38.5951111112172,-3.74615386530194],[-38.5941295806769,-3.74632448291538],[-38.5914418740022,-3.74598899884401],[-38.5914418740022,-3.74816868678206],[-38.588993798807,-3.74841982057265],[-38.5876940376619,-3.74759548828297],[-38.5873432171759,-3.74874955348851],[-38.5861182210524,-3.75001864180424],[-38.5866204886335,-3.75043080794908],[-38.5880314387852,-3.74898918496807],[-38.5893484533968,-3.74906586704152],[-38.5889535407185,-3.74937067828351],[-38.5913651919287,-3.74883965492482],[-38.5914227034838,-3.74936876123167],[-38.5925211741861,-3.74852717547547],[-38.5939455437006,-3.74815526741922],[-38.5957207337012,-3.74851567316446],[-38.5979675184535,-3.74812651164167],[-38.5983240900951,-3.74796547928741],[-38.5983585970281,-3.74778719346661],[-38.5979636843498,-3.74791755299149],[-38.5975074260127,-3.74572827979425],[-38.5956632221461,-3.74549439947021]]]}},{"type":"Feature","properties":{"id":"23044000002","state":"CE","municipality":"2304400","origin":"face","accuracy":"boa","notes":""},"geometry":{"type":"Polygon","coordinates":[[[-38.6078326672038,-3.79721837506926],[-38.6071540308537,-3.79522080705568],[-38.6077406487157,-3.79507127701245],[-38.6089138844396,-3.79654357282283],[-38.6094583271611,-3.79638637457225],[-38.6093049630142,-3.79530515733649],[-38.6079208515883,-3.79385203204447],[-38.6070735146766,-3.79185062992723],[-38.6069201505297,-3.7881353834682],[-38.609565682064,-3.78648671888886],[-38.6096998756925,-3.78580041433142],[-38.6112871946131,-3.78526747392088],[-38.6117702916758,-3.78448531677162],[-38.6117242824318,-3.7803866599453],[-38.6111721715029,-3.77887985720186],[-38.6113677107902,-3.77723886082985],[-38.6104283553904,-3.77547133903665],[-38.6093509722583,-3.77527196564566],[-38.6088218659514,-3.77570138525704],[-38.6101676363406,-3.77722735851885],[-38.6098225670101,-3.77832007806561],[-38.6090902532085,-3.77853095376762],[-38.6097113780035,-3.77862297225577],[-38.6101062906818,-3.77988055826048],[-38.6095580138566,-3.78019495476165],[-38.6102404843104,-3.78003775651107],[-38.6102404843104,-3.78050935126284],[-38.6096615346558,-3.78068572003177],[-38.6102404843104,-3.78075473389791],[-38.6098609080468,-3.78137969279659],[-38.6102519866214,-3.7814755453884],[-38.610209811481,-3.78417475437411],[-38.6048343981316,-3.78784015748539],[-38.6056817350433,-3.78778648003398],[-38.6057929240498,-3.7882619088894],[-38.6050682784557,-3.78859164180529],[-38.6058542697086,-3.78847661869508],[-38.6058120945682,-3.78903256372766],[-38.6040292363603,-3.79066589189231],[-38.6024495856471,-3.79123717333957],[-38.6040982502264,-3.79603747113801],[-38.6062568505943,-3.795416346343],[-38.6065252378514,-3.79578442029561],[-38.6068281320415,-3.79703817219664],[-38.6061686662098,-3.79682346239097],[-38.6060881500326,-3.79742541666759],[-38.6069929984994,-3.79993675457333],[-38.6074607591475,-3.79956101241339],[-38.60771380999,-3.79994058867702],[-38.6097190462109,-3.80010545513496],[-38.6099145854982,-3.80075725275935],[-38.6099337560166,-3.80014763027535],[-38.6113370379608,-3.80053870884998],[-38.6116974437061,-3.80020897593411],[-38.6117664575722,-3.79773214496142],[-38.6078326672038,-3.79721837506926]]]}},{"type":"Feature","properties":{"id":"23044000033","state":"CE","municipality":"2304400","origin":"face","accuracy":"boa","notes":"Aglomerado Subnormal"},"geometry":{"type":"Polygon","coordinates":[[[-38.5910543691701,-3.77707905369188],[-38.5909116015097,-3.77672213454093],[-38.5903197105845,-3.7773169997924],[-38.5897664859006,-3.77687382518009],[-38.5901590969667,-3.77655259794426],[-38.5899152022135,-3.77613321794208],[-38.5921816388216,-3.77351283650934],[-38.5910603178226,-3.77347417026802],[-38.5900430982425,-3.77486912928271],[-38.5878756308995,-3.77599342173625],[-38.5882585024881,-3.77624326801351],[-38.5879253779474,-3.77642470191519],[-38.5878988384271,-3.77762623359058],[-38.5882555281619,-3.77747880314083],[-38.5883459476801,-3.7779166239659],[-38.5879561406106,-3.7782824732803],[-38.5884173315103,-3.77816408791053],[-38.588660036533,-3.77903021171666],[-38.5882519612672,-3.77938864166386],[-38.5892311071743,-3.77934430056934],[-38.5895753970585,-3.77976771536562],[-38.5898611763673,-3.77878442542335],[-38.590414710493,-3.77862554218257],[-38.5904969804294,-3.77896834573051],[-38.5934617888427,-3.77817360575454],[-38.5930763161598,-3.77669833993093],[-38.5910543691701,-3.77707905369188]]]}},{"type":"Feature","properties":{"id":"23044000053","state":"CE","municipality":"2304400","origin":"face","accuracy":"boa","notes":""},"geometry":{"type":"Polygon","coordinates":[[[-38.5101669599999,-3.8125580389999],[-38.5101240204839,-3.81204798263992],[-38.51112041978,-3.81138470788455],[-38.5094756173597,-3.81047158972353],[-38.5098087419005,-3.81223536519413],[-38.5101669599999,-3.8125580389999]]]}},{"type":"Feature","properties":{"id":"23044000003","state":"CE","municipality":"2304400","origin":"face","accuracy":"boa","notes":""},"geometry":{"type":"Polygon","coordinates":[[[-38.6029441850209,-3.74980968315395],[-38.6039755589089,-3.75168839395378],[-38.6048228958206,-3.7517113985757],[-38.6052944905724,-3.75337156546606],[-38.6047500478508,-3.75477101330672],[-38.6052599836393,-3.7561091154886],[-38.6076417234362,-3.7586902205547],[-38.6076465145046,-3.75767698354554],[-38.606939321048,-3.75726318069412],[-38.6059002789526,-3.75482085665448],[-38.6058466015012,-3.75281562043359],[-38.6041451786588,-3.75036203067065],[-38.6029441850209,-3.74980968315395]]]}},{"type":"Feature","properties":{"id":"23044000045","state":"CE","municipality":"2304400","origin":"face","accuracy":"boa","notes":"Aglomerado Subnormal"},"geometry":{"type":"Polygon","coordinates":[[[-38.5435058874087,-3.80260197533755],[-38.5441483418803,-3.80511111696819],[-38.5446181959056,-3.80620493618972],[-38.54528334478,-3.80571431033314],[-38.5455650402942,-3.80605698024539],[-38.5453927999863,-3.80562270108441],[-38.5463945530698,-3.80483985841347],[-38.543615342615,-3.80130493114324],[-38.5435058874087,-3.80260197533755]]]}},{"type":"Feature","properties":{"id":"23044000060","state":"CE","municipality":"2304400","origin":"face","accuracy":"boa","notes":""},"geometry":{"type":"Polygon","coordinates":[[[-38.6056662959282,-3.78575328912627],[-38.6051601598135,-3.78395703039258],[-38.6058205543037,-3.78329497845899],[-38.6022864925234,-3.78429132130578],[-38.6016450068284,-3.78499781025694],[-38.602079258462,-3.78506324543465],[-38.6027930967637,-3.78740106587289],[-38.6044419823796,-3.78688741393932],[-38.6044527708153,-3.78613400288716],[-38.6056662959282,-3.78575328912627]]]}},{"type":"Feature","properties":{"id":"23044000021","state":"CE","municipality":"2304400","origin":"face","accuracy":"boa","notes":""},"geometry":{"type":"Polygon","coordinates":[[[-38.5906443670325,-3.79299649962503],[-38.5890605336607,-3.79469708994411],[-38.5907865059248,-3.79714390944797],[-38.590857575371,-3.79760078445904],[-38.5901265753532,-3.79791044418879],[-38.5911063184326,-3.79947397200455],[-38.5904210059159,-3.8002506595234],[-38.5909438739842,-3.80088520814992],[-38.5907103600896,-3.80161113177868],[-38.5910910892655,-3.80252488180085],[-38.5901011934082,-3.80306805542516],[-38.5914413601074,-3.80442345129141],[-38.5913042976041,-3.80371275682971],[-38.5924261795758,-3.80349447210217],[-38.5920809851229,-3.80243858318765],[-38.5929033601429,-3.8028802290317],[-38.5926241587472,-3.80205785401174],[-38.5941369226729,-3.80394119433526],[-38.5941166171168,-3.80584991660383],[-38.593355158765,-3.80661137495564],[-38.5939186379453,-3.80640831939516],[-38.5937257351629,-3.80697687496453],[-38.5952435754775,-3.80885006251003],[-38.5952638810335,-3.80838303472091],[-38.5961725546667,-3.8082967361077],[-38.5993199158543,-3.8110582917303],[-38.6000966033731,-3.81053542366206],[-38.5993300686323,-3.80897697223533],[-38.596284235225,-3.8064641596743],[-38.5972639783043,-3.80587529854889],[-38.595045596306,-3.80637278467207],[-38.595015137972,-3.80490063185855],[-38.5955430824292,-3.80356554154836],[-38.5926850754154,-3.80033188174759],[-38.592101290679,-3.79821502752954],[-38.5921825129032,-3.79624031220381],[-38.5926749226374,-3.79546870107396],[-38.5922738879054,-3.7947021663331],[-38.5906443670325,-3.79299649962503]]]}},{"type":"Feature","properties":{"id":"23044000006","state":"CE","municipality":"2304400","origin":"face","accuracy":"boa","notes":""},"geometry":{"type":"Polygon","coordinates":[[[-38.602240626997,-3.73693476302032],[-38.6011287369317,-3.73442342511459],[-38.6018342120076,-3.73395566446657],[-38.6016079998908,-3.73355308358089],[-38.598230154555,-3.73473782161585],[-38.5979656014016,-3.73432757252279],[-38.5968077020923,-3.73417037427226],[-38.5973559789176,-3.73504454990958],[-38.5965508171463,-3.73469564647544],[-38.597187278356,-3.73519407995293],[-38.595780162308,-3.73540878975861],[-38.5952203831717,-3.736072089694],[-38.5978697488098,-3.7374408647052],[-38.5984218597387,-3.73669321448899],[-38.600703151424,-3.73706895664895],[-38.600526782655,-3.73880197150902],[-38.599238523821,-3.73912020211401],[-38.6000973630438,-3.73943459861512],[-38.6002545612943,-3.7406346730648],[-38.5985062100195,-3.74049664533244],[-38.5989725591662,-3.74213808719502],[-38.599661058,-3.74154292199996],[-38.6007363797816,-3.74173889492254],[-38.6011024815849,-3.74143993531482],[-38.6017967315432,-3.737304082153],[-38.602240626997,-3.73693476302032]]]}},{"type":"Feature","properties":{"id":"23044000029","state":"CE","municipality":"2304400","origin":"face","accuracy":"boa","notes":""},"geometry":{"type":"Polygon","coordinates":[[[-38.5141454965061,-3.78767456248142],[-38.514864142794,-3.79124533622415],[-38.5146171081325,-3.79166454655873],[-38.5138909759458,-3.79140254009963],[-38.5131798155568,-3.7917468914459],[-38.5136065117902,-3.7927874313835],[-38.514152982405,-3.79298206475313],[-38.5141829260003,-3.79428461114985],[-38.5125584859538,-3.79615608585779],[-38.5126333449421,-3.79690467574097],[-38.5138535464517,-3.79772812461246],[-38.5138685182493,-3.79864889016875],[-38.5148267132998,-3.79983166218417],[-38.5149464876811,-3.8003781327989],[-38.5144823619536,-3.80070002644867],[-38.5147668261092,-3.80172559458861],[-38.5159421122257,-3.80199508694656],[-38.5161816609883,-3.80012361223862],[-38.5155004441946,-3.79600636788116],[-38.5164885828404,-3.79538503827811],[-38.5159346263269,-3.79311681093211],[-38.516241548179,-3.79301200834847],[-38.5162714917743,-3.79173940554706],[-38.5158597673386,-3.78898459477697],[-38.5151860364437,-3.7875323304036],[-38.5141454965061,-3.78767456248142]]]}},{"type":"Feature","properties":{"id":"23044000031","state":"CE","municipality":"2304400","origin":"face","accuracy":"boa","notes":""},"geometry":{"type":"Polygon","coordinates":[[[-38.4643118679832,-3.79935256465894],[-38.4619425810029,-3.7987536927524],[-38.4619350951041,-3.79773561051128],[-38.4611041603338,-3.79737628736736],[-38.4606812070498,-3.7954973267606],[-38.4571927781942,-3.79492839844937],[-38.457065517914,-3.79580050566329],[-38.4597379837969,-3.79647423655813],[-38.4606550064039,-3.79975680319586],[-38.4615608001625,-3.80052410782611],[-38.4631328389172,-3.80031824560823],[-38.4636194223413,-3.80362326994246],[-38.4648733103955,-3.80322277435497],[-38.4643118679832,-3.79935256465894]]]}},{"type":"Feature","properties":{"id":"23044000007","state":"CE","municipality":"2304400","origin":"face","accuracy":"boa","notes":""},"geometry":{"type":"Polygon","coordinates":[[[-38.6062999507457,-3.72690191468649],[-38.6053735097511,-3.72530792853667],[-38.6061375062973,-3.72380024100018],[-38.6062974125513,-3.7217874527567],[-38.610795093216,-3.71944977561673],[-38.6110996765568,-3.71616789012025],[-38.6103026834818,-3.71384544214728],[-38.6100361730587,-3.70892895938905],[-38.6078736313395,-3.70736289337872],[-38.604495294452,-3.70586535862021],[-38.5985762248637,-3.70491099748591],[-38.5931038775087,-3.70306319188547],[-38.5927079191657,-3.70339823356034],[-38.5917890927545,-3.70231188631165],[-38.5915454260819,-3.70266215715357],[-38.5929465094493,-3.7044439696967],[-38.5959365025774,-3.70675880308637],[-38.5980482804064,-3.70779438644479],[-38.6007083082489,-3.71026658789362],[-38.6012413290952,-3.71054071290041],[-38.6025510374602,-3.70999753927602],[-38.604726270152,-3.71224891780298],[-38.6058963778192,-3.71529475121026],[-38.6067822077019,-3.71504600814872],[-38.6079040896736,-3.71649277901707],[-38.6077391070307,-3.71683543527549],[-38.608061457733,-3.71672629291168],[-38.6077543361977,-3.71690142833262],[-38.6082543605154,-3.71703595264148],[-38.6080639959275,-3.71733545959314],[-38.6084954889935,-3.71742937278993],[-38.6082035966253,-3.71759689362723],[-38.6085386383001,-3.717490289458],[-38.6087645376111,-3.7179319353021],[-38.6086528570528,-3.71819844572514],[-38.6081909056528,-3.71770857418551],[-38.6085259473276,-3.71834819920104],[-38.6082162875978,-3.718508105455],[-38.6078584021725,-3.71785578946691],[-38.6080335375933,-3.71860709504074],[-38.6077289542527,-3.71877715407259],[-38.6074192945229,-3.71811722350105],[-38.6075741243878,-3.71885583810228],[-38.6072873084086,-3.71903097352322],[-38.6069471903448,-3.71839388670212],[-38.6071299403492,-3.71910965755292],[-38.6068152042305,-3.71928986936279],[-38.606452242416,-3.71867562629229],[-38.6066629125601,-3.71939901172657],[-38.6063329472743,-3.71955891798053],[-38.606005520183,-3.71891167838146],[-38.606236495883,-3.71959445270357],[-38.6041323326375,-3.7202746888312],[-38.6054471173916,-3.72220117846131],[-38.6052110653026,-3.7239144597529],[-38.602012940225,-3.72516071325544],[-38.6026703326021,-3.72635366467319],[-38.6040815687475,-3.72587648410616],[-38.60455621112,-3.72861773417271],[-38.6052354550552,-3.72880893520648],[-38.6062999507457,-3.72690191468649]]]}},{"type":"Feature","properties":{"id":"23054070003","state":"CE","municipality":"2305407","origin":"face","accuracy":"boa","notes":""},"geometry":{"type":"Polygon","coordinates":[[[-38.8539279783056,-6.38807958957289],[-38.8541996249311,-6.38961498354309],[-38.8530421740921,-6.39089054161055],[-38.8535205083674,-6.39134525444006],[-38.8531425652363,-6.3921956264851],[-38.8537862496314,-6.39143383486147],[-38.8540638016183,-6.39169367076415],[-38.8534083065003,-6.39244955702634],[-38.8536149941501,-6.39266215003761],[-38.8556110063113,-6.39075471829779],[-38.8548314986034,-6.38958545673598],[-38.8545539466165,-6.38796148234445],[-38.8539279783056,-6.38807958957289]]]}},{"type":"Feature","properties":{"id":"23055060002","state":"CE","municipality":"2305506","origin":"face","accuracy":"boa","notes":""},"geometry":{"type":"Polygon","coordinates":[[[-39.2923231022141,-6.3945106207865],[-39.2924102175562,-6.3918197246661],[-39.2927296404769,-6.39155837864001],[-39.2922650253194,-6.3916261350172],[-39.2921101536002,-6.3907646610794],[-39.2873381687537,-6.39188748104324],[-39.2882383606213,-6.39550760747863],[-39.2923231022141,-6.3945106207865]]]}},{"type":"Feature","properties":{"id":"23055060003","state":"CE","municipality":"2305506","origin":"face","accuracy":"boa","notes":""},"geometry":{"type":"Polygon","coordinates":[[[-39.3056134136993,-6.38408492665939],[-39.3052638060767,-6.38456660827276],[-39.3057989999239,-6.38578998022332],[-39.3058154092145,-6.38514928764374],[-39.3061650168372,-6.3853745903338],[-39.3069186154904,-6.38498613741991],[-39.3070739966559,-6.38535905221733],[-39.3071983015885,-6.38489290872048],[-39.3086588845451,-6.38480744907941],[-39.3089152634683,-6.38329248271481],[-39.3084724271464,-6.38286518450934],[-39.3056134136993,-6.38408492665939]]]}},{"type":"Feature","properties":{"id":"23055060001","state":"CE","municipality":"2305506","origin":"face","accuracy":"boa","notes":""},"geometry":{"type":"Polygon","coordinates":[[[-39.3848951251093,-6.44824805065612],[-39.3844778884711,-6.44811432096441],[-39.3846383641011,-6.44631164472021],[-39.3836648119456,-6.44608162965046],[-39.3826591646639,-6.44708727693211],[-39.3824772922832,-6.44818386040413],[-39.3829426716103,-6.4485369067902],[-39.3848951251093,-6.44824805065612]]]}},{"type":"Feature","properties":{"id":"23061080002","state":"CE","municipality":"2306108","origin":"face","accuracy":"boa","notes":""},"geometry":{"type":"Polygon","coordinates":[[[-39.784022533706,-3.74188201360959],[-39.7835095950588,-3.7422537082815],[-39.7830275244006,-3.7417503197214],[-39.7825952261658,-3.74363641246112],[-39.7817105928466,-3.74436493401806],[-39.7817254606335,-3.74517522840297],[-39.7825506228052,-3.74507858778816],[-39.7825877922724,-3.7459632211074],[-39.7829817886246,-3.74494477770635],[-39.784275286083,-3.74373305307581],[-39.7850707126809,-3.74166643069992],[-39.7847882247302,-3.74043240438909],[-39.7843644928042,-3.73996406910237],[-39.7838887236241,-3.74019451979904],[-39.784022533706,-3.74188201360959]]]}},{"type":"Feature","properties":{"id":"23061080001","state":"CE","municipality":"2306108","origin":"face","accuracy":"boa","notes":""},"geometry":{"type":"Polygon","coordinates":[[[-39.8646916199114,-3.8904924875065],[-39.8633911873866,-3.89075680306031],[-39.8672396218504,-3.89056297165411],[-39.8672255250209,-3.88945989474286],[-39.8662775132345,-3.88922024864071],[-39.8646880957041,-3.88975592816315],[-39.8646916199114,-3.8904924875065]]]}},{"type":"Feature","properties":{"id":"23070070004","state":"CE","municipality":"2307007","origin":"face","accuracy":"boa","notes":""},"geometry":{"type":"Polygon","coordinates":[[[-37.7608857363916,-4.82555088296105],[-37.7600538590079,-4.82295751520973],[-37.7588535787827,-4.82223515987133],[-37.7581761929132,-4.82047071491305],[-37.7575938787445,-4.8160655034755],[-37.7547298437519,-4.81560366513937],[-37.748514531299,-4.81643260551894],[-37.7539811541065,-4.82840476022068],[-37.756025195678,-4.82852317810484],[-37.7588654627454,-4.82774161968745],[-37.760303422223,-4.82722058024226],[-37.7606242892139,-4.8265219130855],[-37.7608857363916,-4.82555088296105]]]}},{"type":"Feature","properties":{"id":"23070070016","state":"CE","municipality":"2307007","origin":"face","accuracy":"boa","notes":""},"geometry":{"type":"Polygon","coordinates":[[[-37.7885546598229,-4.8425896280143],[-37.7893189523393,-4.84286656042505],[-37.7896663580286,-4.84238885194563],[-37.7885268673678,-4.84141958732737],[-37.7868176313766,-4.84102495776351],[-37.7869565936523,-4.8447635443891],[-37.7880057588339,-4.84449353604757],[-37.7877695229652,-4.84359350746363],[-37.7883184239543,-4.84348273463203],[-37.7885546598229,-4.8425896280143]]]}},{"type":"Feature","properties":{"id":"23070070017","state":"CE","municipality":"2307007","origin":"face","accuracy":"boa","notes":""},"geometry":{"type":"Polygon","coordinates":[[[-37.7885755041643,-4.84695822357392],[-37.7873665323656,-4.84555972220419],[-37.7868245794904,-4.84312964611019],[-37.7868801644007,-4.84111496101764],[-37.7881794616785,-4.83898949635769],[-37.7884365418886,-4.83667017062754],[-37.7868454238318,-4.83571474458337],[-37.784962484996,-4.83361003318068],[-37.7844552726896,-4.83180994587279],[-37.7826904517881,-4.82950444245397],[-37.7829961687947,-4.82712969650341],[-37.7824403196919,-4.82663812997659],[-37.7809395271142,-4.82835514953358],[-37.7809603714556,-4.83081989581562],[-37.7823013574162,-4.83248844088108],[-37.78256538574,-4.83394235646846],[-37.783406107508,-4.83512625685638],[-37.783017013136,-4.83562474061119],[-37.7835798103527,-4.83543088586125],[-37.7845108575999,-4.83673248097491],[-37.7858796360156,-4.83689864187319],[-37.7863312634117,-4.83786791296696],[-37.7853446312541,-4.83980645099379],[-37.7849902774511,-4.84268655437097],[-37.784378843438,-4.84225730897175],[-37.785122291613,-4.8455874153287],[-37.7865397068252,-4.84726284725074],[-37.7883670607507,-4.84756747079025],[-37.7885755041643,-4.84695822357392]]]}},{"type":"Feature","properties":{"id":"23075020007","state":"CE","municipality":"2307502","origin":"face","accuracy":"boa","notes":""},"geometry":{"type":"Polygon","coordinates":[[[-38.9614074166189,-6.75656429900319],[-38.9615143729899,-6.75585621239423],[-38.9607181474246,-6.75524843796501],[-38.9587988871589,-6.75634007193673],[-38.9582343988984,-6.75701275313601],[-38.9581630952506,-6.75803947494178],[-38.9568794551227,-6.75820921927999],[-38.9583532389108,-6.75834041058143],[-38.9583770061938,-6.75865314712503],[-38.9568677432517,-6.75864724667303],[-38.9584601943825,-6.75877706201175],[-38.9590662762876,-6.75960315676025],[-38.9591851163,-6.76151497243797],[-38.9599813418654,-6.76264199653088],[-38.9589058426305,-6.76406404861691],[-38.9622808885521,-6.76370411025643],[-38.9630176941113,-6.76137925754666],[-38.9643843497579,-6.76015782082675],[-38.9621026285335,-6.75724288065436],[-38.9614074166189,-6.75656429900319]]]}},{"type":"Feature","properties":{"id":"23082030004","state":"CE","municipality":"2308203","origin":"face","accuracy":"boa","notes":""},"geometry":{"type":"Polygon","coordinates":[[[-40.4520833527983,-3.54139097130003],[-40.4521765916638,-3.54202616107199],[-40.450632322952,-3.54243408110915],[-40.4516637779029,-3.54250983768736],[-40.4528409185813,-3.5417231347588],[-40.4534761083534,-3.54185133819903],[-40.4538315815286,-3.54083736553543],[-40.4536217940809,-3.54037117120731],[-40.4532838031931,-3.54066837009146],[-40.4520833527983,-3.54139097130003]]]}},{"type":"Feature","properties":{"id":"23082030007","state":"CE","municipality":"2308203","origin":"face","accuracy":"boa","notes":""},"geometry":{"type":"Polygon","coordinates":[[[-40.4586981189161,-3.53497822821301],[-40.4577577187485,-3.53592142719067],[-40.4581579485818,-3.53647839038519],[-40.4572875186648,-3.53719488575099],[-40.4598708203157,-3.53555198426773],[-40.4603802037397,-3.53418616497664],[-40.4586981189161,-3.53497822821301]]]}},{"type":"Feature","properties":{"id":"23084010004","state":"CE","municipality":"2308401","origin":"face","accuracy":"boa","notes":""},"geometry":{"type":"Polygon","coordinates":[[[-39.1511136815575,-7.24981391482232],[-39.1515515023826,-7.24973301314806],[-39.1517561360291,-7.2490524873004],[-39.1512516902959,-7.24870984491554],[-39.149351999695,-7.24889996975771],[-39.1493710797115,-7.24955103035569],[-39.150913806833,-7.24936657615321],[-39.1511136815575,-7.24981391482232]]]}},{"type":"Feature","properties":{"id":"23087080011","state":"CE","municipality":"2308708","origin":"face","accuracy":"boa","notes":""},"geometry":{"type":"Polygon","coordinates":[[[-38.362138311234,-5.28005755261393],[-38.359684272711,-5.27924103834319],[-38.3574619714928,-5.28072023065409],[-38.3578363169924,-5.2825603406871],[-38.3582522552373,-5.28273784257732],[-38.3616807784451,-5.28196274928144],[-38.3620491812247,-5.28261359134412],[-38.3621145430517,-5.28186216460715],[-38.3627027994946,-5.28253667322883],[-38.3626077276644,-5.28144207509166],[-38.362138311234,-5.28005755261393]]]}},{"type":"Feature","properties":{"id":"23098050002","state":"CE","municipality":"2309805","origin":"face","accuracy":"boa","notes":""},"geometry":{"type":"Polygon","coordinates":[[[-38.9185534877285,-4.22674467011267],[-38.9187196636125,-4.22748371549142],[-38.9190476423309,-4.22708139493024],[-38.9187765132569,-4.22664408997236],[-38.9185534877285,-4.22674467011267]]]}},{"type":"Feature","properties":{"id":"23114050002","state":"CE","municipality":"2311405","origin":"face","accuracy":"boa","notes":""},"geometry":{"type":"Polygon","coordinates":[[[-39.2984820851801,-5.20306435923277],[-39.2999200444744,-5.20175067365461],[-39.302385966639,-5.20086304639246],[-39.3037882741095,-5.20171516842028],[-39.3040378377759,-5.2014666326789],[-39.3041150832444,-5.20096364365721],[-39.3022077075197,-5.19867947807541],[-39.3022077075196,-5.19741904135561],[-39.3005498945619,-5.19767349553536],[-39.2983810715292,-5.19898127256762],[-39.2951426910823,-5.19976830436372],[-39.2897711403258,-5.20185127091936],[-39.2897354885019,-5.20279807177354],[-39.2906386695389,-5.20472717421967],[-39.291898369714,-5.20527749905727],[-39.2913338814534,-5.20620654279766],[-39.2915418505759,-5.20644915920127],[-39.2923321343205,-5.20509405804433],[-39.2931402435274,-5.20466208128999],[-39.2955229784027,-5.20495203800614],[-39.2970025313417,-5.20440171226914],[-39.2976680332531,-5.20299334966331],[-39.2984820851801,-5.20306435923277]]]}},{"type":"Feature","properties":{"id":"23129080015","state":"CE","municipality":"2312908","origin":"face","accuracy":"boa","notes":""},"geometry":{"type":"Polygon","coordinates":[[[-40.3684279112751,-3.69487470473996],[-40.3672811088818,-3.69496364918899],[-40.3620818752334,-3.69597761527763],[-40.3614995610647,-3.69659429584071],[-40.3618144860743,-3.6970093690552],[-40.3672335730313,-3.69577600807746],[-40.3682199419292,-3.69588867092144],[-40.3688795018548,-3.69530163801397],[-40.3684279112751,-3.69487470473996]]]}},{"type":"Feature","properties":{"id":"23129080014","state":"CE","municipality":"2312908","origin":"face","accuracy":"boa","notes":""},"geometry":{"type":"Polygon","coordinates":[[[-40.3490102827765,-3.69198238203001],[-40.3492789171947,-3.6915680717532],[-40.3486715898418,-3.69106921554958],[-40.3482312259877,-3.69134770309837],[-40.3450053873719,-3.68990107260336],[-40.343302240951,-3.68673503371379],[-40.3431482805496,-3.6870565353534],[-40.342420625501,-3.68677020478674],[-40.3418739632203,-3.68936147306554],[-40.3437575712963,-3.68998408788778],[-40.3438823529039,-3.69071343612456],[-40.3448687218018,-3.69082609961996],[-40.3473940638596,-3.69264057289257],[-40.3477268148131,-3.69348851174536],[-40.3490281087205,-3.69351815994235],[-40.3488439072998,-3.69428901271618],[-40.3494202794871,-3.6943008719844],[-40.3496936106275,-3.69362489344326],[-40.356396165548,-3.69850497257552],[-40.3580836882407,-3.6985642686331],[-40.358755132129,-3.69628729717318],[-40.3536925640508,-3.69517845739236],[-40.3490102827765,-3.69198238203001]]]}},{"type":"Feature","properties":{"id":"23129080013","state":"CE","municipality":"2312908","origin":"face","accuracy":"boa","notes":""},"geometry":{"type":"Polygon","coordinates":[[[-40.3521928039348,-3.70037405330042],[-40.3524780190378,-3.69993526327633],[-40.3518184591121,-3.69893909052308],[-40.3485206594837,-3.69580825458188],[-40.3476828401186,-3.69590312856066],[-40.3481047207918,-3.69752784387264],[-40.3493525368675,-3.69895687933204],[-40.3492752911104,-3.69984631932602],[-40.3488415264746,-3.70016058791043],[-40.347766027857,-3.69905175297396],[-40.348526601465,-3.70037998289387],[-40.3494178986619,-3.70105595628495],[-40.3506954246441,-3.70005385519616],[-40.3522581657293,-3.70103816751811],[-40.3524601930939,-3.70074761760912],[-40.3521928039348,-3.70037405330042]]]}},{"type":"Feature","properties":{"id":"23129080026","state":"CE","municipality":"2312908","origin":"face","accuracy":"boa","notes":""},"geometry":{"type":"Polygon","coordinates":[[[-39.9603321186776,-4.07531660940523],[-39.9582227153117,-4.07233534452711],[-39.9567431619649,-4.07098991918555],[-39.9558459227867,-4.07145815116749],[-39.9562024416654,-4.07545292940387],[-39.9587931455177,-4.07686947063058],[-39.9597795144156,-4.07669166224537],[-39.9601598012196,-4.07612267514845],[-39.9603321186776,-4.07531660940523]]]}},{"type":"Feature","properties":{"id":"23129080027","state":"CE","municipality":"2312908","origin":"face","accuracy":"boa","notes":""},"geometry":{"type":"Polygon","coordinates":[[[-39.9514764560136,-4.07956260701747],[-39.9503890734334,-4.07896991423337],[-39.9492482130214,-4.08004268785205],[-39.9472219973938,-4.0809672871694],[-39.9471388096555,-4.08151849010212],[-39.948612421021,-4.08350992980243],[-39.9505316809849,-4.08330248839477],[-39.9514764560136,-4.07956260701747]]]}},{"type":"Feature","properties":{"id":"23129080009","state":"CE","municipality":"2312908","origin":"face","accuracy":"boa","notes":""},"geometry":{"type":"Polygon","coordinates":[[[-40.3454355395253,-3.67780983069947],[-40.3442590272254,-3.67816561526952],[-40.3450374267773,-3.67916774104505],[-40.345714812647,-3.67907286528025],[-40.3454355395253,-3.67780983069947]]]}},{"type":"Feature","properties":{"id":"23129080028","state":"CE","municipality":"2312908","origin":"face","accuracy":"boa","notes":""},"geometry":{"type":"Polygon","coordinates":[[[-39.9479229657088,-4.0787535952602],[-39.9471683340821,-4.07836241767788],[-39.9449460330713,-4.07834463687417],[-39.9443161830522,-4.07891362239808],[-39.9449519750526,-4.08006344608111],[-39.948249774681,-4.07951816907578],[-39.9479229657088,-4.0787535952602]]]}},{"type":"Feature","properties":{"id":"23129080010","state":"CE","municipality":"2312908","origin":"face","accuracy":"boa","notes":""},"geometry":{"type":"Polygon","coordinates":[[[-40.3314505974638,-3.67858528752241],[-40.3301671295003,-3.67945695870826],[-40.333488697054,-3.68318082328384],[-40.3342730385872,-3.68654296151615],[-40.3410112453956,-3.69005332861001],[-40.3415519656951,-3.68996438366905],[-40.341950078443,-3.68875473158803],[-40.3402506717876,-3.68817362363028],[-40.3384027155994,-3.68634728186023],[-40.335503028719,-3.67919605041551],[-40.3314505974638,-3.67858528752241]]]}},{"type":"Feature","properties":{"id":"23129080022","state":"CE","municipality":"2312908","origin":"face","accuracy":"boa","notes":""},"geometry":{"type":"Polygon","coordinates":[[[-40.0248800801049,-3.87337549196675],[-40.0223606800284,-3.87778028801501],[-40.0232163253374,-3.87871697116082],[-40.0262289098628,-3.87885925205417],[-40.0285106306868,-3.87807670684432],[-40.0272687565925,-3.8757764940029],[-40.026918179695,-3.87377269524311],[-40.0248800801049,-3.87337549196675]]]}},{"type":"Feature","properties":{"id":"23129080007","state":"CE","municipality":"2312908","origin":"face","accuracy":"boa","notes":""},"geometry":{"type":"Polygon","coordinates":[[[-40.3379936616706,-3.66481352712054],[-40.3383739484746,-3.66344966510707],[-40.3399723414477,-3.66188418614676],[-40.339390027279,-3.66136828907145],[-40.3378272861939,-3.66261948721156],[-40.3370964224925,-3.66397742065453],[-40.3373519276889,-3.66639679041503],[-40.3382135149792,-3.66679408825494],[-40.3386235116898,-3.66646201843069],[-40.3383561225307,-3.66606472044323],[-40.3379936616706,-3.66481352712054]]]}},{"type":"Feature","properties":{"id":"23129080021","state":"CE","municipality":"2312908","origin":"face","accuracy":"boa","notes":""},"geometry":{"type":"Polygon","coordinates":[[[-40.0175911854113,-3.88001526748807],[-40.0169672773735,-3.88125429422603],[-40.017490171729,-3.88255260258961],[-40.017300028327,-3.88366120221476],[-40.0177456769254,-3.88416511065391],[-40.0187023359168,-3.88410582732374],[-40.0192133463096,-3.88333514365263],[-40.0198610222727,-3.88078595418949],[-40.0189281312066,-3.88055474825289],[-40.0175911854113,-3.88001526748807]]]}},{"type":"Feature","properties":{"id":"23030060001","state":"CE","municipality":"2303006","origin":"face","accuracy":"otima","notes":""},"geometry":{"type":"Polygon","coordinates":[[[-39.0521536789872,-4.09572639425512],[-39.0517089830279,-4.09713219286404],[-39.0527059626786,-4.09763298566481],[-39.0527669290601,-4.09862383906804],[-39.0535738370508,-4.09829117001181],[-39.0530968647719,-4.09634880921112],[-39.0533550753289,-4.09579078203164],[-39.056374704343,-4.0927860136076],[-39.0521536789872,-4.09572639425512]]]}},{"type":"Feature","properties":{"id":"23037090001","state":"CE","municipality":"2303709","origin":"face","accuracy":"otima","notes":""},"geometry":{"type":"Polygon","coordinates":[[[-38.6656996547152,-3.75829676528345],[-38.6681418086975,-3.7609589734778],[-38.6691816552092,-3.76081074362088],[-38.6712256973081,-3.75703977296713],[-38.6712197554873,-3.75629269265358],[-38.6707741063399,-3.75554561054146],[-38.669454987058,-3.75486374996206],[-38.6647548791343,-3.75353560238609],[-38.6625563460984,-3.75162045741815],[-38.6613322986466,-3.74985946883938],[-38.6548733650137,-3.75419967617409],[-38.652443094673,-3.76056171774906],[-38.6526154119716,-3.76104791103222],[-38.660607376729,-3.76526355057236],[-38.6617720050739,-3.76383462316927],[-38.6656996547152,-3.75829676528345]]]}},{"type":"Feature","properties":{"id":"23037090005","state":"CE","municipality":"2303709","origin":"face","accuracy":"otima","notes":""},"geometry":{"type":"Polygon","coordinates":[[[-38.6318116990506,-3.74852180014091],[-38.6300291042597,-3.74622124081759],[-38.6285376676792,-3.74248578349204],[-38.6280385412456,-3.74172683122824],[-38.6266659428789,-3.74198179172624],[-38.6291259232227,-3.74890720280514],[-38.631128371677,-3.7497491579972],[-38.6318116990506,-3.74852180014091]]]}},{"type":"Feature","properties":{"id":"23037090004","state":"CE","municipality":"2303709","origin":"face","accuracy":"otima","notes":""},"geometry":{"type":"Polygon","coordinates":[[[-38.6319585610387,-3.74090208906012],[-38.6313227691305,-3.73872602558555],[-38.6305027762821,-3.73864894469303],[-38.6299739398454,-3.74012534820623],[-38.6305027762821,-3.74209981065769],[-38.6319585610387,-3.74304257085795],[-38.6330697120975,-3.74270460113638],[-38.6330518857359,-3.74191007349105],[-38.6319585610387,-3.74090208906012]]]}},{"type":"Feature","properties":{"id":"23037090008","state":"CE","municipality":"2303709","origin":"face","accuracy":"otima","notes":""},"geometry":{"type":"Polygon","coordinates":[[[-38.6308482130746,-3.69825914694202],[-38.6230701592604,-3.70020405677179],[-38.6263263651696,-3.69964667405469],[-38.6285724336708,-3.70004988689272],[-38.63099082037,-3.69873351593895],[-38.6308482130746,-3.69825914694202]]]}},{"type":"Feature","properties":{"id":"23037090007","state":"CE","municipality":"2303709","origin":"face","accuracy":"otima","notes":""},"geometry":{"type":"Polygon","coordinates":[[[-38.6064250122045,-3.74786946520363],[-38.6058545821232,-3.74265761785473],[-38.6056109611769,-3.74182751392858],[-38.6032401108424,-3.74157848266079],[-38.6035906872604,-3.74950001341483],[-38.6055871929945,-3.7501047975983],[-38.6064250122045,-3.74786946520363]]]}},{"type":"Feature","properties":{"id":"23039070005","state":"CE","municipality":"2303907","origin":"face","accuracy":"otima","notes":""},"geometry":{"type":"Polygon","coordinates":[[[-41.1729851862694,-3.13276337321299],[-41.1745907503431,-3.13070476197798],[-41.1737423556905,-3.13011268277867],[-41.1737472933716,-3.12682731055266],[-41.1707410455754,-3.12861881992343],[-41.169313370703,-3.1303905045979],[-41.1728369452683,-3.13253792814927],[-41.1729851862694,-3.13276337321299]]]}},{"type":"Feature","properties":{"id":"23040040001","state":"CE","municipality":"2304004","origin":"face","accuracy":"otima","notes":""},"geometry":{"type":"Polygon","coordinates":[[[-40.6534317048736,-3.55544180135479],[-40.6547045738725,-3.5555272555473],[-40.6548643959889,-3.55461574375205],[-40.6517307409198,-3.55457586509042],[-40.6512569825032,-3.55531077157751],[-40.6486598731109,-3.55559561889562],[-40.648973809411,-3.55613113161547],[-40.65204467722,-3.55678058279455],[-40.6534317048736,-3.55544180135479]]]}},{"type":"Feature","properties":{"id":"23040040002","state":"CE","municipality":"2304004","origin":"face","accuracy":"otima","notes":""},"geometry":{"type":"Polygon","coordinates":[[[-40.6579523875961,-3.5524622935582],[-40.6592966057541,-3.55304053530753],[-40.6608834110532,-3.55245944507578],[-40.6615826328127,-3.54839465170729],[-40.6610403792033,-3.54738628394001],[-40.6596619134489,-3.54733216247504],[-40.6591196598395,-3.54795313488243],[-40.6590711424113,-3.55167611207647],[-40.6570847818211,-3.55190968780399],[-40.6560516459968,-3.55128586957055],[-40.6561515348196,-3.55208344531906],[-40.6551555005582,-3.55298071721235],[-40.6554779987574,-3.55324562589022],[-40.6551212529618,-3.55483792483518],[-40.656217176046,-3.55531077157752],[-40.657107613552,-3.55506010586478],[-40.6579523875961,-3.5524622935582]]]}},{"type":"Feature","properties":{"id":"23041030004","state":"CE","municipality":"2304103","origin":"face","accuracy":"otima","notes":""},"geometry":{"type":"Polygon","coordinates":[[[-40.6631427194823,-5.17947543793959],[-40.6625651251846,-5.17875386973401],[-40.662528193675,-5.17751031127508],[-40.6635125824975,-5.1745203165975],[-40.665138966441,-5.17341020262368],[-40.6661370899204,-5.17413177692679],[-40.6696837215729,-5.17241614436819],[-40.6714671706325,-5.16959038648314],[-40.6748466039357,-5.16759216436851],[-40.6739852791058,-5.16610358571702],[-40.6733063524752,-5.16588156012694],[-40.6697647874393,-5.16778391322867],[-40.6689616921916,-5.16963011573423],[-40.6693695913408,-5.17099822100541],[-40.6688274633597,-5.17162392423275],[-40.6668109499343,-5.17275927125147],[-40.6647539035758,-5.17271890339241],[-40.6622104620193,-5.17484325847871],[-40.6606499440922,-5.17925341704259],[-40.6613491371894,-5.18143325522325],[-40.6631427194823,-5.17947543793959]]]}},{"type":"Feature","properties":{"id":"23041030003","state":"CE","municipality":"2304103","origin":"face","accuracy":"otima","notes":""},"geometry":{"type":"Polygon","coordinates":[[[-40.6616683340381,-5.1733042370971],[-40.661541668622,-5.16875779470144],[-40.6606347442423,-5.16698159524297],[-40.6597379530958,-5.16798575407144],[-40.6594136896305,-5.1691211076135],[-40.6605688782259,-5.17033214914845],[-40.6603712801766,-5.17404094943501],[-40.6595099553467,-5.17728550111738],[-40.6601027494944,-5.17840570016428],[-40.6605992779257,-5.17843597578663],[-40.6610958063571,-5.17748229298551],[-40.6622307284859,-5.17407627124167],[-40.6616683340381,-5.1733042370971]]]}},{"type":"Feature","properties":{"id":"23041030001","state":"CE","municipality":"2304103","origin":"face","accuracy":"otima","notes":""},"geometry":{"type":"Polygon","coordinates":[[[-40.6686399985437,-5.16586389899711],[-40.6658888257047,-5.16452922076413],[-40.6652254520452,-5.16353528343445],[-40.665468296523,-5.16523819008011],[-40.6682498690619,-5.16646942316735],[-40.6686399985437,-5.16586389899711]]]}},{"type":"Feature","properties":{"id":"23041030002","state":"CE","municipality":"2304103","origin":"face","accuracy":"otima","notes":""},"geometry":{"type":"Polygon","coordinates":[[[-40.6653872306567,-5.17209320124741],[-40.6664157538359,-5.17233036261709],[-40.6679813383797,-5.17177025796283],[-40.6687007979435,-5.17103858897424],[-40.6693645247242,-5.16788987967916],[-40.6685893323773,-5.16711279196421],[-40.6682549356786,-5.16690085878562],[-40.6678090734137,-5.16788987967916],[-40.6684500004195,-5.16938854615171],[-40.667991471613,-5.16945162126219],[-40.6682549356786,-5.17011517104374],[-40.6667906834678,-5.17145740649876],[-40.6653314978736,-5.17155832634276],[-40.6653872306567,-5.17209320124741]]]}},{"type":"Feature","properties":{"id":"23042020008","state":"CE","municipality":"2304202","origin":"face","accuracy":"otima","notes":""},"geometry":{"type":"Polygon","coordinates":[[[-39.4136748306485,-7.23041565717994],[-39.4128460956711,-7.22963818464737],[-39.4102877907498,-7.22858203346541],[-39.408627136678,-7.22850544905107],[-39.4062914491675,-7.22735846231558],[-39.4055158788334,-7.22841995945692],[-39.4041550401454,-7.22765055238171],[-39.4037205771342,-7.22823295091337],[-39.4001389502443,-7.22720351202091],[-39.4012179265655,-7.22836830948598],[-39.4053758453008,-7.23016180674379],[-39.4103937135501,-7.2307032384787],[-39.4115157771121,-7.23117520969175],[-39.4134223875166,-7.23303459336867],[-39.4159429911023,-7.23462147510501],[-39.4169806754844,-7.23662688669233],[-39.4188908764923,-7.23821197480224],[-39.4224024866159,-7.23879614070122],[-39.4201799031123,-7.23770617201035],[-39.4192696851508,-7.2376794570584],[-39.4178747357306,-7.23644522455328],[-39.4165013299307,-7.23391975704543],[-39.4167688298839,-7.23370425457974],[-39.4188818999838,-7.23635973646255],[-39.4196682421281,-7.23669100272395],[-39.4199447185898,-7.2363615174646],[-39.4173846183667,-7.23322872398157],[-39.4182786786129,-7.23257687223531],[-39.4160345514889,-7.2320247566321],[-39.4147814309029,-7.22981984952416],[-39.4138981424669,-7.22905044483333],[-39.4135642163508,-7.22938884057639],[-39.4136748306485,-7.23041565717994]]]}},{"type":"Feature","properties":{"id":"23044000008","state":"CE","municipality":"2304400","origin":"face","accuracy":"otima","notes":""},"geometry":{"type":"Polygon","coordinates":[[[-38.5870680509732,-3.69828377163054],[-38.58681981669765,-3.696934958841334],[-38.584308337560834,-3.698657038723089],[-38.5853522314871,-3.69936504249013],[-38.5870680509732,-3.69828377163054]]]}},{"type":"Feature","properties":{"id":"23044000024","state":"CE","municipality":"2304400","origin":"face","accuracy":"otima","notes":""},"geometry":{"type":"Polygon","coordinates":[[[-38.5318344003265,-3.82839923659587],[-38.5325450947883,-3.82806419492107],[-38.5270727474331,-3.82915054216966],[-38.5243771848677,-3.82900332688831],[-38.5247680668216,-3.82930791022905],[-38.5248848237689,-3.83174457695488],[-38.5251487959975,-3.83154659778342],[-38.5265549557539,-3.83238927835945],[-38.5281286363477,-3.83415586173566],[-38.5293165113765,-3.83246034780561],[-38.5271590460464,-3.83115571582948],[-38.5279661918993,-3.82926222272794],[-38.5308038933571,-3.83059223664913],[-38.5334486920324,-3.8337954381158],[-38.5349157684569,-3.83407971590049],[-38.5351898934636,-3.83271416725621],[-38.5318344003265,-3.82839923659587]]]}},{"type":"Feature","properties":{"id":"23044000022","state":"CE","municipality":"2304400","origin":"face","accuracy":"otima","notes":""},"geometry":{"type":"Polygon","coordinates":[[[-38.6026855617693,-3.81073340283353],[-38.6016499784108,-3.81033236810156],[-38.5999493880918,-3.81099229867316],[-38.5995585061378,-3.81075370838959],[-38.5995331241928,-3.81181975008214],[-38.6007463811667,-3.81312945844727],[-38.6004824089381,-3.81378938901885],[-38.5998275547555,-3.81334266678579],[-38.6005433256062,-3.81477420848721],[-38.5998326311445,-3.81599761823916],[-38.6021170062,-3.81887085442004],[-38.6020053256417,-3.81851043080016],[-38.6030256798331,-3.818018021066],[-38.6024368187077,-3.81705350715367],[-38.60504608266,-3.81542906266978],[-38.6068228188142,-3.81496711126969],[-38.6073253813265,-3.81566765295337],[-38.6070867910429,-3.81597731268309],[-38.6087518466389,-3.81492650015759],[-38.6036399229036,-3.81101768061821],[-38.6039952701345,-3.81071817366649],[-38.6036399229036,-3.81050496532799],[-38.6026855617693,-3.81073340283353]]]}},{"type":"Feature","properties":{"id":"23044000030","state":"CE","municipality":"2304400","origin":"face","accuracy":"otima","notes":""},"geometry":{"type":"Polygon","coordinates":[[[-38.5081942069349,-3.78622978400688],[-38.5080819184524,-3.78583303136882],[-38.5078423696898,-3.78619984041156],[-38.5066820553709,-3.78613246732209],[-38.5052447627952,-3.78935888971855],[-38.5085385582811,-3.7908560694849],[-38.5096015559153,-3.78848303955524],[-38.5093395494562,-3.7880713151195],[-38.5099459072615,-3.78638698788235],[-38.5081942069349,-3.78622978400688]]]}},{"type":"Feature","properties":{"id":"23044000023","state":"CE","municipality":"2304400","origin":"face","accuracy":"otima","notes":""},"geometry":{"type":"Polygon","coordinates":[[[-38.5687854359461,-3.83317104226732],[-38.5661254081037,-3.83425738951592],[-38.5658715886531,-3.83473964647207],[-38.5664147622774,-3.83488178536441],[-38.5666076650599,-3.83543511176674],[-38.5651304358573,-3.83600874372512],[-38.5653791789189,-3.83662298679558],[-38.5640948524989,-3.83738952153641],[-38.5647547830704,-3.83792254238271],[-38.5633435469251,-3.83840987572787],[-38.5645364983429,-3.84164861191763],[-38.5659375817103,-3.84116635496146],[-38.5656786858707,-3.84044043133272],[-38.5679884428712,-3.83921194519178],[-38.5674148109128,-3.83711032014076],[-38.5679782900932,-3.83686665346816],[-38.5682524150998,-3.83719154236493],[-38.5682321095438,-3.83673466735385],[-38.569166165122,-3.83614580622844],[-38.5687092901109,-3.8353792714876],[-38.5694504429067,-3.83500361870071],[-38.5691306303989,-3.83353146588716],[-38.5687854359461,-3.83317104226732]]]}},{"type":"Feature","properties":{"id":"23044000032","state":"CE","municipality":"2304400","origin":"face","accuracy":"otima","notes":"Aglomerado Subnormal"},"geometry":{"type":"Polygon","coordinates":[[[-38.5130646478825,-3.76094694593673],[-38.5102679579582,-3.76125475772088],[-38.5100920655101,-3.76097772711517],[-38.509436866141,-3.76133390932251],[-38.5096919101907,-3.76216500113966],[-38.5081836324485,-3.76209904147164],[-38.5078186556187,-3.76169888615228],[-38.5069919611128,-3.76204627373722],[-38.5073965137433,-3.7629916956456],[-38.508412292631,-3.76307964186964],[-38.5095687854771,-3.76420535353733],[-38.5095907720331,-3.76368207350432],[-38.50987219995,-3.76417017504772],[-38.5099425569292,-3.76366008694831],[-38.50998213273,-3.76406903689007],[-38.5101272439997,-3.76368647081551],[-38.5130294693929,-3.76395910411003],[-38.5133328838659,-3.76354135954586],[-38.5144278143551,-3.7636468950147],[-38.5152589061723,-3.76290374942157],[-38.5171629419227,-3.76269707579508],[-38.5173344370596,-3.76199350600279],[-38.5181611315655,-3.76161093992823],[-38.5173476289932,-3.76174285926428],[-38.5170266252755,-3.76092935669194],[-38.5173080531923,-3.76059516104059],[-38.5166484565121,-3.76057757179579],[-38.5165824968441,-3.75985641275866],[-38.5130646478825,-3.76094694593673]]]}},{"type":"Feature","properties":{"id":"23044000026","state":"CE","municipality":"2304400","origin":"face","accuracy":"otima","notes":""},"geometry":{"type":"Polygon","coordinates":[[[-38.5180755933928,-3.82785886741025],[-38.5174467778909,-3.82967045492753],[-38.5198722091124,-3.8301345806551],[-38.5203887361318,-3.82988006009483],[-38.5206432566921,-3.82820321875651],[-38.5180755933928,-3.82785886741025]]]}},{"type":"Feature","properties":{"id":"23044000028","state":"CE","municipality":"2304400","origin":"face","accuracy":"otima","notes":""},"geometry":{"type":"Polygon","coordinates":[[[-38.5177012984512,-3.81284215435375],[-38.5168329341867,-3.81022957566149],[-38.5164661251439,-3.81017717436967],[-38.5159495981246,-3.80755710977854],[-38.5161442314942,-3.80592518383324],[-38.5151336351519,-3.80502687597342],[-38.5143476157746,-3.80575300816009],[-38.5143925311676,-3.80817843938158],[-38.5134343361171,-3.80902434594956],[-38.5138086310587,-3.81152463615938],[-38.5134867374089,-3.81173424132666],[-38.5139658349341,-3.81170429773133],[-38.5136439412844,-3.81229568373905],[-38.5142128695956,-3.81220585295307],[-38.5158073660468,-3.81490826243133],[-38.5164511533463,-3.81492323422898],[-38.5170125957587,-3.81573171130282],[-38.5179109036185,-3.82000615953574],[-38.5189813871514,-3.82020079290538],[-38.5200443847855,-3.82002113133342],[-38.5199994693926,-3.8174235244388],[-38.5183301139531,-3.81272237997246],[-38.5177012984512,-3.81284215435375]]]}},{"type":"Feature","properties":{"id":"23044000027","state":"CE","municipality":"2304400","origin":"face","accuracy":"otima","notes":""},"geometry":{"type":"Polygon","coordinates":[[[-38.5207705169722,-3.81978906846964],[-38.5209352067465,-3.82151831109975],[-38.5200144411902,-3.82017084931005],[-38.5191161333304,-3.82033553908434],[-38.5193032808012,-3.82163059958224],[-38.5199246104042,-3.82245404845373],[-38.519535343665,-3.82253639334087],[-38.5199096386066,-3.82273102671051],[-38.5196326603498,-3.82317269474157],[-38.5200144411902,-3.82312777934858],[-38.5196251744509,-3.82356944737966],[-38.5200443847855,-3.82356944737966],[-38.5210774388243,-3.82487947967521],[-38.5213768747776,-3.82478964888924],[-38.5214367619682,-3.82229684457826],[-38.5229713712288,-3.82162311368339],[-38.523405553361,-3.82188512014252],[-38.5225821044895,-3.81946717481987],[-38.5207705169722,-3.81978906846964]]]}},{"type":"Feature","properties":{"id":"23047070001","state":"CE","municipality":"2304707","origin":"face","accuracy":"otima","notes":""},"geometry":{"type":"Polygon","coordinates":[[[-40.8262954880686,-3.12996131892816],[-40.8235470698825,-3.12926306020677],[-40.8227362516686,-3.12849056745805],[-40.8223343274537,-3.12713812382758],[-40.8242440482898,-3.12451906422285],[-40.8253987091846,-3.12417109301283],[-40.8272898439297,-3.1246512932524],[-40.8286373355172,-3.12449354633802],[-40.8295201748331,-3.12237787954868],[-40.8299035129572,-3.12241499654662],[-40.8295364376627,-3.12228276723543],[-40.8295689633217,-3.1213316436294],[-40.8288719849143,-3.12075864923653],[-40.8266974122835,-3.12079808610759],[-40.8264418535342,-3.11843419104612],[-40.8252291111055,-3.11912317769235],[-40.8239234382224,-3.11845506943599],[-40.8239977825859,-3.11787743383055],[-40.8259655849559,-3.11757121723634],[-40.8260956875919,-3.11642986369094],[-40.8271434784642,-3.11533026581181],[-40.8278125777352,-3.11377829976211],[-40.8307003916029,-3.11360895205774],[-40.8309536270909,-3.11415411237862],[-40.8316970707253,-3.11429330220258],[-40.8318062640091,-3.11575943389711],[-40.833286181494,-3.1162002009377],[-40.8345570054567,-3.11745290625564],[-40.8355931800222,-3.11731139702592],[-40.8361368231799,-3.11573623562668],[-40.8353817632387,-3.11456936196563],[-40.8351819627619,-3.11227736778987],[-40.8355304519655,-3.11090402476142],[-40.8349914553306,-3.10745442044792],[-40.8331049671081,-3.10553358679632],[-40.831220802147,-3.1051508115569],[-40.8297130055258,-3.1050696167913],[-40.8263349835117,-3.10770728355475],[-40.8212702737519,-3.10943092678783],[-40.8183359946571,-3.10926853790891],[-40.8175112368751,-3.11033566436977],[-40.816893249354,-3.11339088785037],[-40.8169629471947,-3.11505188641969],[-40.8181780128848,-3.11722788337323],[-40.8191630757005,-3.12109038287049],[-40.8172789107394,-3.12458633864348],[-40.8174345692503,-3.12723091589913],[-40.8211192617637,-3.1319424225345],[-40.8221066478407,-3.13488159392971],[-40.8242626343807,-3.13561000608497],[-40.825946998865,-3.1352434802868],[-40.8268205451355,-3.13461249886505],[-40.8262954880686,-3.12996131892816]]]}},{"type":"Feature","properties":{"id":"23054070005","state":"CE","municipality":"2305407","origin":"face","accuracy":"otima","notes":""},"geometry":{"type":"Polygon","coordinates":[[[-38.8568358808297,-6.39374574964279],[-38.8613794616203,-6.39832502234852],[-38.8636744517605,-6.40003466508113],[-38.8653733869186,-6.40278294254291],[-38.8669295544165,-6.40669477643646],[-38.866729679692,-6.40810460708248],[-38.8655232929621,-6.40965363619723],[-38.8667154029259,-6.41157743042045],[-38.8670244758576,-6.40954217280142],[-38.8677500020408,-6.40817647645662],[-38.8674725949708,-6.40670408508469],[-38.8685182062348,-6.40636266099854],[-38.8684115112078,-6.40591454188535],[-38.8673872389492,-6.40599989790689],[-38.8668537638145,-6.40352457328169],[-38.8664910007228,-6.40352457328169],[-38.8646771852647,-6.40040907849495],[-38.8647412022809,-6.39974756932781],[-38.8642930831678,-6.39979024733863],[-38.8631834548876,-6.39870195806378],[-38.8633541669307,-6.39823249994516],[-38.8625219457205,-6.39825383895057],[-38.8596411799929,-6.39590654835776],[-38.8582968226534,-6.39394335986198],[-38.8571658553679,-6.39315381666261],[-38.8568358808297,-6.39374574964279]]]}},{"type":"Feature","properties":{"id":"23054070004","state":"CE","municipality":"2305407","origin":"face","accuracy":"otima","notes":""},"geometry":{"type":"Polygon","coordinates":[[[-38.8507595888704,-6.40393787612299],[-38.8495475043809,-6.40450826882387],[-38.8506259030812,-6.40677201485573],[-38.8503496191166,-6.40740479425832],[-38.8507506764845,-6.40721763415332],[-38.8521320963071,-6.40963289074632],[-38.8526311899203,-6.40922292099255],[-38.8528985614989,-6.40763651629301],[-38.8511428214664,-6.40430328394701],[-38.8507595888704,-6.40393787612299]]]}},{"type":"Feature","properties":{"id":"23055060005","state":"CE","municipality":"2305506","origin":"face","accuracy":"otima","notes":""},"geometry":{"type":"Polygon","coordinates":[[[-39.294629905671,-6.37697469721558],[-39.2950867621842,-6.37874501620389],[-39.2968665990164,-6.39112773127835],[-39.2949725480559,-6.37683192955524],[-39.2952729550079,-6.37596342628814],[-39.2946780897565,-6.37575403371956],[-39.2938214837944,-6.37447864262048],[-39.2942450278534,-6.37275591285227],[-39.2950730802834,-6.37261790411396],[-39.2942973759954,-6.37261790411396],[-39.2950683213614,-6.37240851154542],[-39.2944591793439,-6.37217532436678],[-39.2946447773023,-6.37120926319847],[-39.2952396425538,-6.3709951117079],[-39.2947304378986,-6.3709951117079],[-39.2947827860407,-6.37047638920872],[-39.2952586782419,-6.37049066597469],[-39.2948160984948,-6.3701623003559],[-39.2953633745261,-6.36750682187341],[-39.2952634371639,-6.36225773089446],[-39.2948684466369,-6.36091571488716],[-39.292850663704,-6.35952610965972],[-39.2914229871004,-6.3576939246853],[-39.290433131322,-6.35771296037336],[-39.2891196688468,-6.35668979214092],[-39.2891910526769,-6.35713713081003],[-39.2869924307075,-6.35747501427284],[-39.2857970932587,-6.35907199776069],[-39.2866886245367,-6.35955597188297],[-39.2884716870929,-6.35856255131602],[-39.2894396353376,-6.35866444060498],[-39.2903821112601,-6.35922483169396],[-39.2905604175158,-6.35986163974974],[-39.2912226978938,-6.35970880581641],[-39.2938972917279,-6.36465043632905],[-39.2937444577945,-6.36635708191842],[-39.2922925354273,-6.36663727746294],[-39.292241590783,-6.367528808741],[-39.2935406792167,-6.36717219622985],[-39.2931840667054,-6.37007604096408],[-39.2935661515389,-6.37132418475328],[-39.2926746202608,-6.37287799640938],[-39.293133122061,-6.37297988569827],[-39.2929548158054,-6.37534881166568],[-39.2934133176055,-6.37641864919937],[-39.2943557935281,-6.37708092957735],[-39.294629905671,-6.37697469721558]]]}},{"type":"Feature","properties":{"id":"23055060004","state":"CE","municipality":"2305506","origin":"face","accuracy":"otima","notes":""},"geometry":{"type":"Polygon","coordinates":[[[-39.2927296404769,-6.37126457951935],[-39.2923388950539,-6.36984729951042],[-39.2896831507382,-6.3697082206311],[-39.2890208703601,-6.37085396568501],[-39.2889480195186,-6.37220501765609],[-39.2921402109405,-6.37240370176945],[-39.2927296404769,-6.37126457951935]]]}},{"type":"Feature","properties":{"id":"23062070006","state":"CE","municipality":"2306207","origin":"face","accuracy":"otima","notes":""},"geometry":{"type":"Polygon","coordinates":[[[-37.8201350813876,-4.67608935370045],[-37.8204427497459,-4.67849510021855],[-37.8194926321337,-4.68048669290575],[-37.8201504058652,-4.683830376041],[-37.8196205325815,-4.6847987651458],[-37.8198763334771,-4.68600468365361],[-37.825796297061,-4.68406790544408],[-37.8274041884047,-4.68085212275657],[-37.8298342969129,-4.68242347111528],[-37.8321182334807,-4.68032224947281],[-37.8322826769135,-4.67893361603951],[-37.8303093557189,-4.67747189663613],[-37.8309854009431,-4.67641215006865],[-37.8308392290028,-4.67569956185952],[-37.8326481067645,-4.6729040235004],[-37.8307661430325,-4.67323291036621],[-37.8278792472108,-4.67652177902392],[-37.822233356015,-4.67319636738115],[-37.8214476818357,-4.67178946245532],[-37.8204427497459,-4.67162501902249],[-37.8183963425811,-4.67392722708285],[-37.8201350813876,-4.67608935370045]]]}},{"type":"Feature","properties":{"id":"23062070005","state":"CE","municipality":"2306207","origin":"face","accuracy":"otima","notes":""},"geometry":{"type":"Polygon","coordinates":[[[-37.8229505284697,-4.6843384414143],[-37.8228403101114,-4.68477931484727],[-37.8242486558001,-4.68733883005535],[-37.8231219792492,-4.68742455544505],[-37.8223871901942,-4.68796340075199],[-37.8242364093158,-4.6898860987792],[-37.8247507616543,-4.69147814173159],[-37.8260733819532,-4.69343757921144],[-37.8269796217877,-4.69338859327435],[-37.8272490444411,-4.69276402257766],[-37.8264897624177,-4.69194350813302],[-37.8255835225832,-4.68970240151538],[-37.825326346414,-4.68656730154766],[-37.8238812612726,-4.68409351172938],[-37.8229505284697,-4.6843384414143]]]}},{"type":"Feature","properties":{"id":"23070070001","state":"CE","municipality":"2307007","origin":"face","accuracy":"otima","notes":""},"geometry":{"type":"Polygon","coordinates":[[[-37.8801478610213,-4.89915303985674],[-37.8787099015436,-4.89732367311022],[-37.8754121019152,-4.89629946235791],[-37.8735225518578,-4.89663691925304],[-37.8716032918939,-4.89901095329844],[-37.8716330018005,-4.89954969800547],[-37.8734571900634,-4.90072191026316],[-37.8740038523442,-4.90207764813817],[-37.8745980504754,-4.90241510211612],[-37.8768381774302,-4.90165731048864],[-37.8788941029643,-4.90159218773055],[-37.8799636596005,-4.9006863887098],[-37.8801478610213,-4.89915303985674]]]}},{"type":"Feature","properties":{"id":"23070070014","state":"CE","municipality":"2307007","origin":"face","accuracy":"otima","notes":""},"geometry":{"type":"Polygon","coordinates":[[[-37.8071307820919,-4.84561527526987],[-37.8059126759228,-4.84529555500623],[-37.8037082008559,-4.84674021573587],[-37.8028525555469,-4.84979530776101],[-37.8031496546125,-4.85024528138781],[-37.8067997465853,-4.85160235905579],[-37.8098522095329,-4.85225831762532],[-37.810975244001,-4.84904337747865],[-37.80956699443,-4.84765792893943],[-37.8071307820919,-4.84561527526987]]]}},{"type":"Feature","properties":{"id":"23070070018","state":"CE","municipality":"2307007","origin":"face","accuracy":"otima","notes":""},"geometry":{"type":"Polygon","coordinates":[[[-37.780014656456,-4.84177833932416],[-37.7798808988795,-4.84082760604081],[-37.7811471372704,-4.83806425218445],[-37.7807904503997,-4.83689137832692],[-37.7797738928183,-4.8357718150222],[-37.7758770887562,-4.8367936387471],[-37.776840143307,-4.84054327433204],[-37.7782668907897,-4.84235588692794],[-37.7791675251381,-4.84240031364628],[-37.780014656456,-4.84177833932416]]]}},{"type":"Feature","properties":{"id":"23075020006","state":"CE","municipality":"2307502","origin":"face","accuracy":"otima","notes":""},"geometry":{"type":"Polygon","coordinates":[[[-38.9599126858217,-6.74643285968871],[-38.9574666800432,-6.74761998097729],[-38.9621133097814,-6.75693139057119],[-38.9648585047162,-6.76018857134545],[-38.9691842671402,-6.76156342521189],[-38.9706519364376,-6.76479107135085],[-38.9707826600916,-6.76669696589222],[-38.9725058348763,-6.76709230516569],[-38.9735159713849,-6.76675597221032],[-38.9739556778122,-6.76576467200198],[-38.973741766869,-6.76381156844906],[-38.9718641011473,-6.76200007304488],[-38.971091642865,-6.76055441285581],[-38.9669144304565,-6.75794631147308],[-38.9637711218398,-6.75424655993079],[-38.9640147436854,-6.75211638706156],[-38.962154903426,-6.75028714533545],[-38.96082235187,-6.74702523142923],[-38.9599126858217,-6.74643285968871]]]}},{"type":"Feature","properties":{"id":"23078090001","state":"CE","municipality":"2307809","origin":"face","accuracy":"otima","notes":""},"geometry":{"type":"Polygon","coordinates":[[[-40.1463427744833,-3.11648272208801],[-40.1440706365264,-3.12024721101063],[-40.1447697558978,-3.12543682788248],[-40.1444067516087,-3.12762829821963],[-40.1469074478217,-3.1278434118723],[-40.1484670218039,-3.12635106090653],[-40.1480308393598,-3.1243184812098],[-40.1473693492002,-3.1242566152236],[-40.1471989199941,-3.12341399965624],[-40.1466602698204,-3.12390921391678],[-40.1461367883992,-3.12364271428403],[-40.1464461183299,-3.12161541350718],[-40.1471837512417,-3.12106813747584],[-40.1475073579386,-3.12137270848463],[-40.1474930811726,-3.12016394229363],[-40.1480308393598,-3.12005924600938],[-40.1473360367461,-3.11830796270903],[-40.147726268351,-3.11826989133296],[-40.1475311525486,-3.11686125041747],[-40.1478833127775,-3.11652812587671],[-40.1463427744833,-3.11648272208801]]]}},{"type":"Feature","properties":{"id":"23082030002","state":"CE","municipality":"2308203","origin":"face","accuracy":"otima","notes":""},"geometry":{"type":"Polygon","coordinates":[[[-40.451500609888,-3.5437044606532],[-40.4523630693951,-3.5446601590258],[-40.4512966498696,-3.54591888371165],[-40.452706887712,-3.54469512360031],[-40.45310898032,-3.54361704921662],[-40.4517511893395,-3.54302265144828],[-40.451500609888,-3.5437044606532]]]}},{"type":"Feature","properties":{"id":"23082030008","state":"CE","municipality":"2308203","origin":"face","accuracy":"otima","notes":""},"geometry":{"type":"Polygon","coordinates":[[[-40.4590416147242,-3.53612231985857],[-40.4595334836807,-3.53591474213381],[-40.4602148801251,-3.53677664094756],[-40.4596192223062,-3.53734522341114],[-40.4634187971816,-3.53482721535835],[-40.4612978943414,-3.53319366891548],[-40.4590416147242,-3.53612231985857]]]}},{"type":"Feature","properties":{"id":"23082030006","state":"CE","municipality":"2308203","origin":"face","accuracy":"otima","notes":""},"geometry":{"type":"Polygon","coordinates":[[[-40.459620518098,-3.53772734537313],[-40.4591615686818,-3.53848979359692],[-40.4587914481848,-3.53826031888878],[-40.4586730096258,-3.53905237675223],[-40.4582346989721,-3.53880079651953],[-40.4585397662469,-3.54091038164705],[-40.4580956216505,-3.54255371665352],[-40.4592281903713,-3.54270176485238],[-40.4610935976759,-3.54173204915027],[-40.4599388217254,-3.54030338403203],[-40.4600350530546,-3.53934847314987],[-40.4618042290301,-3.53777916224266],[-40.4614415109431,-3.53674282485122],[-40.459620518098,-3.53772734537313]]]}},{"type":"Feature","properties":{"id":"23087080002","state":"CE","municipality":"2308708","origin":"face","accuracy":"otima","notes":""},"geometry":{"type":"Polygon","coordinates":[[[-38.382796329487,-5.10672124658824],[-38.3807404037466,-5.10703492202401],[-38.3770860850547,-5.10631879637533],[-38.3733010427089,-5.10765043422009],[-38.3709777287391,-5.10955615249441],[-38.3713702153631,-5.11018808361313],[-38.3705974414187,-5.11104166074399],[-38.3722968480211,-5.11281716527993],[-38.3749529138459,-5.11122513053527],[-38.3768781159323,-5.11104166074399],[-38.3772168087087,-5.11172818970415],[-38.3789280989525,-5.11185839355001],[-38.3792073726221,-5.11014207069998],[-38.3782804234027,-5.11034921334549],[-38.3781378161073,-5.1099171727393],[-38.378494334346,-5.10984615237801],[-38.3786191161792,-5.10873941699044],[-38.3800570754736,-5.11021900949965],[-38.3827844449461,-5.10948513213311],[-38.382796329487,-5.10672124658824]]]}},{"type":"Feature","properties":{"id":"23087080003","state":"CE","municipality":"2308708","origin":"face","accuracy":"otima","notes":""},"geometry":{"type":"Polygon","coordinates":[[[-38.3906516287696,-5.10626848919937],[-38.3880312147687,-5.10542807634461],[-38.387829187467,-5.10628624451455],[-38.3883639657244,-5.10678930818],[-38.3887799039693,-5.10841686524611],[-38.3899683004966,-5.1080025781564],[-38.3905862669426,-5.10681890037194],[-38.3906516287696,-5.10626848919937]]]}},{"type":"Feature","properties":{"id":"23087080004","state":"CE","municipality":"2308708","origin":"face","accuracy":"otima","notes":""},"geometry":{"type":"Polygon","coordinates":[[[-38.3684354253545,-5.1092997854567],[-38.3677699234432,-5.10631691949023],[-38.3672232615443,-5.10542915912833],[-38.3665161659882,-5.10531079036066],[-38.3662903705041,-5.10388445300505],[-38.3630876418811,-5.10357077667],[-38.3634976392046,-5.10606834687668],[-38.3644424138862,-5.10695610633917],[-38.3652921176371,-5.11090958091238],[-38.3640918374682,-5.11149549731931],[-38.3651138576184,-5.11412915833394],[-38.3663319641488,-5.11391609904871],[-38.3695168664102,-5.11062549946718],[-38.3684354253545,-5.1092997854567]]]}},{"type":"Feature","properties":{"id":"23099040001","state":"CE","municipality":"2309904","origin":"face","accuracy":"otima","notes":""},"geometry":{"type":"Polygon","coordinates":[[[-40.7007933574594,-3.97680722880678],[-40.6987440277395,-3.97815151389832],[-40.6991012503512,-3.98058626801499],[-40.6992140574918,-3.98012563885779],[-40.7031492931053,-3.97798890136664],[-40.7027016782536,-3.97751227343515],[-40.7007933574594,-3.97680722880678]]]}},{"type":"Feature","properties":{"id":"23099040003","state":"CE","municipality":"2309904","origin":"face","accuracy":"otima","notes":""},"geometry":{"type":"Polygon","coordinates":[[[-40.6986062058749,-3.98103123363143],[-40.6980277358912,-3.98090565996814],[-40.6980723731353,-3.98127538969073],[-40.6974309462001,-3.98153609870303],[-40.6963839719122,-3.98085328938493],[-40.6943603733874,-3.98164369289869],[-40.6946500500679,-3.98213614325539],[-40.6955687389686,-3.98168921351987],[-40.6968971134604,-3.98192095486423],[-40.6980847878502,-3.98378730033387],[-40.6981427231863,-3.98336933826642],[-40.6993841946739,-3.98266583775683],[-40.6986062058749,-3.98103123363143]]]}},{"type":"Feature","properties":{"id":"23099040002","state":"CE","municipality":"2309904","origin":"face","accuracy":"otima","notes":""},"geometry":{"type":"Polygon","coordinates":[[[-40.7015548056581,-3.97880955555145],[-40.7014137967324,-3.97855573948523],[-40.701338591972,-3.97898816685729],[-40.6984714104832,-3.98036065373396],[-40.6980671848962,-3.98022904540324],[-40.7004925384179,-3.98470372864489],[-40.7016112092284,-3.98393287985118],[-40.7010565741206,-3.98277660666055],[-40.7012821884018,-3.98253219118943],[-40.7006147461536,-3.98199635727185],[-40.7014513991125,-3.9813101138335],[-40.7004267342526,-3.98176134239567],[-40.7000507104509,-3.9811691049078],[-40.7019026276747,-3.98005043409741],[-40.7023256544518,-3.98063327099028],[-40.7025794705181,-3.98032305135372],[-40.7020530371955,-3.97933598887398],[-40.7033127169315,-3.97844293234465],[-40.7031492931053,-3.97798890136664],[-40.7015548056581,-3.97880955555145]]]}},{"type":"Feature","properties":{"id":"23114050001","state":"CE","municipality":"2311405","origin":"face","accuracy":"otima","notes":""},"geometry":{"type":"Polygon","coordinates":[[[-39.2997126725018,-5.19459717831707],[-39.3000038298128,-5.19419478296283],[-39.2994333997316,-5.19259703392597],[-39.2999622361682,-5.19233074197014],[-39.3001404952876,-5.19161471254893],[-39.2978587749624,-5.19160287657144],[-39.2972110985133,-5.19267396283305],[-39.2970863166801,-5.19434863987777],[-39.2990531133105,-5.19741985614137],[-39.2999206425236,-5.19704113274203],[-39.2997126725018,-5.19459717831707]]]}},{"type":"Feature","properties":{"id":"23115040001","state":"CE","municipality":"2311504","origin":"face","accuracy":"otima","notes":""},"geometry":{"type":"Polygon","coordinates":[[[-37.9911398907827,-5.07075989792678],[-37.9927282080409,-5.07341016369543],[-37.9943064086287,-5.07443802049451],[-37.9952270256382,-5.07455894471617],[-37.9954293590469,-5.07427678816369],[-37.9932036915514,-5.07279546423921],[-37.9923235412236,-5.07092113113609],[-37.9916153742931,-5.0714753699859],[-37.9911398907827,-5.07075989792678]]]}},{"type":"Feature","properties":{"id":"23118010001","state":"CE","municipality":"2311801","origin":"face","accuracy":"otima","notes":""},"geometry":{"type":"Polygon","coordinates":[[[-37.97685144653,-4.94245049090549],[-37.9754234316578,-4.94140296683808],[-37.9739766271163,-4.94096610702523],[-37.9731639739161,-4.94114460888425],[-37.9707401065673,-4.93964143533461],[-37.9698335050202,-4.94056682655109],[-37.9722385826996,-4.94185861632032],[-37.9749771770103,-4.94235184514127],[-37.9752872065549,-4.94268066435525],[-37.974822162238,-4.94304236549065],[-37.9754469187445,-4.94292493005707],[-37.9759307527308,-4.94537228449256],[-37.9773117934295,-4.94504346527856],[-37.97685144653,-4.94245049090549]]]}},{"type":"Feature","properties":{"id":"23129080017","state":"CE","municipality":"2312908","origin":"face","accuracy":"otima","notes":""},"geometry":{"type":"Polygon","coordinates":[[[-40.2753939825237,-3.59235489266417],[-40.2735935621861,-3.59177965281053],[-40.2714603908949,-3.59202279547329],[-40.2712583635302,-3.59250908060456],[-40.2721080668579,-3.59376037408025],[-40.275417750449,-3.5933630441104],[-40.2753939825237,-3.59235489266417]]]}},{"type":"Feature","properties":{"id":"23129080024","state":"CE","municipality":"2312908","origin":"face","accuracy":"otima","notes":""},"geometry":{"type":"Polygon","coordinates":[[[-40.0362573339698,-3.75463081077085],[-40.034890678268,-3.75460709385996],[-40.0338032956878,-3.75517629954385],[-40.0322702645092,-3.75874568505647],[-40.0322464965839,-3.75988409065318],[-40.0327456230142,-3.76059559339607],[-40.0341776405105,-3.76092169862587],[-40.0358770471658,-3.76044736370581],[-40.0371308052228,-3.75575736329663],[-40.0362573339698,-3.75463081077085]]]}},{"type":"Feature","properties":{"id":"23129080008","state":"CE","municipality":"2312908","origin":"face","accuracy":"otima","notes":""},"geometry":{"type":"Polygon","coordinates":[[[-40.3368221241613,-3.67168832996427],[-40.3363824175442,-3.67149264704752],[-40.3334767886824,-3.67261337589923],[-40.3318427438215,-3.67764181395004],[-40.3402209374721,-3.67863208083751],[-40.3373569024794,-3.67442788629463],[-40.3371489331335,-3.67301067097443],[-40.3368221241613,-3.67168832996427]]]}},{"type":"Feature","properties":{"id":"23129080011","state":"CE","municipality":"2312908","origin":"face","accuracy":"otima","notes":""},"geometry":{"type":"Polygon","coordinates":[[[-40.3354174551983,-3.69959732217472],[-40.3339497858141,-3.69943722299671],[-40.333319935795,-3.70115680524722],[-40.3323335668971,-3.7017853413747],[-40.3329158810658,-3.70354642607262],[-40.335031226413,-3.70400893258415],[-40.33569672832,-3.70362351050797],[-40.3360354212548,-3.70276965177235],[-40.3359165816286,-3.70021992981424],[-40.3354174551983,-3.69959732217472]]]}},{"type":"Feature","properties":{"id":"23131040001","state":"CE","municipality":"2313104","origin":"face","accuracy":"otima","notes":""},"geometry":{"type":"Polygon","coordinates":[[[-38.1347127992559,-5.2425888618002],[-38.1312759196372,-5.24756981652447],[-38.1317329719884,-5.24782551127936],[-38.1341928380136,-5.24629645508477],[-38.1355960914402,-5.24323321752436],[-38.1347127992559,-5.2425888618002]]]}},{"type":"Feature","properties":{"id":"23141020001","state":"CE","municipality":"2314102","origin":"face","accuracy":"otima","notes":""},"geometry":{"type":"Polygon","coordinates":[[[-41.0944420225362,-3.56416163179224],[-41.0929824879979,-3.56389865259614],[-41.0944946183755,-3.56438516410891],[-41.0968833460733,-3.56287303373136],[-41.0944420225362,-3.56416163179224]]]}},{"type":"Feature","properties":{"id":"23021070004","state":"CE","municipality":"2302107","origin":"setor","accuracy":"regular","notes":""},"geometry":{"type":"Polygon","coordinates":[[[-38.8835890487674,-4.3175096775398],[-38.8835221143831,-4.3205131712209],[-38.8856372409272,-4.32288926001711],[-38.8865743223075,-4.3223619825283],[-38.8887028357285,-4.32355669935035],[-38.8882677622305,-4.32222182009613],[-38.8886024341521,-4.32113389176542],[-38.8869558482981,-4.32083354317827],[-38.8862798110166,-4.31760979418739],[-38.8835890487674,-4.3175096775398]]]}},{"type":"Feature","properties":{"id":"23037090009","state":"CE","municipality":"2303709","origin":"face","accuracy":"regular","notes":""},"geometry":{"type":"Polygon","coordinates":[[[-38.5988053290027,-3.69977210699712],[-38.597212877872,-3.6976670980581],[-38.593308996413,-3.69860397579283],[-38.5943369583839,-3.69854467989303],[-38.5933743573407,-3.69955271198803],[-38.5942002929091,-3.70146204104031],[-38.5976050488339,-3.70271318236741],[-38.5993163390777,-3.70249378825772],[-38.5988053290027,-3.69977210699712]]]}},{"type":"Feature","properties":{"id":"23037090002","state":"CE","municipality":"2303709","origin":"face","accuracy":"regular","notes":""},"geometry":{"type":"Polygon","coordinates":[[[-38.6554304293708,-3.74473059384179],[-38.65542448755,-3.74572671441626],[-38.6551036202358,-3.74578600761811],[-38.6546342038054,-3.74487289716644],[-38.654741159277,-3.74588680543168],[-38.6542479755636,-3.74600539093598],[-38.6546163783431,-3.74747585262844],[-38.6554482557324,-3.74748771198824],[-38.655905787622,-3.74665168332848],[-38.6554304293708,-3.74473059384179]]]}},{"type":"Feature","properties":{"id":"23039070004","state":"CE","municipality":"2303907","origin":"setor","accuracy":"regular","notes":""},"geometry":{"type":"Polygon","coordinates":[[[-41.2534539768725,-3.0840148745355],[-41.2545086905541,-3.08542452276896],[-41.2556607624217,-3.08526249433145],[-41.2560826478943,-3.08346397701685],[-41.2555471778714,-3.07821423341358],[-41.2544437850967,-3.07826284226937],[-41.2515392658812,-3.07635089227038],[-41.2504683258353,-3.08160064505994],[-41.2536811459731,-3.08315612239684],[-41.2534539768725,-3.0840148745355]]]}},{"type":"Feature","properties":{"id":"23044000039","state":"CE","municipality":"2304400","origin":"face","accuracy":"regular","notes":"Aglomerado Subnormal"},"geometry":{"type":"Polygon","coordinates":[[[-38.5642971120714,-3.76395594425248],[-38.5646124104544,-3.7635673438569],[-38.5651727735213,-3.76371011151725],[-38.564883669009,-3.76270003032029],[-38.5644089665384,-3.7630034115985],[-38.5642971120714,-3.76395594425248]]]}},{"type":"Feature","properties":{"id":"23044000036","state":"CE","municipality":"2304400","origin":"face","accuracy":"regular","notes":""},"geometry":{"type":"Polygon","coordinates":[[[-38.5732496952749,-3.72074287543126],[-38.5726215175692,-3.72161851708136],[-38.571826245948,-3.72147037596512],[-38.5728309101378,-3.72346497882193],[-38.5762858875182,-3.72000048359748],[-38.5760289057297,-3.71882978878261],[-38.5750390499512,-3.71914387763531],[-38.5752389246757,-3.71961025199251],[-38.5732496952749,-3.72074287543126]]]}},{"type":"Feature","properties":{"id":"23044000047","state":"CE","municipality":"2304400","origin":"face","accuracy":"regular","notes":""},"geometry":{"type":"Polygon","coordinates":[[[-38.6130444138475,-3.81973199589487],[-38.6129432867548,-3.82042501391278],[-38.6134489222185,-3.82102880214304],[-38.6140824537112,-3.82069567760226],[-38.6130444138475,-3.81842924099419],[-38.6133537437782,-3.81814370567349],[-38.6129730300173,-3.81837867744777],[-38.613190155834,-3.81795334879297],[-38.6124525229222,-3.81776596623882],[-38.6127767244844,-3.81737335517284],[-38.6122948836307,-3.81759940396842],[-38.6118576576708,-3.81704617928449],[-38.6112687410719,-3.81749530254939],[-38.6118665806496,-3.81879508312387],[-38.6130444138475,-3.81973199589487]]]}},{"type":"Feature","properties":{"id":"23044000035","state":"CE","municipality":"2304400","origin":"face","accuracy":"regular","notes":"Aglomerado Subnormal"},"geometry":{"type":"Polygon","coordinates":[[[-38.5828237484996,-3.71170251163051],[-38.5826828304864,-3.71245402301749],[-38.583777382549,-3.71253968361374],[-38.5841138403814,-3.71215899024516],[-38.5843817656445,-3.71027919565814],[-38.5837202754849,-3.71034106164434],[-38.5828237484996,-3.71170251163051]]]}},{"type":"Feature","properties":{"id":"23044000040","state":"CE","municipality":"2304400","origin":"face","accuracy":"regular","notes":""},"geometry":{"type":"Polygon","coordinates":[[[-38.5658949399365,-3.77301856297213],[-38.5629967564314,-3.7700489956368],[-38.5625042080032,-3.77026314712733],[-38.5626826675786,-3.7706557581933],[-38.5614691424657,-3.77108406117436],[-38.5626255605144,-3.77101267734412],[-38.5622043959164,-3.77179789947606],[-38.5628825423031,-3.77156233283655],[-38.5644172946519,-3.77321843769653],[-38.5662018904063,-3.77403935174357],[-38.568536141653,-3.77089132483293],[-38.5678294417343,-3.77041305317074],[-38.5658949399365,-3.77301856297213]]]}},{"type":"Feature","properties":{"id":"23044000056","state":"CE","municipality":"2304400","origin":"face","accuracy":"regular","notes":"Aglomerado Subnormal"},"geometry":{"type":"Polygon","coordinates":[[[-38.4522370681705,-3.79617866318256],[-38.4519765171903,-3.794911600197],[-38.4499956159029,-3.7960501722883],[-38.4485572317249,-3.79460108053564],[-38.4505845325018,-3.79732437365686],[-38.4505738249273,-3.79695674693149],[-38.4522370681705,-3.79617866318256]]]}},{"type":"Feature","properties":{"id":"23044000041","state":"CE","municipality":"2304400","origin":"face","accuracy":"regular","notes":""},"geometry":{"type":"Polygon","coordinates":[[[-38.5559493877973,-3.77772751630262],[-38.5568149167382,-3.77722782949138],[-38.5546197482534,-3.77550573360441],[-38.5552533954532,-3.7761540977125],[-38.5543784982814,-3.77581920995453],[-38.5546674531804,-3.7763652748768],[-38.5542421245257,-3.77649614523215],[-38.5536898860855,-3.77607119305799],[-38.5552950360207,-3.77794166779319],[-38.5552303939967,-3.77759141609033],[-38.5559493877973,-3.77772751630262]]]}},{"type":"Feature","properties":{"id":"23044000051","state":"CE","municipality":"2304400","origin":"face","accuracy":"regular","notes":""},"geometry":{"type":"Polygon","coordinates":[[[-38.5737220797101,-3.81890403039665],[-38.5723445264964,-3.81923135729922],[-38.5720041596642,-3.81812103026134],[-38.5714249198241,-3.818303009876],[-38.5707054804922,-3.81768908678846],[-38.5703743327836,-3.81659729396581],[-38.570524238827,-3.81773229686559],[-38.5699888601007,-3.81669723132803],[-38.570110212612,-3.81784651099384],[-38.5694606197574,-3.8179393099731],[-38.5675618098747,-3.81614043745266],[-38.5661239199829,-3.81711600010335],[-38.566862248339,-3.81698990503178],[-38.5708597428288,-3.82071614096686],[-38.5740862919527,-3.82038063696508],[-38.5737220797101,-3.81890403039665]]]}},{"type":"Feature","properties":{"id":"23044000004","state":"CE","municipality":"2304400","origin":"face","accuracy":"regular","notes":""},"geometry":{"type":"Polygon","coordinates":[[[-38.5989797218231,-3.74867095436317],[-38.5970626699867,-3.74935917597247],[-38.597691462989,-3.74948186729002],[-38.5978857667329,-3.750426625253],[-38.5975534352568,-3.75051707528171],[-38.5976785010315,-3.75116384400234],[-38.5965757388202,-3.75181875347867],[-38.5969323104618,-3.75311468052009],[-38.5973754899614,-3.75302988593976],[-38.597571620799,-3.75400313896396],[-38.5970856746087,-3.75409237695668],[-38.5975994445009,-3.75687593622316],[-38.5969629832912,-3.75741271073741],[-38.5964913885394,-3.75885816782203],[-38.594397967934,-3.75939110823257],[-38.5946816916058,-3.76003907175327],[-38.593753838517,-3.76051833471237],[-38.5942829448239,-3.76144235369762],[-38.59329758018,-3.7625427414517],[-38.5939737431064,-3.76395364514884],[-38.5933442774529,-3.76547829332811],[-38.5930828703742,-3.76522086286717],[-38.593343589424,-3.76625798791071],[-38.5914112011729,-3.7673852143905],[-38.5915492289051,-3.76790665249006],[-38.5931863911734,-3.768681141432],[-38.5930614456341,-3.76953254364961],[-38.5925077548233,-3.76935019252288],[-38.595561151339,-3.77249865137962],[-38.5956824007532,-3.77332363881168],[-38.5950957748025,-3.77380158688711],[-38.5945053228368,-3.77633784646672],[-38.5948848991005,-3.77811687057091],[-38.5932439027285,-3.78084866943785],[-38.5930100224045,-3.78223469791563],[-38.5922316993588,-3.78255292852053],[-38.5924885843049,-3.78416708616673],[-38.5913460214104,-3.78452174075651],[-38.5918252843695,-3.78462142745203],[-38.5906443804382,-3.78584834062736],[-38.5900741596684,-3.79027481397042],[-38.5890340568956,-3.78985881306915],[-38.5909211560134,-3.79156113563731],[-38.5905523619501,-3.79205192037008],[-38.5915492289051,-3.79300277808095],[-38.59130384627,-3.79356639132086],[-38.5918252843695,-3.79411850224972],[-38.5921933583221,-3.79365074160166],[-38.5922815427066,-3.79039942168702],[-38.5916412473932,-3.7880050239433],[-38.5925154230307,-3.78738773325202],[-38.5921444486202,-3.7863656763282],[-38.5941449170916,-3.78448148266791],[-38.5939033685602,-3.78259510366088],[-38.5943174517569,-3.7806742177208],[-38.5961233145868,-3.77863064046314],[-38.5959201070922,-3.77534289656362],[-38.5968019509369,-3.77422333829113],[-38.5971891954079,-3.77530072142318],[-38.5976531219524,-3.77511285034323],[-38.5975611034641,-3.77394728282669],[-38.5965527341982,-3.77216825872247],[-38.5947392031609,-3.77001732656201],[-38.5946433505691,-3.76950355666978],[-38.5949002355151,-3.76995981500685],[-38.595183959187,-3.76967609133508],[-38.5946548528801,-3.76930801738254],[-38.5944631476965,-3.76828431170186],[-38.594750705472,-3.76710915892606],[-38.5967751122112,-3.76698646760859],[-38.5956862267681,-3.76629632894745],[-38.595417839511,-3.76314469572835],[-38.5957207337011,-3.7615957178445],[-38.5971593592621,-3.75991983514033],[-38.5977615540105,-3.76087754941818],[-38.5979483479351,-3.76233186574973],[-38.5973310572438,-3.76322137780183],[-38.5981515554298,-3.76366229972416],[-38.5988685328166,-3.76320220728341],[-38.5983268972067,-3.75896271561326],[-38.5988455281945,-3.75875272997103],[-38.5988256829915,-3.75782882860646],[-38.5994321460565,-3.75736861854513],[-38.5997500479104,-3.75496918525032],[-38.6010923129469,-3.75467516071491],[-38.6006782297502,-3.75267375859765],[-38.6014028753444,-3.75247055110299],[-38.6010002944587,-3.75097141656693],[-38.6001649338011,-3.7510837969244],[-38.6001682939617,-3.74880514799175],[-38.5987956848468,-3.74673281495653],[-38.5988186894689,-3.7463225658635],[-38.5996813627953,-3.74583180059339],[-38.5988455281945,-3.7460043352587],[-38.5986078137668,-3.74528544082008],[-38.597737472233,-3.74597749653297],[-38.5989797218231,-3.74867095436317]]]}},{"type":"Feature","properties":{"id":"23044000042","state":"CE","municipality":"2304400","origin":"face","accuracy":"regular","notes":"Aglomerado Subnormal"},"geometry":{"type":"Polygon","coordinates":[[[-38.5494708194023,-3.78300156683605],[-38.5505951147276,-3.78564990693554],[-38.5513268929657,-3.78527152141904],[-38.5516515954142,-3.78559636906283],[-38.5514552898812,-3.78520018880544],[-38.5531506558478,-3.78414727731035],[-38.5525260473338,-3.78224132904468],[-38.5517729479255,-3.78203788512868],[-38.5515373812859,-3.78145967610425],[-38.5515766423925,-3.78209499219282],[-38.5510840939642,-3.78224489823617],[-38.5508485273247,-3.78168810436075],[-38.5508699424737,-3.78230914368328],[-38.550373824854,-3.78244834215214],[-38.5497527855315,-3.78145610691274],[-38.5493244825505,-3.78160958214756],[-38.548906887144,-3.78113131048548],[-38.549117469443,-3.78167739678629],[-38.5486748896959,-3.78181659525512],[-38.5483001245875,-3.78125623218831],[-38.5485178452695,-3.7833085173058],[-38.5494708194023,-3.78300156683605]]]}},{"type":"Feature","properties":{"id":"23044000052","state":"CE","municipality":"2304400","origin":"face","accuracy":"regular","notes":"Aglomerado Subnormal"},"geometry":{"type":"Polygon","coordinates":[[[-38.5106595974985,-3.83811170619986],[-38.5096745006422,-3.83861615193315],[-38.510508806992,-3.84064320199615],[-38.5094841437617,-3.84025798002717],[-38.5085085647493,-3.84082429174652],[-38.5077090658514,-3.84047689043961],[-38.5082013048704,-3.84261079251962],[-38.5091224656888,-3.84225672727202],[-38.509276619985,-3.84263005287329],[-38.5093318582573,-3.84215203098775],[-38.5097934736925,-3.84197595087334],[-38.509951044557,-3.84233891244332],[-38.5100076251829,-3.84187125458909],[-38.5111878378418,-3.84139536238797],[-38.5114907953314,-3.84171012428471],[-38.5114828910065,-3.8412430768836],[-38.5118433538967,-3.8415708983884],[-38.5118302923134,-3.84107651461314],[-38.5106595974985,-3.83811170619986]]]}},{"type":"Feature","properties":{"id":"23044000025","state":"CE","municipality":"2304400","origin":"face","accuracy":"regular","notes":""},"geometry":{"type":"Polygon","coordinates":[[[-38.5311085432589,-3.83291933502051],[-38.5315352394923,-3.83200605536305],[-38.531235803539,-3.83181142199341],[-38.5292520403486,-3.83400479035113],[-38.5299557148388,-3.83531482264667],[-38.5293119275392,-3.83485069691912],[-38.5290873505743,-3.83506778798524],[-38.5304722418581,-3.83622810230415],[-38.5299632007376,-3.83672217162705],[-38.530569558543,-3.83636284848313],[-38.5301802918037,-3.83693177679433],[-38.5307192765196,-3.8364751369656],[-38.5324485191497,-3.83850381554901],[-38.534574514418,-3.84349691006979],[-38.5369475443476,-3.84079450059153],[-38.5311085432589,-3.83291933502051]]]}},{"type":"Feature","properties":{"id":"23044000043","state":"CE","municipality":"2304400","origin":"face","accuracy":"regular","notes":""},"geometry":{"type":"Polygon","coordinates":[[[-38.5388613399788,-3.78470435352307],[-38.5368782358673,-3.78590671026462],[-38.5347129263518,-3.78625768076292],[-38.5349508724526,-3.7872035165127],[-38.5384486801311,-3.7862695780679],[-38.5387639587144,-3.78726300303794],[-38.5385854991389,-3.78605542657733],[-38.539096744345,-3.78535968314741],[-38.5388613399788,-3.78470435352307]]]}},{"type":"Feature","properties":{"id":"23044000037","state":"CE","municipality":"2304400","origin":"face","accuracy":"regular","notes":""},"geometry":{"type":"Polygon","coordinates":[[[-38.5583701324517,-3.72219157060699],[-38.5579882289603,-3.72290183971729],[-38.5593623676911,-3.72246639835322],[-38.557985582491,-3.72184562003799],[-38.5583701324517,-3.72219157060699]]]}},{"type":"Feature","properties":{"id":"23044000001","state":"CE","municipality":"2304400","origin":"face","accuracy":"regular","notes":""},"geometry":{"type":"Polygon","coordinates":[[[-38.614124431331,-3.80288901440147],[-38.6126406332096,-3.80324558604304],[-38.6118316373346,-3.80401624088129],[-38.6122227159093,-3.8043383055898],[-38.6112795264057,-3.8054156887219],[-38.6123952505745,-3.80437281252287],[-38.6130355458879,-3.80500160552522],[-38.6128054996675,-3.80455684949917],[-38.6143008001,-3.80317273807326],[-38.614124431331,-3.80288901440147]]]}},{"type":"Feature","properties":{"id":"23044000055","state":"CE","municipality":"2304400","origin":"face","accuracy":"regular","notes":""},"geometry":{"type":"Polygon","coordinates":[[[-38.4631926023623,-3.79389713682595],[-38.4617030597727,-3.79559131306212],[-38.4610177750029,-3.79569125042439],[-38.4617078186945,-3.79573883964451],[-38.4616892585474,-3.79637781811142],[-38.4643287949926,-3.79659639739094],[-38.4643076177609,-3.79690337329834],[-38.4648684567487,-3.79663780001243],[-38.4649469789619,-3.79695474421846],[-38.4653436351115,-3.79405418125238],[-38.4631926023623,-3.79389713682595]]]}},{"type":"Feature","properties":{"id":"23044000050","state":"CE","municipality":"2304400","origin":"face","accuracy":"regular","notes":"Aglomerado Subnormal"},"geometry":{"type":"Polygon","coordinates":[[[-38.5743280451909,-3.8152229172888],[-38.5744137057872,-3.81683619185084],[-38.5757842753264,-3.8181746386665],[-38.5781470801053,-3.81528716273603],[-38.5785852733493,-3.81553937308344],[-38.5760055652,-3.81249605497612],[-38.576026980349,-3.81314207863926],[-38.5753916642605,-3.81336693770431],[-38.5751668051954,-3.81275303676479],[-38.5752917268983,-3.81341333719388],[-38.5743316143824,-3.8140236689418],[-38.5747991784701,-3.81409505277208],[-38.5743280451909,-3.8152229172888]]]}},{"type":"Feature","properties":{"id":"23044000044","state":"CE","municipality":"2304400","origin":"face","accuracy":"regular","notes":""},"geometry":{"type":"Polygon","coordinates":[[[-38.546477080709,-3.79247657560405],[-38.5465413261561,-3.79323800312587],[-38.5475489236209,-3.79312476131322],[-38.5477857842622,-3.79233142848268],[-38.546477080709,-3.79247657560405]]]}},{"type":"Feature","properties":{"id":"23044000054","state":"CE","municipality":"2304400","origin":"face","accuracy":"regular","notes":"Aglomerado Subnormal"},"geometry":{"type":"Polygon","coordinates":[[[-38.4720306310906,-3.81812808599778],[-38.4689567673336,-3.81848442466072],[-38.4690329100858,-3.81907453099012],[-38.4684513757646,-3.81919399738217],[-38.4690376690077,-3.81923157541657],[-38.4694897665988,-3.82204409832543],[-38.4689205952158,-3.82236219828151],[-38.469537355819,-3.822286803348],[-38.4697134359334,-3.82338611433272],[-38.469946623112,-3.8236573728874],[-38.4701750513686,-3.82330997158046],[-38.4710834343226,-3.82345540976179],[-38.4718415444516,-3.82302022380431],[-38.472059584485,-3.82330045373653],[-38.4720072363431,-3.82300540057179],[-38.4726258962045,-3.82289594536547],[-38.4720306310906,-3.81812808599778]]]}},{"type":"Feature","properties":{"id":"23044000048","state":"CE","municipality":"2304400","origin":"face","accuracy":"regular","notes":""},"geometry":{"type":"Polygon","coordinates":[[[-38.5986878689736,-3.820722031434],[-38.5956037578285,-3.82323202440375],[-38.5943354684588,-3.823735668312],[-38.5944913598082,-3.82402319518821],[-38.5937387905583,-3.82406094913502],[-38.5939555229988,-3.82439825091957],[-38.593302448542,-3.82487594889483],[-38.5940392622171,-3.82594460995039],[-38.5996309955808,-3.82208988312097],[-38.5986878689736,-3.820722031434]]]}},{"type":"Feature","properties":{"id":"23044000049","state":"CE","municipality":"2304400","origin":"face","accuracy":"regular","notes":""},"geometry":{"type":"Polygon","coordinates":[[[-38.5808713250109,-3.81831014897086],[-38.5812270544312,-3.81985977295092],[-38.5858194141725,-3.8178039186418],[-38.5848057637839,-3.81622871545597],[-38.5808713250109,-3.81831014897086]]]}},{"type":"Feature","properties":{"id":"23044000046","state":"CE","municipality":"2304400","origin":"face","accuracy":"regular","notes":"Aglomerado Subnormal"},"geometry":{"type":"Polygon","coordinates":[[[-38.5432024528197,-3.80885554938511],[-38.5435903582744,-3.80867753243907],[-38.5431611954118,-3.80872298506206],[-38.5429193502708,-3.80692862859979],[-38.5420127756276,-3.80718561038844],[-38.5416808408172,-3.80668235438572],[-38.5421167026191,-3.80896802732765],[-38.5405708222581,-3.80943063184732],[-38.5400782738298,-3.80981610453034],[-38.5411561696655,-3.80939850912387],[-38.5402210414902,-3.81099750691977],[-38.5416380105192,-3.81212537143653],[-38.542997872484,-3.81091184632351],[-38.5432905461877,-3.80960909142289],[-38.5432024528197,-3.80885554938511]]]}},{"type":"Feature","properties":{"id":"23044000038","state":"CE","municipality":"2304400","origin":"face","accuracy":"regular","notes":""},"geometry":{"type":"Polygon","coordinates":[[[-38.5658619844016,-3.74535114218048],[-38.5674376131639,-3.74717621665468],[-38.566823286648,-3.74775915671848],[-38.5682319275634,-3.74924394038614],[-38.5682699989396,-3.74870142327683],[-38.5686889728972,-3.74918939091596],[-38.5702211569643,-3.74737844295748],[-38.5671241398882,-3.74422413005988],[-38.5658619844016,-3.74535114218048]]]}},{"type":"Feature","properties":{"id":"23044000059","state":"CE","municipality":"2304400","origin":"face","accuracy":"regular","notes":"Aglomerado Subnormal"},"geometry":{"type":"Polygon","coordinates":[[[-38.5274092240925,-3.75837837349338],[-38.5247947913124,-3.75727787277811],[-38.5270344589841,-3.75880965080064],[-38.5276977337395,-3.7600856367651],[-38.5284085977149,-3.75997856101975],[-38.5286792614044,-3.76033548017063],[-38.5283610084948,-3.75946102825106],[-38.5274092240925,-3.75837837349338]]]}},{"type":"Feature","properties":{"id":"23054070001","state":"CE","municipality":"2305407","origin":"setor","accuracy":"regular","notes":""},"geometry":{"type":"Polygon","coordinates":[[[-38.8245932992618,-6.38074574353705],[-38.8266422748763,-6.38284626570788],[-38.8333175539224,-6.38146739532585],[-38.8338845660421,-6.37905759381694],[-38.8304438334064,-6.37519160209144],[-38.8245932992618,-6.38074574353705]]]}},{"type":"Feature","properties":{"id":"23070070015","state":"CE","municipality":"2307007","origin":"face","accuracy":"regular","notes":""},"geometry":{"type":"Polygon","coordinates":[[[-37.7939619643176,-4.85700601005286],[-37.7934120415471,-4.8552860597851],[-37.7922663691086,-4.85455546011405],[-37.7908915621824,-4.85499686417661],[-37.7900514023942,-4.85665593203534],[-37.7903416394119,-4.8574017502016],[-37.7935495222397,-4.85915213653086],[-37.7939774335634,-4.85769757367136],[-37.8020656873659,-4.86005396424203],[-37.8030635589178,-4.86026037469035],[-37.804899181173,-4.85998229461114],[-37.8047883913829,-4.85970632563359],[-37.8029516740517,-4.86006157459417],[-37.7990917052708,-4.85909884871183],[-37.7950465342261,-4.85706689308704],[-37.7939619643176,-4.85700601005286]]]}},{"type":"Feature","properties":{"id":"23073040001","state":"CE","municipality":"2307304","origin":"face","accuracy":"regular","notes":""},"geometry":{"type":"Polygon","coordinates":[[[-39.3348082163074,-7.24547198273217],[-39.3317854124232,-7.24609172076697],[-39.3311024358135,-7.24692646995671],[-39.3290788014141,-7.24735649226665],[-39.3219328424412,-7.24772327600152],[-39.3221731490262,-7.24881097949116],[-39.3251453620503,-7.24840625261125],[-39.3266251447048,-7.24868450234118],[-39.329382346574,-7.24830507089128],[-39.3316572239788,-7.24741796781098],[-39.3317857148731,-7.24674695980731],[-39.3342896599926,-7.24690117452668],[-39.3348082163074,-7.24625614106191],[-39.3356176700672,-7.24642056135691],[-39.3355923746371,-7.24747032170161],[-39.336123578667,-7.24774857143143],[-39.3365283055469,-7.24615495934195],[-39.3348082163074,-7.24547198273217]]]}},{"type":"Feature","properties":{"id":"23073040003","state":"CE","municipality":"2307304","origin":"face","accuracy":"regular","notes":""},"geometry":{"type":"Polygon","coordinates":[[[-39.3057007847689,-7.22511937985741],[-39.3048788396866,-7.22309499024159],[-39.3058896847833,-7.2232885027961],[-39.305149919633,-7.22157498040099],[-39.3064709155963,-7.21600858686173],[-39.3057589078503,-7.21231050581326],[-39.3019736421798,-7.20823462473624],[-39.2980793957319,-7.20556822838098],[-39.2964592148404,-7.20786409009283],[-39.2952604262883,-7.20718840927266],[-39.2950787916591,-7.20744269775332],[-39.3002299497405,-7.2106249364552],[-39.2997431689345,-7.21130788266055],[-39.2974908995337,-7.2114822519045],[-39.2973455918304,-7.21187458270345],[-39.2999248035636,-7.21159123268189],[-39.3005568920729,-7.21081383646942],[-39.3014432690629,-7.21149678267489],[-39.3006110403672,-7.21281302959763],[-39.302111684498,-7.21365460206863],[-39.302867284555,-7.21558719452225],[-39.3020027037205,-7.21994642562065],[-39.3023659729787,-7.2200481410129],[-39.3023005845123,-7.22282351814558],[-39.3013029598636,-7.22304603025003],[-39.3021044191128,-7.22301968354504],[-39.3041750538845,-7.22698658384457],[-39.3040297461812,-7.22734258771755],[-39.3044148115949,-7.22725540309562],[-39.3062166271156,-7.23271170735381],[-39.3101544658744,-7.2309171572183],[-39.310236000391,-7.23013595970673],[-39.3099001773938,-7.2301179648502],[-39.3086941234566,-7.2274152415692],[-39.3076842349188,-7.22681221460069],[-39.3057007847689,-7.22511937985741]]]}},{"type":"Feature","properties":{"id":"23076010002","state":"CE","municipality":"2307601","origin":"face","accuracy":"regular","notes":""},"geometry":{"type":"Polygon","coordinates":[[[-38.0949918866375,-5.12541031935002],[-38.0959101862198,-5.12714096087053],[-38.0946622406337,-5.12716450701361],[-38.0912362768075,-5.12830649495567],[-38.0900236504361,-5.12648166886265],[-38.0903179772252,-5.12325584725317],[-38.0901296080801,-5.12234932074257],[-38.0898235082195,-5.12238463995722],[-38.0897057775037,-5.12655230729211],[-38.0908713115889,-5.12841245259978],[-38.0900707427224,-5.12867146017426],[-38.0900589696507,-5.12907174460747],[-38.0907771270164,-5.12951912132707],[-38.0913422344516,-5.12931897911041],[-38.0920839379604,-5.13049628626715],[-38.0923782647495,-5.1302608248359],[-38.0916483343124,-5.12911883689385],[-38.0951449365679,-5.12771784137727],[-38.0962869245099,-5.12780025287828],[-38.096910897303,-5.12898933310658],[-38.0972052240922,-5.12881273703301],[-38.0966165705138,-5.12778847980669],[-38.0970404010903,-5.12778847980669],[-38.0970992664481,-5.12722337237142],[-38.0964164282972,-5.12727046465768],[-38.0954510364287,-5.12553982313727],[-38.0949918866375,-5.12541031935002]]]}},{"type":"Feature","properties":{"id":"23076500002","state":"CE","municipality":"2307650","origin":"face","accuracy":"regular","notes":""},"geometry":{"type":"Polygon","coordinates":[[[-38.6303368029527,-3.85711162925334],[-38.6313870707507,-3.85761710573366],[-38.6326619947624,-3.85952106714307],[-38.6332685665388,-3.85918969922819],[-38.6328192541118,-3.85978503819393],[-38.6335681199727,-3.86080704001285],[-38.6352062263802,-3.85945367027903],[-38.6325159682236,-3.85575245916164],[-38.6314544676148,-3.85700491755189],[-38.6300166678484,-3.85652752309813],[-38.6291966726691,-3.85807203456603],[-38.6303368029527,-3.85711162925334]]]}},{"type":"Feature","properties":{"id":"23076500001","state":"CE","municipality":"2307650","origin":"face","accuracy":"regular","notes":""},"geometry":{"type":"Polygon","coordinates":[[[-38.6270823387546,-3.82791897659018],[-38.6261942103303,-3.82765799148315],[-38.6276393666699,-3.82909535722245],[-38.6284534843922,-3.8283942032033],[-38.6276977961715,-3.82738142517555],[-38.6270823387546,-3.82791897659018]]]}},{"type":"Feature","properties":{"id":"23078090002","state":"CE","municipality":"2307809","origin":"face","accuracy":"regular","notes":""},"geometry":{"type":"Polygon","coordinates":[[[-40.1462928263925,-3.1259912228963],[-40.1461597435755,-3.12812054796866],[-40.1451394419783,-3.12866396947157],[-40.1436977114606,-3.13083765548295],[-40.1437284030404,-3.13269508926515],[-40.144965144754,-3.13535179368689],[-40.1444154817702,-3.13672595114645],[-40.1406136461322,-3.14016134479516],[-40.1403388146403,-3.14158130750332],[-40.1414839458566,-3.14781082131976],[-40.1440948450296,-3.15051333099013],[-40.1440948450296,-3.15184168320099],[-40.145881249727,-3.15541449259564],[-40.1452399762459,-3.15972018596881],[-40.1466141337054,-3.1613691749202],[-40.1456522234838,-3.16462134757433],[-40.1465683284567,-3.16553745254737],[-40.1478966806676,-3.16581228403931],[-40.1487669803919,-3.16480456856898],[-40.1494998643704,-3.15839183375801],[-40.1483089279054,-3.15623898707145],[-40.1497746958622,-3.15371969839568],[-40.1490418118838,-3.15028430474689],[-40.1471179914405,-3.14749018457923],[-40.1462476917162,-3.14373415418994],[-40.147576043927,-3.13782527711403],[-40.1476218491757,-3.13040482683267],[-40.1468251576606,-3.12600231313111],[-40.1462928263925,-3.1259912228963]]]}},{"type":"Feature","properties":{"id":"23082030003","state":"CE","municipality":"2308203","origin":"face","accuracy":"regular","notes":""},"geometry":{"type":"Polygon","coordinates":[[[-40.4540821609799,-3.5420960902212],[-40.4528642282977,-3.54305178859387],[-40.4529574671634,-3.5437044606532],[-40.4542919397223,-3.54198944311054],[-40.4542919484276,-3.54119866613968],[-40.4540821609799,-3.5420960902212]]]}},{"type":"Feature","properties":{"id":"23082030005","state":"CE","municipality":"2308203","origin":"face","accuracy":"regular","notes":""},"geometry":{"type":"Polygon","coordinates":[[[-40.4563234532115,-3.53946861268815],[-40.4573883607554,-3.53869920304913],[-40.4566133756841,-3.53907833243652],[-40.4565018670408,-3.53840928057644],[-40.4558941449346,-3.53835910168699],[-40.4567543986965,-3.53758766234069],[-40.4556432504871,-3.53837582798343],[-40.4526436679812,-3.53878840996378],[-40.4518575320457,-3.5381862632898],[-40.449298408681,-3.53876610823518],[-40.4480383610112,-3.53753951315837],[-40.4435278363881,-3.53868247675264],[-40.447731712242,-3.53771235155559],[-40.4490252125048,-3.53882186255674],[-40.4497555941186,-3.53902257811485],[-40.4514653733282,-3.53854931729706],[-40.4538591121936,-3.53952436700979],[-40.4544556834355,-3.5390671815722],[-40.4568020465771,-3.54234207043015],[-40.4563234532115,-3.53946861268815]]]}},{"type":"Feature","properties":{"id":"23087080005","state":"CE","municipality":"2308708","origin":"face","accuracy":"regular","notes":""},"geometry":{"type":"Polygon","coordinates":[[[-38.3758399745351,-5.1183834786146],[-38.375388383567,-5.11796919871951],[-38.368549163513,-5.11884510511748],[-38.3659525176945,-5.12055548614672],[-38.3661188931723,-5.12105853902035],[-38.36525730578,-5.12153199970199],[-38.3644967320385,-5.12359746904792],[-38.3649839739312,-5.12356195931694],[-38.3659168649713,-5.121715465896],[-38.3701832082884,-5.11917061023543],[-38.3735463696692,-5.11905816350338],[-38.3754299772116,-5.11956713481539],[-38.3758399745351,-5.1183834786146]]]}},{"type":"Feature","properties":{"id":"23088070001","state":"CE","municipality":"2308807","origin":"setor","accuracy":"regular","notes":""},"geometry":{"type":"Polygon","coordinates":[[[-40.6865534722703,-3.46593865593437],[-40.6847418181744,-3.46241599519217],[-40.6804139778339,-3.46224824944252],[-40.680397203259,-3.46535154581066],[-40.6811520591323,-3.46726384735645],[-40.6802797812342,-3.46739804395615],[-40.6791894338616,-3.46912582517733],[-40.6800449371847,-3.46941099295168],[-40.6815546489314,-3.46909227602739],[-40.6821082099052,-3.46969616072605],[-40.6850940842486,-3.47041746744947],[-40.6865534722703,-3.46593865593437]]]}},{"type":"Feature","properties":{"id":"23089060003","state":"CE","municipality":"2308906","origin":"setor","accuracy":"regular","notes":""},"geometry":{"type":"Polygon","coordinates":[[[-40.1270051083794,-3.22588120807882],[-40.1254353795417,-3.22592737657404],[-40.1256200535226,-3.22934384522069],[-40.1264741706843,-3.22941309796351],[-40.1271205296174,-3.23222937617222],[-40.1278361412934,-3.23356826253374],[-40.1286902584551,-3.23354517828614],[-40.1290365221693,-3.23407611598121],[-40.1288980166836,-3.23518415986661],[-40.1293366173882,-3.23587668729498],[-40.1300983975594,-3.23543808659033],[-40.1312295256925,-3.2325525556388],[-40.1303984927784,-3.22551186011703],[-40.1292442803978,-3.22551186011703],[-40.1284363317313,-3.22391904703176],[-40.1272590351031,-3.22424222649836],[-40.1270051083794,-3.22588120807882]]]}},{"type":"Feature","properties":{"id":"23098050001","state":"CE","municipality":"2309805","origin":"face","accuracy":"regular","notes":""},"geometry":{"type":"Polygon","coordinates":[[[-38.9210942295335,-4.22577822615581],[-38.9209061884017,-4.22580009140377],[-38.9217370678216,-4.22674467011267],[-38.9217370678216,-4.22621553111372],[-38.9210942295335,-4.22577822615581]]]}},{"type":"Feature","properties":{"id":"23098050003","state":"CE","municipality":"2309805","origin":"face","accuracy":"regular","notes":""},"geometry":{"type":"Polygon","coordinates":[[[-38.9186671870176,-4.22735252400408],[-38.9185884721251,-4.22587443324653],[-38.9190717917297,-4.2256554506385],[-38.9175258210776,-4.22562954247019],[-38.916485035278,-4.22493422758725],[-38.9163582168401,-4.22536715949549],[-38.9177575927052,-4.22794725874668],[-38.9181424210682,-4.22812218072988],[-38.9183479543983,-4.22769362187121],[-38.9186671870176,-4.22735252400408]]]}},{"type":"Feature","properties":{"id":"23129080025","state":"CE","municipality":"2312908","origin":"face","accuracy":"regular","notes":""},"geometry":{"type":"Polygon","coordinates":[[[-40.2367646570135,-3.67320781721791],[-40.2368359607893,-3.67250810353934],[-40.2355406088632,-3.67154747878217],[-40.2345780078905,-3.67337385089163],[-40.2346077177971,-3.67500453711674],[-40.2353326395172,-3.67482664421886],[-40.2366874112565,-3.67339164021197],[-40.2377153740235,-3.6748740823284],[-40.2379292853508,-3.67457759410218],[-40.2367646570135,-3.67320781721791]]]}},{"type":"Feature","properties":{"id":"23129080016","state":"CE","municipality":"2312908","origin":"face","accuracy":"regular","notes":""},"geometry":{"type":"Polygon","coordinates":[[[-40.3736503943729,-3.68155892070999],[-40.3697108607627,-3.68305320866105],[-40.3699485400152,-3.68357502290986],[-40.3690394168744,-3.68415613387169],[-40.3697286867067,-3.68580458943469],[-40.3702991169126,-3.68606549579055],[-40.3711131683525,-3.68573343314255],[-40.3741554627845,-3.68238908099201],[-40.3736503943729,-3.68155892070999]]]}},{"type":"Feature","properties":{"id":"23129080012","state":"CE","municipality":"2312908","origin":"face","accuracy":"regular","notes":""},"geometry":{"type":"Polygon","coordinates":[[[-40.3432309357094,-3.69657063686969],[-40.3421673210545,-3.69575827870794],[-40.3424166636762,-3.69505678283064],[-40.3418541292321,-3.69567048688599],[-40.3412938498015,-3.69547958632181],[-40.3412903574168,-3.69489801929893],[-40.3403312488289,-3.6964223963849],[-40.3391785044543,-3.70055533181241],[-40.3426486215408,-3.70137361516338],[-40.3432309357094,-3.69657063686969]]]}},{"type":"Feature","properties":{"id":"23129080001","state":"CE","municipality":"2312908","origin":"setor","accuracy":"regular","notes":""},"geometry":{"type":"Polygon","coordinates":[[[-40.5245351848294,-3.70945427248297],[-40.5230378055386,-3.70833951965071],[-40.5218018734256,-3.70086826759874],[-40.5223009998559,-3.69994325105333],[-40.5217543375751,-3.69970606716819],[-40.5177613261331,-3.70060736559398],[-40.5146477279254,-3.70302663578101],[-40.5118431127459,-3.70293176256487],[-40.5099892145764,-3.70350100170923],[-40.5045938955447,-3.70720104722222],[-40.5032628917307,-3.70691642888607],[-40.500529580327,-3.70746194728322],[-40.4987469859332,-3.70611000976952],[-40.4968693198385,-3.70639462836518],[-40.4869580950092,-3.71128056663713],[-40.4846050704095,-3.71351006347288],[-40.483321602446,-3.71600045221679],[-40.4856746270457,-3.72086261949826],[-40.4972733745677,-3.72366131825562],[-40.5035481068337,-3.72750358510719],[-40.5064002578637,-3.7354015253441],[-40.5091335692674,-3.73706174398553],[-40.5143387448971,-3.73869824214264],[-40.5207085488641,-3.73632650468904],[-40.5263890829988,-3.73120352991388],[-40.5300731114126,-3.727171538017],[-40.5329727982931,-3.72233312334402],[-40.5333530850971,-3.71986647033721],[-40.5325925114891,-3.71775557910856],[-40.5310000604973,-3.71668827263108],[-40.5287896434491,-3.71626134967845],[-40.5261751716716,-3.71656968294274],[-40.5236795395204,-3.71464852777072],[-40.5236557715951,-3.71343890940554],[-40.5247728640819,-3.71066389630592],[-40.5245351848294,-3.70945427248297]]]}},{"type":"Feature","properties":{"id":"23141020002","state":"CE","municipality":"2314102","origin":"face","accuracy":"regular","notes":""},"geometry":{"type":"Polygon","coordinates":[[[-41.0884197989456,-3.56005039035992],[-41.087271456456,-3.5624654159774],[-41.0884460968652,-3.56225064963392],[-41.0891035448555,-3.56040979526126],[-41.0884197989456,-3.56005039035992]]]}}]}