{"type":"FeatureCollection","features":[{"type":"Feature","properties":{"id":"21004770001","state":"MA","municipality":"2100477","origin":"","accuracy":"","notes":"Sem associacao de dados do Censo Demografico 2010"},"geometry":{"type":"Polygon","coordinates":[[[-45.8571783984108,-3.66340999965842],[-45.8547248223759,-3.66546120533441],[-45.8541221896655,-3.66381809330901],[-45.8531859567049,-3.66406509727027],[-45.8524111432201,-3.66353887135764],[-45.849602444338,-3.66440875484205],[-45.8492580827893,-3.6651390267438],[-45.852056020373,-3.66667474365056],[-45.852217439849,-3.66712579287033],[-45.8549938548359,-3.66813528315658],[-45.857641134242,-3.66404361866766],[-45.8571783984108,-3.66340999965842]]]}},{"type":"Feature","properties":{"id":"21009560003","state":"MA","municipality":"2100956","origin":"","accuracy":"","notes":"Sem associacao de dados do Censo Demografico 2010"},"geometry":{"type":"Polygon","coordinates":[[[-46.0050148758404,-4.89512585029497],[-46.0053974029758,-4.89624935988018],[-46.0054339925279,-4.89528493141288],[-46.0058464565695,-4.89498996847681],[-46.0054107082674,-4.89476128925713],[-46.0050148758404,-4.89512585029497]]]}},{"type":"Feature","properties":{"id":"21017720001","state":"MA","municipality":"2101772","origin":"","accuracy":"","notes":"Sem associacao de dados do Censo Demografico 2010"},"geometry":{"type":"Polygon","coordinates":[[[-45.2213924493648,-3.77262542000932],[-45.2215737204259,-3.77207405386504],[-45.2182216466976,-3.77085873491423],[-45.2147084674495,-3.77460191450421],[-45.2133107812228,-3.77665114815846],[-45.2134089697144,-3.77711187877214],[-45.213937676976,-3.7772327261463],[-45.2147987145163,-3.77653785374531],[-45.2173667212155,-3.77332029241035],[-45.2193212026875,-3.77261833578946],[-45.2213924493648,-3.77262542000932]]]}},{"type":"Feature","properties":{"id":"21021010001","state":"MA","municipality":"2102101","origin":"","accuracy":"","notes":"Sem associacao de dados do Censo Demografico 2010"},"geometry":{"type":"Polygon","coordinates":[[[-42.7568894624594,-3.68582039381613],[-42.7565768877975,-3.68592436984986],[-42.7575146117832,-3.68731071580462],[-42.7579938929315,-3.68733844270167],[-42.7568894624594,-3.68582039381613]]]}},{"type":"Feature","properties":{"id":"21021010004","state":"MA","municipality":"2102101","origin":"","accuracy":"","notes":"Sem associacao de dados do Censo Demografico 2010"},"geometry":{"type":"Polygon","coordinates":[[[-42.6838045139936,-3.68834462521652],[-42.6828320594899,-3.68371422666653],[-42.6814428387703,-3.68069197749109],[-42.6820263114725,-3.67861244228562],[-42.6810816413832,-3.67683790173967],[-42.6794979297629,-3.67625562985338],[-42.6782754155296,-3.67647744775964],[-42.6829431971475,-3.68898234288806],[-42.6835822386784,-3.68870507439143],[-42.6838045139936,-3.68834462521652]]]}},{"type":"Feature","properties":{"id":"21021010002","state":"MA","municipality":"2102101","origin":"","accuracy":"","notes":"Sem associacao de dados do Censo Demografico 2010"},"geometry":{"type":"Polygon","coordinates":[[[-42.7540647860181,-3.68198258658645],[-42.7538668220656,-3.68205666983121],[-42.7559719255873,-3.68270782229641],[-42.7556738943298,-3.68240650729271],[-42.7540647860181,-3.68198258658645]]]}},{"type":"Feature","properties":{"id":"21021010003","state":"MA","municipality":"2102101","origin":"","accuracy":"","notes":"Sem associacao de dados do Censo Demografico 2010"},"geometry":{"type":"Polygon","coordinates":[[[-42.7542553697356,-3.67583625522353],[-42.7543595612896,-3.67601994826748],[-42.7564868055165,-3.67437364133514],[-42.7561620751733,-3.67431818673295],[-42.7542553697356,-3.67583625522353]]]}},{"type":"Feature","properties":{"id":"21022000001","state":"MA","municipality":"2102200","origin":"","accuracy":"","notes":"Sem associacao de dados do Censo Demografico 2010"},"geometry":{"type":"Polygon","coordinates":[[[-42.8517691426683,-4.02513852330503],[-42.8514129747989,-4.02470807650601],[-42.8510020118726,-4.02485839128707],[-42.8501732366379,-4.02370369975682],[-42.8473786887389,-4.02433912192573],[-42.8446183877505,-4.02399749716536],[-42.8427964521105,-4.02146263696783],[-42.84224165216,-4.0209433654421],[-42.8416800028273,-4.02119616872622],[-42.8419882250221,-4.02249434651747],[-42.8437759137515,-4.02482422883928],[-42.8452690790505,-4.02460558913936],[-42.8459951135537,-4.02511802584357],[-42.8472280023326,-4.02496087862189],[-42.8514403723273,-4.02595158886009],[-42.8517691426683,-4.02513852330503]]]}},{"type":"Feature","properties":{"id":"21027050002","state":"MA","municipality":"2102705","origin":"","accuracy":"","notes":"Sem associacao de dados do Censo Demografico 2010"},"geometry":{"type":"Polygon","coordinates":[[[-44.3647728693738,-3.63799330114401],[-44.3603559950863,-3.63666901622055],[-44.3562234689289,-3.63487176928438],[-44.3515032899694,-3.63167455272573],[-44.3430865853186,-3.62427739883659],[-44.3419871058822,-3.62388010752874],[-44.3417785839201,-3.62599899248732],[-44.3452665876493,-3.62866651024014],[-44.3495318096007,-3.63318802943184],[-44.3572281656553,-3.63795546445892],[-44.3674078287126,-3.63963919540778],[-44.3672561763765,-3.63820140288364],[-44.3647728693738,-3.63799330114401]]]}},{"type":"Feature","properties":{"id":"21038020007","state":"MA","municipality":"2103802","origin":"","accuracy":"","notes":"Sem associacao de dados do Censo Demografico 2010"},"geometry":{"type":"Polygon","coordinates":[[[-44.4384447566572,-5.03299771926382],[-44.4384932407585,-5.03325300421802],[-44.4390161764222,-5.03319090788703],[-44.4388118505668,-5.03282177957491],[-44.4384447566572,-5.03299771926382]]]}},{"type":"Feature","properties":{"id":"21038020003","state":"MA","municipality":"2103802","origin":"","accuracy":"","notes":"Sem associacao de dados do Censo Demografico 2010"},"geometry":{"type":"Polygon","coordinates":[[[-44.4406629042901,-5.04509087140541],[-44.4405676676626,-5.04528923103136],[-44.4411148453769,-5.0454030721806],[-44.4410334613498,-5.04502532647219],[-44.4406629042901,-5.04509087140541]]]}},{"type":"Feature","properties":{"id":"21038020005","state":"MA","municipality":"2103802","origin":"","accuracy":"","notes":"Sem associacao de dados do Censo Demografico 2010"},"geometry":{"type":"Polygon","coordinates":[[[-44.4409590036228,-5.03476401311167],[-44.4405607413625,-5.03500894801264],[-44.4408066250189,-5.03515383903741],[-44.4410248034746,-5.03495030163629],[-44.4409590036228,-5.03476401311167]]]}},{"type":"Feature","properties":{"id":"21038020001","state":"MA","municipality":"2103802","origin":"","accuracy":"","notes":"Sem associacao de dados do Censo Demografico 2010"},"geometry":{"type":"Polygon","coordinates":[[[-44.4357002102106,-5.04536167540135],[-44.4349036856899,-5.04603437273671],[-44.4346093179322,-5.04688990475062],[-44.4359045360659,-5.04569284956129],[-44.4357002102106,-5.04536167540135]]]}},{"type":"Feature","properties":{"id":"21038020004","state":"MA","municipality":"2103802","origin":"","accuracy":"","notes":"Sem associacao de dados do Censo Demografico 2010"},"geometry":{"type":"Polygon","coordinates":[[[-44.4440654492539,-5.0346605194638],[-44.443954628451,-5.03495547631677],[-44.4443528907114,-5.0349485767428],[-44.4443857906373,-5.03485198269938],[-44.4440654492539,-5.0346605194638]]]}},{"type":"Feature","properties":{"id":"21038020002","state":"MA","municipality":"2103802","origin":"","accuracy":"","notes":"Sem associacao de dados do Censo Demografico 2010"},"geometry":{"type":"Polygon","coordinates":[[[-44.4339080300389,-5.0415186628976],[-44.434025777142,-5.04182396588965],[-44.4343617027007,-5.04172564799262],[-44.4342214451221,-5.04140309619086],[-44.4339080300389,-5.0415186628976]]]}},{"type":"Feature","properties":{"id":"21038020006","state":"MA","municipality":"2103802","origin":"","accuracy":"","notes":"Sem associacao de dados do Censo Demografico 2010"},"geometry":{"type":"Polygon","coordinates":[[[-44.4401555528019,-5.03377392320566],[-44.4395875961871,-5.03379807175789],[-44.4399616163968,-5.03423274554459],[-44.4407789198182,-5.03402230827143],[-44.4401555528019,-5.03377392320566]]]}},{"type":"Feature","properties":{"id":"21040080002","state":"MA","municipality":"2104008","origin":"","accuracy":"","notes":"Sem associacao de dados do Censo Demografico 2010"},"geometry":{"type":"Polygon","coordinates":[[[-44.8807770131277,-4.87221181686695],[-44.8808130227759,-4.87243506724566],[-44.8810930978171,-4.87241513417914],[-44.8810030736967,-4.87216198418304],[-44.8807770131277,-4.87221181686695]]]}},{"type":"Feature","properties":{"id":"21040080001","state":"MA","municipality":"2104008","origin":"","accuracy":"","notes":"Sem associacao de dados do Censo Demografico 2010"},"geometry":{"type":"Polygon","coordinates":[[[-44.8828535695048,-4.88481936709349],[-44.8826755218,-4.88482335363317],[-44.8828635721848,-4.88582198107686],[-44.8828535695048,-4.88481936709349]]]}},{"type":"Feature","properties":{"id":"21048000005","state":"MA","municipality":"2104800","origin":"","accuracy":"","notes":"Sem associacao de dados do Censo Demografico 2010"},"geometry":{"type":"Polygon","coordinates":[[[-46.1308173126688,-5.81118251116391],[-46.1307162990179,-5.81040220000149],[-46.1293674688335,-5.8110997510526],[-46.1290584860602,-5.81170862984937],[-46.1302884762321,-5.81192144092172],[-46.1308173126688,-5.81118251116391]]]}},{"type":"Feature","properties":{"id":"21048000002","state":"MA","municipality":"2104800","origin":"","accuracy":"","notes":"Sem associacao de dados do Censo Demografico 2010"},"geometry":{"type":"Polygon","coordinates":[[[-46.1519851233148,-5.82585050859405],[-46.1506660040328,-5.82366923804483],[-46.1483961673492,-5.82406529587666],[-46.1486397882956,-5.8253421371299],[-46.1492399283799,-5.82594508939435],[-46.1518187478369,-5.82646528244681],[-46.1519851233148,-5.82585050859405]]]}},{"type":"Feature","properties":{"id":"21051040001","state":"MA","municipality":"2105104","origin":"","accuracy":"","notes":"Sem associacao de dados do Censo Demografico 2010"},"geometry":{"type":"Polygon","coordinates":[[[-43.8235216751124,-2.60610528031606],[-43.822132069885,-2.60629563719652],[-43.8215800349316,-2.60599106618776],[-43.8198097159433,-2.60713320747056],[-43.8202285010803,-2.60886545508282],[-43.8227412119026,-2.60873220526652],[-43.8237691390571,-2.60917002609154],[-43.8235216751124,-2.60610528031606]]]}},{"type":"Feature","properties":{"id":"21051530001","state":"MA","municipality":"2105153","origin":"","accuracy":"","notes":"Sem associacao de dados do Censo Demografico 2010"},"geometry":{"type":"Polygon","coordinates":[[[-45.0471081518974,-3.71724918587655],[-45.0482488119999,-3.71742393299997],[-45.0489659384609,-3.71856294369542],[-45.0493537114186,-3.71848995113879],[-45.0489117950237,-3.71628036916514],[-45.0479713062863,-3.7154531923237],[-45.0465878175441,-3.71581022167647],[-45.0471081518974,-3.71724918587655]]]}},{"type":"Feature","properties":{"id":"21057080012","state":"MA","municipality":"2105708","origin":"","accuracy":"","notes":"Sem associacao de dados do Censo Demografico 2010"},"geometry":{"type":"Polygon","coordinates":[[[-45.2745761888657,-4.93107029477544],[-45.2742644260582,-4.93035769407271],[-45.273240062548,-4.93062491933623],[-45.2731064499162,-4.93133752003898],[-45.2731509874601,-4.93182743302213],[-45.2740417383386,-4.93182743302213],[-45.2745761888657,-4.93107029477544]]]}},{"type":"Feature","properties":{"id":"21057080013","state":"MA","municipality":"2105708","origin":"","accuracy":"","notes":"Sem associacao de dados do Censo Demografico 2010"},"geometry":{"type":"Polygon","coordinates":[[[-45.2712804106155,-4.93231734600525],[-45.2698552092099,-4.93311902179585],[-45.2689199207876,-4.93485598600881],[-45.2691426085072,-4.93694925057313],[-45.2703451221931,-4.93739462601235],[-45.2710577228958,-4.93619211232647],[-45.270968647808,-4.93512321127234],[-45.27212662395,-4.93347532214723],[-45.2712804106155,-4.93231734600525]]]}},{"type":"Feature","properties":{"id":"21057080006","state":"MA","municipality":"2105708","origin":"","accuracy":"","notes":"Sem associacao de dados do Censo Demografico 2010"},"geometry":{"type":"Polygon","coordinates":[[[-45.1699872494132,-4.79783272059793],[-45.1714719216824,-4.79364382383825],[-45.1705174895093,-4.79316660775176],[-45.1680253610574,-4.79836296069409],[-45.1699872494132,-4.79783272059793]]]}},{"type":"Feature","properties":{"id":"21057080010","state":"MA","municipality":"2105708","origin":"","accuracy":"","notes":"Sem associacao de dados do Censo Demografico 2010"},"geometry":{"type":"Polygon","coordinates":[[[-45.1503282764549,-4.87293232376563],[-45.1499969201018,-4.87482578864087],[-45.145831297376,-4.87870739163538],[-45.1463993368386,-4.8802458318466],[-45.149499885572,-4.87811568386183],[-45.1514643553801,-4.87600920418806],[-45.1529554589695,-4.87189091808416],[-45.1539021914071,-4.87146488848714],[-45.1542808843823,-4.87013946307445],[-45.1532394787008,-4.86907438908207],[-45.1503282764549,-4.87293232376563]]]}},{"type":"Feature","properties":{"id":"21057080007","state":"MA","municipality":"2105708","origin":"","accuracy":"","notes":"Sem associacao de dados do Censo Demografico 2010"},"geometry":{"type":"Polygon","coordinates":[[[-45.3610992971258,-4.78060476327454],[-45.3586371440175,-4.78183583982868],[-45.356727719158,-4.78110724350071],[-45.3559739988187,-4.7813584836138],[-45.3557730067283,-4.78010228304835],[-45.3546424262194,-4.77972542287873],[-45.3533862256539,-4.78007715903704],[-45.3530344894956,-4.78110724350071],[-45.35120043667,-4.78294129632628],[-45.3498939880819,-4.78361964463162],[-45.34851216746,-4.78578030960422],[-45.3487131595504,-4.7868606420905],[-45.3480850592677,-4.78887056299522],[-45.3466027426004,-4.79110660000173],[-45.3446681937296,-4.79248842062373],[-45.3448691858201,-4.79316676892908],[-45.3455224101142,-4.79316676892908],[-45.3471805948606,-4.79196081638625],[-45.3487885315843,-4.79012676356069],[-45.3497683680254,-4.7874133703393],[-45.3495924999462,-4.78598130169467],[-45.350547212376,-4.78439848898221],[-45.352984241473,-4.78243881610012],[-45.3536123417557,-4.78238856807748],[-45.3548434183098,-4.78123286355727],[-45.3552956505134,-4.78236344406618],[-45.356727719158,-4.78206195593048],[-45.3586371440175,-4.7829664203376],[-45.362581613793,-4.78060476327454],[-45.3631343420418,-4.77977567090134],[-45.3627072338496,-4.77927319067515],[-45.3621293815895,-4.77934856270908],[-45.3610992971258,-4.78060476327454]]]}},{"type":"Feature","properties":{"id":"21057080014","state":"MA","municipality":"2105708","origin":"","accuracy":"","notes":"Sem associacao de dados do Censo Demografico 2010"},"geometry":{"type":"Polygon","coordinates":[[[-45.273228928162,-4.95409620498303],[-45.2723604460556,-4.95516510603715],[-45.2725051930733,-4.95557707831844],[-45.2740862758825,-4.95477540252784],[-45.2740862758825,-4.95438569901854],[-45.273228928162,-4.95409620498303]]]}},{"type":"Feature","properties":{"id":"21057080009","state":"MA","municipality":"2105708","origin":"","accuracy":"","notes":"Sem associacao de dados do Censo Demografico 2010"},"geometry":{"type":"Polygon","coordinates":[[[-45.1873563371094,-4.86584246539174],[-45.1874671180243,-4.86750417911504],[-45.18929500312,-4.86883355009367],[-45.1904582027263,-4.87049526381699],[-45.1901258599816,-4.87210158708285],[-45.1916214023326,-4.87730829008255],[-45.1912336691305,-4.87985625112496],[-45.1916214023326,-4.88129640301849],[-45.1906797645561,-4.88317967857156],[-45.1899042981518,-4.88639232510329],[-45.1876886798541,-4.88966036209246],[-45.1876886798541,-4.896971902475],[-45.1888518794604,-4.89907673985787],[-45.1919537450773,-4.90118157724073],[-45.1949448297792,-4.90456039514479],[-45.1963295912153,-4.90350797645335],[-45.1952217820664,-4.90118157724073],[-45.1937262397155,-4.89940908260251],[-45.1902920313539,-4.89702729293245],[-45.1898489076944,-4.89586409332615],[-45.1902920313539,-4.89342691319863],[-45.1900150790667,-4.89049121895412],[-45.1907351550135,-4.88855255294359],[-45.1927846019389,-4.88578303007142],[-45.1934492874282,-4.88301350719923],[-45.1936154588006,-4.87586813818901],[-45.1927846019389,-4.869498235583],[-45.1913444500454,-4.86728261728527],[-45.1906797645561,-4.86490082761518],[-45.1899042981518,-4.86451309441308],[-45.1873563371094,-4.86584246539174]]]}},{"type":"Feature","properties":{"id":"21057080011","state":"MA","municipality":"2105708","origin":"","accuracy":"","notes":"Sem associacao de dados do Censo Demografico 2010"},"geometry":{"type":"Polygon","coordinates":[[[-45.1356012979032,-4.8978972257852],[-45.1343734318769,-4.89945567112631],[-45.1334131776768,-4.90249385244794],[-45.1358531678574,-4.90318649482175],[-45.1370810338837,-4.90151785637573],[-45.136404133382,-4.90118727706079],[-45.1363411658935,-4.9001010878838],[-45.1375218063034,-4.8979444514016],[-45.1372699363492,-4.89681103660808],[-45.1356012979032,-4.8978972257852]]]}},{"type":"Feature","properties":{"id":"21057080008","state":"MA","municipality":"2105708","origin":"","accuracy":"","notes":"Sem associacao de dados do Censo Demografico 2010"},"geometry":{"type":"Polygon","coordinates":[[[-45.3124857368508,-4.81181006550567],[-45.3148522733085,-4.8101568815768],[-45.3157445476134,-4.80548574728862],[-45.3148479158972,-4.80556318366405],[-45.3140671479552,-4.80969836837044],[-45.3136274777572,-4.81026365862489],[-45.3112406966829,-4.81199721540521],[-45.3110271425868,-4.81303358087168],[-45.309306147812,-4.81538267592908],[-45.3071454828395,-4.81634052886022],[-45.308065790664,-4.8173201329492],[-45.3108385630992,-4.81513777910022],[-45.3124857368508,-4.81181006550567]]]}},{"type":"Feature","properties":{"id":"21057080015","state":"MA","municipality":"2105708","origin":"","accuracy":"","notes":"Sem associacao de dados do Censo Demografico 2010"},"geometry":{"type":"Polygon","coordinates":[[[-45.2440368090085,-4.76037687385862],[-45.24464366149,-4.76209504192964],[-45.2462252615629,-4.76189734192053],[-45.2441988364694,-4.75725139170625],[-45.241813363378,-4.75822438925888],[-45.2440368090085,-4.76037687385862]]]}},{"type":"Feature","properties":{"id":"21057080005","state":"MA","municipality":"2105708","origin":"","accuracy":"","notes":"Sem associacao de dados do Censo Demografico 2010"},"geometry":{"type":"Polygon","coordinates":[[[-45.1554586707785,-4.8164971719827],[-45.1557237908265,-4.81575483584816],[-45.1572084630957,-4.81586088386735],[-45.1568372950284,-4.81453528362693],[-45.1547163346438,-4.81458830763653],[-45.1540800465283,-4.81660322000198],[-45.1554586707785,-4.8164971719827]]]}},{"type":"Feature","properties":{"id":"21059060003","state":"MA","municipality":"2105906","origin":"","accuracy":"","notes":"Sem associacao de dados do Censo Demografico 2010"},"geometry":{"type":"Polygon","coordinates":[[[-44.6912197949999,-3.88052370099997],[-44.691163844,-3.88133951099997],[-44.6923696739999,-3.88104908799994],[-44.692022884,-3.88041311199995],[-44.6912197949999,-3.88052370099997]]]}},{"type":"Feature","properties":{"id":"21059060001","state":"MA","municipality":"2105906","origin":"","accuracy":"","notes":"Sem associacao de dados do Censo Demografico 2010"},"geometry":{"type":"MultiPolygon","coordinates":[[[[-44.7099569538169,-3.91072322619517],[-44.704896863669,-3.90873631393351],[-44.7062655779998,-3.90961434999992],[-44.708438457,-3.91017463499991],[-44.7099569538169,-3.91072322619517]]],[[[-44.7099646508303,-3.91072721416288],[-44.712848412,-3.9127312679999],[-44.713987742,-3.91144240099993],[-44.713430183,-3.91061085799987],[-44.7111700949999,-3.91118660899992],[-44.7099646508303,-3.91072721416288]]],[[[-44.7044232952516,-3.90838469251436],[-44.7029465039999,-3.90663678599988],[-44.701811394,-3.90400822199998],[-44.7021357409999,-3.90060026899982],[-44.7015261819999,-3.89710651199995],[-44.701630887,-3.89309610099987],[-44.7008436199999,-3.89044332599991],[-44.6997599859999,-3.88956636799993],[-44.6996567849999,-3.89259762199993],[-44.7011002139998,-3.89641766899997],[-44.701709191,-3.89996797399984],[-44.701321832,-3.90323067199996],[-44.702129036,-3.90587181099988],[-44.7032080389999,-3.90714578399998],[-44.7044232952516,-3.90838469251436]]]]}},{"type":"Feature","properties":{"id":"21059060004","state":"MA","municipality":"2105906","origin":"","accuracy":"","notes":"Sem associacao de dados do Censo Demografico 2010"},"geometry":{"type":"Polygon","coordinates":[[[-44.680358471,-3.87783001099995],[-44.6779963269999,-3.87720371299999],[-44.677584806,-3.87791145999994],[-44.6800184799999,-3.87905729299996],[-44.6815346879999,-3.87818777099994],[-44.6830041119999,-3.87798043799995],[-44.6828516369999,-3.87737279899994],[-44.6814501389999,-3.87732755299995],[-44.680358471,-3.87783001099995]]]}},{"type":"Feature","properties":{"id":"21059060002","state":"MA","municipality":"2105906","origin":"","accuracy":"","notes":"Sem associacao de dados do Censo Demografico 2010"},"geometry":{"type":"Polygon","coordinates":[[[-44.69346512,-3.88124187499995],[-44.69369963,-3.88211282599998],[-44.694810671,-3.88341531999995],[-44.6962542259999,-3.88365134799996],[-44.696780647,-3.88531112199995],[-44.6971837359999,-3.88535358099995],[-44.6978075979999,-3.88388657899998],[-44.697585272,-3.88354073499995],[-44.6940907969999,-3.88095338199997],[-44.69346512,-3.88124187499995]]]}},{"type":"Feature","properties":{"id":"21059630004","state":"MA","municipality":"2105963","origin":"","accuracy":"","notes":"Sem associacao de dados do Censo Demografico 2010"},"geometry":{"type":"Polygon","coordinates":[[[-45.4786450270317,-4.88521441955202],[-45.4782732797781,-4.88577947537751],[-45.4789424248346,-4.88598021889448],[-45.478882945274,-4.88543003295911],[-45.4786450270317,-4.88521441955202]]]}},{"type":"Feature","properties":{"id":"21059630005","state":"MA","municipality":"2105963","origin":"","accuracy":"","notes":"Sem associacao de dados do Censo Demografico 2010"},"geometry":{"type":"Polygon","coordinates":[[[-45.4685854389369,-4.95095726053575],[-45.4695180266093,-4.95249603019517],[-45.4703806702062,-4.95613312211743],[-45.4700542645209,-4.95697245102257],[-45.4677461100317,-4.95867442352463],[-45.4664638019822,-4.96109915147282],[-45.466487116674,-4.96277780928308],[-45.4669767252021,-4.96394354387355],[-45.4627800806764,-4.96608849552],[-45.4614511432433,-4.96506264908039],[-45.4590963593705,-4.9658320339101],[-45.4584435479998,-4.96681125096609],[-45.4601688351937,-4.9671143419596],[-45.4612646257088,-4.96634495712989],[-45.462337101532,-4.96718428603503],[-45.4631064863617,-4.96718428603503],[-45.4642022768767,-4.96625169836267],[-45.4656244730771,-4.96597192206095],[-45.4680492010253,-4.96438652301791],[-45.467349760271,-4.96102920739739],[-45.468935159314,-4.95865110883284],[-45.4707303905833,-4.95739211547513],[-45.4713365725704,-4.95638958372734],[-45.4700309498291,-4.95128366622108],[-45.4689584740058,-4.95030444916511],[-45.4685854389369,-4.95095726053575]]]}},{"type":"Feature","properties":{"id":"21059630002","state":"MA","municipality":"2105963","origin":"","accuracy":"","notes":"Sem associacao de dados do Censo Demografico 2010"},"geometry":{"type":"Polygon","coordinates":[[[-45.3703932889122,-4.850989748205],[-45.3688480210115,-4.85533581417573],[-45.369089469121,-4.85944043203698],[-45.3652745889911,-4.86412452536099],[-45.3630532663839,-4.86344847065444],[-45.3606387852891,-4.8609374103158],[-45.3598178617168,-4.86224123010702],[-45.3603973371795,-4.86330360178873],[-45.3644536654189,-4.86639413759014],[-45.3662403814291,-4.86538005553031],[-45.3678822285736,-4.86359333952012],[-45.3709244747531,-4.85861950846472],[-45.3707796058874,-4.85639818585748],[-45.3701035511809,-4.85533581417573],[-45.3721800049224,-4.85161751328966],[-45.3715039502159,-4.85055514160792],[-45.3703932889122,-4.850989748205]]]}},{"type":"Feature","properties":{"id":"21059630001","state":"MA","municipality":"2105963","origin":"","accuracy":"","notes":"Sem associacao de dados do Censo Demografico 2010"},"geometry":{"type":"Polygon","coordinates":[[[-45.3730975077384,-4.83684088898918],[-45.3729526388728,-4.83524733146657],[-45.3724214530319,-4.8348610144914],[-45.3735804039574,-4.83278456074983],[-45.3734355350917,-4.83162560982429],[-45.3725180322757,-4.83152903058051],[-45.3712625021064,-4.83461956638192],[-45.3713107917282,-4.83601996541693],[-45.3720834256786,-4.83742036445194],[-45.3727594803852,-4.83751694369574],[-45.3730975077384,-4.83684088898918]]]}},{"type":"Feature","properties":{"id":"21059630006","state":"MA","municipality":"2105963","origin":"","accuracy":"","notes":"Sem associacao de dados do Censo Demografico 2010"},"geometry":{"type":"Polygon","coordinates":[[[-45.42815201144,-4.9690370828128],[-45.4294813105193,-4.96907676338231],[-45.4318916398455,-4.96821380596924],[-45.4323677542802,-4.96964214927358],[-45.4336473118237,-4.97017777801278],[-45.4353732266498,-4.96988020649105],[-45.4362361840629,-4.96877919186056],[-45.4377240416717,-4.96895773477353],[-45.4381703989542,-4.96848162033882],[-45.4396880137152,-4.96848162033882],[-45.4418602858239,-4.96764842007786],[-45.443734986411,-4.96854113464317],[-45.4457287156066,-4.96880894901267],[-45.4486449165197,-4.96851137749088],[-45.4493293310198,-4.96776744868662],[-45.4491210309546,-4.96711279133867],[-45.4465916730197,-4.96651764829528],[-45.4452228440196,-4.96711279133867],[-45.4439135293239,-4.96711279133867],[-45.4411758713239,-4.96613080531699],[-45.438289427563,-4.96705327703439],[-45.4368908414108,-4.96678546266486],[-45.4336175546715,-4.96857089179531],[-45.4331711973888,-4.96738060570835],[-45.4320999399106,-4.96690449127347],[-45.4280978339883,-4.9675441930303],[-45.42815201144,-4.9690370828128]]]}},{"type":"Feature","properties":{"id":"21059630003","state":"MA","municipality":"2105963","origin":"","accuracy":"","notes":"Sem associacao de dados do Censo Demografico 2010"},"geometry":{"type":"Polygon","coordinates":[[[-45.2785687155818,-4.90988946676953],[-45.2815849596572,-4.91287104137286],[-45.2838731448178,-4.91609530228108],[-45.2844971953163,-4.9172393948614],[-45.2844310556449,-4.919521213522],[-45.2853464039999,-4.92034554799989],[-45.2851510794293,-4.92124367526556],[-45.2856066184245,-4.92074101154668],[-45.2864386857557,-4.91640732753026],[-45.2833877722081,-4.9132870750384],[-45.2825903743491,-4.91169227932045],[-45.2797128081622,-4.90812132369093],[-45.2789500797752,-4.90600648589083],[-45.2779793345556,-4.90538243539254],[-45.2788460713588,-4.9043423512286],[-45.2792621050245,-4.90299024181548],[-45.2789500797753,-4.90177681029093],[-45.2784763727327,-4.90156837919217],[-45.278009207,-4.90272493399993],[-45.2778192251917,-4.9084813333094],[-45.2785687155818,-4.90988946676953]]]}},{"type":"Feature","properties":{"id":"21067550001","state":"MA","municipality":"2106755","origin":"","accuracy":"","notes":"Sem associacao de dados do Censo Demografico 2010"},"geometry":{"type":"Polygon","coordinates":[[[-44.3856275859999,-3.46247966099991],[-44.385099295,-3.47465799499987],[-44.392622526,-3.48609543899995],[-44.393063882,-3.48773101999989],[-44.3974256559999,-3.49507912199995],[-44.3988714149224,-3.49908111413459],[-44.4041839249979,-3.49630958635141],[-44.4036049030818,-3.49138790006488],[-44.3937615305085,-3.47604381928886],[-44.3920244647604,-3.46041022755481],[-44.389274110659,-3.45577805222616],[-44.3865072487699,-3.45619727372446],[-44.3856275859999,-3.46247966099991]]]}},{"type":"Feature","properties":{"id":"21087020003","state":"MA","municipality":"2108702","origin":"","accuracy":"","notes":"Sem associacao de dados do Censo Demografico 2010"},"geometry":{"type":"Polygon","coordinates":[[[-45.1178889379819,-3.74878739447559],[-45.1186956295407,-3.74899530467117],[-45.1191158556723,-3.74841899716534],[-45.1188120592502,-3.74775615990553],[-45.1177891410879,-3.74715737854216],[-45.1169244994047,-3.7476529215171],[-45.1178889379819,-3.74878739447559]]]}},{"type":"Feature","properties":{"id":"21087020002","state":"MA","municipality":"2108702","origin":"","accuracy":"","notes":"Sem associacao de dados do Censo Demografico 2010"},"geometry":{"type":"Polygon","coordinates":[[[-45.0957744749999,-3.73493714499989],[-45.094378453065,-3.73543540171506],[-45.0941580682576,-3.73595101900004],[-45.0946528945231,-3.73615892919567],[-45.0963660745347,-3.73518175127646],[-45.0974305747362,-3.73411725107498],[-45.097344804225,-3.73335405884092],[-45.0957744749999,-3.73493714499989]]]}},{"type":"Feature","properties":{"id":"21087020001","state":"MA","municipality":"2108702","origin":"","accuracy":"","notes":"Sem associacao de dados do Censo Demografico 2010"},"geometry":{"type":"Polygon","coordinates":[[[-45.0849559630011,-3.72140146351302],[-45.0847064707664,-3.72190876439032],[-45.0868271547613,-3.72445358518423],[-45.0865693461188,-3.72665743325736],[-45.0869519008787,-3.72786331239183],[-45.0875174166106,-3.72797974210135],[-45.0884322214713,-3.7273975935537],[-45.0878334401079,-3.72575926121243],[-45.0883612251666,-3.72265520292769],[-45.0849559630011,-3.72140146351302]]]}},{"type":"Feature","properties":{"id":"21089000001","state":"MA","municipality":"2108900","origin":"","accuracy":"","notes":"Sem associacao de dados do Censo Demografico 2010"},"geometry":{"type":"Polygon","coordinates":[[[-45.1556120119999,-4.84089576099995],[-45.1559868369999,-4.83540725299997],[-45.1566829399999,-4.83369376699995],[-45.1564681220344,-4.8331298692765],[-45.1540612388188,-4.8328193037002],[-45.1532740163425,-4.84163619543604],[-45.1564274401974,-4.84206069480103],[-45.1556120119999,-4.84089576099995]]]}},{"type":"Feature","properties":{"id":"21091060003","state":"MA","municipality":"2109106","origin":"","accuracy":"","notes":"Sem associacao de dados do Censo Demografico 2010"},"geometry":{"type":"Polygon","coordinates":[[[-44.483830882846,-5.30894147481564],[-44.4832730969013,-5.30894147481564],[-44.4837151159519,-5.30985315730932],[-44.4840834651606,-5.3098321991062],[-44.4840624166344,-5.30935016023815],[-44.483830882846,-5.30894147481564]]]}},{"type":"Feature","properties":{"id":"21093040001","state":"MA","municipality":"2109304","origin":"","accuracy":"","notes":"Sem associacao de dados do Censo Demografico 2010"},"geometry":{"type":"Polygon","coordinates":[[[-43.9783505470912,-3.36239511425546],[-43.9785923227197,-3.36134009333129],[-43.9771416689489,-3.36068070525367],[-43.9760646684222,-3.36054882763813],[-43.9727457484315,-3.36160384856232],[-43.9710533190323,-3.36149395054937],[-43.9688553587736,-3.3621313590244],[-43.9645913158717,-3.36206542021665],[-43.9633604581269,-3.36303252273048],[-43.9635362949476,-3.36393368643655],[-43.965162785539,-3.36450515610382],[-43.9689652567866,-3.36749438205566],[-43.9703060125444,-3.37074736323852],[-43.9707895638013,-3.37360471157486],[-43.9690311955943,-3.37780281566898],[-43.9692290120176,-3.37855012215695],[-43.9699103796978,-3.37887981619573],[-43.9708994618142,-3.3787918977854],[-43.9728556464445,-3.37775885646379],[-43.9741084837919,-3.37553891660251],[-43.9730095036626,-3.36624154470818],[-43.9734271161117,-3.36421942127016],[-43.9736688917402,-3.36395566603913],[-43.9760646684222,-3.36496672775814],[-43.9783505470912,-3.36239511425546]]]}},{"type":"Feature","properties":{"id":"21096010003","state":"MA","municipality":"2109601","origin":"","accuracy":"","notes":"Sem associacao de dados do Censo Demografico 2010"},"geometry":{"type":"Polygon","coordinates":[[[-44.2325726129168,-2.92009169711015],[-44.2319777219756,-2.92157525229697],[-44.2325432355864,-2.92200122358824],[-44.2328002872277,-2.92170010595131],[-44.2342911867471,-2.92209669991212],[-44.2341443000949,-2.9202165507645],[-44.2325726129168,-2.92009169711015]]]}},{"type":"Feature","properties":{"id":"21096010004","state":"MA","municipality":"2109601","origin":"","accuracy":"","notes":"Sem associacao de dados do Censo Demografico 2010"},"geometry":{"type":"Polygon","coordinates":[[[-44.2233226845271,-3.11314115858807],[-44.2220534093635,-3.11328924069047],[-44.2218301656914,-3.11436754974795],[-44.2229253233279,-3.11472558205215],[-44.2234097199748,-3.11537004019966],[-44.2242155370922,-3.11466399091586],[-44.2233226845271,-3.11314115858807]]]}},{"type":"Feature","properties":{"id":"21101040001","state":"MA","municipality":"2110104","origin":"","accuracy":"","notes":"Sem associacao de dados do Censo Demografico 2010"},"geometry":{"type":"Polygon","coordinates":[[[-42.5335726211121,-3.4863341502657],[-42.5302163486434,-3.48357989976449],[-42.5260322959695,-3.48177383386206],[-42.5216676367053,-3.48383575910067],[-42.5283801816427,-3.48705657662666],[-42.5329856496938,-3.4926553809242],[-42.5363268716133,-3.49038274799696],[-42.5362817199658,-3.48979577657867],[-42.5335726211121,-3.4863341502657]]]}},{"type":"Feature","properties":{"id":"21101040002","state":"MA","municipality":"2110104","origin":"","accuracy":"","notes":"Sem associacao de dados do Censo Demografico 2010"},"geometry":{"type":"Polygon","coordinates":[[[-42.5665634249298,-3.52039354307565],[-42.568911310603,-3.52055909911673],[-42.5704163655217,-3.52138687932199],[-42.5715602072599,-3.5215072837155],[-42.5724933413095,-3.52123637383013],[-42.573095363277,-3.51998717824762],[-42.5732910204164,-3.51824131454194],[-42.5723879874652,-3.51548706404074],[-42.5732910204164,-3.51324453221189],[-42.5733211215148,-3.51179967948993],[-42.5715301061615,-3.508503609218],[-42.5700551523412,-3.50705875649605],[-42.5677373677664,-3.50717916088955],[-42.5670751436022,-3.5076005762668],[-42.5686404007176,-3.51375625088423],[-42.5698143435542,-3.51562251898342],[-42.5695283831197,-3.51649545083626],[-42.5672858512908,-3.51526130580294],[-42.5661570601018,-3.51998717824762],[-42.5665634249298,-3.52039354307565]]]}},{"type":"Feature","properties":{"id":"21101040003","state":"MA","municipality":"2110104","origin":"","accuracy":"","notes":"Sem associacao de dados do Censo Demografico 2010"},"geometry":{"type":"Polygon","coordinates":[[[-42.5619278557803,-3.51614928820496],[-42.5603023964681,-3.51766939367283],[-42.5593542118693,-3.52015273428868],[-42.5593090602218,-3.52224476062565],[-42.5605883569026,-3.52495385947929],[-42.5629964447726,-3.52302738918337],[-42.5621536140181,-3.52167283975656],[-42.5633727085022,-3.51846707277973],[-42.5645466513388,-3.51777474751714],[-42.5663527172412,-3.51756403982853],[-42.5668343348152,-3.51572787282771],[-42.5662323128477,-3.51526130580294],[-42.5619278557803,-3.51614928820496]]]}},{"type":"Feature","properties":{"id":"21102780003","state":"MA","municipality":"2110278","origin":"","accuracy":"","notes":"Sem associacao de dados do Censo Demografico 2010"},"geometry":{"type":"Polygon","coordinates":[[[-43.1866883826411,-2.54455910612425],[-43.1856349483551,-2.54437099285888],[-43.1839607402935,-2.54467197408345],[-43.1828132493749,-2.54512344592029],[-43.1825122681503,-2.54649667275736],[-43.1834716458036,-2.54792633357402],[-43.1848260613141,-2.54860354132928],[-43.1876665716209,-2.54845305071702],[-43.1877606282536,-2.54642142745121],[-43.1871022318249,-2.54514225724684],[-43.1866883826411,-2.54455910612425]]]}},{"type":"Feature","properties":{"id":"21102780002","state":"MA","municipality":"2110278","origin":"","accuracy":"","notes":"Sem associacao de dados do Censo Demografico 2010"},"geometry":{"type":"Polygon","coordinates":[[[-43.2467059199513,-2.50881758570756],[-43.2454925893898,-2.51072693535089],[-43.2453703157673,-2.512137784841],[-43.2457183253082,-2.51253282269825],[-43.247326693727,-2.51214719050427],[-43.2482954770435,-2.51136652045307],[-43.2491043640845,-2.50932549152402],[-43.2486152695946,-2.50873293473816],[-43.2467059199513,-2.50881758570756]]]}},{"type":"Feature","properties":{"id":"21115080001","state":"MA","municipality":"2111508","origin":"","accuracy":"","notes":"Sem associacao de dados do Censo Demografico 2010"},"geometry":{"type":"Polygon","coordinates":[[[-44.6150410393693,-3.87916313771337],[-44.6127252183294,-3.87997367507734],[-44.6039765610681,-3.87994794373249],[-44.6033332774459,-3.88028245121599],[-44.6036806506019,-3.8817234065296],[-44.6129053377436,-3.88237955582424],[-44.613175516865,-3.88280412301486],[-44.6141890134015,-3.88290209926237],[-44.6150410393693,-3.87916313771337]]]}},{"type":"Feature","properties":{"id":"21115080002","state":"MA","municipality":"2111508","origin":"","accuracy":"","notes":"Sem associacao de dados do Censo Demografico 2010"},"geometry":{"type":"Polygon","coordinates":[[[-44.6237557669999,-4.02115730599996],[-44.6251770149342,-4.02086058058945],[-44.6247996519174,-4.0203381614333],[-44.6226703831281,-4.0203059972522],[-44.6222974938484,-4.02146166036624],[-44.6237557669999,-4.02115730599996]]]}},{"type":"Feature","properties":{"id":"21115320001","state":"MA","municipality":"2111532","origin":"","accuracy":"","notes":"Sem associacao de dados do Censo Demografico 2010"},"geometry":{"type":"Polygon","coordinates":[[[-48.5056483168985,-5.18817344782277],[-48.5036425160911,-5.1874530075645],[-48.4995815915057,-5.18507882362038],[-48.4950274372135,-5.1818040724975],[-48.4926722653638,-5.17929887642863],[-48.488068788101,-5.17756324457148],[-48.4850600868899,-5.17733400981909],[-48.4836954847013,-5.1766790529257],[-48.4810484852751,-5.1745176903655],[-48.4732431251661,-5.17059610838588],[-48.4709372762871,-5.16872945957846],[-48.4690301214211,-5.16809086793398],[-48.466169389122,-5.16800899716378],[-48.4598231668954,-5.17010488554896],[-48.4588860304526,-5.16997389272808],[-48.4567651427137,-5.16877858198596],[-48.4518246251512,-5.16485696446706],[-48.4455934898561,-5.16300667303713],[-48.4409653511079,-5.16335053291492],[-48.4395678669389,-5.16407100062557],[-48.4385320845547,-5.16541368826513],[-48.4381046188089,-5.16768970105887],[-48.4388937863397,-5.16885226559012],[-48.4443028721235,-5.16845928626897],[-48.4489227903766,-5.17026043948855],[-48.4509614731644,-5.17147212149921],[-48.4540605998217,-5.17472236516692],[-48.4602917351168,-5.17650712662879],[-48.4599300333319,-5.1785047435759],[-48.4605383499702,-5.18027312052437],[-48.4713359703,-5.18457123830833],[-48.4823349927602,-5.1867980611615],[-48.4879824729023,-5.18958157867975],[-48.4947068379041,-5.18912311781555],[-48.5007858940396,-5.19142360557878],[-48.5055208992242,-5.19134173783084],[-48.5064909176475,-5.19009734675372],[-48.5056483168985,-5.18817344782277]]]}},{"type":"Feature","properties":{"id":"21117220002","state":"MA","municipality":"2111722","origin":"","accuracy":"","notes":"Sem associacao de dados do Censo Demografico 2010"},"geometry":{"type":"Polygon","coordinates":[[[-45.2169170503219,-3.77700329316373],[-45.2167282063289,-3.7776213280496],[-45.2171402295862,-3.7783166172962],[-45.2167625416004,-3.78109777428261],[-45.2175093337542,-3.78093468174327],[-45.2177067615649,-3.77859129946769],[-45.2190372533331,-3.77665994044936],[-45.2174921661184,-3.77647109645645],[-45.2176724262935,-3.77681444917083],[-45.2169170503219,-3.77700329316373]]]}},{"type":"Feature","properties":{"id":"21122090008","state":"MA","municipality":"2112209","origin":"","accuracy":"","notes":"Sem associacao de dados do Censo Demografico 2010"},"geometry":{"type":"Polygon","coordinates":[[[-42.8277634167785,-5.11308931370756],[-42.8276947889102,-5.11340059011006],[-42.8283222437059,-5.11345941399717],[-42.8282732237999,-5.11318000053349],[-42.8277634167785,-5.11308931370756]]]}},{"type":"Feature","properties":{"id":"21127040001","state":"MA","municipality":"2112704","origin":"","accuracy":"","notes":"Sem associacao de dados do Censo Demografico 2010"},"geometry":{"type":"Polygon","coordinates":[[[-43.8717970391217,-3.55019616968949],[-43.8668387488421,-3.54980176023542],[-43.8645568084293,-3.55039337441651],[-43.8633172358594,-3.55180197960958],[-43.8635144405864,-3.55315424059493],[-43.8640497105598,-3.55368951056832],[-43.8684163866583,-3.55312606849109],[-43.8709800481097,-3.55335144532198],[-43.8738254305997,-3.55433746895712],[-43.8746987658194,-3.55222456116751],[-43.874388872677,-3.55149208646712],[-43.8717970391217,-3.55019616968949]]]}},{"type":"Feature","properties":{"id":"21127040002","state":"MA","municipality":"2112704","origin":"","accuracy":"","notes":"Sem associacao de dados do Censo Demografico 2010"},"geometry":{"type":"Polygon","coordinates":[[[-43.8797838305664,-3.51017769615423],[-43.8769666201803,-3.50690973210632],[-43.8752199497409,-3.50690973210632],[-43.8690784310991,-3.5100650077388],[-43.8663739091284,-3.51220608763226],[-43.8650779923507,-3.5137837254485],[-43.8649653039353,-3.52291148709963],[-43.8673317606597,-3.52646117218619],[-43.871726608862,-3.52516525540854],[-43.8757270476104,-3.52341858496914],[-43.8829391061989,-3.52178460294518],[-43.8872212659859,-3.51851663889725],[-43.8875593312322,-3.51581211692653],[-43.8797838305664,-3.51017769615423]]]}},{"type":"Feature","properties":{"id":"21004360002","state":"MA","municipality":"2100436","origin":"face","accuracy":"boa","notes":""},"geometry":{"type":"Polygon","coordinates":[[[-44.4369388474591,-4.20754640391786],[-44.4379988468986,-4.2077814275607],[-44.4381296775349,-4.20744292696868],[-44.4363829828369,-4.20642943989445],[-44.4301608585884,-4.20624937352449],[-44.4300983595725,-4.20799463043567],[-44.4323691571498,-4.20765527522996],[-44.4359802114012,-4.20811236587815],[-44.4369388474591,-4.20754640391786]]]}},{"type":"Feature","properties":{"id":"21004360001","state":"MA","municipality":"2100436","origin":"face","accuracy":"boa","notes":""},"geometry":{"type":"Polygon","coordinates":[[[-44.4334871951007,-4.19940682064173],[-44.4328344276014,-4.19192703832536],[-44.4316261132943,-4.19156689885135],[-44.4309455684546,-4.18951687099354],[-44.4302094689341,-4.18951687099354],[-44.4310983438267,-4.19752303036349],[-44.4318344433472,-4.2006672954209],[-44.4348899507907,-4.20365918344439],[-44.4375982414792,-4.20431019459529],[-44.437792682862,-4.20331290069578],[-44.4359316010555,-4.20192776816341],[-44.4334871951007,-4.19940682064173]]]}},{"type":"Feature","properties":{"id":"21004770002","state":"MA","municipality":"2100477","origin":"face","accuracy":"boa","notes":""},"geometry":{"type":"Polygon","coordinates":[[[-45.8447060535666,-3.66473093369572],[-45.8437805819042,-3.6640812062219],[-45.8418005029989,-3.66507459101174],[-45.8419565418256,-3.66536455176943],[-45.8428712521895,-3.66518198389592],[-45.8428927747863,-3.66568673027881],[-45.8442217951386,-3.66626128166566],[-45.8445177308446,-3.66536455176943],[-45.8465139516975,-3.66592836408471],[-45.8469444036335,-3.66524104997672],[-45.8466484679276,-3.66511754816694],[-45.8447060535666,-3.66473093369572]]]}},{"type":"Feature","properties":{"id":"21005010002","state":"MA","municipality":"2100501","origin":"face","accuracy":"boa","notes":""},"geometry":{"type":"Polygon","coordinates":[[[-45.9336885366494,-9.10503146796268],[-45.9330629135387,-9.10220153879329],[-45.9326317408542,-9.10180918696368],[-45.9338491696103,-9.10720189993498],[-45.9349482372372,-9.10791980914833],[-45.9336885366494,-9.10503146796268]]]}},{"type":"Feature","properties":{"id":"21009070001","state":"MA","municipality":"2100907","origin":"face","accuracy":"boa","notes":""},"geometry":{"type":"Polygon","coordinates":[[[-41.9080017071,-2.8765400568995],[-41.9053717062999,-2.87901108566719],[-41.9028650882534,-2.87943913735019],[-41.8978453583311,-2.87901757129996],[-41.8960855306352,-2.87957857839399],[-41.8950659994609,-2.880512508666],[-41.8946049375922,-2.88678084721825],[-41.8927152333136,-2.89063976581307],[-41.8935074804682,-2.89234546850636],[-41.8944555795221,-2.89272811628679],[-41.8963063208259,-2.89253354963492],[-41.9015013841348,-2.8911586110102],[-41.9029235327156,-2.89161908592391],[-41.9037352613576,-2.89269568851381],[-41.9042028170554,-2.89262434740994],[-41.9044625702209,-2.89193363558143],[-41.9019364706869,-2.89074029208854],[-41.902228692998,-2.88860978169975],[-41.8988778771638,-2.88744561984387],[-41.898222000421,-2.88496163819117],[-41.9054950890535,-2.88014607083808],[-41.9076835094724,-2.87769774427261],[-41.9089822752996,-2.87451977611965],[-41.9087939542547,-2.87095265846684],[-41.9085017319435,-2.8708878016791],[-41.9082095096324,-2.87152988371541],[-41.9086251146971,-2.87409820825058],[-41.9080017071,-2.8765400568995]]]}},{"type":"Feature","properties":{"id":"21009560001","state":"MA","municipality":"2100956","origin":"face","accuracy":"boa","notes":""},"geometry":{"type":"Polygon","coordinates":[[[-46.01419552709,-4.88904676903697],[-46.0133938832671,-4.88814198624392],[-46.012046722486,-4.88939476209368],[-46.0126255026734,-4.88955053035549],[-46.0132741356422,-4.89063427874973],[-46.013919442288,-4.89057130870752],[-46.01419552709,-4.88904676903697]]]}},{"type":"Feature","properties":{"id":"21023250004","state":"MA","municipality":"2102325","origin":"face","accuracy":"boa","notes":""},"geometry":{"type":"Polygon","coordinates":[[[-46.4657390238366,-4.32355118022992],[-46.4656773883776,-4.32171761959686],[-46.4636639633844,-4.32129251971066],[-46.4634533755663,-4.32279829413795],[-46.4642700453977,-4.32399676552386],[-46.4657390238366,-4.32355118022992]]]}},{"type":"Feature","properties":{"id":"21023250002","state":"MA","municipality":"2102325","origin":"face","accuracy":"boa","notes":""},"geometry":{"type":"Polygon","coordinates":[[[-46.472254405479,-4.312339758347],[-46.4698865765967,-4.31189416620803],[-46.4698763040203,-4.31329240273309],[-46.4721054531199,-4.31345629842102],[-46.472254405479,-4.312339758347]]]}},{"type":"Feature","properties":{"id":"21023250003","state":"MA","municipality":"2102325","origin":"face","accuracy":"boa","notes":""},"geometry":{"type":"Polygon","coordinates":[[[-46.471011423723,-4.31341532450236],[-46.4704053417098,-4.31333337665841],[-46.4681556474572,-4.31358946364142],[-46.465726183116,-4.31402993304984],[-46.4651611914087,-4.31463429763738],[-46.4665428529474,-4.3147520974592],[-46.4709395156876,-4.31382506359069],[-46.471011423723,-4.31341532450236]]]}},{"type":"Feature","properties":{"id":"21023250001","state":"MA","municipality":"2102325","origin":"face","accuracy":"boa","notes":""},"geometry":{"type":"Polygon","coordinates":[[[-46.4513343034454,-4.31082371965696],[-46.4508001294676,-4.31134101698233],[-46.4513908026161,-4.31318996791019],[-46.4521817910063,-4.31366628971949],[-46.4524899683012,-4.31450113260017],[-46.4532809566914,-4.31439357620692],[-46.4533220469973,-4.31296461125118],[-46.4518992951527,-4.31106956397431],[-46.4513343034454,-4.31082371965696]]]}},{"type":"Feature","properties":{"id":"21027050003","state":"MA","municipality":"2102705","origin":"face","accuracy":"boa","notes":""},"geometry":{"type":"Polygon","coordinates":[[[-44.3668391324524,-3.64401877296332],[-44.3671140023115,-3.6444822691249],[-44.371758355103,-3.63857031039483],[-44.3725450515963,-3.63901489104099],[-44.3739478357048,-3.63803113782751],[-44.37456392332,-3.63657442436587],[-44.3736540093037,-3.63561904607714],[-44.3711233109458,-3.63735007728135],[-44.3680049597858,-3.63817302537652],[-44.3668391324524,-3.64401877296332]]]}},{"type":"Feature","properties":{"id":"21031580001","state":"MA","municipality":"2103158","origin":"face","accuracy":"boa","notes":""},"geometry":{"type":"Polygon","coordinates":[[[-46.0427298623794,-2.44606228745196],[-46.043112149319,-2.44535744590693],[-46.0427179159125,-2.44514240950339],[-46.0423714683734,-2.44569194697914],[-46.0399463355999,-2.44663571786145],[-46.036051787402,-2.44262170499493],[-46.0349288195167,-2.44241861505824],[-46.0339611557007,-2.44400749515124],[-46.0321094533367,-2.4440194416181],[-46.029959089301,-2.44523798123829],[-46.0299351963673,-2.44704189773487],[-46.0288839072832,-2.44779452514733],[-46.029433444759,-2.44860688489412],[-46.0286330314791,-2.4489891718338],[-46.0293976053584,-2.44949092344211],[-46.0286449779459,-2.45004046091788],[-46.028812228482,-2.4506736236617],[-46.0306161449786,-2.45094839239959],[-46.031727166397,-2.45171296627895],[-46.0325873120113,-2.45143819754105],[-46.0341881385711,-2.44988515684864],[-46.034200085038,-2.44718525533724],[-46.0346301578451,-2.44646846732534],[-46.0340567274356,-2.4459786621839],[-46.0339133698332,-2.444557032627],[-46.0343553891072,-2.44446146089209],[-46.0344151214415,-2.44502294483473],[-46.0362668238056,-2.44502294483473],[-46.0360876268026,-2.44677907546384],[-46.0367327360133,-2.44534549944008],[-46.0378915432992,-2.44700605833426],[-46.0403883548739,-2.44895333243319],[-46.0406033912774,-2.4506736236617],[-46.0401016396691,-2.45119926820376],[-46.0404480872082,-2.45152182280911],[-46.0410215176177,-2.45092449946587],[-46.04276570178,-2.45104396413452],[-46.0433271857226,-2.45006435385161],[-46.0429807381835,-2.4489533324332],[-46.0407706418135,-2.44708968360232],[-46.0427298623794,-2.44606228745196]]]}},{"type":"Feature","properties":{"id":"21034060004","state":"MA","municipality":"2103406","origin":"face","accuracy":"boa","notes":""},"geometry":{"type":"Polygon","coordinates":[[[-43.0117417777969,-4.24510250101318],[-43.0120899582364,-4.24604045648299],[-43.0151169963436,-4.24706545706272],[-43.0152117426946,-4.24789393324815],[-43.0146089564115,-4.24935926073549],[-43.0153799081041,-4.24788083880636],[-43.0153656966576,-4.24715072574178],[-43.0167886177396,-4.24793413173078],[-43.018657422956,-4.2469748590912],[-43.0179326391839,-4.24551818582368],[-43.0161491026466,-4.24636376689118],[-43.0157511821442,-4.2461008551307],[-43.0143797775558,-4.24373464928638],[-43.013498667872,-4.24518421683062],[-43.0119851488184,-4.24345752607939],[-43.0104787354881,-4.24425336708406],[-43.0117417777969,-4.24510250101318]]]}},{"type":"Feature","properties":{"id":"21035050003","state":"MA","municipality":"2103505","origin":"face","accuracy":"boa","notes":""},"geometry":{"type":"Polygon","coordinates":[[[-44.2329808996115,-6.04957853102594],[-44.2316979717259,-6.05035532878959],[-44.2320858336448,-6.05081385472338],[-44.2326906812526,-6.05051985872822],[-44.2335016652649,-6.05137487415944],[-44.2337511988071,-6.0511941612322],[-44.2329808996115,-6.04957853102594]]]}},{"type":"Feature","properties":{"id":"21035050002","state":"MA","municipality":"2103505","origin":"face","accuracy":"boa","notes":""},"geometry":{"type":"Polygon","coordinates":[[[-44.2472721195468,-6.01857044365967],[-44.2469086685179,-6.01884557540134],[-44.2479068026869,-6.02071215177418],[-44.2493931546558,-6.02158609573286],[-44.2472721195468,-6.01857044365967]]]}},{"type":"Feature","properties":{"id":"21035540003","state":"MA","municipality":"2103554","origin":"setor","accuracy":"boa","notes":""},"geometry":{"type":"Polygon","coordinates":[[[-44.8831483301216,-3.74559098296533],[-44.8866848378747,-3.74857803223057],[-44.8879299005294,-3.74884237238224],[-44.8894266247843,-3.74407102035424],[-44.8868499009999,-3.74237654399991],[-44.8864952589999,-3.74098776099994],[-44.8859006449999,-3.74085661199991],[-44.8841776139999,-3.74214361999997],[-44.8834070129999,-3.74360832199995],[-44.884071692,-3.74548075499997],[-44.8833922466671,-3.74539287027365],[-44.8831483301216,-3.74559098296533]]]}},{"type":"Feature","properties":{"id":"21038020009","state":"MA","municipality":"2103802","origin":"face","accuracy":"boa","notes":""},"geometry":{"type":"Polygon","coordinates":[[[-44.4384845828833,-5.038967134965],[-44.4415356181129,-5.04005036048643],[-44.4418750068218,-5.03978127915606],[-44.4414940603118,-5.03904992933611],[-44.43912526565,-5.03778041448663],[-44.4391841392016,-5.03694901890757],[-44.4377815634149,-5.03803569756317],[-44.4369954283445,-5.03748028425333],[-44.4367010605867,-5.03831857869303],[-44.4358144941636,-5.03613142138759],[-44.4351357167459,-5.03604172708235],[-44.4357313785614,-5.03883604385584],[-44.4372551646012,-5.04017455183206],[-44.4379547209194,-5.03922931710397],[-44.4384845828833,-5.038967134965]]]}},{"type":"Feature","properties":{"id":"21038020008","state":"MA","municipality":"2103802","origin":"face","accuracy":"boa","notes":""},"geometry":{"type":"Polygon","coordinates":[[[-44.4379088341807,-5.02736460702927],[-44.4375443376337,-5.02649266261857],[-44.4379330762314,-5.026393479946],[-44.4371149070225,-5.02584150653576],[-44.4372629566889,-5.0251687883098],[-44.436328771952,-5.02421792578657],[-44.4359963095433,-5.02475610120823],[-44.4368240024149,-5.0264810194274],[-44.4379088341807,-5.02736460702927]]]}},{"type":"Feature","properties":{"id":"21039010002","state":"MA","municipality":"2103901","origin":"face","accuracy":"boa","notes":""},"geometry":{"type":"Polygon","coordinates":[[[-42.9373380930004,-4.16070351182048],[-42.9409571944306,-4.16495867644263],[-42.9424283738738,-4.16575101490045],[-42.9439584004947,-4.16484129289953],[-42.9435758938395,-4.16269904016245],[-42.9418987492742,-4.16120239438008],[-42.941310277497,-4.15636028560239],[-42.9413388918291,-4.15586878969248],[-42.9434876230729,-4.1553560945419],[-42.9432816579508,-4.15468755020292],[-42.9437524353727,-4.15333762080269],[-42.9408983472529,-4.15219311363243],[-42.9380148355442,-4.15377781542614],[-42.935249018191,-4.1529854649271],[-42.9335424500369,-4.15724067122938],[-42.9373380930004,-4.16070351182048]]]}},{"type":"Feature","properties":{"id":"21039010001","state":"MA","municipality":"2103901","origin":"setor","accuracy":"boa","notes":""},"geometry":{"type":"Polygon","coordinates":[[[-42.8563740399999,-4.08014145899989],[-42.857915373,-4.08379898099993],[-42.862935093,-4.09286879599997],[-42.8702000149999,-4.10322919499988],[-42.8752257033229,-4.10838268485147],[-42.8822789562076,-4.11208820006039],[-42.8891906389999,-4.11381656099997],[-42.89592091,-4.11688797999988],[-42.8976417946218,-4.11831359721931],[-42.8989403095331,-4.11876690482711],[-42.8991831744858,-4.11959050890039],[-42.9003905459999,-4.12059072099994],[-42.9030570929999,-4.12434602899999],[-42.904419296,-4.12861878499991],[-42.9043224950794,-4.13180400596247],[-42.9070612200595,-4.1363752678352],[-42.9205960709369,-4.14365327699925],[-42.9256569282213,-4.14224463528774],[-42.9335424500369,-4.13643396172508],[-42.9336601443924,-4.12809938586225],[-42.9353078653687,-4.12011689313829],[-42.9308354798615,-4.11765169536409],[-42.928128509686,-4.11401257993361],[-42.917300628984,-4.1116647547031],[-42.9155352136523,-4.10673429921219],[-42.9040600139954,-4.10042444566819],[-42.8862293191439,-4.09414389081111],[-42.8762252989302,-4.08938941912238],[-42.8717199597501,-4.07435430406009],[-42.8557684708123,-4.07729121003968],[-42.8563740399999,-4.08014145899989]]]}},{"type":"Feature","properties":{"id":"21040080004","state":"MA","municipality":"2104008","origin":"face","accuracy":"boa","notes":""},"geometry":{"type":"Polygon","coordinates":[[[-44.8822874178143,-4.87124506213923],[-44.8825274821354,-4.87049358379261],[-44.8819593299089,-4.87041783791795],[-44.8813931782184,-4.87096400534928],[-44.8816872570117,-4.87144638643427],[-44.8822874178143,-4.87124506213923]]]}},{"type":"Feature","properties":{"id":"21040080003","state":"MA","municipality":"2104008","origin":"face","accuracy":"boa","notes":""},"geometry":{"type":"Polygon","coordinates":[[[-44.8804529262943,-4.86931752846105],[-44.8799047794279,-4.8701547206029],[-44.8815112098429,-4.87032215890615],[-44.8811631165774,-4.86952283996374],[-44.8804529262943,-4.86931752846105]]]}},{"type":"Feature","properties":{"id":"21051530002","state":"MA","municipality":"2105153","origin":"face","accuracy":"boa","notes":""},"geometry":{"type":"Polygon","coordinates":[[[-45.088702955,-3.72277996999993],[-45.088507444,-3.72421661699998],[-45.087869924,-3.72502960399993],[-45.0887524899999,-3.7270399979999],[-45.088752464,-3.72828470699994],[-45.087182108,-3.72991127399997],[-45.0872336569999,-3.7313950709999],[-45.0883127419999,-3.73302233499988],[-45.0894904709999,-3.73397865099997],[-45.0907664339999,-3.73359563299989],[-45.0907680449999,-3.73263954999993],[-45.0897843799999,-3.73101234399996],[-45.0904228159999,-3.73019937099991],[-45.091405908,-3.73019851899996],[-45.0930745019999,-3.73326140199988],[-45.093564691,-3.73507845999997],[-45.0943985289999,-3.73541388299998],[-45.097344786,-3.73340526399995],[-45.0971486691872,-3.72874467773442],[-45.0994564009999,-3.72847429299999],[-45.1007315719999,-3.72914474699996],[-45.1013215249999,-3.73000492099987],[-45.1008317599999,-3.73125011999998],[-45.1008787569999,-3.73282953799993],[-45.1023531929999,-3.73550987899983],[-45.106230296,-3.73536561799989],[-45.10348205,-3.73862015399987],[-45.1028932979999,-3.73976963599995],[-45.103482415,-3.74053331499988],[-45.1047115755728,-3.74064325452298],[-45.108441429,-3.73828483699994],[-45.1093252279999,-3.73866544799989],[-45.108931468,-3.7402949839999],[-45.1075266219998,-3.74166593399992],[-45.1086866539999,-3.74321278799984],[-45.112123889,-3.74321338699998],[-45.1132030109999,-3.74359775999996],[-45.113302155,-3.74464963599998],[-45.1095214339999,-3.74584656599996],[-45.108539455,-3.7467097269999],[-45.1106024059999,-3.74852661999995],[-45.1131062779999,-3.74886101199998],[-45.1186779294433,-3.74667061969513],[-45.1212051253505,-3.74445663802209],[-45.1247741094527,-3.73973593165459],[-45.1248647589696,-3.73887476124441],[-45.1225758586687,-3.7399398930677],[-45.1178167590331,-3.74549217597587],[-45.1160037686957,-3.74601341069786],[-45.1145760388051,-3.74508425314987],[-45.1127403860885,-3.74179820816347],[-45.1117885661614,-3.74131096701025],[-45.1119698651951,-3.74033648470391],[-45.1128763603638,-3.73940732715596],[-45.1125137622963,-3.7384781696082],[-45.111222006681,-3.73802492202373],[-45.1101342124785,-3.73924869050155],[-45.1100209005825,-3.73673316640845],[-45.1080039488321,-3.73609861979038],[-45.1064402446661,-3.73353777093889],[-45.1037887462978,-3.73095425970814],[-45.102247704511,-3.72866535940721],[-45.1005933508281,-3.72712431762034],[-45.095562302642,-3.72463145590655],[-45.0950863926784,-3.72309041411985],[-45.0954489907459,-3.72152670995389],[-45.0941119103721,-3.71828598972583],[-45.0946104827149,-3.71692624697284],[-45.0938059682526,-3.71694890935203],[-45.0919363219673,-3.71819534020894],[-45.0913924248661,-3.71937378392825],[-45.0903272930429,-3.72005365530471],[-45.0895001162014,-3.72045024694102],[-45.0892848235989,-3.71992901221905],[-45.0892508300301,-3.72069953311245],[-45.088038392742,-3.7216740154188],[-45.087834221465,-3.72246279154747],[-45.088702955,-3.72277996999993]]]}},{"type":"Feature","properties":{"id":"21053020001","state":"MA","municipality":"2105302","origin":"face","accuracy":"boa","notes":""},"geometry":{"type":"Polygon","coordinates":[[[-47.5041691466888,-5.51859078863395],[-47.5024281464418,-5.51773910817326],[-47.497829052169,-5.51936557975769],[-47.4967000765473,-5.52390784676966],[-47.4907699784517,-5.53044912322839],[-47.4913285248915,-5.53095775459669],[-47.4891894118618,-5.53401544865398],[-47.4890527463871,-5.53594350249063],[-47.487989131693,-5.53837426116319],[-47.4865749396817,-5.53856351719254],[-47.4844001748282,-5.53966356522132],[-47.4837049629137,-5.53965173643844],[-47.4837168465552,-5.53903074197512],[-47.4827007682258,-5.54059209814677],[-47.4822610617985,-5.54060984087141],[-47.4803358597121,-5.53984099156843],[-47.4787968867669,-5.53860491658362],[-47.4784403676288,-5.53889471501901],[-47.477370811114,-5.53820274875779],[-47.475784301804,-5.53820274875779],[-47.4761467627628,-5.53868180232325],[-47.4841982023851,-5.54173673905922],[-47.4863194890531,-5.5401221574116],[-47.4852202225352,-5.54281312412632],[-47.4833366149928,-5.54245827143206],[-47.4822848839402,-5.54316797592129],[-47.4810430101268,-5.54581752885583],[-47.4816609756734,-5.54606592430292],[-47.4817619893243,-5.54674605278809],[-47.4803596818537,-5.55121122541767],[-47.4777749205761,-5.55058432960305],[-47.4750178411004,-5.55335213079617],[-47.4736927790984,-5.55412096301199],[-47.4731817690234,-5.55401450936206],[-47.47286684353,-5.55448763549596],[-47.4719280106691,-5.55394945420392],[-47.4719920720764,-5.55353144302167],[-47.4710485978145,-5.55334030291261],[-47.4719280106691,-5.55088594962683],[-47.4718151133767,-5.54789339796191],[-47.4690104975364,-5.54436264162259],[-47.4661939989538,-5.54258838444635],[-47.4624802602557,-5.5428545235174],[-47.4607392600088,-5.54192007934815],[-47.4605550581693,-5.54212116236171],[-47.46205243747,-5.54291366473383],[-47.4563659612201,-5.54432124223151],[-47.4531454080341,-5.54794071129476],[-47.4502813730868,-5.54859718131486],[-47.4493009456821,-5.55122896814232],[-47.4533296089742,-5.55199780215679],[-47.4562887157516,-5.55086229296042],[-47.458017832357,-5.54569333158198],[-47.4601034681006,-5.54501320129817],[-47.4634547449405,-5.5464917433992],[-47.4655344388633,-5.5490348273953],[-47.4646074896439,-5.55329890442085],[-47.4618028747029,-5.55610217757341],[-47.4617078028728,-5.55959738011495],[-47.4626406939128,-5.55983985532506],[-47.4626288102713,-5.56077427071597],[-47.4644648823484,-5.56253664515005],[-47.4678518119115,-5.56264309790062],[-47.4687609347693,-5.56313395956456],[-47.4693075966682,-5.56734470859142],[-47.4714467105971,-5.56842104689378],[-47.4726529325868,-5.56825545652407],[-47.4737819091078,-5.56882319403515],[-47.4800566409012,-5.56829685411647],[-47.4807399691742,-5.56502643442235],[-47.4843526933221,-5.55656347492437],[-47.4872880328164,-5.54683476461266],[-47.4890825103495,-5.5436647677148],[-47.4918871261898,-5.53620101256662],[-47.4920594434885,-5.53394175910484],[-47.4931468263649,-5.53101417986045],[-47.499332428149,-5.52259804806142],[-47.5014180638925,-5.52076458132036],[-47.5029808050201,-5.52045703116699],[-47.5038007439091,-5.51892791119412],[-47.5041691466888,-5.51859078863395]]]}},{"type":"Feature","properties":{"id":"21057080003","state":"MA","municipality":"2105708","origin":"face","accuracy":"boa","notes":""},"geometry":{"type":"Polygon","coordinates":[[[-45.1304649992366,-4.57404558302422],[-45.1318648006055,-4.57423584728794],[-45.1327934714165,-4.57305802089345],[-45.1321048959859,-4.57238303576737],[-45.1320641250722,-4.57147248536241],[-45.1296359906589,-4.57236038525978],[-45.1307186849216,-4.57229696383854],[-45.1303517466987,-4.57371941571497],[-45.1304649992366,-4.57404558302422]]]}},{"type":"Feature","properties":{"id":"21057080002","state":"MA","municipality":"2105708","origin":"face","accuracy":"boa","notes":""},"geometry":{"type":"Polygon","coordinates":[[[-45.1257446334556,-4.57103759561674],[-45.1263539321097,-4.5707386089166],[-45.1276563362959,-4.56886767698997],[-45.1257740791155,-4.57064347678473],[-45.1253233340145,-4.57016102097314],[-45.124061700742,-4.57026747835882],[-45.1238759665798,-4.56957890292817],[-45.1231670056923,-4.57051889899302],[-45.1220979017342,-4.57043735716571],[-45.1232281620628,-4.57059364566806],[-45.1238238704123,-4.57147475041316],[-45.1217422887651,-4.57107383642889],[-45.1253029485577,-4.57188472460046],[-45.1257446334556,-4.57103759561674]]]}},{"type":"Feature","properties":{"id":"21057080001","state":"MA","municipality":"2105708","origin":"face","accuracy":"boa","notes":""},"geometry":{"type":"Polygon","coordinates":[[[-45.1260211888466,-4.56384367384817],[-45.1250614503071,-4.56597078666891],[-45.1267594492616,-4.56432815724554],[-45.1264918298612,-4.5635252990442],[-45.1260211888466,-4.56384367384817]]]}},{"type":"Feature","properties":{"id":"21058070002","state":"MA","municipality":"2105807","origin":"face","accuracy":"boa","notes":""},"geometry":{"type":"Polygon","coordinates":[[[-45.0589790589388,-4.60671036616135],[-45.0600021516465,-4.60581108722079],[-45.0594840887786,-4.60505842984664],[-45.0596861007145,-4.60560255877081],[-45.0590670318786,-4.60640409000043],[-45.0589790589388,-4.60671036616135]]]}},{"type":"Feature","properties":{"id":"21058070001","state":"MA","municipality":"2105807","origin":"face","accuracy":"boa","notes":""},"geometry":{"type":"Polygon","coordinates":[[[-45.0578484437491,-4.61153910308125],[-45.055737093193,-4.60986761722438],[-45.0568742248968,-4.61122956866331],[-45.0567047955312,-4.61223311182886],[-45.0560205615547,-4.6123113099976],[-45.0566233391055,-4.61235692559602],[-45.0571283689453,-4.61218423797338],[-45.0572815070257,-4.6112067608641],[-45.0578484437491,-4.61153910308125]]]}},{"type":"Feature","properties":{"id":"21058070003","state":"MA","municipality":"2105807","origin":"face","accuracy":"boa","notes":""},"geometry":{"type":"Polygon","coordinates":[[[-45.0580123833515,-4.60454980379917],[-45.0560021600128,-4.60338434357558],[-45.0550244249259,-4.60325137160376],[-45.0544534276352,-4.60426039421345],[-45.0527404357629,-4.60418999728719],[-45.0524666699386,-4.60149927032807],[-45.0519973570969,-4.60099084808288],[-45.0508710062768,-4.60093609491802],[-45.0499010930706,-4.60173392674891],[-45.0508670953365,-4.60227754745723],[-45.0508553625154,-4.60276641500068],[-45.0511682377432,-4.60241443036941],[-45.0513246753571,-4.60421346292927],[-45.0518643851251,-4.60515208861268],[-45.0546646184139,-4.60518337613547],[-45.0547271934595,-4.60555100452813],[-45.0558535442796,-4.60447158499221],[-45.0577620831692,-4.6049487197146],[-45.0586537775685,-4.60632537071696],[-45.0589197215121,-4.60566051085787],[-45.0580123833515,-4.60454980379917]]]}},{"type":"Feature","properties":{"id":"21059480001","state":"MA","municipality":"2105948","origin":"face","accuracy":"boa","notes":""},"geometry":{"type":"Polygon","coordinates":[[[-44.97963249008,-4.61557824051305],[-44.9800662024119,-4.61630109439948],[-44.9802626703913,-4.6139545994758],[-44.9798400788885,-4.61393606476076],[-44.97963249008,-4.61557824051305]]]}},{"type":"Feature","properties":{"id":"21063000001","state":"MA","municipality":"2106300","origin":"face","accuracy":"boa","notes":""},"geometry":{"type":"Polygon","coordinates":[[[-42.2054357069965,-3.4000369356587],[-42.2047221467993,-3.40016997230567],[-42.2045346860696,-3.3995773545148],[-42.2027810211782,-3.39820465820327],[-42.2024423824405,-3.39746690952484],[-42.2026117018094,-3.39573138599435],[-42.2019767541763,-3.39575557447564],[-42.2021339793045,-3.39515690956444],[-42.2018255761684,-3.39550764254269],[-42.2006645290679,-3.39454010329236],[-42.1983908118294,-3.39068204053128],[-42.198112644295,-3.39135327088622],[-42.1986024610405,-3.39232081013673],[-42.1985302431171,-3.39358241104247],[-42.200124481991,-3.39667571035013],[-42.2031701920785,-3.39988798270793],[-42.2034081381791,-3.4007683832801],[-42.2053830908139,-3.402362622154],[-42.2065014374867,-3.40207708683336],[-42.2067869728074,-3.40155360541206],[-42.2063185865625,-3.4006416476902],[-42.2054357069965,-3.4000369356587]]]}},{"type":"Feature","properties":{"id":"21063590002","state":"MA","municipality":"2106359","origin":"face","accuracy":"boa","notes":""},"geometry":{"type":"Polygon","coordinates":[[[-45.4600044812517,-4.61966367802632],[-45.459453038327,-4.62048344515484],[-45.4484756696893,-4.62256611704551],[-45.4547083973043,-4.62175667190075],[-45.4549512308477,-4.62291302210758],[-45.455679731478,-4.62283207759317],[-45.4557722394945,-4.62234641050624],[-45.4602820053013,-4.62114380629112],[-45.4608717439067,-4.61952491600152],[-45.460073862264,-4.61818354976157],[-45.4600044812517,-4.61966367802632]]]}},{"type":"Feature","properties":{"id":"21066310001","state":"MA","municipality":"2106631","origin":"face","accuracy":"boa","notes":""},"geometry":{"type":"Polygon","coordinates":[[[-44.5556046668484,-3.62164885190476],[-44.5549586000268,-3.61917455343909],[-44.5538589118198,-3.61743704607211],[-44.5525612797356,-3.61712913337415],[-44.5520774169245,-3.61869069062803],[-44.5514395977645,-3.61871268439219],[-44.5508237723686,-3.61974639130673],[-44.5512636476514,-3.620582154344],[-44.5500100030954,-3.6222096928903],[-44.5495261402844,-3.62522283857737],[-44.5520499247194,-3.6260036172043],[-44.5526602516742,-3.62365578288245],[-44.5546066998005,-3.62365028444142],[-44.5547606561495,-3.62289149957862],[-44.5541943167229,-3.62269355570138],[-44.5556046668484,-3.62164885190476]]]}},{"type":"Feature","properties":{"id":"21069040003","state":"MA","municipality":"2106904","origin":"face","accuracy":"boa","notes":""},"geometry":{"type":"Polygon","coordinates":[[[-45.25198703977,-3.49447499982132],[-45.2519063044966,-3.49353967621476],[-45.2489586307131,-3.49281553670153],[-45.2475699867053,-3.49571209475461],[-45.2491886514997,-3.49692183370616],[-45.2497935209755,-3.49686219868739],[-45.2524856161072,-3.49495387808771],[-45.25198703977,-3.49447499982132]]]}},{"type":"Feature","properties":{"id":"21069040004","state":"MA","municipality":"2106904","origin":"face","accuracy":"boa","notes":""},"geometry":{"type":"Polygon","coordinates":[[[-45.2457638975663,-3.490063806551],[-45.2459257640457,-3.49044717452865],[-45.2447160250942,-3.49114575617682],[-45.2451505088021,-3.49378673557813],[-45.2475699867053,-3.49571209475461],[-45.2484773135827,-3.49457532937674],[-45.2490353043085,-3.49291776816217],[-45.2458450802862,-3.4897799703693],[-45.2440259627345,-3.49005528726265],[-45.2457638975663,-3.490063806551]]]}},{"type":"Feature","properties":{"id":"21069040002","state":"MA","municipality":"2106904","origin":"face","accuracy":"boa","notes":""},"geometry":{"type":"Polygon","coordinates":[[[-45.2588116318421,-3.49328813559044],[-45.2580939872549,-3.49282768154887],[-45.2538420467812,-3.49282768154887],[-45.2544393925648,-3.4932673944174],[-45.2532695904052,-3.49449527186148],[-45.2586457024577,-3.49368636611287],[-45.2588116318421,-3.49328813559044]]]}},{"type":"Feature","properties":{"id":"21078030002","state":"MA","municipality":"2107803","origin":"face","accuracy":"boa","notes":""},"geometry":{"type":"Polygon","coordinates":[[[-43.092999115308,-5.68666076480725],[-43.093925284249,-5.68569151824112],[-43.0936237408729,-5.68547613011532],[-43.0940688763329,-5.68472945127918],[-43.0934657895806,-5.68528228080207],[-43.0928483436199,-5.68500227623853],[-43.0931642462044,-5.68434893225691],[-43.0927047515361,-5.68496637821755],[-43.0907877972164,-5.68499509663434],[-43.0903426617564,-5.68449252434078],[-43.0908524136541,-5.68406892769335],[-43.0902134288809,-5.6843561118611],[-43.0888421244799,-5.68319301598174],[-43.0882031397066,-5.68376738431723],[-43.090737539987,-5.68666076480725],[-43.0915631944693,-5.6861581925137],[-43.0922596160761,-5.68684743451629],[-43.0932647606632,-5.68698384699597],[-43.092999115308,-5.68666076480725]]]}},{"type":"Feature","properties":{"id":"21082070001","state":"MA","municipality":"2108207","origin":"face","accuracy":"boa","notes":""},"geometry":{"type":"Polygon","coordinates":[[[-44.5861159584846,-4.5834953726133],[-44.5838817736249,-4.58314591675059],[-44.583751049971,-4.58340060475407],[-44.5842442345837,-4.58353091022327],[-44.5836975717855,-4.58428905129865],[-44.5845651009986,-4.58576979224204],[-44.5850879956145,-4.58585863716633],[-44.5863001594248,-4.58399290185088],[-44.5861159584846,-4.5834953726133]]]}},{"type":"Feature","properties":{"id":"21088010001","state":"MA","municipality":"2108801","origin":"face","accuracy":"boa","notes":""},"geometry":{"type":"Polygon","coordinates":[[[-44.201740062795,-3.71359216321138],[-44.20099362859,-3.72144465104818],[-44.2018893496361,-3.73001371572174],[-44.1992917586026,-3.7359254746255],[-44.1962761644143,-3.7398069324916],[-44.1935890012762,-3.74222537931588],[-44.1918274165524,-3.74455425403552],[-44.1914989855022,-3.74598740770911],[-44.1891999681508,-3.7482565676924],[-44.1882445323683,-3.75088401609406],[-44.1879459586863,-3.75318303344552],[-44.1891103960461,-3.7548251886965],[-44.1911108397156,-3.75494461816937],[-44.1924544212846,-3.75407875449157],[-44.1954401581047,-3.74849542663799],[-44.1974406017741,-3.74679355665059],[-44.199799333862,-3.74568883402715],[-44.2038897933055,-3.74144908774259],[-44.2078011085398,-3.73153644150001],[-44.2172360368911,-3.73344731306481],[-44.2177137547824,-3.73288002306902],[-44.2083683985356,-3.7306705778222],[-44.2098015522092,-3.72687869206074],[-44.2134142937615,-3.72275837524898],[-44.216161171636,-3.72389295524062],[-44.2164597453179,-3.72326595050839],[-44.2170270353138,-3.72359438155849],[-44.217355466364,-3.72320623577196],[-44.2139218690209,-3.72156408052097],[-44.2179824710962,-3.71735419160468],[-44.2241330889455,-3.71412959583888],[-44.225685672092,-3.71875748791014],[-44.2279548320752,-3.7214745084163],[-44.2284922647029,-3.72120579210259],[-44.2265216784016,-3.71822005528247],[-44.2249392378869,-3.7139504516298],[-44.2278354026024,-3.71436845478456],[-44.2293581283806,-3.71398030899792],[-44.2311495704727,-3.71284572900629],[-44.2321050062551,-3.71174100638298],[-44.2329260838807,-3.7088299129834],[-44.2316832495944,-3.70588614708619],[-44.2232049089999,-3.70607602099994],[-44.2203989829999,-3.70752505199995],[-44.2176194429999,-3.7080553419999],[-44.2131763229999,-3.70695674499995],[-44.210568622,-3.70676689499983],[-44.2086811039999,-3.70730779599991],[-44.2054060619999,-3.7095715999999],[-44.204786908,-3.71092855699988],[-44.205317771,-3.71491862799998],[-44.2029646659999,-3.71341159799982],[-44.2030778179231,-3.71169701011333],[-44.201740062795,-3.71359216321138]]]}},{"type":"Feature","properties":{"id":"21098090001","state":"MA","municipality":"2109809","origin":"face","accuracy":"boa","notes":""},"geometry":{"type":"Polygon","coordinates":[[[-45.3033388297374,-2.22960664764964],[-45.30246950177,-2.23119635330984],[-45.3029732245175,-2.23074950248537],[-45.3034931963859,-2.23099594748551],[-45.3030950929241,-2.23171090880466],[-45.303636730287,-2.23115573050762],[-45.3038750507267,-2.23233920814561],[-45.3048364570459,-2.23177861347495],[-45.3044383535842,-2.23279418353048],[-45.3050233219361,-2.23183006902447],[-45.3055297528705,-2.23256398765126],[-45.305053111991,-2.23331144721203],[-45.3056299557826,-2.23268314787107],[-45.3059088990245,-2.2331245823218],[-45.3056218312222,-2.23427014534439],[-45.3041106629795,-2.23584631007043],[-45.304923119024,-2.23637711468615],[-45.3058953580904,-2.23577318902654],[-45.3068919708382,-2.23582193638914],[-45.3083895981467,-2.23672917897205],[-45.3080808648498,-2.23739810111533],[-45.3085358402347,-2.23785578468699],[-45.3081079467179,-2.23830263551134],[-45.3075473520474,-2.23811306243437],[-45.30655886386,-2.23970547628138],[-45.3081052385311,-2.24070750540274],[-45.3082650215531,-2.24041231304001],[-45.3099522219388,-2.2405098077652],[-45.3121946006212,-2.24167432809561],[-45.3120537749069,-2.24241907946966],[-45.3123950064455,-2.24274406188728],[-45.3104342791917,-2.24339944309647],[-45.3108242580931,-2.24465333359173],[-45.3119508638079,-2.2448916540314],[-45.313716601611,-2.24452334062461],[-45.3146698833698,-2.2436350553494],[-45.314507392161,-2.24172849183191],[-45.3108892545766,-2.23975693183088],[-45.3080077438059,-2.23930195644597],[-45.3095893249056,-2.23855449688513],[-45.3101851260047,-2.23765537886273],[-45.3102067914993,-2.23502302127889],[-45.3088890327792,-2.23246236384079],[-45.3033388297374,-2.22960664764964]]]}},{"type":"Feature","properties":{"id":"21102780004","state":"MA","municipality":"2110278","origin":"setor","accuracy":"boa","notes":""},"geometry":{"type":"Polygon","coordinates":[[[-43.3107881989999,-2.47495702199985],[-43.3045980669999,-2.47619740199998],[-43.3046383684481,-2.47592587172029],[-43.3010090151624,-2.47553496468619],[-43.2988368724445,-2.47473231895522],[-43.2978791211606,-2.47544206589955],[-43.2976187615883,-2.47663860177233],[-43.3007021628094,-2.48005726973747],[-43.3035735569501,-2.4825023551028],[-43.3052175416784,-2.4827178791279],[-43.3095971616274,-2.48214562560488],[-43.3148787415236,-2.48055520542165],[-43.3161916976527,-2.47910227316209],[-43.3152023312778,-2.47695445733485],[-43.313216159683,-2.47614438056458],[-43.3138535824374,-2.47503953139933],[-43.3107881989999,-2.47495702199985]]]}},{"type":"Feature","properties":{"id":"21113000003","state":"MA","municipality":"2111300","origin":"face","accuracy":"boa","notes":""},"geometry":{"type":"Polygon","coordinates":[[[-44.231856580217,-2.59924351017982],[-44.2315567705285,-2.60059307241234],[-44.2306537270878,-2.60136167260305],[-44.2311774922474,-2.6018415967123],[-44.2327415634724,-2.60075906118171],[-44.231856580217,-2.59924351017982]]]}},{"type":"Feature","properties":{"id":"21113000004","state":"MA","municipality":"2111300","origin":"face","accuracy":"boa","notes":""},"geometry":{"type":"Polygon","coordinates":[[[-44.2368348178725,-2.60537605645982],[-44.2360029404832,-2.60469937057946],[-44.2358603322884,-2.60375557166226],[-44.2355275813327,-2.6037793146636],[-44.2347907757736,-2.60442038649161],[-44.2350700494432,-2.6052098536518],[-44.2360504759487,-2.60569065639864],[-44.2361752577819,-2.60702028335937],[-44.2371140906427,-2.60708557773716],[-44.2368348178725,-2.60537605645982]]]}},{"type":"Feature","properties":{"id":"21113000008","state":"MA","municipality":"2111300","origin":"face","accuracy":"boa","notes":""},"geometry":{"type":"Polygon","coordinates":[[[-44.2425640586843,-2.56048941375542],[-44.2419817440622,-2.56062000700769],[-44.241595514921,-2.56098210643905],[-44.2427720278068,-2.56145105342337],[-44.2431285460455,-2.56045973342993],[-44.2426591296151,-2.5603528849776],[-44.2425640586843,-2.56048941375542]]]}},{"type":"Feature","properties":{"id":"21114090002","state":"MA","municipality":"2111409","origin":"face","accuracy":"boa","notes":""},"geometry":{"type":"Polygon","coordinates":[[[-44.6722444107447,-4.37842455250247],[-44.6698114999986,-4.38049293621755],[-44.670290709691,-4.38020622956398],[-44.6705978953912,-4.38054618173891],[-44.6730308061373,-4.38064857697235],[-44.6735550697324,-4.38000553490647],[-44.6728956444292,-4.37860886392262],[-44.6722444107447,-4.37842455250247]]]}},{"type":"Feature","properties":{"id":"21115080003","state":"MA","municipality":"2111508","origin":"face","accuracy":"boa","notes":""},"geometry":{"type":"Polygon","coordinates":[[[-44.4624257037651,-4.03496175257502],[-44.4615851464988,-4.03400111569926],[-44.4594673788409,-4.03394653405858],[-44.4585613236058,-4.03441593616832],[-44.4582993317306,-4.03566039757557],[-44.4608373780216,-4.04702975332687],[-44.4621036720852,-4.04808863715583],[-44.4655641481036,-4.04729174520208],[-44.4669286891203,-4.04562154699762],[-44.4650729133375,-4.0409930238689],[-44.4644233918136,-4.04045266562628],[-44.4647072163451,-4.04022342273548],[-44.4640849856414,-4.0398904747274],[-44.4645816785715,-4.03961756652405],[-44.4640304040008,-4.03980860226639],[-44.4638284519303,-4.03948111242239],[-44.4652475745877,-4.03875381206046],[-44.4637083723208,-4.03917272615261],[-44.4624257037651,-4.03496175257502]]]}},{"type":"Feature","properties":{"id":"21121000002","state":"MA","municipality":"2112100","origin":"face","accuracy":"boa","notes":""},"geometry":{"type":"Polygon","coordinates":[[[-43.9415794967055,-4.24797115261477],[-43.9401682823933,-4.2498165867154],[-43.9408451544163,-4.2526198585845],[-43.9399543652916,-4.2537756494918],[-43.9407621418097,-4.25527466559948],[-43.9414613633807,-4.25571527097296],[-43.9426873957244,-4.25457065483963],[-43.9439453559937,-4.25435993053057],[-43.9449223505175,-4.2489513399312],[-43.9467805557884,-4.24818826250898],[-43.9468444116396,-4.24606824824808],[-43.9461803107868,-4.2459405365456],[-43.9463718783405,-4.24546800324649],[-43.9452352441886,-4.24576174016215],[-43.9415794967055,-4.24797115261477]]]}},{"type":"Feature","properties":{"id":"21122090004","state":"MA","municipality":"2112209","origin":"face","accuracy":"boa","notes":""},"geometry":{"type":"Polygon","coordinates":[[[-42.8426728211602,-5.11321186347236],[-42.8405306512721,-5.1139275540986],[-42.8407169269145,-5.11441775315767],[-42.8440845944503,-5.11427069343995],[-42.8443100860175,-5.1136040227196],[-42.8426728211602,-5.11321186347236]]]}},{"type":"Feature","properties":{"id":"21122090001","state":"MA","municipality":"2112209","origin":"setor","accuracy":"boa","notes":""},"geometry":{"type":"Polygon","coordinates":[[[-42.8417921984577,-5.05341942721912],[-42.8638298125496,-5.05349581409639],[-42.8647317788183,-5.0524369841287],[-42.8644180514205,-5.04278986664621],[-42.863359221453,-5.04110358188302],[-42.854496422465,-5.03549570464736],[-42.8541042632177,-5.03239764659401],[-42.8547317180133,-5.03169175994895],[-42.8646141310441,-5.03216235104559],[-42.8651239380656,-5.02996625926102],[-42.8652023699151,-5.02124071600952],[-42.8615552889155,-5.01453479288144],[-42.8550062294864,-5.01206418962381],[-42.8510454210891,-5.01347596291391],[-42.849633647799,-5.01665245281669],[-42.8481434426594,-5.01771128278421],[-42.8461042145737,-5.02010345419245],[-42.8451630323803,-5.02198581857937],[-42.8427708609719,-5.03135842458875],[-42.841686950877,-5.03378482147634],[-42.8417921984577,-5.05341942721912]]]}},{"type":"Feature","properties":{"id":"21004360003","state":"MA","municipality":"2100436","origin":"face","accuracy":"otima","notes":""},"geometry":{"type":"Polygon","coordinates":[[[-44.4546413758953,-4.21454277177363],[-44.4549885926503,-4.21423112166318],[-44.456231628633,-4.21450468121103],[-44.4573878604269,-4.21257937399417],[-44.4558930922969,-4.21128602195586],[-44.4521188461707,-4.20973295783238],[-44.4504799830874,-4.21320960098198],[-44.4512855259589,-4.21376364626226],[-44.4546413758953,-4.21454277177363]]]}},{"type":"Feature","properties":{"id":"21004360004","state":"MA","municipality":"2100436","origin":"face","accuracy":"otima","notes":""},"geometry":{"type":"Polygon","coordinates":[[[-44.4487664684018,-4.21101072987906],[-44.4494452771577,-4.21039608369568],[-44.4485998043594,-4.20931395895195],[-44.4492768770316,-4.20796346516409],[-44.4472109373397,-4.20548062816951],[-44.4457942929795,-4.20660604340905],[-44.4444123702948,-4.2070008040623],[-44.4441554298962,-4.20842055563346],[-44.448217865929,-4.21084451574776],[-44.4487664684018,-4.21101072987906]]]}},{"type":"Feature","properties":{"id":"21009560004","state":"MA","municipality":"2100956","origin":"face","accuracy":"otima","notes":""},"geometry":{"type":"Polygon","coordinates":[[[-46.0054539504654,-4.88930610673676],[-46.0048751702779,-4.89217621438217],[-46.0038373575279,-4.89334281351083],[-46.0026332286321,-4.89356155062107],[-46.0018681743613,-4.89294510949084],[-46.0010632042155,-4.89295836629532],[-45.9968055108824,-4.89406530854174],[-45.9947152101611,-4.89576866904726],[-45.9949480527653,-4.89602054723113],[-45.996858732049,-4.89459557962882],[-45.998136040049,-4.89494688399213],[-46.0039437998613,-4.89430393058328],[-46.0064584999862,-4.89091018689106],[-46.007143722507,-4.88902771226775],[-46.0087603154444,-4.88693975007429],[-46.0090862950903,-4.88568034116034],[-46.0076426709445,-4.88750316908536],[-46.0063786682362,-4.88831846869564],[-46.0054539504654,-4.88930610673676]]]}},{"type":"Feature","properties":{"id":"21012020001","state":"MA","municipality":"2101202","origin":"face","accuracy":"otima","notes":""},"geometry":{"type":"Polygon","coordinates":[[[-44.7743353267139,-4.21322544669699],[-44.7728022955894,-4.21186248366667],[-44.7688389941242,-4.21546544297576],[-44.7671752393458,-4.21819135464727],[-44.7641388862006,-4.21996319264718],[-44.763194111519,-4.22177058174691],[-44.7633188933522,-4.22472165308176],[-44.7642993198577,-4.22535571739242],[-44.7652619209009,-4.22737642298349],[-44.7669078502171,-4.22775567518419],[-44.7674307439336,-4.22726383235995],[-44.7687201541118,-4.22785048800956],[-44.7688271095834,-4.2295452684993],[-44.7700868097584,-4.23192743590238],[-44.7681972594959,-4.23337925105153],[-44.7677932048924,-4.23453477555939],[-44.7678882767226,-4.23541178722418],[-44.7690885568913,-4.23603991690858],[-44.7727012819386,-4.23631250142075],[-44.7738540257426,-4.23563696577334],[-44.7745135858333,-4.23397182783755],[-44.7751018422762,-4.23070672403606],[-44.7748285113267,-4.22953341723339],[-44.774365036717,-4.22929638472034],[-44.7731647565482,-4.22600755860191],[-44.7711860762763,-4.22383277756058],[-44.7711920180971,-4.2224046478562],[-44.7692430487277,-4.22136169688476],[-44.7685537786339,-4.22006393290413],[-44.7694510178501,-4.2197913420967],[-44.7710910044462,-4.21799580066564],[-44.7748879304336,-4.21678099284852],[-44.7750245968077,-4.21606988541687],[-44.7744244558239,-4.21499729638805],[-44.7743353267139,-4.21322544669699]]]}},{"type":"Feature","properties":{"id":"21014000001","state":"MA","municipality":"2101400","origin":"face","accuracy":"otima","notes":""},"geometry":{"type":"Polygon","coordinates":[[[-46.0382211847547,-7.50850501346824],[-46.0383738293178,-7.50879021778359],[-46.0378275224603,-7.50921601577548],[-46.037200876359,-7.50889465880046],[-46.0377230814434,-7.50932045679236],[-46.0371386134451,-7.50988182725811],[-46.0367971716592,-7.50973721661936],[-46.0369779349576,-7.51001438701031],[-46.0355478964187,-7.51206504620715],[-46.0351241069079,-7.51185013873012],[-46.0354755910994,-7.51221166532701],[-46.0352566666601,-7.51272583648705],[-46.0348087753762,-7.51255511559406],[-46.0351984207084,-7.5128061757308],[-46.0352787599522,-7.51501550493406],[-46.0343307568759,-7.51476645327844],[-46.0352506412169,-7.51525049722207],[-46.03527474299,-7.51587312636115],[-46.0347967244896,-7.51572048179803],[-46.0359415587131,-7.51817484569475],[-46.036664611907,-7.5181909135435],[-46.0365682048144,-7.51747187731189],[-46.0369899858442,-7.51741965680344],[-46.0365521369657,-7.51720274084531],[-46.0366806797557,-7.51454351187701],[-46.0363151361966,-7.51403335767917],[-46.0364035093647,-7.51358747487633],[-46.0369940028063,-7.51367584804446],[-46.0364838486085,-7.51338260980476],[-46.0365762387388,-7.51300903232129],[-46.0372992919326,-7.51309338852725],[-46.0368333243188,-7.51265152268657],[-46.0371426304073,-7.51211726671561],[-46.0376568015673,-7.51231008090063],[-46.0372751901595,-7.51187223202217],[-46.0377050051136,-7.51137412871089],[-46.0379781585423,-7.5114946375765],[-46.0396251130393,-7.50947812255827],[-46.0404967938341,-7.50992802232329],[-46.039854079884,-7.50936966457918],[-46.0404606411744,-7.50872695062916],[-46.0408743882797,-7.50896395139822],[-46.0402838948381,-7.50826098301538],[-46.0394202479677,-7.50807218579255],[-46.0382211847547,-7.50850501346824]]]}},{"type":"Feature","properties":{"id":"21021010005","state":"MA","municipality":"2102101","origin":"face","accuracy":"otima","notes":""},"geometry":{"type":"Polygon","coordinates":[[[-42.7527537089641,-3.68174257416044],[-42.7513766439258,-3.6798484666085],[-42.7545249653816,-3.67729929995095],[-42.7567407724293,-3.67615901774021],[-42.7572165805258,-3.675091518179],[-42.7554405486621,-3.67525614887644],[-42.7535134390451,-3.67678114757699],[-42.7522666134493,-3.67578643281102],[-42.7527215832349,-3.67774466813872],[-42.7518845777514,-3.67781745202493],[-42.7516032605556,-3.67640336405209],[-42.7497764353094,-3.67691285188788],[-42.7496433361341,-3.67898169473229],[-42.7515407456233,-3.68253452827035],[-42.7522978709155,-3.68207010012638],[-42.7524680504536,-3.68419121775036],[-42.755708407782,-3.68512007158898],[-42.7568041556246,-3.68583577360522],[-42.7590355914055,-3.68426226817166],[-42.7535017174953,-3.6818010609489],[-42.7527537089641,-3.68174257416044]]]}},{"type":"Feature","properties":{"id":"21023250005","state":"MA","municipality":"2102325","origin":"face","accuracy":"otima","notes":""},"geometry":{"type":"Polygon","coordinates":[[[-46.4596062956686,-4.32427845724119],[-46.4586869000722,-4.32425797057483],[-46.4577572318994,-4.32341289507288],[-46.457356601416,-4.32184054000236],[-46.4561393011013,-4.32206077233302],[-46.4561084833718,-4.32305949960152],[-46.4556153997,-4.32354093688676],[-46.4561033470835,-4.32383799378249],[-46.4566118396201,-4.32552302121114],[-46.4574439183162,-4.32576373910957],[-46.4599196092518,-4.32789434525573],[-46.4619433068214,-4.32675733983712],[-46.4626007517171,-4.32525157327701],[-46.4619843971274,-4.32339753006143],[-46.4608955040188,-4.32288536263582],[-46.4596062956686,-4.32427845724119]]]}},{"type":"Feature","properties":{"id":"21025070001","state":"MA","municipality":"2102507","origin":"face","accuracy":"otima","notes":""},"geometry":{"type":"Polygon","coordinates":[[[-45.0109756798364,-3.3197800124807],[-45.0102890334133,-3.31999043638452],[-45.0082699069999,-3.31950703799987],[-45.0062638364457,-3.3214263403197],[-45.0051834850096,-3.323246469423],[-45.0051170353558,-3.32447578801913],[-45.0057483070673,-3.32595983028841],[-45.0072655741634,-3.32610380453833],[-45.0082512440288,-3.32700087486523],[-45.0098681856057,-3.32729989830761],[-45.0108538554711,-3.32643605280761],[-45.0119281248749,-3.32658002705763],[-45.0130577689903,-3.32557220730759],[-45.0147965349326,-3.32485233605759],[-45.0181743923365,-3.32508490984605],[-45.0184401909518,-3.32262627265375],[-45.0181633173942,-3.32120868003837],[-45.0166128254711,-3.3208764317692],[-45.0164024015672,-3.31919304053843],[-45.0154278066441,-3.31852854399994],[-45.0150401836634,-3.31961388834605],[-45.0143544850364,-3.31883030240825],[-45.013959825,-3.31959140399994],[-45.012769826,-3.31795477399987],[-45.0122550061081,-3.31830397970823],[-45.0109756798364,-3.3197800124807]]]}},{"type":"Feature","properties":{"id":"21027050001","state":"MA","municipality":"2102705","origin":"setor","accuracy":"otima","notes":""},"geometry":{"type":"Polygon","coordinates":[[[-44.392932812524,-3.61172953085778],[-44.3857861961877,-3.61751869319535],[-44.3729147041654,-3.62512400727282],[-44.3771609695748,-3.63134820897835],[-44.3883832424426,-3.61927813715383],[-44.3962122942911,-3.61331871636916],[-44.3947147274726,-3.61116196393445],[-44.392932812524,-3.61172953085778]]]}},{"type":"Feature","properties":{"id":"21030000001","state":"MA","municipality":"2103000","origin":"face","accuracy":"otima","notes":""},"geometry":{"type":"Polygon","coordinates":[[[-43.3665830679324,-4.85916324189585],[-43.3683368711403,-4.85885414247991],[-43.3686325314512,-4.85848456709125],[-43.3674498902076,-4.8561663214716],[-43.3668988869009,-4.85596473489599],[-43.3664083595668,-4.8563880667048],[-43.3665830679324,-4.85916324189585]]]}},{"type":"Feature","properties":{"id":"21030000004","state":"MA","municipality":"2103000","origin":"face","accuracy":"otima","notes":""},"geometry":{"type":"Polygon","coordinates":[[[-43.3670833106676,-4.86234215875622],[-43.3662401764166,-4.86397883112584],[-43.3656202247614,-4.86398379073909],[-43.3658508467772,-4.86426648869384],[-43.3641868965347,-4.86625281379699],[-43.360759803785,-4.86822921967364],[-43.3605019038964,-4.86798123901159],[-43.3607151672658,-4.86830361387227],[-43.360236564588,-4.86883925210234],[-43.3583419923298,-4.86883925210234],[-43.3572335187704,-4.86823417928691],[-43.3554455781969,-4.86835321000469],[-43.3543643825103,-4.86739848445575],[-43.3528467408584,-4.86707114998182],[-43.3518052220778,-4.86814242644192],[-43.3506248341263,-4.87114795206616],[-43.3499900036314,-4.87114795206616],[-43.3507438648441,-4.87218947084685],[-43.3497519421959,-4.87228866311168],[-43.3507736225236,-4.87264575526506],[-43.3496924268369,-4.87293341283303],[-43.3510811185445,-4.87298300896547],[-43.3520829604193,-4.87411380078447],[-43.3538882596391,-4.87467919669399],[-43.3574691003994,-4.87469903514695],[-43.3575980503436,-4.87428242763467],[-43.3588577921069,-4.87405428542557],[-43.3592446419397,-4.87517515801813],[-43.3601373723232,-4.87565128088928],[-43.3608217989505,-4.87168359029623],[-43.3617046101074,-4.86963031041432],[-43.3678247728472,-4.86509722391175],[-43.3686083917393,-4.86272652878241],[-43.3690076406053,-4.86272156916918],[-43.3670833106676,-4.86234215875622]]]}},{"type":"Feature","properties":{"id":"21030000003","state":"MA","municipality":"2103000","origin":"face","accuracy":"otima","notes":""},"geometry":{"type":"Polygon","coordinates":[[[-43.3530636542802,-4.85194711589538],[-43.3521073962665,-4.85130961055289],[-43.3525536500062,-4.8508474191796],[-43.3491270587904,-4.85165226967447],[-43.3484576781808,-4.84916599883881],[-43.3491031523401,-4.84881537090043],[-43.3484337717305,-4.84885521498434],[-43.3478361104719,-4.84797067632165],[-43.3493820609274,-4.84772364300145],[-43.3475173578007,-4.84765989246721],[-43.3472703244805,-4.84731723334562],[-43.3450868686825,-4.8474527032309],[-43.3455331224222,-4.84785911288671],[-43.3437560762801,-4.84832927307679],[-43.3460192202458,-4.85014616330286],[-43.3464973492527,-4.85148492452207],[-43.342520909679,-4.85321017335515],[-43.3433735730746,-4.8532659550726],[-43.3439074837989,-4.85568050655724],[-43.3477524378957,-4.85442940232263],[-43.3532031085739,-4.85444932436459],[-43.3529241999866,-4.85429393243736],[-43.3530636542802,-4.85194711589538]]]}},{"type":"Feature","properties":{"id":"21030000002","state":"MA","municipality":"2103000","origin":"face","accuracy":"otima","notes":""},"geometry":{"type":"Polygon","coordinates":[[[-43.3540618414659,-4.84805486513841],[-43.355732821803,-4.84720726641671],[-43.3583119436277,-4.84730413484204],[-43.3590021311582,-4.84680768416219],[-43.3611090194093,-4.84750998024588],[-43.3611695621752,-4.84701352956603],[-43.3638697695315,-4.84623858216333],[-43.363906095191,-4.84495507552759],[-43.3664852170157,-4.84370789455134],[-43.3662672630587,-4.84233962804342],[-43.3645720656152,-4.84200058855475],[-43.3628042168528,-4.84229119383075],[-43.3619445095779,-4.84267866753212],[-43.3619687266842,-4.84379265442352],[-43.3611090194094,-4.84390163140202],[-43.361157453622,-4.84428910510338],[-43.3593774963064,-4.84495507552759],[-43.3590142397114,-4.8445070590604],[-43.3580818811175,-4.8452456808036],[-43.3556722790372,-4.84517302948458],[-43.3535896078924,-4.8465412959925],[-43.3532384598506,-4.84727991773571],[-43.3540618414659,-4.84805486513841]]]}},{"type":"Feature","properties":{"id":"21030000005","state":"MA","municipality":"2103000","origin":"face","accuracy":"otima","notes":""},"geometry":{"type":"Polygon","coordinates":[[[-43.3687556624085,-4.88575626118425],[-43.3684301421399,-4.88533209840997],[-43.3685287846456,-4.88580558243704],[-43.3678678798578,-4.88583517518875],[-43.3679369296117,-4.88537155541224],[-43.3676311378443,-4.88541101241449],[-43.367591680842,-4.88588449644157],[-43.3669011833025,-4.88544060516619],[-43.3665657987833,-4.88605218870115],[-43.3647606409302,-4.88586476794045],[-43.3635078811086,-4.88688078574853],[-43.3727901408892,-4.88801517456337],[-43.375009597266,-4.88736413402614],[-43.3732734891668,-4.88508549214589],[-43.3687556624085,-4.88575626118425]]]}},{"type":"Feature","properties":{"id":"21032080001","state":"MA","municipality":"2103208","origin":"face","accuracy":"otima","notes":""},"geometry":{"type":"Polygon","coordinates":[[[-43.3605091117713,-3.73326137832216],[-43.3609257135056,-3.73423525250604],[-43.3618563043924,-3.73430558786376],[-43.3616885816163,-3.73539308070246],[-43.3633387573167,-3.7361613592253],[-43.3636255091598,-3.73456528764614],[-43.3625163746726,-3.73365633840784],[-43.3626786870366,-3.73309906595819],[-43.3623486518965,-3.73356977181373],[-43.3619536918108,-3.73340745944974],[-43.362126824999,-3.73289888070925],[-43.3618346627438,-3.73332089285561],[-43.3614505234824,-3.73318022214016],[-43.3613747777126,-3.73262294969049],[-43.3612016445243,-3.73313693884309],[-43.3605091117713,-3.73326137832216]]]}},{"type":"Feature","properties":{"id":"21032080002","state":"MA","municipality":"2103208","origin":"face","accuracy":"otima","notes":""},"geometry":{"type":"Polygon","coordinates":[[[-43.3647833373562,-3.72818641174165],[-43.3636796132811,-3.73150840479114],[-43.3638202839966,-3.73210355012574],[-43.3645561000466,-3.73236324990813],[-43.3637878215238,-3.73451659393696],[-43.3647400540592,-3.73502517267742],[-43.3639393130635,-3.73813074924162],[-43.3645561000466,-3.74072774706531],[-43.36428557944,-3.74171244207349],[-43.3649456497202,-3.74205870844997],[-43.3645885625194,-3.74315161170077],[-43.3685381633763,-3.74408220258762],[-43.3692739794264,-3.74253482471766],[-43.3713082943883,-3.74264303296031],[-43.3701288245433,-3.74427697742441],[-43.3700314371249,-3.74515346418988],[-43.3716112774677,-3.74632211321055],[-43.3712325486184,-3.74771799954082],[-43.3703019577316,-3.7474366581099],[-43.3693713668447,-3.74643032145321],[-43.3671530978703,-3.74638703815616],[-43.3639393130635,-3.74459078132809],[-43.363755359051,-3.74495868935312],[-43.3623053685994,-3.74481801863766],[-43.3614072401854,-3.74518592666268],[-43.3595352375875,-3.74407138176335],[-43.3569274189395,-3.74377921950818],[-43.3566460775086,-3.74416876918172],[-43.3534214718774,-3.74481801863766],[-43.3527289391245,-3.74557547633625],[-43.3527397599487,-3.74633293403482],[-43.3520472271957,-3.74650606722307],[-43.3510841738361,-3.74817247415997],[-43.3507379074596,-3.74740419563711],[-43.3516576775222,-3.74656017134441],[-43.3508569365266,-3.7444609314369],[-43.3473401686403,-3.74528331408107],[-43.3469181564939,-3.74596502600979],[-43.3471345729792,-3.74912470669531],[-43.3467017400086,-3.74924373576224],[-43.3493636627779,-3.7538317652508],[-43.3490282172257,-3.7551410849869],[-43.3494177668993,-3.7540806442089],[-43.3502834328405,-3.75533585982369],[-43.350835294878,-3.75528175570237],[-43.3508785781751,-3.75587690103697],[-43.3510733530119,-3.75528175570237],[-43.3552610120026,-3.75453511882806],[-43.3557912323916,-3.75476235613761],[-43.3557695907431,-3.75519518910825],[-43.3569707022366,-3.75535750147221],[-43.3588751673073,-3.75640712142597],[-43.3600762788007,-3.75993471013651],[-43.3628247681642,-3.76163357954619],[-43.3625434267333,-3.76216379993519],[-43.3635605842142,-3.76218544158371],[-43.3629221555825,-3.76305110752496],[-43.3636904341054,-3.76227200817785],[-43.3642747586157,-3.76274812444553],[-43.3669150397365,-3.75936120645043],[-43.3684948800793,-3.75494631015012],[-43.3672504852887,-3.75255490798747],[-43.3671314562218,-3.75076947198368],[-43.3686571924433,-3.75113738000868],[-43.3707564323507,-3.75063962209248],[-43.3718709772501,-3.74955753966595],[-43.3730396262708,-3.75033663901306],[-43.3725635100031,-3.74885418608869],[-43.3746302874378,-3.74669002123558],[-43.3762317694291,-3.73944006897773],[-43.3759937112952,-3.7369404585724],[-43.3705291950412,-3.72851103646963],[-43.3666228774813,-3.72617373842828],[-43.3647833373562,-3.72818641174165]]]}},{"type":"Feature","properties":{"id":"21033070001","state":"MA","municipality":"2103307","origin":"face","accuracy":"otima","notes":""},"geometry":{"type":"Polygon","coordinates":[[[-43.9068488173579,-4.4614850600782],[-43.8986193640001,-4.45884853320737],[-43.8967631327657,-4.46000686027012],[-43.8962784770909,-4.46075323000929],[-43.8956823506109,-4.46074353689578],[-43.8955127211248,-4.46137843582975],[-43.8945724891157,-4.46203756754746],[-43.8937049554578,-4.46669510858212],[-43.8941362990084,-4.47045119006169],[-43.8946597271371,-4.47037364515373],[-43.8951056103579,-4.47260306125773],[-43.8952897795144,-4.4717597603836],[-43.9019004829184,-4.47361599161804],[-43.9025886939766,-4.46835747754663],[-43.9048084169671,-4.4692977095557],[-43.9049247343291,-4.46894875746987],[-43.9026371595441,-4.46794067366633],[-43.9030042862177,-4.46497094601907],[-43.9035010582844,-4.46478556522348],[-43.9030939475176,-4.4637786930591],[-43.9032635770037,-4.46220840867282],[-43.9036561481003,-4.46209209131086],[-43.9032684235605,-4.4619757739489],[-43.903336275355,-4.46153473728485],[-43.903854856927,-4.46159774252258],[-43.9033653546954,-4.46142326647964],[-43.9034368414075,-4.46078715590652],[-43.9068488173579,-4.4614850600782]]]}},{"type":"Feature","properties":{"id":"21033070003","state":"MA","municipality":"2103307","origin":"face","accuracy":"otima","notes":""},"geometry":{"type":"Polygon","coordinates":[[[-43.8850938357561,-4.45691508751206],[-43.8866153608442,-4.45666012925405],[-43.8877256629356,-4.45371577259704],[-43.8856243134219,-4.45306604026211],[-43.8857024457913,-4.45258902158582],[-43.8854557119933,-4.4529920201227],[-43.8828937927233,-4.45177068782221],[-43.8810268403179,-4.45484663583821],[-43.8850938357561,-4.45691508751206]]]}},{"type":"Feature","properties":{"id":"21033070002","state":"MA","municipality":"2103307","origin":"face","accuracy":"otima","notes":""},"geometry":{"type":"Polygon","coordinates":[[[-43.8753930852618,-4.45098525189835],[-43.8729997674206,-4.45363352799767],[-43.873959973118,-4.45654293069996],[-43.8746426032927,-4.45669919543873],[-43.8727489213925,-4.4581754859972],[-43.8711739373148,-4.46051945707891],[-43.8725885444237,-4.45867717805328],[-43.8747598018468,-4.45685134794756],[-43.8754424320215,-4.45686368463746],[-43.8787815627554,-4.45475411066392],[-43.8796081209789,-4.45528047609981],[-43.8789789497939,-4.45463074376488],[-43.8818904086111,-4.45219630362389],[-43.8836627797273,-4.44961793543405],[-43.8834037092393,-4.44951924191481],[-43.8848676631079,-4.44656666079787],[-43.881647787043,-4.44520551267849],[-43.8794765296199,-4.44484363644133],[-43.8753930852618,-4.45098525189835]]]}},{"type":"Feature","properties":{"id":"21033070004","state":"MA","municipality":"2103307","origin":"face","accuracy":"otima","notes":""},"geometry":{"type":"Polygon","coordinates":[[[-43.8810039019348,-4.46399685555449],[-43.8826335336187,-4.46350177757459],[-43.8812411268002,-4.46379057306287],[-43.8832678522805,-4.46205780013319],[-43.8837474590735,-4.46227439674939],[-43.8834947630213,-4.46184636057926],[-43.8840878251847,-4.46133065435019],[-43.8845313325417,-4.4617690046449],[-43.884165181119,-4.461273926665],[-43.8848510704037,-4.46067570743926],[-43.8848459133414,-4.46000013227917],[-43.885335834259,-4.45987120572192],[-43.8848665415906,-4.45989183397107],[-43.8851295517674,-4.45921625881099],[-43.8847840285939,-4.45696262258993],[-43.8845313325417,-4.45772586780898],[-43.8842270658665,-4.45692910168504],[-43.8840723539978,-4.45745512203869],[-43.8803489550239,-4.45516796491277],[-43.8795934453983,-4.45518859316191],[-43.8748386339663,-4.45794762148747],[-43.8710842926186,-4.46209389956922],[-43.8694340326856,-4.46582761266773],[-43.8662985388128,-4.47102593145678],[-43.8739103627539,-4.47265556314065],[-43.8754574814412,-4.4690662477863],[-43.8783248080748,-4.46659085788674],[-43.8810039019348,-4.46399685555449]]]}},{"type":"Feature","properties":{"id":"21034060001","state":"MA","municipality":"2103406","origin":"face","accuracy":"otima","notes":""},"geometry":{"type":"Polygon","coordinates":[[[-43.0293695720237,-4.26549191987607],[-43.025465524659,-4.26783343772986],[-43.0284940637925,-4.26973651854437],[-43.0285086328323,-4.26923752893369],[-43.0304390305963,-4.2671887577219],[-43.030344331838,-4.26528749803735],[-43.0296085953317,-4.26533848967641],[-43.0292311661463,-4.26474525659],[-43.0293695720237,-4.26549191987607]]]}},{"type":"Feature","properties":{"id":"21034060003","state":"MA","municipality":"2103406","origin":"face","accuracy":"otima","notes":""},"geometry":{"type":"Polygon","coordinates":[[[-43.0143090548459,-4.24919121319137],[-43.0125409652902,-4.24966584518876],[-43.011207898155,-4.25169822623086],[-43.0109310864002,-4.25353392523661],[-43.0094450443479,-4.25410211778601],[-43.0032313489038,-4.2537597453524],[-43.0019638424474,-4.25541333136155],[-43.0023499220002,-4.25614906786783],[-43.001344658259,-4.25588682515273],[-43.0027214325133,-4.25684109725492],[-43.0070411527927,-4.256622561659],[-43.0077987428586,-4.25607622266918],[-43.0085563329245,-4.25614906786783],[-43.008687454282,-4.25562458243763],[-43.0102754796124,-4.25631661182472],[-43.0111277684365,-4.25537690876224],[-43.0118926430222,-4.25545703848074],[-43.0135607980711,-4.25341008839892],[-43.0151998150405,-4.25220814262135],[-43.0157170159509,-4.25244853177686],[-43.0157752921098,-4.25169094171099],[-43.0164964595764,-4.25123930147942],[-43.016678572573,-4.24775730098438],[-43.0164163298579,-4.24737122143157],[-43.0158335682687,-4.24755333442818],[-43.0143090548459,-4.24919121319137]]]}},{"type":"Feature","properties":{"id":"21034060002","state":"MA","municipality":"2103406","origin":"face","accuracy":"otima","notes":""},"geometry":{"type":"Polygon","coordinates":[[[-43.0237372723213,-4.25568285859652],[-43.023216429151,-4.25642952188259],[-43.0231945755914,-4.25734372912556],[-43.0241452054337,-4.25917942813131],[-43.0266401534871,-4.25853474812333],[-43.0269752414009,-4.25792284845475],[-43.0266401534872,-4.25797019783387],[-43.0260100425189,-4.25617456368736],[-43.0259736199196,-4.25672090267718],[-43.024502146907,-4.25694672279295],[-43.0243127493905,-4.25561729791776],[-43.0237372723213,-4.25568285859652]]]}},{"type":"Feature","properties":{"id":"21035540002","state":"MA","municipality":"2103554","origin":"face","accuracy":"otima","notes":""},"geometry":{"type":"Polygon","coordinates":[[[-44.895257067554,-3.83752491283414],[-44.8961826601086,-3.83748643294133],[-44.8965027608671,-3.83829066218984],[-44.8980569850318,-3.83767113637194],[-44.8975903321188,-3.83663987501728],[-44.8968035784474,-3.83638590747402],[-44.8969732704157,-3.83588951615407],[-44.8982073938219,-3.83724016162985],[-44.8985270093629,-3.83805485658302],[-44.8992332589033,-3.83790201561368],[-44.8989825775865,-3.83848306142141],[-44.8977754506298,-3.83877166018484],[-44.8973357941663,-3.84031469991918],[-44.8982999530774,-3.84057251426816],[-44.8985159246735,-3.84152681147298],[-44.8990712802063,-3.8413805885834],[-44.8990558536637,-3.84000301381493],[-44.9004442424957,-3.8397490472741],[-44.9006679273631,-3.83881783597804],[-44.9003516832402,-3.83858695698717],[-44.9009224653156,-3.83810211090318],[-44.9006293610066,-3.83752491282527],[-44.9000122993035,-3.83766344039955],[-44.9005290884798,-3.83667065895419],[-44.8999197400481,-3.83550856447899],[-44.8980454151249,-3.8350775886428],[-44.8977214577307,-3.8340463241526],[-44.8965490404948,-3.83430798839477],[-44.8957931399086,-3.83498523664961],[-44.8952069312906,-3.83480822863479],[-44.8952609241896,-3.83368461168599],[-44.8943738979914,-3.83344603529447],[-44.8944664572469,-3.83265334551563],[-44.8938648220863,-3.83208383978409],[-44.8937954026447,-3.83026757572929],[-44.8926692650366,-3.82893615937603],[-44.8920444900622,-3.82878223827681],[-44.8906329614164,-3.82959801978739],[-44.889661089234,-3.82958262769061],[-44.8885580914397,-3.83241861684789],[-44.8891134469724,-3.83333444308852],[-44.8886660772377,-3.83479668463257],[-44.8889437550041,-3.83540466853837],[-44.8902318713093,-3.83548932449097],[-44.8905712552461,-3.83608191592422],[-44.89161254687,-3.83652058723997],[-44.8924841465257,-3.83579716424585],[-44.8947595615559,-3.83622044373201],[-44.8952532109183,-3.83572790031219],[-44.895257067554,-3.83752491283414]]]}},{"type":"Feature","properties":{"id":"21035540001","state":"MA","municipality":"2103554","origin":"setor","accuracy":"otima","notes":""},"geometry":{"type":"Polygon","coordinates":[[[-44.7244077989999,-3.73703507799991],[-44.7223413418168,-3.73572907534981],[-44.7215279725307,-3.73854841852319],[-44.7238339104692,-3.74015832555206],[-44.7246970964618,-3.73650372006864],[-44.7244077989999,-3.73703507799991]]]}},{"type":"Feature","properties":{"id":"21048000006","state":"MA","municipality":"2104800","origin":"face","accuracy":"otima","notes":""},"geometry":{"type":"Polygon","coordinates":[[[-46.128357332325,-5.81199828978918],[-46.1278938577153,-5.81268992779786],[-46.1289277624063,-5.81328698140904],[-46.1293258751889,-5.81279633288443],[-46.128357332325,-5.81199828978918]]]}},{"type":"Feature","properties":{"id":"21048000004","state":"MA","municipality":"2104800","origin":"face","accuracy":"otima","notes":""},"geometry":{"type":"Polygon","coordinates":[[[-46.1455534265493,-5.81606238816863],[-46.1442937263743,-5.81623381873575],[-46.1438480781263,-5.81868704067434],[-46.1428557670799,-5.820702813484],[-46.1414653432509,-5.82190872610677],[-46.1408414349842,-5.82359936521847],[-46.1425230161242,-5.82391266473765],[-46.1451493719459,-5.82139443980151],[-46.1457970474957,-5.82016488040484],[-46.1455534265493,-5.81606238816863]]]}},{"type":"Feature","properties":{"id":"21067550002","state":"MA","municipality":"2106755","origin":"face","accuracy":"otima","notes":""},"geometry":{"type":"Polygon","coordinates":[[[-44.5760158340052,-3.56913714681433],[-44.575781814679,-3.56987068518386],[-44.5770568481952,-3.5702495448345],[-44.5774613565662,-3.5712905590246],[-44.5765119516248,-3.57420301929575],[-44.5799098219412,-3.57507747121543],[-44.5813232217787,-3.57196513621972],[-44.5799776365798,-3.57121560600291],[-44.5800847123251,-3.56868148003172],[-44.5789044996662,-3.56750602629478],[-44.5788902229001,-3.56682074152515],[-44.5786142054235,-3.56722524989614],[-44.5773578500125,-3.56737753540051],[-44.5765964224906,-3.56682074152515],[-44.5769143431691,-3.56609554368579],[-44.576556595881,-3.56599685477871],[-44.5763468819536,-3.56673702158156],[-44.57542167345,-3.56629292149991],[-44.5755080262436,-3.56579947696459],[-44.575100934502,-3.56571312417089],[-44.5749529011415,-3.56625591315975],[-44.5730901480209,-3.56566377971741],[-44.5723006367645,-3.5664162826336],[-44.5722636284243,-3.56737849947734],[-44.5711040337666,-3.56700841607592],[-44.571035641126,-3.56729343211965],[-44.5724276258146,-3.56761227989433],[-44.572239648395,-3.56818335053578],[-44.5725918086239,-3.56852123399866],[-44.5760158340052,-3.56913714681433]]]}},{"type":"Feature","properties":{"id":"21069040001","state":"MA","municipality":"2106904","origin":"face","accuracy":"otima","notes":""},"geometry":{"type":"Polygon","coordinates":[[[-45.3455103669534,-3.59849801502838],[-45.343950721498,-3.59852689735157],[-45.3424488406892,-3.59927783775602],[-45.3425210464974,-3.60106854179731],[-45.3412646654361,-3.59992769002908],[-45.3394595202332,-3.6004475718474],[-45.3385930505358,-3.59988436654419],[-45.3370478462421,-3.60017318977663],[-45.3367734641713,-3.60132848270655],[-45.3392284616473,-3.60228159937368],[-45.344655205049,-3.60320620893287],[-45.3455103669534,-3.59849801502838]]]}},{"type":"Feature","properties":{"id":"21072090001","state":"MA","municipality":"2107209","origin":"face","accuracy":"otima","notes":""},"geometry":{"type":"Polygon","coordinates":[[[-43.9197105612964,-3.46162324346191],[-43.9233135633497,-3.46054910904697],[-43.9248105853296,-3.4595257211398],[-43.9238464016816,-3.45908591807227],[-43.916471242549,-3.46040532727487],[-43.9140354101749,-3.45632869114884],[-43.9126990854697,-3.45570281755272],[-43.9100264360592,-3.45636252215405],[-43.9071846316228,-3.45851079098395],[-43.9032771505228,-3.45905208706708],[-43.901331867724,-3.46020234124372],[-43.9004353460864,-3.46169090547232],[-43.9007229096305,-3.46412673784637],[-43.9000970360344,-3.4676620778893],[-43.8996234019617,-3.46767899339188],[-43.8981010067279,-3.47055462883349],[-43.8952930332967,-3.47194170004649],[-43.8950054697525,-3.47300737671016],[-43.8958174138772,-3.47530788506344],[-43.8971875695876,-3.47520639204785],[-43.8980840912253,-3.47559544860759],[-43.901331867724,-3.47801436547906],[-43.9008413181487,-3.47941835219467],[-43.8996403174643,-3.47967208473364],[-43.898726880324,-3.48061935287911],[-43.8995895709565,-3.48144821250639],[-43.9008244026461,-3.48132980398823],[-43.9024313753929,-3.48190493107654],[-43.9065080115189,-3.4807039303921],[-43.9099080275411,-3.47928302817389],[-43.9110244507125,-3.47826809801804],[-43.9136463536152,-3.47705018183099],[-43.9148896430561,-3.47581535014137],[-43.9163232319012,-3.47799744997646],[-43.9166107954454,-3.47781560832355],[-43.9109525598264,-3.4694001457812],[-43.9120520674953,-3.4715568723624],[-43.9094639955979,-3.47123547781304],[-43.9097600168933,-3.47044044919095],[-43.9096331506238,-3.46956084305587],[-43.9091595165511,-3.47127776656955],[-43.9079754313693,-3.47148075260071],[-43.9070873674829,-3.47099020302537],[-43.9073072690166,-3.46855437065132],[-43.9062669656069,-3.4678862082987],[-43.906410747379,-3.46732799671298],[-43.9045500420932,-3.46685436264025],[-43.9039326262484,-3.46854591290002],[-43.9034928231809,-3.46878272993639],[-43.9014967938744,-3.468063821076],[-43.9024694352737,-3.46660908785258],[-43.904600788601,-3.46638918631881],[-43.9048291478861,-3.46378419891876],[-43.9073157267679,-3.46338668460774],[-43.9077893608407,-3.46303145905318],[-43.907882396105,-3.46192349363303],[-43.9084236921881,-3.46183891612004],[-43.9089480727686,-3.46297225479408],[-43.9099037986654,-3.46312449431746],[-43.9090749390381,-3.4636657904006],[-43.9101237001992,-3.4635135508772],[-43.9141073010609,-3.46483296007982],[-43.9165642778133,-3.46378842779442],[-43.9197105612964,-3.46162324346191]]]}},{"type":"Feature","properties":{"id":"21074560002","state":"MA","municipality":"2107456","origin":"face","accuracy":"otima","notes":""},"geometry":{"type":"Polygon","coordinates":[[[-44.9934741955851,-3.00256861678844],[-44.9940132501215,-3.00045386437655],[-44.992181846889,-2.99823544763074],[-44.9911797583278,-2.99777932456151],[-44.9906268818802,-2.99811796138564],[-44.9901500259442,-2.99771712596118],[-44.9912212240613,-3.00010831659684],[-44.9909931625267,-3.00041239864298],[-44.9921542030666,-3.00235437716502],[-44.992147292111,-3.00328735617024],[-44.9926794356918,-3.00347395197129],[-44.9934741955851,-3.00256861678844]]]}},{"type":"Feature","properties":{"id":"21074560001","state":"MA","municipality":"2107456","origin":"face","accuracy":"otima","notes":""},"geometry":{"type":"Polygon","coordinates":[[[-45.0004233260095,-2.99735972465451],[-44.9992968105139,-2.997171144968],[-44.999525091187,-2.99783613649406],[-44.9990337914774,-2.99803960405056],[-44.9995201285637,-2.99794531420729],[-44.9993662872405,-2.99881377328985],[-44.9985077534046,-3.00010901797868],[-44.9979320890985,-2.99944402645261],[-44.998363837328,-3.00017353208195],[-44.9967212090062,-3.00089807508795],[-44.9960661427268,-3.000476252105],[-45.0007707096425,-3.00490291211433],[-44.998904142943,-3.00296004508109],[-45.0006404407801,-3.00062140883737],[-45.0021143399088,-2.99955196351001],[-45.0012706939429,-2.99726915677875],[-45.0006975109484,-2.99693914232736],[-45.0004233260095,-2.99735972465451]]]}},{"type":"Feature","properties":{"id":"21078030004","state":"MA","municipality":"2107803","origin":"face","accuracy":"otima","notes":""},"geometry":{"type":"Polygon","coordinates":[[[-43.0962083983826,-5.67334977863229],[-43.0935232264141,-5.6734359338826],[-43.0932611708611,-5.67548660833041],[-43.0929057804535,-5.67571276586251],[-43.0948550429921,-5.67568404744573],[-43.0959140346106,-5.67436210282357],[-43.0962083983826,-5.67334977863229]]]}},{"type":"Feature","properties":{"id":"21078030003","state":"MA","municipality":"2107803","origin":"face","accuracy":"otima","notes":""},"geometry":{"type":"Polygon","coordinates":[[[-43.0954904379632,-5.6780452397749],[-43.0965889174048,-5.67758574510651],[-43.0966678930509,-5.67711189122973],[-43.0944709341677,-5.67551801909874],[-43.0943632401048,-5.67595597495455],[-43.0923744897432,-5.67571904801617],[-43.0915488352609,-5.67551801909874],[-43.0914339615938,-5.67457031134519],[-43.0899693223383,-5.67459185015777],[-43.0899118855047,-5.67529545136876],[-43.0910749813841,-5.67658778012361],[-43.0929488580786,-5.67662367814457],[-43.0953396662751,-5.6777293371904],[-43.0954904379632,-5.6780452397749]]]}},{"type":"Feature","properties":{"id":"21078030001","state":"MA","municipality":"2107803","origin":"face","accuracy":"otima","notes":""},"geometry":{"type":"Polygon","coordinates":[[[-43.0905293314654,-5.68897618715969],[-43.090996005738,-5.69069929216616],[-43.0905867682989,-5.69109417039683],[-43.0913119083225,-5.6932624108633],[-43.0898544486712,-5.69662246562592],[-43.0910247241548,-5.69689529058525],[-43.0922093588467,-5.69488500141104],[-43.0932001442254,-5.69438242911749],[-43.095669928068,-5.69408088574137],[-43.0974289310955,-5.6944973027846],[-43.0983694592449,-5.69406652653298],[-43.0983192020155,-5.69358549305201],[-43.0991017788726,-5.69428191465878],[-43.1009828351713,-5.69390857524073],[-43.1038833952656,-5.69418857980429],[-43.105976249888,-5.69215316201538],[-43.1059116334502,-5.69034390175858],[-43.1058757354293,-5.69201315973361],[-43.1041203222039,-5.69328753947796],[-43.1039874995264,-5.69394806306379],[-43.1009433473483,-5.69365369929185],[-43.0990622910495,-5.69400908969943],[-43.0981612507232,-5.69319420462347],[-43.0969945650418,-5.69295009808087],[-43.0948119653669,-5.69320856383184],[-43.0925396206396,-5.69259470767329],[-43.0910211343527,-5.69017159125795],[-43.0908021564248,-5.68893310953455],[-43.0905293314654,-5.68897618715969]]]}},{"type":"Feature","properties":{"id":"21082070003","state":"MA","municipality":"2108207","origin":"face","accuracy":"otima","notes":""},"geometry":{"type":"Polygon","coordinates":[[[-44.6099740779999,-4.57282121699996],[-44.6066478009552,-4.57270125256059],[-44.6057951267436,-4.57179502282197],[-44.6059324839999,-4.57021230999993],[-44.6046236089999,-4.56359718399996],[-44.6050030785292,-4.56191535770751],[-44.6062984305281,-4.5598837118638],[-44.6062627787042,-4.55889454124998],[-44.6058290140977,-4.56012656209107],[-44.6048485875922,-4.56025094822253],[-44.6034878737663,-4.56363307090949],[-44.600201957854,-4.56629848069031],[-44.5995245723011,-4.56549293545057],[-44.5997949318905,-4.56512866325717],[-44.5992482699916,-4.56495689184699],[-44.5997473964251,-4.56483842954977],[-44.5992363863501,-4.56477327546624],[-44.5996344991327,-4.56426980890445],[-44.5992007345261,-4.56437050239674],[-44.5995394273027,-4.56336949130896],[-44.6000326119155,-4.56312071904592],[-44.6001573928494,-4.56341687658751],[-44.6003772465127,-4.56269425243772],[-44.599272038174,-4.56192424210997],[-44.5991769663438,-4.56070407073623],[-44.5987016080927,-4.56050268375175],[-44.5985708844386,-4.56254025073196],[-44.597750890691,-4.56264686715912],[-44.597489443383,-4.56431719418301],[-44.5980836416467,-4.56434088592313],[-44.5984758126086,-4.56541889606508],[-44.5980717580052,-4.565774283856],[-44.5987729117405,-4.56571505270741],[-44.5993195736393,-4.56667459875367],[-44.5989036353944,-4.56841599290368],[-44.6003891301542,-4.57078522985439],[-44.6011615875372,-4.57060753820731],[-44.60156564304,-4.56951768938973],[-44.602338100423,-4.56888984119322],[-44.6038830151888,-4.56859368634953],[-44.6047386607605,-4.56893722557244],[-44.6057131454452,-4.57018107519645],[-44.605499234502,-4.57178030811464],[-44.6048693844144,-4.57251476824184],[-44.6053209744833,-4.57451676343778],[-44.6076739993554,-4.57462337806635],[-44.6104489042934,-4.57708144015625],[-44.6108410752553,-4.57791066454549],[-44.6118868644872,-4.57814758554252],[-44.612355050645,-4.5775055271583],[-44.6104222735507,-4.57586288939241],[-44.6099689219999,-4.57594588299992],[-44.6100914525267,-4.57433834944363],[-44.6099740779999,-4.57282121699996]]]}},{"type":"Feature","properties":{"id":"21083060004","state":"MA","municipality":"2108306","origin":"face","accuracy":"otima","notes":""},"geometry":{"type":"Polygon","coordinates":[[[-45.170576160048,-3.29413935625585],[-45.1709829749043,-3.29485456301932],[-45.1695624036722,-3.29613734212261],[-45.1696444227965,-3.29669835293251],[-45.1719343967456,-3.29728560986213],[-45.1723362904544,-3.29651339980731],[-45.1717654373496,-3.29618860407528],[-45.1712405149544,-3.29675617641509],[-45.1707976116835,-3.29637560767858],[-45.1725136568106,-3.29425807893828],[-45.17257271058,-3.29330009556705],[-45.1729664023764,-3.29351662605507],[-45.1723168109123,-3.29300482671976],[-45.1701121368526,-3.29345101075567],[-45.1706698668974,-3.29265050410301],[-45.1700727676729,-3.29209933558807],[-45.1694362992688,-3.29351662605507],[-45.170576160048,-3.29413935625585]]]}},{"type":"Feature","properties":{"id":"21083060002","state":"MA","municipality":"2108306","origin":"face","accuracy":"otima","notes":""},"geometry":{"type":"Polygon","coordinates":[[[-45.1800538650641,-3.29456491497915],[-45.1802186716417,-3.29392546545835],[-45.1794671536481,-3.2925608669964],[-45.1784387606044,-3.29179616447667],[-45.1789925107049,-3.29138744416438],[-45.1784980909723,-3.29024039038478],[-45.1776674658215,-3.28998988438693],[-45.1779179718194,-3.29073481011738],[-45.1772125996675,-3.29162476563603],[-45.1795989989102,-3.29443306971713],[-45.1800538650641,-3.29456491497915]]]}},{"type":"Feature","properties":{"id":"21083060001","state":"MA","municipality":"2108306","origin":"face","accuracy":"otima","notes":""},"geometry":{"type":"Polygon","coordinates":[[[-45.2874754194345,-3.32365534323885],[-45.2863832793958,-3.32503748656473],[-45.284161977622,-3.32476599412572],[-45.283785590377,-3.32541387380974],[-45.2859143379102,-3.32673431430857],[-45.2881603208148,-3.32663558978529],[-45.2882775561862,-3.32599388038399],[-45.2871545647339,-3.32591983699155],[-45.2881850019456,-3.32371087578319],[-45.2874754194345,-3.32365534323885]]]}},{"type":"Feature","properties":{"id":"21083060003","state":"MA","municipality":"2108306","origin":"face","accuracy":"otima","notes":""},"geometry":{"type":"Polygon","coordinates":[[[-45.1802565771545,-3.29752648917735],[-45.178338228592,-3.29607619129511],[-45.1787205798519,-3.29649150387048],[-45.1778569933856,-3.29655083423838],[-45.1762550734521,-3.2955751792994],[-45.1758529454029,-3.29483684583208],[-45.1761232281901,-3.29428309573157],[-45.1756288084575,-3.29380186052519],[-45.1746267844661,-3.29491595298929],[-45.1746531535185,-3.29580590850794],[-45.1758133918243,-3.29769129575488],[-45.176116635927,-3.29736168259984],[-45.1759056835077,-3.29626736692504],[-45.1767363086585,-3.29696614681375],[-45.1795577972658,-3.29748034333566],[-45.1802565771545,-3.29752648917735]]]}},{"type":"Feature","properties":{"id":"21084540002","state":"MA","municipality":"2108454","origin":"face","accuracy":"otima","notes":""},"geometry":{"type":"Polygon","coordinates":[[[-44.3310140958066,-4.37521580472961],[-44.3337952446369,-4.37627028865167],[-44.3356269378242,-4.37415711967639],[-44.3348203206408,-4.37319926177109],[-44.3310140958066,-4.37460664071089],[-44.3310140958066,-4.37521580472961]]]}},{"type":"Feature","properties":{"id":"21084540001","state":"MA","municipality":"2108454","origin":"face","accuracy":"otima","notes":""},"geometry":{"type":"Polygon","coordinates":[[[-44.3362434538225,-4.37071954410181],[-44.3383671256256,-4.37063762204411],[-44.3378461853614,-4.37047377792872],[-44.3377810678283,-4.36999484897609],[-44.3356910050745,-4.36955793133506],[-44.3350776399245,-4.37014608969797],[-44.3350797404901,-4.37148099912521],[-44.3342878272658,-4.37256594124818],[-44.3362434538225,-4.37071954410181]]]}},{"type":"Feature","properties":{"id":"21084540003","state":"MA","municipality":"2108454","origin":"face","accuracy":"otima","notes":""},"geometry":{"type":"Polygon","coordinates":[[[-44.3387673212879,-4.37950583178125],[-44.3392674014048,-4.37842873614498],[-44.3397171776045,-4.37652310540387],[-44.3394508627494,-4.37471216438905],[-44.3398237035466,-4.37464114709435],[-44.3403918419042,-4.37291305958999],[-44.3417293342877,-4.37306101228727],[-44.3420903388691,-4.37232124880082],[-44.3421554380559,-4.37151638612757],[-44.3416168902377,-4.37063458805173],[-44.3402202167753,-4.37077662264112],[-44.3388945606076,-4.37169392936433],[-44.334669031573,-4.373185292553],[-44.3363734466458,-4.37397831901049],[-44.3371901455348,-4.37526846653084],[-44.3363852828615,-4.37984316393106],[-44.3372493266137,-4.38036691647947],[-44.3387673212879,-4.37950583178125]]]}},{"type":"Feature","properties":{"id":"21084540005","state":"MA","municipality":"2108454","origin":"face","accuracy":"otima","notes":""},"geometry":{"type":"Polygon","coordinates":[[[-44.3401521585345,-4.38300195401823],[-44.3408682495894,-4.38326826887335],[-44.3409629393157,-4.38267645808417],[-44.3396964642269,-4.38135080191645],[-44.3401521585345,-4.38300195401823]]]}},{"type":"Feature","properties":{"id":"21084540004","state":"MA","municipality":"2108454","origin":"face","accuracy":"otima","notes":""},"geometry":{"type":"Polygon","coordinates":[[[-44.3409747755315,-4.374660380945],[-44.3401136908333,-4.37652902351177],[-44.3394153541021,-4.37891993909997],[-44.3394922895046,-4.38054741877017],[-44.3406699929751,-4.3789140209921],[-44.3402202167753,-4.37818017561352],[-44.3404273505515,-4.37771856319799],[-44.3418240240139,-4.37708532565359],[-44.3423507356163,-4.37532764760977],[-44.3421199294085,-4.3743807503471],[-44.3409747755315,-4.374660380945]]]}},{"type":"Feature","properties":{"id":"21093040002","state":"MA","municipality":"2109304","origin":"face","accuracy":"otima","notes":""},"geometry":{"type":"Polygon","coordinates":[[[-44.0297946744966,-3.40184636415053],[-44.029081804075,-3.40282963369747],[-44.0293399123311,-3.40355479498832],[-44.0285041332162,-3.40566882451423],[-44.0278650080107,-3.40547217060484],[-44.0283689336535,-3.4059269327703],[-44.0277052267093,-3.4059638053783],[-44.0279264623574,-3.40635711319707],[-44.0268940293331,-3.4081024166429],[-44.0259722141329,-3.40853259706968],[-44.0256280697914,-3.40807783490421],[-44.0250381080632,-3.40847114272299],[-44.0245956367671,-3.40919630401386],[-44.025025817194,-3.40993375617404],[-44.0260459593489,-3.40952815748594],[-44.0265498849917,-3.40995833791273],[-44.0277052267093,-3.40967564791799],[-44.0279879167041,-3.41004437399808],[-44.0289220227736,-3.40981084748069],[-44.0293522032004,-3.41011811921409],[-44.0309868888222,-3.40997062878206],[-44.0314047783796,-3.40955273922461],[-44.0316260140277,-3.40471013670597],[-44.0320193218465,-3.4045503554046],[-44.031601432289,-3.40419392019384],[-44.0316137231584,-3.40260839804939],[-44.0311220883849,-3.40141618372375],[-44.0305075449181,-3.40102287590496],[-44.0300527827526,-3.40142847459307],[-44.0293276214618,-3.40120723894502],[-44.0297946744966,-3.40184636415053]]]}},{"type":"Feature","properties":{"id":"21096010001","state":"MA","municipality":"2109601","origin":"face","accuracy":"otima","notes":""},"geometry":{"type":"Polygon","coordinates":[[[-44.2561295597569,-2.92233171855559],[-44.2562911350743,-2.92103911601659],[-44.2554685698222,-2.92091426236225],[-44.2552629285092,-2.92186168126867],[-44.2543595755984,-2.92142836564482],[-44.2527438224246,-2.92515194227705],[-44.2550572871961,-2.92613608284653],[-44.2565114650525,-2.92266221352294],[-44.2561295597569,-2.92233171855559]]]}},{"type":"Feature","properties":{"id":"21096010002","state":"MA","municipality":"2109601","origin":"face","accuracy":"otima","notes":""},"geometry":{"type":"Polygon","coordinates":[[[-44.2503312091629,-2.92438078735323],[-44.2491377551141,-2.9246451833271],[-44.2488072601468,-2.92432203269234],[-44.2487778828163,-2.92475167614992],[-44.2483408950261,-2.92443954201409],[-44.248315189862,-2.92488020197057],[-44.2470886863165,-2.92530617326182],[-44.2467251418524,-2.92305146315117],[-44.2449698463591,-2.92789137833984],[-44.2454031619829,-2.92799419899635],[-44.2453517516547,-2.92844220328543],[-44.2465415335372,-2.92862581160064],[-44.2466884201893,-2.92821452897458],[-44.2477606927501,-2.92824390630501],[-44.2493323799282,-2.92859643427019],[-44.2503605864933,-2.92731117606379],[-44.2505368504759,-2.92559260223354],[-44.251117052752,-2.92537227225528],[-44.2506580319639,-2.92499771129228],[-44.2503312091629,-2.92438078735323]]]}},{"type":"Feature","properties":{"id":"21098090002","state":"MA","municipality":"2109809","origin":"face","accuracy":"otima","notes":""},"geometry":{"type":"Polygon","coordinates":[[[-45.3036489171277,-2.23917331757231],[-45.3030504078416,-2.23926810411082],[-45.303221023611,-2.23887270883585],[-45.3025954324569,-2.2392410222426],[-45.3009028156977,-2.23832565509934],[-45.298822928224,-2.2387318831215],[-45.2980917177841,-2.23797359081345],[-45.2974620643498,-2.23448002982253],[-45.3009393762197,-2.2280981875939],[-45.3005033581426,-2.22743468182434],[-45.2997992295707,-2.22744009819797],[-45.2983341005041,-2.22953894297923],[-45.2980226590204,-2.22941436638582],[-45.2969448006681,-2.22856399572607],[-45.2969285515473,-2.22605621473566],[-45.2962000492941,-2.2260183001203],[-45.2958046540192,-2.22887543720969],[-45.2945643044581,-2.22909209215487],[-45.2933293712706,-2.23052743116659],[-45.2929556414902,-2.23048680836434],[-45.2932427092925,-2.23066554869417],[-45.2926306590724,-2.23204943215637],[-45.292738986545,-2.23300542210199],[-45.2945101407217,-2.2334224828714],[-45.2947755430296,-2.23270752155241],[-45.2943991050623,-2.23097157380419],[-45.2955636253926,-2.2300562066609],[-45.2961188036896,-2.23020244874885],[-45.2964871170964,-2.22920583600104],[-45.2971587474265,-2.22963102133094],[-45.2981716092951,-2.2305843030897],[-45.2974999789652,-2.23226879528842],[-45.2961567183051,-2.23389370737721],[-45.296814807701,-2.23787203380788],[-45.2973158222617,-2.2386844898523],[-45.2966631492394,-2.23937507749003],[-45.2974512316024,-2.2387928173248],[-45.2987484530867,-2.23986796749029],[-45.2984288870425,-2.24032565106188],[-45.2989651080318,-2.23989504935834],[-45.299912973417,-2.24012253705077],[-45.2997342330872,-2.24053147325982],[-45.3000402581973,-2.24013336979806],[-45.3023828397919,-2.24069667265555],[-45.3032467513858,-2.23984359380894],[-45.3036489171277,-2.23917331757231]]]}},{"type":"Feature","properties":{"id":"21101040006","state":"MA","municipality":"2110104","origin":"face","accuracy":"otima","notes":""},"geometry":{"type":"Polygon","coordinates":[[[-42.5685500974225,-3.49209851060429],[-42.5686404007177,-3.491511539186],[-42.5665483743807,-3.49175234797297],[-42.5664881721839,-3.4949581149498],[-42.5673084271146,-3.49546983362214],[-42.5672406996433,-3.49492048857682],[-42.5675567611762,-3.49492048857682],[-42.5682942380864,-3.49601917866747],[-42.5681211567707,-3.49502584242114],[-42.5717332885756,-3.49525160065894],[-42.5717784402231,-3.4920684095059],[-42.5685500974225,-3.49209851060429]]]}},{"type":"Feature","properties":{"id":"21101040004","state":"MA","municipality":"2110104","origin":"face","accuracy":"otima","notes":""},"geometry":{"type":"Polygon","coordinates":[[[-42.5485027659056,-3.51213079157204],[-42.5442585110349,-3.50678784661069],[-42.5407366825251,-3.49843479181197],[-42.5377566737861,-3.49282093696526],[-42.5351830298751,-3.49444639627744],[-42.5363419221625,-3.49744145556564],[-42.5401045594593,-3.51344018935132],[-42.5434156802804,-3.51619443985251],[-42.5446648758629,-3.51894869035372],[-42.5438069945592,-3.52620305506182],[-42.5478706428397,-3.52841548579229],[-42.5510162076198,-3.51620949040171],[-42.5485027659056,-3.51213079157204]]]}},{"type":"Feature","properties":{"id":"21101040007","state":"MA","municipality":"2110104","origin":"face","accuracy":"otima","notes":""},"geometry":{"type":"Polygon","coordinates":[[[-42.5672858512908,-3.48742907771903],[-42.5643660447486,-3.48665397443591],[-42.5640725590394,-3.48295153933594],[-42.5617171480917,-3.48439639205787],[-42.561619319522,-3.48991994360947],[-42.5676094380984,-3.48976943811759],[-42.5672858512908,-3.48742907771903]]]}},{"type":"Feature","properties":{"id":"21101040005","state":"MA","municipality":"2110104","origin":"face","accuracy":"otima","notes":""},"geometry":{"type":"Polygon","coordinates":[[[-42.5734942028304,-3.49725332370081],[-42.5749992577491,-3.49613958306096],[-42.5750970863188,-3.4953042775811],[-42.5744574379784,-3.49503336769572],[-42.5740811742487,-3.49577084460589],[-42.5713494995713,-3.49730600062294],[-42.5691972710375,-3.49756185995914],[-42.5690016138981,-3.49605680504044],[-42.568632875443,-3.49607185558963],[-42.5686178248939,-3.49657604898739],[-42.564968066716,-3.49808862918066],[-42.5641854381583,-3.49881105554164],[-42.5644111963961,-3.49924752146806],[-42.5650282689128,-3.49898413685729],[-42.5645918029864,-3.49961625992313],[-42.5650583700112,-3.50033116100951],[-42.5651787744047,-3.50318324008044],[-42.5674438820573,-3.5021748532849],[-42.567782519414,-3.50238556097352],[-42.5679932271026,-3.50111378956724],[-42.576684919258,-3.50034621155871],[-42.5734942028304,-3.49725332370081]]]}},{"type":"Feature","properties":{"id":"21102780001","state":"MA","municipality":"2110278","origin":"face","accuracy":"otima","notes":""},"geometry":{"type":"Polygon","coordinates":[[[-43.2578986592397,-2.49720159157214],[-43.2557259510249,-2.49730975669973],[-43.2549123611522,-2.49554149200542],[-43.2524904028609,-2.49646324700565],[-43.252706733116,-2.49952949323086],[-43.25309236531,-2.49920970067978],[-43.25476187054,-2.50053119636885],[-43.257663517658,-2.50189972037428],[-43.2575788666886,-2.50236530070603],[-43.2579597960509,-2.50231356955805],[-43.2582607772755,-2.50045595106272],[-43.2593471313829,-2.50031486611371],[-43.2594694050053,-2.49950597907269],[-43.2578986592397,-2.49720159157214]]]}},{"type":"Feature","properties":{"id":"21106090001","state":"MA","municipality":"2110609","origin":"face","accuracy":"otima","notes":""},"geometry":{"type":"Polygon","coordinates":[[[-42.4357848239177,-3.36194532268741],[-42.4351368081245,-3.35996315673204],[-42.4340542405643,-3.35994790930162],[-42.4333681061951,-3.35926177493244],[-42.4335205804994,-3.35784376390282],[-42.4327658326933,-3.35699753151417],[-42.431789997146,-3.35689842321641],[-42.4283974438762,-3.3583621765373],[-42.428283088148,-3.35902543976085],[-42.4272996288855,-3.35984117728862],[-42.4261027055971,-3.3591779140651],[-42.4261560716036,-3.35808772278964],[-42.4256834012604,-3.35769891331377],[-42.4247685554348,-3.35781326904197],[-42.4243340036677,-3.35843078997421],[-42.4234344052725,-3.3583621765373],[-42.4234344052725,-3.35759218130078],[-42.4227787657642,-3.35727960897705],[-42.4214064970258,-3.35804198049834],[-42.4203086820352,-3.35632664457543],[-42.4202171974526,-3.35442833948738],[-42.4189821555881,-3.35342963279447],[-42.417869093167,-3.35488576240015],[-42.4173506805325,-3.35784376390282],[-42.4160851438072,-3.35916266663466],[-42.4138132766737,-3.35913217177383],[-42.4133863486217,-3.36006226502981],[-42.4124867502266,-3.35919316149552],[-42.4115032909641,-3.35929989350851],[-42.4101157747953,-3.36013087846672],[-42.4108857700319,-3.36193769897222],[-42.4116481415532,-3.36240274560021],[-42.412501997657,-3.36231126101765],[-42.4131576371653,-3.36159463178762],[-42.4152846537098,-3.36115245630527],[-42.416473953283,-3.3601232547515],[-42.4173125619565,-3.36026048162534],[-42.421055806126,-3.36168611637017],[-42.4334900856385,-3.36475847360103],[-42.4362117519696,-3.3659096545982],[-42.4388952997246,-3.36589440716777],[-42.4408698419647,-3.3680671660035],[-42.4412434040102,-3.36778508854061],[-42.4394594546503,-3.36578005143959],[-42.4378813456012,-3.36523876765947],[-42.4383082736532,-3.36367590604079],[-42.4378584744556,-3.36289066337385],[-42.4357848239177,-3.36194532268741]]]}},{"type":"Feature","properties":{"id":"21113000009","state":"MA","municipality":"2111300","origin":"face","accuracy":"otima","notes":""},"geometry":{"type":"Polygon","coordinates":[[[-44.2582630344115,-2.56193243803153],[-44.258144194399,-2.56398630702239],[-44.2599030210076,-2.56443744563154],[-44.2603130174317,-2.56382603344464],[-44.259819832819,-2.56285846004982],[-44.2582630344115,-2.56193243803153]]]}},{"type":"Feature","properties":{"id":"21114090001","state":"MA","municipality":"2111409","origin":"face","accuracy":"otima","notes":""},"geometry":{"type":"Polygon","coordinates":[[[-44.6760739924746,-4.37879317534276],[-44.6750746149964,-4.37884232505481],[-44.6731413929894,-4.380243091848],[-44.67387863867,-4.38169300835323],[-44.6767457052058,-4.38288079306089],[-44.6801943766674,-4.38245482888988],[-44.6839543296386,-4.38344601474938],[-44.6845523178017,-4.38259408640733],[-44.6845277429457,-4.38158651731048],[-44.6760739924746,-4.37879317534276]]]}},{"type":"Feature","properties":{"id":"21114090004","state":"MA","municipality":"2111409","origin":"face","accuracy":"otima","notes":""},"geometry":{"type":"Polygon","coordinates":[[[-44.6677918506862,-4.371137494398],[-44.6657958456089,-4.37224111194969],[-44.6655157878216,-4.37328064848223],[-44.6648963379699,-4.3734515311999],[-44.6647064682836,-4.37415404903925],[-44.6640988852875,-4.37389772496272],[-44.6660355560878,-4.37564452607675],[-44.6663488410702,-4.37535022806298],[-44.6659880886662,-4.37400215329019],[-44.6665387107565,-4.37318571363907],[-44.6686272773059,-4.37198004113101],[-44.6712379854927,-4.37150536691523],[-44.6727854234361,-4.37166675614861],[-44.6729278257008,-4.37130600374462],[-44.6723487231576,-4.37109714708967],[-44.6730417475126,-4.37072690120137],[-44.6720544251438,-4.3703661487974],[-44.6677918506862,-4.371137494398]]]}},{"type":"Feature","properties":{"id":"21114090003","state":"MA","municipality":"2111409","origin":"face","accuracy":"otima","notes":""},"geometry":{"type":"Polygon","coordinates":[[[-44.6728673047383,-4.37262737809278],[-44.6740587370199,-4.37593763740502],[-44.6741038310704,-4.37803569743871],[-44.6736220367414,-4.37818996655884],[-44.6741631653474,-4.37821132689855],[-44.6742248729954,-4.37865989403246],[-44.6753237438049,-4.37853885210744],[-44.6754685194407,-4.37654284703011],[-44.6749985919671,-4.37381821703158],[-44.6739732956611,-4.37132617739878],[-44.6730263206006,-4.37096601833757],[-44.6728673047383,-4.37262737809278]]]}},{"type":"Feature","properties":{"id":"21117220001","state":"MA","municipality":"2111722","origin":"face","accuracy":"otima","notes":""},"geometry":{"type":"Polygon","coordinates":[[[-45.2973302560275,-3.80121824334472],[-45.2972615854846,-3.80279766583082],[-45.2962315273415,-3.80490928502419],[-45.2950469604769,-3.80616252243165],[-45.2945834343125,-3.80758743619629],[-45.2931928558193,-3.80951021139677],[-45.2929181736478,-3.81026558736839],[-45.293759387798,-3.81072911353278],[-45.2951327986555,-3.81071194589706],[-45.2980684643634,-3.80638570169598],[-45.2987551697921,-3.80468610575986],[-45.2997680602995,-3.80084055535891],[-45.2994418752208,-3.80008517938729],[-45.2985319905278,-3.79979332958007],[-45.2978967880062,-3.80015384993016],[-45.2973302560275,-3.80121824334472]]]}},{"type":"Feature","properties":{"id":"21121000001","state":"MA","municipality":"2112100","origin":"face","accuracy":"otima","notes":""},"geometry":{"type":"Polygon","coordinates":[[[-43.940587363259,-4.2423649705381],[-43.9410237304123,-4.2409879897433],[-43.9401509961057,-4.24237466758596],[-43.9387837123588,-4.24314073436616],[-43.9381727983442,-4.24237466758596],[-43.9386576507368,-4.24323770484467],[-43.9359230832428,-4.24487650593146],[-43.9361946005826,-4.24611772805635],[-43.9370964260328,-4.24743167804014],[-43.9381994652258,-4.24745834492173],[-43.939030987079,-4.24909472174655],[-43.9399716007205,-4.24876987064354],[-43.9409000930522,-4.2484013828252],[-43.9412516110369,-4.24751652720883],[-43.9422261643459,-4.2474850118033],[-43.9458722543378,-4.2451383262234],[-43.9471522646541,-4.24492499117069],[-43.9470068089362,-4.24229709120316],[-43.940587363259,-4.2423649705381]]]}},{"type":"Feature","properties":{"id":"21121000004","state":"MA","municipality":"2112100","origin":"face","accuracy":"otima","notes":""},"geometry":{"type":"Polygon","coordinates":[[[-43.9438264244708,-4.26125795885993],[-43.9454802910177,-4.2642336415274],[-43.9481303088439,-4.26756691696178],[-43.9501353825726,-4.27121308606719],[-43.9539603480615,-4.2742015399049],[-43.9553779479589,-4.2735693669777],[-43.9511762329477,-4.26865246643273],[-43.9498033321462,-4.26549798738182],[-43.9494201970388,-4.26180073359543],[-43.9443308856955,-4.25829504736271],[-43.9431495524477,-4.25871649598085],[-43.9438264244708,-4.26125795885993]]]}},{"type":"Feature","properties":{"id":"21121000003","state":"MA","municipality":"2112100","origin":"face","accuracy":"otima","notes":""},"geometry":{"type":"Polygon","coordinates":[[[-43.9408228048684,-4.26099535167173],[-43.9398665634962,-4.26486102526577],[-43.9410542823291,-4.26517711172936],[-43.9416465453493,-4.26381219290927],[-43.9413288624894,-4.26079979312735],[-43.9408228048684,-4.26099535167173]]]}},{"type":"Feature","properties":{"id":"21122090005","state":"MA","municipality":"2112209","origin":"face","accuracy":"otima","notes":""},"geometry":{"type":"Polygon","coordinates":[[[-42.842530663433,-5.12157465942011],[-42.8424375256118,-5.12091779268095],[-42.8423737997341,-5.12144720766474],[-42.8391286819631,-5.12071190907615],[-42.8388345625277,-5.12234917393344],[-42.8426679191696,-5.12327074816449],[-42.8429571366144,-5.1216285813166],[-42.842530663433,-5.12157465942011]]]}},{"type":"Feature","properties":{"id":"21122090006","state":"MA","municipality":"2112209","origin":"face","accuracy":"otima","notes":""},"geometry":{"type":"Polygon","coordinates":[[[-42.8399938833024,-5.1265795918132],[-42.8402291788507,-5.125947235027],[-42.8393174086009,-5.126378610199],[-42.8393860364691,-5.12574135142221],[-42.8383909323792,-5.12807960093398],[-42.8398076076599,-5.1284325442565],[-42.8404546704179,-5.12673645551213],[-42.8399938833024,-5.1265795918132]]]}},{"type":"Feature","properties":{"id":"21122090002","state":"MA","municipality":"2112209","origin":"face","accuracy":"otima","notes":""},"geometry":{"type":"Polygon","coordinates":[[[-42.8366640669999,-5.07333383099992],[-42.8313982428016,-5.07902538109273],[-42.8308884357801,-5.0803979384582],[-42.8308688278177,-5.08167245601169],[-42.8340649256829,-5.08388815575877],[-42.835476698973,-5.08424109908122],[-42.8378100464942,-5.08372148807866],[-42.8420943862704,-5.07939793237767],[-42.8427610569908,-5.07820184667357],[-42.842663017179,-5.0760057548888],[-42.8452610721921,-5.07626065839964],[-42.8421630141388,-5.07551555582985],[-42.8413983036066,-5.0734567197817],[-42.8376335748329,-5.07133905984647],[-42.8372664312282,-5.07188802693482],[-42.8366640669999,-5.07333383099992]]]}},{"type":"Feature","properties":{"id":"21122090007","state":"MA","municipality":"2112209","origin":"face","accuracy":"otima","notes":""},"geometry":{"type":"Polygon","coordinates":[[[-42.836464450077,-5.1323933526538],[-42.8354448360342,-5.13484924993975],[-42.83773406564,-5.13546199876359],[-42.8385870120028,-5.1329815915247],[-42.836464450077,-5.1323933526538]]]}},{"type":"Feature","properties":{"id":"21122090003","state":"MA","municipality":"2112209","origin":"face","accuracy":"otima","notes":""},"geometry":{"type":"Polygon","coordinates":[[[-42.8479473630358,-5.10972164617178],[-42.8469179450117,-5.11248636886492],[-42.8479277550734,-5.11315303958526],[-42.846663041501,-5.11270205645091],[-42.8465748056704,-5.11302558782991],[-42.85055522203,-5.11470206861194],[-42.8513003245998,-5.11430010538349],[-42.8500061990839,-5.11354519883252],[-42.8493395283635,-5.10983929394595],[-42.8479473630358,-5.10972164617178]]]}},{"type":"Feature","properties":{"id":"21122330001","state":"MA","municipality":"2112233","origin":"face","accuracy":"otima","notes":""},"geometry":{"type":"Polygon","coordinates":[[[-44.6062331709999,-4.57222868499998],[-44.610218231786,-4.57276689767413],[-44.6104909215187,-4.57313465563976],[-44.6100818873691,-4.57458969485852],[-44.61059518442,-4.57562900627358],[-44.6121156946782,-4.57526988007943],[-44.6135357309999,-4.5731100629999],[-44.6141321209005,-4.5734624396398],[-44.614228363648,-4.57500541996405],[-44.6149261269391,-4.57619663047001],[-44.6158404370864,-4.57615665650445],[-44.61715576033,-4.57490148801315],[-44.6187838731771,-4.57420594874549],[-44.620508229671,-4.57600475741357],[-44.6210295468761,-4.57595678937425],[-44.6190806233719,-4.57357436566434],[-44.6182705761261,-4.57103203799812],[-44.6187277311998,-4.57062430606674],[-44.6180139285,-4.57029652026809],[-44.6187838731771,-4.57017659927063],[-44.6188961571319,-4.56972089750133],[-44.6175968741963,-4.5697049084547],[-44.6162815509527,-4.56710660338695],[-44.6150464310479,-4.56621118619717],[-44.6150945519719,-4.56578746072262],[-44.6146614582596,-4.56610725334701],[-44.6139957764839,-4.56584342463425],[-44.6102823939173,-4.5662191811702],[-44.6071625117404,-4.56772220281733],[-44.6064005872173,-4.56275742081824],[-44.607964537933,-4.56021505538043],[-44.6072320423962,-4.55969551248592],[-44.6057871737453,-4.56096749876828],[-44.6046695209998,-4.56278558399987],[-44.6054544259734,-4.56830964047215],[-44.6062331709999,-4.57222868499998]]]}},{"type":"Feature","properties":{"id":"21124560001","state":"MA","municipality":"2112456","origin":"face","accuracy":"otima","notes":""},"geometry":{"type":"Polygon","coordinates":[[[-45.312976400031,-2.22952496342379],[-45.3124687018249,-2.22942239812965],[-45.3128310991976,-2.22967026425717],[-45.3122533147072,-2.2302924937083],[-45.3109557568975,-2.22770699358511],[-45.3098343763482,-2.22785400384004],[-45.3097899313874,-2.22859931164414],[-45.3093813796324,-2.2278352002028],[-45.3083027346224,-2.2283873433696],[-45.308331794789,-2.22776340449689],[-45.3082001693282,-2.22837195857548],[-45.3072958853182,-2.22849674635001],[-45.3046992739548,-2.22807451922245],[-45.3062924548571,-2.22552406224144],[-45.3055608224256,-2.22473089063339],[-45.3020120632483,-2.22460781228044],[-45.3000804168752,-2.22288471533883],[-45.299256475679,-2.22301805022123],[-45.2992975017966,-2.22375310149592],[-45.3001693067968,-2.22485055014324],[-45.3016530847188,-2.22606423945726],[-45.3024428374837,-2.2274146824968],[-45.3043061069939,-2.22851042172257],[-45.3042411489743,-2.22893777711482],[-45.3044770491508,-2.22854461015396],[-45.3051950062098,-2.2287018769383],[-45.3088155610931,-2.22954291235026],[-45.3096121515443,-2.23014804758571],[-45.3105557522503,-2.2297890690562],[-45.3118207242114,-2.23133438615463],[-45.3128121887215,-2.23171387774294],[-45.3141352810159,-2.22934803829139],[-45.3138344228198,-2.22816169972247],[-45.3136430744429,-2.22856597792354],[-45.312976400031,-2.22952496342379]]]}},{"type":"Feature","properties":{"id":"21124560002","state":"MA","municipality":"2112456","origin":"face","accuracy":"otima","notes":""},"geometry":{"type":"Polygon","coordinates":[[[-45.3113993517947,-2.22238855572843],[-45.3120489319909,-2.2209868300418],[-45.3131839879128,-2.22043981513971],[-45.3131019356774,-2.21979707262974],[-45.3116660215594,-2.21946886368849],[-45.3105309656376,-2.22108255764966],[-45.3103395104219,-2.22068597184564],[-45.3107907977161,-2.21919535623746],[-45.3105309656376,-2.21704832274671],[-45.3122814133243,-2.21317819231439],[-45.3119190159517,-2.21234399458872],[-45.3137857043051,-2.21152347223556],[-45.3136899766972,-2.21123628941196],[-45.3117138853634,-2.21211151325532],[-45.310120704461,-2.21040209168626],[-45.3083292306567,-2.2094721663527],[-45.3066403221464,-2.20912344435263],[-45.30447619444,-2.20934225031347],[-45.3046813250283,-2.2084123249799],[-45.3043633726165,-2.20937985758798],[-45.3038539649889,-2.20955763743117],[-45.3009684613804,-2.20949267941155],[-45.3008624772431,-2.21030978292155],[-45.3019701824198,-2.212449978726],[-45.3006949539293,-2.21660045429563],[-45.3008317076548,-2.21830987586468],[-45.3015428270276,-2.21926715194334],[-45.3029146378367,-2.21968168667383],[-45.3042368754204,-2.21919792036979],[-45.3043189276557,-2.2184799633108],[-45.3048761990872,-2.21847654446766],[-45.3043120899694,-2.21842697124217],[-45.3048779085088,-2.21807995866365],[-45.3024402733513,-2.2174184125164],[-45.3020744571355,-2.21677567000645],[-45.3027206184886,-2.21496026430014],[-45.3034864393516,-2.21404059549599],[-45.3038898628419,-2.21415341731955],[-45.3036060988614,-2.21397563747636],[-45.3045257676655,-2.21323374851539],[-45.3048026939598,-2.21194826349548],[-45.3056642424305,-2.21092602939718],[-45.3083719661959,-2.21142518049533],[-45.3104882300984,-2.21308331941733],[-45.3096984773335,-2.21399615053519],[-45.3102830995101,-2.21427307682937],[-45.3082044428822,-2.21765773153607],[-45.3086557301764,-2.21765773153608],[-45.3088540230784,-2.22078255416431],[-45.3099138644512,-2.22242018002744],[-45.3091531718529,-2.22262445590495],[-45.3113993517947,-2.22238855572843]]]}},{"type":"Feature","properties":{"id":"21127040003","state":"MA","municipality":"2112704","origin":"face","accuracy":"otima","notes":""},"geometry":{"type":"Polygon","coordinates":[[[-43.9220525508976,-3.53670877496579],[-43.9202917944063,-3.53763493288024],[-43.9200417669845,-3.53704684021212],[-43.9182669244412,-3.53818781041852],[-43.9188550171093,-3.54135365058997],[-43.9210172260807,-3.54139943025874],[-43.9266129102102,-3.54045566477938],[-43.9261304629316,-3.5381737243666],[-43.9235597584542,-3.53864912861926],[-43.9220525508976,-3.53670877496579]]]}},{"type":"Feature","properties":{"id":"21128030001","state":"MA","municipality":"2112803","origin":"face","accuracy":"otima","notes":""},"geometry":{"type":"Polygon","coordinates":[[[-45.0069688623113,-3.21263394794182],[-45.0075890720498,-3.21143111693376],[-45.006959465194,-3.21114920341624],[-45.005531103372,-3.2135266740806],[-45.006057341938,-3.21381798471535],[-45.0039805790257,-3.21724323395313],[-45.0053995437305,-3.21760502296727],[-45.0078005071879,-3.21397303715],[-45.007523292229,-3.21296284704557],[-45.0069688623113,-3.21263394794182]]]}},{"type":"Feature","properties":{"id":"21128030003","state":"MA","municipality":"2112803","origin":"face","accuracy":"otima","notes":""},"geometry":{"type":"Polygon","coordinates":[[[-45.0035424384339,-3.21761324544487],[-45.0035306920373,-3.21859054563893],[-45.0031853479783,-3.21861873699066],[-45.0035729790649,-3.21870096176661],[-45.0031783001404,-3.21892884185992],[-45.0034461179821,-3.21925539168438],[-45.0018368616529,-3.219147324836],[-45.000312179379,-3.22156003469005],[-45.0007420974932,-3.22137209234504],[-45.0007491453312,-3.22181845541443],[-45.0020905838187,-3.22213560812162],[-45.002280875443,-3.22163051306943],[-45.0044938965555,-3.22111837017928],[-45.0049708002559,-3.21958429078813],[-45.0045925662866,-3.21775420220362],[-45.0035424384339,-3.21761324544487]]]}},{"type":"Feature","properties":{"id":"21128030002","state":"MA","municipality":"2112803","origin":"face","accuracy":"otima","notes":""},"geometry":{"type":"Polygon","coordinates":[[[-45.001029884209,-3.21510304049937],[-45.0007996548364,-3.2154648295135],[-44.9998834359045,-3.21501141860617],[-45.0002828133876,-3.2153896525755],[-44.9993454509419,-3.21578433150001],[-44.9988661979621,-3.21762616648109],[-44.9998341010389,-3.21824872549893],[-45.0009500087124,-3.21670759826987],[-45.0011590945712,-3.216881444939],[-45.0015044386302,-3.21561518338949],[-45.001029884209,-3.21510304049937]]]}},{"type":"Feature","properties":{"id":"21129020001","state":"MA","municipality":"2112902","origin":"face","accuracy":"otima","notes":""},"geometry":{"type":"Polygon","coordinates":[[[-44.8638197831564,-3.45677199862876],[-44.8627442848208,-3.4567838606866],[-44.862352113859,-3.45737697796512],[-44.8640812304644,-3.45889535463686],[-44.8667016444652,-3.46006972353889],[-44.8683772828853,-3.46151692246794],[-44.8687813374887,-3.46257266539614],[-44.8706946559335,-3.46389530732251],[-44.8707303077575,-3.46543146718841],[-44.8704272668049,-3.46672445037304],[-44.8693874193938,-3.46812419027913],[-44.8648774560297,-3.47107194221633],[-44.863772247691,-3.47227001994544],[-44.8631839912481,-3.4731003693865],[-44.8623105202143,-3.47651072718829],[-44.8640218104581,-3.47755459097153],[-44.8645328214325,-3.47831969459816],[-44.866351067148,-3.47898397073362],[-44.8656083197681,-3.48029472721981],[-44.8658994770791,-3.48043707191329],[-44.8665055589843,-3.47926272909161],[-44.8672720745466,-3.47923307394717],[-44.8683416310614,-3.47772659080949],[-44.8710868259962,-3.47973128037427],[-44.8722217452373,-3.48011086622349],[-44.8727149289507,-3.47614300249751],[-44.8739270936604,-3.47571596661852],[-44.8745450592071,-3.47499830942439],[-44.8751214320084,-3.47296395482261],[-44.8777299614685,-3.47122021883798],[-44.8782766233674,-3.46485021826295],[-44.8773556168682,-3.46333184968506],[-44.875775049379,-3.4620151387876],[-44.8748599847005,-3.46188465345392],[-44.8715324751436,-3.46294632651171],[-44.8689893066112,-3.45893687273843],[-44.8663213571449,-3.45868776412898],[-44.8638197831564,-3.45677199862876]]]}},{"type":"Feature","properties":{"id":"21005010001","state":"MA","municipality":"2100501","origin":"face","accuracy":"regular","notes":""},"geometry":{"type":"Polygon","coordinates":[[[-45.9290639982497,-9.11482335086369],[-45.9298587086877,-9.11503204109914],[-45.9302053377085,-9.11455622718437],[-45.9295205340333,-9.11289504731572],[-45.9281678354155,-9.11246931656207],[-45.9272885813139,-9.11268635583434],[-45.9271448570857,-9.11340425402896],[-45.9280579286528,-9.11453953194776],[-45.9277789345628,-9.11474822234909],[-45.9260204263597,-9.11180985027018],[-45.9250481742281,-9.11207697600347],[-45.9267982280649,-9.11570819662429],[-45.9282185616136,-9.11571654421539],[-45.9290639982497,-9.11482335086369]]]}},{"type":"Feature","properties":{"id":"21009560002","state":"MA","municipality":"2100956","origin":"face","accuracy":"regular","notes":""},"geometry":{"type":"Polygon","coordinates":[[[-46.0120167855797,-4.89791887838099],[-46.0125722815068,-4.89838286293002],[-46.0130479456838,-4.89780619637016],[-46.0123361125797,-4.89351515184607],[-46.0116641953505,-4.89263606016216],[-46.0112051627881,-4.89264268856751],[-46.0112118154339,-4.89319284598105],[-46.0119436064755,-4.89377614491351],[-46.0120167855797,-4.89791887838099]]]}},{"type":"Feature","properties":{"id":"21010040001","state":"MA","municipality":"2101004","origin":"setor","accuracy":"regular","notes":""},"geometry":{"type":"Polygon","coordinates":[[[-44.60992945,-3.83902356999988],[-44.6119052979999,-3.83776002799988],[-44.6120915489999,-3.83621823499995],[-44.6131854009999,-3.83541001799996],[-44.6223259909999,-3.83582158899999],[-44.6252940649999,-3.83529067999997],[-44.627404757,-3.83330473699993],[-44.6284861399999,-3.83403931899994],[-44.6327123569999,-3.8339699959999],[-44.634433111,-3.8328909419999],[-44.6362597569999,-3.83126863199993],[-44.636630762,-3.82953952599998],[-44.6363775759999,-3.82709149899995],[-44.6384066569999,-3.81856469599991],[-44.6397640859999,-3.818757825],[-44.641292521,-3.81813263299996],[-44.6422967139999,-3.81604440299999],[-44.6439302549999,-3.81568716799984],[-44.645008869,-3.81742034399997],[-44.646100173,-3.81815589099989],[-44.648990312,-3.81898132899989],[-44.648713355,-3.82043307299995],[-44.6496027389999,-3.82234452099995],[-44.65537972,-3.82083601699999],[-44.656930084,-3.81993344999991],[-44.6572137639999,-3.81794624599997],[-44.6551488649998,-3.81484315399991],[-44.6523495989999,-3.81228821499999],[-44.6524615449999,-3.8111033119999],[-44.6536256589999,-3.8101144569999],[-44.657434107,-3.81086132999996],[-44.6604070469999,-3.80978656099995],[-44.662236436,-3.80797567099996],[-44.662514265,-3.80643640199986],[-44.6616316799999,-3.80480168899987],[-44.6592676329999,-3.80378388499986],[-44.65457612,-3.80385138699996],[-44.65357675,-3.80293925899999],[-44.652880226,-3.80075324299993],[-44.650708359,-3.80011325899989],[-44.6513543069999,-3.79866633799993],[-44.653434035,-3.79867076899986],[-44.654514219,-3.79786125399982],[-44.6576291599999,-3.79206662799982],[-44.6568190689998,-3.78689044699991],[-44.6570156789999,-3.78552703399987],[-44.661177943,-3.78518677499989],[-44.665041386,-3.78675506099991],[-44.666319804,-3.78675887799994],[-44.6674888569999,-3.78521836499993],[-44.6680690369998,-3.78168035799996],[-44.671046971,-3.78179328399996],[-44.6695171489999,-3.77905480399995],[-44.669709521,-3.77724413699998],[-44.6715180069999,-3.77743383999996],[-44.6734050759999,-3.77935499599994],[-44.674853562,-3.77944983699996],[-44.6746018899999,-3.77690343599994],[-44.675874636,-3.77500693099995],[-44.6773248969999,-3.77401554699999],[-44.6787633279999,-3.7742075409999],[-44.6794052559999,-3.77311830799993],[-44.6771525169999,-3.76911277399997],[-44.6779072719999,-3.76757578599991],[-44.6802633059999,-3.76531582799988],[-44.684042956,-3.76479442499989],[-44.687740242,-3.76826011399994],[-44.6876488539999,-3.76998090799986],[-44.6884572349999,-3.77108019099995],[-44.6897905809999,-3.77099702799989],[-44.6896318559999,-3.76909238299987],[-44.6901027879999,-3.76791024699999],[-44.691713438,-3.76891716399996],[-44.6932637479999,-3.76883449799993],[-44.694789974,-3.76738681299997],[-44.696515962,-3.76930896299997],[-44.697688424,-3.76667929699989],[-44.6994080709999,-3.76658858199994],[-44.7021011699999,-3.76824247799983],[-44.702568126,-3.76398076799991],[-44.7019920559999,-3.75807368899992],[-44.7021814669999,-3.75635474799998],[-44.7033482309999,-3.75509061899995],[-44.706987668,-3.753020598],[-44.7087098009998,-3.74939772999988],[-44.7124319759999,-3.74732935999999],[-44.7130678359999,-3.74442606599986],[-44.711910175,-3.74314638599993],[-44.7091005349999,-3.74313475499992],[-44.7082954879999,-3.74103579499992],[-44.7098491759999,-3.73986669099997],[-44.7118488589999,-3.73951096799993],[-44.7138196049999,-3.73797933899989],[-44.714737101,-3.73635543099989],[-44.719543641,-3.73465615999987],[-44.722429937,-3.73575752999989],[-44.7244077989999,-3.73703507799991],[-44.7252423809999,-3.7355021859999],[-44.726515795,-3.72924900999987],[-44.72609712,-3.72814666599988],[-44.722930302,-3.72786277899986],[-44.7247387239999,-3.72524027799994],[-44.7267357689999,-3.72461749199995],[-44.7273506129999,-3.72607001799992],[-44.73032146,-3.72862814699994],[-44.733678649,-3.72955494999998],[-44.7376306049999,-3.73230101399998],[-44.7389033809999,-3.73266065799982],[-44.7399869729999,-3.73158376699996],[-44.7394617589999,-3.72940100699993],[-44.741353529,-3.72732288099998],[-44.7418237099999,-3.72550666999997],[-44.7410177909999,-3.72432884499996],[-44.7415713849999,-3.72296788299986],[-44.7432632599999,-3.72387997299991],[-44.7449002359999,-3.72615733899993],[-44.7456871059999,-3.72888561699995],[-44.7494877509999,-3.7303615809999],[-44.7518239789999,-3.73010113199996],[-44.7516522449998,-3.72828711199999],[-44.7497630269999,-3.72636684699995],[-44.7487133589998,-3.72354297299991],[-44.7492346399999,-3.72191471799994],[-44.7502372809999,-3.72082530499996],[-44.7540135079999,-3.71940134099999],[-44.749549018,-3.71855868199999],[-44.746018088,-3.71617507899992],[-44.7467636199999,-3.71273516299988],[-44.745683426,-3.7111822519999],[-44.7442355909999,-3.71017633799996],[-44.7428208589999,-3.70944751099985],[-44.7396278869999,-3.71088735699995],[-44.7386581379998,-3.70987659099991],[-44.7388525049998,-3.70851278699996],[-44.743098731,-3.70527075599995],[-44.7422918749999,-3.70426346999988],[-44.741850773,-3.70254402799997],[-44.7423205099999,-3.69791844999999],[-44.740709153,-3.69636457399987],[-44.7379073179999,-3.69725598799988],[-44.733458529,-3.69741441699996],[-44.7306603609999,-3.69812639399987],[-44.728600473,-3.69702495199987],[-44.733854751,-3.69224097299992],[-44.735041611,-3.69143106799993],[-44.7370139069999,-3.69307611699997],[-44.742541451,-3.69047471199997],[-44.7441863329999,-3.69002657399985],[-44.7454337789999,-3.69039651699997],[-44.750241252,-3.68941943699997],[-44.7583778,-3.68610098399984],[-44.755205859,-3.6855416489999],[-44.7527924529999,-3.68389206299993],[-44.7517145449999,-3.68280167599994],[-44.7513525859999,-3.68125175899997],[-44.7548221499999,-3.67673448099988],[-44.7573459349999,-3.67538555899989],[-44.7587079809999,-3.67503528599999],[-44.7610484179999,-3.67521818599984],[-44.764126542,-3.67605499599996],[-44.767632114,-3.67916202199992],[-44.769435802,-3.67971438899996],[-44.7720707439999,-3.67927805299991],[-44.7752364789999,-3.67765795499998],[-44.776849754,-3.67921096],[-44.7767166129999,-3.68683309099994],[-44.777157942,-3.69191936299996],[-44.77532582,-3.69599839999996],[-44.7742395389999,-3.69735227899997],[-44.7777397999999,-3.70018542099996],[-44.7797923889999,-3.70345900999996],[-44.781240162,-3.70464795999995],[-44.785319562,-3.70348471799986],[-44.7907390169998,-3.7027896709999],[-44.7919659592587,-3.70014067793039],[-44.7898769799999,-3.69471061099995],[-44.7904341249999,-3.69307443899994],[-44.7919562699999,-3.69126781399997],[-44.7930480850621,-3.69080829104303],[-44.7947223749166,-3.66552651423967],[-44.7935722759999,-3.66123005799989],[-44.7932107949999,-3.65786935599993],[-44.7934895499999,-3.65614903599987],[-44.7943165239999,-3.65451463599994],[-44.7955011525647,-3.65376697175333],[-44.7962411895149,-3.64259241380627],[-44.8043775931656,-3.61522451061717],[-44.8038187119999,-3.61433995599993],[-44.803131059,-3.61043309299982],[-44.803405964,-3.60880014999999],[-44.8072363209999,-3.60219655099992],[-44.8081855169999,-3.59467029899997],[-44.8098249649998,-3.59276520999994],[-44.8111363833507,-3.59249039817622],[-44.8117247994688,-3.59051118032484],[-44.8152438017311,-3.57010096720372],[-44.8120766996951,-3.56658196494153],[-44.791666486574,-3.569045266525],[-44.7557726634989,-3.64048101244885],[-44.6280328813789,-3.75132958370995],[-44.6101683969184,-3.75343128776422],[-44.60992945,-3.83902356999988]]]}},{"type":"Feature","properties":{"id":"21035050001","state":"MA","municipality":"2103505","origin":"face","accuracy":"regular","notes":""},"geometry":{"type":"Polygon","coordinates":[[[-44.2532663492028,-6.0181388641764],[-44.2551107275585,-6.01554938008051],[-44.2499030710248,-6.01988406160247],[-44.2500983581448,-6.02018616630459],[-44.2505811513026,-6.01997037724932],[-44.2532663492028,-6.0181388641764]]]}},{"type":"Feature","properties":{"id":"21040080005","state":"MA","municipality":"2104008","origin":"face","accuracy":"regular","notes":""},"geometry":{"type":"Polygon","coordinates":[[[-44.8768519614786,-4.87466358035351],[-44.8767719400383,-4.87416126856296],[-44.8761257669075,-4.87472337935118],[-44.8764138440927,-4.8753572483992],[-44.8767739405743,-4.8753014360542],[-44.8768519614786,-4.87466358035351]]]}},{"type":"Feature","properties":{"id":"21040080006","state":"MA","municipality":"2104008","origin":"face","accuracy":"regular","notes":""},"geometry":{"type":"Polygon","coordinates":[[[-44.878354138247,-4.86095702526673],[-44.8781022964841,-4.86153956500119],[-44.8835677608599,-4.86177079228062],[-44.8837438080287,-4.85984123812645],[-44.8816472462915,-4.85960203681328],[-44.878354138247,-4.86095702526673]]]}},{"type":"Feature","properties":{"id":"21048000003","state":"MA","municipality":"2104800","origin":"face","accuracy":"regular","notes":""},"geometry":{"type":"Polygon","coordinates":[[[-46.1503218119021,-5.81821903617954],[-46.1493413844972,-5.81924761328669],[-46.150541664666,-5.81948406753566],[-46.15067238832,-5.81899342530631],[-46.150292101899,-5.81880426100783],[-46.1503218119021,-5.81821903617954]]]}},{"type":"Feature","properties":{"id":"21048000001","state":"MA","municipality":"2104800","origin":"face","accuracy":"regular","notes":""},"geometry":{"type":"Polygon","coordinates":[[[-46.1572919867357,-5.83370432849194],[-46.1573640979747,-5.83438403519501],[-46.1547970920121,-5.83530023571729],[-46.1545415874243,-5.83590317718983],[-46.1575288573708,-5.83520933134553],[-46.1578157375062,-5.83680140655964],[-46.157768082431,-5.83508152149499],[-46.1572919867357,-5.83370432849194]]]}},{"type":"Feature","properties":{"id":"21057080004","state":"MA","municipality":"2105708","origin":"face","accuracy":"regular","notes":""},"geometry":{"type":"Polygon","coordinates":[[[-45.3572610470056,-4.73807441323268],[-45.3560428826442,-4.73772552149811],[-45.3542038092637,-4.73789701065579],[-45.352205073564,-4.73911517501718],[-45.3506853248219,-4.7391979628864],[-45.3498515327104,-4.73963555590942],[-45.3526899739408,-4.73928075075563],[-45.3550967355674,-4.73794431800963],[-45.3572610470056,-4.73807441323268]]]}},{"type":"Feature","properties":{"id":"21063590001","state":"MA","municipality":"2106359","origin":"setor","accuracy":"regular","notes":""},"geometry":{"type":"Polygon","coordinates":[[[-45.5747105436335,-4.69670912278036],[-45.5789659259016,-4.69729014612849],[-45.5801034223155,-4.69681550733698],[-45.5801852565898,-4.69608718229494],[-45.5775829266644,-4.69502333672801],[-45.5770755541632,-4.69442594652505],[-45.5743095556891,-4.69484330132434],[-45.5741377037128,-4.69541614124502],[-45.5747105436335,-4.69670912278036]]]}},{"type":"Feature","properties":{"id":"21082070002","state":"MA","municipality":"2108207","origin":"face","accuracy":"regular","notes":""},"geometry":{"type":"Polygon","coordinates":[[[-44.6053976875532,-4.57076085552899],[-44.6048985611197,-4.57060093178752],[-44.6045539265224,-4.57111623972264],[-44.6055997148549,-4.57243708570292],[-44.6054036293739,-4.57166708616707],[-44.6053976875532,-4.57076085552899]]]}},{"type":"Feature","properties":{"id":"21085040003","state":"MA","municipality":"2108504","origin":"face","accuracy":"regular","notes":""},"geometry":{"type":"Polygon","coordinates":[[[-45.3356690562031,-3.60523254157749],[-45.3345397789015,-3.60633719178514],[-45.3349884983591,-3.60727017233384],[-45.3359607238506,-3.60774785800409],[-45.3378079522844,-3.6073970576145],[-45.3365964097489,-3.60721046160756],[-45.3363271780743,-3.60645661334881],[-45.3378827388606,-3.60676263103411],[-45.3365066658573,-3.60634465563333],[-45.3366412816946,-3.60609834861042],[-45.3396701380334,-3.60538181871101],[-45.3415098878096,-3.60585950537355],[-45.3416071103588,-3.60560573436532],[-45.3392662905216,-3.60500116197212],[-45.3418165127723,-3.60465036052267],[-45.3406498421826,-3.60438166144858],[-45.3404329611114,-3.60352331665244],[-45.3363870073353,-3.60359049149179],[-45.3354895684201,-3.60418013709094],[-45.3356690562031,-3.60523254157749]]]}},{"type":"Feature","properties":{"id":"21085040001","state":"MA","municipality":"2108504","origin":"face","accuracy":"regular","notes":""},"geometry":{"type":"Polygon","coordinates":[[[-45.3439440554941,-3.6050515158313],[-45.3442611496788,-3.60600091548643],[-45.3442181538571,-3.60509442656959],[-45.345900365379,-3.6056951767186],[-45.3457897617623,-3.6061695861057],[-45.3460293528439,-3.60575417894357],[-45.3467172859902,-3.60610819221477],[-45.3461260934426,-3.60697176946416],[-45.3469430140539,-3.60737942055147],[-45.346265829863,-3.60769052257403],[-45.3470343801749,-3.60747060563807],[-45.3473998446588,-3.60803380744084],[-45.3455832711943,-3.60932782930795],[-45.3461905871751,-3.60980520893028],[-45.3472762316716,-3.60931576071877],[-45.3483511272128,-3.60802844361578],[-45.3484532422892,-3.60714609396466],[-45.3476363216779,-3.60672771510726],[-45.3473031040601,-3.60548866890012],[-45.3463840683725,-3.6049844677957],[-45.3461529658312,-3.60450708564133],[-45.3464915579266,-3.60376687461437],[-45.3459702335891,-3.60342895198878],[-45.3448469677487,-3.60408334172136],[-45.3432561223478,-3.60376687461437],[-45.3422994653162,-3.604077977873],[-45.3430303942842,-3.60427107639379],[-45.3439440554941,-3.6050515158313]]]}},{"type":"Feature","properties":{"id":"21085040004","state":"MA","municipality":"2108504","origin":"face","accuracy":"regular","notes":""},"geometry":{"type":"Polygon","coordinates":[[[-45.334279895549,-3.60765642600072],[-45.3327916426812,-3.60738772781505],[-45.331894203766,-3.6108098918236],[-45.3334497645524,-3.61137714131854],[-45.3340256211897,-3.6122205510951],[-45.3338910053523,-3.61083974708576],[-45.3344892979625,-3.61145924318339],[-45.3338012614608,-3.61055612219799],[-45.334077971793,-3.61066061558184],[-45.3352595996981,-3.61254895823161],[-45.3349380174201,-3.61310127905455],[-45.3354764807692,-3.6132057721454],[-45.334137801054,-3.6147806308427],[-45.3361869532438,-3.6131983083536],[-45.3374957183285,-3.61292214801367],[-45.3375929408776,-3.61348193239899],[-45.3378247792641,-3.61156000456702],[-45.3375181543014,-3.61220935539657],[-45.3369946482675,-3.6089625966046],[-45.3374358890675,-3.60791019643644],[-45.3353493435896,-3.60724591485171],[-45.335700840498,-3.60893274129746],[-45.335282035671,-3.61004485082513],[-45.334279895549,-3.60765642600072]]]}},{"type":"Feature","properties":{"id":"21085040002","state":"MA","municipality":"2108504","origin":"face","accuracy":"regular","notes":""},"geometry":{"type":"Polygon","coordinates":[[[-45.3333581509965,-3.60273960982698],[-45.3339788795795,-3.6037770882417],[-45.3352502513761,-3.60329193661228],[-45.335811150698,-3.60394129334997],[-45.3404030464809,-3.6036054192332],[-45.3419735645825,-3.60386665466808],[-45.3406348848673,-3.60303070101236],[-45.3369479066573,-3.60193351067378],[-45.3334105015999,-3.60185140794217],[-45.3333581509965,-3.60273960982698]]]}},{"type":"Feature","properties":{"id":"21091060004","state":"MA","municipality":"2109106","origin":"face","accuracy":"regular","notes":""},"geometry":{"type":"Polygon","coordinates":[[[-44.4913051517268,-5.29818009426724],[-44.4910585978497,-5.29870032131544],[-44.4916808528729,-5.29905688117412],[-44.491827611133,-5.2985483449197],[-44.4931308244834,-5.29936667891718],[-44.492273756244,-5.29868278557938],[-44.493124954153,-5.29768763174221],[-44.4935710992639,-5.29771101276118],[-44.4932658420827,-5.29745382150386],[-44.4938880971058,-5.29648935333569],[-44.4936474135592,-5.29610356564695],[-44.494539703781,-5.29391889218568],[-44.4950210708744,-5.29419946606561],[-44.4946101477459,-5.29372599756939],[-44.4953028467339,-5.29213023070863],[-44.4973985546892,-5.29176782154383],[-44.4954143830116,-5.29145509733583],[-44.496429950172,-5.29045554787258],[-44.4978036074873,-5.28756795146508],[-44.4961657853037,-5.28978918066667],[-44.4960190270436,-5.28856166025115],[-44.496876095283,-5.28628343436203],[-44.4982438822678,-5.28620744464332],[-44.4969171875958,-5.28599116616214],[-44.4977625151744,-5.2848571642407],[-44.4972136392814,-5.2844830600586],[-44.4980971240076,-5.28289603746164],[-44.4984141218496,-5.28275574797573],[-44.4977155525312,-5.28455612729943],[-44.4986665460571,-5.28281420193204],[-44.50043938584,-5.28338705041212],[-44.5002984979102,-5.28379622757363],[-44.5010146782198,-5.28377284602881],[-44.5010909925151,-5.28411187834216],[-44.501478434322,-5.28315323477039],[-44.5022269014489,-5.28317953903405],[-44.4966765040491,-5.28152821361942],[-44.4957842138273,-5.28088814116924],[-44.4963066732335,-5.28167434878935],[-44.497251796429,-5.28194323741195],[-44.4959749995655,-5.28362086596627],[-44.4957431215144,-5.28582457322647],[-44.4952793654123,-5.28595901665172],[-44.4957284456884,-5.28606715590736],[-44.4953028467339,-5.28872094577585],[-44.4955611412718,-5.28950422078721],[-44.4945984070851,-5.28854558556289],[-44.495361550038,-5.29010044438507],[-44.4946747213804,-5.29102400529462],[-44.4938000421497,-5.2906995900638],[-44.4929987420492,-5.29175466959436],[-44.4936503487244,-5.29281851527193],[-44.4925702079295,-5.29375960799929],[-44.4930545101881,-5.29584052844814],[-44.49063006373,-5.29445811999795],[-44.4930134178752,-5.29631984059303],[-44.4924557364865,-5.29699204602329],[-44.4918158704722,-5.29668224708972],[-44.4912523187531,-5.29797989441571],[-44.4897847361514,-5.29716155858155],[-44.4906506098864,-5.29781038208083],[-44.4913051517268,-5.29818009426724]],[[-44.4930633156838,-5.29167575789081],[-44.4931744713285,-5.29177390953129],[-44.4931660464658,-5.29177220552464],[-44.4930633156838,-5.29167575789081]],[[-44.4942344465999,-5.29192710624322],[-44.4938939674363,-5.29264607887128],[-44.4931744713285,-5.29177390953129],[-44.4942344465999,-5.29192710624322]]]}},{"type":"Feature","properties":{"id":"21091060002","state":"MA","municipality":"2109106","origin":"face","accuracy":"regular","notes":""},"geometry":{"type":"Polygon","coordinates":[[[-44.4933290303009,-5.30138860509485],[-44.4918661577289,-5.30290416406283],[-44.4913609930997,-5.30230160865217],[-44.4895087227927,-5.30274173614044],[-44.4909558089701,-5.30309278998353],[-44.4896928973971,-5.30478518108222],[-44.4910347409434,-5.3032119910565],[-44.4917293423085,-5.30333250200793],[-44.4921345264381,-5.30399269202012],[-44.4925818076202,-5.30386694159606],[-44.4930343509338,-5.30302336517184],[-44.4925291863047,-5.30257799827328],[-44.4933290303009,-5.30138860509485]]]}},{"type":"Feature","properties":{"id":"21091060001","state":"MA","municipality":"2109106","origin":"face","accuracy":"regular","notes":""},"geometry":{"type":"Polygon","coordinates":[[[-44.4872096209393,-5.30527275433013],[-44.488017960074,-5.30473616985273],[-44.4874014994207,-5.3047280397813],[-44.4876301205901,-5.30311828352827],[-44.4883527267864,-5.30214876921386],[-44.4886589158526,-5.30284389283904],[-44.4887038235823,-5.30144957974867],[-44.489271293985,-5.30089266664306],[-44.4886670808943,-5.29986623788807],[-44.4880424551993,-5.30108982207],[-44.4877975039463,-5.30067518584136],[-44.4877811738628,-5.3011060823086],[-44.4872626937107,-5.30129307502156],[-44.4870177424577,-5.30053697370329],[-44.4869973298534,-5.30135405089398],[-44.4854051467091,-5.30125039190729],[-44.4837843859187,-5.3019373864358],[-44.4826371975507,-5.30319856818836],[-44.4834128765184,-5.3044566985859],[-44.4832454931622,-5.30518433987455],[-44.4829964593884,-5.30447702377322],[-44.4828127459487,-5.30513149444675],[-44.4821881202536,-5.30311929978985],[-44.4825677946957,-5.3050827140478],[-44.4820942222733,-5.30521279510304],[-44.4812858831385,-5.30777579280047],[-44.4813838636397,-5.30874428202055],[-44.4827066004057,-5.30876054205743],[-44.4827555906563,-5.30806136008432],[-44.4866094903695,-5.30584185856915],[-44.4823881637769,-5.30774428892831],[-44.4826004548627,-5.30609389027866],[-44.4828780662828,-5.30658982334191],[-44.4830168719928,-5.30587437879552],[-44.483670075334,-5.30619958096491],[-44.4836292501252,-5.30532966477774],[-44.4839885119628,-5.30607763017147],[-44.4841844729652,-5.30588250885183],[-44.4836455802087,-5.30424023529954],[-44.4846907055546,-5.30566299729346],[-44.4838823664199,-5.30339064157323],[-44.4842416282576,-5.30216299689824],[-44.4851806080606,-5.30174023127948],[-44.486454354576,-5.30199632971762],[-44.486625820453,-5.30284897415008],[-44.4866584806201,-5.30181340227269],[-44.4870504026248,-5.30188657325718],[-44.4870993928754,-5.30352478802774],[-44.4866630720251,-5.30374623935552],[-44.4864970546749,-5.30288355671158],[-44.4862992187824,-5.30518738864909],[-44.4872096209393,-5.30527275433013]]]}},{"type":"Feature","properties":{"id":"21106090002","state":"MA","municipality":"2110609","origin":"setor","accuracy":"regular","notes":""},"geometry":{"type":"Polygon","coordinates":[[[-42.3700564419999,-3.45352528399998],[-42.3737783359999,-3.45291258899988],[-42.379856660179,-3.45009421920105],[-42.3786679495415,-3.44851260893144],[-42.3806501154969,-3.44689638130627],[-42.3883043255709,-3.44569183430265],[-42.388776995914,-3.44512767937682],[-42.3885482844576,-3.44358768890375],[-42.399084258882,-3.44090414114885],[-42.4008987031027,-3.43799188193743],[-42.400761476229,-3.43741247958128],[-42.3990842588821,-3.43460695238287],[-42.3829524774913,-3.43282300302292],[-42.3846906845599,-3.43812910881128],[-42.3792625993282,-3.43851029457194],[-42.3767772681687,-3.44120908975738],[-42.3750848033914,-3.44506668965512],[-42.3644878392453,-3.44500569993347],[-42.3636187357111,-3.44543262798534],[-42.3568946188931,-3.44191047155692],[-42.3547904734942,-3.44175799725264],[-42.3506431724184,-3.44018751191881],[-42.3482188309807,-3.43790039735489],[-42.3424400548492,-3.43459170495238],[-42.3391313624467,-3.43323468364453],[-42.3341911949887,-3.43021569242012],[-42.3286258828832,-3.42855372250371],[-42.3230605707777,-3.42809629959095],[-42.3208801882267,-3.42829451618644],[-42.3138816176611,-3.43023093985056],[-42.3135766690527,-3.4317404354627],[-42.3091701616595,-3.4333871579487],[-42.3078131403516,-3.43321943621407],[-42.3074624494518,-3.43068836276325],[-42.3066848305001,-3.42997173353326],[-42.3045959325317,-3.43061212561111],[-42.3040012827451,-3.43385982829194],[-42.3047026645447,-3.43629941716018],[-42.3046874171143,-3.43819009853299],[-42.3039860353146,-3.4435724414734],[-42.3026442614372,-3.4458748034677],[-42.3002961571516,-3.44764350539714],[-42.2916051218088,-3.44915300100928],[-42.2842558603433,-3.44653044297606],[-42.2831427979222,-3.44660668012819],[-42.2816333023101,-3.44759776310576],[-42.281846766336,-3.44845161920973],[-42.2923979881909,-3.45278188945077],[-42.2957829177454,-3.45310208548962],[-42.2987256718176,-3.45243119855087],[-42.3061664178656,-3.44787221685351],[-42.3151471543865,-3.43607070570376],[-42.322892849043,-3.432609538997],[-42.3270401501188,-3.43216736351464],[-42.3347248550537,-3.43360062197474],[-42.3385367126601,-3.43625367486879],[-42.3450778603129,-3.44206294586115],[-42.3497130791625,-3.44555460742868],[-42.3548514632161,-3.44857359865315],[-42.3626581475942,-3.45134863099067],[-42.3627809504598,-3.4517840227742],[-42.3700564419999,-3.45352528399998]]]}},{"type":"Feature","properties":{"id":"21113000002","state":"MA","municipality":"2111300","origin":"face","accuracy":"regular","notes":""},"geometry":{"type":"Polygon","coordinates":[[[-44.2337060135217,-2.60137249774256],[-44.2326223610331,-2.6007915374994],[-44.2327090538797,-2.60119207575367],[-44.2320588620268,-2.60101886992488],[-44.2317193184917,-2.60156735385027],[-44.2335434655584,-2.60176221085732],[-44.2337060135217,-2.60137249774256]]]}}]}