{"type":"FeatureCollection","features":[{"type":"Feature","properties":{"id":"230016","state":"CE","stateCode":"23"},"geometry":{"type":"Polygon","coordinates":[[[-41.149173357,-3.36320157599991],[-41.141510422,-3.35954949299998],[-41.135355114,-3.36318028599993],[-41.125382628,-3.36144699399996],[-41.120765721,-3.36342139899997],[-41.114343265,-3.36379614699999],[-41.112908239,-3.36545257099991],[-41.1030002869999,-3.36697189199993],[-41.0979178639999,-3.370030905],[-41.088108736,-3.37175659399997],[-41.0566557239999,-3.39037256799997],[-41.0488992969999,-3.39147645699994],[-41.0519025429999,-3.40262863600002],[-41.023914475,-3.40842380599998],[-41.020579382,-3.41137591199991],[-41.017702819,-3.41158920999998],[-41.0157141509999,-3.41815459999998],[-41.013354956,-3.420742907],[-41.003443812,-3.42267730000001],[-40.8888466339999,-3.52244283499991],[-40.8736107129999,-3.51238611499995],[-40.869949548,-3.50748028399995],[-40.8747759199999,-3.50016969799999],[-40.8805869369999,-3.50016024099992],[-40.883636969,-3.49776528300002],[-40.883451203,-3.48752862299998],[-40.868483322,-3.47973103599999],[-40.8674574909999,-3.47331949499992],[-40.8692349639999,-3.46595820799994],[-40.86804527,-3.46357249899998],[-40.8687058129999,-3.46075276599993],[-40.8649541179999,-3.45029235499997],[-40.858549167,-3.44000093399995],[-40.849115108,-3.43231975299998],[-40.8489770129999,-3.42840034299995],[-40.852289677,-3.41943080399998],[-40.849414767,-3.41975164999997],[-40.82715063,-3.45418816099997],[-40.8216985269999,-3.47137750199989],[-40.8318579009999,-3.50008781599996],[-40.837127642,-3.50845667299999],[-40.857198831,-3.53625359099998],[-40.893236779,-3.55959987399996],[-40.90383487,-3.57492033299998],[-40.8904141239999,-3.6703741],[-40.8753858219999,-3.72324340799995],[-40.8954506749999,-3.78140145799991],[-40.888482306,-3.78437253899998],[-40.8751605669999,-3.78524359299993],[-40.8675620299999,-3.78402867299995],[-40.8654058719999,-3.786362841],[-40.8556476979999,-3.78606400699997],[-40.844133072,-3.78950419799995],[-40.779707935,-3.78655353099997],[-40.781084501,-3.78918426699994],[-40.780265767,-3.79520116399995],[-40.775137737,-3.79644414199995],[-40.7772388279999,-3.79943545999992],[-40.776383106,-3.80450997699994],[-40.7785183129999,-3.806517008],[-40.7775876709999,-3.81014568799995],[-40.7801898979999,-3.81193778699999],[-40.783321828,-3.82302656799991],[-40.786642038,-3.82097896099994],[-40.789184054,-3.82299318799997],[-40.792788683,-3.82314959199997],[-40.791719452,-3.82843522699995],[-40.7936377899999,-3.8324470389999],[-40.7898886169999,-3.83779351399995],[-40.794611199,-3.837171467],[-40.793185394,-3.84030827199993],[-40.797247241,-3.84140302399991],[-40.7970931369999,-3.84354063599994],[-40.794566404,-3.84417992599998],[-40.798072972,-3.84755606299999],[-40.8029512799999,-3.84774702199998],[-40.805807621,-3.84595503499994],[-40.8094953289999,-3.847885611],[-40.810295802,-3.85024480699996],[-40.815238945,-3.85319621599994],[-40.8141356719999,-3.85602533299998],[-40.816802538,-3.86069218800002],[-40.8207013389999,-3.86179359499994],[-40.824735253,-3.86805234399998],[-40.827390218,-3.86842833799993],[-40.8305413469999,-3.86605221499994],[-40.839115439,-3.87093419899996],[-40.843256143,-3.86569069299998],[-40.8467484429999,-3.86394776899992],[-40.8656551869999,-3.87028523299998],[-40.8714472779999,-3.87124359999996],[-40.8734805059999,-3.86871607999991],[-40.877001824,-3.87196131299994],[-40.876274117,-3.8731761459999],[-40.871225503,-3.87361521999999],[-40.8666964669999,-3.87669261799999],[-40.866847461,-3.87940559899993],[-40.8618003849999,-3.87962860399998],[-40.8595237019999,-3.87678120099994],[-40.8571864959999,-3.87749916299992],[-40.8564598919999,-3.87949903899994],[-40.859649702,-3.88977574099997],[-40.856035412,-3.88507236399993],[-40.853690135,-3.88492742099991],[-40.8531931579999,-3.89177642299995],[-40.855389931,-3.89362957799998],[-40.852392081,-3.89420687399996],[-40.853938875,-3.89513544999997],[-40.7779670879999,-3.88382008699996],[-40.7774062249999,-3.88614157599994],[-40.778983934,-3.88806942099993],[-40.780812872,-3.88693016299989],[-40.783730051,-3.88939829699992],[-40.784411072,-3.89505829699999],[-40.790357154,-3.9008916339999],[-40.7920107619999,-3.90721516099999],[-40.797053276,-3.91345700799997],[-40.7959359119999,-3.91593127999996],[-40.798429322,-3.91825411899994],[-40.8015233959999,-3.91961625199995],[-40.804836208,-3.91827437299993],[-40.8103230999999,-3.91872535199995],[-40.8152067199999,-3.92148775699999],[-40.8222370389999,-3.92002323399995],[-40.8310578479999,-3.92165150899995],[-40.833840514,-3.92441875599993],[-40.832572688,-3.931806869],[-40.8274349469999,-3.93733941999997],[-40.8279167969999,-3.94223085899996],[-40.8256989209999,-3.94592891299996],[-40.8266163289999,-3.94824721000002],[-40.8240063259999,-3.94983064299992],[-40.822695046,-3.95731576599992],[-40.825412765,-3.95928669200003],[-40.8362457439999,-3.959002897],[-40.8401160299999,-3.96289149799996],[-40.838880987,-3.98847326299996],[-40.8459696369999,-3.99192113999997],[-40.8473536379999,-3.99660062099999],[-40.846628778,-3.99770576799995],[-40.838554495,-3.99744888799994],[-40.8367143899999,-4.00388767699994],[-40.839305306,-4.00832882599997],[-40.845781521,-4.00856268299997],[-40.8493790689999,-4.01832634999992],[-40.842359219,-4.02711477099992],[-40.84387512,-4.03069069499994],[-40.8433228049999,-4.04274785699996],[-40.849442223,-4.04574476099994],[-40.8486651969999,-4.04830900599991],[-40.8444234639999,-4.05053105799991],[-40.8439842589999,-4.05352711499993],[-40.8485177989999,-4.05711246199992],[-40.846964339,-4.06218363299994],[-40.8496466759999,-4.06185005899995],[-40.854406285,-4.06625421999995],[-40.854252405,-4.07066760199997],[-40.857768129,-4.07441504499998],[-40.853174456,-4.08944307099997],[-40.8478679819999,-4.09098031199995],[-40.846708301,-4.09670362699993],[-40.848014025,-4.10360404499996],[-40.837563695,-4.10544153299995],[-40.835333997,-4.10751779899995],[-40.836405135,-4.11230826199993],[-40.8286909259999,-4.11216182499998],[-40.822505779,-4.11882546499996],[-40.8161937649999,-4.12137729499997],[-40.8154161519999,-4.12376037599998],[-40.8109227109999,-4.12523559999991],[-40.806846367,-4.12391584799996],[-40.8055374849999,-4.1296055899999],[-40.801947277,-4.1320574769999],[-40.779311916,-4.13221564299994],[-40.77374903,-4.12813890399996],[-40.7671447019999,-4.13107332699993],[-40.7501224269999,-4.13408797399997],[-40.750556828,-4.13940138499996],[-40.746445605,-4.14621193199998],[-40.734012771,-4.14213295299991],[-40.7281257569999,-4.13647368900001],[-40.7260151489999,-4.13711644699989],[-40.724804434,-4.14163532599994],[-40.717068855,-4.14051873499994],[-40.7146011519999,-4.14897571399997],[-40.7122778459999,-4.150679689],[-40.716037594,-4.15370597399994],[-40.715621395,-4.15582349299998],[-40.7123979849999,-4.15737698799999],[-40.715573321,-4.15853891699996],[-40.715736211,-4.16018594399998],[-40.7100867,-4.16343889300001],[-40.7136724769999,-4.16593844899998],[-40.712479373,-4.1698644849999],[-40.71428242,-4.172836762],[-40.7157303459999,-4.18192000299995],[-40.724444021,-4.18313238699992],[-40.716116309,-4.18887988999994],[-40.727711544,-4.19210259899995],[-40.7275168339999,-4.19955436999993],[-40.729123106,-4.20169843999997],[-40.715883024,-4.20338547699994],[-40.708689023,-4.20671483699991],[-40.689873445,-4.209437248],[-40.6823012819999,-4.21210077099994],[-40.608486022,-4.20765154799996],[-40.599465685,-4.20319894399995],[-40.5893576569999,-4.20099786699991],[-40.5788597499999,-4.20768097099998],[-40.5644998189999,-4.20598729800001],[-40.557550946,-4.20909632699995],[-40.5538098609999,-4.21306014099999],[-40.5471053869999,-4.22242594499991],[-40.5459028289999,-4.22916072999989],[-40.530607603,-4.25046537199996],[-40.5212736219999,-4.257565333],[-40.518946689,-4.25720086300002],[-40.507664428,-4.24759114700001],[-40.4982477499999,-4.24531864200003],[-40.491418176,-4.24586311799995],[-40.4842495619999,-4.23293678499996],[-40.4673035759999,-4.22019101799998],[-40.4562162359999,-4.21484153799994],[-40.450084394,-4.20796458799991],[-40.45067497,-4.21759639199998],[-40.4420816219999,-4.234747162],[-40.44177,-4.24605951699994],[-40.4399045719999,-4.25317764499993],[-40.466524644,-4.27120311699994],[-40.4785804709999,-4.29380608599998],[-40.488549834,-4.29958347999998],[-40.492969946,-4.30876935499994],[-40.4941340839999,-4.31973561500002],[-40.4956126849999,-4.32218210899992],[-40.5002193569999,-4.32603639099997],[-40.5123022559999,-4.32651977599991],[-40.517835751,-4.32999520699998],[-40.522525823,-4.34056810200001],[-40.5222985119999,-4.35224028399996],[-40.523500084,-4.35604033699996],[-40.529378207,-4.36162456299996],[-40.5442593299999,-4.37124933199989],[-40.5500096989999,-4.3786026229999],[-40.550677798,-4.38338496499992],[-40.553200686,-4.38428385199995],[-40.554675478,-4.38806026099996],[-40.552199932,-4.39583212999996],[-40.552706864,-4.398666485],[-40.560867907,-4.40119624999998],[-40.5610681039999,-4.40853386000001],[-40.5653461479999,-4.41953306699998],[-40.5613197489999,-4.42975105199995],[-40.5540659219999,-4.43458000100001],[-40.554736458,-4.44034759800001],[-40.5657364789999,-4.45614256999993],[-40.5734280399999,-4.46174682799992],[-40.5850963999999,-4.47456074500001],[-40.5843739479999,-4.48086063199999],[-40.579839262,-4.48827098699993],[-40.5843456229999,-4.49159916599995],[-40.585515452,-4.50190321299996],[-40.5832308089999,-4.50451283899998],[-40.590764636,-4.51033518099997],[-40.590833578,-4.51759090199998],[-40.599119521,-4.53156331599992],[-40.594121468,-4.54047036499998],[-40.5889814859999,-4.55301028599996],[-40.58867028,-4.5581837],[-40.586596514,-4.56051500399998],[-40.5879712579999,-4.57517657499992],[-40.583760654,-4.57834026199995],[-40.5849368089999,-4.58394920899996],[-40.586644017,-4.58418288799994],[-40.58605989,-4.58655880799995],[-40.587984551,-4.58886792999998],[-40.588290257,-4.59805201499995],[-40.593602859,-4.60637902799996],[-40.5967960849999,-4.608523245],[-40.5967198789999,-4.61171409499995],[-40.6012414839999,-4.61594820599991],[-40.6024252819999,-4.61914204100002],[-40.607197508,-4.62186312499992],[-40.612058436,-4.62192436600002],[-40.622706668,-4.62583571499989],[-40.626441148,-4.62201178199996],[-40.6709300129999,-4.70338457299993],[-40.732224518,-4.71451424799996],[-40.737274294,-4.7088384149999],[-40.7413688409999,-4.71061983399995],[-40.748042374,-4.70899864699994],[-40.7527467749999,-4.71150759299996],[-40.757782174,-4.71063991499993],[-40.7624792069999,-4.70660059999994],[-40.767685991,-4.70830306999995],[-40.7714539299999,-4.70752358999992],[-40.774035703,-4.70992190499994],[-40.7769073809999,-4.70933900399993],[-40.778387036,-4.71138745399996],[-40.7803455309999,-4.71099026699996],[-40.779777179,-4.70890053199998],[-40.781520127,-4.70831960199997],[-40.784592943,-4.7121411389999],[-40.7894414659999,-4.7124582229999],[-40.7947917889999,-4.70847348699992],[-40.802575375,-4.70880152199996],[-40.806040004,-4.70540718799997],[-40.80825391,-4.70508680400001],[-40.812547916,-4.70898312499997],[-40.824535617,-4.71446592799995],[-40.82636639,-4.71682694699999],[-40.8335109349999,-4.71814065099998],[-40.836834446,-4.71688991999996],[-40.844836183,-4.71844764199997],[-40.850385743,-4.71553616299996],[-40.8551651769999,-4.71574415600003],[-40.859095781,-4.71234785299993],[-40.863846811,-4.71555078099992],[-40.872675958,-4.71372247499999],[-40.8720169069999,-4.71004133999998],[-40.867202731,-4.70664782299995],[-40.8677374389999,-4.69931008199996],[-40.8631827089999,-4.69104353899997],[-40.853100187,-4.68599403199998],[-40.8550684369999,-4.67776461699995],[-40.8444611939999,-4.673858747],[-40.849845733,-4.672281945],[-40.857440346,-4.67333460699997],[-40.861241101,-4.679835741],[-40.8716318469999,-4.68650881399993],[-40.8749067639999,-4.69192644000004],[-40.875152686,-4.69615611499996],[-40.8733840399999,-4.69866370299995],[-40.874678412,-4.70193961300002],[-40.88196515,-4.71140353999997],[-40.88716785,-4.7142808419999],[-40.888514621,-4.71702558800001],[-40.9549124269999,-4.7162784619999],[-40.963268978,-4.68770033499993],[-40.968895894,-4.69219774399991],[-40.9738110249999,-4.689504584],[-40.980382603,-4.67916351399996],[-40.987040436,-4.660668384],[-40.989416336,-4.65793558299993],[-40.997952031,-4.65624309999995],[-41.008227736,-4.651391401],[-41.0108449399999,-4.64672524599999],[-41.0172386049999,-4.64449973599999],[-41.0215472239999,-4.639364525],[-41.0304199509999,-4.64022724399997],[-41.035221272,-4.63529445599994],[-41.051918774,-4.62944678599998],[-41.05866902,-4.62335910599997],[-41.059707807,-4.62060118999995],[-41.069527518,-4.61511352999994],[-41.0745273899999,-4.61619285699989],[-41.087398809,-4.61345507699995],[-41.0911981089999,-4.61124408099996],[-41.0944089449999,-4.60661538599997],[-41.1015697969999,-4.60225928299997],[-41.1178521829999,-4.60253549000001],[-41.1271975439999,-4.60129424499998],[-41.1319440929999,-4.59897131199996],[-41.146777734,-4.59965434799991],[-41.15200626,-4.59595351699996],[-41.15917376,-4.59406968199994],[-41.165432347,-4.58485620699995],[-41.1840720439999,-4.59225056499998],[-41.1878475569999,-4.58843335099999],[-41.18622282,-4.58353766299992],[-41.187427089,-4.58223779799992],[-41.1868547179999,-4.57964945499998],[-41.1834636759999,-4.57747246999999],[-41.185314879,-4.57697980599991],[-41.1912779319999,-4.57808020599992],[-41.195711344,-4.58167936299999],[-41.199240537,-4.58145159999998],[-41.201930606,-4.58481214499995],[-41.208045929,-4.58571941299996],[-41.217217358,-4.58375320499991],[-41.2181061149999,-4.576253091],[-41.2201358379999,-4.57446123999999],[-41.2398150289999,-4.57355507299998],[-41.2425395569999,-4.57151372599998],[-41.2407396689999,-4.56845348400001],[-41.235420021,-4.57021618299992],[-41.2215303429999,-4.56749127099997],[-41.215630957,-4.55869005099997],[-41.214112097,-4.55267696799993],[-41.207931377,-4.54773831599995],[-41.2037906209999,-4.52842143399993],[-41.193705113,-4.52037532099997],[-41.1907760149999,-4.51552898999992],[-41.188336549,-4.50018111399993],[-41.1893472659999,-4.48868069099999],[-41.1810274329999,-4.47656892799999],[-41.177571754,-4.467677567],[-41.178482253,-4.45938492999996],[-41.175155452,-4.44954315399993],[-41.1771347299999,-4.44126692199995],[-41.165132721,-4.42259576799999],[-41.159690508,-4.41055499299991],[-41.1589712479999,-4.39210152899994],[-41.161827507,-4.38728725599993],[-41.1600114029999,-4.38149726599996],[-41.1523440859999,-4.37459388999998],[-41.149911226,-4.36808984399996],[-41.142083506,-4.35904232499993],[-41.1415430739999,-4.35376119399993],[-41.1362100579999,-4.34831905899998],[-41.1358501029999,-4.34405824199994],[-41.1334225739999,-4.34014502699999],[-41.12473288,-4.33519088299998],[-41.1201713359999,-4.33056669799992],[-41.118083804,-4.31881026199991],[-41.119971528,-4.30907010199993],[-41.1191239779999,-4.30652612599995],[-41.135904849,-4.23351129699998],[-41.0908856019999,-4.17033183299994],[-41.1057571659999,-4.16961853299999],[-41.1183294899999,-4.16522405300001],[-41.126150309,-4.15283058399998],[-41.1253297339999,-4.14494972099992],[-41.1281146,-4.13932442299996],[-41.1342746859999,-4.13165208699995],[-41.143139912,-4.12423369199996],[-41.1408263869999,-4.12358502699994],[-41.1371321859999,-4.11687060299993],[-41.134400662,-4.10490852399998],[-41.128935909,-4.09726952999996],[-41.127594745,-4.08867137399997],[-41.1222351939999,-4.07718582699991],[-41.121978719,-4.07221546599999],[-41.1275353239999,-4.06606381400001],[-41.12715854,-4.06138965799998],[-41.11411507,-4.05181932799993],[-41.1124687139999,-4.04419716399997],[-41.114282417,-4.04056465199997],[-41.120344921,-4.03633901399993],[-41.1238952569999,-4.03712795499991],[-41.133720544,-4.03515327199997],[-41.1430976769999,-4.03681307699998],[-41.153255266,-4.03489343299996],[-41.1599501329999,-4.03171138599994],[-41.171814718,-4.0324776209999],[-41.1760203629999,-4.028768881],[-41.181991442,-4.02674151299995],[-41.183806508,-4.02440128399995],[-41.182244546,-4.01920157199996],[-41.185523673,-4.01721904799996],[-41.190827515,-4.01840867599998],[-41.192607464,-4.02066040899995],[-41.1994725829999,-4.01835602399998],[-41.2033063689999,-4.02251528699994],[-41.208904688,-4.02558286399992],[-41.214079128,-4.02420188699997],[-41.223525389,-4.02855169399997],[-41.226766832,-4.02724243999991],[-41.2403066329999,-4.03084949899993],[-41.250179943,-4.03775326799997],[-41.2547322449999,-4.03710209699992],[-41.2567268649999,-4.03484861399997],[-41.254409539,-4.02767756199996],[-41.249545725,-4.02639134500002],[-41.2388289079999,-4.01540497999997],[-41.239226803,-4.01307682599998],[-41.2457289609999,-4.00658183900001],[-41.247862729,-3.99935283799991],[-41.2473925959999,-3.99321647699994],[-41.249239968,-3.98986969699997],[-41.2441908329999,-3.98639005500001],[-41.2443621639999,-3.97975960099993],[-41.240117486,-3.97919846899997],[-41.2382053779999,-3.97275724199992],[-41.233765774,-3.97060919099992],[-41.234250029,-3.96779872399999],[-41.2316245989999,-3.96643092399998],[-41.228934661,-3.96810301399994],[-41.220239523,-3.94150551999999],[-41.2289133849999,-3.91172983299997],[-41.2333476539999,-3.91025508499998],[-41.2356398639999,-3.90595001599992],[-41.245331939,-3.89831556499994],[-41.244684045,-3.89334443799992],[-41.2476093,-3.88228822199996],[-41.258857039,-3.87027842199995],[-41.259954851,-3.86475116899994],[-41.267757122,-3.86184992699997],[-41.266791639,-3.85888968099991],[-41.2705352359999,-3.85308408099997],[-41.2680697809999,-3.84831730400001],[-41.268581282,-3.84449343999999],[-41.271302489,-3.84191713999998],[-41.270740049,-3.83782867099992],[-41.27513584,-3.83394126499998],[-41.276856261,-3.825621133],[-41.27897849,-3.82460250799992],[-41.282673081,-3.82681153899999],[-41.2874639369999,-3.82225774799997],[-41.289351714,-3.82553066199998],[-41.292537528,-3.82582049599997],[-41.295159974,-3.83017837599993],[-41.298959949,-3.82613519799999],[-41.3008141459999,-3.82629890199994],[-41.294373969,-3.8185632769999],[-41.264828463,-3.79157831799996],[-41.2541228519999,-3.77504141899992],[-41.254021759,-3.77201991699994],[-41.2604836879999,-3.76245119999995],[-41.2611827439999,-3.7575426779999],[-41.2612621289999,-3.74621789299992],[-41.2585189489999,-3.73277551099995],[-41.2518885419999,-3.72333982399994],[-41.239429362,-3.72074968599994],[-41.2382804629999,-3.71576856199993],[-41.2393388879999,-3.71264541599999],[-41.2473972349999,-3.70987612599991],[-41.2554322209999,-3.70326016099997],[-41.271740215,-3.70336083999996],[-41.279334161,-3.70074740199991],[-41.2860779579999,-3.692238141],[-41.290801575,-3.68968899600001],[-41.3076646179999,-3.68480335799997],[-41.32248008,-3.68775014399999],[-41.3265428569999,-3.68731953699999],[-41.341747756,-3.6807726019999],[-41.343692688,-3.67597321599991],[-41.3403998269999,-3.67482483799993],[-41.339097221,-3.67042003999997],[-41.339964562,-3.66737046099997],[-41.3373480289999,-3.65466236399993],[-41.3339709899999,-3.64772901299993],[-41.331129768,-3.6332862859999],[-41.3313154609999,-3.62468432399997],[-41.3449040999999,-3.58873894999997],[-41.3493229599999,-3.58597022699995],[-41.3572137269999,-3.58519596400001],[-41.362008164,-3.58317987700001],[-41.368022848,-3.57853587799998],[-41.371313114,-3.572627671],[-41.371246097,-3.56779369699998],[-41.3646614449999,-3.55799858099999],[-41.355996704,-3.55709737300002],[-41.350179702,-3.55387543899999],[-41.3453603959999,-3.55543867499992],[-41.3418772169999,-3.55385754599992],[-41.3368693349999,-3.55389356299998],[-41.33164436,-3.54607606099991],[-41.3311639349999,-3.54143591099995],[-41.3256787289999,-3.536412786],[-41.3270860089999,-3.53089932899999],[-41.3260514409999,-3.508250651],[-41.320587896,-3.49785798499996],[-41.299172707,-3.49104068699996],[-41.287315254,-3.47932829899997],[-41.2750632919999,-3.48563140199996],[-41.2620751919999,-3.48552201899995],[-41.251371428,-3.48725456199997],[-41.243784337,-3.47781806399998],[-41.23866402,-3.47643096499997],[-41.233767088,-3.46355030599995],[-41.231125224,-3.46330541600002],[-41.2258488819999,-3.46689604800001],[-41.170057883,-3.28761791599994],[-41.149173357,-3.36320157599991]]]}},{"type":"Feature","properties":{"id":"230008","state":"CE","stateCode":"23"},"geometry":{"type":"MultiPolygon","coordinates":[[[[-37.833622915312546,-4.388486054041395],[-37.82973797858926,-4.390783099961116],[-37.8329013929999,-4.39108226499998],[-37.833622915312546,-4.388486054041395]]],[[[-37.446445923,-4.88096141299994],[-37.6403383809999,-4.92640460599999],[-37.6770622299999,-5.05227901800003],[-37.820763158,-4.98378169199999],[-37.8888482619999,-4.9326071419999],[-37.9070143239999,-4.90292328199995],[-37.8821874609999,-4.84839753199998],[-37.9574206679999,-4.72692056299999],[-37.9516937799999,-4.72676336599995],[-37.9503477059999,-4.65997197899993],[-37.9692859419999,-4.65897952399997],[-37.9851209929999,-4.66253476299997],[-37.993237068,-4.66073737099993],[-37.9950516199999,-4.652599145],[-37.993260196,-4.64445576499998],[-37.9788547539999,-4.63177158499995],[-37.975256744,-4.62633921599998],[-37.9734694579999,-4.61548225699998],[-37.985288621,-4.58272163599999],[-37.986033412,-4.57679436999993],[-37.9890961939999,-4.57368890799995],[-37.989567819,-4.57033012599994],[-37.992629193,-4.56626311299997],[-37.9928079439999,-4.56283154899999],[-37.9903408929999,-4.56088332799991],[-37.9847137519999,-4.56078946199995],[-37.982383185,-4.55475020199995],[-37.984118054,-4.54979218299998],[-37.981831304,-4.548511749],[-37.9829140189999,-4.54452246999996],[-37.97573412,-4.53602868099991],[-37.972942902,-4.53650592699996],[-37.9637247789999,-4.53217904699998],[-37.9627181199999,-4.52576176999997],[-37.9661530479999,-4.52068683999991],[-37.968122083,-4.5215670439999],[-37.9692876799999,-4.51632603599996],[-37.9672008459999,-4.51015868299993],[-37.9616864639999,-4.50585791699996],[-37.9651614209999,-4.50043478099996],[-37.95938866,-4.49471263299992],[-37.960867207,-4.489943346],[-37.9557355869999,-4.48532563099995],[-37.9551663159999,-4.47364643499995],[-37.956371593,-4.46962479399999],[-37.960816331,-4.471716053],[-37.962777591,-4.47097983799992],[-37.9646703249999,-4.46576427299996],[-37.967434072,-4.46410564999995],[-37.96699911,-4.45482723899998],[-37.9703491109999,-4.450867372],[-37.9709316629999,-4.43304977199997],[-37.9702665659999,-4.43045102699997],[-37.955658698,-4.42031607099992],[-37.949620422,-4.41155439800001],[-37.94944122,-4.39926521999996],[-37.937423297,-4.39926987300002],[-37.933259914,-4.398031051],[-37.925861513,-4.40173800400003],[-37.9162135129999,-4.40436065499996],[-37.908373811,-4.40100246899992],[-37.907364919,-4.40381674899988],[-37.9088928109999,-4.40908599699995],[-37.9059795169999,-4.41398767699998],[-37.903393281,-4.41442991299999],[-37.900546381,-4.41266551199992],[-37.8998476209999,-4.40800713199995],[-37.8963679519999,-4.40759312899999],[-37.8964105649999,-4.41047225899999],[-37.893325883,-4.41230201699994],[-37.8918397529999,-4.40812004899996],[-37.887823841,-4.40957030799997],[-37.884316372,-4.40665704699998],[-37.883876591,-4.40908589899996],[-37.8867754239999,-4.41223975599996],[-37.885257968,-4.41398589599992],[-37.88286764,-4.41187117499993],[-37.879938362,-4.41281287499995],[-37.878044674,-4.40944343499997],[-37.8743608089999,-4.41180043099993],[-37.8717221119999,-4.41008147999999],[-37.871555464,-4.40824598499999],[-37.8752293759999,-4.40590617099994],[-37.8726072129999,-4.40398826199995],[-37.874700712,-4.401500422],[-37.8735013009999,-4.40029289999992],[-37.868311483,-4.40396454899997],[-37.858254295,-4.40128179399993],[-37.855004012,-4.40355794899997],[-37.845921535,-4.40173038699993],[-37.844924508,-4.40255554999989],[-37.846876965,-4.40743563400002],[-37.83995134,-4.40882139199993],[-37.836287317,-4.40764885999998],[-37.840265726,-4.40540560099991],[-37.837005699,-4.40231617799999],[-37.825394036,-4.40670279999995],[-37.823606787,-4.402149782],[-37.8182179469999,-4.40178818399992],[-37.82071348611807,-4.396119010192094],[-37.7695,-4.4264],[-37.75175125369965,-4.443312052891166],[-37.74015366,-4.47810200899992],[-37.729375734,-4.49719091299999],[-37.721773694,-4.50724337999994],[-37.6987547059999,-4.52502478299991],[-37.69368777,-4.530547476],[-37.689791054,-4.53144898599997],[-37.6868599199999,-4.53402999000001],[-37.6728688799999,-4.54909301999995],[-37.6657239599999,-4.56021801000002],[-37.65152592,-4.57350596999991],[-37.6402261209999,-4.58673024800003],[-37.608678426,-4.61468969199994],[-37.597652796,-4.62285714699991],[-37.5822692979999,-4.62940415199992],[-37.566762562,-4.63937198699999],[-37.5468725919999,-4.64438351799995],[-37.540856543200746,-4.6442649786961026],[-37.54085654320074,-4.644264978696106],[-37.5404,-4.6447],[-37.481994746428406,-4.682601497538466],[-37.253291125,-4.83155550799991],[-37.446445923,-4.88096141299994]]]]}},{"type":"Feature","properties":{"id":"230014","state":"CE","stateCode":"23"},"geometry":{"type":"Polygon","coordinates":[[[-40.0616003339999,-5.41270257499994],[-40.061075487,-5.41612260499995],[-40.0614630319999,-5.41815465599995],[-40.068085783,-5.42553897599995],[-40.0662672409999,-5.42719134299997],[-40.0614778419999,-5.42693559799995],[-40.060483817,-5.42852817200001],[-40.06071867,-5.43017726999995],[-40.0651590799999,-5.43273247399999],[-40.064164518,-5.43438478900001],[-40.0560251159999,-5.434840936],[-40.058004897,-5.44105473199995],[-40.055984357,-5.44415111599991],[-40.057054906,-5.45086729099997],[-40.055330135,-5.4564987709999],[-40.055781343,-5.46247883899998],[-40.049877169,-5.46328483299995],[-40.047416644,-5.467297844],[-40.053945684,-5.48793964999993],[-40.046042354,-5.48845281399994],[-40.038966559,-5.49102892500001],[-40.0326970689999,-5.48552955399992],[-40.0267393049999,-5.48922453699992],[-40.0261252899999,-5.49090516499999],[-40.0306332549999,-5.49835170199998],[-40.031090627,-5.50780938999996],[-40.0258310839999,-5.50884828700002],[-40.025461366,-5.51488901799996],[-40.0212276629999,-5.51360123399998],[-40.013685616,-5.51983112399997],[-40.018432735,-5.52928188399996],[-40.0152361859999,-5.53308703299994],[-40.015181789,-5.53562095999999],[-40.020271117,-5.53917759300003],[-40.0287637149999,-5.55560402799997],[-40.032499615,-5.55792563899994],[-40.0348909529999,-5.56514046099995],[-40.0450919399999,-5.565917112],[-40.050210711,-5.56832432899996],[-40.0535983429999,-5.57424126199995],[-40.0624510649999,-5.5779664049999],[-40.063829598,-5.57658091699992],[-40.066125908,-5.57881361399992],[-40.0777690849999,-5.582624229],[-40.0759323939999,-5.58961302899996],[-40.064617664,-5.58977925799993],[-40.0554316199999,-5.59754322999992],[-40.0585242409999,-5.60062916099998],[-40.059331845,-5.60826270699992],[-40.0516634959999,-5.61025090399994],[-40.052437175,-5.61502283499997],[-40.049888078,-5.61923976299992],[-40.05268403,-5.62114877599996],[-40.057964333,-5.63236718199992],[-40.063643186,-5.63609887699996],[-40.055388836,-5.63832218899998],[-40.054042678,-5.64150738899999],[-40.060075593,-5.64641696299997],[-40.063532509,-5.65569145099996],[-40.0736062519999,-5.66750807199997],[-40.0715327,-5.67461191799993],[-40.0685336,-5.67414548299996],[-40.066598007,-5.67685913399998],[-40.065328175,-5.68876571799995],[-40.0606256739999,-5.68930468199997],[-40.0567710379999,-5.68745522699999],[-40.055128205,-5.68845957199995],[-40.054047198,-5.69320499199993],[-40.0496101189999,-5.69359712199994],[-40.047792476,-5.69601529399993],[-40.0479495329999,-5.70034686799992],[-40.045348096,-5.70927956799998],[-40.0428828449999,-5.71187645999992],[-40.022305123,-5.7109716709999],[-40.0158322709999,-5.70738746800001],[-40.0072937459999,-5.71597715799993],[-40.006302005,-5.72010340599999],[-40.008543415,-5.73484052499998],[-40.00715241,-5.73575972999991],[-40.0037866099999,-5.73441662399997],[-40.00292315,-5.73576558299994],[-40.0077499699999,-5.74789465599997],[-40.0048259929999,-5.75237799199993],[-40.0031103639999,-5.75931711099994],[-40.003548824,-5.76389188699992],[-40.0075948369999,-5.768698655],[-40.009286417,-5.77462115699992],[-40.0066481709999,-5.7773699919999],[-39.9949737359999,-5.77936574599993],[-39.9913315969999,-5.78129970499997],[-39.990583138,-5.79103889299997],[-39.987736039,-5.79353015499995],[-39.985753937,-5.79897237399993],[-39.985026573,-5.80382632399992],[-39.987823977,-5.80790430100001],[-39.986023659,-5.81371532599994],[-39.9751585919999,-5.82162808599997],[-39.966792297,-5.82222438599992],[-39.960777358,-5.81670654899998],[-39.95808172,-5.81793777499999],[-39.956492925,-5.82082929299997],[-39.950212929,-5.82203697199996],[-39.950674974,-5.82347881599998],[-39.9487175699999,-5.82594146899989],[-39.93538575,-5.82630182899996],[-39.92543542,-5.83200050899994],[-39.920376674,-5.8325916379999],[-39.9240319799999,-5.83593394699995],[-39.9242215579999,-5.83955743099992],[-39.932269923,-5.85103240799999],[-39.9324590569999,-5.85434777899996],[-39.938257308,-5.85707088199994],[-39.9405046819999,-5.86262764299998],[-39.944179116,-5.86114778699992],[-39.959706731,-5.87162616599997],[-39.9598307959999,-5.87309944600001],[-39.953977965,-5.87356973899993],[-39.9530335529999,-5.87722663099988],[-39.9435081439999,-5.88188051199993],[-39.938570267,-5.87995241600001],[-39.9394364419999,-5.88302451699999],[-39.938456945,-5.884621744],[-39.934443958,-5.88625711699995],[-39.9323029519999,-5.88939429899999],[-39.927306659,-5.88851139399994],[-39.92587285,-5.89235338399996],[-39.923115062,-5.89315689699991],[-39.920883276,-5.89718205299998],[-39.914514273,-5.90137155399996],[-39.9111940869999,-5.90086840899998],[-39.9059563669999,-5.89717726099993],[-39.8910143319999,-5.89654355999991],[-39.8770013569999,-5.88493799699995],[-39.870734595,-5.88253693799997],[-39.8679669169999,-5.88971069399996],[-39.861069444,-5.88969284799991],[-39.8655814809999,-5.89309533199998],[-39.862307334,-5.89730872399998],[-39.869144487,-5.89861677499993],[-39.870345543,-5.90202479600001],[-39.876910648,-5.90582236499999],[-39.877623216,-5.91009295600001],[-39.8747107739999,-5.90988149899994],[-39.871523578,-5.91093192699997],[-39.87054625,-5.913021085],[-39.866777194,-5.91330552300001],[-39.8600727249999,-5.91997900299998],[-39.8536708269999,-5.92229279399993],[-39.8538338609999,-5.92871087899992],[-39.850617324,-5.93022015199992],[-39.8497646849999,-5.93347796900001],[-39.8380145289999,-5.92849064399999],[-39.837189401,-5.92919703500002],[-39.8342994069999,-5.94489845299993],[-39.835996563,-5.95131566199994],[-39.8322124869999,-5.96342076299991],[-39.8351449779999,-5.97628694099998],[-39.841370958,-5.97790606799991],[-39.8449015889999,-5.98118724999999],[-39.8453953579999,-5.98302913199997],[-39.842637178,-5.98370893999992],[-39.841995375,-5.98551008899999],[-39.8476134369999,-5.99001567299992],[-39.8534068969999,-5.98997728399993],[-39.8529728719999,-5.98672073799997],[-39.855671286,-5.987148218],[-39.857120285,-5.9919069],[-39.862796945,-5.99549150099993],[-39.863164964,-6.00139446699994],[-39.867362328,-6.00244350699996],[-39.868695695,-6.00616445199999],[-39.8740717989999,-6.00592348199994],[-39.871251088,-6.01227087499996],[-39.872331077,-6.01425240199995],[-39.8832561079999,-6.02032428699999],[-39.88689705,-6.02476645500001],[-39.885270442,-6.02727542299995],[-39.889651248,-6.03442759199993],[-39.906253203,-6.03664701999998],[-39.905544903,-6.04195237300001],[-39.907841984,-6.04711737499996],[-39.90564658,-6.04905278499995],[-39.9101901999999,-6.05547315999995],[-39.9104641499999,-6.05844027799996],[-39.915898258,-6.06180193899995],[-39.921110244,-6.06816234799996],[-39.9303354159999,-6.07414486199996],[-39.935101896,-6.07975330199993],[-39.944556464,-6.07991048299998],[-39.9490465659999,-6.08224065499997],[-39.9504338949999,-6.07994647599994],[-39.9559987199999,-6.08260944300001],[-39.96342627,-6.08881440299996],[-39.9636492819999,-6.09349542400001],[-39.9566225949999,-6.09835048600001],[-39.956970432,-6.10009044699999],[-39.9532862149999,-6.09977670699996],[-39.947672623,-6.10469957999996],[-39.942278839,-6.10440911599992],[-39.935768106,-6.09697917999997],[-39.928202127,-6.09290571599999],[-39.926037422,-6.09312310799994],[-39.9181625529999,-6.08254612699993],[-39.9114910439999,-6.08021873699991],[-39.909373705,-6.08328253500001],[-39.905255595,-6.08546046099998],[-39.9044634029999,-6.09265065700001],[-39.8991533279999,-6.0926151109999],[-39.889899098,-6.09846077399997],[-39.8894217709999,-6.10358184499994],[-39.8939819389999,-6.111501447],[-39.893866609,-6.113686709],[-39.8916613229999,-6.11433561199993],[-39.8973379609999,-6.12233489799993],[-39.89222551,-6.12985697399995],[-39.901068418,-6.14271459299995],[-39.899615362,-6.14835969599994],[-39.8945768149999,-6.15393474799989],[-39.8939605269999,-6.15587885499999],[-39.8956231019999,-6.15989052999992],[-39.9066489499999,-6.167705278],[-39.918734489,-6.18224570099997],[-39.9185082609999,-6.18600643799992],[-39.915544977,-6.18792978499997],[-39.9153952729999,-6.18955670899993],[-39.9260785499999,-6.19583087699993],[-39.9343613619999,-6.19574296799993],[-39.9398696019999,-6.19403513599994],[-39.942531715,-6.19486509699995],[-39.9440757979999,-6.19750103099991],[-39.948040691,-6.19647884699998],[-39.96597463,-6.20555935399991],[-39.9741292729999,-6.21447841999997],[-39.986931123,-6.22078140499994],[-40.0007497669999,-6.215874174],[-40.016294331,-6.22365613499994],[-40.021356709,-6.23151681599994],[-40.019214791,-6.240234963],[-40.0252921139999,-6.25453592299994],[-40.0215341939999,-6.26347494699996],[-40.021733496,-6.267523296],[-40.0267747939999,-6.27276367899999],[-40.0266244819999,-6.27709827199998],[-40.0288631,-6.27988258899997],[-40.0401842889999,-6.27978061999996],[-40.042585071,-6.28178902099997],[-40.048794631,-6.27929980999996],[-40.050020902,-6.28018387299993],[-40.0512754819999,-6.28332161199993],[-40.048649941,-6.28665757499991],[-40.051366641,-6.28951604499997],[-40.051930934,-6.29230292499991],[-40.049789021,-6.29819162099997],[-40.047561323,-6.30028651699995],[-40.0515945239999,-6.30217236999994],[-40.0546555349999,-6.29918962499994],[-40.0576041629999,-6.29840766899999],[-40.057611455,-6.30166082899997],[-40.061851619,-6.30501163799991],[-40.0652779179999,-6.32153385099997],[-40.063928195,-6.32623156800001],[-40.0651421659999,-6.32974826899991],[-40.0715106989999,-6.34132407599998],[-40.0760482589999,-6.344540192],[-40.079525065,-6.34446046399997],[-40.080586149,-6.34629144499994],[-40.079459939,-6.34944854299994],[-40.073107278,-6.34925357599998],[-40.071993334,-6.35525719599997],[-40.077657109,-6.35466010599994],[-40.0836364159999,-6.36000049299994],[-40.085105756,-6.36859857699991],[-40.1073684729999,-6.35156288699991],[-40.1191786439999,-6.34841392999996],[-40.1280204759999,-6.35115799699998],[-40.136614343,-6.35059854599997],[-40.13934018,-6.35279315199992],[-40.14242786,-6.35126842599997],[-40.145649459,-6.35501162299999],[-40.146597005,-6.36001599699996],[-40.148155012,-6.36050839699995],[-40.152475657,-6.35985964500001],[-40.1542759939999,-6.35836288299997],[-40.1549455169999,-6.35430058399996],[-40.1575158589999,-6.35370987999993],[-40.161029797,-6.35558752399994],[-40.1631083469999,-6.36143037299995],[-40.1730127769999,-6.36076140999993],[-40.1814558399999,-6.36494674300002],[-40.1869175479999,-6.36539380799996],[-40.19088451,-6.369066422],[-40.196927825,-6.37123340599997],[-40.2025360929999,-6.37785297899992],[-40.2069463669999,-6.38055532899998],[-40.21069488,-6.38073286400001],[-40.216496921,-6.37602661499998],[-40.2182716579999,-6.37616681099995],[-40.226769243,-6.38653134899996],[-40.232067163,-6.3866594409999],[-40.2372652679999,-6.38872650999997],[-40.2382029649999,-6.39158066899995],[-40.2401803309999,-6.3925826889999],[-40.245102433,-6.390110344],[-40.2455064319999,-6.38722678599997],[-40.250495431,-6.38737659199993],[-40.250129313,-6.38155336299995],[-40.2570194969999,-6.37515312499992],[-40.261089354,-6.37808243199992],[-40.257813251,-6.38241841099994],[-40.260880255,-6.38594886799993],[-40.2685461529999,-6.385050136],[-40.271951948,-6.38726149],[-40.275178749,-6.38727391399996],[-40.2853314289999,-6.38026424299994],[-40.2903658559999,-6.38727604399995],[-40.295451471,-6.39099897399997],[-40.3081565029999,-6.39587462499998],[-40.3076897259999,-6.40051476799993],[-40.3088529689999,-6.40269908100002],[-40.3131170109999,-6.40134591999997],[-40.3129450639999,-6.39878439699995],[-40.3150032189999,-6.39777950999992],[-40.3180964229999,-6.39825280199993],[-40.322411748,-6.40134303599999],[-40.329228988,-6.40208464799998],[-40.3364808879999,-6.40867976599996],[-40.335190309,-6.41538662799995],[-40.354338565,-6.41049598299996],[-40.353604915,-6.41728024699996],[-40.3506830599999,-6.41768665999992],[-40.3521195009999,-6.42156932599993],[-40.3577887129999,-6.42429051399992],[-40.36009367,-6.42745769099996],[-40.3669453129999,-6.42882836399995],[-40.3677902549999,-6.43384588999998],[-40.372546957,-6.43574039199997],[-40.372005201,-6.44040354699997],[-40.3698524639999,-6.44361445899999],[-40.369500258,-6.45084190199999],[-40.3756280539999,-6.45568909199993],[-40.3811726179999,-6.46302362699992],[-40.388178494,-6.465650341],[-40.3906221199999,-6.46936468099992],[-40.3915195329999,-6.474726464],[-40.4399614789999,-6.48854310999992],[-40.447273916,-6.49516874599996],[-40.449026063,-6.51517361199994],[-40.4538251689999,-6.51923929399992],[-40.456348518,-6.52509567099997],[-40.4598215389999,-6.52830661099999],[-40.4654247679999,-6.52979273899993],[-40.4829690889999,-6.52825921799998],[-40.5161467109999,-6.53741562199996],[-40.5283476689999,-6.538629097],[-40.542174078,-6.54899819899996],[-40.5490542799999,-6.54904465099997],[-40.555494151,-6.55144101299994],[-40.56339393,-6.54497168299997],[-40.576853985,-6.54775571700001],[-40.5826995849999,-6.557169721],[-40.590138849,-6.56259948699993],[-40.587927508,-6.56710517099995],[-40.5884427739999,-6.57388253499992],[-40.591805197,-6.58050268799994],[-40.5968919749999,-6.58432976699996],[-40.59791408,-6.59442571199997],[-40.6054772249999,-6.59836632399997],[-40.610070632,-6.60319899999996],[-40.611139813,-6.60858773099997],[-40.6151825339999,-6.60564634899996],[-40.6217685879999,-6.6044702629999],[-40.637246229,-6.60477439999993],[-40.644997632,-6.60660280699995],[-40.6503003309999,-6.61382837699997],[-40.6541396529999,-6.61405642399991],[-40.661010482,-6.61116522499999],[-40.6676611199999,-6.61295962099994],[-40.669412531,-6.61511241699999],[-40.674199931,-6.61062934899997],[-40.676795501,-6.60354753399994],[-40.6889070179999,-6.599795489],[-40.7363774389999,-6.60030745599991],[-40.740224871,-6.57749605199994],[-40.7458520499999,-6.56554678399997],[-40.7542914759999,-6.55467115699994],[-40.7836794049999,-6.52840463900001],[-40.790561367,-6.51870124799997],[-40.7921223239999,-6.51286108099993],[-40.789939511,-6.50063140299994],[-40.7965855589999,-6.47070129899994],[-40.7937757329999,-6.46018952199997],[-40.796062562,-6.44502909599996],[-40.796089352,-6.428184717],[-40.805154702,-6.39313159099995],[-40.800088101,-6.38170223399991],[-40.7953953959999,-6.37826703799992],[-40.7903471289999,-6.37188932099996],[-40.781089332,-6.35165964499994],[-40.779149065,-6.341346873],[-40.7801351839999,-6.32767184499997],[-40.782863293,-6.31337449999998],[-40.7855411499999,-6.30990253899993],[-40.786562154,-6.305364692],[-40.7930445879999,-6.29969163899992],[-40.802903522,-6.29404320600003],[-40.810504578,-6.28706339],[-40.8171657619999,-6.27019601599998],[-40.8235748059999,-6.25826425699995],[-40.833146315,-6.24521115999997],[-40.8522241589999,-6.22422046199992],[-40.8519714349999,-6.21909485199994],[-40.847229985,-6.20301359399995],[-40.8519426509999,-6.18578239699993],[-40.853623488,-6.16328156600001],[-40.8457385439999,-6.13499497399993],[-40.849049645,-6.12343140099998],[-40.857671135,-6.10538490899991],[-40.8077457229999,-6.105121816],[-40.8109879429999,-6.09615537299991],[-40.809895301,-6.09314173699995],[-40.8077863339999,-6.092298312],[-40.805868468,-6.092746995],[-40.8040678739999,-6.09651116499997],[-40.8008184819999,-6.09708488799991],[-40.795292589,-6.09323414299998],[-40.7901795979999,-6.09316500199994],[-40.784398618,-6.09048912199995],[-40.7725677339999,-6.09173193099995],[-40.7664839929999,-6.08953259599996],[-40.764064846,-6.08986160599991],[-40.7611544429999,-6.09318525799992],[-40.758819337,-6.09333206],[-40.75406802,-6.09035655799992],[-40.747101765,-6.09039165999999],[-40.747481107,-6.08271772799999],[-40.7405655849999,-6.08057707799997],[-40.7364866099999,-6.07720385099995],[-40.732983631,-6.06978821199991],[-40.738094105,-6.06337461799995],[-40.7374612819999,-6.05840543399993],[-40.7339575939999,-6.05605858999999],[-40.731675721,-6.05225020099992],[-40.7237701549999,-6.05247070399998],[-40.72168389,-6.04897369799999],[-40.7163359619999,-6.04495596899991],[-40.715797675,-6.04054097099993],[-40.719511794,-6.03997651899994],[-40.7297238309999,-6.03450858699996],[-40.734475242,-6.03028849399995],[-40.73375928,-6.02675798599994],[-40.735683828,-6.02397902499995],[-40.734601936,-6.02220102900003],[-40.7375481569999,-6.01550974299998],[-40.740969255,-6.01340655099994],[-40.73807033,-6.00686062399994],[-40.737892308,-5.99261097199999],[-40.745378806,-5.99017326599991],[-40.7465661189999,-5.98331659999996],[-40.742088537,-5.97797170199993],[-40.7379797469999,-5.97744957799999],[-40.736778043,-5.97391395599991],[-40.7289752779999,-5.97327244499996],[-40.72450851,-5.97091738999996],[-40.7191921229999,-5.96489080799996],[-40.7137949729999,-5.96828250100001],[-40.7097726589999,-5.96758975399998],[-40.714000515,-5.96280695599992],[-40.71438585,-5.95990975800002],[-40.7109744749999,-5.95555534299998],[-40.713101934,-5.95411911699998],[-40.710204995,-5.94834181999997],[-40.7160072329999,-5.94151124199996],[-40.7145494219999,-5.93916727600001],[-40.7119788749999,-5.93992375099998],[-40.7090757409999,-5.93779794499996],[-40.7058041389999,-5.93911057499994],[-40.706020119,-5.93058924],[-40.687604888,-5.91483159499996],[-40.6656065919999,-5.91489799399994],[-40.662709047,-5.91325101199992],[-40.673660554,-5.90370721099996],[-40.674330341,-5.90220433099993],[-40.6729722119999,-5.89984382299994],[-40.674530478,-5.89716639599993],[-40.674546477,-5.892825289],[-40.6773359319999,-5.88727681999993],[-40.6805079479999,-5.88572811599996],[-40.6829929589999,-5.87729643799998],[-40.6792339409999,-5.86995741300001],[-40.673212331,-5.86956143999993],[-40.669365207,-5.86175477799997],[-40.669262607,-5.85601587799995],[-40.665235792,-5.8543363819999],[-40.6658547119999,-5.85189512999996],[-40.660689861,-5.850663206],[-40.657488809,-5.84628053999992],[-40.653621668,-5.84554726399992],[-40.645801703,-5.84029435999997],[-40.642996526,-5.83979705799994],[-40.638063738,-5.84197885],[-40.637182152,-5.84590823899994],[-40.628520486,-5.85291381099998],[-40.6188198419999,-5.852492254],[-40.617651327,-5.85031645100001],[-40.6083367959999,-5.84890963299995],[-40.6020504619999,-5.84401394099998],[-40.603251184,-5.84067899000001],[-40.6024479799999,-5.83818689699994],[-40.5911980609999,-5.83674073999992],[-40.587075929,-5.83479251899994],[-40.5859820519999,-5.83815350399994],[-40.581421578,-5.83838042399998],[-40.5777818029999,-5.84064406999995],[-40.5596598649999,-5.84304080799993],[-40.5506000959999,-5.83673151899996],[-40.547557167,-5.83159424599998],[-40.5448353969999,-5.83142354399998],[-40.533488844,-5.82432923100001],[-40.53026593,-5.81681579499995],[-40.524165895,-5.81766704299996],[-40.523105178,-5.81458961599999],[-40.5162076459999,-5.81298224099994],[-40.5119575639999,-5.81550129399991],[-40.5162335459999,-5.82178090699991],[-40.516327331,-5.82494845999998],[-40.5108396,-5.82386387499994],[-40.509308112,-5.82567052199995],[-40.5058842949999,-5.826031744],[-40.5061957269999,-5.82774749399995],[-40.5001357689999,-5.82679468799999],[-40.494318345,-5.82808667599994],[-40.488059849,-5.83509627300002],[-40.480106757,-5.8319936629999],[-40.476594419,-5.83209288499996],[-40.4724140739999,-5.82836300799998],[-40.4733318249999,-5.82647023599996],[-40.453362422,-5.82858993000001],[-40.447917478,-5.82745842000001],[-40.425461433,-5.81779268099996],[-40.4157883909999,-5.81112981999999],[-40.4113959869999,-5.80973276699993],[-40.398561736,-5.78666849499994],[-40.397979104,-5.78099496099999],[-40.395778509,-5.77897552699998],[-40.388706575,-5.77683825299998],[-40.3868075039999,-5.77222438099995],[-40.382451606,-5.76814285999994],[-40.380982509,-5.75939193099992],[-40.37135346,-5.75303546799996],[-40.368484993,-5.74578237899999],[-40.35206305,-5.74371038199995],[-40.3413221609999,-5.74853189699993],[-40.328015721,-5.74631796299997],[-40.3199753649999,-5.74268647099997],[-40.3098483059999,-5.74847276699993],[-40.2964215889999,-5.75008656199994],[-40.2879659969999,-5.75763087099995],[-40.284630231,-5.75798818099995],[-40.2820285819999,-5.75188044199996],[-40.277150101,-5.74973412299994],[-40.256167369,-5.72888092299999],[-40.2508967739999,-5.72748740499996],[-40.241179909,-5.71963129899992],[-40.240891984,-5.70819322899999],[-40.234924043,-5.71022964599998],[-40.2259711609999,-5.70972137599995],[-40.2220431469999,-5.69965448199995],[-40.2135642579999,-5.69540428299998],[-40.210922365,-5.69171280299999],[-40.215429403,-5.68470941299999],[-40.2142340419999,-5.68026912399994],[-40.214929936,-5.67718794199991],[-40.2205285309999,-5.6678487959999],[-40.2302140029999,-5.66188653099996],[-40.2312648069999,-5.65994923999997],[-40.2312585649999,-5.65739933999995],[-40.227870986,-5.65375508999997],[-40.227598722,-5.64908898799999],[-40.2340120259999,-5.63117025599991],[-40.2297301649999,-5.61916734899996],[-40.2319641429999,-5.61779859999996],[-40.2331882,-5.614714179],[-40.227338156,-5.60834840799989],[-40.2200024189999,-5.6058559869999],[-40.2200014739999,-5.60480007199995],[-40.2292943939999,-5.60011714599998],[-40.2270433489999,-5.59338994],[-40.221107713,-5.58825544899998],[-40.215398018,-5.58606708799993],[-40.211573448,-5.58198325199988],[-40.2028336659999,-5.57984462799997],[-40.192947602,-5.57295835499994],[-40.1898343599999,-5.57441433699998],[-40.1886888849999,-5.57186706599989],[-40.1862726159999,-5.57085909599989],[-40.187229585,-5.56619377299999],[-40.1855089269999,-5.56201601999991],[-40.179886193,-5.55894856399994],[-40.173174661,-5.56032529099998],[-40.172242173,-5.55447539399993],[-40.1671767609999,-5.54520114499998],[-40.159149015,-5.54605413599994],[-40.1547976109999,-5.542675881],[-40.143431625,-5.54124414999995],[-40.1414641699999,-5.54604297799998],[-40.1307192939999,-5.54980414499996],[-40.124191954,-5.55470158399991],[-40.1233128769999,-5.554086554],[-40.11570093,-5.54305786000001],[-40.115473099,-5.53905325899993],[-40.110374499,-5.53510301799996],[-40.1100656419999,-5.53347639999993],[-40.109569054,-5.52489703999989],[-40.112096408,-5.517149117],[-40.1118735659999,-5.51428802099997],[-40.108441338,-5.50945516099995],[-40.108393162,-5.50641968299997],[-40.1099474119999,-5.49321793799993],[-40.1122761779999,-5.49135041799997],[-40.106624073,-5.46869140099993],[-40.109520155,-5.46241186599994],[-40.107065064,-5.45248474799994],[-40.1011563989999,-5.45175990400003],[-40.0982686919999,-5.44811342099993],[-40.098001758,-5.446139096],[-40.10087978,-5.44519219799998],[-40.1005228819999,-5.44301109700001],[-40.0901192219999,-5.44067345499993],[-40.0894690879999,-5.43914314299998],[-40.0909935669999,-5.43625124099998],[-40.0837798709999,-5.42792683599991],[-40.0833294849999,-5.42271241699992],[-40.080510271,-5.42366073999998],[-40.0776564179999,-5.42157165199996],[-40.070792341,-5.41071219699992],[-40.069046768,-5.403203267],[-40.058671986,-5.39685529199995],[-40.0598211829999,-5.40304149299994],[-40.06568408,-5.41201974699993],[-40.0616003339999,-5.41270257499994]]]}},{"type":"Feature","properties":{"id":"230013","state":"CE","stateCode":"23"},"geometry":{"type":"Polygon","coordinates":[[[-40.3421318819999,-4.64546878199997],[-40.3402493449999,-4.65971684099997],[-40.337531842,-4.65868943199995],[-40.337073177,-4.66472626199993],[-40.331567995,-4.66705904699996],[-40.328734207,-4.67457651499995],[-40.32275708,-4.68047835899995],[-40.3226148739999,-4.68401973599996],[-40.314588307,-4.68960247300002],[-40.3130675789999,-4.69232423699998],[-40.3132015789999,-4.70041808199998],[-40.3152315089999,-4.70722822599992],[-40.307899597,-4.71545349999994],[-40.3036496679999,-4.71740248999993],[-40.3044069069999,-4.72290951899994],[-40.3139626019999,-4.72447181099997],[-40.314419581,-4.72740632299995],[-40.3099342169999,-4.72989679699996],[-40.3087028189999,-4.73209796299992],[-40.304616754,-4.73314584699992],[-40.3014844,-4.73784113200002],[-40.295480894,-4.74049361399993],[-40.2903692319999,-4.74721238499992],[-40.284839021,-4.75007845799993],[-40.281511662,-4.75815631699993],[-40.2758411179999,-4.76210954899992],[-40.273069117,-4.76962531899995],[-40.269728498,-4.77012488499998],[-40.268369209,-4.77411484599998],[-40.26287289,-4.77661128799994],[-40.2452072949999,-4.77760609999992],[-40.231811956,-4.78235311499995],[-40.2216219439999,-4.78907232999999],[-40.2152090079999,-4.790115909],[-40.19620464,-4.79182748899995],[-40.1888720919999,-4.78845691399995],[-40.1792871229999,-4.78835759599999],[-40.1746970789999,-4.79103692999999],[-40.171534441,-4.79493862699998],[-40.1595091989999,-4.80179353999996],[-40.1555589529999,-4.80973248799993],[-40.1417005989999,-4.80845773499997],[-40.129141847,-4.80453430099997],[-40.1284898279999,-4.79884161999996],[-40.1132678219999,-4.75294556699992],[-40.0594065809999,-4.71916569399996],[-40.059449654,-4.71788758],[-39.92490759,-4.73526306799995],[-39.928583384,-4.774540176],[-39.9303398119999,-4.77340823999997],[-39.9340038369999,-4.77432582699995],[-39.9387730669999,-4.77025871599995],[-39.9398990789999,-4.771653511],[-39.9354425989999,-4.77706938300002],[-39.9360172129999,-4.78030765999999],[-39.939105166,-4.78286989499997],[-39.9386194669999,-4.78480599899995],[-39.9289798359999,-4.79714056399999],[-39.9313381539999,-4.80156122899993],[-39.9352830029999,-4.80332428199997],[-39.941604753,-4.81128938099998],[-39.9486623189999,-4.81636221799995],[-39.9467605089999,-4.82170679899992],[-39.949365152,-4.82657988899998],[-39.947301991,-4.828131296],[-39.948364678,-4.83068422799996],[-39.947097986,-4.834580334],[-39.9443969659999,-4.83695913799991],[-39.945088937,-4.83964159699997],[-39.939527885,-4.84256410999995],[-39.9328613159999,-4.85351406699991],[-39.9261892569999,-4.86051478199997],[-39.924498806,-4.86467306499996],[-39.9156500229999,-4.87185543999994],[-39.90902919,-4.87483408799994],[-39.9011378109999,-4.88250729699995],[-39.900821788,-4.88438841599996],[-39.89370242,-4.88645548499994],[-39.8926085989999,-4.887679778],[-39.895524783,-4.88878581299993],[-39.895954684,-4.89188136],[-39.8923494059999,-4.89289276099992],[-39.898390123,-4.89611621900001],[-39.898879791,-4.89915421800001],[-39.9008414929999,-4.89850693399993],[-39.902958941,-4.89981273699998],[-39.900475944,-4.90193833599999],[-39.902496506,-4.905495871],[-39.904241672,-4.90350618399995],[-39.906152485,-4.90469104100001],[-39.9090683819999,-4.90391403899993],[-39.9100792359999,-4.90636232500002],[-39.9137361,-4.90463030699995],[-39.923238656,-4.91326075599995],[-39.92753239,-4.91219673299994],[-39.9325265969999,-4.91809766999996],[-39.9321046149999,-4.9211683579999],[-39.934231756,-4.92421056599991],[-39.9394774149999,-4.92190697099991],[-39.9419768139999,-4.92626436799993],[-39.9471783479999,-4.92943040499998],[-39.950488337,-4.92727140899995],[-39.9513857119999,-4.92411012199996],[-39.95602917,-4.92558659199999],[-39.9625068879999,-4.93224673099995],[-39.96304336,-4.93667053199994],[-39.960397024,-4.93946055499996],[-39.9621471029999,-4.94053011199999],[-39.963790101,-4.93910873899999],[-39.964430302,-4.94180383299994],[-39.9672903979999,-4.93935011499997],[-39.9684304079999,-4.94048179999991],[-39.967615408,-4.94441953199993],[-39.9686276409999,-4.94671309599998],[-39.959623499,-5.00524263999995],[-39.9603087209999,-5.02896396699995],[-39.972693302,-5.02881890599995],[-39.973356113,-5.03535001599997],[-39.9699729469999,-5.03979584199994],[-39.969066419,-5.04379375999997],[-39.970897247,-5.04746881200001],[-39.9876119419999,-5.06558406599989],[-39.997140409,-5.07267293899998],[-39.9970144869999,-5.07483093000001],[-40.0025142119999,-5.08139362899996],[-40.0021649569999,-5.08504714599993],[-40.036421353,-5.1033298749999],[-40.165614783,-5.1654033949999],[-40.159006202,-5.16696143399994],[-40.1535399609999,-5.16402433699994],[-40.141296719,-5.16943680499996],[-40.1389173809999,-5.16346384299993],[-40.1323774169999,-5.16298148299997],[-40.127871053,-5.165181253],[-40.121896191,-5.16557810699998],[-40.1187340559999,-5.16273141099989],[-40.115801152,-5.162241169],[-40.115805991,-5.16564290500001],[-40.112991591,-5.16712966300001],[-40.1067862249999,-5.16478244899995],[-40.102277756,-5.16544664799994],[-40.098102184,-5.16375509399995],[-40.0938234499999,-5.1675996289999],[-40.091691059,-5.17281477200002],[-40.08549205,-5.17419649799995],[-40.0813652499999,-5.17266663000002],[-40.0783368279999,-5.16718800099995],[-40.0751190279999,-5.16543337399998],[-40.067311134,-5.17302563199998],[-40.0669744579999,-5.17942061500001],[-40.059530572,-5.18607369499999],[-40.0570128569999,-5.186502085],[-40.055367676,-5.18131950799991],[-40.045921122,-5.18348041299992],[-40.037593277,-5.18225478999995],[-40.034191473,-5.18461343899996],[-40.0297867339999,-5.19202260699999],[-40.031949013,-5.19742146399992],[-40.0312307479999,-5.20043666700001],[-40.029392153,-5.20235603000001],[-40.022838469,-5.20331293699996],[-40.0212537899999,-5.20585342999993],[-40.027430323,-5.21058866499994],[-40.0303943039999,-5.21754839499989],[-40.035392792,-5.22198801099997],[-40.0352834839999,-5.22599058099994],[-40.042169481,-5.237095084],[-40.04661793,-5.23908106100003],[-40.045761111,-5.25057886299992],[-40.043698228,-5.2540489749999],[-40.043036082,-5.26135337299994],[-40.047006707,-5.26768596199997],[-40.0483936959999,-5.28206328299993],[-40.056260863,-5.28651437299997],[-40.054614466,-5.29218896999992],[-40.040560344,-5.29363861799996],[-40.0295343239999,-5.29667210799994],[-40.024913729,-5.30188803499995],[-40.028253059,-5.31157860399999],[-40.0192788839999,-5.31690835199992],[-40.0182856179999,-5.32011116299996],[-40.018980612,-5.32241739499992],[-40.022841726,-5.32450793499996],[-40.0208976289999,-5.32796650699997],[-40.0242265849999,-5.33325347299997],[-40.022726435,-5.33686411699992],[-40.0277819129999,-5.34069339399996],[-40.0285375459999,-5.34193114799995],[-40.0259280279999,-5.344024794],[-40.0263418829999,-5.34521194899998],[-40.031122617,-5.34960284299994],[-40.0342543239999,-5.34959482999999],[-40.0388666929999,-5.35385215],[-40.0408916139999,-5.35245621899995],[-40.0453953649999,-5.35602601099992],[-40.0561958899999,-5.35915632400002],[-40.05603407,-5.36423872799997],[-40.052011803,-5.36649533899991],[-40.0567851959999,-5.37034469199998],[-40.0564083679999,-5.37612606799997],[-40.059472935,-5.38329385699999],[-40.059253654,-5.38694385599994],[-40.061451333,-5.38989205199996],[-40.058671986,-5.39685529199995],[-40.069046768,-5.403203267],[-40.070792341,-5.41071219699992],[-40.0776564179999,-5.42157165199996],[-40.080510271,-5.42366073999998],[-40.0833294849999,-5.42271241699992],[-40.0837798709999,-5.42792683599991],[-40.0909935669999,-5.43625124099998],[-40.0894690879999,-5.43914314299998],[-40.0901192219999,-5.44067345499993],[-40.1005228819999,-5.44301109700001],[-40.10087978,-5.44519219799998],[-40.098001758,-5.446139096],[-40.0982686919999,-5.44811342099993],[-40.1011563989999,-5.45175990400003],[-40.107065064,-5.45248474799994],[-40.109520155,-5.46241186599994],[-40.106624073,-5.46869140099993],[-40.1122761779999,-5.49135041799997],[-40.1099474119999,-5.49321793799993],[-40.108393162,-5.50641968299997],[-40.108441338,-5.50945516099995],[-40.1118735659999,-5.51428802099997],[-40.112096408,-5.517149117],[-40.109569054,-5.52489703999989],[-40.1100656419999,-5.53347639999993],[-40.110374499,-5.53510301799996],[-40.115473099,-5.53905325899993],[-40.11570093,-5.54305786000001],[-40.1233128769999,-5.554086554],[-40.124191954,-5.55470158399991],[-40.1307192939999,-5.54980414499996],[-40.1414641699999,-5.54604297799998],[-40.143431625,-5.54124414999995],[-40.1547976109999,-5.542675881],[-40.159149015,-5.54605413599994],[-40.1671767609999,-5.54520114499998],[-40.172242173,-5.55447539399993],[-40.173174661,-5.56032529099998],[-40.179886193,-5.55894856399994],[-40.1855089269999,-5.56201601999991],[-40.187229585,-5.56619377299999],[-40.1862726159999,-5.57085909599989],[-40.1886888849999,-5.57186706599989],[-40.1898343599999,-5.57441433699998],[-40.192947602,-5.57295835499994],[-40.2028336659999,-5.57984462799997],[-40.211573448,-5.58198325199988],[-40.215398018,-5.58606708799993],[-40.221107713,-5.58825544899998],[-40.2270433489999,-5.59338994],[-40.2292943939999,-5.60011714599998],[-40.2200014739999,-5.60480007199995],[-40.2200024189999,-5.6058559869999],[-40.227338156,-5.60834840799989],[-40.2331882,-5.614714179],[-40.2319641429999,-5.61779859999996],[-40.2297301649999,-5.61916734899996],[-40.2340120259999,-5.63117025599991],[-40.227598722,-5.64908898799999],[-40.227870986,-5.65375508999997],[-40.2312585649999,-5.65739933999995],[-40.2312648069999,-5.65994923999997],[-40.2302140029999,-5.66188653099996],[-40.2205285309999,-5.6678487959999],[-40.214929936,-5.67718794199991],[-40.2142340419999,-5.68026912399994],[-40.215429403,-5.68470941299999],[-40.210922365,-5.69171280299999],[-40.2135642579999,-5.69540428299998],[-40.2220431469999,-5.69965448199995],[-40.2259711609999,-5.70972137599995],[-40.234924043,-5.71022964599998],[-40.240891984,-5.70819322899999],[-40.241179909,-5.71963129899992],[-40.2508967739999,-5.72748740499996],[-40.256167369,-5.72888092299999],[-40.277150101,-5.74973412299994],[-40.2820285819999,-5.75188044199996],[-40.284630231,-5.75798818099995],[-40.2879659969999,-5.75763087099995],[-40.2964215889999,-5.75008656199994],[-40.3098483059999,-5.74847276699993],[-40.3199753649999,-5.74268647099997],[-40.328015721,-5.74631796299997],[-40.3413221609999,-5.74853189699993],[-40.35206305,-5.74371038199995],[-40.368484993,-5.74578237899999],[-40.37135346,-5.75303546799996],[-40.380982509,-5.75939193099992],[-40.382451606,-5.76814285999994],[-40.3868075039999,-5.77222438099995],[-40.388706575,-5.77683825299998],[-40.395778509,-5.77897552699998],[-40.397979104,-5.78099496099999],[-40.398561736,-5.78666849499994],[-40.4113959869999,-5.80973276699993],[-40.4157883909999,-5.81112981999999],[-40.425461433,-5.81779268099996],[-40.447917478,-5.82745842000001],[-40.453362422,-5.82858993000001],[-40.4733318249999,-5.82647023599996],[-40.4724140739999,-5.82836300799998],[-40.476594419,-5.83209288499996],[-40.480106757,-5.8319936629999],[-40.488059849,-5.83509627300002],[-40.494318345,-5.82808667599994],[-40.5001357689999,-5.82679468799999],[-40.5061957269999,-5.82774749399995],[-40.5058842949999,-5.826031744],[-40.509308112,-5.82567052199995],[-40.5108396,-5.82386387499994],[-40.516327331,-5.82494845999998],[-40.5162335459999,-5.82178090699991],[-40.5119575639999,-5.81550129399991],[-40.5162076459999,-5.81298224099994],[-40.523105178,-5.81458961599999],[-40.524165895,-5.81766704299996],[-40.53026593,-5.81681579499995],[-40.533488844,-5.82432923100001],[-40.5448353969999,-5.83142354399998],[-40.547557167,-5.83159424599998],[-40.5506000959999,-5.83673151899996],[-40.5596598649999,-5.84304080799993],[-40.5777818029999,-5.84064406999995],[-40.581421578,-5.83838042399998],[-40.5859820519999,-5.83815350399994],[-40.587075929,-5.83479251899994],[-40.5911980609999,-5.83674073999992],[-40.6024479799999,-5.83818689699994],[-40.603251184,-5.84067899000001],[-40.6020504619999,-5.84401394099998],[-40.6083367959999,-5.84890963299995],[-40.617651327,-5.85031645100001],[-40.6188198419999,-5.852492254],[-40.628520486,-5.85291381099998],[-40.637182152,-5.84590823899994],[-40.638063738,-5.84197885],[-40.642996526,-5.83979705799994],[-40.645801703,-5.84029435999997],[-40.653621668,-5.84554726399992],[-40.657488809,-5.84628053999992],[-40.660689861,-5.850663206],[-40.6658547119999,-5.85189512999996],[-40.665235792,-5.8543363819999],[-40.669262607,-5.85601587799995],[-40.669365207,-5.86175477799997],[-40.673212331,-5.86956143999993],[-40.6792339409999,-5.86995741300001],[-40.6829929589999,-5.87729643799998],[-40.6805079479999,-5.88572811599996],[-40.6773359319999,-5.88727681999993],[-40.674546477,-5.892825289],[-40.674530478,-5.89716639599993],[-40.6729722119999,-5.89984382299994],[-40.674330341,-5.90220433099993],[-40.673660554,-5.90370721099996],[-40.662709047,-5.91325101199992],[-40.6656065919999,-5.91489799399994],[-40.687604888,-5.91483159499996],[-40.706020119,-5.93058924],[-40.7058041389999,-5.93911057499994],[-40.7090757409999,-5.93779794499996],[-40.7119788749999,-5.93992375099998],[-40.7145494219999,-5.93916727600001],[-40.7160072329999,-5.94151124199996],[-40.710204995,-5.94834181999997],[-40.713101934,-5.95411911699998],[-40.7109744749999,-5.95555534299998],[-40.71438585,-5.95990975800002],[-40.714000515,-5.96280695599992],[-40.7097726589999,-5.96758975399998],[-40.7137949729999,-5.96828250100001],[-40.7191921229999,-5.96489080799996],[-40.72450851,-5.97091738999996],[-40.7289752779999,-5.97327244499996],[-40.736778043,-5.97391395599991],[-40.7379797469999,-5.97744957799999],[-40.742088537,-5.97797170199993],[-40.7465661189999,-5.98331659999996],[-40.745378806,-5.99017326599991],[-40.737892308,-5.99261097199999],[-40.73807033,-6.00686062399994],[-40.740969255,-6.01340655099994],[-40.7375481569999,-6.01550974299998],[-40.734601936,-6.02220102900003],[-40.735683828,-6.02397902499995],[-40.73375928,-6.02675798599994],[-40.734475242,-6.03028849399995],[-40.7297238309999,-6.03450858699996],[-40.719511794,-6.03997651899994],[-40.715797675,-6.04054097099993],[-40.7163359619999,-6.04495596899991],[-40.72168389,-6.04897369799999],[-40.7237701549999,-6.05247070399998],[-40.731675721,-6.05225020099992],[-40.7339575939999,-6.05605858999999],[-40.7374612819999,-6.05840543399993],[-40.738094105,-6.06337461799995],[-40.732983631,-6.06978821199991],[-40.7364866099999,-6.07720385099995],[-40.7405655849999,-6.08057707799997],[-40.747481107,-6.08271772799999],[-40.747101765,-6.09039165999999],[-40.75406802,-6.09035655799992],[-40.758819337,-6.09333206],[-40.7611544429999,-6.09318525799992],[-40.764064846,-6.08986160599991],[-40.7664839929999,-6.08953259599996],[-40.7725677339999,-6.09173193099995],[-40.784398618,-6.09048912199995],[-40.7901795979999,-6.09316500199994],[-40.795292589,-6.09323414299998],[-40.8008184819999,-6.09708488799991],[-40.8040678739999,-6.09651116499997],[-40.805868468,-6.092746995],[-40.8077863339999,-6.092298312],[-40.809895301,-6.09314173699995],[-40.8109879429999,-6.09615537299991],[-40.8077457229999,-6.105121816],[-40.857671135,-6.10538490899991],[-40.8649998769999,-6.08775075799996],[-40.867714576,-6.07394230499991],[-40.8735951199999,-6.05540498499993],[-40.877265894,-6.05148768799999],[-40.884279796,-6.0477908669999],[-40.9022037559999,-6.04920420299996],[-40.9075475119999,-6.04466163799998],[-40.9080188869999,-6.03628059100002],[-40.9039474119999,-6.02087697199997],[-40.8898193739999,-6.00398279899994],[-40.8873547819999,-5.98932691699995],[-40.878191473,-5.98207972999992],[-40.8755733,-5.9778307409999],[-40.8735912719999,-5.97305362899998],[-40.873634411,-5.96675813699992],[-40.8741330839999,-5.96134413799995],[-40.8763647769999,-5.95778356299996],[-40.8762476599999,-5.94785341199999],[-40.879528731,-5.93559445899997],[-40.8802160399999,-5.91766724099994],[-40.888586979,-5.9126334289999],[-40.8975193189999,-5.90129742999995],[-40.897918615,-5.89645446100001],[-40.894405951,-5.88936204599998],[-40.89364405,-5.88380935000001],[-40.8954401329999,-5.87575162099998],[-40.9056455329999,-5.84927712499997],[-40.9057771939999,-5.84050042299996],[-40.909057214,-5.82555075699999],[-40.905818762,-5.80145437499995],[-40.90957246,-5.78174202999999],[-40.9098058389999,-5.76486044699995],[-40.910411965,-5.75977667799995],[-40.916446113,-5.75144122299995],[-40.9177528439999,-5.74479396800001],[-40.913541338,-5.72674626699993],[-40.919400944,-5.71601073399995],[-40.927254576,-5.70621546999993],[-40.930377458,-5.68621391799995],[-40.938769291,-5.67334058899999],[-40.937593872,-5.66922730100001],[-40.9291220659999,-5.66313041399995],[-40.9147302369999,-5.65993900599995],[-40.9112329029999,-5.65655880099996],[-40.909371177,-5.64568863999991],[-40.9032539609999,-5.63255238099998],[-40.903652549,-5.62329338499993],[-40.9010522729999,-5.61590915299993],[-40.9022746799999,-5.60795789599991],[-40.9119448039999,-5.59484642399997],[-40.914381879,-5.57863602499996],[-40.9138580069999,-5.57043305],[-40.9156645109999,-5.56437161099995],[-40.932382262,-5.54889695799995],[-40.9317539159999,-5.53642858199993],[-40.9364545589999,-5.52638799699996],[-40.93520138,-5.52259121199997],[-40.9288789559999,-5.51784830999996],[-40.9287595239999,-5.5069480459999],[-40.9330556049999,-5.500717709],[-40.929121327,-5.49276523999996],[-40.9291569219999,-5.48333443699993],[-40.9200340159999,-5.47391078999994],[-40.918511387,-5.47390661099996],[-40.916103608,-5.468334988],[-40.9161924539999,-5.46382145599995],[-40.922583198,-5.44824100999992],[-40.9360725099999,-5.44009181899996],[-40.941764546,-5.43097048299992],[-40.9438034179999,-5.42358633599995],[-40.942461318,-5.41970614299999],[-40.9381915819999,-5.41635338999996],[-40.9273514929999,-5.41774757099993],[-40.9176991959999,-5.416290783],[-40.9115493829999,-5.407376638],[-40.912919038,-5.39805127799997],[-40.917016148,-5.38944767099997],[-40.936103206,-5.36596751400001],[-40.933722275,-5.34940431799995],[-40.930849528,-5.34552992399991],[-40.9184529179999,-5.33825518500001],[-40.912124916,-5.31420409999989],[-40.9132053509999,-5.30805120999998],[-40.9234593719999,-5.30111939999995],[-40.9269076479999,-5.29696674399998],[-40.9261536079999,-5.29023707299998],[-40.923154039,-5.288302942],[-40.921944303,-5.28435773499997],[-40.9242433269999,-5.27483719799997],[-40.9196422159999,-5.27116108000001],[-40.9118585319999,-5.27092483600001],[-40.911713068,-5.26665346899999],[-40.918852387,-5.26209747199996],[-40.92265258,-5.254970145],[-40.9330655519999,-5.24522681499996],[-40.942230164,-5.24047455399995],[-40.939691777,-5.23724377799996],[-40.934170586,-5.23687318599995],[-40.926621503,-5.23208601999997],[-40.9220280339999,-5.22645110599994],[-40.9250073389999,-5.22002677499998],[-40.9254494999999,-5.21248153999998],[-40.9319988609999,-5.20126365499995],[-40.930328713,-5.19275255599998],[-40.925290258,-5.1820967319999],[-40.9256073699999,-5.17685336899996],[-40.9289877089999,-5.17167156299993],[-40.9344911169999,-5.16737590699996],[-40.949320237,-5.166876389],[-40.957332715,-5.15560782099996],[-40.9646309279999,-5.15008349099995],[-40.974937335,-5.14953438299999],[-40.980404441,-5.15353192699998],[-40.9824623869999,-5.15352272399994],[-40.9844530389999,-5.15131657300001],[-40.9862205329999,-5.14218491500001],[-40.988603622,-5.13874666199992],[-40.995114861,-5.13665484099997],[-41.0000816439999,-5.13044497599996],[-41.00517213,-5.12904328099997],[-41.011835847,-5.12360112999992],[-41.014075151,-5.105805382],[-41.017483765,-5.10484785699992],[-41.0235514219999,-5.10950212699989],[-41.026405172,-5.10969685799992],[-41.0340010199999,-5.09106418199996],[-41.040266361,-5.09138384999994],[-41.052413751,-5.1034028939999],[-41.0585771179999,-5.09859357699998],[-41.0673381079999,-5.09680383399996],[-41.0745596839999,-5.09210640799994],[-41.0801250759999,-5.09109247099999],[-41.081921749,-5.08763279899998],[-41.0804323769999,-5.078691126],[-41.0873477139999,-5.07331470399995],[-41.0870427349999,-5.068989105],[-41.089291126,-5.06377463499994],[-41.095864149,-5.06161686099993],[-41.097005183,-5.05314849499994],[-41.1066537339999,-5.05368230599996],[-41.115931865,-5.04962053299998],[-41.126621862,-5.04796501899996],[-41.132019724,-5.04857138399994],[-41.1296202469999,-5.03998136099993],[-41.1218461829999,-5.02677006399998],[-41.120186246,-5.02109548099996],[-41.122012288,-5.01821931599991],[-41.121356111,-5.01272110699992],[-41.1225995669999,-5.00806837499997],[-41.1320076839999,-5.00247105399994],[-41.136764399,-4.99546525999993],[-41.137522404,-4.98496759799997],[-41.1408632179999,-4.98481783599994],[-41.1464703229999,-4.99219840699998],[-41.150921982,-4.99211048199989],[-41.1645105569999,-4.97310010699994],[-41.1671810359999,-4.96617316399993],[-41.1752332619999,-4.95856704299995],[-41.180216247,-4.94754486799996],[-41.1890099569999,-4.94061877299994],[-41.193480002,-4.93966082500002],[-41.19619177,-4.93725514399991],[-41.19855242,-4.93745488199993],[-41.200275124,-4.94567129599993],[-41.2019859789999,-4.94903752200002],[-41.203791058,-4.94974930199994],[-41.2096114499999,-4.94596015799995],[-41.208932333,-4.94133809099995],[-41.210587898,-4.93861584099996],[-41.2178943259999,-4.93931272999989],[-41.221366635,-4.93822981499993],[-41.222949855,-4.92650852299997],[-41.2349279959999,-4.90574431099993],[-41.2346853539999,-4.90168346099996],[-41.2281031769999,-4.89098778099997],[-41.2406954249999,-4.88036952099999],[-41.2496855849999,-4.86856250499999],[-41.2418968319999,-4.86021031799991],[-41.2394453049999,-4.85453853899995],[-41.2406669709999,-4.83841936100003],[-41.243181555,-4.82832630099999],[-41.2418184309999,-4.82214167599994],[-41.232833276,-4.81573814800001],[-41.2324656459999,-4.80453613599995],[-41.2254301779999,-4.79781943299993],[-41.2230715219999,-4.78946649399999],[-41.209975863,-4.78334683399992],[-41.208081804,-4.78027748399998],[-41.208015409,-4.77676843299998],[-41.212765897,-4.77202499399991],[-41.221344186,-4.77021459599994],[-41.2268339659999,-4.77073786599991],[-41.241918943,-4.76502757099994],[-41.247790303,-4.76178349399994],[-41.2504422389999,-4.75896560699994],[-41.250338111,-4.75662744399992],[-41.2437247929999,-4.75076579799995],[-41.2352338539999,-4.74652885099996],[-41.2342295399999,-4.74421165599998],[-41.236650175,-4.73875162999995],[-41.2340840589999,-4.73374100199996],[-41.225954815,-4.72654055599998],[-41.2238318929999,-4.72091247099998],[-41.2179497939999,-4.717554746],[-41.214618012,-4.71274355999998],[-41.202492438,-4.70189495799996],[-41.1935742519999,-4.68899998800001],[-41.1879494389999,-4.68401527799994],[-41.181716289,-4.67380325299992],[-41.1753660489999,-4.67080284099991],[-41.1738525859999,-4.66694290399994],[-41.175009941,-4.66533559299999],[-41.1794639699999,-4.66538230899995],[-41.1855998599999,-4.66196733399992],[-41.20281613,-4.63819508099995],[-41.2173385309999,-4.62891551499999],[-41.225658279,-4.62109827199995],[-41.229330702,-4.620094988],[-41.233411465,-4.60876516699995],[-41.2230407399999,-4.58979199899994],[-41.221215101,-4.57893622499995],[-41.2398150289999,-4.57355507299998],[-41.2201358379999,-4.57446123999999],[-41.2181061149999,-4.576253091],[-41.217217358,-4.58375320499991],[-41.208045929,-4.58571941299996],[-41.201930606,-4.58481214499995],[-41.199240537,-4.58145159999998],[-41.195711344,-4.58167936299999],[-41.1912779319999,-4.57808020599992],[-41.185314879,-4.57697980599991],[-41.1834636759999,-4.57747246999999],[-41.1868547179999,-4.57964945499998],[-41.187427089,-4.58223779799992],[-41.18622282,-4.58353766299992],[-41.1878475569999,-4.58843335099999],[-41.1840720439999,-4.59225056499998],[-41.165432347,-4.58485620699995],[-41.15917376,-4.59406968199994],[-41.15200626,-4.59595351699996],[-41.146777734,-4.59965434799991],[-41.1319440929999,-4.59897131199996],[-41.1271975439999,-4.60129424499998],[-41.1178521829999,-4.60253549000001],[-41.1015697969999,-4.60225928299997],[-41.0944089449999,-4.60661538599997],[-41.0911981089999,-4.61124408099996],[-41.087398809,-4.61345507699995],[-41.0745273899999,-4.61619285699989],[-41.069527518,-4.61511352999994],[-41.059707807,-4.62060118999995],[-41.05866902,-4.62335910599997],[-41.051918774,-4.62944678599998],[-41.035221272,-4.63529445599994],[-41.0304199509999,-4.64022724399997],[-41.0215472239999,-4.639364525],[-41.0172386049999,-4.64449973599999],[-41.0108449399999,-4.64672524599999],[-41.008227736,-4.651391401],[-40.997952031,-4.65624309999995],[-40.989416336,-4.65793558299993],[-40.987040436,-4.660668384],[-40.980382603,-4.67916351399996],[-40.9738110249999,-4.689504584],[-40.968895894,-4.69219774399991],[-40.963268978,-4.68770033499993],[-40.9549124269999,-4.7162784619999],[-40.888514621,-4.71702558800001],[-40.88716785,-4.7142808419999],[-40.88196515,-4.71140353999997],[-40.874678412,-4.70193961300002],[-40.8733840399999,-4.69866370299995],[-40.875152686,-4.69615611499996],[-40.8749067639999,-4.69192644000004],[-40.8716318469999,-4.68650881399993],[-40.861241101,-4.679835741],[-40.857440346,-4.67333460699997],[-40.849845733,-4.672281945],[-40.844607245,-4.67333531899992],[-40.8550684369999,-4.67776461699995],[-40.853100187,-4.68599403199998],[-40.8631827089999,-4.69104353899997],[-40.8677374389999,-4.69931008199996],[-40.867202731,-4.70664782299995],[-40.8720169069999,-4.71004133999998],[-40.872675958,-4.71372247499999],[-40.863846811,-4.71555078099992],[-40.859095781,-4.71234785299993],[-40.8551651769999,-4.71574415600003],[-40.850385743,-4.71553616299996],[-40.844836183,-4.71844764199997],[-40.82636639,-4.71682694699999],[-40.824535617,-4.71446592799995],[-40.812547916,-4.70898312499997],[-40.80825391,-4.70508680400001],[-40.806040004,-4.70540718799997],[-40.802575375,-4.70880152199996],[-40.7947917889999,-4.70847348699992],[-40.7894414659999,-4.7124582229999],[-40.784592943,-4.7121411389999],[-40.781520127,-4.70831960199997],[-40.779777179,-4.70890053199998],[-40.7803455309999,-4.71099026699996],[-40.778387036,-4.71138745399996],[-40.7769073809999,-4.70933900399993],[-40.774035703,-4.70992190499994],[-40.7714539299999,-4.70752358999992],[-40.767685991,-4.70830306999995],[-40.7624792069999,-4.70660059999994],[-40.757782174,-4.71063991499993],[-40.7527467749999,-4.71150759299996],[-40.748042374,-4.70899864699994],[-40.7413688409999,-4.71061983399995],[-40.737274294,-4.7088384149999],[-40.732224518,-4.71451424799996],[-40.6709300129999,-4.70338457299993],[-40.626441148,-4.62201178199996],[-40.622706668,-4.62583571499989],[-40.612058436,-4.62192436600002],[-40.607197508,-4.62186312499992],[-40.6024252819999,-4.61914204100002],[-40.6012414839999,-4.61594820599991],[-40.5967198789999,-4.61171409499995],[-40.5967960849999,-4.608523245],[-40.593602859,-4.60637902799996],[-40.588290257,-4.59805201499995],[-40.587984551,-4.58886792999998],[-40.58605989,-4.58655880799995],[-40.586644017,-4.58418288799994],[-40.5849368089999,-4.58394920899996],[-40.583760654,-4.57834026199995],[-40.5879712579999,-4.57517657499992],[-40.586596514,-4.56051500399998],[-40.5882176229999,-4.55790785099991],[-40.509486405,-4.50771712099997],[-40.45812464,-4.52964853099996],[-40.3812779479999,-4.54987344299995],[-40.3785158009999,-4.55272619100001],[-40.3747571459999,-4.55391301799997],[-40.3421318819999,-4.64546878199997]]]}},{"type":"Feature","properties":{"id":"230001","state":"CE","stateCode":"23"},"geometry":{"type":"Polygon","coordinates":[[[-37.823606787,-4.402149782],[-37.825394036,-4.40670279999995],[-37.837005699,-4.40231617799999],[-37.840265726,-4.40540560099991],[-37.836287317,-4.40764885999998],[-37.83995134,-4.40882139199993],[-37.846876965,-4.40743563400002],[-37.844924508,-4.40255554999989],[-37.845921535,-4.40173038699993],[-37.855004012,-4.40355794899997],[-37.858254295,-4.40128179399993],[-37.868311483,-4.40396454899997],[-37.8735013009999,-4.40029289999992],[-37.874700712,-4.401500422],[-37.8726072129999,-4.40398826199995],[-37.8752293759999,-4.40590617099994],[-37.871555464,-4.40824598499999],[-37.8717221119999,-4.41008147999999],[-37.8743608089999,-4.41180043099993],[-37.878044674,-4.40944343499997],[-37.879938362,-4.41281287499995],[-37.88286764,-4.41187117499993],[-37.885257968,-4.41398589599992],[-37.8867754239999,-4.41223975599996],[-37.883876591,-4.40908589899996],[-37.884316372,-4.40665704699998],[-37.887823841,-4.40957030799997],[-37.8918397529999,-4.40812004899996],[-37.893325883,-4.41230201699994],[-37.8964105649999,-4.41047225899999],[-37.8963679519999,-4.40759312899999],[-37.8998476209999,-4.40800713199995],[-37.900546381,-4.41266551199992],[-37.903393281,-4.41442991299999],[-37.9059795169999,-4.41398767699998],[-37.9088928109999,-4.40908599699995],[-37.907364919,-4.40381674899988],[-37.908373811,-4.40100246899992],[-37.9162135129999,-4.40436065499996],[-37.925861513,-4.40173800400003],[-37.933259914,-4.398031051],[-37.937423297,-4.39926987300002],[-37.94944122,-4.39926521999996],[-37.949620422,-4.41155439800001],[-37.955658698,-4.42031607099992],[-37.967504154,-4.42800041399997],[-37.9702665659999,-4.43045102699997],[-37.9709316629999,-4.43304977199997],[-37.9703491109999,-4.450867372],[-37.96699911,-4.45482723899998],[-37.967434072,-4.46410564999995],[-37.9646703249999,-4.46576427299996],[-37.96181144,-4.47162971499995],[-37.956371593,-4.46962479399999],[-37.9548358289999,-4.48108933999992],[-37.9562243999999,-4.48636744399991],[-37.960867207,-4.489943346],[-37.95938866,-4.49471263299992],[-37.9651614209999,-4.50043478099996],[-37.9619323719999,-4.50659636499997],[-37.9672008459999,-4.51015868299993],[-37.969103687,-4.51513812299991],[-37.968122083,-4.5215670439999],[-37.9661530479999,-4.52068683999991],[-37.9627181199999,-4.52576176999997],[-37.9637247789999,-4.53217904699998],[-37.972942902,-4.53650592699996],[-37.97573412,-4.53602868099991],[-37.9829140189999,-4.54452246999996],[-37.981831304,-4.548511749],[-37.984118054,-4.54979218299998],[-37.982383185,-4.55475020199995],[-37.9847137519999,-4.56078946199995],[-37.9886621589999,-4.56050739199997],[-37.9927650789999,-4.5625438459999],[-37.992629193,-4.56626311299997],[-37.984779534,-4.58066038399998],[-37.984895175,-4.58239182799997],[-37.987265293,-4.58407219799992],[-37.986616703,-4.58633352099996],[-37.98825619,-4.58901508099997],[-37.990073497,-4.58832568499996],[-37.9925052179999,-4.59238144699998],[-37.996697144,-4.59213227699998],[-37.9989621629999,-4.59488797099997],[-38.0017886539999,-4.59579466499996],[-38.002271283,-4.59812181599993],[-38.005220009,-4.598001114],[-38.0060034429999,-4.59598055999996],[-38.0083617779999,-4.59582555099994],[-38.0107377139999,-4.59336578699989],[-38.0198109249999,-4.59372928099994],[-38.02119349,-4.59455069799998],[-38.0216117409999,-4.59786281],[-38.025864374,-4.60008206199996],[-38.036471389,-4.59483292899995],[-38.039223185,-4.59099049999999],[-38.041534686,-4.59012976399991],[-38.0491053789999,-4.58973465500001],[-38.0578067799999,-4.59459913099998],[-38.065494234,-4.59181688599998],[-38.0689891629999,-4.59454145999999],[-38.079383334,-4.593379937],[-38.0835695699999,-4.58988287099993],[-38.0940776029999,-4.59417577999995],[-38.09794219,-4.59409655599995],[-38.1027510979999,-4.59793798200001],[-38.105320248,-4.59720127899998],[-38.1090667629999,-4.60293188299993],[-38.1101310659999,-4.60754017399993],[-38.105876794,-4.61424399999995],[-38.1074935819999,-4.61749161799996],[-38.1216125939999,-4.61742873699994],[-38.1253599729999,-4.61969388899995],[-38.1516690009999,-4.61507904900003],[-38.1529512299999,-4.61708964599993],[-38.158316625,-4.61959719099992],[-38.161329503,-4.61874774299999],[-38.183603073,-4.62289272099994],[-38.210329628,-4.59407788499991],[-38.2161278619999,-4.58870272399997],[-38.229689143,-4.58174412700002],[-38.2354890679999,-4.57385543399994],[-38.279489016,-4.54981350099996],[-38.2936063829999,-4.54366565899994],[-38.3014103889999,-4.53759713200001],[-38.306685501,-4.53105495199995],[-38.311686079,-4.52864699699995],[-38.322407836,-4.51905652700002],[-38.3468206739999,-4.51339880799995],[-38.3608292339999,-4.50173293899999],[-38.3616589659999,-4.4918099619999],[-38.3585493289999,-4.48033105699996],[-38.362630833,-4.46948621099999],[-38.3665203749999,-4.46688124799992],[-38.436202517,-4.38581095599993],[-38.439613669,-4.40441540699995],[-38.4432457019999,-4.41002453399999],[-38.4616704399999,-4.3972408029999],[-38.4706469509999,-4.39723484599995],[-38.4736863159999,-4.39197134699999],[-38.48366213,-4.38957522599999],[-38.494738391,-4.3895174059999],[-38.5063555959999,-4.37931859],[-38.5217043599999,-4.37881038399995],[-38.525877378,-4.37263934599997],[-38.533576361,-4.36938589900001],[-38.548250706,-4.32411941],[-38.55430445,-4.28438156399993],[-38.5497021039999,-4.27046589399998],[-38.559991314,-4.25914194299997],[-38.5708168559999,-4.23503428899995],[-38.617146152,-4.18404644599997],[-38.6197741529999,-4.16437618899993],[-38.624187061,-4.16616191999998],[-38.6266345119999,-4.16458433599993],[-38.6364714269999,-4.16365165499994],[-38.64146793,-4.16068140600003],[-38.64791158,-4.16141401899998],[-38.6561631579999,-4.158422698],[-38.660883644,-4.15939881799995],[-38.6642247589999,-4.1624285789999],[-38.667417333,-4.16083837899995],[-38.678943852,-4.16515243399994],[-38.6786611739999,-4.16764366999992],[-38.68610519,-4.17058615699992],[-38.688470224,-4.16857155599997],[-38.697693188,-4.17225586999997],[-38.699110895,-4.17572253799994],[-38.706907486,-4.18459676899992],[-38.710074927,-4.18704781299995],[-38.712635376,-4.18690403499996],[-38.71585515,-4.19120944599996],[-38.7246414889999,-4.17671878799993],[-38.7267314359999,-4.16993587399996],[-38.7330598709999,-4.17066968999992],[-38.7333066409999,-4.17837110199996],[-38.7373832179999,-4.17585889899993],[-38.75019702,-4.18064730099999],[-38.7621786139999,-4.17813842499989],[-38.7634309099999,-4.17092188799992],[-38.768213331,-4.17157328599998],[-38.769836568,-4.16938482099993],[-38.7773665409999,-4.170359344],[-38.7766224219999,-4.16752363799993],[-38.7807911589999,-4.15851685099999],[-38.7850680089999,-4.15431064799995],[-38.791016995,-4.15220338499995],[-38.7911428099999,-4.14322803499993],[-38.7932429739999,-4.144471919],[-38.796068443,-4.14241893699995],[-38.800031764,-4.14473620499994],[-38.803687936,-4.14456659099992],[-38.806724904,-4.15229168999996],[-38.803727818,-4.16001629299998],[-38.855970344,-4.17735562199997],[-38.857210064,-4.16309098499992],[-38.881131001,-4.17305228199998],[-38.8975673219999,-4.14636594599994],[-38.908982812,-4.14686275099993],[-38.9156386569999,-4.14418589199995],[-38.9240536359999,-4.15243178099993],[-38.9275790449999,-4.14985601999996],[-38.9301805329999,-4.15129750899995],[-38.933441699,-4.15026853],[-38.9387315609999,-4.15207181699998],[-38.9442412039999,-4.14880857099998],[-38.944507708,-4.14648879399991],[-38.9364409579999,-4.14210787699997],[-38.930569977,-4.14073035999994],[-38.9292499639999,-4.13902671899995],[-38.9294434529999,-4.1354923989999],[-38.9317876859999,-4.13347153599993],[-38.936116362,-4.13373470799996],[-38.936431738,-4.13004515099994],[-38.9411214019999,-4.13312126700001],[-38.9436924269999,-4.13171638499994],[-38.9463065029999,-4.13312036899992],[-38.948919399,-4.12916335199999],[-38.948169237,-4.12761004699998],[-38.9414637299999,-4.12770285399994],[-38.9399639059999,-4.12559988799995],[-38.944138209,-4.11801367100002],[-38.943715729,-4.11426760499996],[-38.94024532,-4.11307804999992],[-38.9386501119999,-4.10978884899992],[-38.9432949649999,-4.10540118999998],[-38.943576828,-4.10357211399998],[-38.941321748,-4.10039857999994],[-38.9442644149999,-4.09625930399993],[-38.9463031939999,-4.09642934399998],[-38.94859675,-4.102491352],[-38.951315195,-4.10334527599995],[-38.9539482729999,-4.09881991499997],[-38.9516080459999,-4.09487428899993],[-38.953732014,-4.09171567999998],[-38.952034728,-4.08847269999996],[-38.953819883,-4.08616554999993],[-38.9526301379999,-4.08360589699988],[-38.955858408,-4.08053189600001],[-38.961042283,-4.07839639399999],[-38.9575582119999,-4.07271062599991],[-38.9844042019999,-4.04436885799997],[-39.005141005,-3.99292884999994],[-38.943325749,-3.945286339],[-38.9464908989999,-3.94286253899999],[-38.949020709,-3.93653973299999],[-38.9548779399999,-3.93365136999993],[-38.954231772,-3.93043586899996],[-38.96266092,-3.92291899500001],[-38.9610403759999,-3.91594534399997],[-38.958489274,-3.91490076299996],[-38.9619883389999,-3.90603594000002],[-38.968628969,-3.89741583400001],[-38.9767766699999,-3.89718438699993],[-38.979247828,-3.89449825799991],[-38.976858321,-3.88925454399992],[-38.978497596,-3.88421157100002],[-38.9817749479999,-3.88224828399993],[-38.981362353,-3.87871834199999],[-38.9849149889999,-3.87691531799994],[-38.9843286999999,-3.8754712469999],[-38.985858386,-3.87353893199999],[-38.9845851659999,-3.87123578799994],[-38.987500186,-3.86888041399992],[-38.9858954629999,-3.864078725],[-38.9843870409999,-3.86473487299994],[-38.9838609639999,-3.86294299699991],[-38.9862193619999,-3.85948501199996],[-38.9872735379999,-3.86040368599996],[-38.987881549,-3.85768599999997],[-38.99085623,-3.85455321299994],[-38.9921095399999,-3.856419644],[-38.994918125,-3.85129725199991],[-38.9961659139999,-3.85171467899992],[-38.9981324549999,-3.84885390599991],[-38.9986379379999,-3.84425515399992],[-38.997699826,-3.83996146299992],[-38.999003864,-3.83591581099994],[-38.993810395,-3.828771838],[-38.993912359,-3.82602879299998],[-38.9859659299999,-3.82172573500002],[-38.986304844,-3.81942748999993],[-38.983717801,-3.81755707599998],[-38.981265834,-3.81892849400003],[-38.9774715689999,-3.81440849499997],[-38.977193453,-3.81181572299993],[-38.979216908,-3.80992814299998],[-38.978525434,-3.80784336399998],[-38.9814127349999,-3.80568004299994],[-38.979272656,-3.79941150699998],[-38.977045939,-3.79905393399998],[-38.97579894,-3.79538341099994],[-38.981322389,-3.783832666],[-38.979719243,-3.78007313099996],[-38.973129441,-3.77407306100001],[-38.957720286,-3.76914868599996],[-38.956830119,-3.760463726],[-38.9588783019999,-3.75759714899996],[-38.956116945,-3.74900166199992],[-38.956295306,-3.74595697699991],[-38.9578984569999,-3.74479380699995],[-38.956562774,-3.74157003799994],[-38.9573649449999,-3.73584037099996],[-38.955315997,-3.7322586239999],[-38.9562956039999,-3.72894484599991],[-38.952733547,-3.72751234399994],[-38.952108582,-3.7238415489999],[-38.9553202259999,-3.72061804999989],[-38.960569801,-3.71954386299993],[-38.9602144639999,-3.71318730299997],[-38.961258497,-3.71154254599995],[-39.001734329,-3.68599340299996],[-39.143946348,-3.70438764599992],[-39.2142679369999,-3.69339144399995],[-39.276767373,-3.73688492099996],[-39.2779191779999,-3.67387848799996],[-39.2820820549999,-3.67301885699997],[-39.28836965,-3.67710219799996],[-39.291987708,-3.67232543499998],[-39.3058109779999,-3.67014464499991],[-39.3065181369999,-3.66839250099999],[-39.315585836,-3.57672778599995],[-39.3139736819999,-3.57240435999999],[-39.3065675799999,-3.56544313799999],[-39.3106828689999,-3.55945924799997],[-39.312055372,-3.5593071289999],[-39.309155286,-3.55194670799991],[-39.3099158839999,-3.54642824300002],[-39.308238391,-3.54182657399995],[-39.310369229,-3.53017204499995],[-39.309909763,-3.528178284],[-39.308689439,-3.52833116799994],[-39.3082343569999,-3.53032575899995],[-39.299085055,-3.53661871099997],[-39.296339592,-3.53539184199999],[-39.291914603,-3.52895257599994],[-39.2868817009999,-3.52465706299998],[-39.2843014,-3.51458872099995],[-39.2841980119999,-3.50326534299999],[-39.280594618,-3.50023810299997],[-39.263657556,-3.49244759199994],[-39.262223051,-3.49011642299996],[-39.263774766,-3.4825371439999],[-39.256425764,-3.465787151],[-39.257540988,-3.45638492699993],[-39.2532285409999,-3.44795313399994],[-39.256079446,-3.43377211199996],[-39.2535849499999,-3.42748462899996],[-39.2536976719999,-3.41848759200001],[-39.2503370629999,-3.41190645099992],[-39.2506084859999,-3.4048192929999],[-39.25355974,-3.39657964599994],[-39.2630154959999,-3.38561808999997],[-39.263404614,-3.38198306999996],[-39.261642963,-3.37827431199995],[-39.2551345869999,-3.37627354699996],[-39.2505388159999,-3.37104913299997],[-39.255537357,-3.35997145699999],[-39.2386105789999,-3.35964337099993],[-39.227413886,-3.35550349299998],[-39.225024467,-3.35304311499997],[-39.216084459,-3.35080706499998],[-39.2079664469999,-3.35675385399996],[-39.2035496289999,-3.35586538899998],[-39.1973058,-3.34994777799993],[-39.196050048,-3.34568843799993],[-39.1810250039999,-3.34102614099991],[-39.181055143,-3.33823771299995],[-39.175449998,-3.32991084899994],[-39.1612070099999,-3.33160225699989],[-39.1508011609999,-3.33799377],[-39.1448935389999,-3.34352506599989],[-39.141344767560554,-3.345043774564623],[-39.11883513408826,-3.3631278613362774],[-39.089707521494674,-3.386528787621545],[-39.0835306399999,-3.39354938499993],[-39.071461339,-3.40302220899999],[-39.06570490535228,-3.405812326538337],[-39.0646,-3.4067],[-39.05615088346691,-3.4104431180414503],[-39.0562955999999,-3.41258624999995],[-39.05160009626646,-3.4124592026351577],[-39.05160009621955,-3.4124592026559415],[-38.93208361940415,-3.465410846434382],[-38.9236854999999,-3.48321250899992],[-38.9119568389999,-3.50129419399997],[-38.904870773,-3.50540736999993],[-38.892775592,-3.50463360399996],[-38.8889882119999,-3.50679200400001],[-38.872696894,-3.52019018899996],[-38.8593987259999,-3.53436273999994],[-38.8472242659999,-3.54287988599997],[-38.833593954,-3.546081311],[-38.813948842,-3.54506267599992],[-38.81066465326009,-3.5458085841759917],[-38.805488277107834,-3.549250793679232],[-38.789360453,-3.57261144499998],[-38.780077191,-3.58187053399995],[-38.775918671,-3.59029304499994],[-38.762863058,-3.60591432199991],[-38.746657864,-3.61802577099996],[-38.7238709999999,-3.62634399999995],[-38.699449,-3.63975699999998],[-38.675196545,-3.66577355299993],[-38.651973503,-3.68216739900003],[-38.640956235,-3.68684596399996],[-38.633958,-3.6859519999999],[-38.619487655,-3.68965687699993],[-38.6112813,-3.68871361799996],[-38.606583869,-3.69133587799995],[-38.587596355633494,-3.696402498882096],[-38.4018,-3.8238],[-38.395397072463076,-3.830378694175196],[-38.382534,-3.85353599999997],[-38.360406,-3.88495399999991],[-38.3483579999999,-3.89848399999992],[-38.3229632959999,-3.923064823],[-38.304371874,-3.93639074200001],[-38.2889014069999,-3.94215732200001],[-38.286278151864074,-3.9424930361239747],[-38.2233,-4.0072],[-38.201418618,-4.03606645299995],[-38.199585105792465,-4.036969093390147],[-38.1477,-4.1021],[-38.138880208518025,-4.110249417377262],[-38.12082192,-4.14242801999999],[-38.115773335,-4.14887441499993],[-38.11142304,-4.15225295999996],[-38.1007508399999,-4.1567349599999],[-38.08662408,-4.16951603999994],[-38.076003,-4.18413699],[-38.0546099999999,-4.20023996999992],[-38.05575141,-4.20492410199997],[-38.0496575,-4.21302027499998],[-38.0388699359999,-4.22222340999994],[-38.0338537909999,-4.22431542499993],[-38.0137118979999,-4.24645590799996],[-37.9895450689999,-4.26105083899998],[-37.959015162,-4.29460240999997],[-37.9334307129999,-4.31439504899991],[-37.911849381,-4.33529452799994],[-37.875543476,-4.36400380899992],[-37.850020114,-4.37991488999994],[-37.84670987160285,-4.380212491407283],[-37.8451,-4.3817],[-37.83410387061777,-4.388201679674418],[-37.833455379,-4.39063178899993],[-37.829855770003306,-4.390713453450429],[-37.82071348611807,-4.396119010192094],[-37.8182179469999,-4.40178818399992],[-37.823606787,-4.402149782]]]}},{"type":"Feature","properties":{"id":"230017","state":"CE","stateCode":"23"},"geometry":{"type":"Polygon","coordinates":[[[-39.706928191,-3.00493257599992],[-39.7082545569999,-3.01451526999992],[-39.868456733,-3.123918284],[-39.8643938629999,-3.13028478299999],[-39.864100653,-3.13816280699999],[-39.865977045,-3.15606561999996],[-39.870148947,-3.163454446],[-39.868200503,-3.167132199],[-39.869694866,-3.1716289029999],[-39.8730881459999,-3.17485906000002],[-39.874642985,-3.18011149399992],[-39.878565647,-3.18078696299994],[-39.881033513,-3.1852091719999],[-39.8800862519999,-3.18784711399996],[-39.8836715509999,-3.188131132],[-39.894943373,-3.19529658299993],[-39.9041715649999,-3.20614552799997],[-39.9017035819999,-3.21533152499993],[-39.8931652769999,-3.21956482599999],[-39.8906501949999,-3.22597513299995],[-39.8962258769999,-3.2328521119999],[-39.89608636,-3.23732232199994],[-39.8933949629999,-3.23923439299996],[-39.892397429,-3.24232801899994],[-39.894559371,-3.24343612299998],[-39.8989808699999,-3.25464366699995],[-39.9046468639999,-3.26119973699999],[-39.904008711,-3.26627421599991],[-39.90642083,-3.26807329299992],[-39.9075603999999,-3.27177734299998],[-39.9063547719999,-3.27308979799994],[-39.910739038,-3.275795538],[-39.9087137079999,-3.28327465999993],[-39.9104168899999,-3.28411265599991],[-39.9112735939999,-3.28725642799996],[-39.9152017499999,-3.28843844199997],[-39.9169071049999,-3.29151233399994],[-39.922729217,-3.294160164],[-39.924774041,-3.30198190199996],[-39.927287581,-3.30447811799999],[-39.927544232,-3.31153442199992],[-39.9295467319999,-3.31408074799993],[-39.932031168,-3.31378243399995],[-39.935396209,-3.31613524199994],[-40.004196039,-3.21899355099997],[-40.092754139,-3.19670678499998],[-40.106317012,-3.19904528699995],[-40.120625791,-3.19771433599995],[-40.2373916499999,-3.2861748579999],[-40.27850863,-3.26490711499994],[-40.2755815429999,-3.30774540599995],[-40.279137367,-3.30707867299995],[-40.292347965,-3.29953503199991],[-40.296873812,-3.30189676399992],[-40.300394947,-3.30177709599996],[-40.317953619,-3.28657319099993],[-40.3240398529999,-3.28641541699992],[-40.3347288469999,-3.28314647599999],[-40.338651688,-3.28403420399998],[-40.340511824,-3.2887028819999],[-40.347868226,-3.28896824999994],[-40.3582910299999,-3.28178015299991],[-40.3570393639999,-3.27773666599993],[-40.3612074599999,-3.27382678999989],[-40.366702068,-3.27284268099992],[-40.3665653219999,-3.27486534199993],[-40.372177128,-3.27249320999996],[-40.3768414949999,-3.27357616799994],[-40.387257733,-3.27184888299992],[-40.387508811,-3.26411334499991],[-40.3923956299999,-3.26144083599995],[-40.399925496,-3.25367962599994],[-40.4003679689999,-3.24894989699992],[-40.4062904249999,-3.238852757],[-40.410704155,-3.23785330299997],[-40.4132633779999,-3.239567737],[-40.418230838,-3.23827817499997],[-40.418536794,-3.23164014],[-40.4222595229999,-3.225108199],[-40.421560635,-3.21888975699991],[-40.428006774,-3.21796198599998],[-40.429737229,-3.21574837699995],[-40.432033476,-3.21220849699999],[-40.4351480659999,-3.20017879999995],[-40.438097149,-3.19691718099999],[-40.4424800249999,-3.19489762699996],[-40.447367791,-3.18321545999997],[-40.45365075,-3.1768651969999],[-40.455207204,-3.16737417199994],[-40.4522061049999,-3.15698925100001],[-40.4544521049999,-3.14891539699998],[-40.4625657949999,-3.14119105199999],[-40.463624787,-3.13837773699991],[-40.4730401189999,-3.13325135199995],[-40.4747327799999,-3.1297191369999],[-40.480866808,-3.12505234799996],[-40.4820160769999,-3.12247215599999],[-40.497759647,-3.12051415399999],[-40.5075727839999,-3.11525205099998],[-40.5102174099999,-3.10827555899997],[-40.4943460099999,-3.06367502],[-40.5118555129999,-2.954020779],[-40.517219025,-2.95346491899993],[-40.526576225,-2.94741872699996],[-40.5285717949999,-2.94394227299991],[-40.5288399549999,-2.94055961299998],[-40.5256508409999,-2.93553626199993],[-40.5238216389999,-2.9275857989999],[-40.5264494669999,-2.92100044699992],[-40.533533979,-2.91559738199996],[-40.532437473,-2.90843259599993],[-40.53411985,-2.90505891299993],[-40.5327313239999,-2.90085216199994],[-40.530433617,-2.898787357],[-40.528587193,-2.88963601399999],[-40.5378249289999,-2.88546091599994],[-40.560811343,-2.88167997700002],[-40.5737125189999,-2.86653007799991],[-40.577259292,-2.86705658599995],[-40.577315455,-2.85935762199994],[-40.5827883279999,-2.85316214399998],[-40.584859619,-2.848441367],[-40.57331522,-2.84230402199996],[-40.57244775745717,-2.8407815956377376],[-40.51393247735408,-2.822157191163771],[-40.4568024939459,-2.803973702736298],[-40.4494240859999,-2.80714335899999],[-40.435900949,-2.81126523099998],[-40.3913717389999,-2.81407282799993],[-40.379049215157565,-2.8116257167699383],[-40.3719,-2.8124],[-39.9424,-2.8664],[-39.745349909795024,-2.982547410893176],[-39.741614731,-2.98573831200001],[-39.74078178490478,-2.9852400048325443],[-39.74078178490469,-2.9852400048325998],[-39.72472636,-2.99494385099999],[-39.72159873559415,-2.9965470867432837],[-39.721,-2.9969],[-39.71944724366091,-2.997649952152036],[-39.709311103,-3.00284578799992],[-39.706928191,-3.00493257599992]]]}},{"type":"Feature","properties":{"id":"230011","state":"CE","stateCode":"23"},"geometry":{"type":"Polygon","coordinates":[[[-40.1073684729999,-6.35156288699991],[-40.1024111389999,-6.35628321099994],[-40.0857600989999,-6.36719290699997],[-40.0844469069999,-6.37000324199996],[-40.0840870869999,-6.37980400199996],[-40.076521101,-6.40025434699997],[-40.067252578,-6.40643569699993],[-40.0631174819999,-6.41603411299998],[-40.057247141,-6.42049317599998],[-40.0502704769999,-6.42228832800001],[-40.0346486069999,-6.43201773099997],[-40.028594501,-6.43820775599993],[-40.0298241459999,-6.44291825599993],[-40.0335510859999,-6.44034889399996],[-40.032934562,-6.44303257799989],[-40.0339326369999,-6.44346504299996],[-40.038552946,-6.440314831],[-40.045405044,-6.44553869699995],[-40.044939373,-6.44764483299996],[-40.0496808409999,-6.45348065299992],[-40.0481152779999,-6.45481417699994],[-40.050707599,-6.45664494299997],[-40.04874944,-6.46083081499992],[-40.051439527,-6.46217217399998],[-40.050649283,-6.46449640399991],[-40.052323066,-6.46751280099991],[-40.0488895399999,-6.46824288399991],[-40.04807378,-6.471217505],[-40.049622369,-6.47372796799999],[-40.05300812,-6.47406080799989],[-40.05328815,-6.47688369499997],[-40.0565754209999,-6.47827983299994],[-40.057080676,-6.48171422599997],[-40.0549278979999,-6.48753367699989],[-40.0596994099999,-6.490507425],[-40.0554171649999,-6.49572245599993],[-40.0601311159999,-6.50032666199995],[-40.058222802,-6.50412359099996],[-40.059523352,-6.50673139499998],[-40.056736224,-6.50829379999995],[-40.0564187219999,-6.51096367799997],[-40.053435603,-6.51164640999996],[-40.050156918,-6.5150838559999],[-40.052278394,-6.51843689099995],[-40.051888585,-6.52196591599992],[-40.041752907,-6.53170701399997],[-40.0409573859999,-6.53882491499995],[-40.0346473199999,-6.54033390699992],[-40.0314717439999,-6.54323390099996],[-40.031232288,-6.54791680800002],[-40.0352750769999,-6.55635225899994],[-40.035181699,-6.55871774699991],[-40.030467527,-6.56319523599994],[-40.0306039049999,-6.569660552],[-40.0268401359999,-6.57632759499999],[-40.026079602,-6.58171586599995],[-40.034654279,-6.58739468299997],[-40.0442236749999,-6.58870988799989],[-40.045206192,-6.59121277099995],[-40.0408193929999,-6.60111336699997],[-40.05224114,-6.60672458299999],[-40.055694887,-6.611385422],[-40.057440565,-6.62417406099994],[-40.054788274,-6.62653585799996],[-40.0466270749999,-6.62600291599991],[-40.040365271,-6.62759899799992],[-40.0369329379999,-6.63758728899999],[-40.0382392769999,-6.64231086599994],[-40.044362325,-6.65042912199991],[-40.047603308,-6.65834125499996],[-40.051040729,-6.66137756099992],[-40.0571649509999,-6.67264875199992],[-40.055879247,-6.67559770999995],[-40.0540198109999,-6.67600970800001],[-40.0488534839999,-6.6744766259999],[-40.0520167809999,-6.67995295199997],[-40.04692806,-6.68268464199993],[-40.0421840989999,-6.67758840899998],[-40.040426133,-6.67317197599996],[-40.0336282,-6.67343661799993],[-40.0299799849999,-6.67197164599993],[-40.029344158,-6.67650213599998],[-40.021443067,-6.67467747900002],[-40.021414312,-6.67876675699995],[-40.0140812359999,-6.67772992199997],[-40.008616576,-6.68721127899992],[-40.0052160289999,-6.68681687499998],[-40.000809518,-6.68392237299995],[-39.9926427629999,-6.68327153699992],[-39.9887991059999,-6.68156112799998],[-39.987125846,-6.68041849799994],[-39.985730793,-6.67230553599995],[-39.9759832069999,-6.66898546099996],[-39.9747123849999,-6.67299574599994],[-39.976790802,-6.67900574399992],[-39.9760063649999,-6.68034482199997],[-39.9814276869999,-6.68539584899999],[-39.9813332089999,-6.68749460499993],[-39.972376674,-6.68655886199997],[-39.9688517829999,-6.69534772399992],[-39.963143405,-6.69469223199992],[-39.96334585,-6.69755627899994],[-39.9619704069999,-6.69889461799993],[-39.963157402,-6.70156726199999],[-39.957057672,-6.701577087],[-39.952633807,-6.703782842],[-39.951261035,-6.70626568399998],[-39.9459488259999,-6.70799593199999],[-39.9451661109999,-6.71019380699992],[-39.943294732,-6.70914741099994],[-39.9422177759999,-6.71258697499996],[-39.940447009,-6.71240063999992],[-39.935515606,-6.70667968399995],[-39.9343258629999,-6.70200369199994],[-39.9296926009999,-6.69790567499999],[-39.9273321849999,-6.69848470700003],[-39.924670845,-6.69638882999989],[-39.921030592,-6.69630162699996],[-39.9130454879999,-6.68810311499992],[-39.9121611949999,-6.68963040299999],[-39.910682745,-6.68829914299996],[-39.90259471,-6.68755604699995],[-39.900921486,-6.68453148499999],[-39.887051511,-6.6785719339999],[-39.874555243,-6.670567123],[-39.87754248,-6.67633514299993],[-39.8766786269999,-6.68084310499998],[-39.870218595,-6.67944618799997],[-39.8662955599999,-6.67656745799999],[-39.865064813,-6.67713204399997],[-39.8647789169999,-6.68015960699992],[-39.858609267,-6.67904379199997],[-39.852941308,-6.67454744799989],[-39.8490240199999,-6.67539799299994],[-39.8480161559999,-6.68011823699997],[-39.8383258689999,-6.67946949899993],[-39.8358774159999,-6.68563568699995],[-39.836726914,-6.68828809099994],[-39.8339405729999,-6.69064220699994],[-39.836684282,-6.69589285399997],[-39.8326397039999,-6.69985873699994],[-39.8294723289999,-6.69695531899995],[-39.8106972699999,-6.68810708499999],[-39.7955840589999,-6.67283797799996],[-39.782529146,-6.66849651900002],[-39.775564364,-6.65707523199994],[-39.7754999699999,-6.64996274799996],[-39.777974668,-6.64640750399996],[-39.7784892389999,-6.64286603099993],[-39.7772398019999,-6.63894538099991],[-39.772299107,-6.63391260999998],[-39.774105348,-6.627961748],[-39.763348727,-6.62535852799991],[-39.7384766019999,-6.6114079619999],[-39.7344306649999,-6.6178756739999],[-39.7389285489999,-6.62489104699995],[-39.7394944019999,-6.63243415199995],[-39.7351329069999,-6.63769921999992],[-39.730612708,-6.64063138599997],[-39.7232868739999,-6.63771935699998],[-39.721523047,-6.64022901899997],[-39.7198850789999,-6.63981289699993],[-39.719193387,-6.63789191199997],[-39.7129433569999,-6.63522500700002],[-39.7055806299999,-6.63824307799998],[-39.705557145,-6.64026944099994],[-39.7032588189999,-6.64150906299993],[-39.7027444289999,-6.643767356],[-39.699084695,-6.64469149299991],[-39.697099609,-6.64227109599992],[-39.689383476,-6.63943926],[-39.688087972,-6.63735064799995],[-39.6764164919999,-6.64095874699996],[-39.6700826799999,-6.64021781699993],[-39.666116975,-6.63737886099996],[-39.6648765969999,-6.64390226299996],[-39.6586398039999,-6.65168536799992],[-39.65950857,-6.65778796300003],[-39.6551757449999,-6.66577856799992],[-39.657353935,-6.67027660599994],[-39.6555072099999,-6.67426897799995],[-39.6531005469999,-6.67347463899996],[-39.6518102409999,-6.67524284699997],[-39.649196844,-6.67513309199997],[-39.650845749,-6.678832749],[-39.647947222,-6.68550516699999],[-39.6492456889999,-6.691486487],[-39.646757984,-6.69650437599994],[-39.6484978859999,-6.7020868029999],[-39.646443378,-6.70425512899989],[-39.64625633,-6.71605119899998],[-39.63888935,-6.72147303999995],[-39.639100038,-6.72443719299998],[-39.642687493,-6.72819492699997],[-39.641842706,-6.73303891900001],[-39.6458698459999,-6.73776296599991],[-39.6417033079999,-6.73924962299998],[-39.6398218199999,-6.73817042999994],[-39.6350343769999,-6.73908835899997],[-39.62765789,-6.73419696099998],[-39.625838409,-6.7360240799999],[-39.6255795449999,-6.73972823299996],[-39.619473307,-6.74212846699998],[-39.6068359209999,-6.73633153599994],[-39.605194132,-6.7383845269999],[-39.610813358,-6.74578703399991],[-39.6106988569999,-6.74829510299993],[-39.5977498829999,-6.75013130599998],[-39.601072125,-6.75423234899995],[-39.6001945989999,-6.75674037099998],[-39.6043805849999,-6.76881857099995],[-39.6070841419999,-6.77075050599993],[-39.6128246269999,-6.78037399100002],[-39.616845941,-6.79036772800002],[-39.609568029,-6.79193979799996],[-39.61074909,-6.79814126999996],[-39.608648289,-6.80121662099996],[-39.6060637849999,-6.80162365099999],[-39.605582243,-6.80534648199999],[-39.603963657,-6.80437611999998],[-39.601379517,-6.806644406],[-39.6009007609999,-6.81157945199995],[-39.5970221709999,-6.81352337399993],[-39.600429305,-6.822980157],[-39.6001135999999,-6.82718659399996],[-39.5955892739999,-6.83212712900001],[-39.5897690779999,-6.831161955],[-39.587674189,-6.84014327999996],[-39.587444585,-6.84970759099995],[-39.575555807,-6.84719102599993],[-39.5758741859999,-6.84371483699991],[-39.5747417299999,-6.84306972199989],[-39.5705416959999,-6.84647155300001],[-39.571021886,-6.84258968799997],[-39.5674644429999,-6.84283528499997],[-39.567296789,-6.83782255899999],[-39.5789327549999,-6.83238864699998],[-39.5737455119999,-6.82066975699996],[-39.5753587249999,-6.81808007900001],[-39.5679199859999,-6.81671387099995],[-39.5695207709999,-6.804177452],[-39.5678950619999,-6.79738434599996],[-39.571088494,-6.79445610299997],[-39.569330813,-6.790266637],[-39.567563008,-6.78890796699993],[-39.5610843209999,-6.79065033699995],[-39.559365482,-6.78979473499993],[-39.556638337,-6.77674453],[-39.5550310069999,-6.776031685],[-39.5494434989999,-6.777968232],[-39.5446133869999,-6.769250675],[-39.5123555979999,-6.77802898699998],[-39.5099397939999,-6.772667574],[-39.5067224909999,-6.76952157199995],[-39.5019258419999,-6.75502309799999],[-39.495619217,-6.75174973099996],[-39.4885692759999,-6.75244587699991],[-39.482866389,-6.75802808199993],[-39.4785025179999,-6.75583475099992],[-39.47464263,-6.76489325699989],[-39.4703497249999,-6.76873591599995],[-39.4715312489999,-6.77070405799998],[-39.467170459,-6.77146226699992],[-39.46796148,-6.77539769599996],[-39.4632079639999,-6.77819308699995],[-39.452745493,-6.77830144299995],[-39.4503985959999,-6.78025822399994],[-39.448799513,-6.78692729700001],[-39.4425586959999,-6.78989792099994],[-39.4317862789999,-6.78691706599995],[-39.424980784,-6.786848647],[-39.4171494589999,-6.78317250499994],[-39.4192456159999,-6.78081096200002],[-39.417845878,-6.77873768399999],[-39.4214956489999,-6.77461309599996],[-39.4055261289999,-6.76629403299997],[-39.4029750929999,-6.76009286599998],[-39.39891874,-6.75555447199999],[-39.3871900559999,-6.76618134099996],[-39.382784413,-6.76524423799998],[-39.382382591,-6.76983856999996],[-39.3675019289999,-6.76318418799996],[-39.365793018,-6.75871885899999],[-39.3617943149999,-6.76997453799995],[-39.3596380359999,-6.77128647999996],[-39.353776311,-6.76173536299999],[-39.348579026,-6.76934620600001],[-39.3385798619999,-6.76587810599992],[-39.3295833869999,-6.77115786199998],[-39.313529565,-6.75825935999998],[-39.3008350969999,-6.75381400299996],[-39.2968992359999,-6.73957938199992],[-39.302586376,-6.74009210299995],[-39.2982744769999,-6.73414786599993],[-39.3122345849999,-6.73948232099997],[-39.316200173,-6.73715179799995],[-39.325330164,-6.73705920399993],[-39.328603922,-6.73550644699997],[-39.3301523009999,-6.73102272499998],[-39.3356637589999,-6.72938324699996],[-39.334972589,-6.72627735799992],[-39.336694467,-6.72507181000002],[-39.3320381619999,-6.72033426899997],[-39.3291101669999,-6.72068036699992],[-39.327729846,-6.71930333999993],[-39.3270403029999,-6.71826965799995],[-39.3296243519999,-6.71680263299989],[-39.319104328,-6.70301613099997],[-39.319959566,-6.69362203099995],[-39.3168555479999,-6.69138234799991],[-39.315822376,-6.68879783299993],[-39.3170252529999,-6.68457398499995],[-39.3149567129999,-6.68457729999995],[-39.313578966,-6.68664355399993],[-39.308397118,-6.68569041699996],[-39.30405132,-6.68168395000002],[-39.2908061309999,-6.67481787199999],[-39.2916071179999,-6.66721209199996],[-39.2898089199999,-6.65649609099997],[-39.281582379,-6.64850599299996],[-39.2814156729999,-6.64148667399995],[-39.2838115319999,-6.63382187099992],[-39.2798075909999,-6.62948307100003],[-39.280636748,-6.62839445199992],[-39.2912518739999,-6.61817001699993],[-39.296917637,-6.60880856799994],[-39.3025875109999,-6.60877099099995],[-39.308414365,-6.61075709099997],[-39.311147201,-6.60707436899997],[-39.317218819,-6.60403089899996],[-39.3168771059999,-6.60137893900001],[-39.31370987,-6.5983441449999],[-39.3131865919999,-6.5848196979999],[-39.3094240719999,-6.58452333599999],[-39.3083095269999,-6.58015788999992],[-39.300438676,-6.57532870899995],[-39.29461868,-6.56736252499994],[-39.2956428369999,-6.56428104899997],[-39.2946284129999,-6.56272452599995],[-39.239828155,-6.58360748599997],[-39.228723986,-6.58456853599999],[-39.225859248,-6.58883877200001],[-39.219990943,-6.58983872399997],[-39.222227827,-6.59236006999994],[-39.222018681,-6.59424822899992],[-39.215063753,-6.59624581799992],[-39.209873746,-6.60781322],[-39.1945594869999,-6.60985758299996],[-39.191896405,-6.6125232659999],[-39.1860491149999,-6.61377933200001],[-39.178581526,-6.61331098199997],[-39.18098491,-6.61843138099997],[-39.1776951899999,-6.61817096399993],[-39.1772767619999,-6.6202628209999],[-39.174353988,-6.62057767399992],[-39.173258935,-6.62533257399997],[-39.1838654849999,-6.641371286],[-39.1756675889999,-6.64299530799998],[-39.174311021,-6.64560713499999],[-39.1764011329999,-6.64811486599999],[-39.173791371,-6.65052047099992],[-39.175409125,-6.65370797199994],[-39.174680321,-6.65631957699993],[-39.176560422,-6.65767784699996],[-39.173166005,-6.65961315999997],[-39.1717319919999,-6.66308851599992],[-39.174685176,-6.67116105599993],[-39.161633826,-6.67490653299994],[-39.155162955,-6.67313074299993],[-39.152969174,-6.67446930899993],[-39.150472142,-6.67128778099993],[-39.147165037,-6.67252207799993],[-39.144497097,-6.67189365299988],[-39.1424170819999,-6.67658569199997],[-39.1332789899999,-6.68565067499995],[-39.1354968879999,-6.68828218099999],[-39.13204703,-6.68891575],[-39.129776201,-6.69212324900001],[-39.1322216139999,-6.69935900799999],[-39.1298053299999,-6.702873789],[-39.129801529,-6.710264541],[-39.1248015909999,-6.71281479999989],[-39.113928464,-6.71083054299993],[-39.1093884199999,-6.71453538099997],[-39.0993056239999,-6.71268612399999],[-39.0962727469999,-6.713577205],[-39.0939152999999,-6.71172145699993],[-39.091384164,-6.71280231],[-39.0864152,-6.71080147599994],[-39.0826957619999,-6.70580923399996],[-39.0705575699999,-6.70569538999995],[-39.0630773389999,-6.69977981099989],[-39.0559937619999,-6.69943833499996],[-39.05430471,-6.69640365999997],[-39.0450805239999,-6.69596678699997],[-39.05024302,-6.68504809799992],[-39.053691672,-6.68297043699997],[-39.0579010009999,-6.68331981599992],[-39.060163584,-6.67601339099997],[-39.064152765,-6.67201987599994],[-39.0639285189999,-6.66751602199998],[-39.0614380659999,-6.66387611099999],[-39.0535530129999,-6.65994976500002],[-39.047935329,-6.66908465399998],[-39.047426236,-6.67604575799998],[-39.0423514249999,-6.67288575799999],[-39.038677236,-6.67310956699995],[-39.034689181,-6.66962805099993],[-39.0264859759999,-6.66768017699997],[-39.018408438,-6.66145221999999],[-39.007683728,-6.65883294899997],[-39.0034718839999,-6.65883356399993],[-39.0005007679999,-6.66039900099996],[-38.9985234539999,-6.65886588399994],[-38.980997719,-6.66336804799997],[-38.968995172,-6.65896031699993],[-38.9630908659999,-6.65298791499996],[-38.963090473,-6.64953879299997],[-38.9603142,-6.64530309599997],[-38.9513881679999,-6.64415388399991],[-38.948610859,-6.63517671099993],[-38.939916351,-6.63051145299993],[-38.93285191,-6.61786782799996],[-38.9250548909999,-6.61145417400001],[-38.9213807589999,-6.592141763],[-38.921274856,-6.56921882199997],[-38.9197062209999,-6.56545814500002],[-38.9165500999999,-6.56930337999996],[-38.9153779109999,-6.57531147599993],[-38.9104420159999,-6.57789696599999],[-38.908819768,-6.57690777999994],[-38.9049151649999,-6.57758704500001],[-38.9038824949999,-6.57944758599996],[-38.8963503519999,-6.57924428599991],[-38.888113341,-6.58176604799994],[-38.8842474269999,-6.58040260500002],[-38.877119329,-6.58175851100002],[-38.877190797,-6.58564382199998],[-38.8695756549999,-6.59316087099994],[-38.8736599339999,-6.61242103299996],[-38.8518351179999,-6.64707093099994],[-38.84417165,-6.66687420099989],[-38.853335071,-6.67443539099995],[-38.8571817979999,-6.68173236199994],[-38.8597451879999,-6.69147368599991],[-38.856675044,-6.69465673599993],[-38.853522265,-6.69443343699992],[-38.8544574989999,-6.70287505599992],[-38.852323987,-6.70825152699999],[-38.847632849,-6.70968613199993],[-38.8485050969999,-6.71652312599994],[-38.847290529,-6.72201337099991],[-38.828353696,-6.73680703099993],[-38.829255151,-6.74493752599996],[-38.790512018,-6.77300649899998],[-38.823608025,-6.778299929],[-38.8200994519999,-6.784733139],[-38.820520622,-6.79158233899997],[-38.817221176,-6.800504373],[-38.8189698319999,-6.80757129299996],[-38.8157161629999,-6.81122293399994],[-38.8139654839999,-6.82044600099994],[-38.8157130229999,-6.82606877699993],[-38.8099658359999,-6.83922623599994],[-38.8112462,-6.84685162900001],[-38.82356598,-6.84869024699998],[-38.836025975,-6.84795734699999],[-38.856381728,-6.85930710699992],[-38.847510166,-6.86024829999999],[-38.843983328,-6.85700703899996],[-38.8196709219999,-6.85674463],[-38.816590846,-6.86366006399995],[-38.809743142,-6.86462895099991],[-38.786353734,-6.86341600500001],[-38.780751777,-6.86727209699993],[-38.774943084,-6.86857542299994],[-38.773967086,-6.87691816200002],[-38.7761328329999,-6.88484617299997],[-38.784101517,-6.88863052700002],[-38.785682872,-6.89146498399996],[-38.7863491299999,-6.89426693499999],[-38.783576388,-6.89697959499998],[-38.785053846,-6.90523305499998],[-38.7789616079999,-6.90790345399993],[-38.774828198,-6.90645864999995],[-38.7652086389999,-6.91091715699997],[-38.7592236359999,-6.915482714],[-38.758767141,-6.92527771999997],[-38.762409372,-6.92654424699997],[-38.7612442109999,-6.92927097099997],[-38.7583006999999,-6.93125992299995],[-38.755243341,-6.93912648999997],[-38.764024834,-6.94461705299997],[-38.7656034319999,-6.94946548199996],[-38.7573014579999,-6.95817671799997],[-38.750257688,-6.95849584999998],[-38.746965546,-6.96058004399996],[-38.745968348,-6.96253466199993],[-38.7480758899999,-6.96670458199998],[-38.746215128,-6.97037410399994],[-38.742517547,-6.97214476899999],[-38.7422503869999,-6.97427852699996],[-38.748965531,-6.98079925000001],[-38.7518883239999,-6.9885826789999],[-38.7609649119999,-6.99005333],[-38.764999076,-6.99389502399988],[-38.770053568,-6.99397434999997],[-38.774135719,-7.00002828299995],[-38.7778592389999,-7.00141654299998],[-38.781854751,-7.001484654],[-38.7905469789999,-6.99551659299996],[-38.799022392,-6.99387278099992],[-38.8025561309999,-6.99106404899995],[-38.8076053099999,-6.98979646899997],[-38.813493658,-6.99108235899997],[-38.8258874979999,-6.98950035199998],[-38.8288285239999,-6.98488814199994],[-38.8316145509999,-6.98370965399995],[-38.8432138169999,-6.98141736399999],[-38.849052853,-6.98200177299995],[-38.8537101319999,-6.98091258799996],[-38.8561885829999,-6.97837328399992],[-38.908974084,-7.08270397599999],[-38.958664437,-7.08271311899994],[-39.000800401,-7.12379020599998],[-39.0251919899999,-7.15132354400001],[-39.025823779,-7.19437853799999],[-39.076831355,-7.22914445899992],[-39.0819961609999,-7.22995576499998],[-39.086131416,-7.23493602899993],[-39.0845796789999,-7.23962411599996],[-39.0891396769999,-7.24468721999994],[-39.0875813379999,-7.25166587399996],[-39.091716672,-7.25424114699995],[-39.0919567169999,-7.25989481399993],[-39.0899233109999,-7.26615951599994],[-39.083339484,-7.26891652599996],[-39.082360147,-7.27245753899995],[-39.08323936,-7.27795754700001],[-39.085200703,-7.28005783699997],[-39.090569348,-7.28149996600001],[-39.0910468399999,-7.28312638399992],[-39.083474352,-7.29225742499994],[-39.081560883,-7.29886016699993],[-39.082403405,-7.30568140699998],[-39.0830116229999,-7.30799948999994],[-39.1001650979999,-7.32261372899996],[-39.102016333,-7.3280051319999],[-39.101138269,-7.34394913899999],[-39.0948805609999,-7.36613053599997],[-39.095987059,-7.36878362399993],[-39.094987745,-7.37280447099991],[-39.0918198369999,-7.37745471699999],[-39.0890239229999,-7.38664901899993],[-39.090042129,-7.39098578399992],[-39.0860277419999,-7.39842907799991],[-39.086493247,-7.40147379599995],[-39.0830137499999,-7.41382484999994],[-39.0783911869999,-7.42077312499994],[-39.077245681,-7.42593735399991],[-39.0761829109999,-7.44799277099993],[-39.081286115,-7.45213244399997],[-39.0811354129999,-7.45826641699992],[-39.0866492489999,-7.460180543],[-39.089220637,-7.46327582799996],[-39.098407047,-7.46538698499993],[-39.12391609,-7.46036888499996],[-39.135886663,-7.45564010099995],[-39.146046176,-7.455267362],[-39.154247197,-7.45048934300001],[-39.1952807439999,-7.50295644599993],[-39.1728259489999,-7.56353894699994],[-39.0734224639999,-7.62657527800001],[-39.1127200549999,-7.67656038699989],[-39.123124657,-7.69488731199999],[-39.1289649579999,-7.69806216899996],[-39.1282759149999,-7.70268309200002],[-39.13040059,-7.70635671599995],[-39.146552893,-7.71821910099992],[-39.1559971369999,-7.71644500499994],[-39.162885735,-7.71680775099992],[-39.167381908,-7.71387787999991],[-39.168688497,-7.71536670599998],[-39.1710013609999,-7.71524028200001],[-39.1777211179999,-7.70956564499998],[-39.1811336739999,-7.7094777209999],[-39.183386273,-7.70555957699997],[-39.192023146,-7.69734449199999],[-39.200776143,-7.69550877399997],[-39.208335196,-7.68948031099998],[-39.222742474,-7.69680373499993],[-39.228631106,-7.69568539700003],[-39.2347381829999,-7.69680095999996],[-39.238053811,-7.698552257],[-39.244172431,-7.70534305599993],[-39.252564871,-7.70493090000002],[-39.250387991,-7.69844304500001],[-39.248422162,-7.69670956699996],[-39.2501200919999,-7.69293257999988],[-39.247463963,-7.69064834599989],[-39.250062406,-7.6880151999999],[-39.249740353,-7.68354457600002],[-39.252815973,-7.67728675199997],[-39.265338121,-7.66983096399998],[-39.2663958889999,-7.66476542099999],[-39.2703214079999,-7.65989731600001],[-39.2837516659999,-7.66420836999992],[-39.288844972,-7.66490091299995],[-39.29770909,-7.66295725099995],[-39.305566452,-7.66593162499996],[-39.3113886099999,-7.65523658399993],[-39.3214403419999,-7.65422579799998],[-39.324067686,-7.65167827899996],[-39.3384437089999,-7.64464689599993],[-39.342844505,-7.63561784500001],[-39.350170524,-7.631218883],[-39.3554277929999,-7.62997952799995],[-39.359291173,-7.62681089799995],[-39.3681030969999,-7.62386999399999],[-39.370069199,-7.61779912699994],[-39.3760949699999,-7.61177236299993],[-39.380887838,-7.61099554299994],[-39.386065602,-7.60813456799994],[-39.419656147,-7.60441227899996],[-39.423272819,-7.58680580799998],[-39.434933494,-7.57372281999994],[-39.4476342059999,-7.57224312899997],[-39.46016229,-7.57601367699993],[-39.4658043119999,-7.57461799200001],[-39.4716808389999,-7.57580061499998],[-39.4743794259999,-7.56892577799995],[-39.476526799,-7.55332769099996],[-39.484243858,-7.54108977399991],[-39.4851642149999,-7.53444902299997],[-39.4825305039999,-7.53005109799998],[-39.4766528309999,-7.5270467139999],[-39.4696884209999,-7.52056863799993],[-39.457305801,-7.50618295899998],[-39.4556774809999,-7.50186092199995],[-39.456737511,-7.48044241699996],[-39.4582774179999,-7.47449548799996],[-39.4607476119999,-7.47121899899993],[-39.4678565849999,-7.46959060899994],[-39.4755118839999,-7.47267042399996],[-39.489732515,-7.47242325299991],[-39.502360546,-7.46414844199995],[-39.5121026669999,-7.46714786199998],[-39.536443944,-7.48253032799995],[-39.5432490689999,-7.48476055000003],[-39.548425329,-7.48313330399993],[-39.5528279129999,-7.48065683999993],[-39.5574548399999,-7.47254485899995],[-39.5625406659999,-7.46037803699992],[-39.571590504,-7.42983128299997],[-39.576533888,-7.42789501999999],[-39.5879776089999,-7.43235733599998],[-39.593077892,-7.43235129999993],[-39.6055241589999,-7.42408164399996],[-39.6086881959999,-7.42372664299996],[-39.6266245789999,-7.42703521299998],[-39.6289071809999,-7.42562851099994],[-39.6341549699999,-7.40684514299992],[-39.6457183039999,-7.38087805899992],[-39.65308842,-7.37226217399997],[-39.671348436,-7.35853717],[-39.697512026,-7.34216563899995],[-39.7061888389999,-7.33776119999994],[-39.741322101,-7.32681661399998],[-39.7604267159999,-7.32625820999996],[-39.776245445,-7.32803075799998],[-39.7892269699999,-7.3319951029999],[-39.812020414,-7.33015021899993],[-39.8153675199999,-7.32869421199999],[-39.828695769,-7.33237019599993],[-39.8481390639999,-7.32509397000002],[-39.85769679,-7.32542869199998],[-39.874831607,-7.33246946799999],[-39.886281706,-7.33930997399995],[-39.897669854,-7.33968275599996],[-39.9103853139999,-7.33721029799993],[-39.926344968,-7.34099890699997],[-40.0007070279999,-7.37447833999994],[-40.045163712,-7.38074498100001],[-40.087454495,-7.38309306699995],[-40.1277543209999,-7.38191499100001],[-40.1376516989999,-7.37944073800001],[-40.1618179239999,-7.36958263199996],[-40.195684671,-7.3581486919999],[-40.220759992,-7.34127030999996],[-40.229366763,-7.33350781299992],[-40.241971725,-7.31799522199999],[-40.2629956069999,-7.30102093899992],[-40.283880818,-7.29917449200002],[-40.296544513,-7.30095154299995],[-40.3107408299999,-7.30069738499998],[-40.318563159,-7.303340396],[-40.3293943749999,-7.31855785700003],[-40.350793595,-7.33417140099994],[-40.355455359,-7.34727573199999],[-40.36098398,-7.35560079299993],[-40.372769567,-7.36244037499999],[-40.393878139,-7.368168386],[-40.433591707,-7.36717822899996],[-40.449055048,-7.36112552899993],[-40.4762474979999,-7.34472695899997],[-40.5004686119999,-7.32799533699999],[-40.5102864719999,-7.32283019399993],[-40.523723211,-7.31845048299992],[-40.514268703,-7.30783213699994],[-40.5116313349999,-7.29943061199999],[-40.5123828339999,-7.2854469449999],[-40.515277562,-7.27516956299998],[-40.5157994429999,-7.26446143599994],[-40.513561124,-7.23970330999993],[-40.5109596909999,-7.23385430799997],[-40.5102683819999,-7.22435552099997],[-40.504251191,-7.20479629599989],[-40.501296863,-7.18865279999991],[-40.494791926,-7.18234412299991],[-40.4957102749999,-7.16961805499998],[-40.48436973,-7.13319869899994],[-40.4853014459999,-7.12701794399997],[-40.4897393099999,-7.11869014299997],[-40.4852506789999,-7.11100928599996],[-40.470433068,-7.09397036099995],[-40.4694212239999,-7.08764414599992],[-40.4533848449999,-7.07123377899995],[-40.444259104,-7.05593215099999],[-40.4432814779999,-7.04809553799995],[-40.427717671,-7.03388110799997],[-40.426941126,-7.02946034999997],[-40.434892127,-7.02280074499997],[-40.438684639,-7.01645940099992],[-40.4340662469999,-7.01525489099992],[-40.4280134649999,-7.01847667599996],[-40.427851264,-7.01535119299997],[-40.425296452,-7.01573962099997],[-40.40624947,-7.005326607],[-40.411073084,-6.99907565999998],[-40.4286547249999,-6.99612985399998],[-40.429870227,-6.99334314099996],[-40.430374061,-6.975753836],[-40.427284402,-6.96632411899994],[-40.429121163,-6.94850285899997],[-40.424473875,-6.93720135899996],[-40.427033204,-6.91802288499993],[-40.432705755,-6.90853937899996],[-40.433955008,-6.9021428949999],[-40.4329130019999,-6.89271699900001],[-40.4289613249999,-6.8848601949999],[-40.4301790339999,-6.867816186],[-40.4285195549999,-6.86425447100001],[-40.415833951,-6.85937452199992],[-40.410755377,-6.85557984499999],[-40.402219189,-6.83998950899995],[-40.3970116979999,-6.83545520499994],[-40.3871122989999,-6.83007584199991],[-40.382902873,-6.82099184899998],[-40.370577354,-6.80799349999998],[-40.370509762,-6.80307042099996],[-40.3741037139999,-6.80060573599996],[-40.3887902859999,-6.79699867899994],[-40.395001715,-6.79808805899993],[-40.404137418,-6.80248782499999],[-40.4168355809999,-6.81253296199996],[-40.421018943,-6.8136260009999],[-40.432166582,-6.8129775969999],[-40.4389902269999,-6.80668889899996],[-40.442930088,-6.789873933],[-40.452029532,-6.78377545299998],[-40.4597267239999,-6.75423751999993],[-40.468693952,-6.74858948199995],[-40.4719372449999,-6.74493429799994],[-40.473887067,-6.73487737199997],[-40.476926288,-6.73283167499991],[-40.5173876599999,-6.73049488499993],[-40.5589699199999,-6.72080701600003],[-40.60220707,-6.71601177100001],[-40.616421314,-6.71040196099991],[-40.632418855,-6.69890376099996],[-40.6491395569999,-6.67882936899999],[-40.7101827599999,-6.67612954899998],[-40.717807868,-6.67141431100002],[-40.732246124,-6.65522010999991],[-40.72189471,-6.61855579099997],[-40.7319660949999,-6.60865423899995],[-40.7363774389999,-6.60030745599991],[-40.6889070179999,-6.599795489],[-40.676795501,-6.60354753399994],[-40.674199931,-6.61062934899997],[-40.669412531,-6.61511241699999],[-40.6676611199999,-6.61295962099994],[-40.661010482,-6.61116522499999],[-40.6541396529999,-6.61405642399991],[-40.6503003309999,-6.61382837699997],[-40.644997632,-6.60660280699995],[-40.637246229,-6.60477439999993],[-40.6217685879999,-6.6044702629999],[-40.6151825339999,-6.60564634899996],[-40.611139813,-6.60858773099997],[-40.610070632,-6.60319899999996],[-40.6054772249999,-6.59836632399997],[-40.59791408,-6.59442571199997],[-40.5968919749999,-6.58432976699996],[-40.591805197,-6.58050268799994],[-40.5884427739999,-6.57388253499992],[-40.587927508,-6.56710517099995],[-40.590138849,-6.56259948699993],[-40.5826995849999,-6.557169721],[-40.576853985,-6.54775571700001],[-40.56339393,-6.54497168299997],[-40.555494151,-6.55144101299994],[-40.5490542799999,-6.54904465099997],[-40.542174078,-6.54899819899996],[-40.5283476689999,-6.538629097],[-40.5161467109999,-6.53741562199996],[-40.4829690889999,-6.52825921799998],[-40.4654247679999,-6.52979273899993],[-40.4598215389999,-6.52830661099999],[-40.456348518,-6.52509567099997],[-40.4538251689999,-6.51923929399992],[-40.449026063,-6.51517361199994],[-40.447273916,-6.49516874599996],[-40.4399614789999,-6.48854310999992],[-40.3915195329999,-6.474726464],[-40.3906221199999,-6.46936468099992],[-40.388178494,-6.465650341],[-40.3811726179999,-6.46302362699992],[-40.3756280539999,-6.45568909199993],[-40.369500258,-6.45084190199999],[-40.3698524639999,-6.44361445899999],[-40.372005201,-6.44040354699997],[-40.372546957,-6.43574039199997],[-40.3677902549999,-6.43384588999998],[-40.3669453129999,-6.42882836399995],[-40.36009367,-6.42745769099996],[-40.3577887129999,-6.42429051399992],[-40.3521195009999,-6.42156932599993],[-40.3506830599999,-6.41768665999992],[-40.353604915,-6.41728024699996],[-40.354338565,-6.41049598299996],[-40.335190309,-6.41538662799995],[-40.3364808879999,-6.40867976599996],[-40.329228988,-6.40208464799998],[-40.322411748,-6.40134303599999],[-40.3180964229999,-6.39825280199993],[-40.3150032189999,-6.39777950999992],[-40.3129450639999,-6.39878439699995],[-40.3131170109999,-6.40134591999997],[-40.3088529689999,-6.40269908100002],[-40.3076897259999,-6.40051476799993],[-40.3081565029999,-6.39587462499998],[-40.295451471,-6.39099897399997],[-40.2903658559999,-6.38727604399995],[-40.2853314289999,-6.38026424299994],[-40.275178749,-6.38727391399996],[-40.271951948,-6.38726149],[-40.2685461529999,-6.385050136],[-40.260880255,-6.38594886799993],[-40.257813251,-6.38241841099994],[-40.261089354,-6.37808243199992],[-40.2570194969999,-6.37515312499992],[-40.250129313,-6.38155336299995],[-40.250495431,-6.38737659199993],[-40.2455064319999,-6.38722678599997],[-40.245102433,-6.390110344],[-40.2401803309999,-6.3925826889999],[-40.2382029649999,-6.39158066899995],[-40.2372652679999,-6.38872650999997],[-40.232067163,-6.3866594409999],[-40.226769243,-6.38653134899996],[-40.2182716579999,-6.37616681099995],[-40.216496921,-6.37602661499998],[-40.21069488,-6.38073286400001],[-40.2069463669999,-6.38055532899998],[-40.2025360929999,-6.37785297899992],[-40.196927825,-6.37123340599997],[-40.19088451,-6.369066422],[-40.1869175479999,-6.36539380799996],[-40.1814558399999,-6.36494674300002],[-40.1730127769999,-6.36076140999993],[-40.1631083469999,-6.36143037299995],[-40.161029797,-6.35558752399994],[-40.1575158589999,-6.35370987999993],[-40.1549455169999,-6.35430058399996],[-40.1542759939999,-6.35836288299997],[-40.152475657,-6.35985964500001],[-40.148155012,-6.36050839699995],[-40.146597005,-6.36001599699996],[-40.145649459,-6.35501162299999],[-40.14242786,-6.35126842599997],[-40.13934018,-6.35279315199992],[-40.136614343,-6.35059854599997],[-40.1280204759999,-6.35115799699998],[-40.122044376,-6.34859491600002],[-40.1152283549999,-6.348780371],[-40.1073684729999,-6.35156288699991]]]}},{"type":"Feature","properties":{"id":"230004","state":"CE","stateCode":"23"},"geometry":{"type":"Polygon","coordinates":[[[-38.9575582119999,-4.07271062599991],[-38.961042283,-4.07839639399999],[-38.955858408,-4.08053189600001],[-38.9526301379999,-4.08360589699988],[-38.953819883,-4.08616554999993],[-38.952034728,-4.08847269999996],[-38.953732014,-4.09171567999998],[-38.9516080459999,-4.09487428899993],[-38.9539482729999,-4.09881991499997],[-38.951315195,-4.10334527599995],[-38.94859675,-4.102491352],[-38.9463031939999,-4.09642934399998],[-38.9442644149999,-4.09625930399993],[-38.941321748,-4.10039857999994],[-38.943576828,-4.10357211399998],[-38.9432949649999,-4.10540118999998],[-38.9386064019999,-4.108781839],[-38.94024532,-4.11307804999992],[-38.943903443,-4.11499751899994],[-38.943668119,-4.11993193599994],[-38.9404308969999,-4.12431897699999],[-38.9403382709999,-4.12678786],[-38.9489225269999,-4.12816059799997],[-38.947546766,-4.13676706199993],[-38.954669857,-4.13702479499996],[-38.9600625899999,-4.14935388099999],[-38.9577323029999,-4.15558143799995],[-38.960461696,-4.16116105000002],[-38.961660458,-4.16998505399995],[-38.9603949249999,-4.172060883],[-38.9565331469999,-4.17154256499994],[-38.9571987919999,-4.17413579299991],[-38.955666627,-4.17764136499998],[-38.956600896,-4.17828736199996],[-38.951880077,-4.18282725099999],[-38.9530699409999,-4.18412853199991],[-38.9611262909999,-4.18334976799995],[-38.9621915359999,-4.18503687799993],[-38.9596613359999,-4.18880015199991],[-38.9623906749999,-4.19061617299998],[-38.9641231359999,-4.18724204899996],[-38.9669195599999,-4.18594494400002],[-38.9672526079999,-4.18776102399992],[-38.9693830059999,-4.18763101699999],[-38.9692510829999,-4.19009691199993],[-38.9711145709999,-4.19048563599993],[-38.972712556,-4.18970748399992],[-38.973312756,-4.18711295699994],[-38.975309265,-4.18659481799995],[-38.9764399369999,-4.19812371199996],[-38.9793706179999,-4.19424875599997],[-38.979970094,-4.19814308099996],[-38.9818366639999,-4.19879079],[-38.9804370129999,-4.20255270899996],[-38.982834122,-4.20463037499999],[-38.9915572629999,-4.20514980799991],[-38.99262278,-4.20709525399993],[-38.997817382,-4.20644526999997],[-39.0066718899999,-4.21254472199998],[-39.007138908,-4.22020016099996],[-39.0052098369999,-4.22227597599993],[-39.0062748929999,-4.22694830299999],[-39.008404945,-4.22720675099997],[-39.009537354,-4.22565040899996],[-39.014597733,-4.22629862699995],[-39.0157972529999,-4.2243507269999],[-39.0193254229999,-4.22305414299992],[-39.026851004,-4.22772598199993],[-39.021924519,-4.23058114100001],[-39.011933198,-4.2296716989999],[-39.011801353,-4.234863052],[-39.010203055,-4.23641940399999],[-39.0032110479999,-4.23330535899991],[-38.998749596,-4.2388830159999],[-38.9983107339999,-4.24500664299994],[-38.994564876,-4.24909688399989],[-38.9961544689999,-4.25186034199992],[-38.9975731419999,-4.24987058499996],[-39.003475781,-4.2499825809999],[-39.0054610049999,-4.252193979],[-39.009093228,-4.25153044999998],[-39.014994916,-4.25296645299996],[-39.019251145,-4.25473619199993],[-39.0201587389999,-4.25672457299995],[-39.019251126,-4.25761091499993],[-39.0113616179999,-4.25418358699995],[-39.00188591,-4.253519721],[-38.9939972679999,-4.25838427599997],[-38.9922378369999,-4.26114933599996],[-38.9955304699999,-4.26048659099993],[-38.9940541729999,-4.264465561],[-38.995700853,-4.264798315],[-38.997289142,-4.26457649399993],[-38.9981967939999,-4.26115000600003],[-39.000351718,-4.26015612299996],[-39.0039283079999,-4.26280783199995],[-39.003272726,-4.26465547099997],[-39.007390545,-4.27275959899994],[-39.003929536,-4.27386415199994],[-39.0063123269999,-4.27596698299995],[-39.0073901849999,-4.28215799399997],[-39.010457651,-4.28525342199994],[-39.0113079659999,-4.28879307399997],[-39.012329322,-4.28591770299992],[-39.0105687349999,-4.276408783],[-39.013121891,-4.27419733599989],[-39.0121013869999,-4.26701117899994],[-39.015108959,-4.26468834999995],[-39.0145413259999,-4.26977449299996],[-39.018683408,-4.27275985899997],[-39.0201586359999,-4.27696198599992],[-39.0223745199999,-4.27685091999998],[-39.0260069379999,-4.27364433499996],[-39.0309424169999,-4.27519206499995],[-39.0325310319999,-4.27817826899994],[-39.029466589,-4.28027798199994],[-39.0277074289999,-4.28591811499997],[-39.0219147679999,-4.28723823599995],[-39.0216355319999,-4.28868383699991],[-39.026630844,-4.29011941099994],[-39.0282762619999,-4.28857288599998],[-39.0405908119999,-4.28790811299995],[-39.04138563,-4.28912314999993],[-39.0361077319999,-4.29056159199993],[-39.035426962,-4.29221918399994],[-39.037922851,-4.29232983699996],[-39.036675298,-4.29432016099997],[-39.0394552339999,-4.29498433099996],[-39.0392297449999,-4.29653252599997],[-39.040932398,-4.29708528799996],[-39.040273633,-4.29894887999996],[-39.0456428439999,-4.30007074499998],[-39.046155734,-4.30935809499997],[-39.037644792,-4.30714589899998],[-39.0354389579999,-4.31193095399995],[-39.0378794069999,-4.31496785599997],[-39.0369498159999,-4.31706848299994],[-39.0381109649999,-4.31928598299993],[-39.0309082739999,-4.32021985300002],[-39.026259806,-4.31846928699995],[-39.0256784929999,-4.32570685599998],[-39.0276542569999,-4.32827481699999],[-39.0250975579999,-4.33107616499995],[-39.0336984139999,-4.33562891399989],[-39.0366020869999,-4.34625109999993],[-39.03811369,-4.34671829299995],[-39.0389266729999,-4.34951878399992],[-39.0515929089999,-4.35336943199994],[-39.049850733,-4.35687148],[-39.050432361,-4.35885594999996],[-39.056590843,-4.36177446499993],[-39.057638917,-4.36515798199994],[-39.057984351,-4.36130709099998],[-39.0608896149999,-4.35710479799993],[-39.063583809,-4.35871273600001],[-39.070534451,-4.35278600299999],[-39.070998685,-4.3546538539999],[-39.06251629,-4.36235823799992],[-39.064027889,-4.36434334199995],[-39.066121103,-4.36340826299993],[-39.0727440289999,-4.36550840899998],[-39.0730907719999,-4.36667586599994],[-39.069025644,-4.367493359],[-39.062401892,-4.37402944399997],[-39.0584491469999,-4.37543228899996],[-39.065423373,-4.37940108799998],[-39.064145832,-4.38196732499996],[-39.0671683149999,-4.38897136599993],[-39.0662397989999,-4.3910738349999],[-39.062519683,-4.39130882999997],[-39.0629848849999,-4.39714361599994],[-39.06585425,-4.39635967200001],[-39.067865829,-4.39889338099994],[-39.0828544729999,-4.39130539999997],[-39.0858783369999,-4.39434016799996],[-39.089363584,-4.38885323799992],[-39.089246602,-4.38360013799996],[-39.093778637,-4.38184866599991],[-39.096293831,-4.38290510199993],[-39.0943599699999,-4.38686847899994],[-39.095755759,-4.39282100299995],[-39.099242511,-4.39387178399995],[-39.097383523,-4.39702384199997],[-39.0944781289999,-4.39760710099991],[-39.0949436179999,-4.402277449],[-39.092386727,-4.40566253799994],[-39.0900629509999,-4.41324964399992],[-39.0878557579999,-4.41313419999997],[-39.078905938,-4.40577970899996],[-39.078790177,-4.41745433799992],[-39.0775125149999,-4.41815297599993],[-39.074955888,-4.41652065499996],[-39.074491703,-4.41745116399995],[-39.077050066,-4.42714218799992],[-39.0728649059999,-4.42877682499991],[-39.0714706539999,-4.42737615600002],[-39.0542710419999,-4.43741693499992],[-39.050902035,-4.43624968699995],[-39.0528771799999,-4.43998487800002],[-39.0518317669999,-4.44628857499995],[-39.0479965059999,-4.44745623299992],[-39.0469500059999,-4.45305906799998],[-39.041837599,-4.45854589299992],[-39.0310963559999,-4.46384006499989],[-39.0850340799999,-4.47185204799996],[-39.083500366,-4.47920107099999],[-39.0796280829999,-4.48557294899999],[-39.084836896,-4.49227747699996],[-39.0877745189999,-4.49381849600001],[-39.086575002,-4.49949352699999],[-39.0821678719999,-4.50412151499992],[-39.081834573,-4.51042420299995],[-39.0858432199999,-4.52014734699993],[-39.080968277,-4.53154731499994],[-39.083640734,-4.53644294399991],[-39.08130312,-4.53865679399993],[-39.077029432,-4.53718034599997],[-39.0758285979999,-4.53805213999992],[-39.076865937,-4.54204544600001],[-39.0748260079999,-4.54522828699992],[-39.075962681,-4.548179074],[-39.070019677,-4.54623508399992],[-39.0704884469999,-4.55166646999997],[-39.067683924,-4.55267216699998],[-39.066310136,-4.56164783399993],[-39.129778538,-4.62835797899995],[-39.1408351359999,-4.63196923399996],[-39.145881824,-4.63178042099999],[-39.1580564799999,-4.63466457999996],[-39.1632151979999,-4.64046495299991],[-39.1691076489999,-4.64360592500001],[-39.172561678,-4.64953039999993],[-39.1794480609999,-4.65450187699996],[-39.181169222,-4.65415272599994],[-39.182721966,-4.65063264699991],[-39.192720539,-4.64930354299999],[-39.2006650359999,-4.64491088599999],[-39.204273932,-4.65246115999996],[-39.213082169,-4.65115041799994],[-39.219252335,-4.65349311799996],[-39.2214113319999,-4.65201382599998],[-39.2288923939999,-4.65248880199991],[-39.2343327879999,-4.64969195199998],[-39.2379428739999,-4.64402400799996],[-39.245277009,-4.64309485400001],[-39.255170643,-4.64788366299992],[-39.26569188,-4.64931283799995],[-39.2696053869999,-4.64802618099998],[-39.2821115349999,-4.65175622999996],[-39.2859710599999,-4.65933934500001],[-39.293222277,-4.66338117899993],[-39.2949186679999,-4.68923370899996],[-39.298360878,-4.69554746799997],[-39.3012776679999,-4.69788990899998],[-39.3034457209999,-4.70513592799998],[-39.3064507639999,-4.70806968399998],[-39.310996006,-4.71043951199996],[-39.314665463,-4.70887515600001],[-39.322639061,-4.71533492599998],[-39.3276637449999,-4.71519248199994],[-39.342357996,-4.7278073209999],[-39.3475874739999,-4.73114727599995],[-39.3532531759999,-4.73226976500001],[-39.360083997,-4.73866639699999],[-39.362525972,-4.73918860099996],[-39.3669158059999,-4.73666917399995],[-39.3645305849999,-4.73232820699995],[-39.3654232,-4.72686135499996],[-39.3673766779999,-4.72577746500001],[-39.372246914,-4.73322110399995],[-39.3697494049999,-4.73663000299999],[-39.370524058,-4.74161431399993],[-39.365614424,-4.743063153],[-39.3582759279999,-4.75149824299998],[-39.353444063,-4.75104762000001],[-39.3506113989999,-4.74823906299997],[-39.3384795089999,-4.74226151999992],[-39.3192998019999,-4.72469245400001],[-39.3151198209999,-4.72244364499993],[-39.313341593,-4.72296328899995],[-39.3143468719999,-4.72744670099999],[-39.302443604,-4.72333700599996],[-39.2995515869999,-4.724961613],[-39.2979474099999,-4.72656620899998],[-39.296639765,-4.73239764999992],[-39.2924226179999,-4.73526102699996],[-39.2904196879999,-4.73929248199992],[-39.2931804779999,-4.73799207199997],[-39.297993788,-4.73854566299996],[-39.2989485,-4.74272222199994],[-39.3030949369999,-4.74455644099992],[-39.3063400469999,-4.75308888999998],[-39.31177211,-4.75355129499994],[-39.3172494399999,-4.75187950799992],[-39.327546304,-4.76272925499993],[-39.340891612,-4.770699151],[-39.3423714289999,-4.77459665399996],[-39.3462312629999,-4.77663581900004],[-39.343469574,-4.77821391099993],[-39.3453288689999,-4.78173835999996],[-39.3446161209999,-4.78507904699999],[-39.3474755399999,-4.78730523899996],[-39.3412080809999,-4.78876056199994],[-39.34783851,-4.80082498999993],[-39.3452490079999,-4.81238522799996],[-39.347914525,-4.81547222299993],[-39.348751819,-4.82257649799993],[-39.352696584,-4.82526030599996],[-39.3540551759999,-4.83152603899996],[-39.3582513859999,-4.8342144179999],[-39.357839676,-4.83752555999996],[-39.365808516,-4.84124785899992],[-39.3629724209999,-4.846795389],[-39.364804191,-4.84956764599997],[-39.357835014,-4.85397535799997],[-39.358165371,-4.85539341899997],[-39.3607777079999,-4.85510756599996],[-39.3609969589999,-4.85690259199997],[-39.3542471769999,-4.8597335709999],[-39.353421169,-4.87955825300001],[-39.3471696119999,-4.89432597999994],[-39.3484449389999,-4.89740025799992],[-39.3518630269999,-4.89775390099997],[-39.354249937,-4.90805277899998],[-39.359887747,-4.91159045499995],[-39.3607271819999,-4.91402502999996],[-39.358781819,-4.91710288999996],[-39.3592278669999,-4.920956888],[-39.3631413859999,-4.92416737199999],[-39.3627487099999,-4.92725113199997],[-39.365501701,-4.93113865600002],[-39.363806949,-4.93598161299995],[-39.3581652329999,-4.93934825999999],[-39.359000028,-4.94362581699997],[-39.3545336519999,-4.94817882099994],[-39.3558012989999,-4.94984220999989],[-39.355196263,-4.95324713299997],[-39.351333038,-4.95531205999994],[-39.347883016,-4.96029201999996],[-39.354469928,-4.96623911899997],[-39.351724827,-4.96946481699997],[-39.350106068,-4.97453044899998],[-39.35339219,-4.97997852899991],[-39.352747614,-4.98255737799994],[-39.360942702,-4.98031466899993],[-39.3630868289999,-4.97599067100001],[-39.3736144569999,-4.97393081300002],[-39.3758010909999,-4.97211279199996],[-39.37455295,-4.96666349000002],[-39.3804436849999,-4.95737963699996],[-39.385421693,-4.95534957099994],[-39.38549918,-4.94634461299994],[-39.3900013899999,-4.94299874599997],[-39.386639059,-4.93607277599995],[-39.3939715389999,-4.927977326],[-39.396856206,-4.92826519700003],[-39.3993876649999,-4.93130867399996],[-39.4048279409999,-4.93246700899996],[-39.413913748,-4.9416154149999],[-39.422837772,-4.94347024499998],[-39.4216716109999,-4.95041278299995],[-39.4278611289999,-4.95065782799998],[-39.433136647,-4.95471243999998],[-39.4376102829999,-4.95352943899998],[-39.4476469799999,-4.95519977099998],[-39.4662007579999,-4.9636285469999],[-39.471557694,-4.974487939],[-39.48041811,-4.980365939],[-39.4780385409999,-4.99641094500001],[-39.470267382,-5.01082435800003],[-39.502467908,-5.05206476599998],[-39.629717808,-5.04327770999989],[-39.634130205,-5.05488970399993],[-39.628603812,-5.06032478399995],[-39.617983966,-5.07599492899994],[-39.618127161,-5.08170594499996],[-39.605838947,-5.08971449499993],[-39.597834602,-5.09758353499998],[-39.5935012829999,-5.09816460599992],[-39.585389795,-5.09550525499998],[-39.580221863,-5.09581735399995],[-39.5498331969999,-5.11389806599992],[-39.53414106,-5.11904533799999],[-39.623757985,-5.25535899399994],[-39.626644491,-5.30875751199999],[-39.622820384,-5.31644740299996],[-39.622327007,-5.32279609699998],[-39.628491298,-5.32379411899996],[-39.6298281429999,-5.32579674399993],[-39.6278302469999,-5.32914026199999],[-39.6316689169999,-5.33648884899996],[-39.641672146,-5.33209522999997],[-39.644013201,-5.33281302699995],[-39.6474848999999,-5.34201403699997],[-39.6510373979999,-5.34192001599992],[-39.65665397,-5.33695128699995],[-39.658906201,-5.34091945599993],[-39.6564389389999,-5.34524998799995],[-39.6595002139999,-5.35003037999997],[-39.6594173569999,-5.35571486399993],[-39.66248101,-5.35947977999994],[-39.665642132,-5.357936771],[-39.6676564799999,-5.36276647999992],[-39.6790584399999,-5.36366498300003],[-39.6825705869999,-5.36375526799995],[-39.6905272819999,-5.35739874499999],[-39.6966524649999,-5.36313359099993],[-39.7049759509999,-5.36070802999997],[-39.7066433159999,-5.3678308399999],[-39.709843611,-5.37246017299995],[-39.7205466659999,-5.37707928699998],[-39.7213784959999,-5.38012590999999],[-39.723037532,-5.38083740699996],[-39.7269626309999,-5.37965876599998],[-39.729522178,-5.37179677599995],[-39.7336041739999,-5.36875525499992],[-39.7466171629999,-5.373820554],[-39.7478780229999,-5.36879414899996],[-39.7555014939999,-5.36726608799998],[-39.760516443,-5.37013304299998],[-39.766600576,-5.37064971099991],[-39.771040554,-5.37691210999999],[-39.7825244459999,-5.37941058699996],[-39.799786888,-5.40004099999993],[-39.8042091999999,-5.39365717899994],[-39.807690259,-5.38291175199991],[-39.809149843,-5.38233036699995],[-39.8104796559999,-5.38807145399997],[-39.8144792069999,-5.39311998199998],[-39.8167088819999,-5.39374972399994],[-39.8173845219999,-5.38449998999995],[-39.8188878939999,-5.38309714599998],[-39.825034571,-5.382004482],[-39.827698143,-5.37595378000002],[-39.8324026529999,-5.37481603099995],[-39.8364996499999,-5.37019733399997],[-39.838316031,-5.37074819499997],[-39.8383461499999,-5.372764247],[-39.842415579,-5.36800868699997],[-39.8454150719999,-5.36775660799999],[-39.849990982,-5.37200188499997],[-39.8621296189999,-5.37096326999994],[-39.874001184,-5.37495047599997],[-39.8759001439999,-5.37402480099993],[-39.8924149419999,-5.39164334099993],[-39.893826153,-5.39625465],[-39.897572474,-5.39740754799989],[-39.909044431,-5.39150907600001],[-39.9132477989999,-5.386120148],[-39.914899244,-5.38589644699996],[-39.9192844899999,-5.3902798779999],[-39.921484284,-5.39011152499992],[-39.9235468589999,-5.38836918199999],[-39.925575445,-5.38157348799993],[-39.928407044,-5.37955321999995],[-39.9327014829999,-5.37927007699996],[-39.934458561,-5.37622984499994],[-39.9339186069999,-5.36508931799993],[-39.9423455059999,-5.36004459799995],[-39.943696006,-5.35762817599995],[-39.942781887,-5.35088554599993],[-39.9398474729999,-5.34896996099999],[-39.9336439969999,-5.34854293099991],[-39.931046848,-5.34640660699998],[-39.9294630399999,-5.34256915899992],[-39.930355301,-5.33823536799996],[-39.9371187499999,-5.33444377999997],[-39.9496441019999,-5.3396334409999],[-39.9576465389999,-5.33899087999996],[-39.967331713,-5.34403959699997],[-39.9761169349999,-5.34626163099998],[-39.983631088,-5.34511883899993],[-39.989444775,-5.34927837499992],[-39.993023771,-5.34905124299994],[-39.9951420179999,-5.34725283699992],[-40.000866474,-5.34724447199995],[-40.0005557889999,-5.34191648899999],[-40.003633415,-5.339095673],[-40.00663487,-5.33878613099997],[-40.0113729669999,-5.34142773599995],[-40.0154718709999,-5.34084203299991],[-40.018962418,-5.33666676999996],[-40.018510501,-5.33020653399992],[-40.022841726,-5.32450793499996],[-40.018255403,-5.32138420599996],[-40.0187772089999,-5.31784688199995],[-40.028505439,-5.3108840219999],[-40.0248939379999,-5.30345913099992],[-40.0259791649999,-5.30052259199995],[-40.0295343239999,-5.29667210799994],[-40.040560344,-5.29363861799996],[-40.054614466,-5.29218896999992],[-40.056005058,-5.28977611599994],[-40.0553717839999,-5.28522018799992],[-40.0483936959999,-5.28206328299993],[-40.047006707,-5.26768596199997],[-40.043036082,-5.26135337299994],[-40.043698228,-5.2540489749999],[-40.045761111,-5.25057886299992],[-40.04661793,-5.23908106100003],[-40.042169481,-5.237095084],[-40.0352834839999,-5.22599058099994],[-40.035392792,-5.22198801099997],[-40.0303943039999,-5.21754839499989],[-40.027430323,-5.21058866499994],[-40.0212537899999,-5.20585342999993],[-40.022838469,-5.20331293699996],[-40.029392153,-5.20235603000001],[-40.0312307479999,-5.20043666700001],[-40.031949013,-5.19742146399992],[-40.0297867339999,-5.19202260699999],[-40.034191473,-5.18461343899996],[-40.037593277,-5.18225478999995],[-40.045921122,-5.18348041299992],[-40.055367676,-5.18131950799991],[-40.0570128569999,-5.186502085],[-40.059530572,-5.18607369499999],[-40.0669744579999,-5.17942061500001],[-40.067311134,-5.17302563199998],[-40.0751190279999,-5.16543337399998],[-40.0783368279999,-5.16718800099995],[-40.0813652499999,-5.17266663000002],[-40.08549205,-5.17419649799995],[-40.091691059,-5.17281477200002],[-40.0938234499999,-5.1675996289999],[-40.098102184,-5.16375509399995],[-40.102277756,-5.16544664799994],[-40.1067862249999,-5.16478244899995],[-40.112991591,-5.16712966300001],[-40.115805991,-5.16564290500001],[-40.115801152,-5.162241169],[-40.1187340559999,-5.16273141099989],[-40.121896191,-5.16557810699998],[-40.127871053,-5.165181253],[-40.1323774169999,-5.16298148299997],[-40.1389173809999,-5.16346384299993],[-40.141296719,-5.16943680499996],[-40.1535399609999,-5.16402433699994],[-40.159006202,-5.16696143399994],[-40.165614783,-5.1654033949999],[-40.036421353,-5.1033298749999],[-40.0021649569999,-5.08504714599993],[-40.0025142119999,-5.08139362899996],[-39.9970144869999,-5.07483093000001],[-39.997140409,-5.07267293899998],[-39.9876119419999,-5.06558406599989],[-39.970897247,-5.04746881200001],[-39.969066419,-5.04379375999997],[-39.9699729469999,-5.03979584199994],[-39.973356113,-5.03535001599997],[-39.973478268,-5.03021235499995],[-39.972693302,-5.02881890599995],[-39.9603087209999,-5.02896396699995],[-39.959623499,-5.00524263999995],[-39.9686276409999,-4.94671309599998],[-39.967615408,-4.94441953199993],[-39.9684304079999,-4.94048179999991],[-39.9672903979999,-4.93935011499997],[-39.964430302,-4.94180383299994],[-39.963790101,-4.93910873899999],[-39.9621471029999,-4.94053011199999],[-39.960397024,-4.93946055499996],[-39.96304336,-4.93667053199994],[-39.9625068879999,-4.93224673099995],[-39.95602917,-4.92558659199999],[-39.9513857119999,-4.92411012199996],[-39.950488337,-4.92727140899995],[-39.9471783479999,-4.92943040499998],[-39.9419768139999,-4.92626436799993],[-39.9394774149999,-4.92190697099991],[-39.934231756,-4.92421056599991],[-39.9321046149999,-4.9211683579999],[-39.9325265969999,-4.91809766999996],[-39.92753239,-4.91219673299994],[-39.923238656,-4.91326075599995],[-39.9137361,-4.90463030699995],[-39.9100792359999,-4.90636232500002],[-39.9090683819999,-4.90391403899993],[-39.906152485,-4.90469104100001],[-39.904241672,-4.90350618399995],[-39.902496506,-4.905495871],[-39.900475944,-4.90193833599999],[-39.902958941,-4.89981273699998],[-39.9008414929999,-4.89850693399993],[-39.898879791,-4.89915421800001],[-39.898390123,-4.89611621900001],[-39.8923494059999,-4.89289276099992],[-39.895954684,-4.89188136],[-39.895524783,-4.88878581299993],[-39.8926085989999,-4.887679778],[-39.89370242,-4.88645548499994],[-39.900821788,-4.88438841599996],[-39.9011378109999,-4.88250729699995],[-39.90902919,-4.87483408799994],[-39.9156500229999,-4.87185543999994],[-39.924498806,-4.86467306499996],[-39.9261892569999,-4.86051478199997],[-39.9328613159999,-4.85351406699991],[-39.939527885,-4.84256410999995],[-39.945088937,-4.83964159699997],[-39.9443969659999,-4.83695913799991],[-39.947097986,-4.834580334],[-39.948364678,-4.83068422799996],[-39.947301991,-4.828131296],[-39.949365152,-4.82657988899998],[-39.9467075059999,-4.82062216499998],[-39.9486623189999,-4.81636221799995],[-39.941604753,-4.81128938099998],[-39.9352830029999,-4.80332428199997],[-39.9313381539999,-4.80156122899993],[-39.9289798359999,-4.79714056399999],[-39.9386194669999,-4.78480599899995],[-39.939105166,-4.78286989499997],[-39.9360172129999,-4.78030765999999],[-39.9354425989999,-4.77706938300002],[-39.938847817,-4.77386727399992],[-39.9396560399999,-4.77054846599994],[-39.9365500249999,-4.77141569999993],[-39.9334591059999,-4.77455030199994],[-39.9292710889999,-4.77381369099994],[-39.9255637269999,-4.77749514999999],[-39.916562552,-4.78248793899999],[-39.914640204,-4.78888951299997],[-39.9069881619999,-4.78991913699998],[-39.902508229,-4.78809209799996],[-39.883373731,-4.78951495699993],[-39.878524157,-4.78342125699994],[-39.880068791,-4.78039374299992],[-39.8787343029999,-4.777116404],[-39.871601079,-4.77312458699993],[-39.871313588,-4.77052577799995],[-39.8740362939999,-4.76876040899998],[-39.8730953729999,-4.76571490399997],[-39.874267818,-4.76223401199999],[-39.86424596,-4.75234081199997],[-39.864286386,-4.7480957619999],[-39.861422142,-4.74309868299999],[-39.861874326,-4.73898913799997],[-39.8563761009999,-4.7368813309999],[-39.852365668,-4.739371751],[-39.8481553879999,-4.73737115399994],[-39.8423121239999,-4.73955291299999],[-39.83992905,-4.7350038349999],[-39.8351763579999,-4.736290013],[-39.833863949,-4.733236833],[-39.8316198359999,-4.73450261099993],[-39.827321689,-4.73347986199994],[-39.8240258989999,-4.73090256199996],[-39.8179856589999,-4.7316312],[-39.8162651879999,-4.73355494699993],[-39.8165723969999,-4.73608155399999],[-39.8134762439999,-4.73695721999998],[-39.812126897,-4.73932619499996],[-39.7986970949999,-4.74352356299997],[-39.795340988,-4.74678596199991],[-39.796741974,-4.75020124199995],[-39.793756327,-4.75341827199994],[-39.7908707469999,-4.75352816199999],[-39.806029251,-4.70810537499991],[-39.740987342,-4.72068416099994],[-39.7268893739999,-4.693877636],[-39.7266896099999,-4.690250523],[-39.7298252749999,-4.68884673099993],[-39.729561991,-4.68706413299996],[-39.7209985789999,-4.68650146699995],[-39.7194905689999,-4.68109317299993],[-39.714585211,-4.67823453899993],[-39.7234031119999,-4.67166810999992],[-39.729284304,-4.67140876599996],[-39.7264678969999,-4.66752913099995],[-39.7312419479999,-4.66784262599996],[-39.731893522,-4.66605878299997],[-39.71475952,-4.65576776999999],[-39.723317469,-4.65276761099999],[-39.726914645,-4.653845471],[-39.739003147,-4.65288037099998],[-39.742656884,-4.6467669909999],[-39.7444855269999,-4.64612644299993],[-39.746120957,-4.64695163799998],[-39.746908566,-4.65026063999995],[-39.747692806,-4.64898721000001],[-39.7486077389999,-4.65013168299995],[-39.7501087669999,-4.64841169300001],[-39.7565125179999,-4.64687817099997],[-39.760892812,-4.64871794199995],[-39.76605448,-4.64801453199991],[-39.775787077,-4.64221132799999],[-39.7755213019999,-4.63801192599992],[-39.7789763439999,-4.63081581699993],[-39.7768148849999,-4.62642850899993],[-39.769691106,-4.62624575399999],[-39.7648589799999,-4.62994103899993],[-39.762701358,-4.62886182899999],[-39.7613914609999,-4.62555304599995],[-39.762954232,-4.62490354499995],[-39.7645871569999,-4.620012263],[-39.7625595349999,-4.61816970799994],[-39.7607310009999,-4.62071713599996],[-39.7596857999999,-4.62020893899992],[-39.754840554,-4.61104864199996],[-39.752225845,-4.61041607799993],[-39.7496080619999,-4.6073628509999],[-39.744052335,-4.60654240099996],[-39.742019656,-4.60024405299994],[-39.723488409,-4.60107252499992],[-39.7201172489999,-4.59983055699993],[-39.699422848,-4.58335635299992],[-39.685250642,-4.57509945399994],[-39.6868336919999,-4.57206112999999],[-39.6866126469999,-4.56739762199994],[-39.68973127,-4.56561603099998],[-39.690613812,-4.55918709999997],[-39.6890891359999,-4.55644558499999],[-39.692267979,-4.55555878299996],[-39.6959258829999,-4.55683808899996],[-39.700169186,-4.54624230999998],[-39.707601008,-4.54312398199997],[-39.723976971,-4.54262466099997],[-39.7293694079999,-4.54065173099997],[-39.7391101429999,-4.54472507999993],[-39.7474468789999,-4.54478857899996],[-39.7483405119999,-4.54224828699991],[-39.757007001,-4.53546918199988],[-39.7644464579999,-4.53482975399993],[-39.7640878839999,-4.53202488800002],[-39.7659225899999,-4.52901537499996],[-39.765615888,-4.52446371699993],[-39.755007911,-4.51192472199994],[-39.7571457339999,-4.50543870599994],[-39.7557246539999,-4.50252342299994],[-39.7522543109999,-4.501641548],[-39.745360261,-4.49571143999996],[-39.73583444,-4.49346892499996],[-39.734028565,-4.49000447799993],[-39.728030238,-4.48617019999993],[-39.7228126239999,-4.48527995999998],[-39.7211992589999,-4.48301417300001],[-39.7225315089999,-4.47990770599992],[-39.72666783,-4.47664286899997],[-39.7260371099999,-4.46984104299994],[-39.7315290999999,-4.46737443499996],[-39.7341982899999,-4.46445876499995],[-39.733223874,-4.45824772099992],[-39.7344157199999,-4.45350569599998],[-39.7298621359999,-4.45015307299996],[-39.730895102,-4.44353427099997],[-39.7329685289999,-4.43977552099992],[-39.736430927,-4.43949483899998],[-39.7372602229999,-4.43824184399995],[-39.7324104229999,-4.43574278599994],[-39.734623277,-4.43267960199998],[-39.740324389,-4.43127919399992],[-39.740918273,-4.427912722],[-39.7385855599999,-4.4236949539999],[-39.745917224,-4.41607387899993],[-39.7478056999999,-4.41076622299999],[-39.752894228,-4.40715949699998],[-39.752723809,-4.40247836999991],[-39.755387921,-4.39976423799997],[-39.745941854,-4.3980727809999],[-39.7380029359999,-4.40192744299999],[-39.727750973,-4.39380290199993],[-39.727702251,-4.38841660399994],[-39.725253685,-4.38229018600001],[-39.719421402,-4.38379789699998],[-39.7146117449999,-4.38135780099998],[-39.7118676009999,-4.38207093999991],[-39.7096745339999,-4.37764087499992],[-39.711253593,-4.37333862199993],[-39.709724405,-4.36574030099997],[-39.7148319509999,-4.35549172199996],[-39.711141625,-4.35387810199993],[-39.7105883369999,-4.34844784099997],[-39.7260340759999,-4.34460818499997],[-39.7351000699999,-4.332678131],[-39.732718253,-4.32944656799997],[-39.7343210409999,-4.32176303899998],[-39.7333108769999,-4.31822591499997],[-39.727375313,-4.32005008699999],[-39.725563323,-4.318635349],[-39.7270675029999,-4.31398367099997],[-39.7267595879999,-4.30781989999998],[-39.7303826749999,-4.30700690500002],[-39.7325969449999,-4.3081174729999],[-39.7390850309999,-4.29520985399997],[-39.737869371,-4.29156028199998],[-39.7333270179999,-4.28801800499999],[-39.737105421,-4.28674866200002],[-39.738447903,-4.28284018399992],[-39.734946795,-4.28202587599998],[-39.7305087629999,-4.27567502299993],[-39.7364199259999,-4.27080605099995],[-39.739938238,-4.26396015300001],[-39.7460880849999,-4.26031963299998],[-39.750782085,-4.25494019799994],[-39.7727214029999,-4.24556789699994],[-39.777471969,-4.23639627999994],[-39.77813402,-4.23113136099996],[-39.7773647049999,-4.22381498799999],[-39.772838188,-4.2225762219999],[-39.780643168,-4.21113677499993],[-39.783922472,-4.19861266299993],[-39.790479733,-4.19466606199997],[-39.788078874,-4.18895010099998],[-39.7755578229999,-4.18063595599995],[-39.7737833829999,-4.1675307319999],[-39.768895695,-4.15881941599997],[-39.7574756569999,-4.15785396299995],[-39.755142114,-4.14102995099997],[-39.755756262,-4.134618732],[-39.749611855,-4.13012497599997],[-39.748173784,-4.12257276099995],[-39.7449775559999,-4.11946505000003],[-39.740146715,-4.11018554499996],[-39.7335595399999,-4.10834205799995],[-39.7297558349999,-4.10450481099997],[-39.721313605,-4.10318189899992],[-39.720281224,-4.09851490699997],[-39.718173011,-4.09655030599995],[-39.7085207759999,-4.10101328900001],[-39.70664257,-4.10479355299996],[-39.705340881,-4.10464987399997],[-39.70344734,-4.09084353799994],[-39.692572806,-4.08551179200002],[-39.6899283609999,-4.08266637599996],[-39.6833418419999,-4.08104291800002],[-39.6819185269999,-4.07666553299995],[-39.679892236,-4.07574906399997],[-39.6742730549999,-4.08015968099996],[-39.6649483149999,-4.08167401100002],[-39.6644989879999,-4.07833196699998],[-39.66733061,-4.07336379999996],[-39.666471927,-4.06854134],[-39.660060383,-4.07099911899997],[-39.643503257,-4.07259874599989],[-39.62702045,-4.07014024499996],[-39.627947772,-4.07419152299997],[-39.6263524149999,-4.07638748799994],[-39.6265230739999,-4.07934362199992],[-39.62459113,-4.08052796799996],[-39.623580491,-4.07715392899993],[-39.619462281,-4.07571896599996],[-39.617281015,-4.07977222599996],[-39.6109782239999,-4.07969419399998],[-39.603361669,-4.08677294300002],[-39.59764748,-4.094424466],[-39.5855621369999,-4.09575622499997],[-39.57564157,-4.09248811500002],[-39.569061634,-4.09608289299999],[-39.5642586819999,-4.09702616499998],[-39.556922073,-4.10252961199997],[-39.5510493269999,-4.10119321299996],[-39.549578364,-4.09918113500003],[-39.547577287,-4.098913742],[-39.545444341,-4.10146471899997],[-39.544242186,-4.100659993],[-39.5406315379999,-4.09006877199994],[-39.538762398,-4.08953291499994],[-39.5332469489999,-4.08298466600001],[-39.5311854929999,-4.08997354899998],[-39.525908946,-4.09371881399999],[-39.5248948339999,-4.09674307900001],[-39.524212818,-4.11180519199995],[-39.517903972,-4.11483728199993],[-39.4071950229999,-4.095725498],[-39.4049416039999,-4.10076562799993],[-39.400543318,-4.10483983499998],[-39.394602268,-4.10355799599997],[-39.3893231449999,-4.10597134699998],[-39.385719835,-4.10457855899995],[-39.3812110599999,-4.10581414799995],[-39.3784352569999,-4.1101031439999],[-39.372026278,-4.11049019599995],[-39.3661954359999,-4.10653171599999],[-39.358870956,-4.09711055899993],[-39.3671405209999,-4.08910917099996],[-39.3216260229999,-4.089488713],[-39.3007175919999,-4.08320826999993],[-39.270860925,-4.08508346499994],[-39.259052772,-4.07780302999991],[-39.2529151579999,-4.07654618100002],[-39.251195324,-4.07753108699997],[-39.242164201,-4.07489215199994],[-39.2382969999999,-4.07830227499993],[-39.2276313649999,-4.07256182299994],[-39.2259655109999,-4.06629719499996],[-39.21813694,-4.06064261099998],[-39.215560909,-4.05240156499997],[-39.21311595,-4.04970789699994],[-39.2037178369999,-4.04695155599996],[-39.063699136,-4.06705697799992],[-39.0283629299999,-4.06308448799997],[-39.005141005,-3.99292884999994],[-38.9844042019999,-4.04436885799997],[-38.9575582119999,-4.07271062599991]]]}},{"type":"Feature","properties":{"id":"230012","state":"CE","stateCode":"23"},"geometry":{"type":"Polygon","coordinates":[[[-38.849052853,-6.98200177299995],[-38.8432138169999,-6.98141736399999],[-38.8316145509999,-6.98370965399995],[-38.8288285239999,-6.98488814199994],[-38.8258874979999,-6.98950035199998],[-38.813493658,-6.99108235899997],[-38.8076053099999,-6.98979646899997],[-38.8025561309999,-6.99106404899995],[-38.799022392,-6.99387278099992],[-38.7905469789999,-6.99551659299996],[-38.781854751,-7.001484654],[-38.774135719,-7.00002828299995],[-38.770053568,-6.99397434999997],[-38.764999076,-6.99389502399988],[-38.758685683,-6.99846111199996],[-38.751882278,-6.99692053899994],[-38.747381851,-7.00188290099993],[-38.7407408839999,-7.0038160149999],[-38.730583695,-7.0120279089999],[-38.7107173059999,-7.01897206099999],[-38.7059387029999,-7.02238688999992],[-38.694909709,-7.02694136199999],[-38.690987304,-7.02995532599996],[-38.6926603759999,-7.03491015399995],[-38.6898014009999,-7.04022943399998],[-38.6698490269999,-7.04770461199994],[-38.6700687339999,-7.0541446849999],[-38.675312594,-7.05978048399991],[-38.6752941499999,-7.06363305799991],[-38.6772420179999,-7.067102465],[-38.671451502,-7.07053313599998],[-38.6688669719999,-7.07907974299997],[-38.659800788,-7.08554380099994],[-38.65640591,-7.09242578699994],[-38.658798873,-7.10334443999991],[-38.662154378,-7.110179049],[-38.667993081,-7.11502171899992],[-38.6698052909999,-7.12259456099999],[-38.677415281,-7.13093519499999],[-38.674935073,-7.14380902599999],[-38.675293014,-7.15572186799995],[-38.677657852,-7.15859392299999],[-38.682381012,-7.15933208599996],[-38.68519375,-7.16134397399999],[-38.6842735529999,-7.16444167199996],[-38.6776351809999,-7.16672966899991],[-38.676582372,-7.16919822399997],[-38.6793539199999,-7.17503164399998],[-38.6830155589999,-7.17598059799999],[-38.687829987,-7.19016116899993],[-38.681842527,-7.18734829699998],[-38.6759439159999,-7.18957383299991],[-38.6734121049999,-7.18529193699992],[-38.6648149639999,-7.18566875399993],[-38.6593223299999,-7.18324765999998],[-38.649798519,-7.18470474899993],[-38.643634096,-7.1839358359999],[-38.6365510019999,-7.19375503000002],[-38.6269820149999,-7.19114749299999],[-38.6218817389999,-7.193567075],[-38.61979473,-7.19705562299991],[-38.622934658,-7.203751978],[-38.6230512479999,-7.20767019499992],[-38.6205637569999,-7.21104692199998],[-38.619995529,-7.22009243699994],[-38.616370574,-7.22520085899993],[-38.6153679949999,-7.230185805],[-38.605424609,-7.23687495599996],[-38.600644286,-7.23476840300001],[-38.598157032,-7.23874186799998],[-38.597663325,-7.24418843799996],[-38.595113023,-7.2465289219999],[-38.5877422969999,-7.24864345899998],[-38.583083512,-7.24838265199998],[-38.5588788469999,-7.23941713499997],[-38.554828775,-7.240488785],[-38.551962103,-7.24347847599994],[-38.554908934,-7.255539398],[-38.553829059,-7.25999624199998],[-38.5490784089999,-7.26590866499997],[-38.542145412,-7.265901576],[-38.543333771,-7.27292507599998],[-38.5426311459999,-7.27839130400001],[-38.536286924,-7.28646407199995],[-38.5345868529999,-7.29379295999997],[-38.5355121109999,-7.29739771899999],[-38.538264699,-7.29938889099999],[-38.540110312,-7.30621856599994],[-38.5423180209999,-7.30682690399991],[-38.546044405,-7.31271386799992],[-38.550355153,-7.31546421799992],[-38.55121077,-7.32219607699994],[-38.548657737,-7.32654612299999],[-38.5485231069999,-7.33213167500001],[-38.553389576,-7.34438952999993],[-38.557244827,-7.34712888699994],[-38.558354316,-7.35393593299995],[-38.577119604,-7.37729745399994],[-38.5789933839999,-7.38093921500001],[-38.578128693,-7.38620163299994],[-38.5836025519999,-7.39820465199991],[-38.5903850349999,-7.40118173899995],[-38.5953291529999,-7.41148122200001],[-38.5956274169999,-7.41557919799996],[-38.58727444,-7.41467953699997],[-38.584497529,-7.41635099299998],[-38.583435094,-7.41994027899995],[-38.5860448769999,-7.42783651899992],[-38.5842507159999,-7.43317787400002],[-38.5853008029999,-7.43481505199994],[-38.591522674,-7.43306019799996],[-38.595018282,-7.43393737399999],[-38.596074409,-7.43863035799996],[-38.6058031109999,-7.444574508],[-38.6028441719999,-7.45355827999999],[-38.603328036,-7.45759197299998],[-38.6161056189999,-7.45693817699998],[-38.6219957759999,-7.460669799],[-38.6417138909999,-7.45817614499991],[-38.6449187,-7.46001882599995],[-38.646257294,-7.462718067],[-38.6416907079999,-7.46496746099997],[-38.6409402789999,-7.46970563299995],[-38.6362490009999,-7.47358524099997],[-38.634543001,-7.47933078599992],[-38.6305654199999,-7.48395221399993],[-38.630903921,-7.48732981999998],[-38.6336887149999,-7.49066933499996],[-38.6382417479999,-7.49212632400001],[-38.645995695,-7.50192598899999],[-38.6449697529999,-7.50613327499995],[-38.648394985,-7.51142834599995],[-38.6459418389999,-7.51437557099998],[-38.6464752819999,-7.51754162500002],[-38.654657758,-7.52222185399992],[-38.6536564959999,-7.52611116599994],[-38.6514930699999,-7.52780383299993],[-38.651268225,-7.53102559299996],[-38.6527740099999,-7.54068785099998],[-38.656487646,-7.54619348499996],[-38.6529915589999,-7.55261938899999],[-38.659155497,-7.56167036799995],[-38.655849925,-7.56354241499995],[-38.655325094,-7.56554298999991],[-38.661181884,-7.56829176799997],[-38.6771712179999,-7.57056962799997],[-38.686059038,-7.58119997599997],[-38.694828936,-7.58250918199993],[-38.7036587739999,-7.58095726299995],[-38.711025001,-7.58663395599998],[-38.7100739119999,-7.59743383799998],[-38.7140744809999,-7.59934239299996],[-38.712272553,-7.60425326299994],[-38.7130226079999,-7.60835339100001],[-38.718299292,-7.60935554199996],[-38.715606818,-7.61208603200004],[-38.7151128579999,-7.62191963699999],[-38.7175942259999,-7.62688800199996],[-38.7237265009999,-7.62688400199997],[-38.732189672,-7.63386551799995],[-38.737215786,-7.63493212100001],[-38.7349655699999,-7.63945742299999],[-38.7384073009999,-7.6420241929999],[-38.7418221559999,-7.64837329299998],[-38.7428020319999,-7.66032199599996],[-38.7544671169999,-7.65974290399992],[-38.7606124189999,-7.65600082299993],[-38.7639126949999,-7.65640115899992],[-38.771295383,-7.65908545099998],[-38.775428969,-7.66243339399997],[-38.781861291,-7.66178921199996],[-38.783710017,-7.66737706899991],[-38.7907476729999,-7.67114972099995],[-38.7924902349999,-7.66809668899995],[-38.7993798959999,-7.66918007299996],[-38.8055730259999,-7.66744165999991],[-38.812191632,-7.668797191],[-38.815826237,-7.66405772699999],[-38.817933873,-7.66373433299996],[-38.8196899509999,-7.66482774799993],[-38.821197132,-7.67230825499999],[-38.824241259,-7.67834426499999],[-38.8151043449999,-7.68797961499999],[-38.8150239009999,-7.697390765],[-38.8181611199999,-7.70212473399991],[-38.8174082449999,-7.70585896299997],[-38.821962184,-7.71479437699998],[-38.8281093219999,-7.71961447099991],[-38.8461023729999,-7.72041503999998],[-38.8517450059999,-7.71593737899995],[-38.8555214009999,-7.71657478599993],[-38.857740855,-7.71470832299995],[-38.864436408,-7.71364211599992],[-38.86666292,-7.71127984699997],[-38.8688515979999,-7.71117974199996],[-38.873080398,-7.71486654300001],[-38.874161172,-7.71909301700003],[-38.880912822,-7.72496463399992],[-38.8793300199999,-7.73383203199996],[-38.880964605,-7.73793862400002],[-38.8813975469999,-7.74743229699995],[-38.8948105969999,-7.7504535429999],[-38.9003531789999,-7.74487555299997],[-38.9070229939999,-7.74657361199994],[-38.9155776879999,-7.74448710699997],[-38.918247727,-7.74716705899992],[-38.915332673,-7.753706142],[-38.916110851,-7.75853812599994],[-38.918131483,-7.75830209099993],[-38.920218825,-7.75456728699992],[-38.923436914,-7.75365659799999],[-38.927629633,-7.75380630399992],[-38.9340515159999,-7.75883009699993],[-38.9395780599999,-7.75877262699999],[-38.9421863109999,-7.76437208499991],[-38.9410225919999,-7.77141281899998],[-38.946381766,-7.78139747599996],[-38.9450793149999,-7.78616135199995],[-38.939798251,-7.79155571899997],[-38.9399651039999,-7.79510570099996],[-38.9447698129999,-7.80390732000001],[-38.9528552729999,-7.81054650899999],[-38.9540491859999,-7.82151767499993],[-38.9649403569999,-7.82982849799996],[-38.964517631,-7.83370945199989],[-38.959361147,-7.83826343299993],[-38.959774246,-7.84215828899998],[-38.96285947,-7.84481639799998],[-38.970299463,-7.84580760800002],[-38.9746389209999,-7.842974462],[-38.977495975,-7.84552325999994],[-38.982244612,-7.84612562099995],[-38.990357854,-7.84400172199998],[-38.9947808379999,-7.84034486199994],[-39.0014086429999,-7.84012608199995],[-39.005353525,-7.83450341799996],[-39.0104694629999,-7.81641266299996],[-39.011829064,-7.81420848299994],[-39.0163703359999,-7.81218070799994],[-39.0215929999999,-7.81485420499999],[-39.02639314,-7.82463507299996],[-39.028913588,-7.82485814499993],[-39.033659583,-7.82189723599992],[-39.039443848,-7.82056305799992],[-39.0537556779999,-7.81930463899998],[-39.0577608179999,-7.8229309779999],[-39.0611732009999,-7.83336497499991],[-39.0648798289999,-7.83950423399993],[-39.0853502489999,-7.85171249699991],[-39.091297788,-7.85818247199993],[-39.09299192,-7.85755775799993],[-39.096547227,-7.85015657799995],[-39.0957672599999,-7.84643608299997],[-39.0878172529999,-7.83617178099998],[-39.087964691,-7.83261800500002],[-39.0928572189999,-7.82129559699996],[-39.09055512,-7.80960459999995],[-39.094484145,-7.8023495759999],[-39.0964095209999,-7.79509871499991],[-39.1018179499999,-7.78725181899993],[-39.1003332619999,-7.77570769700001],[-39.1063538959999,-7.76022628699998],[-39.123853314,-7.74324602299995],[-39.1356408739999,-7.72337509599992],[-39.142299676,-7.71902574699997],[-39.146552893,-7.71821910099992],[-39.13040059,-7.70635671599995],[-39.1282759149999,-7.70268309200002],[-39.1289649579999,-7.69806216899996],[-39.123124657,-7.69488731199999],[-39.1127200549999,-7.67656038699989],[-39.0734224639999,-7.62657527800001],[-39.1728259489999,-7.56353894699994],[-39.1952807439999,-7.50295644599993],[-39.154247197,-7.45048934300001],[-39.146046176,-7.455267362],[-39.135886663,-7.45564010099995],[-39.12391609,-7.46036888499996],[-39.098407047,-7.46538698499993],[-39.089220637,-7.46327582799996],[-39.0866492489999,-7.460180543],[-39.0811354129999,-7.45826641699992],[-39.081286115,-7.45213244399997],[-39.0768816419999,-7.449175388],[-39.075570818,-7.44323023799997],[-39.07729602,-7.43600801299998],[-39.077245681,-7.42593735399991],[-39.0783911869999,-7.42077312499994],[-39.0830137499999,-7.41382484999994],[-39.086493247,-7.40147379599995],[-39.0860277419999,-7.39842907799991],[-39.090042129,-7.39098578399992],[-39.0890239229999,-7.38664901899993],[-39.0918198369999,-7.37745471699999],[-39.094987745,-7.37280447099991],[-39.095987059,-7.36878362399993],[-39.0948805609999,-7.36613053599997],[-39.101138269,-7.34394913899999],[-39.102016333,-7.3280051319999],[-39.1001650979999,-7.32261372899996],[-39.0830116229999,-7.30799948999994],[-39.082403405,-7.30568140699998],[-39.081560883,-7.29886016699993],[-39.083474352,-7.29225742499994],[-39.0910468399999,-7.28312638399992],[-39.090569348,-7.28149996600001],[-39.085200703,-7.28005783699997],[-39.08323936,-7.27795754700001],[-39.082360147,-7.27245753899995],[-39.083339484,-7.26891652599996],[-39.0899233109999,-7.26615951599994],[-39.0919567169999,-7.25989481399993],[-39.091716672,-7.25424114699995],[-39.0875813379999,-7.25166587399996],[-39.0891396769999,-7.24468721999994],[-39.0845796789999,-7.23962411599996],[-39.086131416,-7.23493602899993],[-39.0819961609999,-7.22995576499998],[-39.076831355,-7.22914445899992],[-39.025823779,-7.19437853799999],[-39.0251919899999,-7.15132354400001],[-39.000800401,-7.12379020599998],[-38.958664437,-7.08271311899994],[-38.908974084,-7.08270397599999],[-38.8561885829999,-6.97837328399992],[-38.8552978819999,-6.97982426599997],[-38.849052853,-6.98200177299995]]]}},{"type":"Feature","properties":{"id":"230003","state":"CE","stateCode":"23"},"geometry":{"type":"Polygon","coordinates":[[[-38.936116362,-4.13373470799996],[-38.9317876859999,-4.13347153599993],[-38.9294434529999,-4.1354923989999],[-38.9292499639999,-4.13902671899995],[-38.930569977,-4.14073035999994],[-38.9364409579999,-4.14210787699997],[-38.944507708,-4.14648879399991],[-38.94322903,-4.14958110099995],[-38.9387315609999,-4.15207181699998],[-38.933441699,-4.15026853],[-38.9301805329999,-4.15129750899995],[-38.9275790449999,-4.14985601999996],[-38.9240536359999,-4.15243178099993],[-38.9156386569999,-4.14418589199995],[-38.908982812,-4.14686275099993],[-38.8975673219999,-4.14636594599994],[-38.881131001,-4.17305228199998],[-38.857210064,-4.16309098499992],[-38.855970344,-4.17735562199997],[-38.803727818,-4.16001629299998],[-38.806724904,-4.15229168999996],[-38.80447979,-4.14585432899998],[-38.796068443,-4.14241893699995],[-38.7932429739999,-4.144471919],[-38.7911428099999,-4.14322803499993],[-38.791016995,-4.15220338499995],[-38.7850680089999,-4.15431064799995],[-38.7807911589999,-4.15851685099999],[-38.7766224219999,-4.16752363799993],[-38.7773665409999,-4.170359344],[-38.769836568,-4.16938482099993],[-38.768213331,-4.17157328599998],[-38.7634309099999,-4.17092188799992],[-38.7621786139999,-4.17813842499989],[-38.75019702,-4.18064730099999],[-38.7373832179999,-4.17585889899993],[-38.7333066409999,-4.17837110199996],[-38.7330598709999,-4.17066968999992],[-38.7267314359999,-4.16993587399996],[-38.7246414889999,-4.17671878799993],[-38.71585515,-4.19120944599996],[-38.712635376,-4.18690403499996],[-38.710074927,-4.18704781299995],[-38.706907486,-4.18459676899992],[-38.699110895,-4.17572253799994],[-38.697693188,-4.17225586999997],[-38.688470224,-4.16857155599997],[-38.68610519,-4.17058615699992],[-38.6786611739999,-4.16764366999992],[-38.678943852,-4.16515243399994],[-38.667417333,-4.16083837899995],[-38.6642247589999,-4.1624285789999],[-38.660883644,-4.15939881799995],[-38.6561631579999,-4.158422698],[-38.64791158,-4.16141401899998],[-38.64146793,-4.16068140600003],[-38.6364714269999,-4.16365165499994],[-38.6266345119999,-4.16458433599993],[-38.624187061,-4.16616191999998],[-38.6197741529999,-4.16437618899993],[-38.617146152,-4.18404644599997],[-38.5708168559999,-4.23503428899995],[-38.559991314,-4.25914194299997],[-38.5497021039999,-4.27046589399998],[-38.55430445,-4.28438156399993],[-38.548250706,-4.32411941],[-38.533576361,-4.36938589900001],[-38.525877378,-4.37263934599997],[-38.5217043599999,-4.37881038399995],[-38.5063555959999,-4.37931859],[-38.494738391,-4.3895174059999],[-38.48366213,-4.38957522599999],[-38.4736863159999,-4.39197134699999],[-38.4706469509999,-4.39723484599995],[-38.4616704399999,-4.3972408029999],[-38.4432457019999,-4.41002453399999],[-38.439613669,-4.40441540699995],[-38.436202517,-4.38581095599993],[-38.3665203749999,-4.46688124799992],[-38.362630833,-4.46948621099999],[-38.3585493289999,-4.48033105699996],[-38.3616589659999,-4.4918099619999],[-38.3606326129999,-4.50087428900001],[-38.364358101,-4.50731820899991],[-38.3756514919999,-4.51364832099991],[-38.382322476,-4.51876829899998],[-38.38299675,-4.52090066599994],[-38.381525272,-4.52798470599994],[-38.372934586,-4.53082052199994],[-38.369399614,-4.53499461399996],[-38.3690456599999,-4.54033904199996],[-38.367641939,-4.54068120299993],[-38.3667092539999,-4.53920102899994],[-38.36501296,-4.54099774500001],[-38.369097364,-4.54771512099998],[-38.3680328999999,-4.56148266099993],[-38.371536323,-4.56478548300001],[-38.368900142,-4.57126969599998],[-38.369129411,-4.57673189000002],[-38.373625205,-4.58128639599991],[-38.3833821819999,-4.58220538500001],[-38.387474602,-4.57879432999994],[-38.388993194,-4.57925189799996],[-38.3920829429999,-4.58858620099992],[-38.404520749,-4.59598653099991],[-38.4084058789999,-4.607224258],[-38.421996024,-4.61867852399994],[-38.4217698369999,-4.62439675799995],[-38.4301569519999,-4.63188375100001],[-38.433657089,-4.63692075199995],[-38.448744688,-4.64517219799994],[-38.4485266629999,-4.64966210999999],[-38.4499417759999,-4.65123638299995],[-38.4587662829999,-4.654091314],[-38.4638578349999,-4.65056163399989],[-38.467324565,-4.64591710899991],[-38.476605207,-4.65010250099994],[-38.4907748469999,-4.65102227699991],[-38.5002179469999,-4.65327345299992],[-38.5062379179999,-4.658389214],[-38.5071658629999,-4.66223364999994],[-38.5125991989999,-4.66713394799993],[-38.5158871299999,-4.67342775299995],[-38.523970772,-4.67620588099994],[-38.527777332,-4.67971850599997],[-38.5317882999999,-4.68099705899997],[-38.538053207,-4.68022562399991],[-38.5552203459999,-4.6740636349999],[-38.569386331,-4.67548993299994],[-38.5743250809999,-4.67036541599995],[-38.580551334,-4.67123255299994],[-38.5853823679999,-4.67615453299995],[-38.5940822069999,-4.6798101869999],[-38.597850184,-4.68453624499998],[-38.601635293,-4.68391045499999],[-38.607656137,-4.68791461599992],[-38.6154863729999,-4.68958534899994],[-38.6232453579999,-4.69797386399998],[-38.6359772229999,-4.70166139099999],[-38.6386955979999,-4.69875754399989],[-38.638590551,-4.69543910299996],[-38.6350264589999,-4.68993682199998],[-38.6318276089999,-4.68889884699997],[-38.6428573509999,-4.68807473999991],[-38.6532485869999,-4.68310049099993],[-38.658954222,-4.66958946199998],[-38.6643410889999,-4.66149820999993],[-38.6676978999999,-4.66025469099997],[-38.669721154,-4.66523647499997],[-38.6722249879999,-4.66720871],[-38.6754781449999,-4.66316413099999],[-38.676333092,-4.65745773899993],[-38.680434102,-4.657044479],[-38.6907214179999,-4.65123819900002],[-38.690934719,-4.64978593999993],[-38.686833876,-4.64521795699998],[-38.6926967649999,-4.64200381599996],[-38.692857722,-4.63785266499996],[-38.691581852,-4.63598495099996],[-38.6944054849999,-4.63204318799997],[-38.69483532,-4.62778932299999],[-38.6992566759999,-4.62685717299996],[-38.701181659,-4.61295472699993],[-38.7040044219999,-4.61326586699994],[-38.7077361489999,-4.611504112],[-38.712795598,-4.61275086199995],[-38.716205878,-4.61410134599995],[-38.718810056,-4.61949487699999],[-38.7221662199999,-4.6209290739999],[-38.736078444,-4.61844253599996],[-38.7587248809999,-4.624885837],[-38.763826287,-4.622447004],[-38.766804078,-4.62276132999998],[-38.7679808029999,-4.62381753599997],[-38.7629463919999,-4.63225346799995],[-38.7653363869999,-4.63104867899994],[-38.7693752649999,-4.63452944499997],[-38.7723285159999,-4.63226174599991],[-38.7752014519999,-4.63226122599998],[-38.7783121669999,-4.62666534399998],[-38.782738405,-4.63181161299998],[-38.78250351,-4.64134314699994],[-38.788049731,-4.63910223799996],[-38.7908917089999,-4.64754746499992],[-38.803088293,-4.65027532200001],[-38.8043301169999,-4.65723469399993],[-38.81225194,-4.66525388599998],[-38.815280028,-4.67267044799998],[-38.826156263,-4.67146047799997],[-38.8291871649999,-4.66858846899994],[-38.8442611909999,-4.67252488499993],[-38.856848061,-4.66450929099992],[-38.860034501,-4.66481254099997],[-38.869975036,-4.67994475499995],[-38.874289598,-4.67965841899997],[-38.876071926,-4.68162549200002],[-38.8778577349999,-4.68749287199992],[-38.8756818809999,-4.69021817199999],[-38.881277305,-4.69400211899999],[-38.882128258,-4.70504748299994],[-38.883761063,-4.70928614099991],[-38.8891989189999,-4.7117088329999],[-38.891142766,-4.71488779199996],[-38.904898281,-4.71307268799996],[-38.9055976109999,-4.71398161599994],[-38.9017119189999,-4.72018359399989],[-38.9059863079999,-4.72156724799991],[-38.9119320019999,-4.72903038999994],[-38.917879311,-4.73153262899994],[-38.92162814,-4.73490920599998],[-38.9236574499999,-4.73939144599995],[-38.931126871,-4.74074661199998],[-38.938595807,-4.73980329099992],[-38.9434312729999,-4.74121661999998],[-38.9444854399999,-4.73517965099998],[-38.9465936619999,-4.7320667509999],[-38.946956226,-4.72524482899998],[-38.9500681129999,-4.72207156099998],[-38.9515444679999,-4.717262881],[-38.959984677,-4.71231395599996],[-38.9654159939999,-4.70523898399999],[-38.9639309139999,-4.69974293099998],[-38.9613062949999,-4.69617403599992],[-38.9495730809999,-4.68431103499999],[-38.9521497879999,-4.67889719999996],[-38.953872716,-4.66736345399992],[-38.959545749,-4.66806854499989],[-38.966045288,-4.66600849499999],[-38.9759873329999,-4.66984327399993],[-38.9786289109999,-4.66941789199999],[-38.9776413829999,-4.66065873000002],[-38.978635072,-4.65803140199996],[-38.9833586999999,-4.65429698999997],[-38.9913892659999,-4.65308003699992],[-38.99630292,-4.64763682499994],[-39.003804319,-4.65133228399998],[-39.0079137289999,-4.65051696199993],[-39.0129443419999,-4.64465666599992],[-39.022226528,-4.64111185199997],[-39.024805476,-4.64107556499991],[-39.030166941,-4.64402119700001],[-39.039027325,-4.63988118299992],[-39.0464982339999,-4.63998092199994],[-39.050636803,-4.642410861],[-39.0580241049999,-4.65070625199996],[-39.0667712359999,-4.65383550899998],[-39.0744884139999,-4.64859646199992],[-39.07874942,-4.64019663299992],[-39.0873598849999,-4.63919856899996],[-39.0966056709999,-4.643545869],[-39.098299132,-4.64234509899995],[-39.100359845,-4.63654271499994],[-39.1093299889999,-4.64290376399991],[-39.1109950489999,-4.64260615099998],[-39.112972337,-4.641578178],[-39.1181895859999,-4.63321298299995],[-39.118916825,-4.62668372499998],[-39.1206353059999,-4.6259495479999],[-39.129778538,-4.62835797899995],[-39.066310136,-4.56164783399993],[-39.067683924,-4.55267216699998],[-39.0704884469999,-4.55166646999997],[-39.070019677,-4.54623508399992],[-39.075962681,-4.548179074],[-39.0748260079999,-4.54522828699992],[-39.076865937,-4.54204544600001],[-39.0758285979999,-4.53805213999992],[-39.077029432,-4.53718034599997],[-39.08130312,-4.53865679399993],[-39.083640734,-4.53644294399991],[-39.080968277,-4.53154731499994],[-39.0858432199999,-4.52014734699993],[-39.081834573,-4.51042420299995],[-39.0821678719999,-4.50412151499992],[-39.086575002,-4.49949352699999],[-39.0877745189999,-4.49381849600001],[-39.084836896,-4.49227747699996],[-39.0796280829999,-4.48557294899999],[-39.083500366,-4.47920107099999],[-39.0850340799999,-4.47185204799996],[-39.0310963559999,-4.46384006499989],[-39.041837599,-4.45854589299992],[-39.0469500059999,-4.45305906799998],[-39.0479965059999,-4.44745623299992],[-39.0518317669999,-4.44628857499995],[-39.0528771799999,-4.43998487800002],[-39.050902035,-4.43624968699995],[-39.0542710419999,-4.43741693499992],[-39.0714706539999,-4.42737615600002],[-39.0728649059999,-4.42877682499991],[-39.077050066,-4.42714218799992],[-39.074491703,-4.41745116399995],[-39.074955888,-4.41652065499996],[-39.0775125149999,-4.41815297599993],[-39.078790177,-4.41745433799992],[-39.078905938,-4.40577970899996],[-39.0878557579999,-4.41313419999997],[-39.0900629509999,-4.41324964399992],[-39.092386727,-4.40566253799994],[-39.0949436179999,-4.402277449],[-39.0944781289999,-4.39760710099991],[-39.097383523,-4.39702384199997],[-39.099242511,-4.39387178399995],[-39.095755759,-4.39282100299995],[-39.09459172,-4.38850284399997],[-39.0961029069999,-4.38196525499996],[-39.089246602,-4.38360013799996],[-39.089363584,-4.38885323799992],[-39.0858783369999,-4.39434016799996],[-39.0828544729999,-4.39130539999997],[-39.067865829,-4.39889338099994],[-39.066354389,-4.39655989499995],[-39.0626365789999,-4.3966784589999],[-39.062519683,-4.39130882999997],[-39.0662397989999,-4.3910738349999],[-39.0671683149999,-4.38897136599993],[-39.064145832,-4.38196732499996],[-39.065423373,-4.37940108799998],[-39.0584491469999,-4.37543228899996],[-39.062401892,-4.37402944399997],[-39.069025644,-4.367493359],[-39.0730907719999,-4.36667586599994],[-39.0727440289999,-4.36550840899998],[-39.066121103,-4.36340826299993],[-39.064027889,-4.36434334199995],[-39.06251629,-4.36235823799992],[-39.070998685,-4.3546538539999],[-39.070534451,-4.35278600299999],[-39.063583809,-4.35871273600001],[-39.0608896149999,-4.35710479799993],[-39.057984351,-4.36130709099998],[-39.057638917,-4.36515798199994],[-39.056590843,-4.36177446499993],[-39.050432361,-4.35885594999996],[-39.049850733,-4.35687148],[-39.0515929089999,-4.35336943199994],[-39.0389266729999,-4.34951878399992],[-39.03811369,-4.34671829299995],[-39.0366020869999,-4.34625109999993],[-39.0336984139999,-4.33562891399989],[-39.0250975579999,-4.33107616499995],[-39.0276542569999,-4.32827481699999],[-39.0256784929999,-4.32570685599998],[-39.026259806,-4.31846928699995],[-39.0309082739999,-4.32021985300002],[-39.0381109649999,-4.31928598299993],[-39.0369498159999,-4.31706848299994],[-39.0378794069999,-4.31496785599997],[-39.0354389579999,-4.31193095399995],[-39.037644792,-4.30714589899998],[-39.046155734,-4.30935809499997],[-39.0456428439999,-4.30007074499998],[-39.040273633,-4.29894887999996],[-39.040932398,-4.29708528799996],[-39.0392297449999,-4.29653252599997],[-39.0394552339999,-4.29498433099996],[-39.036675298,-4.29432016099997],[-39.037922851,-4.29232983699996],[-39.035426962,-4.29221918399994],[-39.0361077319999,-4.29056159199993],[-39.04138563,-4.28912314999993],[-39.0405908119999,-4.28790811299995],[-39.0282762619999,-4.28857288599998],[-39.026630844,-4.29011941099994],[-39.0216355319999,-4.28868383699991],[-39.0219147679999,-4.28723823599995],[-39.0277074289999,-4.28591811499997],[-39.029466589,-4.28027798199994],[-39.0325310319999,-4.27817826899994],[-39.0309424169999,-4.27519206499995],[-39.0260069379999,-4.27364433499996],[-39.0223745199999,-4.27685091999998],[-39.0201586359999,-4.27696198599992],[-39.018683408,-4.27275985899997],[-39.0145413259999,-4.26977449299996],[-39.015108959,-4.26468834999995],[-39.0121013869999,-4.26701117899994],[-39.013121891,-4.27419733599989],[-39.0105687349999,-4.276408783],[-39.012329322,-4.28591770299992],[-39.0113079659999,-4.28879307399997],[-39.010457651,-4.28525342199994],[-39.0073901849999,-4.28215799399997],[-39.0063123269999,-4.27596698299995],[-39.003929536,-4.27386415199994],[-39.007390545,-4.27275959899994],[-39.003272726,-4.26465547099997],[-39.0039283079999,-4.26280783199995],[-39.000351718,-4.26015612299996],[-38.9981967939999,-4.26115000600003],[-38.997289142,-4.26457649399993],[-38.995700853,-4.264798315],[-38.9940541729999,-4.264465561],[-38.9955304699999,-4.26048659099993],[-38.9922378369999,-4.26114933599996],[-38.9939972679999,-4.25838427599997],[-39.00188591,-4.253519721],[-39.0113616179999,-4.25418358699995],[-39.019251126,-4.25761091499993],[-39.0201587389999,-4.25672457299995],[-39.019251145,-4.25473619199993],[-39.014994916,-4.25296645299996],[-39.009093228,-4.25153044999998],[-39.0054610049999,-4.252193979],[-39.003475781,-4.2499825809999],[-38.9975731419999,-4.24987058499996],[-38.9961544689999,-4.25186034199992],[-38.994564876,-4.24909688399989],[-38.9983107339999,-4.24500664299994],[-38.998749596,-4.2388830159999],[-39.0032110479999,-4.23330535899991],[-39.010203055,-4.23641940399999],[-39.011801353,-4.234863052],[-39.011933198,-4.2296716989999],[-39.021924519,-4.23058114100001],[-39.026851004,-4.22772598199993],[-39.0193254229999,-4.22305414299992],[-39.0157972529999,-4.2243507269999],[-39.014597733,-4.22629862699995],[-39.009537354,-4.22565040899996],[-39.008404945,-4.22720675099997],[-39.0062748929999,-4.22694830299999],[-39.0052098369999,-4.22227597599993],[-39.007138908,-4.22020016099996],[-39.0066718899999,-4.21254472199998],[-38.997817382,-4.20644526999997],[-38.99262278,-4.20709525399993],[-38.9915572629999,-4.20514980799991],[-38.982834122,-4.20463037499999],[-38.9804370129999,-4.20255270899996],[-38.9818366639999,-4.19879079],[-38.979970094,-4.19814308099996],[-38.9793706179999,-4.19424875599997],[-38.9764399369999,-4.19812371199996],[-38.975309265,-4.18659481799995],[-38.973312756,-4.18711295699994],[-38.972712556,-4.18970748399992],[-38.9711145709999,-4.19048563599993],[-38.9692510829999,-4.19009691199993],[-38.9693830059999,-4.18763101699999],[-38.9672526079999,-4.18776102399992],[-38.9669195599999,-4.18594494400002],[-38.9641231359999,-4.18724204899996],[-38.9623906749999,-4.19061617299998],[-38.9596613359999,-4.18880015199991],[-38.9621915359999,-4.18503687799993],[-38.9611262909999,-4.18334976799995],[-38.952137733,-4.18360846199996],[-38.956600896,-4.17828736199996],[-38.955666627,-4.17764136499998],[-38.9571987919999,-4.17413579299991],[-38.9565331469999,-4.17154256499994],[-38.9603949249999,-4.172060883],[-38.961660458,-4.16998505399995],[-38.960461696,-4.16116105000002],[-38.9577323029999,-4.15558143799995],[-38.9578654329999,-4.15298635299999],[-38.960063259,-4.15039083199999],[-38.9588646579999,-4.14455192499996],[-38.9554714699999,-4.14052977699996],[-38.954669857,-4.13702479499996],[-38.947546766,-4.13676706199993],[-38.9479787769999,-4.13145970800002],[-38.9463065029999,-4.13312036899992],[-38.9436924269999,-4.13171638499994],[-38.9411214019999,-4.13312126700001],[-38.93571278,-4.13065874200001],[-38.936116362,-4.13373470799996]]]}},{"type":"Feature","properties":{"id":"230009","state":"CE","stateCode":"23"},"geometry":{"type":"Polygon","coordinates":[[[-39.8063987099999,-5.57282901199991],[-39.804745322,-5.57166339199991],[-39.8025688059999,-5.57677497200001],[-39.793448402,-5.57960943399994],[-39.7870008429999,-5.58355852399993],[-39.783755625,-5.58750269299996],[-39.777253266,-5.58867948799998],[-39.775073071,-5.59087133599997],[-39.7723539109999,-5.59067926899998],[-39.771765805,-5.58523243099997],[-39.769577316,-5.58314244399998],[-39.758561657,-5.58223248000001],[-39.750448413,-5.57557642599994],[-39.7450686139999,-5.58176341400001],[-39.7442600899999,-5.59436585199993],[-39.739265099,-5.59763150999994],[-39.737373845,-5.59787731200003],[-39.7373711429999,-5.59612499799991],[-39.7147098359999,-5.59785616699997],[-39.6954481689999,-5.60211165399989],[-39.693024592,-5.60415796599993],[-39.6938582839999,-5.61169779700001],[-39.684106428,-5.61419108199999],[-39.6766413169999,-5.62237365399994],[-39.672268773,-5.61809583199995],[-39.668093613,-5.61683597999999],[-39.664158744,-5.61358102099996],[-39.6621144269999,-5.60949655299995],[-39.6582854929999,-5.61256592399999],[-39.654790879,-5.61276435499997],[-39.641149452,-5.60971453799997],[-39.636924338,-5.60597410299991],[-39.632313662,-5.60621433799999],[-39.630536074,-5.62310440499993],[-39.631073612,-5.62597556299992],[-39.638362645,-5.63462838699996],[-39.6391896499999,-5.63671896399991],[-39.637639135,-5.63964027599995],[-39.6342419419999,-5.63954668799994],[-39.61850358,-5.62769146299994],[-39.6064633199999,-5.62225479199997],[-39.605878722,-5.62079558099995],[-39.6015146379999,-5.62566617699998],[-39.587859029,-5.60724189699993],[-39.5825233869999,-5.61035980999998],[-39.5783503929999,-5.61046176299996],[-39.5714068109999,-5.60759774699997],[-39.5611733239999,-5.61475938599993],[-39.554816536,-5.61617568199995],[-39.5436030509999,-5.61360809699998],[-39.538897811,-5.6154117999999],[-39.5158079729999,-5.62993041200001],[-39.5114422469999,-5.63100518999995],[-39.5082835489999,-5.62862448999997],[-39.500653367,-5.61739406499997],[-39.483616942,-5.61541251399998],[-39.4806151159999,-5.62446373899995],[-39.4825151379999,-5.63453505299997],[-39.4771860819999,-5.64494962099997],[-39.474467861,-5.64631248499992],[-39.471747394,-5.64339631999996],[-39.4692245029999,-5.64378925099997],[-39.465296186,-5.64568979399992],[-39.4626782999999,-5.65016718899992],[-39.4571942839999,-5.65333389299992],[-39.4539431739999,-5.65143906199992],[-39.441472847,-5.65743382799995],[-39.431473715,-5.65491132499997],[-39.437642238,-5.66390539199994],[-39.4439080939999,-5.66969123300003],[-39.45094937,-5.67333502599997],[-39.451195597,-5.67785974099998],[-39.46003828,-5.68816569399996],[-39.463970681,-5.68986559499993],[-39.4700835639999,-5.68587173999996],[-39.4721700869999,-5.68630827699993],[-39.474503719,-5.68922428899998],[-39.475284194,-5.69263096899994],[-39.4733916219999,-5.69540529599991],[-39.473589806,-5.69890731600003],[-39.475473733,-5.70171343299994],[-39.4728045199999,-5.71059357099998],[-39.4713984589999,-5.71220779399997],[-39.4661124469999,-5.71110101699997],[-39.46410402,-5.71362682199997],[-39.4598263889999,-5.713024118],[-39.4632509309999,-5.71715465400001],[-39.4587780069999,-5.72492580799995],[-39.4563653,-5.72533277499995],[-39.457023009,-5.73088008599993],[-39.4559179189999,-5.73299926699993],[-39.4517477429999,-5.7379421169999],[-39.433926841,-5.72807331899996],[-39.326998239,-5.78541493099994],[-39.329895225,-5.78772906199994],[-39.327850211,-5.79164242799989],[-39.3345641229999,-5.80165850199996],[-39.3385896339999,-5.80412647499996],[-39.3388721179999,-5.80707605699994],[-39.3415934639999,-5.80810450499994],[-39.3442102349999,-5.81592565099994],[-39.3417058519999,-5.81977145699992],[-39.3441792879999,-5.82402284299995],[-39.343407058,-5.82869099699995],[-39.34527992,-5.83177626099995],[-39.334584278,-5.83514716699997],[-39.331687754,-5.83391250099996],[-39.325296645,-5.83542598799993],[-39.324031372,-5.84455386599998],[-39.3270329029999,-5.84503273499999],[-39.3293653209999,-5.84784491399996],[-39.333817901,-5.84797157999996],[-39.335899871,-5.85099650599996],[-39.342820004,-5.85126970700001],[-39.351476759,-5.86265399099994],[-39.3552552289999,-5.86306507699993],[-39.353069129,-5.86608381999996],[-39.3496790689999,-5.86546963899993],[-39.3511287259999,-5.86876181199994],[-39.3495118439999,-5.87873848100002],[-39.355266408,-5.87994643999996],[-39.3577038309999,-5.88193397700001],[-39.357399142,-5.89716837299991],[-39.3649206399999,-5.901418054],[-39.3669010969999,-5.90663237299995],[-39.3725869669999,-5.90697267799996],[-39.3757687289999,-5.91074588499995],[-39.371425495,-5.91369637399992],[-39.3658221089999,-5.91431910599992],[-39.3641896199999,-5.91761543000001],[-39.3597087899999,-5.92056817899998],[-39.3606269769999,-5.92468655700002],[-39.356885068,-5.92592511200001],[-39.358829034,-5.92797936899998],[-39.3586181049999,-5.93010814099998],[-39.363742663,-5.93566338099991],[-39.3649471739999,-5.94238781399994],[-39.367599491,-5.94684788999991],[-39.363504625,-5.94993799399999],[-39.362976871,-5.95268333099993],[-39.352523074,-5.9520712079999],[-39.351994208,-5.95371952699998],[-39.355103897,-5.95632613299997],[-39.355101313,-5.96462613399998],[-39.36274508,-5.97478095699999],[-39.362429364,-5.97855589699994],[-39.3669748129999,-5.98790591699996],[-39.364802271,-5.9927044149999],[-39.356195143,-5.99028099299994],[-39.348836803,-5.99402504899993],[-39.34860988,-6.00737488599995],[-39.3462751939999,-6.01011419299993],[-39.343390718,-6.00896699299998],[-39.342191612,-6.00447238499996],[-39.3382774109999,-6.00218859800002],[-39.32733404,-6.00236620199995],[-39.3218082489999,-6.00601828199999],[-39.319193147,-6.00622273200003],[-39.310198094,-6.00110728099997],[-39.3057233399999,-5.99295974299998],[-39.297249692,-5.99019088999994],[-39.295307652,-5.99284602899998],[-39.295445104,-5.99871881999997],[-39.28985998,-5.99909031599998],[-39.2811936149999,-6.00546148500002],[-39.277890495,-6.00525192099997],[-39.272642517,-5.99988667899998],[-39.2661855639999,-5.99745374399994],[-39.2610125859999,-5.99768854899998],[-39.257193449,-5.99560725],[-39.2574398189999,-5.99861392100001],[-39.2493106259999,-5.99676704199997],[-39.243275432,-5.99862109799998],[-39.2405641819999,-5.99561687300001],[-39.23896307,-5.99607774099995],[-39.2395112959999,-6.00095109699994],[-39.2353071909999,-6.00094465800003],[-39.232084425,-5.99170047799996],[-39.229752904,-5.98904957299993],[-39.220527932,-5.99262482799997],[-39.210579013,-5.99134154999994],[-39.2046883899999,-5.98836761999999],[-39.2020015039999,-5.97273948799992],[-39.1978321789999,-5.96495185599994],[-39.1980250939999,-5.95721744899993],[-39.187328921,-5.96083520499994],[-39.1814737809999,-5.96450849899993],[-39.176918677,-5.96423227],[-39.171473008,-5.96174080500001],[-39.1716881669999,-5.963546236],[-39.166586949,-5.96354810299997],[-39.1657846399999,-5.96529108099995],[-39.161389142,-5.95574880199999],[-39.15303019,-5.95933001500002],[-39.1497234109999,-5.95758682400003],[-39.145568612,-5.95823126699996],[-39.143538547,-5.96180992599994],[-39.1443902709999,-5.96704105699996],[-39.142878339,-5.96777620299995],[-39.13763348,-5.96534770700001],[-39.138669722,-5.97181244499995],[-39.1357881189999,-5.97922589199996],[-39.130985388,-5.98385536299995],[-39.1258109759999,-5.980154893],[-39.119775555,-5.97946195999995],[-39.1158333389999,-5.97668665299992],[-39.1130005749999,-5.97738082299998],[-39.114972706,-5.984090093],[-39.113373534,-5.98917934500001],[-39.1067207119999,-5.98386039000002],[-39.102654902,-5.98339920999994],[-39.096744659,-5.98894980399992],[-39.087013688,-5.99265279599998],[-39.078515124,-5.99173162199995],[-39.072498819,-5.99854105699993],[-39.068278795,-5.99793711999995],[-39.064902897,-5.99914482499997],[-39.06072588,-5.99793735799999],[-39.058822567,-6.00761693099999],[-39.060255001,-6.00913089999994],[-39.052293834,-6.025870977],[-39.0459029519999,-6.02514672599994],[-39.0433397829999,-6.02842444099997],[-39.039705667,-6.02338205799994],[-39.033313123,-6.02836288299993],[-39.03006758,-6.02596785299993],[-39.0344153539999,-6.01203342099994],[-39.034026242,-6.00755855099998],[-39.027122708,-6.00969763399995],[-39.0218254859999,-6.00932367899999],[-39.0161151309999,-6.00087552099999],[-39.0135516049999,-6.00592178799998],[-39.0111490909999,-6.00737152099996],[-39.007028954,-6.01865550699993],[-38.9951214539999,-6.02199634999995],[-38.9922967489999,-6.02035542999998],[-38.990934578,-6.02439280399991],[-38.986878876,-6.02880622399994],[-38.98522347,-6.04494422399991],[-38.9835678069999,-6.04860173399993],[-38.985061539,-6.048602308],[-38.987075443,-6.06198773799994],[-38.9855471069999,-6.06228268400003],[-38.987007784,-6.06549792799994],[-38.985516288,-6.06940728699992],[-38.989959928,-6.07785568099996],[-38.988143117,-6.079621075],[-38.9859683289999,-6.07919089199996],[-38.9833724179999,-6.08990194999995],[-38.978278133,-6.09199789499999],[-38.98145693,-6.10230793899997],[-38.978200795,-6.10547658599995],[-38.9776681019999,-6.10799444199992],[-38.9712770939999,-6.10965862199994],[-38.9732187639999,-6.11600963799999],[-38.975859273,-6.11909085400001],[-38.970107535,-6.12016760899993],[-38.969195396,-6.122703929],[-38.973052179,-6.12999123699997],[-38.9738549419999,-6.13446688399992],[-38.986552706,-6.15690786599996],[-38.9837157229999,-6.15907085499996],[-38.9867194069999,-6.16620123699991],[-38.9920259469999,-6.19161062899997],[-39.003637978,-6.22032264400002],[-39.0567046449999,-6.25909837099995],[-39.054711707,-6.29032447899991],[-39.0531920949999,-6.29641191099999],[-39.0601974439999,-6.30381886199998],[-39.0719690379999,-6.31157537899998],[-39.0827787769999,-6.33351266099989],[-39.0943578579999,-6.33507550699998],[-39.101553977,-6.34595647099993],[-39.102280553,-6.35701047299999],[-39.108809153,-6.36225915299993],[-39.121481083,-6.38321750099998],[-39.125181446,-6.38621642499994],[-39.131127507,-6.38696560299994],[-39.1300062669999,-6.391558592],[-39.130384579,-6.40601555399996],[-39.1337146709999,-6.40896425999997],[-39.1386633079999,-6.41075830899998],[-39.1391937079999,-6.41269722600002],[-39.1366928789999,-6.41725856999993],[-39.131123819,-6.4188520029999],[-39.130140872,-6.42659031699997],[-39.136057598,-6.43062399499994],[-39.1405534639999,-6.43761423099992],[-39.1458190279999,-6.44227188500001],[-39.143879418,-6.44977188699991],[-39.1453190799999,-6.45393551699997],[-39.142570152,-6.45486289199997],[-39.13497581,-6.46241642699994],[-39.129199109,-6.46545155699996],[-39.122101691,-6.46676853199997],[-39.118766439,-6.46273527399994],[-39.112103927,-6.46354442699991],[-39.1111303489999,-6.46558256199997],[-39.1073753819999,-6.465004413],[-39.104511959,-6.45732535199997],[-39.102737684,-6.4583166309999],[-39.1020460129999,-6.46145660599992],[-39.0944263439999,-6.45915781499997],[-39.093430994,-6.45772580799995],[-39.095464277,-6.45324277899995],[-39.094627743,-6.45181879499997],[-39.079820807,-6.45164474699997],[-39.0770636889999,-6.44939629],[-39.0618730399999,-6.44572994899995],[-38.957460225,-6.52717492199997],[-38.9197062209999,-6.56545814500002],[-38.921274856,-6.56921882199997],[-38.9213807589999,-6.592141763],[-38.9250548909999,-6.61145417400001],[-38.93285191,-6.61786782799996],[-38.939916351,-6.63051145299993],[-38.948610859,-6.63517671099993],[-38.9513881679999,-6.64415388399991],[-38.9603142,-6.64530309599997],[-38.963090473,-6.64953879299997],[-38.9630908659999,-6.65298791499996],[-38.968995172,-6.65896031699993],[-38.980997719,-6.66336804799997],[-38.9985234539999,-6.65886588399994],[-39.0005007679999,-6.66039900099996],[-39.0034718839999,-6.65883356399993],[-39.007683728,-6.65883294899997],[-39.018408438,-6.66145221999999],[-39.0264859759999,-6.66768017699997],[-39.034689181,-6.66962805099993],[-39.038677236,-6.67310956699995],[-39.0423514249999,-6.67288575799999],[-39.047426236,-6.67604575799998],[-39.047935329,-6.66908465399998],[-39.0535530129999,-6.65994976500002],[-39.0614380659999,-6.66387611099999],[-39.0639285189999,-6.66751602199998],[-39.064152765,-6.67201987599994],[-39.060163584,-6.67601339099997],[-39.0579010009999,-6.68331981599992],[-39.053691672,-6.68297043699997],[-39.05024302,-6.68504809799992],[-39.0450805239999,-6.69596678699997],[-39.05430471,-6.69640365999997],[-39.0559937619999,-6.69943833499996],[-39.0630773389999,-6.69977981099989],[-39.0705575699999,-6.70569538999995],[-39.0826957619999,-6.70580923399996],[-39.0864152,-6.71080147599994],[-39.091384164,-6.71280231],[-39.0939152999999,-6.71172145699993],[-39.0962727469999,-6.713577205],[-39.0993056239999,-6.71268612399999],[-39.1093884199999,-6.71453538099997],[-39.111065285,-6.71231936599994],[-39.115302587,-6.71075624],[-39.1248015909999,-6.71281479999989],[-39.130385406,-6.70926535099993],[-39.1298053299999,-6.702873789],[-39.1322216139999,-6.69935900799999],[-39.129776201,-6.69212324900001],[-39.13204703,-6.68891575],[-39.1354968879999,-6.68828218099999],[-39.1332789899999,-6.68565067499995],[-39.1424170819999,-6.67658569199997],[-39.144497097,-6.67189365299988],[-39.147165037,-6.67252207799993],[-39.150472142,-6.67128778099993],[-39.152969174,-6.67446930899993],[-39.155162955,-6.67313074299993],[-39.161633826,-6.67490653299994],[-39.174685176,-6.67116105599993],[-39.1717319919999,-6.66308851599992],[-39.173166005,-6.65961315999997],[-39.176560422,-6.65767784699996],[-39.174680321,-6.65631957699993],[-39.175409125,-6.65370797199994],[-39.173791371,-6.65052047099992],[-39.1764011329999,-6.64811486599999],[-39.174311021,-6.64560713499999],[-39.1756675889999,-6.64299530799998],[-39.1838654849999,-6.641371286],[-39.173258935,-6.62533257399997],[-39.174353988,-6.62057767399992],[-39.1772767619999,-6.6202628209999],[-39.1776951899999,-6.61817096399993],[-39.18098491,-6.61843138099997],[-39.178581526,-6.61331098199997],[-39.1860491149999,-6.61377933200001],[-39.191896405,-6.6125232659999],[-39.1945594869999,-6.60985758299996],[-39.209873746,-6.60781322],[-39.215063753,-6.59624581799992],[-39.222018681,-6.59424822899992],[-39.222227827,-6.59236006999994],[-39.219990943,-6.58983872399997],[-39.225859248,-6.58883877200001],[-39.228723986,-6.58456853599999],[-39.239828155,-6.58360748599997],[-39.2946284129999,-6.56272452599995],[-39.2956428369999,-6.56428104899997],[-39.29461868,-6.56736252499994],[-39.300438676,-6.57532870899995],[-39.3083095269999,-6.58015788999992],[-39.3094240719999,-6.58452333599999],[-39.3131865919999,-6.5848196979999],[-39.31370987,-6.5983441449999],[-39.3168771059999,-6.60137893900001],[-39.317218819,-6.60403089899996],[-39.311147201,-6.60707436899997],[-39.308414365,-6.61075709099997],[-39.3025875109999,-6.60877099099995],[-39.296917637,-6.60880856799994],[-39.2912518739999,-6.61817001699993],[-39.280636748,-6.62839445199992],[-39.2798075909999,-6.62948307100003],[-39.2838115319999,-6.63382187099992],[-39.2814156729999,-6.64148667399995],[-39.281582379,-6.64850599299996],[-39.2898089199999,-6.65649609099997],[-39.2916071179999,-6.66721209199996],[-39.2908061309999,-6.67481787199999],[-39.30405132,-6.68168395000002],[-39.308397118,-6.68569041699996],[-39.313578966,-6.68664355399993],[-39.3149567129999,-6.68457729999995],[-39.3170252529999,-6.68457398499995],[-39.315822376,-6.68879783299993],[-39.3168555479999,-6.69138234799991],[-39.319959566,-6.69362203099995],[-39.319104328,-6.70301613099997],[-39.3296243519999,-6.71680263299989],[-39.3270403029999,-6.71826965799995],[-39.327729846,-6.71930333999993],[-39.3291101669999,-6.72068036699992],[-39.3320381619999,-6.72033426899997],[-39.336694467,-6.72507181000002],[-39.334972589,-6.72627735799992],[-39.3356637589999,-6.72938324699996],[-39.3301523009999,-6.73102272499998],[-39.328603922,-6.73550644699997],[-39.325330164,-6.73705920399993],[-39.316200173,-6.73715179799995],[-39.3122345849999,-6.73948232099997],[-39.2982744769999,-6.73414786599993],[-39.302586376,-6.74009210299995],[-39.2968992359999,-6.73957938199992],[-39.3008350969999,-6.75381400299996],[-39.313529565,-6.75825935999998],[-39.3295833869999,-6.77115786199998],[-39.3385798619999,-6.76587810599992],[-39.348579026,-6.76934620600001],[-39.353776311,-6.76173536299999],[-39.3596380359999,-6.77128647999996],[-39.3617943149999,-6.76997453799995],[-39.365793018,-6.75871885899999],[-39.3675019289999,-6.76318418799996],[-39.382382591,-6.76983856999996],[-39.382784413,-6.76524423799998],[-39.3871900559999,-6.76618134099996],[-39.39891874,-6.75555447199999],[-39.4029750929999,-6.76009286599998],[-39.4055261289999,-6.76629403299997],[-39.4214956489999,-6.77461309599996],[-39.417845878,-6.77873768399999],[-39.4192456159999,-6.78081096200002],[-39.4171494589999,-6.78317250499994],[-39.424980784,-6.786848647],[-39.4317862789999,-6.78691706599995],[-39.4425586959999,-6.78989792099994],[-39.448799513,-6.78692729700001],[-39.4503985959999,-6.78025822399994],[-39.452745493,-6.77830144299995],[-39.4632079639999,-6.77819308699995],[-39.46796148,-6.77539769599996],[-39.467170459,-6.77146226699992],[-39.4715312489999,-6.77070405799998],[-39.4703497249999,-6.76873591599995],[-39.47464263,-6.76489325699989],[-39.4785025179999,-6.75583475099992],[-39.482866389,-6.75802808199993],[-39.4885692759999,-6.75244587699991],[-39.495619217,-6.75174973099996],[-39.5019258419999,-6.75502309799999],[-39.5067224909999,-6.76952157199995],[-39.5099397939999,-6.772667574],[-39.5123555979999,-6.77802898699998],[-39.5446133869999,-6.769250675],[-39.5494434989999,-6.777968232],[-39.5550310069999,-6.776031685],[-39.556638337,-6.77674453],[-39.559365482,-6.78979473499993],[-39.5610843209999,-6.79065033699995],[-39.567563008,-6.78890796699993],[-39.569330813,-6.790266637],[-39.571088494,-6.79445610299997],[-39.5678950619999,-6.79738434599996],[-39.5695207709999,-6.804177452],[-39.5679199859999,-6.81671387099995],[-39.5753587249999,-6.81808007900001],[-39.5737455119999,-6.82066975699996],[-39.5789327549999,-6.83238864699998],[-39.567296789,-6.83782255899999],[-39.5674644429999,-6.84283528499997],[-39.571021886,-6.84258968799997],[-39.5705416959999,-6.84647155300001],[-39.5747417299999,-6.84306972199989],[-39.5758741859999,-6.84371483699991],[-39.575555807,-6.84719102599993],[-39.587444585,-6.84970759099995],[-39.587674189,-6.84014327999996],[-39.5897690779999,-6.831161955],[-39.5955892739999,-6.83212712900001],[-39.6001135999999,-6.82718659399996],[-39.600429305,-6.822980157],[-39.5970221709999,-6.81352337399993],[-39.6009007609999,-6.81157945199995],[-39.601379517,-6.806644406],[-39.603963657,-6.80437611999998],[-39.605582243,-6.80534648199999],[-39.6060637849999,-6.80162365099999],[-39.608648289,-6.80121662099996],[-39.61074909,-6.79814126999996],[-39.609568029,-6.79193979799996],[-39.616845941,-6.79036772800002],[-39.6128246269999,-6.78037399100002],[-39.6070841419999,-6.77075050599993],[-39.6043805849999,-6.76881857099995],[-39.6001945989999,-6.75674037099998],[-39.601072125,-6.75423234899995],[-39.5977498829999,-6.75013130599998],[-39.6106988569999,-6.74829510299993],[-39.610813358,-6.74578703399991],[-39.605194132,-6.7383845269999],[-39.6068359209999,-6.73633153599994],[-39.619473307,-6.74212846699998],[-39.6255795449999,-6.73972823299996],[-39.625838409,-6.7360240799999],[-39.62765789,-6.73419696099998],[-39.6350343769999,-6.73908835899997],[-39.6398218199999,-6.73817042999994],[-39.6417033079999,-6.73924962299998],[-39.6458698459999,-6.73776296599991],[-39.641842706,-6.73303891900001],[-39.642687493,-6.72819492699997],[-39.639100038,-6.72443719299998],[-39.63888935,-6.72147303999995],[-39.64625633,-6.71605119899998],[-39.646443378,-6.70425512899989],[-39.6484978859999,-6.7020868029999],[-39.646757984,-6.69650437599994],[-39.6492456889999,-6.691486487],[-39.647947222,-6.68550516699999],[-39.650845749,-6.678832749],[-39.649196844,-6.67513309199997],[-39.6518102409999,-6.67524284699997],[-39.6531005469999,-6.67347463899996],[-39.6555072099999,-6.67426897799995],[-39.657353935,-6.67027660599994],[-39.6551757449999,-6.66577856799992],[-39.65950857,-6.65778796300003],[-39.6586398039999,-6.65168536799992],[-39.6648765969999,-6.64390226299996],[-39.666116975,-6.63737886099996],[-39.6700826799999,-6.64021781699993],[-39.6764164919999,-6.64095874699996],[-39.688087972,-6.63735064799995],[-39.689383476,-6.63943926],[-39.697099609,-6.64227109599992],[-39.699084695,-6.64469149299991],[-39.7027444289999,-6.643767356],[-39.7032588189999,-6.64150906299993],[-39.705557145,-6.64026944099994],[-39.7055806299999,-6.63824307799998],[-39.7129433569999,-6.63522500700002],[-39.719193387,-6.63789191199997],[-39.7198850789999,-6.63981289699993],[-39.721523047,-6.64022901899997],[-39.7232868739999,-6.63771935699998],[-39.730612708,-6.64063138599997],[-39.7351329069999,-6.63769921999992],[-39.7394944019999,-6.63243415199995],[-39.7389285489999,-6.62489104699995],[-39.7344306649999,-6.6178756739999],[-39.7384766019999,-6.6114079619999],[-39.763348727,-6.62535852799991],[-39.774105348,-6.627961748],[-39.772299107,-6.63391260999998],[-39.7772398019999,-6.63894538099991],[-39.7784892389999,-6.64286603099993],[-39.777974668,-6.64640750399996],[-39.7754999699999,-6.64996274799996],[-39.775564364,-6.65707523199994],[-39.782529146,-6.66849651900002],[-39.7955840589999,-6.67283797799996],[-39.8106972699999,-6.68810708499999],[-39.8294723289999,-6.69695531899995],[-39.8326397039999,-6.69985873699994],[-39.836684282,-6.69589285399997],[-39.8339405729999,-6.69064220699994],[-39.836726914,-6.68828809099994],[-39.8358774159999,-6.68563568699995],[-39.8383258689999,-6.67946949899993],[-39.8480161559999,-6.68011823699997],[-39.8490240199999,-6.67539799299994],[-39.852941308,-6.67454744799989],[-39.858609267,-6.67904379199997],[-39.8647789169999,-6.68015960699992],[-39.865064813,-6.67713204399997],[-39.8662955599999,-6.67656745799999],[-39.870218595,-6.67944618799997],[-39.8766786269999,-6.68084310499998],[-39.87754248,-6.67633514299993],[-39.874555243,-6.670567123],[-39.887051511,-6.6785719339999],[-39.900921486,-6.68453148499999],[-39.90259471,-6.68755604699995],[-39.910682745,-6.68829914299996],[-39.9121611949999,-6.68963040299999],[-39.9130454879999,-6.68810311499992],[-39.921030592,-6.69630162699996],[-39.924670845,-6.69638882999989],[-39.9273321849999,-6.69848470700003],[-39.9296926009999,-6.69790567499999],[-39.9343258629999,-6.70200369199994],[-39.935515606,-6.70667968399995],[-39.940447009,-6.71240063999992],[-39.9422177759999,-6.71258697499996],[-39.943294732,-6.70914741099994],[-39.9451661109999,-6.71019380699992],[-39.9459488259999,-6.70799593199999],[-39.951261035,-6.70626568399998],[-39.952633807,-6.703782842],[-39.957547357,-6.70138513699992],[-39.963157402,-6.70156726199999],[-39.9619704069999,-6.69889461799993],[-39.96334585,-6.69755627899994],[-39.963143405,-6.69469223199992],[-39.9688517829999,-6.69534772399992],[-39.972376674,-6.68655886199997],[-39.9813332089999,-6.68749460499993],[-39.9814276869999,-6.68539584899999],[-39.9760063649999,-6.68034482199997],[-39.976790802,-6.67900574399992],[-39.9747123849999,-6.67299574599994],[-39.9759832069999,-6.66898546099996],[-39.985730793,-6.67230553599995],[-39.987125846,-6.68041849799994],[-39.9887991059999,-6.68156112799998],[-39.9926427629999,-6.68327153699992],[-40.000809518,-6.68392237299995],[-40.0052160289999,-6.68681687499998],[-40.008616576,-6.68721127899992],[-40.0140812359999,-6.67772992199997],[-40.021414312,-6.67876675699995],[-40.021443067,-6.67467747900002],[-40.029344158,-6.67650213599998],[-40.0299799849999,-6.67197164599993],[-40.0336282,-6.67343661799993],[-40.040426133,-6.67317197599996],[-40.0421840989999,-6.67758840899998],[-40.04692806,-6.68268464199993],[-40.0520167809999,-6.67995295199997],[-40.0488534839999,-6.6744766259999],[-40.0540198109999,-6.67600970800001],[-40.056864167,-6.67441911199995],[-40.055790509,-6.66926379299997],[-40.051040729,-6.66137756099992],[-40.047603308,-6.65834125499996],[-40.044362325,-6.65042912199991],[-40.0382392769999,-6.64231086599994],[-40.0369329379999,-6.63758728899999],[-40.040365271,-6.62759899799992],[-40.0466270749999,-6.62600291599991],[-40.054788274,-6.62653585799996],[-40.057440565,-6.62417406099994],[-40.055694887,-6.611385422],[-40.05224114,-6.60672458299999],[-40.0408193929999,-6.60111336699997],[-40.045206192,-6.59121277099995],[-40.0442236749999,-6.58870988799989],[-40.034654279,-6.58739468299997],[-40.026079602,-6.58171586599995],[-40.0268401359999,-6.57632759499999],[-40.0306039049999,-6.569660552],[-40.030467527,-6.56319523599994],[-40.035181699,-6.55871774699991],[-40.0352750769999,-6.55635225899994],[-40.031232288,-6.54791680800002],[-40.0314717439999,-6.54323390099996],[-40.0346473199999,-6.54033390699992],[-40.0409573859999,-6.53882491499995],[-40.041752907,-6.53170701399997],[-40.051888585,-6.52196591599992],[-40.052278394,-6.51843689099995],[-40.050156918,-6.5150838559999],[-40.053435603,-6.51164640999996],[-40.0564187219999,-6.51096367799997],[-40.056736224,-6.50829379999995],[-40.059523352,-6.50673139499998],[-40.058222802,-6.50412359099996],[-40.0601311159999,-6.50032666199995],[-40.0554171649999,-6.49572245599993],[-40.0596994099999,-6.490507425],[-40.0549278979999,-6.48753367699989],[-40.057080676,-6.48171422599997],[-40.0565754209999,-6.47827983299994],[-40.05328815,-6.47688369499997],[-40.05300812,-6.47406080799989],[-40.049622369,-6.47372796799999],[-40.04807378,-6.471217505],[-40.0488895399999,-6.46824288399991],[-40.052323066,-6.46751280099991],[-40.050649283,-6.46449640399991],[-40.051439527,-6.46217217399998],[-40.04874944,-6.46083081499992],[-40.050707599,-6.45664494299997],[-40.0481152779999,-6.45481417699994],[-40.0496808409999,-6.45348065299992],[-40.044939373,-6.44764483299996],[-40.045405044,-6.44553869699995],[-40.038552946,-6.440314831],[-40.0339326369999,-6.44346504299996],[-40.032934562,-6.44303257799989],[-40.0335510859999,-6.44034889399996],[-40.0298241459999,-6.44291825599993],[-40.028594501,-6.43820775599993],[-40.0346486069999,-6.43201773099997],[-40.0472463339999,-6.42395599299997],[-40.0600202429999,-6.41880992199997],[-40.0640838429999,-6.41451128900001],[-40.067252578,-6.40643569699993],[-40.076521101,-6.40025434699997],[-40.0846614439999,-6.37729862799999],[-40.0846206579999,-6.36146572999993],[-40.077657109,-6.35466010599994],[-40.071993334,-6.35525719599997],[-40.0716104599999,-6.35276642699993],[-40.073107278,-6.34925357599998],[-40.079459939,-6.34944854299994],[-40.080586149,-6.34629144499994],[-40.079525065,-6.34446046399997],[-40.0760482589999,-6.344540192],[-40.0715106989999,-6.34132407599998],[-40.0651421659999,-6.32974826899991],[-40.063928195,-6.32623156800001],[-40.0652779179999,-6.32153385099997],[-40.0635941749999,-6.31126950499989],[-40.062003645,-6.30958670400002],[-40.061851619,-6.30501163799991],[-40.057611455,-6.30166082899997],[-40.0576041629999,-6.29840766899999],[-40.0546555349999,-6.29918962499994],[-40.0515945239999,-6.30217236999994],[-40.047561323,-6.30028651699995],[-40.049789021,-6.29819162099997],[-40.051930934,-6.29230292499991],[-40.051366641,-6.28951604499997],[-40.048649941,-6.28665757499991],[-40.0512754819999,-6.28332161199993],[-40.050020902,-6.28018387299993],[-40.048794631,-6.27929980999996],[-40.042585071,-6.28178902099997],[-40.0401842889999,-6.27978061999996],[-40.0288631,-6.27988258899997],[-40.0270256479999,-6.27833694399997],[-40.0267747939999,-6.27276367899999],[-40.021733496,-6.267523296],[-40.021343682,-6.2654986389999],[-40.0252921139999,-6.25453592299994],[-40.019214791,-6.240234963],[-40.021356709,-6.23151681599994],[-40.0153272209999,-6.22268067599988],[-40.0007497669999,-6.215874174],[-39.986931123,-6.22078140499994],[-39.9741292729999,-6.21447841999997],[-39.96597463,-6.20555935399991],[-39.948040691,-6.19647884699998],[-39.9440757979999,-6.19750103099991],[-39.942531715,-6.19486509699995],[-39.9398696019999,-6.19403513599994],[-39.9343613619999,-6.19574296799993],[-39.9260785499999,-6.19583087699993],[-39.9153952729999,-6.18955670899993],[-39.915544977,-6.18792978499997],[-39.9185082609999,-6.18600643799992],[-39.918734489,-6.18224570099997],[-39.9066489499999,-6.167705278],[-39.8956231019999,-6.15989052999992],[-39.8939605269999,-6.15587885499999],[-39.8945768149999,-6.15393474799989],[-39.899615362,-6.14835969599994],[-39.901068418,-6.14271459299995],[-39.89222551,-6.12985697399995],[-39.8973379609999,-6.12233489799993],[-39.8916613229999,-6.11433561199993],[-39.893866609,-6.113686709],[-39.8939819389999,-6.111501447],[-39.8894217709999,-6.10358184499994],[-39.889899098,-6.09846077399997],[-39.8991533279999,-6.0926151109999],[-39.9044634029999,-6.09265065700001],[-39.905255595,-6.08546046099998],[-39.909373705,-6.08328253500001],[-39.9114910439999,-6.08021873699991],[-39.9181625529999,-6.08254612699993],[-39.926037422,-6.09312310799994],[-39.928202127,-6.09290571599999],[-39.935768106,-6.09697917999997],[-39.942278839,-6.10440911599992],[-39.947672623,-6.10469957999996],[-39.9532862149999,-6.09977670699996],[-39.956970432,-6.10009044699999],[-39.9566225949999,-6.09835048600001],[-39.9636492819999,-6.09349542400001],[-39.96342627,-6.08881440299996],[-39.9559987199999,-6.08260944300001],[-39.9504338949999,-6.07994647599994],[-39.9490465659999,-6.08224065499997],[-39.944556464,-6.07991048299998],[-39.935101896,-6.07975330199993],[-39.9303354159999,-6.07414486199996],[-39.921110244,-6.06816234799996],[-39.915898258,-6.06180193899995],[-39.9104641499999,-6.05844027799996],[-39.9101901999999,-6.05547315999995],[-39.90564658,-6.04905278499995],[-39.907841984,-6.04711737499996],[-39.905544903,-6.04195237300001],[-39.906253203,-6.03664701999998],[-39.889651248,-6.03442759199993],[-39.885270442,-6.02727542299995],[-39.88689705,-6.02476645500001],[-39.8832561079999,-6.02032428699999],[-39.872331077,-6.01425240199995],[-39.871251088,-6.01227087499996],[-39.8740717989999,-6.00592348199994],[-39.868695695,-6.00616445199999],[-39.867362328,-6.00244350699996],[-39.863164964,-6.00139446699994],[-39.862796945,-5.99549150099993],[-39.857120285,-5.9919069],[-39.855671286,-5.987148218],[-39.8529728719999,-5.98672073799997],[-39.8534068969999,-5.98997728399993],[-39.8476134369999,-5.99001567299992],[-39.841995375,-5.98551008899999],[-39.842637178,-5.98370893999992],[-39.8453953579999,-5.98302913199997],[-39.8449015889999,-5.98118724999999],[-39.841370958,-5.97790606799991],[-39.8351449779999,-5.97628694099998],[-39.8322124869999,-5.96342076299991],[-39.835996563,-5.95131566199994],[-39.8342994069999,-5.94489845299993],[-39.837189401,-5.92919703500002],[-39.8380145289999,-5.92849064399999],[-39.8497646849999,-5.93347796900001],[-39.850617324,-5.93022015199992],[-39.8538338609999,-5.92871087899992],[-39.8536708269999,-5.92229279399993],[-39.8600727249999,-5.91997900299998],[-39.866777194,-5.91330552300001],[-39.87054625,-5.913021085],[-39.871523578,-5.91093192699997],[-39.8747107739999,-5.90988149899994],[-39.877623216,-5.91009295600001],[-39.876910648,-5.90582236499999],[-39.870345543,-5.90202479600001],[-39.869144487,-5.89861677499993],[-39.862307334,-5.89730872399998],[-39.8655814809999,-5.89309533199998],[-39.861069444,-5.88969284799991],[-39.8679669169999,-5.88971069399996],[-39.870734595,-5.88253693799997],[-39.8770013569999,-5.88493799699995],[-39.8910143319999,-5.89654355999991],[-39.9059563669999,-5.89717726099993],[-39.9111940869999,-5.90086840899998],[-39.914514273,-5.90137155399996],[-39.920883276,-5.89718205299998],[-39.923115062,-5.89315689699991],[-39.92587285,-5.89235338399996],[-39.927306659,-5.88851139399994],[-39.9323029519999,-5.88939429899999],[-39.934443958,-5.88625711699995],[-39.938456945,-5.884621744],[-39.9394364419999,-5.88302451699999],[-39.938570267,-5.87995241600001],[-39.9435081439999,-5.88188051199993],[-39.9530335529999,-5.87722663099988],[-39.953977965,-5.87356973899993],[-39.9598307959999,-5.87309944600001],[-39.959706731,-5.87162616599997],[-39.944179116,-5.86114778699992],[-39.9405046819999,-5.86262764299998],[-39.938257308,-5.85707088199994],[-39.9324590569999,-5.85434777899996],[-39.932269923,-5.85103240799999],[-39.9242215579999,-5.83955743099992],[-39.9240319799999,-5.83593394699995],[-39.920376674,-5.8325916379999],[-39.92543542,-5.83200050899994],[-39.93538575,-5.82630182899996],[-39.9487175699999,-5.82594146899989],[-39.950674974,-5.82347881599998],[-39.950212929,-5.82203697199996],[-39.956492925,-5.82082929299997],[-39.95808172,-5.81793777499999],[-39.960777358,-5.81670654899998],[-39.966792297,-5.82222438599992],[-39.9751585919999,-5.82162808599997],[-39.986023659,-5.81371532599994],[-39.987823977,-5.80790430100001],[-39.985026573,-5.80382632399992],[-39.985753937,-5.79897237399993],[-39.987736039,-5.79353015499995],[-39.990583138,-5.79103889299997],[-39.9913315969999,-5.78129970499997],[-39.9949737359999,-5.77936574599993],[-40.0066481709999,-5.7773699919999],[-40.009286417,-5.77462115699992],[-40.0075948369999,-5.768698655],[-40.003548824,-5.76389188699992],[-40.0031103639999,-5.75931711099994],[-40.0048259929999,-5.75237799199993],[-40.0077499699999,-5.74789465599997],[-40.00292315,-5.73576558299994],[-40.0037866099999,-5.73441662399997],[-40.00715241,-5.73575972999991],[-40.008543415,-5.73484052499998],[-40.006296995,-5.71786416199999],[-40.014950835,-5.70768289899993],[-40.017157185,-5.70770952799993],[-40.0185108479999,-5.70982787099997],[-40.021835433,-5.71086657900002],[-40.0332347089999,-5.70525925499996],[-40.036271037,-5.70205916399995],[-40.0379225729999,-5.69443805399999],[-40.04175179,-5.688986202],[-40.0429684009999,-5.68107261199997],[-40.0468674699999,-5.67525744799998],[-40.0498344049999,-5.67430957099996],[-40.05011768,-5.67111377199994],[-40.0427924049999,-5.66408773300002],[-40.0435110239999,-5.66147326299996],[-40.039953862,-5.65661781899996],[-40.037187652,-5.64762111399995],[-40.0332006229999,-5.64479762099992],[-40.034496443,-5.64116617],[-40.024574628,-5.64096551699994],[-40.0219011139999,-5.64321968499999],[-40.0197221069999,-5.63901453299998],[-40.022976404,-5.63719380599994],[-40.022683062,-5.63559779699998],[-40.0161592029999,-5.63183523499996],[-40.011299348,-5.62596379699989],[-40.004857229,-5.628516615],[-39.9992974679999,-5.62868916199999],[-39.9907519229999,-5.63406832399991],[-39.988053505,-5.63165130699992],[-39.9846965069999,-5.63179864999996],[-39.9818753979999,-5.63473314199994],[-39.9736177689999,-5.63095223199999],[-39.9686225349999,-5.63266406899997],[-39.9664853449999,-5.63159441100002],[-39.963308395,-5.61832155699996],[-39.960009789,-5.61852123099996],[-39.958409819,-5.61944732299994],[-39.958127466,-5.62538294099999],[-39.9551711709999,-5.62845353799994],[-39.9580928869999,-5.63350854799994],[-39.952326866,-5.63969593199996],[-39.9482958359999,-5.63731984399991],[-39.9416928359999,-5.63713433499993],[-39.939989614,-5.63309955199995],[-39.932080457,-5.63345337600001],[-39.9385240009999,-5.62736233399999],[-39.937452199,-5.62463774399998],[-39.928566233,-5.62149150399997],[-39.9261417689999,-5.62227338000001],[-39.9259076779999,-5.62777026199999],[-39.923678709,-5.62952432899991],[-39.925677295,-5.63443425999999],[-39.924417806,-5.63696708500003],[-39.9187875169999,-5.63658728799996],[-39.911662364,-5.64122043099996],[-39.9079715969999,-5.64083774899991],[-39.8996612519999,-5.63301830699998],[-39.8937832459999,-5.62986420599997],[-39.877329016,-5.62808945599992],[-39.878069098,-5.63601813299993],[-39.87608284,-5.63879398899992],[-39.8642733219999,-5.62738033499996],[-39.859806155,-5.626411382],[-39.8549569569999,-5.62885276000002],[-39.851216142,-5.62559734799997],[-39.8493650119999,-5.62161221400001],[-39.8495960329999,-5.61299976899992],[-39.8457097199999,-5.60989309899999],[-39.8478846909999,-5.60361402999995],[-39.8415214289999,-5.60055829699999],[-39.82366707,-5.56920557899995],[-39.8162404729999,-5.56751104499999],[-39.810616325,-5.57199552699996],[-39.8063987099999,-5.57282901199991]]]}},{"type":"Feature","properties":{"id":"230015","state":"CE","stateCode":"23"},"geometry":{"type":"Polygon","coordinates":[[[-40.5102174099999,-3.10827555899997],[-40.5075727839999,-3.11525205099998],[-40.4985928749999,-3.120161208],[-40.4820160769999,-3.12247215599999],[-40.480866808,-3.12505234799996],[-40.4747327799999,-3.1297191369999],[-40.4730401189999,-3.13325135199995],[-40.463624787,-3.13837773699991],[-40.4625657949999,-3.14119105199999],[-40.4544521049999,-3.14891539699998],[-40.4522061049999,-3.15698925100001],[-40.455207204,-3.16737417199994],[-40.45365075,-3.1768651969999],[-40.447367791,-3.18321545999997],[-40.4424800249999,-3.19489762699996],[-40.438097149,-3.19691718099999],[-40.4351480659999,-3.20017879999995],[-40.432033476,-3.21220849699999],[-40.429737229,-3.21574837699995],[-40.428006774,-3.21796198599998],[-40.421560635,-3.21888975699991],[-40.4222595229999,-3.225108199],[-40.418536794,-3.23164014],[-40.418230838,-3.23827817499997],[-40.4132633779999,-3.239567737],[-40.410704155,-3.23785330299997],[-40.4062904249999,-3.238852757],[-40.4003679689999,-3.24894989699992],[-40.399925496,-3.25367962599994],[-40.3923956299999,-3.26144083599995],[-40.387508811,-3.26411334499991],[-40.387257733,-3.27184888299992],[-40.3768414949999,-3.27357616799994],[-40.372177128,-3.27249320999996],[-40.3665653219999,-3.27486534199993],[-40.366702068,-3.27284268099992],[-40.3612074599999,-3.27382678999989],[-40.3570393639999,-3.27773666599993],[-40.3582910299999,-3.28178015299991],[-40.347868226,-3.28896824999994],[-40.340511824,-3.2887028819999],[-40.338651688,-3.28403420399998],[-40.3347288469999,-3.28314647599999],[-40.3240398529999,-3.28641541699992],[-40.317953619,-3.28657319099993],[-40.300394947,-3.30177709599996],[-40.296873812,-3.30189676399992],[-40.292347965,-3.29953503199991],[-40.279137367,-3.30707867299995],[-40.2755815429999,-3.30774540599995],[-40.27850863,-3.26490711499994],[-40.2373916499999,-3.2861748579999],[-40.120625791,-3.19771433599995],[-40.106317012,-3.19904528699995],[-40.092754139,-3.19670678499998],[-40.004196039,-3.21899355099997],[-39.935396209,-3.31613524199994],[-39.935252623,-3.31810500099993],[-39.933004648,-3.31953990999992],[-39.9338705019999,-3.32171239999997],[-39.9372571809999,-3.32281287000001],[-39.937059928,-3.32550352999995],[-39.93992626,-3.32929377099994],[-39.941925248,-3.33735451499997],[-39.9467349129999,-3.340178243],[-39.950120064,-3.34442202799996],[-39.9560890679999,-3.34605141899996],[-39.957562015,-3.34984727699997],[-39.96840836,-3.35533797899996],[-39.973750891,-3.35573930399995],[-39.9800355879999,-3.360970822],[-39.9826123139999,-3.36509868699995],[-39.988835859,-3.36655569099997],[-39.9889511769999,-3.38151914199992],[-39.992032254,-3.38437506999998],[-39.9935867329999,-3.38945575899997],[-39.99275362,-3.39409710999996],[-39.9956988609999,-3.39945132299994],[-39.9954220079999,-3.40486891899994],[-39.9976740019999,-3.41010459999996],[-40.0020559939999,-3.41200206299994],[-40.001975133,-3.41510164399998],[-40.0075319099999,-3.42458655999997],[-40.010425095,-3.42430632399995],[-40.014561436,-3.42941916499996],[-40.025796359,-3.43281984699996],[-40.02553624,-3.43524884199993],[-40.0280043299999,-3.43814534399996],[-40.0256281229999,-3.44814436599997],[-40.029896956,-3.45430929099996],[-40.0379772389999,-3.46168933699996],[-40.0374238969999,-3.46318324699993],[-40.0390591169999,-3.46524259499998],[-40.037977689,-3.46774156799997],[-40.0416449569999,-3.47456594899992],[-40.04142465,-3.47851421599994],[-40.0394244149999,-3.48045272500002],[-40.0370316289999,-3.496508245],[-40.0393713999999,-3.49892409099996],[-40.0413657609999,-3.50454161899997],[-40.039891848,-3.51040298999992],[-40.0416997359999,-3.51815041899992],[-40.0461453239999,-3.52289667299998],[-40.0458383179999,-3.53130643500001],[-40.0494220639999,-3.53417831599995],[-40.047283705,-3.53864399399998],[-40.0467610629999,-3.557453435],[-40.042480898,-3.56659319699995],[-40.052061247,-3.58219535999998],[-40.056059967,-3.58556609899991],[-40.0618174489999,-3.58690854399997],[-40.0647909699999,-3.59091247099996],[-40.070847872,-3.59443179700001],[-40.0661491629999,-3.594008791],[-40.0610324049999,-3.59029267999993],[-40.053402062,-3.59014584899995],[-40.043582251,-3.58110686299998],[-40.0375884359999,-3.581080228],[-40.03334022,-3.5831970049999],[-40.022374369,-3.583019903],[-40.0108636679999,-3.57849718999997],[-39.997930309,-3.58098054100001],[-39.987753566,-3.57757469299995],[-39.9821812849999,-3.57320342699992],[-39.978016047,-3.57194259999998],[-39.9760188049999,-3.57641955099995],[-39.977273984,-3.57744849499999],[-39.9773872209999,-3.58482684999993],[-39.981003175,-3.59588321400002],[-39.9867047389999,-3.60524924599994],[-39.98652283,-3.61262611999994],[-39.993928159,-3.61847689599998],[-39.9941913229999,-3.62764244199994],[-39.9988337079999,-3.63154297299999],[-40.0049998099999,-3.64232959999994],[-40.0094085629999,-3.64653788099996],[-40.007966363,-3.65589068799996],[-40.0158220229999,-3.67112410899995],[-40.016638686,-3.6823356429999],[-40.0155448309999,-3.68324192499994],[-40.016810169,-3.68451450199997],[-40.015526293,-3.68638478600001],[-40.0205722469999,-3.69395952899995],[-40.019571022,-3.701855312],[-40.016835304,-3.705381496],[-40.0152007509999,-3.71389264299995],[-40.018139258,-3.72236107199997],[-40.017213981,-3.72441587799998],[-40.014537675,-3.72534492200002],[-40.0123999049999,-3.73698064699997],[-40.0158019379999,-3.74168100799995],[-40.013132984,-3.74793195499998],[-40.0139718349999,-3.7513928989999],[-40.012028906,-3.76181424100002],[-39.9760867439999,-3.77783116599991],[-39.924136755,-3.94748415299995],[-40.007301572,-3.8990333539999],[-40.002590294,-3.90659380999992],[-40.00289176,-3.91145160799995],[-39.999403334,-3.91956991499992],[-39.99744473,-3.92004383999998],[-40.000145199,-3.92875465599996],[-39.993849037,-3.93655532599994],[-39.976679147,-3.94403486499991],[-39.969102246,-3.95168670499993],[-39.962275926,-3.95525427099999],[-39.960027036,-3.95992879799996],[-39.95244271,-3.96430259499991],[-39.9457536159999,-3.97560419199995],[-39.9419779629999,-3.97619655900001],[-39.941448261,-3.98588592999995],[-39.939801361,-3.98940029099993],[-39.9360217659999,-3.98974650799998],[-39.931825845,-3.98647214099997],[-39.9282436639999,-3.98966350799994],[-39.9247163179999,-3.98839672799995],[-39.922432187,-3.99099943599992],[-39.922852222,-3.99802447199995],[-39.916089235,-3.99787903699999],[-39.914791771,-4.00261549299992],[-39.9104748179999,-4.00391889599996],[-39.9111434829999,-4.00611598699992],[-39.9161619659999,-4.00734740899994],[-39.91427106,-4.01948233199992],[-39.916752554,-4.02101467299996],[-39.9222430649999,-4.02049323899996],[-39.9214541349999,-4.02578783900001],[-39.926957942,-4.03416716499991],[-39.9238829249999,-4.03822491300001],[-39.9173675999999,-4.03411619499994],[-39.9140350989999,-4.03514245499996],[-39.9121963329999,-4.0388582319999],[-39.9059416369999,-4.040876168],[-39.9023685,-4.03868526699999],[-39.8986710109999,-4.04314450899992],[-39.893495119,-4.04287085999992],[-39.891332304,-4.040026177],[-39.888187009,-4.03931815899994],[-39.881996399,-4.04214082200001],[-39.875741301,-4.04192958899995],[-39.868756283,-4.04428820899995],[-39.873047528,-4.04691603199996],[-39.8718142389999,-4.05171562399996],[-39.874674318,-4.05332217499994],[-39.877319835,-4.061952404],[-39.876019436,-4.06427474399994],[-39.867036609,-4.06914405199996],[-39.8589447899999,-4.07692098599995],[-39.853263186,-4.07862918499997],[-39.8528544929999,-4.08305528399999],[-39.8493331319999,-4.08816609099999],[-39.8573172589999,-4.0982779149999],[-39.857860015,-4.10146447099994],[-39.856276549,-4.10462321499992],[-39.8504747009999,-4.1052298229999],[-39.842878732,-4.11033226799993],[-39.840626038,-4.113527441],[-39.839018965,-4.11243337499998],[-39.830264491,-4.11392938199994],[-39.818539447,-4.11785811399993],[-39.8097821609999,-4.11715974599998],[-39.8096247629999,-4.12013617399996],[-39.811554377,-4.12216948899998],[-39.807139007,-4.12553974499992],[-39.808991122,-4.13015689199995],[-39.8086756499999,-4.13548052999999],[-39.803059995,-4.14331618999995],[-39.7978505769999,-4.15404543699995],[-39.794073569,-4.155223604],[-39.7953636629999,-4.159605423],[-39.7879804799999,-4.16728526099994],[-39.7882268129999,-4.17237346999993],[-39.7837270209999,-4.17237947],[-39.780917421,-4.17512111299992],[-39.7739124169999,-4.17370278499998],[-39.7760860019999,-4.18135507999995],[-39.788078874,-4.18895010099998],[-39.790479733,-4.19466606199997],[-39.783922472,-4.19861266299993],[-39.780643168,-4.21113677499993],[-39.772838188,-4.2225762219999],[-39.7773647049999,-4.22381498799999],[-39.777920856,-4.22617371199993],[-39.776618923,-4.23866054199996],[-39.7727214029999,-4.24556789699994],[-39.750782085,-4.25494019799994],[-39.7460880849999,-4.26031963299998],[-39.739938238,-4.26396015300001],[-39.7364199259999,-4.27080605099995],[-39.7305087629999,-4.27567502299993],[-39.734946795,-4.28202587599998],[-39.738447903,-4.28284018399992],[-39.737105421,-4.28674866200002],[-39.7333270179999,-4.28801800499999],[-39.737869371,-4.29156028199998],[-39.7390850309999,-4.29520985399997],[-39.7325969449999,-4.3081174729999],[-39.7303826749999,-4.30700690500002],[-39.7267595879999,-4.30781989999998],[-39.7270675029999,-4.31398367099997],[-39.725563323,-4.318635349],[-39.727375313,-4.32005008699999],[-39.7333108769999,-4.31822591499997],[-39.7343210409999,-4.32176303899998],[-39.732718253,-4.32944656799997],[-39.7351000699999,-4.332678131],[-39.7260340759999,-4.34460818499997],[-39.7105883369999,-4.34844784099997],[-39.711141625,-4.35387810199993],[-39.7148319509999,-4.35549172199996],[-39.709724405,-4.36574030099997],[-39.711253593,-4.37333862199993],[-39.7096745339999,-4.37764087499992],[-39.710834592,-4.38097284699992],[-39.719421402,-4.38379789699998],[-39.725253685,-4.38229018600001],[-39.727702251,-4.38841660399994],[-39.727750973,-4.39380290199993],[-39.7380029359999,-4.40192744299999],[-39.745941854,-4.3980727809999],[-39.755387921,-4.39976423799997],[-39.752723809,-4.40247836999991],[-39.752894228,-4.40715949699998],[-39.7478056999999,-4.41076622299999],[-39.745917224,-4.41607387899993],[-39.7385855599999,-4.4236949539999],[-39.740918273,-4.427912722],[-39.740324389,-4.43127919399992],[-39.734623277,-4.43267960199998],[-39.7324104229999,-4.43574278599994],[-39.7372602229999,-4.43824184399995],[-39.736430927,-4.43949483899998],[-39.7329685289999,-4.43977552099992],[-39.730895102,-4.44353427099997],[-39.7298621359999,-4.45015307299996],[-39.7344157199999,-4.45350569599998],[-39.733223874,-4.45824772099992],[-39.7341982899999,-4.46445876499995],[-39.7315290999999,-4.46737443499996],[-39.7260371099999,-4.46984104299994],[-39.7270895149999,-4.47541655899995],[-39.7217281859999,-4.48092586399998],[-39.7215583199999,-4.48445086799996],[-39.728030238,-4.48617019999993],[-39.734028565,-4.49000447799993],[-39.73583444,-4.49346892499996],[-39.745360261,-4.49571143999996],[-39.7522543109999,-4.501641548],[-39.7557246539999,-4.50252342299994],[-39.7571457339999,-4.50543870599994],[-39.755007911,-4.51192472199994],[-39.765615888,-4.52446371699993],[-39.7659225899999,-4.52901537499996],[-39.7640878839999,-4.53202488800002],[-39.7644464579999,-4.53482975399993],[-39.757007001,-4.53546918199988],[-39.7483405119999,-4.54224828699991],[-39.7474468789999,-4.54478857899996],[-39.7391101429999,-4.54472507999993],[-39.7293694079999,-4.54065173099997],[-39.723976971,-4.54262466099997],[-39.707601008,-4.54312398199997],[-39.700169186,-4.54624230999998],[-39.6959258829999,-4.55683808899996],[-39.692267979,-4.55555878299996],[-39.6890891359999,-4.55644558499999],[-39.690613812,-4.55918709999997],[-39.68973127,-4.56561603099998],[-39.6866126469999,-4.56739762199994],[-39.6868336919999,-4.57206112999999],[-39.685250642,-4.57509945399994],[-39.699422848,-4.58335635299992],[-39.7201172489999,-4.59983055699993],[-39.723488409,-4.60107252499992],[-39.742019656,-4.60024405299994],[-39.744052335,-4.60654240099996],[-39.7496080619999,-4.6073628509999],[-39.752225845,-4.61041607799993],[-39.754840554,-4.61104864199996],[-39.7596857999999,-4.62020893899992],[-39.7607310009999,-4.62071713599996],[-39.7625595349999,-4.61816970799994],[-39.7645871569999,-4.620012263],[-39.762954232,-4.62490354499995],[-39.7613914609999,-4.62555304599995],[-39.762701358,-4.62886182899999],[-39.7648589799999,-4.62994103899993],[-39.769691106,-4.62624575399999],[-39.7768148849999,-4.62642850899993],[-39.7789763439999,-4.63081581699993],[-39.7755213019999,-4.63801192599992],[-39.775787077,-4.64221132799999],[-39.76605448,-4.64801453199991],[-39.760892812,-4.64871794199995],[-39.7565125179999,-4.64687817099997],[-39.7501087669999,-4.64841169300001],[-39.7486077389999,-4.65013168299995],[-39.747692806,-4.64898721000001],[-39.746908566,-4.65026063999995],[-39.746120957,-4.64695163799998],[-39.7444855269999,-4.64612644299993],[-39.742656884,-4.6467669909999],[-39.739003147,-4.65288037099998],[-39.726914645,-4.653845471],[-39.723317469,-4.65276761099999],[-39.71475952,-4.65576776999999],[-39.731893522,-4.66605878299997],[-39.7312419479999,-4.66784262599996],[-39.7264678969999,-4.66752913099995],[-39.729284304,-4.67140876599996],[-39.7234031119999,-4.67166810999992],[-39.714585211,-4.67823453899993],[-39.7194905689999,-4.68109317299993],[-39.7209985789999,-4.68650146699995],[-39.729561991,-4.68706413299996],[-39.7298252749999,-4.68884673099993],[-39.7266896099999,-4.690250523],[-39.7268893739999,-4.693877636],[-39.740987342,-4.72068416099994],[-39.806029251,-4.70810537499991],[-39.7908707469999,-4.75352816199999],[-39.793756327,-4.75341827199994],[-39.796741974,-4.75020124199995],[-39.795340988,-4.74678596199991],[-39.7986970949999,-4.74352356299997],[-39.812126897,-4.73932619499996],[-39.8134762439999,-4.73695721999998],[-39.8165723969999,-4.73608155399999],[-39.8162651879999,-4.73355494699993],[-39.8188780569999,-4.731290869],[-39.824962904,-4.73106247599995],[-39.827321689,-4.73347986199994],[-39.8316198359999,-4.73450261099993],[-39.833863949,-4.733236833],[-39.8351763579999,-4.736290013],[-39.8392306629999,-4.73472753299996],[-39.842835973,-4.73963793099991],[-39.8481553879999,-4.73737115399994],[-39.852365668,-4.739371751],[-39.855765768,-4.73701053599995],[-39.8592327309999,-4.73738041899999],[-39.8622015529999,-4.73973033299992],[-39.861422142,-4.74309868299999],[-39.864286386,-4.7480957619999],[-39.86424596,-4.75234081199997],[-39.874267818,-4.76223401199999],[-39.8730953729999,-4.76571490399997],[-39.8740362939999,-4.76876040899998],[-39.871313588,-4.77052577799995],[-39.871601079,-4.77312458699993],[-39.8787343029999,-4.777116404],[-39.880068791,-4.78039374299992],[-39.8784373029999,-4.78304731299993],[-39.881038959,-4.78768263499992],[-39.8847267929999,-4.78991690699995],[-39.902508229,-4.78809209799996],[-39.9069881619999,-4.78991913699998],[-39.913789309,-4.78913677599997],[-39.9157718019999,-4.78772071199997],[-39.915114368,-4.78513422799993],[-39.916562552,-4.78248793899999],[-39.928583384,-4.774540176],[-39.92490759,-4.73526306799995],[-40.059449654,-4.71788758],[-40.0594065809999,-4.71916569399996],[-40.1132678219999,-4.75294556699992],[-40.1284898279999,-4.79884161999996],[-40.129141847,-4.80453430099997],[-40.1417005989999,-4.80845773499997],[-40.1555589529999,-4.80973248799993],[-40.1595091989999,-4.80179353999996],[-40.171534441,-4.79493862699998],[-40.1746970789999,-4.79103692999999],[-40.1792871229999,-4.78835759599999],[-40.1888720919999,-4.78845691399995],[-40.19620464,-4.79182748899995],[-40.2152090079999,-4.790115909],[-40.2216219439999,-4.78907232999999],[-40.231811956,-4.78235311499995],[-40.2452072949999,-4.77760609999992],[-40.26287289,-4.77661128799994],[-40.268369209,-4.77411484599998],[-40.269728498,-4.77012488499998],[-40.273069117,-4.76962531899995],[-40.2758411179999,-4.76210954899992],[-40.281511662,-4.75815631699993],[-40.284839021,-4.75007845799993],[-40.2903692319999,-4.74721238499992],[-40.295480894,-4.74049361399993],[-40.3014844,-4.73784113200002],[-40.304616754,-4.73314584699992],[-40.3087028189999,-4.73209796299992],[-40.3099342169999,-4.72989679699996],[-40.314419581,-4.72740632299995],[-40.3139626019999,-4.72447181099997],[-40.3044069069999,-4.72290951899994],[-40.3036496679999,-4.71740248999993],[-40.307899597,-4.71545349999994],[-40.3152315089999,-4.70722822599992],[-40.3132015789999,-4.70041808199998],[-40.3130675789999,-4.69232423699998],[-40.314588307,-4.68960247300002],[-40.3226148739999,-4.68401973599996],[-40.32275708,-4.68047835899995],[-40.328734207,-4.67457651499995],[-40.331567995,-4.66705904699996],[-40.337073177,-4.66472626199993],[-40.337531842,-4.65868943199995],[-40.3402493449999,-4.65971684099997],[-40.3421318819999,-4.64546878199997],[-40.3747571459999,-4.55391301799997],[-40.3785158009999,-4.55272619100001],[-40.3812779479999,-4.54987344299995],[-40.45812464,-4.52964853099996],[-40.509486405,-4.50771712099997],[-40.58867028,-4.5581837],[-40.5889814859999,-4.55301028599996],[-40.595202988,-4.53802491099997],[-40.5989582389999,-4.53290650099995],[-40.5981257089999,-4.52827830799989],[-40.590833578,-4.51759090199998],[-40.590764636,-4.51033518099997],[-40.5832308089999,-4.50451283899998],[-40.585515452,-4.50190321299996],[-40.5843456229999,-4.49159916599995],[-40.579839262,-4.48827098699993],[-40.5843739479999,-4.48086063199999],[-40.5850963999999,-4.47456074500001],[-40.5734280399999,-4.46174682799992],[-40.5657364789999,-4.45614256999993],[-40.554736458,-4.44034759800001],[-40.5540659219999,-4.43458000100001],[-40.5613197489999,-4.42975105199995],[-40.5653461479999,-4.41953306699998],[-40.5610681039999,-4.40853386000001],[-40.560867907,-4.40119624999998],[-40.552706864,-4.398666485],[-40.552199932,-4.39583212999996],[-40.554675478,-4.38806026099996],[-40.553200686,-4.38428385199995],[-40.550677798,-4.38338496499992],[-40.5500096989999,-4.3786026229999],[-40.5414048329999,-4.36866455799999],[-40.529378207,-4.36162456299996],[-40.523500084,-4.35604033699996],[-40.5222985119999,-4.35224028399996],[-40.522525823,-4.34056810200001],[-40.5171886899999,-4.32930547899999],[-40.5123022559999,-4.32651977599991],[-40.5002193569999,-4.32603639099997],[-40.4946963689999,-4.32108211699995],[-40.492969946,-4.30876935499994],[-40.488549834,-4.29958347999998],[-40.4785804709999,-4.29380608599998],[-40.466524644,-4.27120311699994],[-40.4399045719999,-4.25317764499993],[-40.44177,-4.24605951699994],[-40.4420816219999,-4.234747162],[-40.45067497,-4.21759639199998],[-40.450084394,-4.20796458799991],[-40.4562162359999,-4.21484153799994],[-40.4673035759999,-4.22019101799998],[-40.4842495619999,-4.23293678499996],[-40.491418176,-4.24586311799995],[-40.4982477499999,-4.24531864200003],[-40.507664428,-4.24759114700001],[-40.518946689,-4.25720086300002],[-40.5212736219999,-4.257565333],[-40.530607603,-4.25046537199996],[-40.5459028289999,-4.22916072999989],[-40.5471053869999,-4.22242594499991],[-40.5538098609999,-4.21306014099999],[-40.557550946,-4.20909632699995],[-40.5644998189999,-4.20598729800001],[-40.5788597499999,-4.20768097099998],[-40.5893576569999,-4.20099786699991],[-40.599465685,-4.20319894399995],[-40.608486022,-4.20765154799996],[-40.6823012819999,-4.21210077099994],[-40.689873445,-4.209437248],[-40.708689023,-4.20671483699991],[-40.715883024,-4.20338547699994],[-40.729123106,-4.20169843999997],[-40.7275168339999,-4.19955436999993],[-40.727711544,-4.19210259899995],[-40.716116309,-4.18887988999994],[-40.724444021,-4.18313238699992],[-40.7157303459999,-4.18192000299995],[-40.71428242,-4.172836762],[-40.712479373,-4.1698644849999],[-40.7136724769999,-4.16593844899998],[-40.7100867,-4.16343889300001],[-40.715736211,-4.16018594399998],[-40.715573321,-4.15853891699996],[-40.7123979849999,-4.15737698799999],[-40.715621395,-4.15582349299998],[-40.716037594,-4.15370597399994],[-40.7122778459999,-4.150679689],[-40.7146011519999,-4.14897571399997],[-40.717068855,-4.14051873499994],[-40.724804434,-4.14163532599994],[-40.7260151489999,-4.13711644699989],[-40.7281257569999,-4.13647368900001],[-40.734012771,-4.14213295299991],[-40.746445605,-4.14621193199998],[-40.750556828,-4.13940138499996],[-40.7501224269999,-4.13408797399997],[-40.7671447019999,-4.13107332699993],[-40.77374903,-4.12813890399996],[-40.779311916,-4.13221564299994],[-40.801947277,-4.1320574769999],[-40.8055374849999,-4.1296055899999],[-40.806846367,-4.12391584799996],[-40.8109227109999,-4.12523559999991],[-40.8154161519999,-4.12376037599998],[-40.8161937649999,-4.12137729499997],[-40.822505779,-4.11882546499996],[-40.8286909259999,-4.11216182499998],[-40.836405135,-4.11230826199993],[-40.835333997,-4.10751779899995],[-40.837563695,-4.10544153299995],[-40.848014025,-4.10360404499996],[-40.846708301,-4.09670362699993],[-40.8478679819999,-4.09098031199995],[-40.853174456,-4.08944307099997],[-40.857768129,-4.07441504499998],[-40.854252405,-4.07066760199997],[-40.854406285,-4.06625421999995],[-40.8496466759999,-4.06185005899995],[-40.846964339,-4.06218363299994],[-40.8485177989999,-4.05711246199992],[-40.8439842589999,-4.05352711499993],[-40.8444234639999,-4.05053105799991],[-40.8486651969999,-4.04830900599991],[-40.849442223,-4.04574476099994],[-40.8433228049999,-4.04274785699996],[-40.84387512,-4.03069069499994],[-40.842359219,-4.02711477099992],[-40.8493790689999,-4.01832634999992],[-40.845781521,-4.00856268299997],[-40.839305306,-4.00832882599997],[-40.8367143899999,-4.00388767699994],[-40.838554495,-3.99744888799994],[-40.846628778,-3.99770576799995],[-40.8473536379999,-3.99660062099999],[-40.8459696369999,-3.99192113999997],[-40.838880987,-3.98847326299996],[-40.8401160299999,-3.96289149799996],[-40.8362457439999,-3.959002897],[-40.825412765,-3.95928669200003],[-40.822695046,-3.95731576599992],[-40.8240063259999,-3.94983064299992],[-40.8266163289999,-3.94824721000002],[-40.8256989209999,-3.94592891299996],[-40.8279167969999,-3.94223085899996],[-40.8274349469999,-3.93733941999997],[-40.832572688,-3.931806869],[-40.833840514,-3.92441875599993],[-40.8310578479999,-3.92165150899995],[-40.8222370389999,-3.92002323399995],[-40.8152067199999,-3.92148775699999],[-40.8103230999999,-3.91872535199995],[-40.804836208,-3.91827437299993],[-40.8015233959999,-3.91961625199995],[-40.798429322,-3.91825411899994],[-40.7959359119999,-3.91593127999996],[-40.797053276,-3.91345700799997],[-40.7920107619999,-3.90721516099999],[-40.790357154,-3.9008916339999],[-40.784411072,-3.89505829699999],[-40.783730051,-3.88939829699992],[-40.780812872,-3.88693016299989],[-40.778983934,-3.88806942099993],[-40.7774062249999,-3.88614157599994],[-40.7779670879999,-3.88382008699996],[-40.853938875,-3.89513544999997],[-40.852392081,-3.89420687399996],[-40.855389931,-3.89362957799998],[-40.8531931579999,-3.89177642299995],[-40.853690135,-3.88492742099991],[-40.856035412,-3.88507236399993],[-40.859649702,-3.88977574099997],[-40.8564598919999,-3.87949903899994],[-40.8571864959999,-3.87749916299992],[-40.8595237019999,-3.87678120099994],[-40.8618003849999,-3.87962860399998],[-40.866847461,-3.87940559899993],[-40.8666964669999,-3.87669261799999],[-40.871225503,-3.87361521999999],[-40.876274117,-3.8731761459999],[-40.877001824,-3.87196131299994],[-40.8734805059999,-3.86871607999991],[-40.8714472779999,-3.87124359999996],[-40.8656551869999,-3.87028523299998],[-40.8467484429999,-3.86394776899992],[-40.843256143,-3.86569069299998],[-40.839115439,-3.87093419899996],[-40.8305413469999,-3.86605221499994],[-40.827390218,-3.86842833799993],[-40.824735253,-3.86805234399998],[-40.8207013389999,-3.86179359499994],[-40.816802538,-3.86069218800002],[-40.8141356719999,-3.85602533299998],[-40.815238945,-3.85319621599994],[-40.810295802,-3.85024480699996],[-40.8094953289999,-3.847885611],[-40.805807621,-3.84595503499994],[-40.8029512799999,-3.84774702199998],[-40.798072972,-3.84755606299999],[-40.794566404,-3.84417992599998],[-40.7970931369999,-3.84354063599994],[-40.797247241,-3.84140302399991],[-40.793185394,-3.84030827199993],[-40.794611199,-3.837171467],[-40.7898886169999,-3.83779351399995],[-40.7936377899999,-3.8324470389999],[-40.791719452,-3.82843522699995],[-40.792788683,-3.82314959199997],[-40.789184054,-3.82299318799997],[-40.786642038,-3.82097896099994],[-40.783321828,-3.82302656799991],[-40.7801898979999,-3.81193778699999],[-40.7775876709999,-3.81014568799995],[-40.7785183129999,-3.806517008],[-40.776200269,-3.80370119499999],[-40.7772388279999,-3.79943545999992],[-40.775103421,-3.79714836199994],[-40.780265767,-3.79520116399995],[-40.781084501,-3.78918426699994],[-40.779707935,-3.78655353099997],[-40.844133072,-3.78950419799995],[-40.8556476979999,-3.78606400699997],[-40.8654058719999,-3.786362841],[-40.8675620299999,-3.78402867299995],[-40.8751605669999,-3.78524359299993],[-40.888482306,-3.78437253899998],[-40.8954506749999,-3.78140145799991],[-40.8753858219999,-3.72324340799995],[-40.8904141239999,-3.6703741],[-40.90383487,-3.57492033299998],[-40.893236779,-3.55959987399996],[-40.857198831,-3.53625359099998],[-40.8318579009999,-3.50008781599996],[-40.8216985269999,-3.47137750199989],[-40.82715063,-3.45418816099997],[-40.849414767,-3.41975164999997],[-40.852289677,-3.41943080399998],[-40.851599821,-3.41326219599992],[-40.8530354069999,-3.41130232699995],[-40.8488009149999,-3.40446623600002],[-40.8444637599999,-3.40089002499997],[-40.836720354,-3.380088924],[-40.8307925619999,-3.37797325600001],[-40.825743685,-3.37831070999994],[-40.8268711649999,-3.37142784099996],[-40.823923227,-3.36225937899993],[-40.8395529509999,-3.35846190299996],[-40.878181584,-3.37018296599998],[-40.880446181,-3.36460722299997],[-40.87377605,-3.35936340899994],[-40.8719038679999,-3.35541210799996],[-40.8649043199999,-3.35129313699994],[-40.862567574,-3.3470856719999],[-40.85587335,-3.34294546099992],[-40.8494041649999,-3.32954499599994],[-40.850650103,-3.32784303599989],[-40.8490133989999,-3.32509017299996],[-40.850681647,-3.32223059399997],[-40.8492611829999,-3.31945414800001],[-40.852989885,-3.317281291],[-40.852145075,-3.31123712199993],[-40.847321109,-3.30785794999995],[-40.8424890029999,-3.30924469799994],[-40.8390366189999,-3.30806855599995],[-40.835510669,-3.30613815199994],[-40.8297647759999,-3.29977190899995],[-40.8208757209999,-3.29621540899996],[-40.818095666,-3.29160160799994],[-40.8181796309999,-3.28659847599996],[-40.8151801129999,-3.28479859399989],[-40.817149902,-3.28237213999996],[-40.8125707519999,-3.27458842799994],[-40.8137072609999,-3.27174859099999],[-40.8182662789999,-3.27199222099998],[-40.824982234,-3.27521506499992],[-40.8392638189999,-3.26755603499992],[-40.838649462,-3.26305458599997],[-40.8350443099999,-3.26077136399997],[-40.827376234,-3.25931463099998],[-40.821231691,-3.2601619439999],[-40.8326563199999,-3.24617405099994],[-40.839545923,-3.24285373999993],[-40.839701396,-3.24122657299993],[-40.8375733879999,-3.23950958699988],[-40.8293478609999,-3.23904905599999],[-40.827203825,-3.23642973599997],[-40.829068427,-3.23072743699997],[-40.835377623,-3.2312999709999],[-40.8380412029999,-3.22909313699993],[-40.8389016299999,-3.22474704299995],[-40.83571281,-3.21737258699997],[-40.8328977069999,-3.21444801300001],[-40.832595736,-3.21083182299996],[-40.692450811,-3.24247528799996],[-40.6918693179999,-3.24140846999997],[-40.6922509059999,-3.23806666499998],[-40.695587572,-3.23487156599992],[-40.69919098,-3.23448805199998],[-40.7042214419999,-3.23658192599994],[-40.709902828,-3.23448484399999],[-40.7146277319999,-3.22898309099995],[-40.7147605759999,-3.21994743899993],[-40.709116035,-3.21346705099993],[-40.715314443,-3.19477460199989],[-40.7275832759999,-3.13009068],[-40.7510415169999,-3.05078058],[-40.686310821,-3.08035338599992],[-40.5735462419999,-3.136436705],[-40.5102174099999,-3.10827555899997]]]}},{"type":"Feature","properties":{"id":"230005","state":"CE","stateCode":"23"},"geometry":{"type":"Polygon","coordinates":[[[-39.7098663849999,-3.65004128699994],[-39.7102857709999,-3.64166886699999],[-39.707814704,-3.63701900300002],[-39.7095781649999,-3.63366323899992],[-39.7069428389999,-3.62802071999997],[-39.708350543,-3.62399197699995],[-39.6964811539999,-3.60981460899994],[-39.689981361,-3.61456409199999],[-39.6939091439999,-3.62450236699992],[-39.680446585,-3.64829835299998],[-39.679197656,-3.64619880299998],[-39.665726347,-3.64575773599998],[-39.656190608,-3.65195252099997],[-39.6481633339999,-3.65271432399995],[-39.6486573069999,-3.65056490300001],[-39.6506282009999,-3.65032719199997],[-39.649662452,-3.6474237739999],[-39.6357061209999,-3.63723500999995],[-39.613273587,-3.64148927199996],[-39.6171432099999,-3.63557079999993],[-39.6218383689999,-3.63197868599997],[-39.6075852439999,-3.63574960199997],[-39.6051849319999,-3.63092730399994],[-39.60283735,-3.63007910499993],[-39.6001811249999,-3.625713252],[-39.59083041,-3.62516259599991],[-39.5790310429999,-3.62984411799993],[-39.563472876,-3.63381091499996],[-39.558529893,-3.64155271399997],[-39.5588992479999,-3.65253005699998],[-39.543030384,-3.65496124199996],[-39.538763153,-3.65936348099996],[-39.525901866,-3.65986896499995],[-39.52277895,-3.6550838659999],[-39.519497454,-3.65750557199991],[-39.516051221,-3.65767320199991],[-39.512972566,-3.69333503099998],[-39.511220595,-3.69534566999998],[-39.5137373619999,-3.69781840099994],[-39.512370299,-3.70158786199997],[-39.5101425449999,-3.70291344399998],[-39.509939119,-3.70464539800001],[-39.502390233,-3.70750306899993],[-39.497095279,-3.71146377699999],[-39.497246561,-3.71761789499991],[-39.495801875,-3.72169592999999],[-39.490618893,-3.72319209399999],[-39.482390758,-3.722602089],[-39.481034066,-3.72620016099999],[-39.4770263009999,-3.72788926799995],[-39.471469848,-3.72679073199992],[-39.4701906659999,-3.73059136999997],[-39.462530937,-3.73962445899997],[-39.457638528,-3.74202608299991],[-39.4567262309999,-3.74802185199995],[-39.4524462639999,-3.74885604499996],[-39.444725686,-3.74427010299995],[-39.4392546069999,-3.75101795699996],[-39.43677973,-3.75999286999996],[-39.4334428659999,-3.76456267999995],[-39.436137,-3.77286969399991],[-39.430315208,-3.78075372899997],[-39.432260883,-3.78473644299991],[-39.424804759,-3.78649169499991],[-39.4202522579999,-3.78365077299996],[-39.4126438229999,-3.78360353099995],[-39.4051424139999,-3.77892583399999],[-39.3983610069999,-3.77743017899995],[-39.39699879,-3.77283639099991],[-39.397889203,-3.76650032399996],[-39.396616024,-3.76417586799994],[-39.3802246069999,-3.76544957799998],[-39.372385842,-3.76951795399997],[-39.365340905,-3.76764075599991],[-39.363339653,-3.76408906399994],[-39.363142111,-3.75131563],[-39.359477103,-3.74456407399994],[-39.356252916,-3.74350457999995],[-39.354999339,-3.74049694899994],[-39.351392112,-3.73924826899995],[-39.351775564,-3.73362243299993],[-39.34780794,-3.73446195199994],[-39.3452020339999,-3.74053240699996],[-39.338951739,-3.74440495700002],[-39.3313361899999,-3.74161905399999],[-39.324022346,-3.73389768899998],[-39.320612249,-3.73260069099996],[-39.305107343,-3.73531030899998],[-39.2971705949999,-3.73881488799995],[-39.2873615279999,-3.73911837599994],[-39.2775833219999,-3.73745239100004],[-39.2142679369999,-3.69339144399995],[-39.143946348,-3.70438764599992],[-39.001734329,-3.68599340299996],[-38.961258497,-3.71154254599995],[-38.9602144639999,-3.71318730299997],[-38.960569801,-3.71954386299993],[-38.9553202259999,-3.72061804999989],[-38.952108582,-3.7238415489999],[-38.952733547,-3.72751234399994],[-38.9562956039999,-3.72894484599991],[-38.955315997,-3.7322586239999],[-38.9573649449999,-3.73584037099996],[-38.956562774,-3.74157003799994],[-38.9578984569999,-3.74479380699995],[-38.956295306,-3.74595697699991],[-38.956116945,-3.74900166199992],[-38.9588783019999,-3.75759714899996],[-38.956830119,-3.760463726],[-38.957720286,-3.76914868599996],[-38.973129441,-3.77407306100001],[-38.979719243,-3.78007313099996],[-38.981322389,-3.783832666],[-38.97579894,-3.79538341099994],[-38.977045939,-3.79905393399998],[-38.979272656,-3.79941150699998],[-38.9814127349999,-3.80568004299994],[-38.978525434,-3.80784336399998],[-38.979216908,-3.80992814299998],[-38.977193453,-3.81181572299993],[-38.9774715689999,-3.81440849499997],[-38.981265834,-3.81892849400003],[-38.983717801,-3.81755707599998],[-38.986304844,-3.81942748999993],[-38.9859659299999,-3.82172573500002],[-38.993912359,-3.82602879299998],[-38.993810395,-3.828771838],[-38.999019681,-3.8360892179999],[-38.997699826,-3.83996146299992],[-38.9981324549999,-3.84885390599991],[-38.9961659139999,-3.85171467899992],[-38.994918125,-3.85129725199991],[-38.9921095399999,-3.856419644],[-38.99085623,-3.85455321299994],[-38.987881549,-3.85768599999997],[-38.9872735379999,-3.86040368599996],[-38.9862193619999,-3.85948501199996],[-38.9838609639999,-3.86294299699991],[-38.9843870409999,-3.86473487299994],[-38.9858954629999,-3.864078725],[-38.987500186,-3.86888041399992],[-38.9845851659999,-3.87123578799994],[-38.985858386,-3.87353893199999],[-38.9843286999999,-3.8754712469999],[-38.9849149889999,-3.87691531799994],[-38.981362353,-3.87871834199999],[-38.9817749479999,-3.88224828399993],[-38.978497596,-3.88421157100002],[-38.976858321,-3.88925454399992],[-38.979247828,-3.89449825799991],[-38.9767766699999,-3.89718438699993],[-38.968628969,-3.89741583400001],[-38.9619883389999,-3.90603594000002],[-38.958489274,-3.91490076299996],[-38.9610403759999,-3.91594534399997],[-38.96266092,-3.92291899500001],[-38.954231772,-3.93043586899996],[-38.9548779399999,-3.93365136999993],[-38.949020709,-3.93653973299999],[-38.9464908989999,-3.94286253899999],[-38.943325749,-3.945286339],[-39.005141005,-3.99292884999994],[-39.0283629299999,-4.06308448799997],[-39.063699136,-4.06705697799992],[-39.2037178369999,-4.04695155599996],[-39.21311595,-4.04970789699994],[-39.215560909,-4.05240156499997],[-39.21813694,-4.06064261099998],[-39.2259655109999,-4.06629719499996],[-39.2276313649999,-4.07256182299994],[-39.2382969999999,-4.07830227499993],[-39.242164201,-4.07489215199994],[-39.251195324,-4.07753108699997],[-39.2529151579999,-4.07654618100002],[-39.259052772,-4.07780302999991],[-39.270860925,-4.08508346499994],[-39.3007175919999,-4.08320826999993],[-39.3216260229999,-4.089488713],[-39.3671405209999,-4.08910917099996],[-39.358870956,-4.09711055899993],[-39.3661954359999,-4.10653171599999],[-39.372026278,-4.11049019599995],[-39.3784352569999,-4.1101031439999],[-39.3812110599999,-4.10581414799995],[-39.385719835,-4.10457855899995],[-39.3893231449999,-4.10597134699998],[-39.394602268,-4.10355799599997],[-39.400543318,-4.10483983499998],[-39.4049416039999,-4.10076562799993],[-39.4071950229999,-4.095725498],[-39.517903972,-4.11483728199993],[-39.524212818,-4.11180519199995],[-39.5248948339999,-4.09674307900001],[-39.525908946,-4.09371881399999],[-39.5311854929999,-4.08997354899998],[-39.5332469489999,-4.08298466600001],[-39.538762398,-4.08953291499994],[-39.5406315379999,-4.09006877199994],[-39.544242186,-4.100659993],[-39.545444341,-4.10146471899997],[-39.547577287,-4.098913742],[-39.549578364,-4.09918113500003],[-39.5510493269999,-4.10119321299996],[-39.556922073,-4.10252961199997],[-39.5642586819999,-4.09702616499998],[-39.569061634,-4.09608289299999],[-39.57564157,-4.09248811500002],[-39.5855621369999,-4.09575622499997],[-39.59764748,-4.094424466],[-39.603361669,-4.08677294300002],[-39.6109782239999,-4.07969419399998],[-39.617281015,-4.07977222599996],[-39.619462281,-4.07571896599996],[-39.623580491,-4.07715392899993],[-39.62459113,-4.08052796799996],[-39.6265230739999,-4.07934362199992],[-39.6263524149999,-4.07638748799994],[-39.627947772,-4.07419152299997],[-39.62702045,-4.07014024499996],[-39.643503257,-4.07259874599989],[-39.660060383,-4.07099911899997],[-39.666471927,-4.06854134],[-39.66733061,-4.07336379999996],[-39.6644989879999,-4.07833196699998],[-39.6649483149999,-4.08167401100002],[-39.6742730549999,-4.08015968099996],[-39.679892236,-4.07574906399997],[-39.6819185269999,-4.07666553299995],[-39.6833418419999,-4.08104291800002],[-39.6899283609999,-4.08266637599996],[-39.692572806,-4.08551179200002],[-39.70344734,-4.09084353799994],[-39.705340881,-4.10464987399997],[-39.70664257,-4.10479355299996],[-39.7085207759999,-4.10101328900001],[-39.718173011,-4.09655030599995],[-39.720281224,-4.09851490699997],[-39.721313605,-4.10318189899992],[-39.7297558349999,-4.10450481099997],[-39.7335595399999,-4.10834205799995],[-39.740146715,-4.11018554499996],[-39.7449775559999,-4.11946505000003],[-39.748173784,-4.12257276099995],[-39.749611855,-4.13012497599997],[-39.755756262,-4.134618732],[-39.755142114,-4.14102995099997],[-39.7574756569999,-4.15785396299995],[-39.768895695,-4.15881941599997],[-39.773337348,-4.16616206999991],[-39.7739124169999,-4.17370278499998],[-39.780917421,-4.17512111299992],[-39.7837270209999,-4.17237947],[-39.786620677,-4.17315598399994],[-39.7882268129999,-4.17237346999993],[-39.7879804799999,-4.16728526099994],[-39.7953636629999,-4.159605423],[-39.794073569,-4.155223604],[-39.7978505769999,-4.15404543699995],[-39.803059995,-4.14331618999995],[-39.8086756499999,-4.13548052999999],[-39.808991122,-4.13015689199995],[-39.807139007,-4.12553974499992],[-39.811554377,-4.12216948899998],[-39.8096247629999,-4.12013617399996],[-39.8097821609999,-4.11715974599998],[-39.818539447,-4.11785811399993],[-39.830264491,-4.11392938199994],[-39.839018965,-4.11243337499998],[-39.840626038,-4.113527441],[-39.842878732,-4.11033226799993],[-39.8504747009999,-4.1052298229999],[-39.8548796299999,-4.1053671299999],[-39.8576079169999,-4.10276349799996],[-39.8573172589999,-4.0982779149999],[-39.8493331319999,-4.08816609099999],[-39.8528544929999,-4.08305528399999],[-39.853263186,-4.07862918499997],[-39.8589447899999,-4.07692098599995],[-39.867036609,-4.06914405199996],[-39.876019436,-4.06427474399994],[-39.877319835,-4.061952404],[-39.874674318,-4.05332217499994],[-39.8718142389999,-4.05171562399996],[-39.873047528,-4.04691603199996],[-39.868756283,-4.04428820899995],[-39.875741301,-4.04192958899995],[-39.881996399,-4.04214082200001],[-39.888187009,-4.03931815899994],[-39.891332304,-4.040026177],[-39.893495119,-4.04287085999992],[-39.8986710109999,-4.04314450899992],[-39.9023685,-4.03868526699999],[-39.9059416369999,-4.040876168],[-39.9121963329999,-4.0388582319999],[-39.9140350989999,-4.03514245499996],[-39.9173675999999,-4.03411619499994],[-39.9238829249999,-4.03822491300001],[-39.926957942,-4.03416716499991],[-39.9214541349999,-4.02578783900001],[-39.9222430649999,-4.02049323899996],[-39.916752554,-4.02101467299996],[-39.91427106,-4.01948233199992],[-39.9161619659999,-4.00734740899994],[-39.9111434829999,-4.00611598699992],[-39.9104748179999,-4.00391889599996],[-39.914791771,-4.00261549299992],[-39.916089235,-3.99787903699999],[-39.922852222,-3.99802447199995],[-39.922432187,-3.99099943599992],[-39.9247163179999,-3.98839672799995],[-39.9282436639999,-3.98966350799994],[-39.931825845,-3.98647214099997],[-39.9360217659999,-3.98974650799998],[-39.939801361,-3.98940029099993],[-39.941448261,-3.98588592999995],[-39.9419779629999,-3.97619655900001],[-39.9457536159999,-3.97560419199995],[-39.95244271,-3.96430259499991],[-39.960027036,-3.95992879799996],[-39.962275926,-3.95525427099999],[-39.969102246,-3.95168670499993],[-39.976679147,-3.94403486499991],[-39.993849037,-3.93655532599994],[-40.000145199,-3.92875465599996],[-39.99744473,-3.92004383999998],[-39.999403334,-3.91956991499992],[-40.00289176,-3.91145160799995],[-40.002590294,-3.90659380999992],[-40.007301572,-3.8990333539999],[-39.924136755,-3.94748415299995],[-39.9760867439999,-3.77783116599991],[-40.012028906,-3.76181424100002],[-40.0139718349999,-3.7513928989999],[-40.013132984,-3.74793195499998],[-40.0158019379999,-3.74168100799995],[-40.012365021,-3.73813671199998],[-40.014061,-3.73235274899996],[-40.0135078279999,-3.72964014899995],[-40.014537675,-3.72534492200002],[-40.017213981,-3.72441587799998],[-40.0181798619999,-3.72190765399994],[-40.0154799429999,-3.71590543999998],[-40.0157351519999,-3.71234555299995],[-39.934175817,-3.71783105499996],[-39.913920804,-3.72153788899998],[-39.907755816,-3.70542946799997],[-39.9067614809999,-3.69942641599995],[-39.908536293,-3.69644379799997],[-39.9086475189999,-3.69188167599998],[-39.90039597,-3.67811849399994],[-39.9013201869999,-3.67454514199996],[-39.8993912619999,-3.66439187799992],[-39.9005270839999,-3.66181715999995],[-39.8308380619999,-3.60356290699995],[-39.8075979329999,-3.60480046699993],[-39.809485863,-3.61001929299991],[-39.8028718729999,-3.61281427399997],[-39.803142974,-3.61620968999997],[-39.8009940639999,-3.61905053399994],[-39.787872867,-3.62717323299993],[-39.785240827,-3.63330967299998],[-39.779917944,-3.63600316699999],[-39.779274624,-3.63873940599999],[-39.7808365779999,-3.64182974499998],[-39.713086526,-3.65511674099996],[-39.7098663849999,-3.65004128699994]]]}},{"type":"Feature","properties":{"id":"230010","state":"CE","stateCode":"23"},"geometry":{"type":"Polygon","coordinates":[[[-38.9183043209999,-6.08566286399996],[-38.9130521319999,-6.08758467899998],[-38.908751212,-6.08505414299995],[-38.9072239009999,-6.08603594399992],[-38.907907442,-6.11303218499993],[-38.9044039079999,-6.13964963300002],[-38.8999425339999,-6.14231818699991],[-38.8862838319999,-6.14603962899999],[-38.88365608,-6.14452108599995],[-38.879076488,-6.14776995399998],[-38.8767590489999,-6.14695641599999],[-38.871488336,-6.14033898899995],[-38.863721708,-6.13871302999996],[-38.8616944939999,-6.13395325199995],[-38.8507753919999,-6.13795953999998],[-38.8492230809999,-6.13156246999995],[-38.847139216,-6.132020429],[-38.844687044,-6.13559003499994],[-38.842526875,-6.13559126899995],[-38.8398562439999,-6.13045763699993],[-38.835995216,-6.13079964999997],[-38.834495045,-6.12672792499996],[-38.8306050749999,-6.12747825899996],[-38.8284421769999,-6.12519797299994],[-38.8229406559999,-6.12404323799997],[-38.820661499,-6.12597386899992],[-38.8208941,-6.1376441919999],[-38.8134297879999,-6.13600878099996],[-38.8108017659999,-6.13237933399993],[-38.807569288,-6.13220686999998],[-38.8064491959999,-6.1287516849999],[-38.8045526909999,-6.12969876899993],[-38.8009766989999,-6.12175472899999],[-38.787803923,-6.12053416799997],[-38.784643279,-6.11504045999991],[-38.781075596,-6.11599244099998],[-38.7804929439999,-6.11866735299996],[-38.7665201009999,-6.12406621099992],[-38.759639575,-6.11692588199993],[-38.758080314,-6.11322256999994],[-38.7459368299999,-6.11157817999997],[-38.7450511549999,-6.11220051699993],[-38.7461890169999,-6.11531712099998],[-38.74174941,-6.11765943299996],[-38.7370250789999,-6.11785305699991],[-38.7337446469999,-6.12434153199997],[-38.7273821829999,-6.12122212599996],[-38.7231071639999,-6.12187611299989],[-38.7206640869999,-6.11734166299997],[-38.71538553,-6.11517925199992],[-38.7109143039999,-6.11042767499989],[-38.711247482,-6.11640837100003],[-38.7176951909999,-6.12308764199995],[-38.7201144429999,-6.13488809899995],[-38.724967557,-6.14333273200004],[-38.731808413,-6.15105406999993],[-38.732226064,-6.15593943699995],[-38.736022361,-6.16591973699997],[-38.733523813,-6.1829782359999],[-38.7271112679999,-6.19297943499989],[-38.728434665,-6.19801584699996],[-38.7264202199999,-6.20079423399998],[-38.721028056,-6.2000010429999],[-38.70838047,-6.20642152099992],[-38.7024664529999,-6.20750411399997],[-38.697293699,-6.20622924699999],[-38.685580889,-6.21176925899992],[-38.6816338709999,-6.21162658299991],[-38.6796582959999,-6.21087685199995],[-38.6792872719999,-6.20691882999994],[-38.6762141759999,-6.20259708199995],[-38.67327406,-6.20301025399993],[-38.669605877,-6.20114411099999],[-38.6691667269999,-6.197071696],[-38.6619370559999,-6.19572465999992],[-38.6604330829999,-6.19155891199996],[-38.656802931,-6.19238347399996],[-38.655051521,-6.18468910199997],[-38.650270037,-6.18468064599998],[-38.643676857,-6.18064052899993],[-38.6355225159999,-6.17899293099994],[-38.632772793,-6.17749435899994],[-38.630962884,-6.17392243299998],[-38.615277845,-6.16919785799995],[-38.611015853,-6.17045705399996],[-38.6092164129999,-6.17277433299993],[-38.6028216939999,-6.17413712299998],[-38.599675892,-6.177504713],[-38.5986631069999,-6.18182256199994],[-38.6000075159999,-6.18477246599995],[-38.5973115199999,-6.18792977399997],[-38.592934165,-6.18992826599994],[-38.592257432,-6.19582453799993],[-38.588773163,-6.20119313499996],[-38.579455813,-6.20761044099998],[-38.571375572,-6.20802495799998],[-38.5723823499999,-6.21297523899995],[-38.568559383,-6.22160683999993],[-38.5610335059999,-6.22971183099998],[-38.55475006,-6.23075837699997],[-38.552166256,-6.23359967899997],[-38.5429674289999,-6.22948411899997],[-38.519711764,-6.22303755799993],[-38.5289653669999,-6.23987029399992],[-38.5384653289999,-6.24689674799988],[-38.5458511969999,-6.24542642900001],[-38.5501476969999,-6.25731984399996],[-38.554278538,-6.25974730099992],[-38.5544209659999,-6.26339563299997],[-38.5597871159999,-6.26716274999992],[-38.5650096769999,-6.26849336199997],[-38.572660464,-6.27412258199998],[-38.5753213039999,-6.27775029600002],[-38.579545663,-6.27962640399998],[-38.5760297059999,-6.28352207899999],[-38.571513039,-6.28444305099989],[-38.5702964209999,-6.29999344599994],[-38.566628794,-6.30081515099998],[-38.5660226849999,-6.302588665],[-38.566717826,-6.30441506499995],[-38.575296081,-6.30863482699994],[-38.578663766,-6.31476309399994],[-38.581296235,-6.31621017899995],[-38.58154229,-6.331046075],[-38.577075354,-6.34742753699996],[-38.5644276589999,-6.35182512799994],[-38.562505941,-6.355651694],[-38.566737503,-6.35708341499997],[-38.5673532719999,-6.36152547299999],[-38.573969094,-6.36192919799992],[-38.5771030719999,-6.36424354099999],[-38.5722745699999,-6.37230966799993],[-38.573108052,-6.37491836199994],[-38.5829632829999,-6.3740440889999],[-38.585050276,-6.376207044],[-38.5882465839999,-6.37601023599996],[-38.5924662909999,-6.37824614599994],[-38.594943419,-6.38657006499998],[-38.60073988,-6.38796098099996],[-38.60221448,-6.390895083],[-38.5941279539999,-6.39686161000002],[-38.5871744849999,-6.39427378099996],[-38.581546509,-6.39673406899993],[-38.582357288,-6.40031071499994],[-38.5809941569999,-6.40176356099997],[-38.5719683899999,-6.40410664499995],[-38.564352964,-6.399727711],[-38.5549608589999,-6.400162489],[-38.5515225239999,-6.39816718199994],[-38.544774146,-6.402260789],[-38.542715498,-6.40198010099994],[-38.533491171,-6.39758347499996],[-38.5322135529999,-6.39431788799995],[-38.5293998859999,-6.39288999299992],[-38.524520445,-6.39611199699998],[-38.5247981029999,-6.40121579399994],[-38.5188565769999,-6.40573179499995],[-38.5179093419999,-6.40873171700001],[-38.519771388,-6.40934639999997],[-38.5245176179999,-6.407082961],[-38.536235141,-6.41985439299997],[-38.542609105,-6.42283918799992],[-38.5542653849999,-6.4327630679999],[-38.5564048369999,-6.44764259199994],[-38.5670210269999,-6.45207333299991],[-38.5698165499999,-6.45487590399998],[-38.5704101059999,-6.47019513999997],[-38.575777123,-6.47796511699991],[-38.5949724609999,-6.50044231499993],[-38.598560683,-6.50383668099994],[-38.606406311,-6.50717905299998],[-38.612288204,-6.51319132299999],[-38.6130757209999,-6.52015780499997],[-38.6155672039999,-6.52333256099992],[-38.6161115199999,-6.52814523399997],[-38.610520015,-6.53229304299995],[-38.6070845449999,-6.52951482799995],[-38.6121695349999,-6.53831733499995],[-38.617133903,-6.54192780799999],[-38.621858017,-6.54913499799992],[-38.626605969,-6.55295424500001],[-38.6256611889999,-6.55798346099991],[-38.6326317799999,-6.56243647799995],[-38.6330812379999,-6.56921036599996],[-38.642853396,-6.58117769099993],[-38.632934113,-6.58992541499993],[-38.6296563059999,-6.59804541699998],[-38.6291603369999,-6.60458242199994],[-38.6387696849999,-6.61284365299994],[-38.6466592469999,-6.61598068199998],[-38.6491293139999,-6.62758585199998],[-38.6509253339999,-6.62695462699996],[-38.6552633359999,-6.63047878299998],[-38.6567875009999,-6.63660170099998],[-38.657080348,-6.64228952299994],[-38.653265425,-6.64384038699991],[-38.649399806,-6.65202681599994],[-38.6469653129999,-6.65420756099998],[-38.6464060909999,-6.66242644599994],[-38.6519646779999,-6.67318340899993],[-38.655601076,-6.67228023999999],[-38.662361379,-6.67431789599993],[-38.6605833769999,-6.67880189799993],[-38.6644625219999,-6.68019137199998],[-38.665019628,-6.68397337399999],[-38.6731504509999,-6.69722120599993],[-38.673059351,-6.70063789899992],[-38.670036531,-6.70254826499998],[-38.673733738,-6.70798637499997],[-38.673383773,-6.7096470999999],[-38.666464859,-6.71704397199998],[-38.6648867319999,-6.72409352299999],[-38.6596849549999,-6.72609911099992],[-38.655975399,-6.73024374399994],[-38.6575338789999,-6.74076008399991],[-38.655465429,-6.74580690099994],[-38.6524699189999,-6.74760369699993],[-38.6499720369999,-6.75223629799997],[-38.652680249,-6.75976415099995],[-38.6473005099999,-6.76319067399997],[-38.6402688859999,-6.76398969299991],[-38.638769831,-6.76895016600001],[-38.634605377,-6.76991236599995],[-38.6290246739999,-6.77770910599996],[-38.6132729669999,-6.78350914199999],[-38.617412627,-6.79397837399996],[-38.619466448,-6.79425096799997],[-38.629469635,-6.78990181699991],[-38.640132643,-6.78919568599992],[-38.6426363549999,-6.79035809899993],[-38.636305638,-6.79831345099993],[-38.635459618,-6.80462054399998],[-38.650161617,-6.80836556799993],[-38.656619537,-6.81601792999991],[-38.655908902,-6.81708502499993],[-38.659340692,-6.81852291099998],[-38.659713125,-6.8219679019999],[-38.670791503,-6.826569667],[-38.678274306,-6.83310042999998],[-38.6703348789999,-6.84337013799998],[-38.6772010619999,-6.85432957899993],[-38.675416814,-6.861829359],[-38.679529027,-6.86479399799997],[-38.6866910949999,-6.86579169600001],[-38.690663617,-6.87142057899997],[-38.6948153119999,-6.87456319099994],[-38.7024169839999,-6.87687481799999],[-38.710355311,-6.87465560799996],[-38.7158508699999,-6.87928081499992],[-38.7139090679999,-6.88254411399992],[-38.714012832,-6.88614666599994],[-38.7242614479999,-6.888686261],[-38.7297375149999,-6.88727356100001],[-38.732420101,-6.88922826100001],[-38.729841561,-6.89457123699995],[-38.730288598,-6.89681350599993],[-38.756279213,-6.90359165499996],[-38.765177157,-6.91093678600001],[-38.774828198,-6.90645864999995],[-38.7789616079999,-6.90790345399993],[-38.785053846,-6.90523305499998],[-38.783576388,-6.89697959499998],[-38.7863491299999,-6.89426693499999],[-38.785682872,-6.89146498399996],[-38.784101517,-6.88863052700002],[-38.7761328329999,-6.88484617299997],[-38.773967086,-6.87691816200002],[-38.774943084,-6.86857542299994],[-38.780751777,-6.86727209699993],[-38.786353734,-6.86341600500001],[-38.809743142,-6.86462895099991],[-38.816590846,-6.86366006399995],[-38.8196709219999,-6.85674463],[-38.843983328,-6.85700703899996],[-38.847510166,-6.86024829999999],[-38.856381728,-6.85930710699992],[-38.836025975,-6.84795734699999],[-38.82356598,-6.84869024699998],[-38.8112462,-6.84685162900001],[-38.8099658359999,-6.83922623599994],[-38.8157130229999,-6.82606877699993],[-38.8139654839999,-6.82044600099994],[-38.8157161629999,-6.81122293399994],[-38.8189698319999,-6.80757129299996],[-38.817221176,-6.800504373],[-38.820520622,-6.79158233899997],[-38.8200994519999,-6.784733139],[-38.823608025,-6.778299929],[-38.790512018,-6.77300649899998],[-38.829255151,-6.74493752599996],[-38.828353696,-6.73680703099993],[-38.847290529,-6.72201337099991],[-38.8485050969999,-6.71652312599994],[-38.847632849,-6.70968613199993],[-38.852323987,-6.70825152699999],[-38.8544574989999,-6.70287505599992],[-38.853522265,-6.69443343699992],[-38.856675044,-6.69465673599993],[-38.8597451879999,-6.69147368599991],[-38.8571817979999,-6.68173236199994],[-38.853335071,-6.67443539099995],[-38.84417165,-6.66687420099989],[-38.8518351179999,-6.64707093099994],[-38.8736599339999,-6.61242103299996],[-38.8695756549999,-6.59316087099994],[-38.877190797,-6.58564382199998],[-38.877119329,-6.58175851100002],[-38.8842474269999,-6.58040260500002],[-38.888113341,-6.58176604799994],[-38.8963503519999,-6.57924428599991],[-38.9038824949999,-6.57944758599996],[-38.9049151649999,-6.57758704500001],[-38.908819768,-6.57690777999994],[-38.9104420159999,-6.57789696599999],[-38.9153779109999,-6.57531147599993],[-38.9165500999999,-6.56930337999996],[-38.9194633389999,-6.56565034599993],[-38.957460225,-6.52717492199997],[-39.0618730399999,-6.44572994899995],[-39.0770636889999,-6.44939629],[-39.079820807,-6.45164474699997],[-39.094627743,-6.45181879499997],[-39.095464277,-6.45324277899995],[-39.093430994,-6.45772580799995],[-39.0944263439999,-6.45915781499997],[-39.1020460129999,-6.46145660599992],[-39.102737684,-6.4583166309999],[-39.104511959,-6.45732535199997],[-39.1073753819999,-6.465004413],[-39.1111303489999,-6.46558256199997],[-39.112103927,-6.46354442699991],[-39.118766439,-6.46273527399994],[-39.122101691,-6.46676853199997],[-39.129199109,-6.46545155699996],[-39.13497581,-6.46241642699994],[-39.142570152,-6.45486289199997],[-39.1453190799999,-6.45393551699997],[-39.143879418,-6.44977188699991],[-39.1458190279999,-6.44227188500001],[-39.1405534639999,-6.43761423099992],[-39.136057598,-6.43062399499994],[-39.130140872,-6.42659031699997],[-39.131123819,-6.4188520029999],[-39.1366928789999,-6.41725856999993],[-39.1391937079999,-6.41269722600002],[-39.1386633079999,-6.41075830899998],[-39.1337146709999,-6.40896425999997],[-39.130384579,-6.40601555399996],[-39.1300062669999,-6.391558592],[-39.131127507,-6.38696560299994],[-39.125181446,-6.38621642499994],[-39.121481083,-6.38321750099998],[-39.108809153,-6.36225915299993],[-39.102280553,-6.35701047299999],[-39.101553977,-6.34595647099993],[-39.0943578579999,-6.33507550699998],[-39.0827787769999,-6.33351266099989],[-39.0719690379999,-6.31157537899998],[-39.0601974439999,-6.30381886199998],[-39.0531920949999,-6.29641191099999],[-39.054711707,-6.29032447899991],[-39.0567046449999,-6.25909837099995],[-39.003637978,-6.22032264400002],[-38.991744285,-6.19065905799992],[-38.9867194069999,-6.16620123699991],[-38.9837157229999,-6.15907085499996],[-38.986552706,-6.15690786599996],[-38.9738549419999,-6.13446688399992],[-38.973052179,-6.12999123699997],[-38.969195396,-6.122703929],[-38.970107535,-6.12016760899993],[-38.9755272269999,-6.11995743099995],[-38.9712770939999,-6.10965862199994],[-38.9776681019999,-6.10799444199992],[-38.977941466,-6.10598215599996],[-38.9763849629999,-6.10649730999995],[-38.9722235559999,-6.10302706999996],[-38.9701042799999,-6.09426871899996],[-38.960885287,-6.09147321199993],[-38.9576064219999,-6.08601555099992],[-38.9508581769999,-6.08147738199995],[-38.938221149,-6.07901175699995],[-38.928941525,-6.08190898299996],[-38.9242745879999,-6.08578122799999],[-38.9183043209999,-6.08566286399996]]]}},{"type":"Feature","properties":{"id":"230006","state":"CE","stateCode":"23"},"geometry":{"type":"Polygon","coordinates":[[[-38.701181659,-4.61295472699993],[-38.6992566759999,-4.62685717299996],[-38.69483532,-4.62778932299999],[-38.6944054849999,-4.63204318799997],[-38.691581852,-4.63598495099996],[-38.692857722,-4.63785266499996],[-38.6926967649999,-4.64200381599996],[-38.686833876,-4.64521795699998],[-38.690934719,-4.64978593999993],[-38.6907214179999,-4.65123819900002],[-38.680434102,-4.657044479],[-38.676333092,-4.65745773899993],[-38.6754781449999,-4.66316413099999],[-38.6722249879999,-4.66720871],[-38.669721154,-4.66523647499997],[-38.6676978999999,-4.66025469099997],[-38.6643410889999,-4.66149820999993],[-38.658954222,-4.66958946199998],[-38.6532485869999,-4.68310049099993],[-38.6428573509999,-4.68807473999991],[-38.6318276089999,-4.68889884699997],[-38.6350264589999,-4.68993682199998],[-38.638590551,-4.69543910299996],[-38.6386955979999,-4.69875754399989],[-38.6359772229999,-4.70166139099999],[-38.6232453579999,-4.69797386399998],[-38.6154863729999,-4.68958534899994],[-38.607656137,-4.68791461599992],[-38.601635293,-4.68391045499999],[-38.597850184,-4.68453624499998],[-38.5940822069999,-4.6798101869999],[-38.5853823679999,-4.67615453299995],[-38.581935147,-4.67183717399998],[-38.575775751,-4.66999642299989],[-38.569386331,-4.67548993299994],[-38.5552203459999,-4.6740636349999],[-38.538053207,-4.68022562399991],[-38.528881599,-4.68028401199995],[-38.5296638739999,-4.68317978599992],[-38.528022203,-4.69525883399996],[-38.5296894429999,-4.700077876],[-38.5325783369999,-4.70150033300002],[-38.532879198,-4.70813168199996],[-38.525192642,-4.72625251199997],[-38.519746039,-4.7310544759999],[-38.519907892,-4.73499464799996],[-38.5233866629999,-4.73584819099996],[-38.5229473949999,-4.73736069199996],[-38.525938766,-4.74100775999992],[-38.527742122,-4.74653698999991],[-38.5397696839999,-4.75720218699994],[-38.5517666879999,-4.75653419699992],[-38.562407946,-4.76039553899994],[-38.574881752,-4.768070344],[-38.578104171,-4.77205781999995],[-38.5784320369999,-4.77522664899996],[-38.5759651019999,-4.77829989799995],[-38.577243007,-4.78348483999996],[-38.5788561249999,-4.78466342799997],[-38.5769411059999,-4.78917930199995],[-38.579824433,-4.792882152],[-38.5784908629999,-4.79712084599997],[-38.581523946,-4.79893368699995],[-38.5815837389999,-4.80221549099996],[-38.5867686019999,-4.80973300399998],[-38.590746574,-4.812684101],[-38.5948526689999,-4.81132550300001],[-38.597106128,-4.81261349200001],[-38.59696983,-4.81739455799992],[-38.6018591549999,-4.81961413199997],[-38.6011653139999,-4.82193952300001],[-38.611854217,-4.83198647199996],[-38.6111843469999,-4.83397197599992],[-38.612602748,-4.83658733199995],[-38.6152139869999,-4.83831215499995],[-38.620463444,-4.83821596799998],[-38.638966531,-4.85037687099997],[-38.649633492,-4.85088078799991],[-38.65002551,-4.85373693999996],[-38.6537746049999,-4.85504175399992],[-38.6616845529999,-4.86234117399992],[-38.6658560009999,-4.86915794799995],[-38.666523323,-4.87222911499995],[-38.65996751,-4.88037197699992],[-38.657138285,-4.88805526299997],[-38.652740014,-4.88953162299992],[-38.651131966,-4.8927077879999],[-38.6495760869999,-4.89252491399996],[-38.6470784119999,-4.895175719],[-38.6494687709999,-4.90248858799995],[-38.641768616,-4.91401770299998],[-38.6380104729999,-4.91709940199995],[-38.638880015,-4.92761351900001],[-38.647481016,-4.93754861699995],[-38.634325847,-4.92894394299997],[-38.6278293459999,-4.92224781399996],[-38.6255210739999,-4.91281896099999],[-38.6300845179999,-4.91269958099998],[-38.6318348149999,-4.91136155099993],[-38.6305240679999,-4.9086841509999],[-38.6324020539999,-4.90685995799997],[-38.630341222,-4.90089512399991],[-38.6285911269999,-4.89980066299996],[-38.624904016,-4.90101368699996],[-38.592166387,-4.87388699400001],[-38.5678505999999,-4.87800739899996],[-38.559686833,-4.87714988699996],[-38.553248577,-4.88128398099998],[-38.5462455909999,-4.88322755599994],[-38.5281194159999,-4.884065558],[-38.5156136269999,-4.89086995199999],[-38.5060526799999,-4.888795321],[-38.491886436,-4.87981348199999],[-38.4818559089999,-4.87945817299989],[-38.4764422209999,-4.881992596],[-38.472460622,-4.88023636399991],[-38.467438606,-4.88210576200004],[-38.46487969,-4.88162896499993],[-38.46268688,-4.87288223899998],[-38.4495209039999,-4.87895654099996],[-38.446192723,-4.87867282400003],[-38.442636414,-4.87574934799997],[-38.4388024799999,-4.87637734599999],[-38.426157108,-4.89450375099991],[-38.421584857,-4.90362683799997],[-38.4205150339999,-4.91141615100001],[-38.415623951,-4.92687134599989],[-38.4079804469999,-4.94463255299996],[-38.4048718329999,-4.94759400899995],[-38.4068246679999,-4.94893890399995],[-38.414467041,-4.94681041199996],[-38.4185221629999,-4.93983489199995],[-38.4180496609999,-4.93587173099994],[-38.4228833369999,-4.9313219929999],[-38.4250763679999,-4.930883057],[-38.504080625,-4.95646826799995],[-38.506902955,-4.95921640899998],[-38.507043401,-4.96326702899991],[-38.4981237539999,-4.96611666199997],[-38.502753003,-4.97114420399994],[-38.4989357099999,-4.97593742399995],[-38.49981322,-4.97913813699991],[-38.5062655579999,-4.98256856299999],[-38.505501103,-4.98428081599998],[-38.5002745539999,-4.9917016489999],[-38.492269768,-5.00872383099995],[-38.4882131969999,-5.00858744299993],[-38.4849097439999,-5.00535224099994],[-38.4822163499999,-5.007035828],[-38.4812726949999,-5.01021660099999],[-38.4811835509999,-5.02094812900003],[-38.484997204,-5.02593955699992],[-38.4863059889999,-5.030777616],[-38.484823148,-5.03530809099997],[-38.489771675,-5.03920900899995],[-38.4927126469999,-5.04583881399997],[-38.4961873309999,-5.04765625999998],[-38.495410622,-5.05284714899996],[-38.4966347919999,-5.05188056199991],[-38.498413296,-5.05511808099991],[-38.4968266299999,-5.05878062599991],[-38.497102188,-5.07081294599992],[-38.4942463289999,-5.07176697599997],[-38.491321887,-5.07696209199995],[-38.4921942189999,-5.07943090799994],[-38.4893762279999,-5.08321731699997],[-38.4909262619999,-5.08652039799995],[-38.500957012,-5.0859957449999],[-38.6265449099999,-5.06628804199998],[-38.628303032,-5.06886053999993],[-38.626688167,-5.07069203899995],[-38.628804369,-5.07906975299997],[-38.626463857,-5.08176638499999],[-38.6292180799999,-5.08465968900002],[-38.6237715079999,-5.08568686599992],[-38.62410236,-5.08907357499991],[-38.621385154,-5.09111609799991],[-38.622219886,-5.09418174099997],[-38.6209663509999,-5.101867883],[-38.617833816,-5.10354699399994],[-38.616854565,-5.11187928999995],[-38.6191016409999,-5.11550331299995],[-38.6159115349999,-5.12487047899997],[-38.6179094559999,-5.13213591899999],[-38.6143229839999,-5.14188474599998],[-38.611111857,-5.14339899699993],[-38.6121080569999,-5.14867136699998],[-38.677864637,-5.22819412999993],[-38.694760237,-5.22638879099994],[-38.703829971,-5.22302111299993],[-38.7061972499999,-5.21965359399999],[-38.7084504979999,-5.21112355499997],[-38.708518744,-5.20139612599997],[-38.713810647,-5.2027080629999],[-38.7221648609999,-5.19981832799992],[-38.7299727449999,-5.20001584199999],[-38.7397761569999,-5.198028704],[-38.7458542209999,-5.19995380800001],[-38.758052004,-5.19969704200001],[-38.7677323469999,-5.20179102699998],[-38.779743552,-5.20787143500001],[-38.7860355329999,-5.21331619899992],[-38.802704409,-5.21888669199996],[-38.811470546,-5.22407535499993],[-38.8248056399999,-5.24386744799992],[-38.827522762,-5.25144989299996],[-38.834500383,-5.26082646399995],[-38.848076151,-5.28607341799992],[-38.853159433,-5.2896984029999],[-38.8586876589999,-5.29136780899992],[-38.8642542929999,-5.29670903099998],[-38.86876827,-5.29724601799991],[-38.870613169,-5.30158075500003],[-38.8786952789999,-5.31041732499992],[-38.8822457839999,-5.31094717199997],[-38.894316659,-5.30779868999997],[-38.898246276,-5.30912247799999],[-38.9101277119999,-5.31718781599994],[-38.910049788,-5.31829166899997],[-38.9163307539999,-5.32078730599995],[-38.9184500429999,-5.32418543300001],[-38.9183729689999,-5.32738401499999],[-38.921384573,-5.32869363399989],[-38.9242108729999,-5.341277808],[-38.9246661409999,-5.35557211799992],[-38.923250069,-5.36449355599993],[-38.924740978,-5.36974028299998],[-38.923468809,-5.3927606419999],[-38.9214454049999,-5.400291925],[-38.922106083,-5.40375361799999],[-38.925965842,-5.40777133999996],[-38.9261963479999,-5.41157165799999],[-38.9224982459999,-5.41211316299993],[-38.9221880069999,-5.41776367999994],[-38.9203542079999,-5.41949534399993],[-38.92232596,-5.42392162499996],[-38.921830843,-5.42987282599999],[-38.9233032479999,-5.43412279199991],[-38.920911875,-5.43551823699999],[-38.9168001159999,-5.43247938100001],[-38.91119954,-5.43796426399995],[-38.909899954,-5.44248802799998],[-38.9104023479999,-5.44717254499996],[-38.9075436109999,-5.44954262399998],[-38.907167881,-5.45209523899996],[-38.909417583,-5.45173098399992],[-38.911416074,-5.45579257299991],[-38.9079103629999,-5.45761877599993],[-38.908705736,-5.46248178299995],[-38.907322703,-5.46713886399999],[-38.904929388,-5.469826856],[-38.901948674,-5.46982865299995],[-38.9098032479999,-5.59560430399998],[-38.885480559,-5.650520125],[-38.8043936229999,-5.78766074599997],[-38.8091363729999,-5.79572193299992],[-38.8144126119999,-5.79752012099995],[-38.8253026759999,-5.80469149199999],[-38.827935087,-5.80477721399999],[-38.83039533,-5.808611737],[-38.837047642,-5.81346503500001],[-38.8380183369999,-5.81726722599991],[-38.833629792,-5.81955790199991],[-38.837204277,-5.82119528799995],[-38.8396896039999,-5.82025724199997],[-38.8405976079999,-5.83291880499997],[-38.841868603,-5.83452705199991],[-38.8486941459999,-5.83625979799994],[-38.856061431,-5.83477920199991],[-38.8554125169999,-5.84110446999994],[-38.856997177,-5.84329621800001],[-38.8572407519999,-5.84783957899996],[-38.8624360429999,-5.85173404999997],[-38.8605556769999,-5.85506729499997],[-38.865468404,-5.85616670799992],[-38.8701025299999,-5.85973994199997],[-38.873333665,-5.85757830799999],[-38.8810791129999,-5.86032442199992],[-38.88102938,-5.86249133499997],[-38.876390767,-5.86920789599999],[-38.8809177109999,-5.87080368899993],[-38.8815243399999,-5.87235827499997],[-38.8791857189999,-5.87595249499998],[-38.882362263,-5.87836203699996],[-38.883026902,-5.88340658799998],[-38.920161356,-5.94993696399998],[-38.9246612719999,-5.95150564999993],[-38.9286896889999,-5.95125523999999],[-38.9314665269999,-5.949229778],[-38.9340483819999,-5.94963021300002],[-38.934734897,-5.95501776100001],[-38.9382497339999,-5.95747263799998],[-38.9361322079999,-5.96011893000002],[-38.93549499,-5.96543657199989],[-38.9428879659999,-5.96898156299993],[-38.94692082,-5.96935410799995],[-38.947943971,-5.97167075499995],[-38.9453604919999,-5.97649896999994],[-38.947442805,-5.98639372899991],[-38.953332686,-5.98956984899999],[-38.954346339,-5.9946710689999],[-38.953359352,-6.00157678599992],[-38.9485490639999,-6.00314118199995],[-38.9471894599999,-6.00538324299991],[-38.9524033079999,-6.01553762899996],[-38.9561074929999,-6.01665084199996],[-38.959111985,-6.01526854299992],[-38.9622190149999,-6.01907715199999],[-38.962079301,-6.02696335699996],[-38.9647162349999,-6.029588491],[-38.965160835,-6.037794779],[-38.964916146,-6.03977365499994],[-38.961468119,-6.04130040199996],[-38.96083157,-6.047520274],[-38.9674490089999,-6.061198395],[-38.967019447,-6.06631403899997],[-38.9691613859999,-6.07666445399999],[-38.9728366059999,-6.07928141699999],[-38.9729588869999,-6.08213613],[-38.9707539709999,-6.08451624499994],[-38.9736932849999,-6.09330710499996],[-38.9731413109999,-6.09945867899995],[-38.974427394,-6.10183663699995],[-38.9722235559999,-6.10302706999996],[-38.9763849629999,-6.10649730999995],[-38.9809101369999,-6.10395862699994],[-38.98145693,-6.10230793899997],[-38.978278133,-6.09199789499999],[-38.9833724179999,-6.08990194999995],[-38.9859683289999,-6.07919089199996],[-38.988143117,-6.079621075],[-38.989959928,-6.07785568099996],[-38.985516288,-6.06940728699992],[-38.987007784,-6.06549792799994],[-38.9855471069999,-6.06228268400003],[-38.987075443,-6.06198773799994],[-38.985061539,-6.048602308],[-38.9835678069999,-6.04860173399993],[-38.98522347,-6.04494422399991],[-38.986878876,-6.02880622399994],[-38.990934578,-6.02439280399991],[-38.9922967489999,-6.02035542999998],[-38.9951214539999,-6.02199634999995],[-39.007028954,-6.01865550699993],[-39.0111490909999,-6.00737152099996],[-39.0135516049999,-6.00592178799998],[-39.0161151309999,-6.00087552099999],[-39.0218254859999,-6.00932367899999],[-39.027122708,-6.00969763399995],[-39.034026242,-6.00755855099998],[-39.0344153539999,-6.01203342099994],[-39.03006758,-6.02596785299993],[-39.033313123,-6.02836288299993],[-39.039705667,-6.02338205799994],[-39.0433397829999,-6.02842444099997],[-39.0459029519999,-6.02514672599994],[-39.052293834,-6.025870977],[-39.060255001,-6.00913089999994],[-39.058822567,-6.00761693099999],[-39.06072588,-5.99793735799999],[-39.064902897,-5.99914482499997],[-39.068278795,-5.99793711999995],[-39.072498819,-5.99854105699993],[-39.078515124,-5.99173162199995],[-39.087013688,-5.99265279599998],[-39.096744659,-5.98894980399992],[-39.102654902,-5.98339920999994],[-39.1067207119999,-5.98386039000002],[-39.113373534,-5.98917934500001],[-39.114972706,-5.984090093],[-39.1130005749999,-5.97738082299998],[-39.1158333389999,-5.97668665299992],[-39.119775555,-5.97946195999995],[-39.1258109759999,-5.980154893],[-39.130985388,-5.98385536299995],[-39.1357881189999,-5.97922589199996],[-39.138669722,-5.97181244499995],[-39.13763348,-5.96534770700001],[-39.142878339,-5.96777620299995],[-39.1443902709999,-5.96704105699996],[-39.143538547,-5.96180992599994],[-39.145568612,-5.95823126699996],[-39.1497234109999,-5.95758682400003],[-39.15303019,-5.95933001500002],[-39.161389142,-5.95574880199999],[-39.1657846399999,-5.96529108099995],[-39.166586949,-5.96354810299997],[-39.1716881669999,-5.963546236],[-39.171473008,-5.96174080500001],[-39.176918677,-5.96423227],[-39.1814737809999,-5.96450849899993],[-39.187328921,-5.96083520499994],[-39.1980250939999,-5.95721744899993],[-39.1978321789999,-5.96495185599994],[-39.2020015039999,-5.97273948799992],[-39.2046883899999,-5.98836761999999],[-39.210579013,-5.99134154999994],[-39.220527932,-5.99262482799997],[-39.229752904,-5.98904957299993],[-39.232084425,-5.99170047799996],[-39.2353071909999,-6.00094465800003],[-39.2395112959999,-6.00095109699994],[-39.23896307,-5.99607774099995],[-39.2405641819999,-5.99561687300001],[-39.243275432,-5.99862109799998],[-39.2493106259999,-5.99676704199997],[-39.2574398189999,-5.99861392100001],[-39.257193449,-5.99560725],[-39.2610125859999,-5.99768854899998],[-39.2661855639999,-5.99745374399994],[-39.272642517,-5.99988667899998],[-39.277890495,-6.00525192099997],[-39.2811936149999,-6.00546148500002],[-39.28985998,-5.99909031599998],[-39.295445104,-5.99871881999997],[-39.295307652,-5.99284602899998],[-39.297249692,-5.99019088999994],[-39.3057233399999,-5.99295974299998],[-39.310198094,-6.00110728099997],[-39.319193147,-6.00622273200003],[-39.3218082489999,-6.00601828199999],[-39.32733404,-6.00236620199995],[-39.3382774109999,-6.00218859800002],[-39.342191612,-6.00447238499996],[-39.343390718,-6.00896699299998],[-39.3462751939999,-6.01011419299993],[-39.34860988,-6.00737488599995],[-39.348836803,-5.99402504899993],[-39.356195143,-5.99028099299994],[-39.365580727,-5.99232064999995],[-39.3669748129999,-5.98790591699996],[-39.362429364,-5.97855589699994],[-39.36274508,-5.97478095699999],[-39.355101313,-5.96462613399998],[-39.3554571829999,-5.95755999399993],[-39.352110372,-5.95256521699994],[-39.362976871,-5.95268333099993],[-39.363504625,-5.94993799399999],[-39.367599491,-5.94684788999991],[-39.3649471739999,-5.94238781399994],[-39.363742663,-5.93566338099991],[-39.3586181049999,-5.93010814099998],[-39.358829034,-5.92797936899998],[-39.356885068,-5.92592511200001],[-39.3606269769999,-5.92468655700002],[-39.3597087899999,-5.92056817899998],[-39.3641896199999,-5.91761543000001],[-39.3658221089999,-5.91431910599992],[-39.371425495,-5.91369637399992],[-39.3757687289999,-5.91074588499995],[-39.3725869669999,-5.90697267799996],[-39.3669010969999,-5.90663237299995],[-39.3649206399999,-5.901418054],[-39.357399142,-5.89716837299991],[-39.3577038309999,-5.88193397700001],[-39.355266408,-5.87994643999996],[-39.3495118439999,-5.87873848100002],[-39.3511287259999,-5.86876181199994],[-39.3496790689999,-5.86546963899993],[-39.353069129,-5.86608381999996],[-39.3552552289999,-5.86306507699993],[-39.351476759,-5.86265399099994],[-39.342820004,-5.85126970700001],[-39.335899871,-5.85099650599996],[-39.333817901,-5.84797157999996],[-39.3293653209999,-5.84784491399996],[-39.3270329029999,-5.84503273499999],[-39.324031372,-5.84455386599998],[-39.325296645,-5.83542598799993],[-39.331687754,-5.83391250099996],[-39.334584278,-5.83514716699997],[-39.34527992,-5.83177626099995],[-39.343407058,-5.82869099699995],[-39.3441792879999,-5.82402284299995],[-39.3417058519999,-5.81977145699992],[-39.3442102349999,-5.81592565099994],[-39.3415934639999,-5.80810450499994],[-39.3388721179999,-5.80707605699994],[-39.3385896339999,-5.80412647499996],[-39.3345641229999,-5.80165850199996],[-39.327850211,-5.79164242799989],[-39.329895225,-5.78772906199994],[-39.326998239,-5.78541493099994],[-39.433926841,-5.72807331899996],[-39.4517477429999,-5.7379421169999],[-39.457023009,-5.73088008599993],[-39.4563653,-5.72533277499995],[-39.4587780069999,-5.72492580799995],[-39.462949764,-5.71846807599995],[-39.4632509309999,-5.71715465400001],[-39.4598263889999,-5.713024118],[-39.46410402,-5.71362682199997],[-39.4661124469999,-5.71110101699997],[-39.4713984589999,-5.71220779399997],[-39.4728045199999,-5.71059357099998],[-39.475473733,-5.70171343299994],[-39.473589806,-5.69890731600003],[-39.4733916219999,-5.69540529599991],[-39.475284194,-5.69263096899994],[-39.474503719,-5.68922428899998],[-39.4721700869999,-5.68630827699993],[-39.4700835639999,-5.68587173999996],[-39.463970681,-5.68986559499993],[-39.46003828,-5.68816569399996],[-39.451195597,-5.67785974099998],[-39.45094937,-5.67333502599997],[-39.4439080939999,-5.66969123300003],[-39.437642238,-5.66390539199994],[-39.431473715,-5.65491132499997],[-39.441472847,-5.65743382799995],[-39.4539431739999,-5.65143906199992],[-39.4571942839999,-5.65333389299992],[-39.4626782999999,-5.65016718899992],[-39.465296186,-5.64568979399992],[-39.4692245029999,-5.64378925099997],[-39.471747394,-5.64339631999996],[-39.474467861,-5.64631248499992],[-39.4771860819999,-5.64494962099997],[-39.4825151379999,-5.63453505299997],[-39.4806151159999,-5.62446373899995],[-39.483616942,-5.61541251399998],[-39.500653367,-5.61739406499997],[-39.5082835489999,-5.62862448999997],[-39.5114422469999,-5.63100518999995],[-39.5158079729999,-5.62993041200001],[-39.532009262,-5.619116259],[-39.5436030509999,-5.61360809699998],[-39.554816536,-5.61617568199995],[-39.5611733239999,-5.61475938599993],[-39.5714068109999,-5.60759774699997],[-39.5783503929999,-5.61046176299996],[-39.5825233869999,-5.61035980999998],[-39.587859029,-5.60724189699993],[-39.6015146379999,-5.62566617699998],[-39.605878722,-5.62079558099995],[-39.6064633199999,-5.62225479199997],[-39.61850358,-5.62769146299994],[-39.6342419419999,-5.63954668799994],[-39.637639135,-5.63964027599995],[-39.6391896499999,-5.63671896399991],[-39.638362645,-5.63462838699996],[-39.631073612,-5.62597556299992],[-39.630536074,-5.62310440499993],[-39.632313662,-5.60621433799999],[-39.636924338,-5.60597410299991],[-39.641149452,-5.60971453799997],[-39.654790879,-5.61276435499997],[-39.6582854929999,-5.61256592399999],[-39.6621144269999,-5.60949655299995],[-39.664158744,-5.61358102099996],[-39.668093613,-5.61683597999999],[-39.672268773,-5.61809583199995],[-39.6766413169999,-5.62237365399994],[-39.684106428,-5.61419108199999],[-39.6938582839999,-5.61169779700001],[-39.693024592,-5.60415796599993],[-39.6954481689999,-5.60211165399989],[-39.7147098359999,-5.59785616699997],[-39.7373711429999,-5.59612499799991],[-39.737373845,-5.59787731200003],[-39.739265099,-5.59763150999994],[-39.7442600899999,-5.59436585199993],[-39.7450686139999,-5.58176341400001],[-39.750448413,-5.57557642599994],[-39.758561657,-5.58223248000001],[-39.769577316,-5.58314244399998],[-39.771765805,-5.58523243099997],[-39.7723539109999,-5.59067926899998],[-39.775073071,-5.59087133599997],[-39.777253266,-5.58867948799998],[-39.783755625,-5.58750269299996],[-39.7870008429999,-5.58355852399993],[-39.793448402,-5.57960943399994],[-39.8025688059999,-5.57677497200001],[-39.804745322,-5.57166339199991],[-39.8063987099999,-5.57282901199991],[-39.810616325,-5.57199552699996],[-39.8162404729999,-5.56751104499999],[-39.819008509,-5.56736239099994],[-39.82366707,-5.56920557899995],[-39.826488081,-5.57309233699994],[-39.8415214289999,-5.60055829699999],[-39.8478846909999,-5.60361402999995],[-39.8457097199999,-5.60989309899999],[-39.8495960329999,-5.61299976899992],[-39.8493650119999,-5.62161221400001],[-39.851216142,-5.62559734799997],[-39.8549569569999,-5.62885276000002],[-39.859806155,-5.626411382],[-39.8642733219999,-5.62738033499996],[-39.87608284,-5.63879398899992],[-39.878069098,-5.63601813299993],[-39.877329016,-5.62808945599992],[-39.8937832459999,-5.62986420599997],[-39.8996612519999,-5.63301830699998],[-39.9079715969999,-5.64083774899991],[-39.911662364,-5.64122043099996],[-39.9187875169999,-5.63658728799996],[-39.924417806,-5.63696708500003],[-39.925677295,-5.63443425999999],[-39.923678709,-5.62952432899991],[-39.9259076779999,-5.62777026199999],[-39.9261417689999,-5.62227338000001],[-39.928566233,-5.62149150399997],[-39.937452199,-5.62463774399998],[-39.9385240009999,-5.62736233399999],[-39.932080457,-5.63345337600001],[-39.939989614,-5.63309955199995],[-39.9416928359999,-5.63713433499993],[-39.9482958359999,-5.63731984399991],[-39.952326866,-5.63969593199996],[-39.9580928869999,-5.63350854799994],[-39.9551711709999,-5.62845353799994],[-39.958127466,-5.62538294099999],[-39.958409819,-5.61944732299994],[-39.960009789,-5.61852123099996],[-39.963308395,-5.61832155699996],[-39.9664853449999,-5.63159441100002],[-39.9686225349999,-5.63266406899997],[-39.9736177689999,-5.63095223199999],[-39.9818753979999,-5.63473314199994],[-39.9846965069999,-5.63179864999996],[-39.988053505,-5.63165130699992],[-39.9907519229999,-5.63406832399991],[-39.9992974679999,-5.62868916199999],[-40.004857229,-5.628516615],[-40.011299348,-5.62596379699989],[-40.0161592029999,-5.63183523499996],[-40.022683062,-5.63559779699998],[-40.022976404,-5.63719380599994],[-40.0197221069999,-5.63901453299998],[-40.0219011139999,-5.64321968499999],[-40.024574628,-5.64096551699994],[-40.034496443,-5.64116617],[-40.0332006229999,-5.64479762099992],[-40.037187652,-5.64762111399995],[-40.039953862,-5.65661781899996],[-40.0435110239999,-5.66147326299996],[-40.0427924049999,-5.66408773300002],[-40.05011768,-5.67111377199994],[-40.0498344049999,-5.67430957099996],[-40.0468674699999,-5.67525744799998],[-40.0429684009999,-5.68107261199997],[-40.04175179,-5.688986202],[-40.0379225729999,-5.69443805399999],[-40.036271037,-5.70205916399995],[-40.0332347089999,-5.70525925499996],[-40.021835433,-5.71086657900002],[-40.0428828449999,-5.71187645999992],[-40.045348096,-5.70927956799998],[-40.0479495329999,-5.70034686799992],[-40.047792476,-5.69601529399993],[-40.0496101189999,-5.69359712199994],[-40.054047198,-5.69320499199993],[-40.055128205,-5.68845957199995],[-40.0567710379999,-5.68745522699999],[-40.0606256739999,-5.68930468199997],[-40.065328175,-5.68876571799995],[-40.066598007,-5.67685913399998],[-40.0685336,-5.67414548299996],[-40.0715327,-5.67461191799993],[-40.0736062519999,-5.66750807199997],[-40.063532509,-5.65569145099996],[-40.060075593,-5.64641696299997],[-40.054042678,-5.64150738899999],[-40.055388836,-5.63832218899998],[-40.063643186,-5.63609887699996],[-40.057964333,-5.63236718199992],[-40.05268403,-5.62114877599996],[-40.049888078,-5.61923976299992],[-40.052437175,-5.61502283499997],[-40.0516634959999,-5.61025090399994],[-40.059331845,-5.60826270699992],[-40.0585242409999,-5.60062916099998],[-40.0554316199999,-5.59754322999992],[-40.064617664,-5.58977925799993],[-40.0759323939999,-5.58961302899996],[-40.0777690849999,-5.582624229],[-40.066125908,-5.57881361399992],[-40.063829598,-5.57658091699992],[-40.0624510649999,-5.5779664049999],[-40.0535983429999,-5.57424126199995],[-40.050210711,-5.56832432899996],[-40.0450919399999,-5.565917112],[-40.0348909529999,-5.56514046099995],[-40.032499615,-5.55792563899994],[-40.0287637149999,-5.55560402799997],[-40.020271117,-5.53917759300003],[-40.015181789,-5.53562095999999],[-40.0152361859999,-5.53308703299994],[-40.018432735,-5.52928188399996],[-40.013685616,-5.51983112399997],[-40.0212276629999,-5.51360123399998],[-40.025461366,-5.51488901799996],[-40.0258310839999,-5.50884828700002],[-40.031090627,-5.50780938999996],[-40.0306332549999,-5.49835170199998],[-40.0261252899999,-5.49090516499999],[-40.0267393049999,-5.48922453699992],[-40.0326970689999,-5.48552955399992],[-40.038966559,-5.49102892500001],[-40.046042354,-5.48845281399994],[-40.053945684,-5.48793964999993],[-40.047416644,-5.467297844],[-40.049877169,-5.46328483299995],[-40.055781343,-5.46247883899998],[-40.055330135,-5.4564987709999],[-40.057054906,-5.45086729099997],[-40.055984357,-5.44415111599991],[-40.058004897,-5.44105473199995],[-40.0560251159999,-5.434840936],[-40.064164518,-5.43438478900001],[-40.0651590799999,-5.43273247399999],[-40.06071867,-5.43017726999995],[-40.060483817,-5.42852817200001],[-40.0614778419999,-5.42693559799995],[-40.0662672409999,-5.42719134299997],[-40.068085783,-5.42553897599995],[-40.0614630319999,-5.41815465599995],[-40.0616003339999,-5.41270257499994],[-40.06568408,-5.41201974699993],[-40.0609996049999,-5.405338036],[-40.058343322,-5.39856645899995],[-40.061451333,-5.38989205199996],[-40.059253654,-5.38694385599994],[-40.059472935,-5.38329385699999],[-40.0564083679999,-5.37612606799997],[-40.0570641129999,-5.37123822799993],[-40.052092491,-5.36694694299997],[-40.05603407,-5.36423872799997],[-40.0561958899999,-5.35915632400002],[-40.0453953649999,-5.35602601099992],[-40.0408916139999,-5.35245621899995],[-40.0388666929999,-5.35385215],[-40.0342543239999,-5.34959482999999],[-40.031122617,-5.34960284299994],[-40.0263418829999,-5.34521194899998],[-40.0259280279999,-5.344024794],[-40.0285375459999,-5.34193114799995],[-40.022726435,-5.33686411699992],[-40.0242265849999,-5.33325347299997],[-40.0208976289999,-5.32796650699997],[-40.0179080239999,-5.33203001299998],[-40.018962418,-5.33666676999996],[-40.0154718709999,-5.34084203299991],[-40.0113729669999,-5.34142773599995],[-40.00663487,-5.33878613099997],[-40.003633415,-5.339095673],[-40.0005557889999,-5.34191648899999],[-40.000866474,-5.34724447199995],[-39.9951420179999,-5.34725283699992],[-39.993023771,-5.34905124299994],[-39.989444775,-5.34927837499992],[-39.983631088,-5.34511883899993],[-39.9761169349999,-5.34626163099998],[-39.967331713,-5.34403959699997],[-39.9576465389999,-5.33899087999996],[-39.9496441019999,-5.3396334409999],[-39.9371187499999,-5.33444377999997],[-39.930355301,-5.33823536799996],[-39.9294630399999,-5.34256915899992],[-39.931046848,-5.34640660699998],[-39.9336439969999,-5.34854293099991],[-39.9398474729999,-5.34896996099999],[-39.942781887,-5.35088554599993],[-39.943696006,-5.35762817599995],[-39.9423455059999,-5.36004459799995],[-39.9339186069999,-5.36508931799993],[-39.934458561,-5.37622984499994],[-39.9327014829999,-5.37927007699996],[-39.928407044,-5.37955321999995],[-39.925575445,-5.38157348799993],[-39.9235468589999,-5.38836918199999],[-39.921484284,-5.39011152499992],[-39.9192844899999,-5.3902798779999],[-39.914899244,-5.38589644699996],[-39.9132477989999,-5.386120148],[-39.909044431,-5.39150907600001],[-39.897572474,-5.39740754799989],[-39.893826153,-5.39625465],[-39.8924149419999,-5.39164334099993],[-39.8759001439999,-5.37402480099993],[-39.874001184,-5.37495047599997],[-39.8621296189999,-5.37096326999994],[-39.849990982,-5.37200188499997],[-39.8454150719999,-5.36775660799999],[-39.842415579,-5.36800868699997],[-39.8383461499999,-5.372764247],[-39.838316031,-5.37074819499997],[-39.8364996499999,-5.37019733399997],[-39.8324026529999,-5.37481603099995],[-39.827698143,-5.37595378000002],[-39.825034571,-5.382004482],[-39.8188878939999,-5.38309714599998],[-39.8173845219999,-5.38449998999995],[-39.8167088819999,-5.39374972399994],[-39.8144792069999,-5.39311998199998],[-39.8104796559999,-5.38807145399997],[-39.809149843,-5.38233036699995],[-39.807690259,-5.38291175199991],[-39.8042091999999,-5.39365717899994],[-39.799786888,-5.40004099999993],[-39.7825244459999,-5.37941058699996],[-39.771040554,-5.37691210999999],[-39.766600576,-5.37064971099991],[-39.760516443,-5.37013304299998],[-39.7555014939999,-5.36726608799998],[-39.7478780229999,-5.36879414899996],[-39.7466171629999,-5.373820554],[-39.7336041739999,-5.36875525499992],[-39.729522178,-5.37179677599995],[-39.7269626309999,-5.37965876599998],[-39.723037532,-5.38083740699996],[-39.7213784959999,-5.38012590999999],[-39.7205466659999,-5.37707928699998],[-39.709843611,-5.37246017299995],[-39.7066433159999,-5.3678308399999],[-39.7049759509999,-5.36070802999997],[-39.6966524649999,-5.36313359099993],[-39.6905272819999,-5.35739874499999],[-39.6825705869999,-5.36375526799995],[-39.6790584399999,-5.36366498300003],[-39.6676564799999,-5.36276647999992],[-39.665642132,-5.357936771],[-39.66248101,-5.35947977999994],[-39.6594173569999,-5.35571486399993],[-39.6595002139999,-5.35003037999997],[-39.6564389389999,-5.34524998799995],[-39.658906201,-5.34091945599993],[-39.65665397,-5.33695128699995],[-39.6510373979999,-5.34192001599992],[-39.6474848999999,-5.34201403699997],[-39.644013201,-5.33281302699995],[-39.641672146,-5.33209522999997],[-39.6316689169999,-5.33648884899996],[-39.6278302469999,-5.32914026199999],[-39.6298281429999,-5.32579674399993],[-39.628491298,-5.32379411899996],[-39.622327007,-5.32279609699998],[-39.622820384,-5.31644740299996],[-39.626644491,-5.30875751199999],[-39.623757985,-5.25535899399994],[-39.53414106,-5.11904533799999],[-39.5498331969999,-5.11389806599992],[-39.580221863,-5.09581735399995],[-39.585389795,-5.09550525499998],[-39.5935012829999,-5.09816460599992],[-39.597834602,-5.09758353499998],[-39.605838947,-5.08971449499993],[-39.618127161,-5.08170594499996],[-39.617983966,-5.07599492899994],[-39.628603812,-5.06032478399995],[-39.634130205,-5.05488970399993],[-39.6302245219999,-5.04425148299991],[-39.629717808,-5.04327770999989],[-39.502467908,-5.05206476599998],[-39.470267382,-5.01082435800003],[-39.4780385409999,-4.99641094500001],[-39.48041811,-4.980365939],[-39.471557694,-4.974487939],[-39.4662007579999,-4.9636285469999],[-39.4476469799999,-4.95519977099998],[-39.4376102829999,-4.95352943899998],[-39.433136647,-4.95471243999998],[-39.4278611289999,-4.95065782799998],[-39.4216716109999,-4.95041278299995],[-39.422837772,-4.94347024499998],[-39.413913748,-4.9416154149999],[-39.4048279409999,-4.93246700899996],[-39.3993876649999,-4.93130867399996],[-39.396856206,-4.92826519700003],[-39.3939715389999,-4.927977326],[-39.386639059,-4.93607277599995],[-39.3900013899999,-4.94299874599997],[-39.38549918,-4.94634461299994],[-39.385421693,-4.95534957099994],[-39.3804436849999,-4.95737963699996],[-39.37455295,-4.96666349000002],[-39.3758010909999,-4.97211279199996],[-39.3736144569999,-4.97393081300002],[-39.3630868289999,-4.97599067100001],[-39.360942702,-4.98031466899993],[-39.352747614,-4.98255737799994],[-39.35339219,-4.97997852899991],[-39.350106068,-4.97453044899998],[-39.351724827,-4.96946481699997],[-39.354469928,-4.96623911899997],[-39.347883016,-4.96029201999996],[-39.351333038,-4.95531205999994],[-39.355196263,-4.95324713299997],[-39.3558012989999,-4.94984220999989],[-39.3545336519999,-4.94817882099994],[-39.359000028,-4.94362581699997],[-39.3581652329999,-4.93934825999999],[-39.363806949,-4.93598161299995],[-39.365501701,-4.93113865600002],[-39.3627487099999,-4.92725113199997],[-39.3631413859999,-4.92416737199999],[-39.3592278669999,-4.920956888],[-39.358781819,-4.91710288999996],[-39.3607271819999,-4.91402502999996],[-39.359887747,-4.91159045499995],[-39.354249937,-4.90805277899998],[-39.3518630269999,-4.89775390099997],[-39.3484449389999,-4.89740025799992],[-39.3471696119999,-4.89432597999994],[-39.353421169,-4.87955825300001],[-39.3542471769999,-4.8597335709999],[-39.3609969589999,-4.85690259199997],[-39.3607777079999,-4.85510756599996],[-39.358165371,-4.85539341899997],[-39.357835014,-4.85397535799997],[-39.364804191,-4.84956764599997],[-39.3629724209999,-4.846795389],[-39.365808516,-4.84124785899992],[-39.357839676,-4.83752555999996],[-39.3582513859999,-4.8342144179999],[-39.3540551759999,-4.83152603899996],[-39.352696584,-4.82526030599996],[-39.348751819,-4.82257649799993],[-39.347914525,-4.81547222299993],[-39.3452490079999,-4.81238522799996],[-39.34783851,-4.80082498999993],[-39.3412080809999,-4.78876056199994],[-39.3474755399999,-4.78730523899996],[-39.3446161209999,-4.78507904699999],[-39.3453288689999,-4.78173835999996],[-39.343469574,-4.77821391099993],[-39.3462312629999,-4.77663581900004],[-39.3423714289999,-4.77459665399996],[-39.340891612,-4.770699151],[-39.327546304,-4.76272925499993],[-39.3172494399999,-4.75187950799992],[-39.31177211,-4.75355129499994],[-39.3063400469999,-4.75308888999998],[-39.3030949369999,-4.74455644099992],[-39.2989485,-4.74272222199994],[-39.297993788,-4.73854566299996],[-39.2931804779999,-4.73799207199997],[-39.2904196879999,-4.73929248199992],[-39.2924226179999,-4.73526102699996],[-39.296639765,-4.73239764999992],[-39.2979474099999,-4.72656620899998],[-39.2995515869999,-4.724961613],[-39.302443604,-4.72333700599996],[-39.3143468719999,-4.72744670099999],[-39.313341593,-4.72296328899995],[-39.3151198209999,-4.72244364499993],[-39.3192998019999,-4.72469245400001],[-39.3384795089999,-4.74226151999992],[-39.3506113989999,-4.74823906299997],[-39.353444063,-4.75104762000001],[-39.3582759279999,-4.75149824299998],[-39.365614424,-4.743063153],[-39.370524058,-4.74161431399993],[-39.3697494049999,-4.73663000299999],[-39.372246914,-4.73322110399995],[-39.366785306,-4.72577501099998],[-39.3649447939999,-4.72814970899999],[-39.3645305849999,-4.73232820699995],[-39.3669158059999,-4.73666917399995],[-39.362525972,-4.73918860099996],[-39.360083997,-4.73866639699999],[-39.3532531759999,-4.73226976500001],[-39.3475874739999,-4.73114727599995],[-39.342357996,-4.7278073209999],[-39.3276637449999,-4.71519248199994],[-39.322639061,-4.71533492599998],[-39.314665463,-4.70887515600001],[-39.310996006,-4.71043951199996],[-39.3064507639999,-4.70806968399998],[-39.3034457209999,-4.70513592799998],[-39.3012776679999,-4.69788990899998],[-39.298360878,-4.69554746799997],[-39.2949186679999,-4.68923370899996],[-39.293222277,-4.66338117899993],[-39.2859710599999,-4.65933934500001],[-39.28353097,-4.65283569699993],[-39.2696053869999,-4.64802618099998],[-39.26569188,-4.64931283799995],[-39.255170643,-4.64788366299992],[-39.245277009,-4.64309485400001],[-39.2379428739999,-4.64402400799996],[-39.2343327879999,-4.64969195199998],[-39.2288923939999,-4.65248880199991],[-39.2214113319999,-4.65201382599998],[-39.219252335,-4.65349311799996],[-39.213082169,-4.65115041799994],[-39.204273932,-4.65246115999996],[-39.2006650359999,-4.64491088599999],[-39.192720539,-4.64930354299999],[-39.182721966,-4.65063264699991],[-39.181169222,-4.65415272599994],[-39.1794480609999,-4.65450187699996],[-39.172561678,-4.64953039999993],[-39.1691076489999,-4.64360592500001],[-39.1632151979999,-4.64046495299991],[-39.1580564799999,-4.63466457999996],[-39.145881824,-4.63178042099999],[-39.1408351359999,-4.63196923399996],[-39.1368077909999,-4.6297591929999],[-39.1206353059999,-4.6259495479999],[-39.118916825,-4.62668372499998],[-39.1181895859999,-4.63321298299995],[-39.112972337,-4.641578178],[-39.1109950489999,-4.64260615099998],[-39.1093299889999,-4.64290376399991],[-39.100359845,-4.63654271499994],[-39.098299132,-4.64234509899995],[-39.0966056709999,-4.643545869],[-39.089827793,-4.63975729699998],[-39.08111023,-4.63936130400001],[-39.0778901219999,-4.64108801899997],[-39.0744884139999,-4.64859646199992],[-39.0667712359999,-4.65383550899998],[-39.0580241049999,-4.65070625199996],[-39.050636803,-4.642410861],[-39.0464982339999,-4.63998092199994],[-39.039027325,-4.63988118299992],[-39.030166941,-4.64402119700001],[-39.024805476,-4.64107556499991],[-39.022226528,-4.64111185199997],[-39.0129443419999,-4.64465666599992],[-39.0079137289999,-4.65051696199993],[-39.003804319,-4.65133228399998],[-38.99630292,-4.64763682499994],[-38.9913892659999,-4.65308003699992],[-38.9833586999999,-4.65429698999997],[-38.978635072,-4.65803140199996],[-38.9776413829999,-4.66065873000002],[-38.9786289109999,-4.66941789199999],[-38.9759873329999,-4.66984327399993],[-38.966045288,-4.66600849499999],[-38.959545749,-4.66806854499989],[-38.953872716,-4.66736345399992],[-38.9521497879999,-4.67889719999996],[-38.9495730809999,-4.68431103499999],[-38.9613062949999,-4.69617403599992],[-38.9639309139999,-4.69974293099998],[-38.9654159939999,-4.70523898399999],[-38.959984677,-4.71231395599996],[-38.9515444679999,-4.717262881],[-38.9500681129999,-4.72207156099998],[-38.946956226,-4.72524482899998],[-38.9465936619999,-4.7320667509999],[-38.9444854399999,-4.73517965099998],[-38.9434312729999,-4.74121661999998],[-38.938595807,-4.73980329099992],[-38.931126871,-4.74074661199998],[-38.9236574499999,-4.73939144599995],[-38.92162814,-4.73490920599998],[-38.917879311,-4.73153262899994],[-38.9119320019999,-4.72903038999994],[-38.9059863079999,-4.72156724799991],[-38.9017119189999,-4.72018359399989],[-38.9055976109999,-4.71398161599994],[-38.904898281,-4.71307268799996],[-38.891142766,-4.71488779199996],[-38.8891989189999,-4.7117088329999],[-38.883761063,-4.70928614099991],[-38.882128258,-4.70504748299994],[-38.881277305,-4.69400211899999],[-38.8756818809999,-4.69021817199999],[-38.8778577349999,-4.68749287199992],[-38.876071926,-4.68162549200002],[-38.874289598,-4.67965841899997],[-38.869975036,-4.67994475499995],[-38.860034501,-4.66481254099997],[-38.856848061,-4.66450929099992],[-38.8442611909999,-4.67252488499993],[-38.8291871649999,-4.66858846899994],[-38.826156263,-4.67146047799997],[-38.815280028,-4.67267044799998],[-38.81225194,-4.66525388599998],[-38.8043301169999,-4.65723469399993],[-38.803088293,-4.65027532200001],[-38.7908917089999,-4.64754746499992],[-38.788049731,-4.63910223799996],[-38.78250351,-4.64134314699994],[-38.782738405,-4.63181161299998],[-38.7783121669999,-4.62666534399998],[-38.7752014519999,-4.63226122599998],[-38.7723285159999,-4.63226174599991],[-38.7693752649999,-4.63452944499997],[-38.7653363869999,-4.63104867899994],[-38.7629463919999,-4.63225346799995],[-38.7679808029999,-4.62381753599997],[-38.766804078,-4.62276132999998],[-38.763826287,-4.622447004],[-38.7587248809999,-4.624885837],[-38.736078444,-4.61844253599996],[-38.7221662199999,-4.6209290739999],[-38.718810056,-4.61949487699999],[-38.716205878,-4.61410134599995],[-38.7077361489999,-4.611504112],[-38.7067773429999,-4.61223093099991],[-38.701181659,-4.61295472699993]]]}},{"type":"Feature","properties":{"id":"230007","state":"CE","stateCode":"23"},"geometry":{"type":"Polygon","coordinates":[[[-38.322407836,-4.51905652700002],[-38.311686079,-4.52864699699995],[-38.306685501,-4.53105495199995],[-38.3014103889999,-4.53759713200001],[-38.2936063829999,-4.54366565899994],[-38.279489016,-4.54981350099996],[-38.234463959,-4.57454920699998],[-38.229689143,-4.58174412700002],[-38.2161278619999,-4.58870272399997],[-38.210329628,-4.59407788499991],[-38.183603073,-4.62289272099994],[-38.161329503,-4.61874774299999],[-38.158316625,-4.61959719099992],[-38.1529512299999,-4.61708964599993],[-38.1516690009999,-4.61507904900003],[-38.1253599729999,-4.61969388899995],[-38.1216125939999,-4.61742873699994],[-38.1074935819999,-4.61749161799996],[-38.105876794,-4.61424399999995],[-38.1101310659999,-4.60754017399993],[-38.1090667629999,-4.60293188299993],[-38.105320248,-4.59720127899998],[-38.1027510979999,-4.59793798200001],[-38.09794219,-4.59409655599995],[-38.0940776029999,-4.59417577999995],[-38.0851332079999,-4.59015895999994],[-38.082818348,-4.59013880099995],[-38.079383334,-4.593379937],[-38.0689891629999,-4.59454145999999],[-38.0650426929999,-4.59175840299994],[-38.0578067799999,-4.59459913099998],[-38.0491053789999,-4.58973465500001],[-38.041534686,-4.59012976399991],[-38.039223185,-4.59099049999999],[-38.036471389,-4.59483292899995],[-38.025864374,-4.60008206199996],[-38.0216117409999,-4.59786281],[-38.02119349,-4.59455069799998],[-38.0198109249999,-4.59372928099994],[-38.0107377139999,-4.59336578699989],[-38.0083617779999,-4.59582555099994],[-38.0060034429999,-4.59598055999996],[-38.005220009,-4.598001114],[-38.002271283,-4.59812181599993],[-38.0017886539999,-4.59579466499996],[-37.9989621629999,-4.59488797099997],[-37.996697144,-4.59213227699998],[-37.9925052179999,-4.59238144699998],[-37.990073497,-4.58832568499996],[-37.98825619,-4.58901508099997],[-37.986616703,-4.58633352099996],[-37.987265293,-4.58407219799992],[-37.985288621,-4.58272163599999],[-37.9734694579999,-4.61548225699998],[-37.975256744,-4.62633921599998],[-37.9788547539999,-4.63177158499995],[-37.993260196,-4.64445576499998],[-37.9950516199999,-4.652599145],[-37.993237068,-4.66073737099993],[-37.9851209929999,-4.66253476299997],[-37.9692859419999,-4.65897952399997],[-37.9503477059999,-4.65997197899993],[-37.9516937799999,-4.72676336599995],[-37.9574206679999,-4.72692056299999],[-37.8821874609999,-4.84839753199998],[-37.9070143239999,-4.90292328199995],[-37.8888482619999,-4.9326071419999],[-37.820763158,-4.98378169199999],[-37.6770622299999,-5.05227901800003],[-37.6787609039999,-5.05519737899989],[-37.7146559289999,-5.06271488899992],[-37.7250893519999,-5.07062427700003],[-37.7316272629999,-5.08452691599995],[-37.7334224679999,-5.10064118599993],[-37.7400257889999,-5.11018058099999],[-37.7482916519999,-5.11755915199995],[-37.755636397,-5.12879361200002],[-37.7649556059999,-5.13961617199992],[-37.7763098149999,-5.18712071399993],[-37.787416026,-5.20393352499996],[-37.790028912,-5.21094031999999],[-37.789965904,-5.21449899299992],[-37.7829641749999,-5.23226517499998],[-37.7857075649999,-5.24517508599993],[-37.790458284,-5.25495619000001],[-37.791858959,-5.2687713679999],[-37.788984361,-5.27840855199996],[-37.7826056979999,-5.28673701799993],[-37.7831098669999,-5.294815548],[-37.8042858979999,-5.31278665699994],[-37.810210094,-5.31492913999992],[-37.822874639,-5.322940187],[-37.8357124949999,-5.33538659399998],[-37.847470435,-5.3400230529999],[-37.857657436,-5.356723665],[-37.8586404439999,-5.36719553399992],[-37.863736057,-5.37409139899993],[-37.86427524,-5.37835327599996],[-37.859315868,-5.39573445899994],[-37.8604815729999,-5.406685587],[-37.876985059,-5.42738929300001],[-37.8864846429999,-5.44382963399996],[-37.8895409219999,-5.45228823299994],[-37.8922253419999,-5.48075961799997],[-37.8984181669999,-5.48587905999997],[-37.9004202769999,-5.49044449199997],[-37.901577269,-5.49979238],[-37.9106207259999,-5.50393602799993],[-37.9174904009999,-5.50536083999994],[-37.9272725649999,-5.50222962199994],[-37.9326343429999,-5.50310770999995],[-37.934699522,-5.50528436699991],[-37.941650793,-5.52355124000002],[-37.948056476,-5.53464486399997],[-37.96017015,-5.54020921099993],[-37.9756854829999,-5.55077399799992],[-37.99003715,-5.55579792899994],[-37.997893447,-5.56809058499997],[-37.9996701649999,-5.57482703599994],[-37.998327434,-5.5853175409999],[-38.013964092,-5.594398058],[-38.0240616259999,-5.6135623129999],[-38.034269696,-5.63715278399995],[-38.0366829279999,-5.63948872199996],[-38.0533835799999,-5.64610402099992],[-38.0642545159999,-5.65632346799993],[-38.0758499139999,-5.66305946499994],[-38.081985388,-5.67012267599992],[-38.084529666,-5.68426120799993],[-38.082841993,-5.69840335899997],[-38.089693909,-5.71484643899996],[-38.090138261,-5.72023327599991],[-38.088236263,-5.73003770999996],[-38.084844909,-5.72930757499993],[-38.0801569119999,-5.72551477699992],[-38.0732425729999,-5.72357113099994],[-38.0683520269999,-5.72544899299999],[-38.0617667089999,-5.72524486999995],[-38.057503202,-5.72974625499999],[-38.0505906999999,-5.72827976499999],[-38.0470083619999,-5.73026277000001],[-38.0468841839999,-5.732942049],[-38.04965398,-5.73982487],[-38.057536503,-5.74816314599996],[-38.061509223,-5.76205326599993],[-38.0657641709999,-5.76524358699993],[-38.0761553079999,-5.781056153],[-38.1004934039999,-5.80452978499994],[-38.1143609759999,-5.82225543999992],[-38.1158544139999,-5.82939160199991],[-38.118864317,-5.83283477499997],[-38.1161600629999,-5.84314601899992],[-38.116285654,-5.84798677399999],[-38.1205458209999,-5.85834754999996],[-38.12251543,-5.88174014699995],[-38.127639218,-5.89156098399994],[-38.142553883,-5.90164066700003],[-38.1446253129999,-5.91375427499999],[-38.146720127,-5.91617777899997],[-38.164060487,-5.92746279699994],[-38.165437195,-5.93210392399993],[-38.1630131529999,-5.94055761099995],[-38.163779769,-5.94544341099989],[-38.1754312599999,-5.95340151699995],[-38.1835821069999,-5.95022326499996],[-38.192368785,-5.95956447999997],[-38.20601561,-5.96434775899995],[-38.214475343,-5.97429916999991],[-38.2445036149999,-5.99945745],[-38.252692125,-6.01191401099992],[-38.250688221,-6.01410857899994],[-38.2524458669999,-6.02169984700002],[-38.2511794749999,-6.033054488],[-38.2528742569999,-6.03520902000001],[-38.2525690859999,-6.043103051],[-38.2601673849999,-6.04971572300001],[-38.2608319859999,-6.05143971900002],[-38.2591837919999,-6.05378001699994],[-38.2649743919999,-6.05424793500001],[-38.2683007479999,-6.05723918699999],[-38.270033739,-6.06266921399994],[-38.274396285,-6.063785298],[-38.277009231,-6.06995167799995],[-38.2808130069999,-6.07141236999993],[-38.2853876039999,-6.07086815099992],[-38.290789171,-6.07315142600002],[-38.2928456249999,-6.07678604900001],[-38.3004215889999,-6.08107768400002],[-38.303775273,-6.08652266499996],[-38.306501184,-6.08703337699993],[-38.315768289,-6.08189466999993],[-38.3199214469999,-6.07703887699997],[-38.3270887629999,-6.07857106400001],[-38.3324290239999,-6.07814296999993],[-38.3367598,-6.08039740199994],[-38.3392626209999,-6.07858686899998],[-38.3415860659999,-6.07205954399999],[-38.3467829939999,-6.06727727099999],[-38.348323996,-6.06996138499994],[-38.347364381,-6.08070158799997],[-38.3504232569999,-6.08324330699996],[-38.3543796829999,-6.08306686899992],[-38.3559126179999,-6.08635456599998],[-38.361024366,-6.08568006199995],[-38.3662147919999,-6.08829806599994],[-38.3725149379999,-6.08332111999992],[-38.3748800439999,-6.07962466099996],[-38.376982037,-6.07944511799993],[-38.379773116,-6.07331688599994],[-38.3783622599999,-6.06683082499991],[-38.3841569489999,-6.0661554],[-38.3856916039999,-6.06467924199996],[-38.3818384969999,-6.05347026599997],[-38.382977134,-6.05233462599998],[-38.3856475279999,-6.05427039899992],[-38.3904413239999,-6.05329808199993],[-38.394992556,-6.05541083499996],[-38.4015365279999,-6.05349497599999],[-38.4048780109999,-6.05728947499998],[-38.412114859,-6.05925694899995],[-38.4131870589999,-6.05832082599996],[-38.416134352,-6.06196848599995],[-38.4242208479999,-6.06666800899995],[-38.427436138,-6.06937662399998],[-38.4281242259999,-6.07354125199993],[-38.4307047079999,-6.07469663899997],[-38.4330572019999,-6.0781318699999],[-38.4373469679999,-6.07844824299997],[-38.443507001,-6.08470411399996],[-38.447316578,-6.08527772199999],[-38.4457774649999,-6.08954138799997],[-38.443450394,-6.09076378199994],[-38.44327187,-6.09528336899997],[-38.440771172,-6.09687432399998],[-38.445310324,-6.10233863799994],[-38.450196773,-6.10268511899991],[-38.451499971,-6.10672518699996],[-38.4576707569999,-6.10801947199995],[-38.4620852,-6.11232100599995],[-38.470503653,-6.13285993800002],[-38.4734247619999,-6.13600323199994],[-38.4746293589999,-6.143322697],[-38.476415546,-6.14441305299998],[-38.4720657349999,-6.14874920099991],[-38.4736384319999,-6.15379766400001],[-38.478119313,-6.15937644599992],[-38.4870728189999,-6.16516047099996],[-38.49355538,-6.17506152199999],[-38.497428515,-6.176400261],[-38.500758337,-6.17968245499997],[-38.501962834,-6.18381969999999],[-38.501325272,-6.19094707099997],[-38.503087185,-6.19215327399992],[-38.512327397,-6.19211852899999],[-38.518543307,-6.19086193299992],[-38.5272039369999,-6.19337798],[-38.525877249,-6.19939641999997],[-38.5279558239999,-6.20186613499994],[-38.529285906,-6.21374039700001],[-38.519711764,-6.22303755799993],[-38.5429674289999,-6.22948411899997],[-38.552166256,-6.23359967899997],[-38.55475006,-6.23075837699997],[-38.5610335059999,-6.22971183099998],[-38.568559383,-6.22160683999993],[-38.5723823499999,-6.21297523899995],[-38.571375572,-6.20802495799998],[-38.579455813,-6.20761044099998],[-38.588773163,-6.20119313499996],[-38.592257432,-6.19582453799993],[-38.592934165,-6.18992826599994],[-38.5973115199999,-6.18792977399997],[-38.6000075159999,-6.18477246599995],[-38.5986631069999,-6.18182256199994],[-38.599675892,-6.177504713],[-38.6028216939999,-6.17413712299998],[-38.6092164129999,-6.17277433299993],[-38.611015853,-6.17045705399996],[-38.615277845,-6.16919785799995],[-38.630962884,-6.17392243299998],[-38.632772793,-6.17749435899994],[-38.6355225159999,-6.17899293099994],[-38.643676857,-6.18064052899993],[-38.650270037,-6.18468064599998],[-38.655051521,-6.18468910199997],[-38.656802931,-6.19238347399996],[-38.6604330829999,-6.19155891199996],[-38.6619370559999,-6.19572465999992],[-38.6691667269999,-6.197071696],[-38.669605877,-6.20114411099999],[-38.67327406,-6.20301025399993],[-38.6762141759999,-6.20259708199995],[-38.6792872719999,-6.20691882999994],[-38.6796582959999,-6.21087685199995],[-38.685580889,-6.21176925899992],[-38.6943810099999,-6.20699885400001],[-38.70770717,-6.20656961199992],[-38.721028056,-6.2000010429999],[-38.7264202199999,-6.20079423399998],[-38.728434665,-6.19801584699996],[-38.7271112679999,-6.19297943499989],[-38.733523813,-6.1829782359999],[-38.736073403,-6.16692424699995],[-38.7320633189999,-6.15185797600002],[-38.7201144429999,-6.13488809899995],[-38.7176951909999,-6.12308764199995],[-38.711247482,-6.11640837100003],[-38.7109143039999,-6.11042767499989],[-38.71538553,-6.11517925199992],[-38.7206640869999,-6.11734166299997],[-38.7231071639999,-6.12187611299989],[-38.7273821829999,-6.12122212599996],[-38.7337446469999,-6.12434153199997],[-38.7370250789999,-6.11785305699991],[-38.74174941,-6.11765943299996],[-38.7461890169999,-6.11531712099998],[-38.7450511549999,-6.11220051699993],[-38.7459368299999,-6.11157817999997],[-38.758080314,-6.11322256999994],[-38.759639575,-6.11692588199993],[-38.7665201009999,-6.12406621099992],[-38.7804929439999,-6.11866735299996],[-38.781075596,-6.11599244099998],[-38.784643279,-6.11504045999991],[-38.787803923,-6.12053416799997],[-38.8009766989999,-6.12175472899999],[-38.8045526909999,-6.12969876899993],[-38.8064491959999,-6.1287516849999],[-38.807569288,-6.13220686999998],[-38.8108017659999,-6.13237933399993],[-38.8134297879999,-6.13600878099996],[-38.8208941,-6.1376441919999],[-38.820661499,-6.12597386899992],[-38.8229406559999,-6.12404323799997],[-38.8284421769999,-6.12519797299994],[-38.8306050749999,-6.12747825899996],[-38.834495045,-6.12672792499996],[-38.835995216,-6.13079964999997],[-38.8398562439999,-6.13045763699993],[-38.842526875,-6.13559126899995],[-38.844687044,-6.13559003499994],[-38.847139216,-6.132020429],[-38.8492230809999,-6.13156246999995],[-38.8507753919999,-6.13795953999998],[-38.8616944939999,-6.13395325199995],[-38.863721708,-6.13871302999996],[-38.871488336,-6.14033898899995],[-38.8767590489999,-6.14695641599999],[-38.879076488,-6.14776995399998],[-38.88365608,-6.14452108599995],[-38.8862838319999,-6.14603962899999],[-38.890088423,-6.14521880300003],[-38.9044039079999,-6.13964963300002],[-38.907907442,-6.11303218499993],[-38.9076889539999,-6.08522568199993],[-38.9130521319999,-6.08758467899998],[-38.9183043209999,-6.08566286399996],[-38.9242745879999,-6.08578122799999],[-38.930194289,-6.08133061799998],[-38.939328191,-6.07888504299996],[-38.9497198329999,-6.08114761299992],[-38.9576064219999,-6.08601555099992],[-38.960885287,-6.09147321199993],[-38.9701042799999,-6.09426871899996],[-38.9722235559999,-6.10302706999996],[-38.974427394,-6.10183663699995],[-38.9731413109999,-6.09945867899995],[-38.9736932849999,-6.09330710499996],[-38.9707539709999,-6.08451624499994],[-38.9729588869999,-6.08213613],[-38.9728366059999,-6.07928141699999],[-38.9691613859999,-6.07666445399999],[-38.967019447,-6.06631403899997],[-38.9674490089999,-6.061198395],[-38.96083157,-6.047520274],[-38.961468119,-6.04130040199996],[-38.964916146,-6.03977365499994],[-38.965160835,-6.037794779],[-38.9647162349999,-6.029588491],[-38.962079301,-6.02696335699996],[-38.9622190149999,-6.01907715199999],[-38.959111985,-6.01526854299992],[-38.9561074929999,-6.01665084199996],[-38.9524033079999,-6.01553762899996],[-38.9471894599999,-6.00538324299991],[-38.9485490639999,-6.00314118199995],[-38.953359352,-6.00157678599992],[-38.954346339,-5.9946710689999],[-38.953332686,-5.98956984899999],[-38.947442805,-5.98639372899991],[-38.9453604919999,-5.97649896999994],[-38.947943971,-5.97167075499995],[-38.94692082,-5.96935410799995],[-38.9428879659999,-5.96898156299993],[-38.93549499,-5.96543657199989],[-38.9361322079999,-5.96011893000002],[-38.9382497339999,-5.95747263799998],[-38.934734897,-5.95501776100001],[-38.9340483819999,-5.94963021300002],[-38.9314665269999,-5.949229778],[-38.9286896889999,-5.95125523999999],[-38.9246612719999,-5.95150564999993],[-38.920161356,-5.94993696399998],[-38.883026902,-5.88340658799998],[-38.882362263,-5.87836203699996],[-38.8791857189999,-5.87595249499998],[-38.8815243399999,-5.87235827499997],[-38.8809177109999,-5.87080368899993],[-38.876390767,-5.86920789599999],[-38.88102938,-5.86249133499997],[-38.8810791129999,-5.86032442199992],[-38.873333665,-5.85757830799999],[-38.8701025299999,-5.85973994199997],[-38.865468404,-5.85616670799992],[-38.8605556769999,-5.85506729499997],[-38.8624360429999,-5.85173404999997],[-38.8572407519999,-5.84783957899996],[-38.856997177,-5.84329621800001],[-38.8554125169999,-5.84110446999994],[-38.856061431,-5.83477920199991],[-38.8486941459999,-5.83625979799994],[-38.841868603,-5.83452705199991],[-38.8405976079999,-5.83291880499997],[-38.8396896039999,-5.82025724199997],[-38.837204277,-5.82119528799995],[-38.833629792,-5.81955790199991],[-38.8380183369999,-5.81726722599991],[-38.837047642,-5.81346503500001],[-38.83039533,-5.808611737],[-38.827935087,-5.80477721399999],[-38.8253026759999,-5.80469149199999],[-38.8144126119999,-5.79752012099995],[-38.8091363729999,-5.79572193299992],[-38.8043936229999,-5.78766074599997],[-38.885480559,-5.650520125],[-38.9098032479999,-5.59560430399998],[-38.901948674,-5.46982865299995],[-38.904929388,-5.469826856],[-38.907322703,-5.46713886399999],[-38.908705736,-5.46248178299995],[-38.9079103629999,-5.45761877599993],[-38.911416074,-5.45579257299991],[-38.909417583,-5.45173098399992],[-38.907167881,-5.45209523899996],[-38.9075436109999,-5.44954262399998],[-38.9104023479999,-5.44717254499996],[-38.909899954,-5.44248802799998],[-38.91119954,-5.43796426399995],[-38.9168001159999,-5.43247938100001],[-38.920911875,-5.43551823699999],[-38.9233032479999,-5.43412279199991],[-38.921830843,-5.42987282599999],[-38.92232596,-5.42392162499996],[-38.9203542079999,-5.41949534399993],[-38.9221880069999,-5.41776367999994],[-38.9224982459999,-5.41211316299993],[-38.9261963479999,-5.41157165799999],[-38.925965842,-5.40777133999996],[-38.922106083,-5.40375361799999],[-38.9214454049999,-5.400291925],[-38.924742462,-5.37976138399995],[-38.924740978,-5.36974028299998],[-38.923250069,-5.36449355599993],[-38.9246661409999,-5.35557211799992],[-38.923572468,-5.33652541799998],[-38.921384573,-5.32869363399989],[-38.9183729689999,-5.32738401499999],[-38.918163007,-5.32327622299991],[-38.915753942,-5.320347677],[-38.910049788,-5.31829166899997],[-38.9101277119999,-5.31718781599994],[-38.895109361,-5.30789260499992],[-38.8822457839999,-5.31094717199997],[-38.8786952789999,-5.31041732499992],[-38.870613169,-5.30158075500003],[-38.86876827,-5.29724601799991],[-38.8642542929999,-5.29670903099998],[-38.8586876589999,-5.29136780899992],[-38.853159433,-5.2896984029999],[-38.848076151,-5.28607341799992],[-38.834500383,-5.26082646399995],[-38.827522762,-5.25144989299996],[-38.8248056399999,-5.24386744799992],[-38.811470546,-5.22407535499993],[-38.802704409,-5.21888669199996],[-38.7860355329999,-5.21331619899992],[-38.77252049,-5.20381628999996],[-38.764520004,-5.20077504099992],[-38.7458542209999,-5.19995380800001],[-38.7397761569999,-5.198028704],[-38.7299727449999,-5.20001584199999],[-38.7221648609999,-5.19981832799992],[-38.713810647,-5.2027080629999],[-38.708518744,-5.20139612599997],[-38.7084504979999,-5.21112355499997],[-38.7061972499999,-5.21965359399999],[-38.703829971,-5.22302111299993],[-38.694760237,-5.22638879099994],[-38.677864637,-5.22819412999993],[-38.6121080569999,-5.14867136699998],[-38.611111857,-5.14339899699993],[-38.6143229839999,-5.14188474599998],[-38.6179094559999,-5.13213591899999],[-38.6159115349999,-5.12487047899997],[-38.6191016409999,-5.11550331299995],[-38.616854565,-5.11187928999995],[-38.617833816,-5.10354699399994],[-38.6209663509999,-5.101867883],[-38.622219886,-5.09418174099997],[-38.621385154,-5.09111609799991],[-38.62410236,-5.08907357499991],[-38.6237715079999,-5.08568686599992],[-38.6292180799999,-5.08465968900002],[-38.626463857,-5.08176638499999],[-38.628804369,-5.07906975299997],[-38.626688167,-5.07069203899995],[-38.628303032,-5.06886053999993],[-38.6265449099999,-5.06628804199998],[-38.500957012,-5.0859957449999],[-38.4909262619999,-5.08652039799995],[-38.489750287,-5.08495989699999],[-38.4893762279999,-5.08321731699997],[-38.4921942189999,-5.07943090799994],[-38.491321887,-5.07696209199995],[-38.4942463289999,-5.07176697599997],[-38.496942144,-5.071455875],[-38.497853181,-5.06665730299998],[-38.4964053089999,-5.06462634499997],[-38.4968266299999,-5.05878062599991],[-38.498413296,-5.05511808099991],[-38.4966347919999,-5.05188056199991],[-38.495410622,-5.05284714899996],[-38.4961873309999,-5.04765625999998],[-38.4927126469999,-5.04583881399997],[-38.489771675,-5.03920900899995],[-38.484823148,-5.03530809099997],[-38.4863059889999,-5.030777616],[-38.484997204,-5.02593955699992],[-38.4811835509999,-5.02094812900003],[-38.4814602549999,-5.00880033799997],[-38.4828005849999,-5.00641133200001],[-38.4854336219999,-5.00528480999996],[-38.4882131969999,-5.00858744299993],[-38.492269768,-5.00872383099995],[-38.5002745539999,-4.9917016489999],[-38.505501103,-4.98428081599998],[-38.5062655579999,-4.98256856299999],[-38.49981322,-4.97913813699991],[-38.4989357099999,-4.97593742399995],[-38.502753003,-4.97114420399994],[-38.4981237539999,-4.96611666199997],[-38.507043401,-4.96326702899991],[-38.506902955,-4.95921640899998],[-38.504080625,-4.95646826799995],[-38.4250763679999,-4.930883057],[-38.4228833369999,-4.9313219929999],[-38.4180496609999,-4.93587173099994],[-38.4185221629999,-4.93983489199995],[-38.414467041,-4.94681041199996],[-38.4068246679999,-4.94893890399995],[-38.4048718329999,-4.94759400899995],[-38.4079804469999,-4.94463255299996],[-38.415623951,-4.92687134599989],[-38.4205150339999,-4.91141615100001],[-38.421584857,-4.90362683799997],[-38.426157108,-4.89450375099991],[-38.4388024799999,-4.87637734599999],[-38.442636414,-4.87574934799997],[-38.446192723,-4.87867282400003],[-38.4495209039999,-4.87895654099996],[-38.46268688,-4.87288223899998],[-38.46487969,-4.88162896499993],[-38.467438606,-4.88210576200004],[-38.472460622,-4.88023636399991],[-38.4764422209999,-4.881992596],[-38.4818559089999,-4.87945817299989],[-38.491886436,-4.87981348199999],[-38.5060526799999,-4.888795321],[-38.5156136269999,-4.89086995199999],[-38.5281194159999,-4.884065558],[-38.5462455909999,-4.88322755599994],[-38.553248577,-4.88128398099998],[-38.559686833,-4.87714988699996],[-38.5678505999999,-4.87800739899996],[-38.592166387,-4.87388699400001],[-38.624904016,-4.90101368699996],[-38.6285911269999,-4.89980066299996],[-38.630341222,-4.90089512399991],[-38.6324020539999,-4.90685995799997],[-38.6305240679999,-4.9086841509999],[-38.6318348149999,-4.91136155099993],[-38.6300845179999,-4.91269958099998],[-38.6255210739999,-4.91281896099999],[-38.6278293459999,-4.92224781399996],[-38.634325847,-4.92894394299997],[-38.647481016,-4.93754861699995],[-38.638880015,-4.92761351900001],[-38.6380104729999,-4.91709940199995],[-38.641768616,-4.91401770299998],[-38.6494687709999,-4.90248858799995],[-38.6470784119999,-4.895175719],[-38.6495760869999,-4.89252491399996],[-38.651131966,-4.8927077879999],[-38.652740014,-4.88953162299992],[-38.657138285,-4.88805526299997],[-38.65996751,-4.88037197699992],[-38.666523323,-4.87222911499995],[-38.6660782009999,-4.86968680499993],[-38.6616845529999,-4.86234117399992],[-38.6537746049999,-4.85504175399992],[-38.65002551,-4.85373693999996],[-38.649633492,-4.85088078799991],[-38.638966531,-4.85037687099997],[-38.620463444,-4.83821596799998],[-38.6152139869999,-4.83831215499995],[-38.612602748,-4.83658733199995],[-38.6111843469999,-4.83397197599992],[-38.611854217,-4.83198647199996],[-38.6011653139999,-4.82193952300001],[-38.6018591549999,-4.81961413199997],[-38.59696983,-4.81739455799992],[-38.597106128,-4.81261349200001],[-38.5948526689999,-4.81132550300001],[-38.590746574,-4.812684101],[-38.5867686019999,-4.80973300399998],[-38.5815837389999,-4.80221549099996],[-38.581523946,-4.79893368699995],[-38.5784908629999,-4.79712084599997],[-38.579824433,-4.792882152],[-38.5769411059999,-4.78917930199995],[-38.5788561249999,-4.78466342799997],[-38.577243007,-4.78348483999996],[-38.5759651019999,-4.77829989799995],[-38.5784320369999,-4.77522664899996],[-38.578104171,-4.77205781999995],[-38.574881752,-4.768070344],[-38.562407946,-4.76039553899994],[-38.5517666879999,-4.75653419699992],[-38.5397696839999,-4.75720218699994],[-38.527742122,-4.74653698999991],[-38.525938766,-4.74100775999992],[-38.5229473949999,-4.73736069199996],[-38.5233866629999,-4.73584819099996],[-38.519907892,-4.73499464799996],[-38.519746039,-4.7310544759999],[-38.525192642,-4.72625251199997],[-38.532879198,-4.70813168199996],[-38.5325783369999,-4.70150033300002],[-38.5296894429999,-4.700077876],[-38.528022203,-4.69525883399996],[-38.529438317,-4.6807837339999],[-38.523970772,-4.67620588099994],[-38.5158871299999,-4.67342775299995],[-38.5125991989999,-4.66713394799993],[-38.5071658629999,-4.66223364999994],[-38.5062379179999,-4.658389214],[-38.5002179469999,-4.65327345299992],[-38.4907748469999,-4.65102227699991],[-38.476605207,-4.65010250099994],[-38.467324565,-4.64591710899991],[-38.4638578349999,-4.65056163399989],[-38.4587662829999,-4.654091314],[-38.4499417759999,-4.65123638299995],[-38.4485266629999,-4.64966210999999],[-38.448744688,-4.64517219799994],[-38.433657089,-4.63692075199995],[-38.4301569519999,-4.63188375100001],[-38.4217698369999,-4.62439675799995],[-38.421996024,-4.61867852399994],[-38.4084058789999,-4.607224258],[-38.404520749,-4.59598653099991],[-38.3920829429999,-4.58858620099992],[-38.388993194,-4.57925189799996],[-38.387474602,-4.57879432999994],[-38.3833821819999,-4.58220538500001],[-38.373625205,-4.58128639599991],[-38.369129411,-4.57673189000002],[-38.368900142,-4.57126969599998],[-38.371536323,-4.56478548300001],[-38.3680328999999,-4.56148266099993],[-38.369097364,-4.54771512099998],[-38.36501296,-4.54099774500001],[-38.3667092539999,-4.53920102899994],[-38.367641939,-4.54068120299993],[-38.3690456599999,-4.54033904199996],[-38.369399614,-4.53499461399996],[-38.372934586,-4.53082052199994],[-38.381525272,-4.52798470599994],[-38.382322476,-4.51876829899998],[-38.364358101,-4.50731820899991],[-38.3606326129999,-4.50087428900001],[-38.3585752209999,-4.50477487199988],[-38.3468206739999,-4.51339880799995],[-38.322407836,-4.51905652700002]]]}},{"type":"Feature","properties":{"id":"230018","state":"CE","stateCode":"23"},"geometry":{"type":"Polygon","coordinates":[[[-40.8492795839999,-2.87738086499992],[-40.844569594,-2.88478962700001],[-40.8421238159999,-2.88479013899996],[-40.8397356909999,-2.880551587],[-40.8299881309999,-2.87720618699996],[-40.8157644829999,-2.877417157],[-40.8115954429999,-2.87470944999995],[-40.79302447947577,-2.8680172481067814],[-40.5901,-2.8464],[-40.57290744172265,-2.840927905211503],[-40.57331522,-2.84230402199996],[-40.584859619,-2.848441367],[-40.5827883279999,-2.85316214399998],[-40.577315455,-2.85935762199994],[-40.577259292,-2.86705658599995],[-40.5737125189999,-2.86653007799991],[-40.560811343,-2.88167997700002],[-40.5378249289999,-2.88546091599994],[-40.529237994,-2.88869933099992],[-40.5284253209999,-2.89150498899998],[-40.530433617,-2.898787357],[-40.5327313239999,-2.90085216199994],[-40.53411985,-2.90505891299993],[-40.532437473,-2.90843259599993],[-40.533533979,-2.91559738199996],[-40.5264494669999,-2.92100044699992],[-40.5238216389999,-2.9275857989999],[-40.5256508409999,-2.93553626199993],[-40.5288399549999,-2.94055961299998],[-40.5285717949999,-2.94394227299991],[-40.526576225,-2.94741872699996],[-40.517219025,-2.95346491899993],[-40.5118555129999,-2.954020779],[-40.4943460099999,-3.06367502],[-40.510052835,-3.10820046999997],[-40.5734565999999,-3.13648046899996],[-40.686310821,-3.08035338599992],[-40.7510415169999,-3.05078058],[-40.7275832759999,-3.13009068],[-40.715314443,-3.19477460199989],[-40.709116035,-3.21346705099993],[-40.7147605759999,-3.21994743899993],[-40.7146277319999,-3.22898309099995],[-40.709902828,-3.23448484399999],[-40.7042214419999,-3.23658192599994],[-40.69919098,-3.23448805199998],[-40.695587572,-3.23487156599992],[-40.6922509059999,-3.23806666499998],[-40.6918693179999,-3.24140846999997],[-40.692450811,-3.24247528799996],[-40.8333158569999,-3.21136249299997],[-40.8328977069999,-3.21444801300001],[-40.83571281,-3.21737258699997],[-40.8389016299999,-3.22474704299995],[-40.8380412029999,-3.22909313699993],[-40.835377623,-3.2312999709999],[-40.829068427,-3.23072743699997],[-40.827203825,-3.23642973599997],[-40.8293478609999,-3.23904905599999],[-40.8375733879999,-3.23950958699988],[-40.839701396,-3.24122657299993],[-40.839545923,-3.24285373999993],[-40.8326563199999,-3.24617405099994],[-40.821231691,-3.2601619439999],[-40.827376234,-3.25931463099998],[-40.8350443099999,-3.26077136399997],[-40.838649462,-3.26305458599997],[-40.8392638189999,-3.26755603499992],[-40.824982234,-3.27521506499992],[-40.8182662789999,-3.27199222099998],[-40.8137072609999,-3.27174859099999],[-40.8125707519999,-3.27458842799994],[-40.817149902,-3.28237213999996],[-40.8151801129999,-3.28479859399989],[-40.8181796309999,-3.28659847599996],[-40.818095666,-3.29160160799994],[-40.8208757209999,-3.29621540899996],[-40.8297647759999,-3.29977190899995],[-40.835510669,-3.30613815199994],[-40.8390366189999,-3.30806855599995],[-40.8424890029999,-3.30924469799994],[-40.847321109,-3.30785794999995],[-40.852145075,-3.31123712199993],[-40.852989885,-3.317281291],[-40.8492611829999,-3.31945414800001],[-40.850681647,-3.32223059399997],[-40.8490133989999,-3.32509017299996],[-40.850650103,-3.32784303599989],[-40.8494041649999,-3.32954499599994],[-40.85587335,-3.34294546099992],[-40.862567574,-3.3470856719999],[-40.8649043199999,-3.35129313699994],[-40.8719038679999,-3.35541210799996],[-40.87377605,-3.35936340899994],[-40.880446181,-3.36460722299997],[-40.878181584,-3.37018296599998],[-40.8395529509999,-3.35846190299996],[-40.823923227,-3.36225937899993],[-40.8268711649999,-3.37142784099996],[-40.825743685,-3.37831070999994],[-40.8307925619999,-3.37797325600001],[-40.836720354,-3.380088924],[-40.8444637599999,-3.40089002499997],[-40.8488009149999,-3.40446623600002],[-40.8530354069999,-3.41130232699995],[-40.851599821,-3.41326219599992],[-40.852289677,-3.41943080399998],[-40.8489770129999,-3.42840034299995],[-40.849115108,-3.43231975299998],[-40.858549167,-3.44000093399995],[-40.8649541179999,-3.45029235499997],[-40.8687058129999,-3.46075276599993],[-40.86804527,-3.46357249899998],[-40.8692349639999,-3.46595820799994],[-40.8674574909999,-3.47331949499992],[-40.868483322,-3.47973103599999],[-40.883451203,-3.48752862299998],[-40.883636969,-3.49776528300002],[-40.8805869369999,-3.50016024099992],[-40.8747759199999,-3.50016969799999],[-40.869949548,-3.50748028399995],[-40.8736107129999,-3.51238611499995],[-40.8888466339999,-3.52244283499991],[-41.003443812,-3.42267730000001],[-41.013354956,-3.420742907],[-41.0157141509999,-3.41815459999998],[-41.017702819,-3.41158920999998],[-41.020579382,-3.41137591199991],[-41.023914475,-3.40842380599998],[-41.0519025429999,-3.40262863600002],[-41.0488992969999,-3.39147645699994],[-41.0566557239999,-3.39037256799997],[-41.088108736,-3.37175659399997],[-41.0979178639999,-3.370030905],[-41.1030002869999,-3.36697189199993],[-41.112908239,-3.36545257099991],[-41.114343265,-3.36379614699999],[-41.120765721,-3.36342139899997],[-41.125382628,-3.36144699399996],[-41.135355114,-3.36318028599993],[-41.141510422,-3.35954949299998],[-41.149173357,-3.36320157599991],[-41.170057883,-3.28761791599994],[-41.2258488819999,-3.46689604800001],[-41.231125224,-3.46330541600002],[-41.233767088,-3.46355030599995],[-41.23866402,-3.47643096499997],[-41.243784337,-3.47781806399998],[-41.251371428,-3.48725456199997],[-41.2620751919999,-3.48552201899995],[-41.2750632919999,-3.48563140199996],[-41.287315254,-3.47932829899997],[-41.299172707,-3.49104068699996],[-41.303029957,-3.49218259399995],[-41.319738983,-3.48408694699998],[-41.3269804029999,-3.446300579],[-41.324683384,-3.42641915099999],[-41.324049276,-3.38592407699998],[-41.3443099139999,-3.38816097399995],[-41.346785843,-3.38552602599999],[-41.350420238,-3.38820364599992],[-41.352175705,-3.38770044299996],[-41.3598208109999,-3.39102179699996],[-41.3622599609999,-3.39322497499993],[-41.3620366019999,-3.39823557499998],[-41.366508476,-3.39692274299999],[-41.3754245699999,-3.39907043599997],[-41.386990607,-3.40929839099996],[-41.3860658829999,-3.40042473999993],[-41.387021648,-3.39000792099992],[-41.392073265,-3.38506431899998],[-41.39525289,-3.38509587499993],[-41.399146832,-3.38828149599991],[-41.40019928,-3.38528079999997],[-41.398530074,-3.37692190299996],[-41.401371803,-3.36725001899995],[-41.399086164,-3.363586971],[-41.4057034139999,-3.36258178399998],[-41.4187177479999,-3.37048897699998],[-41.4215959509999,-3.37054309300002],[-41.423518009,-3.36800652200001],[-41.423310899,-3.36442481099997],[-41.4152145789999,-3.35263535099999],[-41.412317737,-3.34069730199997],[-41.397965039,-3.327546738],[-41.4005977269999,-3.32024909599998],[-41.3953780839999,-3.31068568599996],[-41.3946996469999,-3.30654403099994],[-41.395858556,-3.30409848499993],[-41.3224851299999,-3.17979278699992],[-41.3258817569999,-3.17579957299993],[-41.325211195,-3.17160470499996],[-41.328710736,-3.16159313599999],[-41.3238767779999,-3.15747561599992],[-41.319350378,-3.15007732299991],[-41.3191566259999,-3.14534279299997],[-41.311348982,-3.13637699899992],[-41.2944037869999,-3.1228363009999],[-41.29345718,-3.11901302799994],[-41.288994079,-3.11721438999999],[-41.285460349,-3.11327766499996],[-41.284428829,-3.10762569599994],[-41.2858204629999,-3.10327502399993],[-41.2722925569999,-3.10091444999992],[-41.2695684049999,-3.09875717299997],[-41.267961865,-3.09383927799993],[-41.2566514609999,-3.08801493099993],[-41.2557097919999,-3.07966251199995],[-41.2583193459999,-3.07596980999995],[-41.256528402,-3.07169255799991],[-41.261349531,-3.06707423099997],[-41.259513864,-3.05991597299993],[-41.262067469,-3.05064840099998],[-41.253766771,-3.03758918900001],[-41.255319776,-3.03273490999991],[-41.25459763,-3.03120075099998],[-41.24895788,-3.03044116099992],[-41.249064668,-3.02652867499995],[-41.253124679,-3.02418036299998],[-41.255814113,-3.02019686399998],[-41.25737884,-3.01606975999992],[-41.257125129,-3.00464470099998],[-41.2695435579999,-2.98507960199996],[-41.2712633179999,-2.97161212299997],[-41.2835113029999,-2.9676481989999],[-41.298442732,-2.96840160999999],[-41.3151221639999,-2.96153138999996],[-41.3207420639999,-2.95644386299994],[-41.3232867579999,-2.94794711199998],[-41.321564915,-2.93541639699997],[-41.32268131,-2.92131957399994],[-41.101714053,-2.90094797899998],[-41.0402661979999,-2.89492992399996],[-41.02073646550785,-2.892275073045696],[-41.009185723,-2.89208293599995],[-41.0041707568721,-2.890510352325116],[-40.85946244084584,-2.875094786993937],[-40.85022315103294,-2.874110538958748],[-40.8487094379999,-2.87466768899996],[-40.8492795839999,-2.87738086499992]]]}},{"type":"Feature","properties":{"id":"230002","state":"CE","stateCode":"23"},"geometry":{"type":"Polygon","coordinates":[[[-39.1660150119999,-3.33033032600001],[-39.1685752179999,-3.33157180099996],[-39.175449998,-3.32991084899994],[-39.181055143,-3.33823771299995],[-39.1810250039999,-3.34102614099991],[-39.196050048,-3.34568843799993],[-39.1973058,-3.34994777799993],[-39.2035496289999,-3.35586538899998],[-39.2079664469999,-3.35675385399996],[-39.216084459,-3.35080706499998],[-39.225024467,-3.35304311499997],[-39.227413886,-3.35550349299998],[-39.2386105789999,-3.35964337099993],[-39.255537357,-3.35997145699999],[-39.2505388159999,-3.37104913299997],[-39.2551345869999,-3.37627354699996],[-39.261642963,-3.37827431199995],[-39.263404614,-3.38198306999996],[-39.2630154959999,-3.38561808999997],[-39.25355974,-3.39657964599994],[-39.2506084859999,-3.4048192929999],[-39.2503370629999,-3.41190645099992],[-39.2536976719999,-3.41848759200001],[-39.2535849499999,-3.42748462899996],[-39.256079446,-3.43377211199996],[-39.2532285409999,-3.44795313399994],[-39.257540988,-3.45638492699993],[-39.256425764,-3.465787151],[-39.263774766,-3.4825371439999],[-39.262223051,-3.49011642299996],[-39.263657556,-3.49244759199994],[-39.280594618,-3.50023810299997],[-39.2841980119999,-3.50326534299999],[-39.2843014,-3.51458872099995],[-39.2868817009999,-3.52465706299998],[-39.291914603,-3.52895257599994],[-39.296339592,-3.53539184199999],[-39.299085055,-3.53661871099997],[-39.309909763,-3.528178284],[-39.309911565,-3.53753308099996],[-39.308238391,-3.54182657399995],[-39.3099158839999,-3.54642824300002],[-39.309155286,-3.55194670799991],[-39.312207789,-3.55762045899998],[-39.3065675799999,-3.56544313799999],[-39.3139736819999,-3.57240435999999],[-39.315585836,-3.57672778599995],[-39.3065181369999,-3.66839250099999],[-39.3058109779999,-3.67014464499991],[-39.291987708,-3.67232543499998],[-39.28836965,-3.67710219799996],[-39.2820820549999,-3.67301885699997],[-39.2779191779999,-3.67387848799996],[-39.2775833219999,-3.73745239100004],[-39.2873615279999,-3.73911837599994],[-39.2971705949999,-3.73881488799995],[-39.305107343,-3.73531030899998],[-39.320612249,-3.73260069099996],[-39.324022346,-3.73389768899998],[-39.3313361899999,-3.74161905399999],[-39.338951739,-3.74440495700002],[-39.3452020339999,-3.74053240699996],[-39.34780794,-3.73446195199994],[-39.351775564,-3.73362243299993],[-39.351392112,-3.73924826899995],[-39.354999339,-3.74049694899994],[-39.356252916,-3.74350457999995],[-39.359477103,-3.74456407399994],[-39.363142111,-3.75131563],[-39.363339653,-3.76408906399994],[-39.365340905,-3.76764075599991],[-39.372385842,-3.76951795399997],[-39.3802246069999,-3.76544957799998],[-39.396616024,-3.76417586799994],[-39.397889203,-3.76650032399996],[-39.3973097609999,-3.774610868],[-39.3991354559999,-3.77800343599997],[-39.4051424139999,-3.77892583399999],[-39.4126438229999,-3.78360353099995],[-39.4202522579999,-3.78365077299996],[-39.423752016,-3.78634395799993],[-39.432260883,-3.78473644299991],[-39.430315208,-3.78075372899997],[-39.436137,-3.77286969399991],[-39.4334428659999,-3.76456267999995],[-39.43677973,-3.75999286999996],[-39.4392546069999,-3.75101795699996],[-39.444725686,-3.74427010299995],[-39.4524462639999,-3.74885604499996],[-39.4567262309999,-3.74802185199995],[-39.457638528,-3.74202608299991],[-39.462530937,-3.73962445899997],[-39.4701906659999,-3.73059136999997],[-39.471469848,-3.72679073199992],[-39.4770263009999,-3.72788926799995],[-39.481034066,-3.72620016099999],[-39.482390758,-3.722602089],[-39.490618893,-3.72319209399999],[-39.495801875,-3.72169592999999],[-39.497246561,-3.71761789499991],[-39.497095279,-3.71146377699999],[-39.502390233,-3.70750306899993],[-39.509939119,-3.70464539800001],[-39.5101425449999,-3.70291344399998],[-39.512370299,-3.70158786199997],[-39.5137373619999,-3.69781840099994],[-39.511220595,-3.69534566999998],[-39.512972566,-3.69333503099998],[-39.516051221,-3.65767320199991],[-39.519497454,-3.65750557199991],[-39.52277895,-3.6550838659999],[-39.525901866,-3.65986896499995],[-39.538763153,-3.65936348099996],[-39.543030384,-3.65496124199996],[-39.5588992479999,-3.65253005699998],[-39.558529893,-3.64155271399997],[-39.563472876,-3.63381091499996],[-39.5790310429999,-3.62984411799993],[-39.59083041,-3.62516259599991],[-39.6001811249999,-3.625713252],[-39.60283735,-3.63007910499993],[-39.6051849319999,-3.63092730399994],[-39.6075852439999,-3.63574960199997],[-39.6218383689999,-3.63197868599997],[-39.6171432099999,-3.63557079999993],[-39.613273587,-3.64148927199996],[-39.6357061209999,-3.63723500999995],[-39.649662452,-3.6474237739999],[-39.6506282009999,-3.65032719199997],[-39.6486573069999,-3.65056490300001],[-39.6481633339999,-3.65271432399995],[-39.656190608,-3.65195252099997],[-39.665726347,-3.64575773599998],[-39.679197656,-3.64619880299998],[-39.680446585,-3.64829835299998],[-39.6939091439999,-3.62450236699992],[-39.689981361,-3.61456409199999],[-39.6964811539999,-3.60981460899994],[-39.708350543,-3.62399197699995],[-39.7069428389999,-3.62802071999997],[-39.7095781649999,-3.63366323899992],[-39.707814704,-3.63701900300002],[-39.7102857709999,-3.64166886699999],[-39.7098663849999,-3.65004128699994],[-39.713085669,-3.65511691099996],[-39.7808365779999,-3.64182974499998],[-39.779274624,-3.63873940599999],[-39.779917944,-3.63600316699999],[-39.785240827,-3.63330967299998],[-39.787872867,-3.62717323299993],[-39.8009940639999,-3.61905053399994],[-39.803142974,-3.61620968999997],[-39.8028718729999,-3.61281427399997],[-39.809485863,-3.61001929299991],[-39.8075979329999,-3.60480046699993],[-39.8308380619999,-3.60356290699995],[-39.9005270839999,-3.66181715999995],[-39.8993912619999,-3.66439187799992],[-39.9013201869999,-3.67454514199996],[-39.90039597,-3.67811849399994],[-39.9086475189999,-3.69188167599998],[-39.908536293,-3.69644379799997],[-39.9067614809999,-3.69942641599995],[-39.907755816,-3.70542946799997],[-39.913920804,-3.72153788899998],[-39.934175817,-3.71783105499996],[-40.0157351519999,-3.71234555299995],[-40.016835304,-3.705381496],[-40.019571022,-3.701855312],[-40.0205722469999,-3.69395952899995],[-40.015526293,-3.68638478600001],[-40.016810169,-3.68451450199997],[-40.0155448309999,-3.68324192499994],[-40.016638686,-3.6823356429999],[-40.0158220229999,-3.67112410899995],[-40.007966363,-3.65589068799996],[-40.0097070419999,-3.6476480489999],[-40.0049998099999,-3.64232959999994],[-39.9988337079999,-3.63154297299999],[-39.9941913229999,-3.62764244199994],[-39.993928159,-3.61847689599998],[-39.98652283,-3.61262611999994],[-39.9867047389999,-3.60524924599994],[-39.981003175,-3.59588321400002],[-39.9773872209999,-3.58482684999993],[-39.977273984,-3.57744849499999],[-39.9760188049999,-3.57641955099995],[-39.978016047,-3.57194259999998],[-39.9821812849999,-3.57320342699992],[-39.987753566,-3.57757469299995],[-39.997930309,-3.58098054100001],[-40.0108636679999,-3.57849718999997],[-40.022374369,-3.583019903],[-40.03334022,-3.5831970049999],[-40.0375884359999,-3.581080228],[-40.043582251,-3.58110686299998],[-40.053402062,-3.59014584899995],[-40.0610324049999,-3.59029267999993],[-40.0661491629999,-3.594008791],[-40.070847872,-3.59443179700001],[-40.0647909699999,-3.59091247099996],[-40.0618174489999,-3.58690854399997],[-40.056059967,-3.58556609899991],[-40.052061247,-3.58219535999998],[-40.042480898,-3.56659319699995],[-40.0467610629999,-3.557453435],[-40.047283705,-3.53864399399998],[-40.0494220639999,-3.53417831599995],[-40.0458383179999,-3.53130643500001],[-40.0461453239999,-3.52289667299998],[-40.0416997359999,-3.51815041899992],[-40.039891848,-3.51040298999992],[-40.0413657609999,-3.50454161899997],[-40.0393713999999,-3.49892409099996],[-40.0370316289999,-3.496508245],[-40.0394244149999,-3.48045272500002],[-40.04142465,-3.47851421599994],[-40.0416449569999,-3.47456594899992],[-40.037977689,-3.46774156799997],[-40.0390591169999,-3.46524259499998],[-40.0374238969999,-3.46318324699993],[-40.0379772389999,-3.46168933699996],[-40.029896956,-3.45430929099996],[-40.0256281229999,-3.44814436599997],[-40.0280043299999,-3.43814534399996],[-40.02553624,-3.43524884199993],[-40.025796359,-3.43281984699996],[-40.014561436,-3.42941916499996],[-40.010425095,-3.42430632399995],[-40.0075319099999,-3.42458655999997],[-40.001975133,-3.41510164399998],[-40.0020559939999,-3.41200206299994],[-39.9976740019999,-3.41010459999996],[-39.9954220079999,-3.40486891899994],[-39.9956988609999,-3.39945132299994],[-39.99275362,-3.39409710999996],[-39.9935867329999,-3.38945575899997],[-39.992032254,-3.38437506999998],[-39.9889511769999,-3.38151914199992],[-39.988835859,-3.36655569099997],[-39.9826123139999,-3.36509868699995],[-39.9800355879999,-3.360970822],[-39.973750891,-3.35573930399995],[-39.96840836,-3.35533797899996],[-39.957562015,-3.34984727699997],[-39.9560890679999,-3.34605141899996],[-39.950120064,-3.34442202799996],[-39.9467349129999,-3.340178243],[-39.941925248,-3.33735451499997],[-39.93992626,-3.32929377099994],[-39.937059928,-3.32550352999995],[-39.9372571809999,-3.32281287000001],[-39.9338705019999,-3.32171239999997],[-39.933004648,-3.31953990999992],[-39.935252623,-3.31810500099993],[-39.935396209,-3.31613524199994],[-39.932031168,-3.31378243399995],[-39.9295467319999,-3.31408074799993],[-39.927544232,-3.31153442199992],[-39.927287581,-3.30447811799999],[-39.924774041,-3.30198190199996],[-39.922729217,-3.294160164],[-39.9169071049999,-3.29151233399994],[-39.9152017499999,-3.28843844199997],[-39.9112735939999,-3.28725642799996],[-39.9104168899999,-3.28411265599991],[-39.9087137079999,-3.28327465999993],[-39.910739038,-3.275795538],[-39.9063547719999,-3.27308979799994],[-39.9075603999999,-3.27177734299998],[-39.90642083,-3.26807329299992],[-39.904008711,-3.26627421599991],[-39.9046468639999,-3.26119973699999],[-39.8989808699999,-3.25464366699995],[-39.894559371,-3.24343612299998],[-39.892397429,-3.24232801899994],[-39.8933949629999,-3.23923439299996],[-39.89608636,-3.23732232199994],[-39.8962258769999,-3.2328521119999],[-39.8906501949999,-3.22597513299995],[-39.8931652769999,-3.21956482599999],[-39.9017035819999,-3.21533152499993],[-39.9041715649999,-3.20614552799997],[-39.894943373,-3.19529658299993],[-39.8836715509999,-3.188131132],[-39.8800862519999,-3.18784711399996],[-39.881033513,-3.1852091719999],[-39.878565647,-3.18078696299994],[-39.874642985,-3.18011149399992],[-39.8730881459999,-3.17485906000002],[-39.869694866,-3.1716289029999],[-39.868227191,-3.16585296200001],[-39.870148947,-3.163454446],[-39.865977045,-3.15606561999996],[-39.864100653,-3.13816280699999],[-39.8643938629999,-3.13028478299999],[-39.868456733,-3.123918284],[-39.710355099,-3.0168189239999],[-39.7082545569999,-3.01451526999992],[-39.706928191,-3.00493257599992],[-39.7115348415184,-3.001471493797155],[-39.604714953595064,-3.053063493656845],[-39.596656707,-3.06561123899998],[-39.589712494,-3.07064746899993],[-39.5788747849999,-3.0728885199999],[-39.5735952089999,-3.072051265],[-39.5651902899999,-3.07666087699994],[-39.5571881239999,-3.07669832599991],[-39.54997666299043,-3.079578805503192],[-39.531313788,-3.09336037299992],[-39.5215562969999,-3.10297050299998],[-39.515661644,-3.104568361],[-39.5106751559999,-3.10865816499992],[-39.48746816,-3.11841571899991],[-39.4798105629999,-3.12624245199992],[-39.474582816,-3.13457718099996],[-39.4640768959999,-3.14304913799999],[-39.457734218,-3.14532463999996],[-39.443438406,-3.14582333199992],[-39.43667052220178,-3.148435602094543],[-39.40654936942575,-3.166740400716754],[-39.398685498,-3.17637940599995],[-39.3914238749999,-3.18085156699997],[-39.384337864,-3.18411541900001],[-39.38213860598865,-3.1815749627354437],[-39.3793,-3.1833],[-39.17066778404421,-3.322290879534183],[-39.1698763309999,-3.32363503099999],[-39.1648,-3.3262],[-39.160605165298605,-3.329570101731161],[-39.1614904589999,-3.33213315599995],[-39.1660150119999,-3.33033032600001]]]}}]}